dataset_id,data_layer,source_file,tune_position,s_name,marker_name,marker_role,marker_source,target_freq_ghz,freq_ghz,freq_error_ghz,s_db,s_phase_deg,source_format,uncorrected_freq_ghz,frequency_scale_factor,temp_op_C,temp_meas_C,humidity_fraction,run_id,sim_r_c,sim_w_c
260516_2dsweep_noplunger,sim,07_3_TDS-body_Novel-2Dsweep-260516_1.s2p,,S11,f_2pi3,sim,dispersion_mode_1,2.8571160335532,2.85711,-6.03355320016874e-06,-4.218412830293246,84.67544301497222,touchstone_ri,2.8571160335532,1.0,,,,1,55.09,18.3224
260516_2dsweep_noplunger,sim,07_3_TDS-body_Novel-2Dsweep-260516_1.s2p,,S12,f_2pi3,sim,dispersion_mode_1,2.8571160335532,2.85711,-6.03355320016874e-06,-2.0651009415350168,174.6779380647612,touchstone_ri,2.8571160335532,1.0,,,,1,55.09,18.3224
260516_2dsweep_noplunger,sim,07_3_TDS-body_Novel-2Dsweep-260516_1.s2p,,S21,f_2pi3,sim,dispersion_mode_1,2.8571160335532,2.85711,-6.03355320016874e-06,-2.0650135354974335,174.67714641647137,touchstone_ri,2.8571160335532,1.0,,,,1,55.09,18.3224
260516_2dsweep_noplunger,sim,07_3_TDS-body_Novel-2Dsweep-260516_1.s2p,,S22,f_2pi3,sim,dispersion_mode_1,2.8571160335532,2.85711,-6.03355320016874e-06,-4.21914964733969,84.69144378225563,touchstone_ri,2.8571160335532,1.0,,,,1,55.09,18.3224
260516_2dsweep_noplunger,sim,07_3_TDS-body_Novel-2Dsweep-260516_10.s2p,,S11,f_2pi3,sim,dispersion_mode_1,2.8571160335532,2.85711,-6.03355320016874e-06,-4.749691401107256,80.8920234359241,touchstone_ri,2.8571160335532,1.0,,,,10,55.34,18.3224
260516_2dsweep_noplunger,sim,07_3_TDS-body_Novel-2Dsweep-260516_10.s2p,,S12,f_2pi3,sim,dispersion_mode_1,2.8571160335532,2.85711,-6.03355320016874e-06,-1.7760618726390431,171.01735054089352,touchstone_ri,2.8571160335532,1.0,,,,10,55.34,18.3224
260516_2dsweep_noplunger,sim,07_3_TDS-body_Novel-2Dsweep-260516_10.s2p,,S21,f_2pi3,sim,dispersion_mode_1,2.8571160335532,2.85711,-6.03355320016874e-06,-1.7755631962154517,171.01210611804456,touchstone_ri,2.8571160335532,1.0,,,,10,55.34,18.3224
260516_2dsweep_noplunger,sim,07_3_TDS-body_Novel-2Dsweep-260516_10.s2p,,S22,f_2pi3,sim,dispersion_mode_1,2.8571160335532,2.85711,-6.03355320016874e-06,-4.75011685013861,81.0605793830651,touchstone_ri,2.8571160335532,1.0,,,,10,55.34,18.3224
260516_2dsweep_noplunger,sim,07_3_TDS-body_Novel-2Dsweep-260516_100.s2p,,S11,f_2pi3,sim,dispersion_mode_1,2.8571160335532,2.85711,-6.03355320016874e-06,-1.5005163638392347,19.50870136378859,touchstone_ri,2.8571160335532,1.0,,,,100,57.84,18.3224
260516_2dsweep_noplunger,sim,07_3_TDS-body_Novel-2Dsweep-260516_100.s2p,,S12,f_2pi3,sim,dispersion_mode_1,2.8571160335532,2.85711,-6.03355320016874e-06,-5.343392693003429,109.47685174202324,touchstone_ri,2.8571160335532,1.0,,,,100,57.84,18.3224
260516_2dsweep_noplunger,sim,07_3_TDS-body_Novel-2Dsweep-260516_100.s2p,,S21,f_2pi3,sim,dispersion_mode_1,2.8571160335532,2.85711,-6.03355320016874e-06,-5.343297916067731,109.508628951372,touchstone_ri,2.8571160335532,1.0,,,,100,57.84,18.3224
260516_2dsweep_noplunger,sim,07_3_TDS-body_Novel-2Dsweep-260516_100.s2p,,S22,f_2pi3,sim,dispersion_mode_1,2.8571160335532,2.85711,-6.03355320016874e-06,-1.500811755980862,19.489750123515112,touchstone_ri,2.8571160335532,1.0,,,,100,57.84,18.3224
260516_2dsweep_noplunger,sim,07_3_TDS-body_Novel-2Dsweep-260516_101.s2p,,S11,f_2pi3,sim,dispersion_mode_1,2.8571160335532,2.85711,-6.03355320016874e-06,-1.0654918420825785,14.483670993479533,touchstone_ri,2.8571160335532,1.0,,,,101,57.84,18.5724
260516_2dsweep_noplunger,sim,07_3_TDS-body_Novel-2Dsweep-260516_101.s2p,,S12,f_2pi3,sim,dispersion_mode_1,2.8571160335532,2.85711,-6.03355320016874e-06,-6.624750783210516,104.50841461083122,touchstone_ri,2.8571160335532,1.0,,,,101,57.84,18.5724
260516_2dsweep_noplunger,sim,07_3_TDS-body_Novel-2Dsweep-260516_101.s2p,,S21,f_2pi3,sim,dispersion_mode_1,2.8571160335532,2.85711,-6.03355320016874e-06,-6.624664590752131,104.50555787074343,touchstone_ri,2.8571160335532,1.0,,,,101,57.84,18.5724
260516_2dsweep_noplunger,sim,07_3_TDS-body_Novel-2Dsweep-260516_101.s2p,,S22,f_2pi3,sim,dispersion_mode_1,2.8571160335532,2.85711,-6.03355320016874e-06,-1.0660256989660595,14.518220231051462,touchstone_ri,2.8571160335532,1.0,,,,101,57.84,18.5724
260516_2dsweep_noplunger,sim,07_3_TDS-body_Novel-2Dsweep-260516_102.s2p,,S11,f_2pi3,sim,dispersion_mode_1,2.8571160335532,2.85711,-6.03355320016874e-06,-0.8064153422340665,10.928017673139948,touchstone_ri,2.8571160335532,1.0,,,,102,57.84,18.8224
260516_2dsweep_noplunger,sim,07_3_TDS-body_Novel-2Dsweep-260516_102.s2p,,S12,f_2pi3,sim,dispersion_mode_1,2.8571160335532,2.85711,-6.03355320016874e-06,-7.711460275710906,100.95005560983255,touchstone_ri,2.8571160335532,1.0,,,,102,57.84,18.8224
260516_2dsweep_noplunger,sim,07_3_TDS-body_Novel-2Dsweep-260516_102.s2p,,S21,f_2pi3,sim,dispersion_mode_1,2.8571160335532,2.85711,-6.03355320016874e-06,-7.711792952826105,100.94772492974433,touchstone_ri,2.8571160335532,1.0,,,,102,57.84,18.8224
260516_2dsweep_noplunger,sim,07_3_TDS-body_Novel-2Dsweep-260516_102.s2p,,S22,f_2pi3,sim,dispersion_mode_1,2.8571160335532,2.85711,-6.03355320016874e-06,-0.8068738166167011,10.9439665403821,touchstone_ri,2.8571160335532,1.0,,,,102,57.84,18.8224
260516_2dsweep_noplunger,sim,07_3_TDS-body_Novel-2Dsweep-260516_103.s2p,,S11,f_2pi3,sim,dispersion_mode_1,2.8571160335532,2.85711,-6.03355320016874e-06,-0.6345399758850352,8.204058943714111,touchstone_ri,2.8571160335532,1.0,,,,103,57.84,19.0724
260516_2dsweep_noplunger,sim,07_3_TDS-body_Novel-2Dsweep-260516_103.s2p,,S12,f_2pi3,sim,dispersion_mode_1,2.8571160335532,2.85711,-6.03355320016874e-06,-8.668877764416916,98.21166788091709,touchstone_ri,2.8571160335532,1.0,,,,103,57.84,19.0724
260516_2dsweep_noplunger,sim,07_3_TDS-body_Novel-2Dsweep-260516_103.s2p,,S21,f_2pi3,sim,dispersion_mode_1,2.8571160335532,2.85711,-6.03355320016874e-06,-8.669290900830186,98.20976198462822,touchstone_ri,2.8571160335532,1.0,,,,103,57.84,19.0724
260516_2dsweep_noplunger,sim,07_3_TDS-body_Novel-2Dsweep-260516_103.s2p,,S22,f_2pi3,sim,dispersion_mode_1,2.8571160335532,2.85711,-6.03355320016874e-06,-0.6345887552462915,8.201580120090034,touchstone_ri,2.8571160335532,1.0,,,,103,57.84,19.0724
260516_2dsweep_noplunger,sim,07_3_TDS-body_Novel-2Dsweep-260516_104.s2p,,S11,f_2pi3,sim,dispersion_mode_1,2.8571160335532,2.85711,-6.03355320016874e-06,-0.2681679930838258,0.45199153526169245,touchstone_ri,2.8571160335532,1.0,,,,104,57.84,20.3224
260516_2dsweep_noplunger,sim,07_3_TDS-body_Novel-2Dsweep-260516_104.s2p,,S12,f_2pi3,sim,dispersion_mode_1,2.8571160335532,2.85711,-6.03355320016874e-06,-12.226853029440353,90.45245710438445,touchstone_ri,2.8571160335532,1.0,,,,104,57.84,20.3224
260516_2dsweep_noplunger,sim,07_3_TDS-body_Novel-2Dsweep-260516_104.s2p,,S21,f_2pi3,sim,dispersion_mode_1,2.8571160335532,2.85711,-6.03355320016874e-06,-12.227225024646044,90.4497534973939,touchstone_ri,2.8571160335532,1.0,,,,104,57.84,20.3224
260516_2dsweep_noplunger,sim,07_3_TDS-body_Novel-2Dsweep-260516_104.s2p,,S22,f_2pi3,sim,dispersion_mode_1,2.8571160335532,2.85711,-6.03355320016874e-06,-0.26822225497843283,0.45176677473272403,touchstone_ri,2.8571160335532,1.0,,,,104,57.84,20.3224
260516_2dsweep_noplunger,sim,07_3_TDS-body_Novel-2Dsweep-260516_105.s2p,,S11,f_2pi3,sim,dispersion_mode_1,2.8571160335532,2.85711,-6.03355320016874e-06,-0.7971463838826272,9.34857169404915,touchstone_ri,2.8571160335532,1.0,,,,105,58.09,18.5724
260516_2dsweep_noplunger,sim,07_3_TDS-body_Novel-2Dsweep-260516_105.s2p,,S12,f_2pi3,sim,dispersion_mode_1,2.8571160335532,2.85711,-6.03355320016874e-06,-7.804871946590239,99.49945024685263,touchstone_ri,2.8571160335532,1.0,,,,105,58.09,18.5724
260516_2dsweep_noplunger,sim,07_3_TDS-body_Novel-2Dsweep-260516_105.s2p,,S21,f_2pi3,sim,dispersion_mode_1,2.8571160335532,2.85711,-6.03355320016874e-06,-7.74024509808115,99.37071988714025,touchstone_ri,2.8571160335532,1.0,,,,105,58.09,18.5724
260516_2dsweep_noplunger,sim,07_3_TDS-body_Novel-2Dsweep-260516_105.s2p,,S22,f_2pi3,sim,dispersion_mode_1,2.8571160335532,2.85711,-6.03355320016874e-06,-0.8147091511475612,9.147745525482609,touchstone_ri,2.8571160335532,1.0,,,,105,58.09,18.5724
260516_2dsweep_noplunger,sim,07_3_TDS-body_Novel-2Dsweep-260516_106.s2p,,S11,f_2pi3,sim,dispersion_mode_1,2.8571160335532,2.85711,-6.03355320016874e-06,-0.6202116850734284,6.49890437209513,touchstone_ri,2.8571160335532,1.0,,,,106,58.09,18.8224
260516_2dsweep_noplunger,sim,07_3_TDS-body_Novel-2Dsweep-260516_106.s2p,,S12,f_2pi3,sim,dispersion_mode_1,2.8571160335532,2.85711,-6.03355320016874e-06,-8.75899308229456,96.50384607769705,touchstone_ri,2.8571160335532,1.0,,,,106,58.09,18.8224
260516_2dsweep_noplunger,sim,07_3_TDS-body_Novel-2Dsweep-260516_106.s2p,,S21,f_2pi3,sim,dispersion_mode_1,2.8571160335532,2.85711,-6.03355320016874e-06,-8.759411541615487,96.50324807183677,touchstone_ri,2.8571160335532,1.0,,,,106,58.09,18.8224
260516_2dsweep_noplunger,sim,07_3_TDS-body_Novel-2Dsweep-260516_106.s2p,,S22,f_2pi3,sim,dispersion_mode_1,2.8571160335532,2.85711,-6.03355320016874e-06,-0.6202639513888671,6.5063911916257595,touchstone_ri,2.8571160335532,1.0,,,,106,58.09,18.8224
260516_2dsweep_noplunger,sim,07_3_TDS-body_Novel-2Dsweep-260516_107.s2p,,S11,f_2pi3,sim,dispersion_mode_1,2.8571160335532,2.85711,-6.03355320016874e-06,-0.41555372992979756,2.6172635331526206,touchstone_ri,2.8571160335532,1.0,,,,107,58.09,19.3224
260516_2dsweep_noplunger,sim,07_3_TDS-body_Novel-2Dsweep-260516_107.s2p,,S12,f_2pi3,sim,dispersion_mode_1,2.8571160335532,2.85711,-6.03355320016874e-06,-10.399240554348626,92.62350048485591,touchstone_ri,2.8571160335532,1.0,,,,107,58.09,19.3224
260516_2dsweep_noplunger,sim,07_3_TDS-body_Novel-2Dsweep-260516_107.s2p,,S21,f_2pi3,sim,dispersion_mode_1,2.8571160335532,2.85711,-6.03355320016874e-06,-10.399552177142448,92.62064718431483,touchstone_ri,2.8571160335532,1.0,,,,107,58.09,19.3224
260516_2dsweep_noplunger,sim,07_3_TDS-body_Novel-2Dsweep-260516_107.s2p,,S22,f_2pi3,sim,dispersion_mode_1,2.8571160335532,2.85711,-6.03355320016874e-06,-0.41552352501922063,2.6220876881793975,touchstone_ri,2.8571160335532,1.0,,,,107,58.09,19.3224
260516_2dsweep_noplunger,sim,07_3_TDS-body_Novel-2Dsweep-260516_108.s2p,,S11,f_2pi3,sim,dispersion_mode_1,2.8571160335532,2.85711,-6.03355320016874e-06,-0.3528873827132448,1.2374489182989612,touchstone_ri,2.8571160335532,1.0,,,,108,58.09,19.5724
260516_2dsweep_noplunger,sim,07_3_TDS-body_Novel-2Dsweep-260516_108.s2p,,S12,f_2pi3,sim,dispersion_mode_1,2.8571160335532,2.85711,-6.03355320016874e-06,-11.076749317271776,91.24051918617214,touchstone_ri,2.8571160335532,1.0,,,,108,58.09,19.5724
260516_2dsweep_noplunger,sim,07_3_TDS-body_Novel-2Dsweep-260516_108.s2p,,S21,f_2pi3,sim,dispersion_mode_1,2.8571160335532,2.85711,-6.03355320016874e-06,-11.07704905835237,91.23775008292826,touchstone_ri,2.8571160335532,1.0,,,,108,58.09,19.5724
260516_2dsweep_noplunger,sim,07_3_TDS-body_Novel-2Dsweep-260516_108.s2p,,S22,f_2pi3,sim,dispersion_mode_1,2.8571160335532,2.85711,-6.03355320016874e-06,-0.35293660369013263,1.2379603302282745,touchstone_ri,2.8571160335532,1.0,,,,108,58.09,19.5724
260516_2dsweep_noplunger,sim,07_3_TDS-body_Novel-2Dsweep-260516_109.s2p,,S11,f_2pi3,sim,dispersion_mode_1,2.8571160335532,2.85711,-6.03355320016874e-06,-0.30489285720436454,0.08812934788322167,touchstone_ri,2.8571160335532,1.0,,,,109,58.09,19.8224
260516_2dsweep_noplunger,sim,07_3_TDS-body_Novel-2Dsweep-260516_109.s2p,,S12,f_2pi3,sim,dispersion_mode_1,2.8571160335532,2.85711,-6.03355320016874e-06,-11.688137902412873,90.08433422796581,touchstone_ri,2.8571160335532,1.0,,,,109,58.09,19.8224
260516_2dsweep_noplunger,sim,07_3_TDS-body_Novel-2Dsweep-260516_109.s2p,,S21,f_2pi3,sim,dispersion_mode_1,2.8571160335532,2.85711,-6.03355320016874e-06,-11.687560204111564,90.08739493297952,touchstone_ri,2.8571160335532,1.0,,,,109,58.09,19.8224
260516_2dsweep_noplunger,sim,07_3_TDS-body_Novel-2Dsweep-260516_109.s2p,,S22,f_2pi3,sim,dispersion_mode_1,2.8571160335532,2.85711,-6.03355320016874e-06,-0.3049315813909646,0.08277808277253773,touchstone_ri,2.8571160335532,1.0,,,,109,58.09,19.8224
260516_2dsweep_noplunger,sim,07_3_TDS-body_Novel-2Dsweep-260516_11.s2p,,S11,f_2pi3,sim,dispersion_mode_1,2.8571160335532,2.85711,-6.03355320016874e-06,-3.1041852898717237,68.35323731544156,touchstone_ri,2.8571160335532,1.0,,,,11,55.34,18.5724
260516_2dsweep_noplunger,sim,07_3_TDS-body_Novel-2Dsweep-260516_11.s2p,,S12,f_2pi3,sim,dispersion_mode_1,2.8571160335532,2.85711,-6.03355320016874e-06,-2.919392097252109,158.36763914526318,touchstone_ri,2.8571160335532,1.0,,,,11,55.34,18.5724
260516_2dsweep_noplunger,sim,07_3_TDS-body_Novel-2Dsweep-260516_11.s2p,,S21,f_2pi3,sim,dispersion_mode_1,2.8571160335532,2.85711,-6.03355320016874e-06,-2.9194249927914666,158.3682285091365,touchstone_ri,2.8571160335532,1.0,,,,11,55.34,18.5724
260516_2dsweep_noplunger,sim,07_3_TDS-body_Novel-2Dsweep-260516_11.s2p,,S22,f_2pi3,sim,dispersion_mode_1,2.8571160335532,2.85711,-6.03355320016874e-06,-3.1044117614420914,68.3699204258236,touchstone_ri,2.8571160335532,1.0,,,,11,55.34,18.5724
260516_2dsweep_noplunger,sim,07_3_TDS-body_Novel-2Dsweep-260516_110.s2p,,S11,f_2pi3,sim,dispersion_mode_1,2.8571160335532,2.85711,-6.03355320016874e-06,-0.26555128192989785,-0.9735738381136246,touchstone_ri,2.8571160335532,1.0,,,,110,58.09,20.0724
260516_2dsweep_noplunger,sim,07_3_TDS-body_Novel-2Dsweep-260516_110.s2p,,S12,f_2pi3,sim,dispersion_mode_1,2.8571160335532,2.85711,-6.03355320016874e-06,-12.268762212391113,89.02395798490724,touchstone_ri,2.8571160335532,1.0,,,,110,58.09,20.0724
260516_2dsweep_noplunger,sim,07_3_TDS-body_Novel-2Dsweep-260516_110.s2p,,S21,f_2pi3,sim,dispersion_mode_1,2.8571160335532,2.85711,-6.03355320016874e-06,-12.26888951585501,89.02287845011182,touchstone_ri,2.8571160335532,1.0,,,,110,58.09,20.0724
260516_2dsweep_noplunger,sim,07_3_TDS-body_Novel-2Dsweep-260516_110.s2p,,S22,f_2pi3,sim,dispersion_mode_1,2.8571160335532,2.85711,-6.03355320016874e-06,-0.2655822142759311,-0.9787595967422313,touchstone_ri,2.8571160335532,1.0,,,,110,58.09,20.0724
260516_2dsweep_noplunger,sim,07_3_TDS-body_Novel-2Dsweep-260516_111.s2p,,S11,f_2pi3,sim,dispersion_mode_1,2.8571160335532,2.85711,-6.03355320016874e-06,-0.22192456157052035,-2.234353813501163,touchstone_ri,2.8571160335532,1.0,,,,111,58.09,20.3224
260516_2dsweep_noplunger,sim,07_3_TDS-body_Novel-2Dsweep-260516_111.s2p,,S12,f_2pi3,sim,dispersion_mode_1,2.8571160335532,2.85711,-6.03355320016874e-06,-13.023137137041417,87.77576720170399,touchstone_ri,2.8571160335532,1.0,,,,111,58.09,20.3224
260516_2dsweep_noplunger,sim,07_3_TDS-body_Novel-2Dsweep-260516_111.s2p,,S21,f_2pi3,sim,dispersion_mode_1,2.8571160335532,2.85711,-6.03355320016874e-06,-13.023416267435667,87.77554710091454,touchstone_ri,2.8571160335532,1.0,,,,111,58.09,20.3224
260516_2dsweep_noplunger,sim,07_3_TDS-body_Novel-2Dsweep-260516_111.s2p,,S22,f_2pi3,sim,dispersion_mode_1,2.8571160335532,2.85711,-6.03355320016874e-06,-0.22200673482171285,-2.2215292944787257,touchstone_ri,2.8571160335532,1.0,,,,111,58.09,20.3224
260516_2dsweep_noplunger,sim,07_3_TDS-body_Novel-2Dsweep-260516_112.s2p,,S11,f_2pi3,sim,dispersion_mode_1,2.8571160335532,2.85711,-6.03355320016874e-06,-0.5111139700429771,5.974385582607479,touchstone_ri,2.8571160335532,1.0,,,,112,57.84,19.3224
260516_2dsweep_noplunger,sim,07_3_TDS-body_Novel-2Dsweep-260516_112.s2p,,S12,f_2pi3,sim,dispersion_mode_1,2.8571160335532,2.85711,-6.03355320016874e-06,-9.546740717669767,95.9753327744879,touchstone_ri,2.8571160335532,1.0,,,,112,57.84,19.3224
260516_2dsweep_noplunger,sim,07_3_TDS-body_Novel-2Dsweep-260516_112.s2p,,S21,f_2pi3,sim,dispersion_mode_1,2.8571160335532,2.85711,-6.03355320016874e-06,-9.547043858463727,95.97542148564975,touchstone_ri,2.8571160335532,1.0,,,,112,57.84,19.3224
260516_2dsweep_noplunger,sim,07_3_TDS-body_Novel-2Dsweep-260516_112.s2p,,S22,f_2pi3,sim,dispersion_mode_1,2.8571160335532,2.85711,-6.03355320016874e-06,-0.5111038980931749,5.969826605322841,touchstone_ri,2.8571160335532,1.0,,,,112,57.84,19.3224
260516_2dsweep_noplunger,sim,07_3_TDS-body_Novel-2Dsweep-260516_113.s2p,,S11,f_2pi3,sim,dispersion_mode_1,2.8571160335532,2.85711,-6.03355320016874e-06,-0.42457929282909984,4.2260247506332975,touchstone_ri,2.8571160335532,1.0,,,,113,57.84,19.5724
260516_2dsweep_noplunger,sim,07_3_TDS-body_Novel-2Dsweep-260516_113.s2p,,S12,f_2pi3,sim,dispersion_mode_1,2.8571160335532,2.85711,-6.03355320016874e-06,-10.31035743361442,94.22812438803517,touchstone_ri,2.8571160335532,1.0,,,,113,57.84,19.5724
260516_2dsweep_noplunger,sim,07_3_TDS-body_Novel-2Dsweep-260516_113.s2p,,S21,f_2pi3,sim,dispersion_mode_1,2.8571160335532,2.85711,-6.03355320016874e-06,-10.310521527565031,94.22806646903751,touchstone_ri,2.8571160335532,1.0,,,,113,57.84,19.5724
260516_2dsweep_noplunger,sim,07_3_TDS-body_Novel-2Dsweep-260516_113.s2p,,S22,f_2pi3,sim,dispersion_mode_1,2.8571160335532,2.85711,-6.03355320016874e-06,-0.42461162275176517,4.223751175838527,touchstone_ri,2.8571160335532,1.0,,,,113,57.84,19.5724
260516_2dsweep_noplunger,sim,07_3_TDS-body_Novel-2Dsweep-260516_114.s2p,,S11,f_2pi3,sim,dispersion_mode_1,2.8571160335532,2.85711,-6.03355320016874e-06,-0.3590062508629225,2.763304085953944,touchstone_ri,2.8571160335532,1.0,,,,114,57.84,19.8224
260516_2dsweep_noplunger,sim,07_3_TDS-body_Novel-2Dsweep-260516_114.s2p,,S12,f_2pi3,sim,dispersion_mode_1,2.8571160335532,2.85711,-6.03355320016874e-06,-11.006183572129089,92.7552579832539,touchstone_ri,2.8571160335532,1.0,,,,114,57.84,19.8224
260516_2dsweep_noplunger,sim,07_3_TDS-body_Novel-2Dsweep-260516_114.s2p,,S21,f_2pi3,sim,dispersion_mode_1,2.8571160335532,2.85711,-6.03355320016874e-06,-11.006234549898675,92.7563707098832,touchstone_ri,2.8571160335532,1.0,,,,114,57.84,19.8224
260516_2dsweep_noplunger,sim,07_3_TDS-body_Novel-2Dsweep-260516_114.s2p,,S22,f_2pi3,sim,dispersion_mode_1,2.8571160335532,2.85711,-6.03355320016874e-06,-0.35891792081602697,2.7541086986879066,touchstone_ri,2.8571160335532,1.0,,,,114,57.84,19.8224
260516_2dsweep_noplunger,sim,07_3_TDS-body_Novel-2Dsweep-260516_115.s2p,,S11,f_2pi3,sim,dispersion_mode_1,2.8571160335532,2.85711,-6.03355320016874e-06,-0.30830919275406843,1.5181523191833517,touchstone_ri,2.8571160335532,1.0,,,,115,57.84,20.0724
260516_2dsweep_noplunger,sim,07_3_TDS-body_Novel-2Dsweep-260516_115.s2p,,S12,f_2pi3,sim,dispersion_mode_1,2.8571160335532,2.85711,-6.03355320016874e-06,-11.642660266586836,91.52094992510034,touchstone_ri,2.8571160335532,1.0,,,,115,57.84,20.0724
260516_2dsweep_noplunger,sim,07_3_TDS-body_Novel-2Dsweep-260516_115.s2p,,S21,f_2pi3,sim,dispersion_mode_1,2.8571160335532,2.85711,-6.03355320016874e-06,-11.643061976235744,91.52202620646287,touchstone_ri,2.8571160335532,1.0,,,,115,57.84,20.0724
260516_2dsweep_noplunger,sim,07_3_TDS-body_Novel-2Dsweep-260516_115.s2p,,S22,f_2pi3,sim,dispersion_mode_1,2.8571160335532,2.85711,-6.03355320016874e-06,-0.30830987572973045,1.5238022892267797,touchstone_ri,2.8571160335532,1.0,,,,115,57.84,20.0724
260516_2dsweep_noplunger,sim,07_3_TDS-body_Novel-2Dsweep-260516_116.s2p,,S11,f_2pi3,sim,dispersion_mode_1,2.8571160335532,2.85711,-6.03355320016874e-06,-1.048035841087161,12.778331380735878,touchstone_ri,2.8571160335532,1.0,,,,116,58.09,18.3224
260516_2dsweep_noplunger,sim,07_3_TDS-body_Novel-2Dsweep-260516_116.s2p,,S12,f_2pi3,sim,dispersion_mode_1,2.8571160335532,2.85711,-6.03355320016874e-06,-6.68899942238386,102.78119713603189,touchstone_ri,2.8571160335532,1.0,,,,116,58.09,18.3224
260516_2dsweep_noplunger,sim,07_3_TDS-body_Novel-2Dsweep-260516_116.s2p,,S21,f_2pi3,sim,dispersion_mode_1,2.8571160335532,2.85711,-6.03355320016874e-06,-6.688854014183995,102.78192178396318,touchstone_ri,2.8571160335532,1.0,,,,116,58.09,18.3224
260516_2dsweep_noplunger,sim,07_3_TDS-body_Novel-2Dsweep-260516_116.s2p,,S22,f_2pi3,sim,dispersion_mode_1,2.8571160335532,2.85711,-6.03355320016874e-06,-1.0479626342890715,12.777256759575941,touchstone_ri,2.8571160335532,1.0,,,,116,58.09,18.3224
260516_2dsweep_noplunger,sim,07_3_TDS-body_Novel-2Dsweep-260516_117.s2p,,S11,f_2pi3,sim,dispersion_mode_1,2.8571160335532,2.85711,-6.03355320016874e-06,-0.49951874145113045,4.3120574416036535,touchstone_ri,2.8571160335532,1.0,,,,117,58.09,19.0724
260516_2dsweep_noplunger,sim,07_3_TDS-body_Novel-2Dsweep-260516_117.s2p,,S12,f_2pi3,sim,dispersion_mode_1,2.8571160335532,2.85711,-6.03355320016874e-06,-9.640579049431702,94.32369477527051,touchstone_ri,2.8571160335532,1.0,,,,117,58.09,19.0724
260516_2dsweep_noplunger,sim,07_3_TDS-body_Novel-2Dsweep-260516_117.s2p,,S21,f_2pi3,sim,dispersion_mode_1,2.8571160335532,2.85711,-6.03355320016874e-06,-9.63990859292566,94.32216394341579,touchstone_ri,2.8571160335532,1.0,,,,117,58.09,19.0724
260516_2dsweep_noplunger,sim,07_3_TDS-body_Novel-2Dsweep-260516_117.s2p,,S22,f_2pi3,sim,dispersion_mode_1,2.8571160335532,2.85711,-6.03355320016874e-06,-0.49966352209441706,4.333478336196941,touchstone_ri,2.8571160335532,1.0,,,,117,58.09,19.0724
260516_2dsweep_noplunger,sim,07_3_TDS-body_Novel-2Dsweep-260516_12.s2p,,S11,f_2pi3,sim,dispersion_mode_1,2.8571160335532,2.85711,-6.03355320016874e-06,-2.107220484693297,58.13501396012096,touchstone_ri,2.8571160335532,1.0,,,,12,55.34,18.8224
260516_2dsweep_noplunger,sim,07_3_TDS-body_Novel-2Dsweep-260516_12.s2p,,S12,f_2pi3,sim,dispersion_mode_1,2.8571160335532,2.85711,-6.03355320016874e-06,-4.151922122556854,148.04726522598375,touchstone_ri,2.8571160335532,1.0,,,,12,55.34,18.8224
260516_2dsweep_noplunger,sim,07_3_TDS-body_Novel-2Dsweep-260516_12.s2p,,S21,f_2pi3,sim,dispersion_mode_1,2.8571160335532,2.85711,-6.03355320016874e-06,-4.152521165012955,148.04902914063598,touchstone_ri,2.8571160335532,1.0,,,,12,55.34,18.8224
260516_2dsweep_noplunger,sim,07_3_TDS-body_Novel-2Dsweep-260516_12.s2p,,S22,f_2pi3,sim,dispersion_mode_1,2.8571160335532,2.85711,-6.03355320016874e-06,-2.1075902798362867,57.95652449574526,touchstone_ri,2.8571160335532,1.0,,,,12,55.34,18.8224
260516_2dsweep_noplunger,sim,07_3_TDS-body_Novel-2Dsweep-260516_13.s2p,,S11,f_2pi3,sim,dispersion_mode_1,2.8571160335532,2.85711,-6.03355320016874e-06,-1.4555479293871831,49.349737662382175,touchstone_ri,2.8571160335532,1.0,,,,13,55.34,19.0724
260516_2dsweep_noplunger,sim,07_3_TDS-body_Novel-2Dsweep-260516_13.s2p,,S12,f_2pi3,sim,dispersion_mode_1,2.8571160335532,2.85711,-6.03355320016874e-06,-5.454922363354867,139.39325388405362,touchstone_ri,2.8571160335532,1.0,,,,13,55.34,19.0724
260516_2dsweep_noplunger,sim,07_3_TDS-body_Novel-2Dsweep-260516_13.s2p,,S21,f_2pi3,sim,dispersion_mode_1,2.8571160335532,2.85711,-6.03355320016874e-06,-5.454923767303452,139.39316208143805,touchstone_ri,2.8571160335532,1.0,,,,13,55.34,19.0724
260516_2dsweep_noplunger,sim,07_3_TDS-body_Novel-2Dsweep-260516_13.s2p,,S22,f_2pi3,sim,dispersion_mode_1,2.8571160335532,2.85711,-6.03355320016874e-06,-1.4555697285324398,49.43753050607635,touchstone_ri,2.8571160335532,1.0,,,,13,55.34,19.0724
260516_2dsweep_noplunger,sim,07_3_TDS-body_Novel-2Dsweep-260516_14.s2p,,S11,f_2pi3,sim,dispersion_mode_1,2.8571160335532,2.85711,-6.03355320016874e-06,-1.0353819230505785,42.343580555948286,touchstone_ri,2.8571160335532,1.0,,,,14,55.34,19.3224
260516_2dsweep_noplunger,sim,07_3_TDS-body_Novel-2Dsweep-260516_14.s2p,,S12,f_2pi3,sim,dispersion_mode_1,2.8571160335532,2.85711,-6.03355320016874e-06,-6.735462860456851,132.3663239461458,touchstone_ri,2.8571160335532,1.0,,,,14,55.34,19.3224
260516_2dsweep_noplunger,sim,07_3_TDS-body_Novel-2Dsweep-260516_14.s2p,,S21,f_2pi3,sim,dispersion_mode_1,2.8571160335532,2.85711,-6.03355320016874e-06,-6.7350985338591265,132.36452331038322,touchstone_ri,2.8571160335532,1.0,,,,14,55.34,19.3224
260516_2dsweep_noplunger,sim,07_3_TDS-body_Novel-2Dsweep-260516_14.s2p,,S22,f_2pi3,sim,dispersion_mode_1,2.8571160335532,2.85711,-6.03355320016874e-06,-1.0352341640603737,42.382663783002364,touchstone_ri,2.8571160335532,1.0,,,,14,55.34,19.3224
260516_2dsweep_noplunger,sim,07_3_TDS-body_Novel-2Dsweep-260516_15.s2p,,S11,f_2pi3,sim,dispersion_mode_1,2.8571160335532,2.85711,-6.03355320016874e-06,-0.7661943662420843,36.77905931607275,touchstone_ri,2.8571160335532,1.0,,,,15,55.34,19.5724
260516_2dsweep_noplunger,sim,07_3_TDS-body_Novel-2Dsweep-260516_15.s2p,,S12,f_2pi3,sim,dispersion_mode_1,2.8571160335532,2.85711,-6.03355320016874e-06,-7.913322264143251,126.76171942716599,touchstone_ri,2.8571160335532,1.0,,,,15,55.34,19.5724
260516_2dsweep_noplunger,sim,07_3_TDS-body_Novel-2Dsweep-260516_15.s2p,,S21,f_2pi3,sim,dispersion_mode_1,2.8571160335532,2.85711,-6.03355320016874e-06,-7.912898121764527,126.76003754782377,touchstone_ri,2.8571160335532,1.0,,,,15,55.34,19.5724
260516_2dsweep_noplunger,sim,07_3_TDS-body_Novel-2Dsweep-260516_15.s2p,,S22,f_2pi3,sim,dispersion_mode_1,2.8571160335532,2.85711,-6.03355320016874e-06,-0.7663950665522988,36.73360268069001,touchstone_ri,2.8571160335532,1.0,,,,15,55.34,19.5724
260516_2dsweep_noplunger,sim,07_3_TDS-body_Novel-2Dsweep-260516_16.s2p,,S11,f_2pi3,sim,dispersion_mode_1,2.8571160335532,2.85711,-6.03355320016874e-06,-0.5827294637216972,32.155108625330726,touchstone_ri,2.8571160335532,1.0,,,,16,55.34,19.8224
260516_2dsweep_noplunger,sim,07_3_TDS-body_Novel-2Dsweep-260516_16.s2p,,S12,f_2pi3,sim,dispersion_mode_1,2.8571160335532,2.85711,-6.03355320016874e-06,-9.013649019621319,122.13922540023843,touchstone_ri,2.8571160335532,1.0,,,,16,55.34,19.8224
260516_2dsweep_noplunger,sim,07_3_TDS-body_Novel-2Dsweep-260516_16.s2p,,S21,f_2pi3,sim,dispersion_mode_1,2.8571160335532,2.85711,-6.03355320016874e-06,-9.013475919345295,122.13996328602948,touchstone_ri,2.8571160335532,1.0,,,,16,55.34,19.8224
260516_2dsweep_noplunger,sim,07_3_TDS-body_Novel-2Dsweep-260516_16.s2p,,S22,f_2pi3,sim,dispersion_mode_1,2.8571160335532,2.85711,-6.03355320016874e-06,-0.582626753891979,32.1149050896024,touchstone_ri,2.8571160335532,1.0,,,,16,55.34,19.8224
260516_2dsweep_noplunger,sim,07_3_TDS-body_Novel-2Dsweep-260516_17.s2p,,S11,f_2pi3,sim,dispersion_mode_1,2.8571160335532,2.85711,-6.03355320016874e-06,-0.4531128162121509,28.25988598683505,touchstone_ri,2.8571160335532,1.0,,,,17,55.34,20.0724
260516_2dsweep_noplunger,sim,07_3_TDS-body_Novel-2Dsweep-260516_17.s2p,,S12,f_2pi3,sim,dispersion_mode_1,2.8571160335532,2.85711,-6.03355320016874e-06,-10.040090751714324,118.24585005604924,touchstone_ri,2.8571160335532,1.0,,,,17,55.34,20.0724
260516_2dsweep_noplunger,sim,07_3_TDS-body_Novel-2Dsweep-260516_17.s2p,,S21,f_2pi3,sim,dispersion_mode_1,2.8571160335532,2.85711,-6.03355320016874e-06,-10.040277036106229,118.2455012285559,touchstone_ri,2.8571160335532,1.0,,,,17,55.34,20.0724
260516_2dsweep_noplunger,sim,07_3_TDS-body_Novel-2Dsweep-260516_17.s2p,,S22,f_2pi3,sim,dispersion_mode_1,2.8571160335532,2.85711,-6.03355320016874e-06,-0.45314371372109885,28.23169066294862,touchstone_ri,2.8571160335532,1.0,,,,17,55.34,20.0724
260516_2dsweep_noplunger,sim,07_3_TDS-body_Novel-2Dsweep-260516_18.s2p,,S11,f_2pi3,sim,dispersion_mode_1,2.8571160335532,2.85711,-6.03355320016874e-06,-0.35877090569551856,24.945811004068627,touchstone_ri,2.8571160335532,1.0,,,,18,55.34,20.3224
260516_2dsweep_noplunger,sim,07_3_TDS-body_Novel-2Dsweep-260516_18.s2p,,S12,f_2pi3,sim,dispersion_mode_1,2.8571160335532,2.85711,-6.03355320016874e-06,-11.00864824842004,114.96506371918643,touchstone_ri,2.8571160335532,1.0,,,,18,55.34,20.3224
260516_2dsweep_noplunger,sim,07_3_TDS-body_Novel-2Dsweep-260516_18.s2p,,S21,f_2pi3,sim,dispersion_mode_1,2.8571160335532,2.85711,-6.03355320016874e-06,-11.008565254340873,114.96520592167451,touchstone_ri,2.8571160335532,1.0,,,,18,55.34,20.3224
260516_2dsweep_noplunger,sim,07_3_TDS-body_Novel-2Dsweep-260516_18.s2p,,S22,f_2pi3,sim,dispersion_mode_1,2.8571160335532,2.85711,-6.03355320016874e-06,-0.3588047184949567,24.980850133088392,touchstone_ri,2.8571160335532,1.0,,,,18,55.34,20.3224
260516_2dsweep_noplunger,sim,07_3_TDS-body_Novel-2Dsweep-260516_19.s2p,,S11,f_2pi3,sim,dispersion_mode_1,2.8571160335532,2.85711,-6.03355320016874e-06,-5.124636609247038,76.54710182159062,touchstone_ri,2.8571160335532,1.0,,,,19,55.59,18.3224
260516_2dsweep_noplunger,sim,07_3_TDS-body_Novel-2Dsweep-260516_19.s2p,,S12,f_2pi3,sim,dispersion_mode_1,2.8571160335532,2.85711,-6.03355320016874e-06,-1.5948118394059694,166.62361970837608,touchstone_ri,2.8571160335532,1.0,,,,19,55.59,18.3224
260516_2dsweep_noplunger,sim,07_3_TDS-body_Novel-2Dsweep-260516_19.s2p,,S21,f_2pi3,sim,dispersion_mode_1,2.8571160335532,2.85711,-6.03355320016874e-06,-1.5949232050164575,166.62279341957023,touchstone_ri,2.8571160335532,1.0,,,,19,55.59,18.3224
260516_2dsweep_noplunger,sim,07_3_TDS-body_Novel-2Dsweep-260516_19.s2p,,S22,f_2pi3,sim,dispersion_mode_1,2.8571160335532,2.85711,-6.03355320016874e-06,-5.123808281784333,76.69511277487831,touchstone_ri,2.8571160335532,1.0,,,,19,55.59,18.3224
260516_2dsweep_noplunger,sim,07_3_TDS-body_Novel-2Dsweep-260516_2.s2p,,S11,f_2pi3,sim,dispersion_mode_1,2.8571160335532,2.85711,-6.03355320016874e-06,-2.8022652214742614,71.79031490191241,touchstone_ri,2.8571160335532,1.0,,,,2,55.09,18.5724
260516_2dsweep_noplunger,sim,07_3_TDS-body_Novel-2Dsweep-260516_2.s2p,,S12,f_2pi3,sim,dispersion_mode_1,2.8571160335532,2.85711,-6.03355320016874e-06,-3.227063971024429,161.77360034205282,touchstone_ri,2.8571160335532,1.0,,,,2,55.09,18.5724
260516_2dsweep_noplunger,sim,07_3_TDS-body_Novel-2Dsweep-260516_2.s2p,,S21,f_2pi3,sim,dispersion_mode_1,2.8571160335532,2.85711,-6.03355320016874e-06,-3.22613408775085,161.78078013344057,touchstone_ri,2.8571160335532,1.0,,,,2,55.09,18.5724
260516_2dsweep_noplunger,sim,07_3_TDS-body_Novel-2Dsweep-260516_2.s2p,,S22,f_2pi3,sim,dispersion_mode_1,2.8571160335532,2.85711,-6.03355320016874e-06,-2.802538520667936,71.80067747703453,touchstone_ri,2.8571160335532,1.0,,,,2,55.09,18.5724
260516_2dsweep_noplunger,sim,07_3_TDS-body_Novel-2Dsweep-260516_20.s2p,,S11,f_2pi3,sim,dispersion_mode_1,2.8571160335532,2.85711,-6.03355320016874e-06,-3.295865925472232,64.27185822110167,touchstone_ri,2.8571160335532,1.0,,,,20,55.59,18.5724
260516_2dsweep_noplunger,sim,07_3_TDS-body_Novel-2Dsweep-260516_20.s2p,,S12,f_2pi3,sim,dispersion_mode_1,2.8571160335532,2.85711,-6.03355320016874e-06,-2.7435715430991356,154.22365082228146,touchstone_ri,2.8571160335532,1.0,,,,20,55.59,18.5724
260516_2dsweep_noplunger,sim,07_3_TDS-body_Novel-2Dsweep-260516_20.s2p,,S21,f_2pi3,sim,dispersion_mode_1,2.8571160335532,2.85711,-6.03355320016874e-06,-2.7428893594972275,154.2229330967809,touchstone_ri,2.8571160335532,1.0,,,,20,55.59,18.5724
260516_2dsweep_noplunger,sim,07_3_TDS-body_Novel-2Dsweep-260516_20.s2p,,S22,f_2pi3,sim,dispersion_mode_1,2.8571160335532,2.85711,-6.03355320016874e-06,-3.2954840317893335,64.1666765811676,touchstone_ri,2.8571160335532,1.0,,,,20,55.59,18.5724
260516_2dsweep_noplunger,sim,07_3_TDS-body_Novel-2Dsweep-260516_21.s2p,,S11,f_2pi3,sim,dispersion_mode_1,2.8571160335532,2.85711,-6.03355320016874e-06,-2.2029037872548303,54.12008584767337,touchstone_ri,2.8571160335532,1.0,,,,21,55.59,18.8224
260516_2dsweep_noplunger,sim,07_3_TDS-body_Novel-2Dsweep-260516_21.s2p,,S12,f_2pi3,sim,dispersion_mode_1,2.8571160335532,2.85711,-6.03355320016874e-06,-4.003384820138056,144.12456456780262,touchstone_ri,2.8571160335532,1.0,,,,21,55.59,18.8224
260516_2dsweep_noplunger,sim,07_3_TDS-body_Novel-2Dsweep-260516_21.s2p,,S21,f_2pi3,sim,dispersion_mode_1,2.8571160335532,2.85711,-6.03355320016874e-06,-4.0035119387938565,144.1230682625731,touchstone_ri,2.8571160335532,1.0,,,,21,55.59,18.8224
260516_2dsweep_noplunger,sim,07_3_TDS-body_Novel-2Dsweep-260516_21.s2p,,S22,f_2pi3,sim,dispersion_mode_1,2.8571160335532,2.85711,-6.03355320016874e-06,-2.203211434339222,54.12146844978058,touchstone_ri,2.8571160335532,1.0,,,,21,55.59,18.8224
260516_2dsweep_noplunger,sim,07_3_TDS-body_Novel-2Dsweep-260516_22.s2p,,S11,f_2pi3,sim,dispersion_mode_1,2.8571160335532,2.85711,-6.03355320016874e-06,-1.517680987567992,45.788684712910886,touchstone_ri,2.8571160335532,1.0,,,,22,55.59,19.0724
260516_2dsweep_noplunger,sim,07_3_TDS-body_Novel-2Dsweep-260516_22.s2p,,S12,f_2pi3,sim,dispersion_mode_1,2.8571160335532,2.85711,-6.03355320016874e-06,-5.304061446838561,135.8173512284704,touchstone_ri,2.8571160335532,1.0,,,,22,55.59,19.0724
260516_2dsweep_noplunger,sim,07_3_TDS-body_Novel-2Dsweep-260516_22.s2p,,S21,f_2pi3,sim,dispersion_mode_1,2.8571160335532,2.85711,-6.03355320016874e-06,-5.304318724852376,135.8175651301126,touchstone_ri,2.8571160335532,1.0,,,,22,55.59,19.0724
260516_2dsweep_noplunger,sim,07_3_TDS-body_Novel-2Dsweep-260516_22.s2p,,S22,f_2pi3,sim,dispersion_mode_1,2.8571160335532,2.85711,-6.03355320016874e-06,-1.5176650490121695,45.83442677891579,touchstone_ri,2.8571160335532,1.0,,,,22,55.59,19.0724
260516_2dsweep_noplunger,sim,07_3_TDS-body_Novel-2Dsweep-260516_23.s2p,,S11,f_2pi3,sim,dispersion_mode_1,2.8571160335532,2.85711,-6.03355320016874e-06,-1.079527704299959,39.075795441977924,touchstone_ri,2.8571160335532,1.0,,,,23,55.59,19.3224
260516_2dsweep_noplunger,sim,07_3_TDS-body_Novel-2Dsweep-260516_23.s2p,,S12,f_2pi3,sim,dispersion_mode_1,2.8571160335532,2.85711,-6.03355320016874e-06,-6.575684040294288,129.08858072286915,touchstone_ri,2.8571160335532,1.0,,,,23,55.59,19.3224
260516_2dsweep_noplunger,sim,07_3_TDS-body_Novel-2Dsweep-260516_23.s2p,,S21,f_2pi3,sim,dispersion_mode_1,2.8571160335532,2.85711,-6.03355320016874e-06,-6.574756128156142,129.0852511698478,touchstone_ri,2.8571160335532,1.0,,,,23,55.59,19.3224
260516_2dsweep_noplunger,sim,07_3_TDS-body_Novel-2Dsweep-260516_23.s2p,,S22,f_2pi3,sim,dispersion_mode_1,2.8571160335532,2.85711,-6.03355320016874e-06,-1.0793264792476527,39.09342934813241,touchstone_ri,2.8571160335532,1.0,,,,23,55.59,19.3224
260516_2dsweep_noplunger,sim,07_3_TDS-body_Novel-2Dsweep-260516_24.s2p,,S11,f_2pi3,sim,dispersion_mode_1,2.8571160335532,2.85711,-6.03355320016874e-06,-0.7983188270532581,33.74241508118982,touchstone_ri,2.8571160335532,1.0,,,,24,55.59,19.5724
260516_2dsweep_noplunger,sim,07_3_TDS-body_Novel-2Dsweep-260516_24.s2p,,S12,f_2pi3,sim,dispersion_mode_1,2.8571160335532,2.85711,-6.03355320016874e-06,-7.749964179237503,123.74930617649709,touchstone_ri,2.8571160335532,1.0,,,,24,55.59,19.5724
260516_2dsweep_noplunger,sim,07_3_TDS-body_Novel-2Dsweep-260516_24.s2p,,S21,f_2pi3,sim,dispersion_mode_1,2.8571160335532,2.85711,-6.03355320016874e-06,-7.749940581168079,123.74796371487196,touchstone_ri,2.8571160335532,1.0,,,,24,55.59,19.5724
260516_2dsweep_noplunger,sim,07_3_TDS-body_Novel-2Dsweep-260516_24.s2p,,S22,f_2pi3,sim,dispersion_mode_1,2.8571160335532,2.85711,-6.03355320016874e-06,-0.7982198320942016,33.751648096709786,touchstone_ri,2.8571160335532,1.0,,,,24,55.59,19.5724
260516_2dsweep_noplunger,sim,07_3_TDS-body_Novel-2Dsweep-260516_25.s2p,,S11,f_2pi3,sim,dispersion_mode_1,2.8571160335532,2.85711,-6.03355320016874e-06,-0.6025633237589362,29.27465644405519,touchstone_ri,2.8571160335532,1.0,,,,25,55.59,19.8224
260516_2dsweep_noplunger,sim,07_3_TDS-body_Novel-2Dsweep-260516_25.s2p,,S12,f_2pi3,sim,dispersion_mode_1,2.8571160335532,2.85711,-6.03355320016874e-06,-8.876219094696383,119.27103176282463,touchstone_ri,2.8571160335532,1.0,,,,25,55.59,19.8224
260516_2dsweep_noplunger,sim,07_3_TDS-body_Novel-2Dsweep-260516_25.s2p,,S21,f_2pi3,sim,dispersion_mode_1,2.8571160335532,2.85711,-6.03355320016874e-06,-8.87612773870053,119.27103179040391,touchstone_ri,2.8571160335532,1.0,,,,25,55.59,19.8224
260516_2dsweep_noplunger,sim,07_3_TDS-body_Novel-2Dsweep-260516_25.s2p,,S22,f_2pi3,sim,dispersion_mode_1,2.8571160335532,2.85711,-6.03355320016874e-06,-0.6025500452789885,29.265727373878374,touchstone_ri,2.8571160335532,1.0,,,,25,55.59,19.8224
260516_2dsweep_noplunger,sim,07_3_TDS-body_Novel-2Dsweep-260516_26.s2p,,S11,f_2pi3,sim,dispersion_mode_1,2.8571160335532,2.85711,-6.03355320016874e-06,-0.466737646796726,25.558884318714664,touchstone_ri,2.8571160335532,1.0,,,,26,55.59,20.0724
260516_2dsweep_noplunger,sim,07_3_TDS-body_Novel-2Dsweep-260516_26.s2p,,S12,f_2pi3,sim,dispersion_mode_1,2.8571160335532,2.85711,-6.03355320016874e-06,-9.918275663185945,115.57036494905446,touchstone_ri,2.8571160335532,1.0,,,,26,55.59,20.0724
260516_2dsweep_noplunger,sim,07_3_TDS-body_Novel-2Dsweep-260516_26.s2p,,S21,f_2pi3,sim,dispersion_mode_1,2.8571160335532,2.85711,-6.03355320016874e-06,-9.918547679824167,115.56866998312712,touchstone_ri,2.8571160335532,1.0,,,,26,55.59,20.0724
260516_2dsweep_noplunger,sim,07_3_TDS-body_Novel-2Dsweep-260516_26.s2p,,S22,f_2pi3,sim,dispersion_mode_1,2.8571160335532,2.85711,-6.03355320016874e-06,-0.4668063705987236,25.57975476606738,touchstone_ri,2.8571160335532,1.0,,,,26,55.59,20.0724
260516_2dsweep_noplunger,sim,07_3_TDS-body_Novel-2Dsweep-260516_27.s2p,,S11,f_2pi3,sim,dispersion_mode_1,2.8571160335532,2.85711,-6.03355320016874e-06,-0.37237171318621054,22.5335245109095,touchstone_ri,2.8571160335532,1.0,,,,27,55.59,20.3224
260516_2dsweep_noplunger,sim,07_3_TDS-body_Novel-2Dsweep-260516_27.s2p,,S12,f_2pi3,sim,dispersion_mode_1,2.8571160335532,2.85711,-6.03355320016874e-06,-10.852020834514008,112.52380154497473,touchstone_ri,2.8571160335532,1.0,,,,27,55.59,20.3224
260516_2dsweep_noplunger,sim,07_3_TDS-body_Novel-2Dsweep-260516_27.s2p,,S21,f_2pi3,sim,dispersion_mode_1,2.8571160335532,2.85711,-6.03355320016874e-06,-10.852926454512708,112.5177079156654,touchstone_ri,2.8571160335532,1.0,,,,27,55.59,20.3224
260516_2dsweep_noplunger,sim,07_3_TDS-body_Novel-2Dsweep-260516_27.s2p,,S22,f_2pi3,sim,dispersion_mode_1,2.8571160335532,2.85711,-6.03355320016874e-06,-0.37230673579090257,22.51287592876857,touchstone_ri,2.8571160335532,1.0,,,,27,55.59,20.3224
260516_2dsweep_noplunger,sim,07_3_TDS-body_Novel-2Dsweep-260516_28.s2p,,S11,f_2pi3,sim,dispersion_mode_1,2.8571160335532,2.85711,-6.03355320016874e-06,-6.112551433032581,75.20926383705063,touchstone_ri,2.8571160335532,1.0,,,,28,55.84,18.3224
260516_2dsweep_noplunger,sim,07_3_TDS-body_Novel-2Dsweep-260516_28.s2p,,S12,f_2pi3,sim,dispersion_mode_1,2.8571160335532,2.85711,-6.03355320016874e-06,-1.219362550984597,165.26248535646974,touchstone_ri,2.8571160335532,1.0,,,,28,55.84,18.3224
260516_2dsweep_noplunger,sim,07_3_TDS-body_Novel-2Dsweep-260516_28.s2p,,S21,f_2pi3,sim,dispersion_mode_1,2.8571160335532,2.85711,-6.03355320016874e-06,-1.2196092131372718,165.26198160913978,touchstone_ri,2.8571160335532,1.0,,,,28,55.84,18.3224
260516_2dsweep_noplunger,sim,07_3_TDS-body_Novel-2Dsweep-260516_28.s2p,,S22,f_2pi3,sim,dispersion_mode_1,2.8571160335532,2.85711,-6.03355320016874e-06,-6.112411919212476,75.30621587825979,touchstone_ri,2.8571160335532,1.0,,,,28,55.84,18.3224
260516_2dsweep_noplunger,sim,07_3_TDS-body_Novel-2Dsweep-260516_29.s2p,,S11,f_2pi3,sim,dispersion_mode_1,2.8571160335532,2.85711,-6.03355320016874e-06,-3.8070937920331844,62.494465343496145,touchstone_ri,2.8571160335532,1.0,,,,29,55.84,18.5724
260516_2dsweep_noplunger,sim,07_3_TDS-body_Novel-2Dsweep-260516_29.s2p,,S12,f_2pi3,sim,dispersion_mode_1,2.8571160335532,2.85711,-6.03355320016874e-06,-2.3376154779328697,152.4757767225345,touchstone_ri,2.8571160335532,1.0,,,,29,55.84,18.5724
260516_2dsweep_noplunger,sim,07_3_TDS-body_Novel-2Dsweep-260516_29.s2p,,S21,f_2pi3,sim,dispersion_mode_1,2.8571160335532,2.85711,-6.03355320016874e-06,-2.338280478697458,152.46917168580651,touchstone_ri,2.8571160335532,1.0,,,,29,55.84,18.5724
260516_2dsweep_noplunger,sim,07_3_TDS-body_Novel-2Dsweep-260516_29.s2p,,S22,f_2pi3,sim,dispersion_mode_1,2.8571160335532,2.85711,-6.03355320016874e-06,-3.8063512259147965,62.44430462802062,touchstone_ri,2.8571160335532,1.0,,,,29,55.84,18.5724
260516_2dsweep_noplunger,sim,07_3_TDS-body_Novel-2Dsweep-260516_3.s2p,,S11,f_2pi3,sim,dispersion_mode_1,2.8571160335532,2.85711,-6.03355320016874e-06,-1.913400390862217,61.30574331755312,touchstone_ri,2.8571160335532,1.0,,,,3,55.09,18.8224
260516_2dsweep_noplunger,sim,07_3_TDS-body_Novel-2Dsweep-260516_3.s2p,,S12,f_2pi3,sim,dispersion_mode_1,2.8571160335532,2.85711,-6.03355320016874e-06,-4.474633108446535,151.2017318159493,touchstone_ri,2.8571160335532,1.0,,,,3,55.09,18.8224
260516_2dsweep_noplunger,sim,07_3_TDS-body_Novel-2Dsweep-260516_3.s2p,,S21,f_2pi3,sim,dispersion_mode_1,2.8571160335532,2.85711,-6.03355320016874e-06,-4.477039973272648,151.19387745750757,touchstone_ri,2.8571160335532,1.0,,,,3,55.09,18.8224
260516_2dsweep_noplunger,sim,07_3_TDS-body_Novel-2Dsweep-260516_3.s2p,,S22,f_2pi3,sim,dispersion_mode_1,2.8571160335532,2.85711,-6.03355320016874e-06,-1.9140583437377303,61.141572848016025,touchstone_ri,2.8571160335532,1.0,,,,3,55.09,18.8224
260516_2dsweep_noplunger,sim,07_3_TDS-body_Novel-2Dsweep-260516_30.s2p,,S11,f_2pi3,sim,dispersion_mode_1,2.8571160335532,2.85711,-6.03355320016874e-06,-2.4953353641456637,52.13050481245068,touchstone_ri,2.8571160335532,1.0,,,,30,55.84,18.8224
260516_2dsweep_noplunger,sim,07_3_TDS-body_Novel-2Dsweep-260516_30.s2p,,S12,f_2pi3,sim,dispersion_mode_1,2.8571160335532,2.85711,-6.03355320016874e-06,-3.594418444939031,142.1184640035629,touchstone_ri,2.8571160335532,1.0,,,,30,55.84,18.8224
260516_2dsweep_noplunger,sim,07_3_TDS-body_Novel-2Dsweep-260516_30.s2p,,S21,f_2pi3,sim,dispersion_mode_1,2.8571160335532,2.85711,-6.03355320016874e-06,-3.594385748677402,142.11795431333897,touchstone_ri,2.8571160335532,1.0,,,,30,55.84,18.8224
260516_2dsweep_noplunger,sim,07_3_TDS-body_Novel-2Dsweep-260516_30.s2p,,S22,f_2pi3,sim,dispersion_mode_1,2.8571160335532,2.85711,-6.03355320016874e-06,-2.4953184305708414,52.10909986224998,touchstone_ri,2.8571160335532,1.0,,,,30,55.84,18.8224
260516_2dsweep_noplunger,sim,07_3_TDS-body_Novel-2Dsweep-260516_31.s2p,,S11,f_2pi3,sim,dispersion_mode_1,2.8571160335532,2.85711,-6.03355320016874e-06,-1.6992603520388938,43.76874792057527,touchstone_ri,2.8571160335532,1.0,,,,31,55.84,19.0724
260516_2dsweep_noplunger,sim,07_3_TDS-body_Novel-2Dsweep-260516_31.s2p,,S12,f_2pi3,sim,dispersion_mode_1,2.8571160335532,2.85711,-6.03355320016874e-06,-4.895343110127453,133.74891221865147,touchstone_ri,2.8571160335532,1.0,,,,31,55.84,19.0724
260516_2dsweep_noplunger,sim,07_3_TDS-body_Novel-2Dsweep-260516_31.s2p,,S21,f_2pi3,sim,dispersion_mode_1,2.8571160335532,2.85711,-6.03355320016874e-06,-4.895774489306272,133.7510622148748,touchstone_ri,2.8571160335532,1.0,,,,31,55.84,19.0724
260516_2dsweep_noplunger,sim,07_3_TDS-body_Novel-2Dsweep-260516_31.s2p,,S22,f_2pi3,sim,dispersion_mode_1,2.8571160335532,2.85711,-6.03355320016874e-06,-1.6991571685110052,43.74466144185837,touchstone_ri,2.8571160335532,1.0,,,,31,55.84,19.0724
260516_2dsweep_noplunger,sim,07_3_TDS-body_Novel-2Dsweep-260516_32.s2p,,S11,f_2pi3,sim,dispersion_mode_1,2.8571160335532,2.85711,-6.03355320016874e-06,-1.2086285077608063,37.15549587631925,touchstone_ri,2.8571160335532,1.0,,,,32,55.84,19.3224
260516_2dsweep_noplunger,sim,07_3_TDS-body_Novel-2Dsweep-260516_32.s2p,,S12,f_2pi3,sim,dispersion_mode_1,2.8571160335532,2.85711,-6.03355320016874e-06,-6.1447310919095965,127.1692147592013,touchstone_ri,2.8571160335532,1.0,,,,32,55.84,19.3224
260516_2dsweep_noplunger,sim,07_3_TDS-body_Novel-2Dsweep-260516_32.s2p,,S21,f_2pi3,sim,dispersion_mode_1,2.8571160335532,2.85711,-6.03355320016874e-06,-6.1446921741924445,127.17041103648279,touchstone_ri,2.8571160335532,1.0,,,,32,55.84,19.3224
260516_2dsweep_noplunger,sim,07_3_TDS-body_Novel-2Dsweep-260516_32.s2p,,S22,f_2pi3,sim,dispersion_mode_1,2.8571160335532,2.85711,-6.03355320016874e-06,-1.2086058185449882,37.18723009617621,touchstone_ri,2.8571160335532,1.0,,,,32,55.84,19.3224
260516_2dsweep_noplunger,sim,07_3_TDS-body_Novel-2Dsweep-260516_33.s2p,,S11,f_2pi3,sim,dispersion_mode_1,2.8571160335532,2.85711,-6.03355320016874e-06,-0.903992669209009,32.11216915700217,touchstone_ri,2.8571160335532,1.0,,,,33,55.84,19.5724
260516_2dsweep_noplunger,sim,07_3_TDS-body_Novel-2Dsweep-260516_33.s2p,,S12,f_2pi3,sim,dispersion_mode_1,2.8571160335532,2.85711,-6.03355320016874e-06,-7.253134046676982,122.08317439724881,touchstone_ri,2.8571160335532,1.0,,,,33,55.84,19.5724
260516_2dsweep_noplunger,sim,07_3_TDS-body_Novel-2Dsweep-260516_33.s2p,,S21,f_2pi3,sim,dispersion_mode_1,2.8571160335532,2.85711,-6.03355320016874e-06,-7.253084728561764,122.0818825216845,touchstone_ri,2.8571160335532,1.0,,,,33,55.84,19.5724
260516_2dsweep_noplunger,sim,07_3_TDS-body_Novel-2Dsweep-260516_33.s2p,,S22,f_2pi3,sim,dispersion_mode_1,2.8571160335532,2.85711,-6.03355320016874e-06,-0.9039855537327695,32.09769868613813,touchstone_ri,2.8571160335532,1.0,,,,33,55.84,19.5724
260516_2dsweep_noplunger,sim,07_3_TDS-body_Novel-2Dsweep-260516_34.s2p,,S11,f_2pi3,sim,dispersion_mode_1,2.8571160335532,2.85711,-6.03355320016874e-06,-0.6677067268213139,27.429337229200094,touchstone_ri,2.8571160335532,1.0,,,,34,55.84,19.8224
260516_2dsweep_noplunger,sim,07_3_TDS-body_Novel-2Dsweep-260516_34.s2p,,S12,f_2pi3,sim,dispersion_mode_1,2.8571160335532,2.85711,-6.03355320016874e-06,-8.46277790452836,117.41706234828136,touchstone_ri,2.8571160335532,1.0,,,,34,55.84,19.8224
260516_2dsweep_noplunger,sim,07_3_TDS-body_Novel-2Dsweep-260516_34.s2p,,S21,f_2pi3,sim,dispersion_mode_1,2.8571160335532,2.85711,-6.03355320016874e-06,-8.462985479060336,117.41958089214901,touchstone_ri,2.8571160335532,1.0,,,,34,55.84,19.8224
260516_2dsweep_noplunger,sim,07_3_TDS-body_Novel-2Dsweep-260516_34.s2p,,S22,f_2pi3,sim,dispersion_mode_1,2.8571160335532,2.85711,-6.03355320016874e-06,-0.6677326790892907,27.3987248119865,touchstone_ri,2.8571160335532,1.0,,,,34,55.84,19.8224
260516_2dsweep_noplunger,sim,07_3_TDS-body_Novel-2Dsweep-260516_35.s2p,,S11,f_2pi3,sim,dispersion_mode_1,2.8571160335532,2.85711,-6.03355320016874e-06,-0.5218852473438791,23.90430562304636,touchstone_ri,2.8571160335532,1.0,,,,35,55.84,20.0724
260516_2dsweep_noplunger,sim,07_3_TDS-body_Novel-2Dsweep-260516_35.s2p,,S12,f_2pi3,sim,dispersion_mode_1,2.8571160335532,2.85711,-6.03355320016874e-06,-9.458407866578508,113.90998587489918,touchstone_ri,2.8571160335532,1.0,,,,35,55.84,20.0724
260516_2dsweep_noplunger,sim,07_3_TDS-body_Novel-2Dsweep-260516_35.s2p,,S21,f_2pi3,sim,dispersion_mode_1,2.8571160335532,2.85711,-6.03355320016874e-06,-9.45818106819467,113.90837184208311,touchstone_ri,2.8571160335532,1.0,,,,35,55.84,20.0724
260516_2dsweep_noplunger,sim,07_3_TDS-body_Novel-2Dsweep-260516_35.s2p,,S22,f_2pi3,sim,dispersion_mode_1,2.8571160335532,2.85711,-6.03355320016874e-06,-0.5218769966088641,23.92202460178138,touchstone_ri,2.8571160335532,1.0,,,,35,55.84,20.0724
260516_2dsweep_noplunger,sim,07_3_TDS-body_Novel-2Dsweep-260516_36.s2p,,S11,f_2pi3,sim,dispersion_mode_1,2.8571160335532,2.85711,-6.03355320016874e-06,-0.41622930465326585,20.93916393936003,touchstone_ri,2.8571160335532,1.0,,,,36,55.84,20.3224
260516_2dsweep_noplunger,sim,07_3_TDS-body_Novel-2Dsweep-260516_36.s2p,,S12,f_2pi3,sim,dispersion_mode_1,2.8571160335532,2.85711,-6.03355320016874e-06,-10.391730780614452,110.94375877399334,touchstone_ri,2.8571160335532,1.0,,,,36,55.84,20.3224
260516_2dsweep_noplunger,sim,07_3_TDS-body_Novel-2Dsweep-260516_36.s2p,,S21,f_2pi3,sim,dispersion_mode_1,2.8571160335532,2.85711,-6.03355320016874e-06,-10.39229464075853,110.93987814905691,touchstone_ri,2.8571160335532,1.0,,,,36,55.84,20.3224
260516_2dsweep_noplunger,sim,07_3_TDS-body_Novel-2Dsweep-260516_36.s2p,,S22,f_2pi3,sim,dispersion_mode_1,2.8571160335532,2.85711,-6.03355320016874e-06,-0.41613587189772405,20.941717008590693,touchstone_ri,2.8571160335532,1.0,,,,36,55.84,20.3224
260516_2dsweep_noplunger,sim,07_3_TDS-body_Novel-2Dsweep-260516_37.s2p,,S11,f_2pi3,sim,dispersion_mode_1,2.8571160335532,2.85711,-6.03355320016874e-06,-5.960001150964077,70.19683295739524,touchstone_ri,2.8571160335532,1.0,,,,37,56.09,18.3224
260516_2dsweep_noplunger,sim,07_3_TDS-body_Novel-2Dsweep-260516_37.s2p,,S12,f_2pi3,sim,dispersion_mode_1,2.8571160335532,2.85711,-6.03355320016874e-06,-1.1969202659837301,159.19827305256513,touchstone_ri,2.8571160335532,1.0,,,,37,56.09,18.3224
260516_2dsweep_noplunger,sim,07_3_TDS-body_Novel-2Dsweep-260516_37.s2p,,S21,f_2pi3,sim,dispersion_mode_1,2.8571160335532,2.85711,-6.03355320016874e-06,-1.196036898091667,159.1870993629128,touchstone_ri,2.8571160335532,1.0,,,,37,56.09,18.3224
260516_2dsweep_noplunger,sim,07_3_TDS-body_Novel-2Dsweep-260516_37.s2p,,S22,f_2pi3,sim,dispersion_mode_1,2.8571160335532,2.85711,-6.03355320016874e-06,-5.868021761040849,70.13797490739749,touchstone_ri,2.8571160335532,1.0,,,,37,56.09,18.3224
260516_2dsweep_noplunger,sim,07_3_TDS-body_Novel-2Dsweep-260516_38.s2p,,S11,f_2pi3,sim,dispersion_mode_1,2.8571160335532,2.85711,-6.03355320016874e-06,-3.7727692482532147,57.51558392260454,touchstone_ri,2.8571160335532,1.0,,,,38,56.09,18.5724
260516_2dsweep_noplunger,sim,07_3_TDS-body_Novel-2Dsweep-260516_38.s2p,,S12,f_2pi3,sim,dispersion_mode_1,2.8571160335532,2.85711,-6.03355320016874e-06,-2.3628252060066623,147.5412501414091,touchstone_ri,2.8571160335532,1.0,,,,38,56.09,18.5724
260516_2dsweep_noplunger,sim,07_3_TDS-body_Novel-2Dsweep-260516_38.s2p,,S21,f_2pi3,sim,dispersion_mode_1,2.8571160335532,2.85711,-6.03355320016874e-06,-2.362895615609749,147.54007595071297,touchstone_ri,2.8571160335532,1.0,,,,38,56.09,18.5724
260516_2dsweep_noplunger,sim,07_3_TDS-body_Novel-2Dsweep-260516_38.s2p,,S22,f_2pi3,sim,dispersion_mode_1,2.8571160335532,2.85711,-6.03355320016874e-06,-3.7725326541946775,57.55120636936608,touchstone_ri,2.8571160335532,1.0,,,,38,56.09,18.5724
260516_2dsweep_noplunger,sim,07_3_TDS-body_Novel-2Dsweep-260516_39.s2p,,S11,f_2pi3,sim,dispersion_mode_1,2.8571160335532,2.85711,-6.03355320016874e-06,-2.4474486786435024,47.49773612379197,touchstone_ri,2.8571160335532,1.0,,,,39,56.09,18.8224
260516_2dsweep_noplunger,sim,07_3_TDS-body_Novel-2Dsweep-260516_39.s2p,,S12,f_2pi3,sim,dispersion_mode_1,2.8571160335532,2.85711,-6.03355320016874e-06,-3.6568856885415206,137.48191355013708,touchstone_ri,2.8571160335532,1.0,,,,39,56.09,18.8224
260516_2dsweep_noplunger,sim,07_3_TDS-body_Novel-2Dsweep-260516_39.s2p,,S21,f_2pi3,sim,dispersion_mode_1,2.8571160335532,2.85711,-6.03355320016874e-06,-3.656937512354501,137.48088820596033,touchstone_ri,2.8571160335532,1.0,,,,39,56.09,18.8224
260516_2dsweep_noplunger,sim,07_3_TDS-body_Novel-2Dsweep-260516_39.s2p,,S22,f_2pi3,sim,dispersion_mode_1,2.8571160335532,2.85711,-6.03355320016874e-06,-2.4473695350536615,47.467143195489925,touchstone_ri,2.8571160335532,1.0,,,,39,56.09,18.8224
260516_2dsweep_noplunger,sim,07_3_TDS-body_Novel-2Dsweep-260516_4.s2p,,S11,f_2pi3,sim,dispersion_mode_1,2.8571160335532,2.85711,-6.03355320016874e-06,-1.3532564289533535,52.60248469903151,touchstone_ri,2.8571160335532,1.0,,,,4,55.09,19.0724
260516_2dsweep_noplunger,sim,07_3_TDS-body_Novel-2Dsweep-260516_4.s2p,,S12,f_2pi3,sim,dispersion_mode_1,2.8571160335532,2.85711,-6.03355320016874e-06,-5.726529560343212,142.58275324291608,touchstone_ri,2.8571160335532,1.0,,,,4,55.09,19.0724
260516_2dsweep_noplunger,sim,07_3_TDS-body_Novel-2Dsweep-260516_4.s2p,,S21,f_2pi3,sim,dispersion_mode_1,2.8571160335532,2.85711,-6.03355320016874e-06,-5.726145527036869,142.58768437640822,touchstone_ri,2.8571160335532,1.0,,,,4,55.09,19.0724
260516_2dsweep_noplunger,sim,07_3_TDS-body_Novel-2Dsweep-260516_4.s2p,,S22,f_2pi3,sim,dispersion_mode_1,2.8571160335532,2.85711,-6.03355320016874e-06,-1.3531468284771222,52.54424108139455,touchstone_ri,2.8571160335532,1.0,,,,4,55.09,19.0724
260516_2dsweep_noplunger,sim,07_3_TDS-body_Novel-2Dsweep-260516_40.s2p,,S11,f_2pi3,sim,dispersion_mode_1,2.8571160335532,2.85711,-6.03355320016874e-06,-1.6722237288479083,39.62908017729433,touchstone_ri,2.8571160335532,1.0,,,,40,56.09,19.0724
260516_2dsweep_noplunger,sim,07_3_TDS-body_Novel-2Dsweep-260516_40.s2p,,S12,f_2pi3,sim,dispersion_mode_1,2.8571160335532,2.85711,-6.03355320016874e-06,-4.954247801075508,129.62099113583872,touchstone_ri,2.8571160335532,1.0,,,,40,56.09,19.0724
260516_2dsweep_noplunger,sim,07_3_TDS-body_Novel-2Dsweep-260516_40.s2p,,S21,f_2pi3,sim,dispersion_mode_1,2.8571160335532,2.85711,-6.03355320016874e-06,-4.954393427906046,129.6195714024634,touchstone_ri,2.8571160335532,1.0,,,,40,56.09,19.0724
260516_2dsweep_noplunger,sim,07_3_TDS-body_Novel-2Dsweep-260516_40.s2p,,S22,f_2pi3,sim,dispersion_mode_1,2.8571160335532,2.85711,-6.03355320016874e-06,-1.6721934209788856,39.61013824181815,touchstone_ri,2.8571160335532,1.0,,,,40,56.09,19.0724
260516_2dsweep_noplunger,sim,07_3_TDS-body_Novel-2Dsweep-260516_41.s2p,,S11,f_2pi3,sim,dispersion_mode_1,2.8571160335532,2.85711,-6.03355320016874e-06,-1.1901705765365942,33.39952736888055,touchstone_ri,2.8571160335532,1.0,,,,41,56.09,19.3224
260516_2dsweep_noplunger,sim,07_3_TDS-body_Novel-2Dsweep-260516_41.s2p,,S12,f_2pi3,sim,dispersion_mode_1,2.8571160335532,2.85711,-6.03355320016874e-06,-6.2023462168298025,123.40138100590902,touchstone_ri,2.8571160335532,1.0,,,,41,56.09,19.3224
260516_2dsweep_noplunger,sim,07_3_TDS-body_Novel-2Dsweep-260516_41.s2p,,S21,f_2pi3,sim,dispersion_mode_1,2.8571160335532,2.85711,-6.03355320016874e-06,-6.202675915534441,123.40392112609993,touchstone_ri,2.8571160335532,1.0,,,,41,56.09,19.3224
260516_2dsweep_noplunger,sim,07_3_TDS-body_Novel-2Dsweep-260516_41.s2p,,S22,f_2pi3,sim,dispersion_mode_1,2.8571160335532,2.85711,-6.03355320016874e-06,-1.1900910873914816,33.411767945416834,touchstone_ri,2.8571160335532,1.0,,,,41,56.09,19.3224
260516_2dsweep_noplunger,sim,07_3_TDS-body_Novel-2Dsweep-260516_42.s2p,,S11,f_2pi3,sim,dispersion_mode_1,2.8571160335532,2.85711,-6.03355320016874e-06,-0.8792235720711545,28.443520091466706,touchstone_ri,2.8571160335532,1.0,,,,42,56.09,19.5724
260516_2dsweep_noplunger,sim,07_3_TDS-body_Novel-2Dsweep-260516_42.s2p,,S12,f_2pi3,sim,dispersion_mode_1,2.8571160335532,2.85711,-6.03355320016874e-06,-7.367892454850548,118.43971057178726,touchstone_ri,2.8571160335532,1.0,,,,42,56.09,19.5724
260516_2dsweep_noplunger,sim,07_3_TDS-body_Novel-2Dsweep-260516_42.s2p,,S21,f_2pi3,sim,dispersion_mode_1,2.8571160335532,2.85711,-6.03355320016874e-06,-7.36785245295194,118.44120060665861,touchstone_ri,2.8571160335532,1.0,,,,42,56.09,19.5724
260516_2dsweep_noplunger,sim,07_3_TDS-body_Novel-2Dsweep-260516_42.s2p,,S22,f_2pi3,sim,dispersion_mode_1,2.8571160335532,2.85711,-6.03355320016874e-06,-0.8792054938348408,28.443361545448546,touchstone_ri,2.8571160335532,1.0,,,,42,56.09,19.5724
260516_2dsweep_noplunger,sim,07_3_TDS-body_Novel-2Dsweep-260516_43.s2p,,S11,f_2pi3,sim,dispersion_mode_1,2.8571160335532,2.85711,-6.03355320016874e-06,-0.6708176464715527,24.445544024041748,touchstone_ri,2.8571160335532,1.0,,,,43,56.09,19.8224
260516_2dsweep_noplunger,sim,07_3_TDS-body_Novel-2Dsweep-260516_43.s2p,,S12,f_2pi3,sim,dispersion_mode_1,2.8571160335532,2.85711,-6.03355320016874e-06,-8.44860694534553,114.44948898698394,touchstone_ri,2.8571160335532,1.0,,,,43,56.09,19.8224
260516_2dsweep_noplunger,sim,07_3_TDS-body_Novel-2Dsweep-260516_43.s2p,,S21,f_2pi3,sim,dispersion_mode_1,2.8571160335532,2.85711,-6.03355320016874e-06,-8.448354582184786,114.44886347365096,touchstone_ri,2.8571160335532,1.0,,,,43,56.09,19.8224
260516_2dsweep_noplunger,sim,07_3_TDS-body_Novel-2Dsweep-260516_43.s2p,,S22,f_2pi3,sim,dispersion_mode_1,2.8571160335532,2.85711,-6.03355320016874e-06,-0.670664594231043,24.421744528012873,touchstone_ri,2.8571160335532,1.0,,,,43,56.09,19.8224
260516_2dsweep_noplunger,sim,07_3_TDS-body_Novel-2Dsweep-260516_44.s2p,,S11,f_2pi3,sim,dispersion_mode_1,2.8571160335532,2.85711,-6.03355320016874e-06,-0.5239004683500598,21.13622311366164,touchstone_ri,2.8571160335532,1.0,,,,44,56.09,20.0724
260516_2dsweep_noplunger,sim,07_3_TDS-body_Novel-2Dsweep-260516_44.s2p,,S12,f_2pi3,sim,dispersion_mode_1,2.8571160335532,2.85711,-6.03355320016874e-06,-9.440833119573979,111.13056191445652,touchstone_ri,2.8571160335532,1.0,,,,44,56.09,20.0724
260516_2dsweep_noplunger,sim,07_3_TDS-body_Novel-2Dsweep-260516_44.s2p,,S21,f_2pi3,sim,dispersion_mode_1,2.8571160335532,2.85711,-6.03355320016874e-06,-9.441014103567994,111.1299527066814,touchstone_ri,2.8571160335532,1.0,,,,44,56.09,20.0724
260516_2dsweep_noplunger,sim,07_3_TDS-body_Novel-2Dsweep-260516_44.s2p,,S22,f_2pi3,sim,dispersion_mode_1,2.8571160335532,2.85711,-6.03355320016874e-06,-0.5238724108282898,21.14098163332219,touchstone_ri,2.8571160335532,1.0,,,,44,56.09,20.0724
260516_2dsweep_noplunger,sim,07_3_TDS-body_Novel-2Dsweep-260516_45.s2p,,S11,f_2pi3,sim,dispersion_mode_1,2.8571160335532,2.85711,-6.03355320016874e-06,-0.42080981627240366,18.403285155817095,touchstone_ri,2.8571160335532,1.0,,,,45,56.09,20.3224
260516_2dsweep_noplunger,sim,07_3_TDS-body_Novel-2Dsweep-260516_45.s2p,,S12,f_2pi3,sim,dispersion_mode_1,2.8571160335532,2.85711,-6.03355320016874e-06,-10.34211895716388,108.40591009454563,touchstone_ri,2.8571160335532,1.0,,,,45,56.09,20.3224
260516_2dsweep_noplunger,sim,07_3_TDS-body_Novel-2Dsweep-260516_45.s2p,,S21,f_2pi3,sim,dispersion_mode_1,2.8571160335532,2.85711,-6.03355320016874e-06,-10.34225011448353,108.40729975486761,touchstone_ri,2.8571160335532,1.0,,,,45,56.09,20.3224
260516_2dsweep_noplunger,sim,07_3_TDS-body_Novel-2Dsweep-260516_45.s2p,,S22,f_2pi3,sim,dispersion_mode_1,2.8571160335532,2.85711,-6.03355320016874e-06,-0.4208302177749363,18.423255529291872,touchstone_ri,2.8571160335532,1.0,,,,45,56.09,20.3224
260516_2dsweep_noplunger,sim,07_3_TDS-body_Novel-2Dsweep-260516_46.s2p,,S11,f_2pi3,sim,dispersion_mode_1,2.8571160335532,2.85711,-6.03355320016874e-06,-5.8403749438618675,64.06427617882797,touchstone_ri,2.8571160335532,1.0,,,,46,56.34,18.3224
260516_2dsweep_noplunger,sim,07_3_TDS-body_Novel-2Dsweep-260516_46.s2p,,S12,f_2pi3,sim,dispersion_mode_1,2.8571160335532,2.85711,-6.03355320016874e-06,-1.3117399479246514,154.06727995081337,touchstone_ri,2.8571160335532,1.0,,,,46,56.34,18.3224
260516_2dsweep_noplunger,sim,07_3_TDS-body_Novel-2Dsweep-260516_46.s2p,,S21,f_2pi3,sim,dispersion_mode_1,2.8571160335532,2.85711,-6.03355320016874e-06,-1.311619785445761,154.06644443634718,touchstone_ri,2.8571160335532,1.0,,,,46,56.34,18.3224
260516_2dsweep_noplunger,sim,07_3_TDS-body_Novel-2Dsweep-260516_46.s2p,,S22,f_2pi3,sim,dispersion_mode_1,2.8571160335532,2.85711,-6.03355320016874e-06,-5.840260360382206,64.0586410587074,touchstone_ri,2.8571160335532,1.0,,,,46,56.34,18.3224
260516_2dsweep_noplunger,sim,07_3_TDS-body_Novel-2Dsweep-260516_47.s2p,,S11,f_2pi3,sim,dispersion_mode_1,2.8571160335532,2.85711,-6.03355320016874e-06,-3.5910325134490617,52.130700949680154,touchstone_ri,2.8571160335532,1.0,,,,47,56.34,18.5724
260516_2dsweep_noplunger,sim,07_3_TDS-body_Novel-2Dsweep-260516_47.s2p,,S12,f_2pi3,sim,dispersion_mode_1,2.8571160335532,2.85711,-6.03355320016874e-06,-2.4983349822319676,142.15340779268087,touchstone_ri,2.8571160335532,1.0,,,,47,56.34,18.5724
260516_2dsweep_noplunger,sim,07_3_TDS-body_Novel-2Dsweep-260516_47.s2p,,S21,f_2pi3,sim,dispersion_mode_1,2.8571160335532,2.85711,-6.03355320016874e-06,-2.4982253938638803,142.15204466027896,touchstone_ri,2.8571160335532,1.0,,,,47,56.34,18.5724
260516_2dsweep_noplunger,sim,07_3_TDS-body_Novel-2Dsweep-260516_47.s2p,,S22,f_2pi3,sim,dispersion_mode_1,2.8571160335532,2.85711,-6.03355320016874e-06,-3.5909710840050297,52.173515978588235,touchstone_ri,2.8571160335532,1.0,,,,47,56.34,18.5724
260516_2dsweep_noplunger,sim,07_3_TDS-body_Novel-2Dsweep-260516_48.s2p,,S11,f_2pi3,sim,dispersion_mode_1,2.8571160335532,2.85711,-6.03355320016874e-06,-2.312981316681428,42.512065869156665,touchstone_ri,2.8571160335532,1.0,,,,48,56.34,18.8224
260516_2dsweep_noplunger,sim,07_3_TDS-body_Novel-2Dsweep-260516_48.s2p,,S12,f_2pi3,sim,dispersion_mode_1,2.8571160335532,2.85711,-6.03355320016874e-06,-3.8400826611470134,132.49649412607803,touchstone_ri,2.8571160335532,1.0,,,,48,56.34,18.8224
260516_2dsweep_noplunger,sim,07_3_TDS-body_Novel-2Dsweep-260516_48.s2p,,S21,f_2pi3,sim,dispersion_mode_1,2.8571160335532,2.85711,-6.03355320016874e-06,-3.8399259480082253,132.49777466404794,touchstone_ri,2.8571160335532,1.0,,,,48,56.34,18.8224
260516_2dsweep_noplunger,sim,07_3_TDS-body_Novel-2Dsweep-260516_48.s2p,,S22,f_2pi3,sim,dispersion_mode_1,2.8571160335532,2.85711,-6.03355320016874e-06,-2.313024187202447,42.49748198987728,touchstone_ri,2.8571160335532,1.0,,,,48,56.34,18.8224
260516_2dsweep_noplunger,sim,07_3_TDS-body_Novel-2Dsweep-260516_49.s2p,,S11,f_2pi3,sim,dispersion_mode_1,2.8571160335532,2.85711,-6.03355320016874e-06,-1.5891106989928003,35.20495389821424,touchstone_ri,2.8571160335532,1.0,,,,49,56.34,19.0724
260516_2dsweep_noplunger,sim,07_3_TDS-body_Novel-2Dsweep-260516_49.s2p,,S12,f_2pi3,sim,dispersion_mode_1,2.8571160335532,2.85711,-6.03355320016874e-06,-5.13599335645644,125.19771547307506,touchstone_ri,2.8571160335532,1.0,,,,49,56.34,19.0724
260516_2dsweep_noplunger,sim,07_3_TDS-body_Novel-2Dsweep-260516_49.s2p,,S21,f_2pi3,sim,dispersion_mode_1,2.8571160335532,2.85711,-6.03355320016874e-06,-5.136009094942654,125.19808253555101,touchstone_ri,2.8571160335532,1.0,,,,49,56.34,19.0724
260516_2dsweep_noplunger,sim,07_3_TDS-body_Novel-2Dsweep-260516_49.s2p,,S22,f_2pi3,sim,dispersion_mode_1,2.8571160335532,2.85711,-6.03355320016874e-06,-1.589072282715596,35.19651383125567,touchstone_ri,2.8571160335532,1.0,,,,49,56.34,19.0724
260516_2dsweep_noplunger,sim,07_3_TDS-body_Novel-2Dsweep-260516_5.s2p,,S11,f_2pi3,sim,dispersion_mode_1,2.8571160335532,2.85711,-6.03355320016874e-06,-0.9748955529711303,45.409862330992844,touchstone_ri,2.8571160335532,1.0,,,,5,55.09,19.3224
260516_2dsweep_noplunger,sim,07_3_TDS-body_Novel-2Dsweep-260516_5.s2p,,S12,f_2pi3,sim,dispersion_mode_1,2.8571160335532,2.85711,-6.03355320016874e-06,-6.9677771758067735,135.44529404577293,touchstone_ri,2.8571160335532,1.0,,,,5,55.09,19.3224
260516_2dsweep_noplunger,sim,07_3_TDS-body_Novel-2Dsweep-260516_5.s2p,,S21,f_2pi3,sim,dispersion_mode_1,2.8571160335532,2.85711,-6.03355320016874e-06,-6.967844092447564,135.4453449194414,touchstone_ri,2.8571160335532,1.0,,,,5,55.09,19.3224
260516_2dsweep_noplunger,sim,07_3_TDS-body_Novel-2Dsweep-260516_5.s2p,,S22,f_2pi3,sim,dispersion_mode_1,2.8571160335532,2.85711,-6.03355320016874e-06,-0.9747875328865931,45.474901702001304,touchstone_ri,2.8571160335532,1.0,,,,5,55.09,19.3224
260516_2dsweep_noplunger,sim,07_3_TDS-body_Novel-2Dsweep-260516_50.s2p,,S11,f_2pi3,sim,dispersion_mode_1,2.8571160335532,2.85711,-6.03355320016874e-06,-1.1428645694829667,29.528258501490033,touchstone_ri,2.8571160335532,1.0,,,,50,56.34,19.3224
260516_2dsweep_noplunger,sim,07_3_TDS-body_Novel-2Dsweep-260516_50.s2p,,S12,f_2pi3,sim,dispersion_mode_1,2.8571160335532,2.85711,-6.03355320016874e-06,-6.356850768228082,119.51177806643658,touchstone_ri,2.8571160335532,1.0,,,,50,56.34,19.3224
260516_2dsweep_noplunger,sim,07_3_TDS-body_Novel-2Dsweep-260516_50.s2p,,S21,f_2pi3,sim,dispersion_mode_1,2.8571160335532,2.85711,-6.03355320016874e-06,-6.356369620586058,119.5062269522302,touchstone_ri,2.8571160335532,1.0,,,,50,56.34,19.3224
260516_2dsweep_noplunger,sim,07_3_TDS-body_Novel-2Dsweep-260516_50.s2p,,S22,f_2pi3,sim,dispersion_mode_1,2.8571160335532,2.85711,-6.03355320016874e-06,-1.14294562671666,29.48802987705862,touchstone_ri,2.8571160335532,1.0,,,,50,56.34,19.3224
260516_2dsweep_noplunger,sim,07_3_TDS-body_Novel-2Dsweep-260516_51.s2p,,S11,f_2pi3,sim,dispersion_mode_1,2.8571160335532,2.85711,-6.03355320016874e-06,-0.8455062077695283,24.902166149968377,touchstone_ri,2.8571160335532,1.0,,,,51,56.34,19.5724
260516_2dsweep_noplunger,sim,07_3_TDS-body_Novel-2Dsweep-260516_51.s2p,,S12,f_2pi3,sim,dispersion_mode_1,2.8571160335532,2.85711,-6.03355320016874e-06,-7.5176951188852215,114.87999195390188,touchstone_ri,2.8571160335532,1.0,,,,51,56.34,19.5724
260516_2dsweep_noplunger,sim,07_3_TDS-body_Novel-2Dsweep-260516_51.s2p,,S21,f_2pi3,sim,dispersion_mode_1,2.8571160335532,2.85711,-6.03355320016874e-06,-7.516852583865568,114.88772478412257,touchstone_ri,2.8571160335532,1.0,,,,51,56.34,19.5724
260516_2dsweep_noplunger,sim,07_3_TDS-body_Novel-2Dsweep-260516_51.s2p,,S22,f_2pi3,sim,dispersion_mode_1,2.8571160335532,2.85711,-6.03355320016874e-06,-0.8454689791616525,24.899393276161994,touchstone_ri,2.8571160335532,1.0,,,,51,56.34,19.5724
260516_2dsweep_noplunger,sim,07_3_TDS-body_Novel-2Dsweep-260516_52.s2p,,S11,f_2pi3,sim,dispersion_mode_1,2.8571160335532,2.85711,-6.03355320016874e-06,-0.6468635874558581,21.183056028073377,touchstone_ri,2.8571160335532,1.0,,,,52,56.34,19.8224
260516_2dsweep_noplunger,sim,07_3_TDS-body_Novel-2Dsweep-260516_52.s2p,,S12,f_2pi3,sim,dispersion_mode_1,2.8571160335532,2.85711,-6.03355320016874e-06,-8.586923527953562,111.18267417642888,touchstone_ri,2.8571160335532,1.0,,,,52,56.34,19.8224
260516_2dsweep_noplunger,sim,07_3_TDS-body_Novel-2Dsweep-260516_52.s2p,,S21,f_2pi3,sim,dispersion_mode_1,2.8571160335532,2.85711,-6.03355320016874e-06,-8.586289499915583,111.18375001319727,touchstone_ri,2.8571160335532,1.0,,,,52,56.34,19.8224
260516_2dsweep_noplunger,sim,07_3_TDS-body_Novel-2Dsweep-260516_52.s2p,,S22,f_2pi3,sim,dispersion_mode_1,2.8571160335532,2.85711,-6.03355320016874e-06,-0.6469662128459752,21.19330809492534,touchstone_ri,2.8571160335532,1.0,,,,52,56.34,19.8224
260516_2dsweep_noplunger,sim,07_3_TDS-body_Novel-2Dsweep-260516_53.s2p,,S11,f_2pi3,sim,dispersion_mode_1,2.8571160335532,2.85711,-6.03355320016874e-06,-0.5125451759841927,18.20963007305516,touchstone_ri,2.8571160335532,1.0,,,,53,56.34,20.0724
260516_2dsweep_noplunger,sim,07_3_TDS-body_Novel-2Dsweep-260516_53.s2p,,S12,f_2pi3,sim,dispersion_mode_1,2.8571160335532,2.85711,-6.03355320016874e-06,-9.538597738558328,108.22309686916375,touchstone_ri,2.8571160335532,1.0,,,,53,56.34,20.0724
260516_2dsweep_noplunger,sim,07_3_TDS-body_Novel-2Dsweep-260516_53.s2p,,S21,f_2pi3,sim,dispersion_mode_1,2.8571160335532,2.85711,-6.03355320016874e-06,-9.53863868724438,108.2120490915973,touchstone_ri,2.8571160335532,1.0,,,,53,56.34,20.0724
260516_2dsweep_noplunger,sim,07_3_TDS-body_Novel-2Dsweep-260516_53.s2p,,S22,f_2pi3,sim,dispersion_mode_1,2.8571160335532,2.85711,-6.03355320016874e-06,-0.512522819906032,18.21220205071395,touchstone_ri,2.8571160335532,1.0,,,,53,56.34,20.0724
260516_2dsweep_noplunger,sim,07_3_TDS-body_Novel-2Dsweep-260516_54.s2p,,S11,f_2pi3,sim,dispersion_mode_1,2.8571160335532,2.85711,-6.03355320016874e-06,-0.4135697955299747,15.721433348134253,touchstone_ri,2.8571160335532,1.0,,,,54,56.34,20.3224
260516_2dsweep_noplunger,sim,07_3_TDS-body_Novel-2Dsweep-260516_54.s2p,,S12,f_2pi3,sim,dispersion_mode_1,2.8571160335532,2.85711,-6.03355320016874e-06,-10.417237500314902,105.71782538036469,touchstone_ri,2.8571160335532,1.0,,,,54,56.34,20.3224
260516_2dsweep_noplunger,sim,07_3_TDS-body_Novel-2Dsweep-260516_54.s2p,,S21,f_2pi3,sim,dispersion_mode_1,2.8571160335532,2.85711,-6.03355320016874e-06,-10.417262596158443,105.72059403634502,touchstone_ri,2.8571160335532,1.0,,,,54,56.34,20.3224
260516_2dsweep_noplunger,sim,07_3_TDS-body_Novel-2Dsweep-260516_54.s2p,,S22,f_2pi3,sim,dispersion_mode_1,2.8571160335532,2.85711,-6.03355320016874e-06,-0.41355301567285735,15.719176751094954,touchstone_ri,2.8571160335532,1.0,,,,54,56.34,20.3224
260516_2dsweep_noplunger,sim,07_3_TDS-body_Novel-2Dsweep-260516_55.s2p,,S11,f_2pi3,sim,dispersion_mode_1,2.8571160335532,2.85711,-6.03355320016874e-06,-5.347520559855205,57.858459556647375,touchstone_ri,2.8571160335532,1.0,,,,55,56.59,18.3224
260516_2dsweep_noplunger,sim,07_3_TDS-body_Novel-2Dsweep-260516_55.s2p,,S12,f_2pi3,sim,dispersion_mode_1,2.8571160335532,2.85711,-6.03355320016874e-06,-1.4824687039369489,147.8218327996531,touchstone_ri,2.8571160335532,1.0,,,,55,56.59,18.3224
260516_2dsweep_noplunger,sim,07_3_TDS-body_Novel-2Dsweep-260516_55.s2p,,S21,f_2pi3,sim,dispersion_mode_1,2.8571160335532,2.85711,-6.03355320016874e-06,-1.4869848325607689,147.81772031356365,touchstone_ri,2.8571160335532,1.0,,,,55,56.59,18.3224
260516_2dsweep_noplunger,sim,07_3_TDS-body_Novel-2Dsweep-260516_55.s2p,,S22,f_2pi3,sim,dispersion_mode_1,2.8571160335532,2.85711,-6.03355320016874e-06,-5.348374123375674,58.06976665373685,touchstone_ri,2.8571160335532,1.0,,,,55,56.59,18.3224
260516_2dsweep_noplunger,sim,07_3_TDS-body_Novel-2Dsweep-260516_56.s2p,,S11,f_2pi3,sim,dispersion_mode_1,2.8571160335532,2.85711,-6.03355320016874e-06,-3.178327364520326,45.78195930648355,touchstone_ri,2.8571160335532,1.0,,,,56,56.59,18.5724
260516_2dsweep_noplunger,sim,07_3_TDS-body_Novel-2Dsweep-260516_56.s2p,,S12,f_2pi3,sim,dispersion_mode_1,2.8571160335532,2.85711,-6.03355320016874e-06,-2.847940233478315,135.75638988531793,touchstone_ri,2.8571160335532,1.0,,,,56,56.59,18.5724
260516_2dsweep_noplunger,sim,07_3_TDS-body_Novel-2Dsweep-260516_56.s2p,,S21,f_2pi3,sim,dispersion_mode_1,2.8571160335532,2.85711,-6.03355320016874e-06,-2.8477532558311736,135.75625820080256,touchstone_ri,2.8571160335532,1.0,,,,56,56.59,18.5724
260516_2dsweep_noplunger,sim,07_3_TDS-body_Novel-2Dsweep-260516_56.s2p,,S22,f_2pi3,sim,dispersion_mode_1,2.8571160335532,2.85711,-6.03355320016874e-06,-3.178374965254485,45.73973345572352,touchstone_ri,2.8571160335532,1.0,,,,56,56.59,18.5724
260516_2dsweep_noplunger,sim,07_3_TDS-body_Novel-2Dsweep-260516_57.s2p,,S11,f_2pi3,sim,dispersion_mode_1,2.8571160335532,2.85711,-6.03355320016874e-06,-2.1016877259675395,37.22347840403825,touchstone_ri,2.8571160335532,1.0,,,,57,56.59,18.8224
260516_2dsweep_noplunger,sim,07_3_TDS-body_Novel-2Dsweep-260516_57.s2p,,S12,f_2pi3,sim,dispersion_mode_1,2.8571160335532,2.85711,-6.03355320016874e-06,-4.159688848415543,127.21163745886204,touchstone_ri,2.8571160335532,1.0,,,,57,56.59,18.8224
260516_2dsweep_noplunger,sim,07_3_TDS-body_Novel-2Dsweep-260516_57.s2p,,S21,f_2pi3,sim,dispersion_mode_1,2.8571160335532,2.85711,-6.03355320016874e-06,-4.160156604081363,127.21185035198646,touchstone_ri,2.8571160335532,1.0,,,,57,56.59,18.8224
260516_2dsweep_noplunger,sim,07_3_TDS-body_Novel-2Dsweep-260516_57.s2p,,S22,f_2pi3,sim,dispersion_mode_1,2.8571160335532,2.85711,-6.03355320016874e-06,-2.1015710831792953,37.208466494754944,touchstone_ri,2.8571160335532,1.0,,,,57,56.59,18.8224
260516_2dsweep_noplunger,sim,07_3_TDS-body_Novel-2Dsweep-260516_58.s2p,,S11,f_2pi3,sim,dispersion_mode_1,2.8571160335532,2.85711,-6.03355320016874e-06,-1.4541168257727275,30.526193401362377,touchstone_ri,2.8571160335532,1.0,,,,58,56.59,19.0724
260516_2dsweep_noplunger,sim,07_3_TDS-body_Novel-2Dsweep-260516_58.s2p,,S12,f_2pi3,sim,dispersion_mode_1,2.8571160335532,2.85711,-6.03355320016874e-06,-5.457376385372293,120.51160794494433,touchstone_ri,2.8571160335532,1.0,,,,58,56.59,19.0724
260516_2dsweep_noplunger,sim,07_3_TDS-body_Novel-2Dsweep-260516_58.s2p,,S21,f_2pi3,sim,dispersion_mode_1,2.8571160335532,2.85711,-6.03355320016874e-06,-5.457466797958126,120.50919273969333,touchstone_ri,2.8571160335532,1.0,,,,58,56.59,19.0724
260516_2dsweep_noplunger,sim,07_3_TDS-body_Novel-2Dsweep-260516_58.s2p,,S22,f_2pi3,sim,dispersion_mode_1,2.8571160335532,2.85711,-6.03355320016874e-06,-1.4540476357383296,30.505731280760717,touchstone_ri,2.8571160335532,1.0,,,,58,56.59,19.0724
260516_2dsweep_noplunger,sim,07_3_TDS-body_Novel-2Dsweep-260516_59.s2p,,S11,f_2pi3,sim,dispersion_mode_1,2.8571160335532,2.85711,-6.03355320016874e-06,-1.057287780711155,25.403076864294494,touchstone_ri,2.8571160335532,1.0,,,,59,56.59,19.3224
260516_2dsweep_noplunger,sim,07_3_TDS-body_Novel-2Dsweep-260516_59.s2p,,S12,f_2pi3,sim,dispersion_mode_1,2.8571160335532,2.85711,-6.03355320016874e-06,-6.6476409097241005,115.37968139440628,touchstone_ri,2.8571160335532,1.0,,,,59,56.59,19.3224
260516_2dsweep_noplunger,sim,07_3_TDS-body_Novel-2Dsweep-260516_59.s2p,,S21,f_2pi3,sim,dispersion_mode_1,2.8571160335532,2.85711,-6.03355320016874e-06,-6.647477101424222,115.39558918509674,touchstone_ri,2.8571160335532,1.0,,,,59,56.59,19.3224
260516_2dsweep_noplunger,sim,07_3_TDS-body_Novel-2Dsweep-260516_59.s2p,,S22,f_2pi3,sim,dispersion_mode_1,2.8571160335532,2.85711,-6.03355320016874e-06,-1.0572220023523773,25.41543129529362,touchstone_ri,2.8571160335532,1.0,,,,59,56.59,19.3224
260516_2dsweep_noplunger,sim,07_3_TDS-body_Novel-2Dsweep-260516_6.s2p,,S11,f_2pi3,sim,dispersion_mode_1,2.8571160335532,2.85711,-6.03355320016874e-06,-0.7241673478804154,39.59482225161124,touchstone_ri,2.8571160335532,1.0,,,,6,55.09,19.5724
260516_2dsweep_noplunger,sim,07_3_TDS-body_Novel-2Dsweep-260516_6.s2p,,S12,f_2pi3,sim,dispersion_mode_1,2.8571160335532,2.85711,-6.03355320016874e-06,-8.135629131533616,129.62880497935788,touchstone_ri,2.8571160335532,1.0,,,,6,55.09,19.5724
260516_2dsweep_noplunger,sim,07_3_TDS-body_Novel-2Dsweep-260516_6.s2p,,S21,f_2pi3,sim,dispersion_mode_1,2.8571160335532,2.85711,-6.03355320016874e-06,-8.135230338981023,129.6277355569228,touchstone_ri,2.8571160335532,1.0,,,,6,55.09,19.5724
260516_2dsweep_noplunger,sim,07_3_TDS-body_Novel-2Dsweep-260516_6.s2p,,S22,f_2pi3,sim,dispersion_mode_1,2.8571160335532,2.85711,-6.03355320016874e-06,-0.7243869497974441,39.6626265934588,touchstone_ri,2.8571160335532,1.0,,,,6,55.09,19.5724
260516_2dsweep_noplunger,sim,07_3_TDS-body_Novel-2Dsweep-260516_60.s2p,,S11,f_2pi3,sim,dispersion_mode_1,2.8571160335532,2.85711,-6.03355320016874e-06,-0.7970814583528609,21.316945765274454,touchstone_ri,2.8571160335532,1.0,,,,60,56.59,19.5724
260516_2dsweep_noplunger,sim,07_3_TDS-body_Novel-2Dsweep-260516_60.s2p,,S12,f_2pi3,sim,dispersion_mode_1,2.8571160335532,2.85711,-6.03355320016874e-06,-7.760644442074678,111.3167045259231,touchstone_ri,2.8571160335532,1.0,,,,60,56.59,19.5724
260516_2dsweep_noplunger,sim,07_3_TDS-body_Novel-2Dsweep-260516_60.s2p,,S21,f_2pi3,sim,dispersion_mode_1,2.8571160335532,2.85711,-6.03355320016874e-06,-7.760313210270249,111.32277118144253,touchstone_ri,2.8571160335532,1.0,,,,60,56.59,19.5724
260516_2dsweep_noplunger,sim,07_3_TDS-body_Novel-2Dsweep-260516_60.s2p,,S22,f_2pi3,sim,dispersion_mode_1,2.8571160335532,2.85711,-6.03355320016874e-06,-0.7974275981841787,21.28985410270171,touchstone_ri,2.8571160335532,1.0,,,,60,56.59,19.5724
260516_2dsweep_noplunger,sim,07_3_TDS-body_Novel-2Dsweep-260516_61.s2p,,S11,f_2pi3,sim,dispersion_mode_1,2.8571160335532,2.85711,-6.03355320016874e-06,-0.6187145341034526,17.99000711345386,touchstone_ri,2.8571160335532,1.0,,,,61,56.59,19.8224
260516_2dsweep_noplunger,sim,07_3_TDS-body_Novel-2Dsweep-260516_61.s2p,,S12,f_2pi3,sim,dispersion_mode_1,2.8571160335532,2.85711,-6.03355320016874e-06,-8.780993044032302,108.03616827440713,touchstone_ri,2.8571160335532,1.0,,,,61,56.59,19.8224
260516_2dsweep_noplunger,sim,07_3_TDS-body_Novel-2Dsweep-260516_61.s2p,,S21,f_2pi3,sim,dispersion_mode_1,2.8571160335532,2.85711,-6.03355320016874e-06,-8.780393324026733,108.03651815621875,touchstone_ri,2.8571160335532,1.0,,,,61,56.59,19.8224
260516_2dsweep_noplunger,sim,07_3_TDS-body_Novel-2Dsweep-260516_61.s2p,,S22,f_2pi3,sim,dispersion_mode_1,2.8571160335532,2.85711,-6.03355320016874e-06,-0.6201600304394388,17.99171795322037,touchstone_ri,2.8571160335532,1.0,,,,61,56.59,19.8224
260516_2dsweep_noplunger,sim,07_3_TDS-body_Novel-2Dsweep-260516_62.s2p,,S11,f_2pi3,sim,dispersion_mode_1,2.8571160335532,2.85711,-6.03355320016874e-06,-0.49349541803987995,15.312129907514025,touchstone_ri,2.8571160335532,1.0,,,,62,56.59,20.0724
260516_2dsweep_noplunger,sim,07_3_TDS-body_Novel-2Dsweep-260516_62.s2p,,S12,f_2pi3,sim,dispersion_mode_1,2.8571160335532,2.85711,-6.03355320016874e-06,-9.693727114561053,105.32876988200475,touchstone_ri,2.8571160335532,1.0,,,,62,56.59,20.0724
260516_2dsweep_noplunger,sim,07_3_TDS-body_Novel-2Dsweep-260516_62.s2p,,S21,f_2pi3,sim,dispersion_mode_1,2.8571160335532,2.85711,-6.03355320016874e-06,-9.694237182952678,105.32634818213778,touchstone_ri,2.8571160335532,1.0,,,,62,56.59,20.0724
260516_2dsweep_noplunger,sim,07_3_TDS-body_Novel-2Dsweep-260516_62.s2p,,S22,f_2pi3,sim,dispersion_mode_1,2.8571160335532,2.85711,-6.03355320016874e-06,-0.49350652517391563,15.326423892668807,touchstone_ri,2.8571160335532,1.0,,,,62,56.59,20.0724
260516_2dsweep_noplunger,sim,07_3_TDS-body_Novel-2Dsweep-260516_63.s2p,,S11,f_2pi3,sim,dispersion_mode_1,2.8571160335532,2.85711,-6.03355320016874e-06,-0.40009960732074196,13.0235178875563,touchstone_ri,2.8571160335532,1.0,,,,63,56.59,20.3224
260516_2dsweep_noplunger,sim,07_3_TDS-body_Novel-2Dsweep-260516_63.s2p,,S12,f_2pi3,sim,dispersion_mode_1,2.8571160335532,2.85711,-6.03355320016874e-06,-10.554739354852337,103.033649123677,touchstone_ri,2.8571160335532,1.0,,,,63,56.59,20.3224
260516_2dsweep_noplunger,sim,07_3_TDS-body_Novel-2Dsweep-260516_63.s2p,,S21,f_2pi3,sim,dispersion_mode_1,2.8571160335532,2.85711,-6.03355320016874e-06,-10.554957349051357,103.03321441141212,touchstone_ri,2.8571160335532,1.0,,,,63,56.59,20.3224
260516_2dsweep_noplunger,sim,07_3_TDS-body_Novel-2Dsweep-260516_63.s2p,,S22,f_2pi3,sim,dispersion_mode_1,2.8571160335532,2.85711,-6.03355320016874e-06,-0.40015243790679966,13.041960944103085,touchstone_ri,2.8571160335532,1.0,,,,63,56.59,20.3224
260516_2dsweep_noplunger,sim,07_3_TDS-body_Novel-2Dsweep-260516_64.s2p,,S11,f_2pi3,sim,dispersion_mode_1,2.8571160335532,2.85711,-6.03355320016874e-06,-4.428835241834435,49.88747171450753,touchstone_ri,2.8571160335532,1.0,,,,64,56.84,18.3224
260516_2dsweep_noplunger,sim,07_3_TDS-body_Novel-2Dsweep-260516_64.s2p,,S12,f_2pi3,sim,dispersion_mode_1,2.8571160335532,2.85711,-6.03355320016874e-06,-1.9428747135820525,139.88229121301742,touchstone_ri,2.8571160335532,1.0,,,,64,56.84,18.3224
260516_2dsweep_noplunger,sim,07_3_TDS-body_Novel-2Dsweep-260516_64.s2p,,S21,f_2pi3,sim,dispersion_mode_1,2.8571160335532,2.85711,-6.03355320016874e-06,-1.9429205838798533,139.8827943319902,touchstone_ri,2.8571160335532,1.0,,,,64,56.84,18.3224
260516_2dsweep_noplunger,sim,07_3_TDS-body_Novel-2Dsweep-260516_64.s2p,,S22,f_2pi3,sim,dispersion_mode_1,2.8571160335532,2.85711,-6.03355320016874e-06,-4.42838187220456,49.87846143061332,touchstone_ri,2.8571160335532,1.0,,,,64,56.84,18.3224
260516_2dsweep_noplunger,sim,07_3_TDS-body_Novel-2Dsweep-260516_65.s2p,,S11,f_2pi3,sim,dispersion_mode_1,2.8571160335532,2.85711,-6.03355320016874e-06,-2.755221020426903,39.50440108062477,touchstone_ri,2.8571160335532,1.0,,,,65,56.84,18.5724
260516_2dsweep_noplunger,sim,07_3_TDS-body_Novel-2Dsweep-260516_65.s2p,,S12,f_2pi3,sim,dispersion_mode_1,2.8571160335532,2.85711,-6.03355320016874e-06,-3.2802070950158098,129.50916981991415,touchstone_ri,2.8571160335532,1.0,,,,65,56.84,18.5724
260516_2dsweep_noplunger,sim,07_3_TDS-body_Novel-2Dsweep-260516_65.s2p,,S21,f_2pi3,sim,dispersion_mode_1,2.8571160335532,2.85711,-6.03355320016874e-06,-3.280152868571143,129.5107418687966,touchstone_ri,2.8571160335532,1.0,,,,65,56.84,18.5724
260516_2dsweep_noplunger,sim,07_3_TDS-body_Novel-2Dsweep-260516_65.s2p,,S22,f_2pi3,sim,dispersion_mode_1,2.8571160335532,2.85711,-6.03355320016874e-06,-2.7546737695307213,39.53883153040392,touchstone_ri,2.8571160335532,1.0,,,,65,56.84,18.5724
260516_2dsweep_noplunger,sim,07_3_TDS-body_Novel-2Dsweep-260516_66.s2p,,S11,f_2pi3,sim,dispersion_mode_1,2.8571160335532,2.85711,-6.03355320016874e-06,-1.8307183081682943,31.629933521005015,touchstone_ri,2.8571160335532,1.0,,,,66,56.84,18.8224
260516_2dsweep_noplunger,sim,07_3_TDS-body_Novel-2Dsweep-260516_66.s2p,,S12,f_2pi3,sim,dispersion_mode_1,2.8571160335532,2.85711,-6.03355320016874e-06,-4.639917780026101,121.65938411353893,touchstone_ri,2.8571160335532,1.0,,,,66,56.84,18.8224
260516_2dsweep_noplunger,sim,07_3_TDS-body_Novel-2Dsweep-260516_66.s2p,,S21,f_2pi3,sim,dispersion_mode_1,2.8571160335532,2.85711,-6.03355320016874e-06,-4.638659812435875,121.66376066438937,touchstone_ri,2.8571160335532,1.0,,,,66,56.84,18.8224
260516_2dsweep_noplunger,sim,07_3_TDS-body_Novel-2Dsweep-260516_66.s2p,,S22,f_2pi3,sim,dispersion_mode_1,2.8571160335532,2.85711,-6.03355320016874e-06,-1.8304826841538624,31.653445495831644,touchstone_ri,2.8571160335532,1.0,,,,66,56.84,18.8224
260516_2dsweep_noplunger,sim,07_3_TDS-body_Novel-2Dsweep-260516_67.s2p,,S11,f_2pi3,sim,dispersion_mode_1,2.8571160335532,2.85711,-6.03355320016874e-06,-1.2950190311700724,25.813300542289337,touchstone_ri,2.8571160335532,1.0,,,,67,56.84,19.0724
260516_2dsweep_noplunger,sim,07_3_TDS-body_Novel-2Dsweep-260516_67.s2p,,S12,f_2pi3,sim,dispersion_mode_1,2.8571160335532,2.85711,-6.03355320016874e-06,-5.887770974332901,115.81940887993329,touchstone_ri,2.8571160335532,1.0,,,,67,56.84,19.0724
260516_2dsweep_noplunger,sim,07_3_TDS-body_Novel-2Dsweep-260516_67.s2p,,S21,f_2pi3,sim,dispersion_mode_1,2.8571160335532,2.85711,-6.03355320016874e-06,-5.887868535853233,115.8128537170067,touchstone_ri,2.8571160335532,1.0,,,,67,56.84,19.0724
260516_2dsweep_noplunger,sim,07_3_TDS-body_Novel-2Dsweep-260516_67.s2p,,S22,f_2pi3,sim,dispersion_mode_1,2.8571160335532,2.85711,-6.03355320016874e-06,-1.294824326805787,25.814568743157178,touchstone_ri,2.8571160335532,1.0,,,,67,56.84,19.0724
260516_2dsweep_noplunger,sim,07_3_TDS-body_Novel-2Dsweep-260516_68.s2p,,S11,f_2pi3,sim,dispersion_mode_1,2.8571160335532,2.85711,-6.03355320016874e-06,-0.9667091605756749,21.482455077801898,touchstone_ri,2.8571160335532,1.0,,,,68,56.84,19.3224
260516_2dsweep_noplunger,sim,07_3_TDS-body_Novel-2Dsweep-260516_68.s2p,,S12,f_2pi3,sim,dispersion_mode_1,2.8571160335532,2.85711,-6.03355320016874e-06,-6.989377251225674,111.44206352656309,touchstone_ri,2.8571160335532,1.0,,,,68,56.84,19.3224
260516_2dsweep_noplunger,sim,07_3_TDS-body_Novel-2Dsweep-260516_68.s2p,,S21,f_2pi3,sim,dispersion_mode_1,2.8571160335532,2.85711,-6.03355320016874e-06,-6.989677112940256,111.4334166062945,touchstone_ri,2.8571160335532,1.0,,,,68,56.84,19.3224
260516_2dsweep_noplunger,sim,07_3_TDS-body_Novel-2Dsweep-260516_68.s2p,,S22,f_2pi3,sim,dispersion_mode_1,2.8571160335532,2.85711,-6.03355320016874e-06,-0.9657558151934565,21.474929680358045,touchstone_ri,2.8571160335532,1.0,,,,68,56.84,19.3224
260516_2dsweep_noplunger,sim,07_3_TDS-body_Novel-2Dsweep-260516_69.s2p,,S11,f_2pi3,sim,dispersion_mode_1,2.8571160335532,2.85711,-6.03355320016874e-06,-0.7269536190032337,17.618739580766807,touchstone_ri,2.8571160335532,1.0,,,,69,56.84,19.5724
260516_2dsweep_noplunger,sim,07_3_TDS-body_Novel-2Dsweep-260516_69.s2p,,S12,f_2pi3,sim,dispersion_mode_1,2.8571160335532,2.85711,-6.03355320016874e-06,-8.120818613532668,107.61775432624232,touchstone_ri,2.8571160335532,1.0,,,,69,56.84,19.5724
260516_2dsweep_noplunger,sim,07_3_TDS-body_Novel-2Dsweep-260516_69.s2p,,S21,f_2pi3,sim,dispersion_mode_1,2.8571160335532,2.85711,-6.03355320016874e-06,-8.12089545466485,107.61809505305796,touchstone_ri,2.8571160335532,1.0,,,,69,56.84,19.5724
260516_2dsweep_noplunger,sim,07_3_TDS-body_Novel-2Dsweep-260516_69.s2p,,S22,f_2pi3,sim,dispersion_mode_1,2.8571160335532,2.85711,-6.03355320016874e-06,-0.726962092069689,17.618971723650102,touchstone_ri,2.8571160335532,1.0,,,,69,56.84,19.5724
260516_2dsweep_noplunger,sim,07_3_TDS-body_Novel-2Dsweep-260516_7.s2p,,S11,f_2pi3,sim,dispersion_mode_1,2.8571160335532,2.85711,-6.03355320016874e-06,-0.5531098084023693,34.80213292145663,touchstone_ri,2.8571160335532,1.0,,,,7,55.09,19.8224
260516_2dsweep_noplunger,sim,07_3_TDS-body_Novel-2Dsweep-260516_7.s2p,,S12,f_2pi3,sim,dispersion_mode_1,2.8571160335532,2.85711,-6.03355320016874e-06,-9.22396892025112,124.82009310665737,touchstone_ri,2.8571160335532,1.0,,,,7,55.09,19.8224
260516_2dsweep_noplunger,sim,07_3_TDS-body_Novel-2Dsweep-260516_7.s2p,,S21,f_2pi3,sim,dispersion_mode_1,2.8571160335532,2.85711,-6.03355320016874e-06,-9.224036221238572,124.82219506662611,touchstone_ri,2.8571160335532,1.0,,,,7,55.09,19.8224
260516_2dsweep_noplunger,sim,07_3_TDS-body_Novel-2Dsweep-260516_7.s2p,,S22,f_2pi3,sim,dispersion_mode_1,2.8571160335532,2.85711,-6.03355320016874e-06,-0.5529748373478002,34.84048263008055,touchstone_ri,2.8571160335532,1.0,,,,7,55.09,19.8224
260516_2dsweep_noplunger,sim,07_3_TDS-body_Novel-2Dsweep-260516_70.s2p,,S11,f_2pi3,sim,dispersion_mode_1,2.8571160335532,2.85711,-6.03355320016874e-06,-0.57383083351126,14.767546251443678,touchstone_ri,2.8571160335532,1.0,,,,70,56.84,19.8224
260516_2dsweep_noplunger,sim,07_3_TDS-body_Novel-2Dsweep-260516_70.s2p,,S12,f_2pi3,sim,dispersion_mode_1,2.8571160335532,2.85711,-6.03355320016874e-06,-9.073649374162404,104.75856412537989,touchstone_ri,2.8571160335532,1.0,,,,70,56.84,19.8224
260516_2dsweep_noplunger,sim,07_3_TDS-body_Novel-2Dsweep-260516_70.s2p,,S21,f_2pi3,sim,dispersion_mode_1,2.8571160335532,2.85711,-6.03355320016874e-06,-9.073686076303751,104.75789953397492,touchstone_ri,2.8571160335532,1.0,,,,70,56.84,19.8224
260516_2dsweep_noplunger,sim,07_3_TDS-body_Novel-2Dsweep-260516_70.s2p,,S22,f_2pi3,sim,dispersion_mode_1,2.8571160335532,2.85711,-6.03355320016874e-06,-0.5737406738200708,14.750471055990994,touchstone_ri,2.8571160335532,1.0,,,,70,56.84,19.8224
260516_2dsweep_noplunger,sim,07_3_TDS-body_Novel-2Dsweep-260516_71.s2p,,S11,f_2pi3,sim,dispersion_mode_1,2.8571160335532,2.85711,-6.03355320016874e-06,-0.4616195721327273,12.36327688693675,touchstone_ri,2.8571160335532,1.0,,,,71,56.84,20.0724
260516_2dsweep_noplunger,sim,07_3_TDS-body_Novel-2Dsweep-260516_71.s2p,,S12,f_2pi3,sim,dispersion_mode_1,2.8571160335532,2.85711,-6.03355320016874e-06,-9.963176278505358,102.36038799740844,touchstone_ri,2.8571160335532,1.0,,,,71,56.84,20.0724
260516_2dsweep_noplunger,sim,07_3_TDS-body_Novel-2Dsweep-260516_71.s2p,,S21,f_2pi3,sim,dispersion_mode_1,2.8571160335532,2.85711,-6.03355320016874e-06,-9.963181881908996,102.36057584747141,touchstone_ri,2.8571160335532,1.0,,,,71,56.84,20.0724
260516_2dsweep_noplunger,sim,07_3_TDS-body_Novel-2Dsweep-260516_71.s2p,,S22,f_2pi3,sim,dispersion_mode_1,2.8571160335532,2.85711,-6.03355320016874e-06,-0.46163625912073425,12.360274267614582,touchstone_ri,2.8571160335532,1.0,,,,71,56.84,20.0724
260516_2dsweep_noplunger,sim,07_3_TDS-body_Novel-2Dsweep-260516_72.s2p,,S11,f_2pi3,sim,dispersion_mode_1,2.8571160335532,2.85711,-6.03355320016874e-06,-0.38253780428247686,10.408164784413206,touchstone_ri,2.8571160335532,1.0,,,,72,56.84,20.3224
260516_2dsweep_noplunger,sim,07_3_TDS-body_Novel-2Dsweep-260516_72.s2p,,S12,f_2pi3,sim,dispersion_mode_1,2.8571160335532,2.85711,-6.03355320016874e-06,-10.743266945278593,100.4056146474514,touchstone_ri,2.8571160335532,1.0,,,,72,56.84,20.3224
260516_2dsweep_noplunger,sim,07_3_TDS-body_Novel-2Dsweep-260516_72.s2p,,S21,f_2pi3,sim,dispersion_mode_1,2.8571160335532,2.85711,-6.03355320016874e-06,-10.742866852793023,100.41434077780974,touchstone_ri,2.8571160335532,1.0,,,,72,56.84,20.3224
260516_2dsweep_noplunger,sim,07_3_TDS-body_Novel-2Dsweep-260516_72.s2p,,S22,f_2pi3,sim,dispersion_mode_1,2.8571160335532,2.85711,-6.03355320016874e-06,-0.38249806589246366,10.405388690626271,touchstone_ri,2.8571160335532,1.0,,,,72,56.84,20.3224
260516_2dsweep_noplunger,sim,07_3_TDS-body_Novel-2Dsweep-260516_73.s2p,,S11,f_2pi3,sim,dispersion_mode_1,2.8571160335532,2.85711,-6.03355320016874e-06,-3.536247531616045,41.91479966507047,touchstone_ri,2.8571160335532,1.0,,,,73,57.09,18.3224
260516_2dsweep_noplunger,sim,07_3_TDS-body_Novel-2Dsweep-260516_73.s2p,,S12,f_2pi3,sim,dispersion_mode_1,2.8571160335532,2.85711,-6.03355320016874e-06,-2.5382109745250467,131.88316134338763,touchstone_ri,2.8571160335532,1.0,,,,73,57.09,18.3224
260516_2dsweep_noplunger,sim,07_3_TDS-body_Novel-2Dsweep-260516_73.s2p,,S21,f_2pi3,sim,dispersion_mode_1,2.8571160335532,2.85711,-6.03355320016874e-06,-2.538155293452331,131.8864269754087,touchstone_ri,2.8571160335532,1.0,,,,73,57.09,18.3224
260516_2dsweep_noplunger,sim,07_3_TDS-body_Novel-2Dsweep-260516_73.s2p,,S22,f_2pi3,sim,dispersion_mode_1,2.8571160335532,2.85711,-6.03355320016874e-06,-3.536495833971826,41.900406508900346,touchstone_ri,2.8571160335532,1.0,,,,73,57.09,18.3224
260516_2dsweep_noplunger,sim,07_3_TDS-body_Novel-2Dsweep-260516_74.s2p,,S11,f_2pi3,sim,dispersion_mode_1,2.8571160335532,2.85711,-6.03355320016874e-06,-2.263098838672334,32.88283125336471,touchstone_ri,2.8571160335532,1.0,,,,74,57.09,18.5724
260516_2dsweep_noplunger,sim,07_3_TDS-body_Novel-2Dsweep-260516_74.s2p,,S12,f_2pi3,sim,dispersion_mode_1,2.8571160335532,2.85711,-6.03355320016874e-06,-3.9113272951558997,122.86070628298118,touchstone_ri,2.8571160335532,1.0,,,,74,57.09,18.5724
260516_2dsweep_noplunger,sim,07_3_TDS-body_Novel-2Dsweep-260516_74.s2p,,S21,f_2pi3,sim,dispersion_mode_1,2.8571160335532,2.85711,-6.03355320016874e-06,-3.9115905984741657,122.86099205519514,touchstone_ri,2.8571160335532,1.0,,,,74,57.09,18.5724
260516_2dsweep_noplunger,sim,07_3_TDS-body_Novel-2Dsweep-260516_74.s2p,,S22,f_2pi3,sim,dispersion_mode_1,2.8571160335532,2.85711,-6.03355320016874e-06,-2.263255153847531,32.86009168973622,touchstone_ri,2.8571160335532,1.0,,,,74,57.09,18.5724
260516_2dsweep_noplunger,sim,07_3_TDS-body_Novel-2Dsweep-260516_75.s2p,,S11,f_2pi3,sim,dispersion_mode_1,2.8571160335532,2.85711,-6.03355320016874e-06,-1.530686257794642,25.97066093314671,touchstone_ri,2.8571160335532,1.0,,,,75,57.09,18.8224
260516_2dsweep_noplunger,sim,07_3_TDS-body_Novel-2Dsweep-260516_75.s2p,,S12,f_2pi3,sim,dispersion_mode_1,2.8571160335532,2.85711,-6.03355320016874e-06,-5.270706352911789,115.96177853098823,touchstone_ri,2.8571160335532,1.0,,,,75,57.09,18.8224
260516_2dsweep_noplunger,sim,07_3_TDS-body_Novel-2Dsweep-260516_75.s2p,,S21,f_2pi3,sim,dispersion_mode_1,2.8571160335532,2.85711,-6.03355320016874e-06,-5.270569236805716,115.96088663792625,touchstone_ri,2.8571160335532,1.0,,,,75,57.09,18.8224
260516_2dsweep_noplunger,sim,07_3_TDS-body_Novel-2Dsweep-260516_75.s2p,,S22,f_2pi3,sim,dispersion_mode_1,2.8571160335532,2.85711,-6.03355320016874e-06,-1.5304642754582813,25.967112298682338,touchstone_ri,2.8571160335532,1.0,,,,75,57.09,18.8224
260516_2dsweep_noplunger,sim,07_3_TDS-body_Novel-2Dsweep-260516_76.s2p,,S11,f_2pi3,sim,dispersion_mode_1,2.8571160335532,2.85711,-6.03355320016874e-06,-1.1067973373325688,20.986393254436127,touchstone_ri,2.8571160335532,1.0,,,,76,57.09,19.0724
260516_2dsweep_noplunger,sim,07_3_TDS-body_Novel-2Dsweep-260516_76.s2p,,S12,f_2pi3,sim,dispersion_mode_1,2.8571160335532,2.85711,-6.03355320016874e-06,-6.4767118496461675,110.96738845941321,touchstone_ri,2.8571160335532,1.0,,,,76,57.09,19.0724
260516_2dsweep_noplunger,sim,07_3_TDS-body_Novel-2Dsweep-260516_76.s2p,,S21,f_2pi3,sim,dispersion_mode_1,2.8571160335532,2.85711,-6.03355320016874e-06,-6.476852092061614,110.96689207081364,touchstone_ri,2.8571160335532,1.0,,,,76,57.09,19.0724
260516_2dsweep_noplunger,sim,07_3_TDS-body_Novel-2Dsweep-260516_76.s2p,,S22,f_2pi3,sim,dispersion_mode_1,2.8571160335532,2.85711,-6.03355320016874e-06,-1.1068757034889811,20.960845297063734,touchstone_ri,2.8571160335532,1.0,,,,76,57.09,19.0724
260516_2dsweep_noplunger,sim,07_3_TDS-body_Novel-2Dsweep-260516_77.s2p,,S11,f_2pi3,sim,dispersion_mode_1,2.8571160335532,2.85711,-6.03355320016874e-06,-0.8434353052241378,17.21331018307956,touchstone_ri,2.8571160335532,1.0,,,,77,57.09,19.3224
260516_2dsweep_noplunger,sim,07_3_TDS-body_Novel-2Dsweep-260516_77.s2p,,S12,f_2pi3,sim,dispersion_mode_1,2.8571160335532,2.85711,-6.03355320016874e-06,-7.533367731922631,107.22538157815825,touchstone_ri,2.8571160335532,1.0,,,,77,57.09,19.3224
260516_2dsweep_noplunger,sim,07_3_TDS-body_Novel-2Dsweep-260516_77.s2p,,S21,f_2pi3,sim,dispersion_mode_1,2.8571160335532,2.85711,-6.03355320016874e-06,-7.533571614080636,107.22483850026046,touchstone_ri,2.8571160335532,1.0,,,,77,57.09,19.3224
260516_2dsweep_noplunger,sim,07_3_TDS-body_Novel-2Dsweep-260516_77.s2p,,S22,f_2pi3,sim,dispersion_mode_1,2.8571160335532,2.85711,-6.03355320016874e-06,-0.8435115160896831,17.227161645645307,touchstone_ri,2.8571160335532,1.0,,,,77,57.09,19.3224
260516_2dsweep_noplunger,sim,07_3_TDS-body_Novel-2Dsweep-260516_78.s2p,,S11,f_2pi3,sim,dispersion_mode_1,2.8571160335532,2.85711,-6.03355320016874e-06,-0.6511675833818344,14.023747888087998,touchstone_ri,2.8571160335532,1.0,,,,78,57.09,19.5724
260516_2dsweep_noplunger,sim,07_3_TDS-body_Novel-2Dsweep-260516_78.s2p,,S12,f_2pi3,sim,dispersion_mode_1,2.8571160335532,2.85711,-6.03355320016874e-06,-8.561695347870609,104.02945809472823,touchstone_ri,2.8571160335532,1.0,,,,78,57.09,19.5724
260516_2dsweep_noplunger,sim,07_3_TDS-body_Novel-2Dsweep-260516_78.s2p,,S21,f_2pi3,sim,dispersion_mode_1,2.8571160335532,2.85711,-6.03355320016874e-06,-8.561594524611507,104.03036977923756,touchstone_ri,2.8571160335532,1.0,,,,78,57.09,19.5724
260516_2dsweep_noplunger,sim,07_3_TDS-body_Novel-2Dsweep-260516_78.s2p,,S22,f_2pi3,sim,dispersion_mode_1,2.8571160335532,2.85711,-6.03355320016874e-06,-0.6511683016415475,14.039620968485128,touchstone_ri,2.8571160335532,1.0,,,,78,57.09,19.5724
260516_2dsweep_noplunger,sim,07_3_TDS-body_Novel-2Dsweep-260516_79.s2p,,S11,f_2pi3,sim,dispersion_mode_1,2.8571160335532,2.85711,-6.03355320016874e-06,-0.5173478002752916,11.472917749006205,touchstone_ri,2.8571160335532,1.0,,,,79,57.09,19.8224
260516_2dsweep_noplunger,sim,07_3_TDS-body_Novel-2Dsweep-260516_79.s2p,,S12,f_2pi3,sim,dispersion_mode_1,2.8571160335532,2.85711,-6.03355320016874e-06,-9.495555089730276,101.46394613096194,touchstone_ri,2.8571160335532,1.0,,,,79,57.09,19.8224
260516_2dsweep_noplunger,sim,07_3_TDS-body_Novel-2Dsweep-260516_79.s2p,,S21,f_2pi3,sim,dispersion_mode_1,2.8571160335532,2.85711,-6.03355320016874e-06,-9.49550994627131,101.46335695711747,touchstone_ri,2.8571160335532,1.0,,,,79,57.09,19.8224
260516_2dsweep_noplunger,sim,07_3_TDS-body_Novel-2Dsweep-260516_79.s2p,,S22,f_2pi3,sim,dispersion_mode_1,2.8571160335532,2.85711,-6.03355320016874e-06,-0.517371930103632,11.456507084609076,touchstone_ri,2.8571160335532,1.0,,,,79,57.09,19.8224
260516_2dsweep_noplunger,sim,07_3_TDS-body_Novel-2Dsweep-260516_8.s2p,,S11,f_2pi3,sim,dispersion_mode_1,2.8571160335532,2.85711,-6.03355320016874e-06,-0.42519114036804573,30.654817591369575,touchstone_ri,2.8571160335532,1.0,,,,8,55.09,20.0724
260516_2dsweep_noplunger,sim,07_3_TDS-body_Novel-2Dsweep-260516_8.s2p,,S12,f_2pi3,sim,dispersion_mode_1,2.8571160335532,2.85711,-6.03355320016874e-06,-10.303428948609989,120.64477569045474,touchstone_ri,2.8571160335532,1.0,,,,8,55.09,20.0724
260516_2dsweep_noplunger,sim,07_3_TDS-body_Novel-2Dsweep-260516_8.s2p,,S21,f_2pi3,sim,dispersion_mode_1,2.8571160335532,2.85711,-6.03355320016874e-06,-10.303628736531092,120.64526970069744,touchstone_ri,2.8571160335532,1.0,,,,8,55.09,20.0724
260516_2dsweep_noplunger,sim,07_3_TDS-body_Novel-2Dsweep-260516_8.s2p,,S22,f_2pi3,sim,dispersion_mode_1,2.8571160335532,2.85711,-6.03355320016874e-06,-0.4252703254290172,30.631489566433004,touchstone_ri,2.8571160335532,1.0,,,,8,55.09,20.0724
260516_2dsweep_noplunger,sim,07_3_TDS-body_Novel-2Dsweep-260516_80.s2p,,S11,f_2pi3,sim,dispersion_mode_1,2.8571160335532,2.85711,-6.03355320016874e-06,-0.4310041648436442,9.504184356345627,touchstone_ri,2.8571160335532,1.0,,,,80,57.09,20.0724
260516_2dsweep_noplunger,sim,07_3_TDS-body_Novel-2Dsweep-260516_80.s2p,,S12,f_2pi3,sim,dispersion_mode_1,2.8571160335532,2.85711,-6.03355320016874e-06,-10.27145815301614,99.3580903224829,touchstone_ri,2.8571160335532,1.0,,,,80,57.09,20.0724
260516_2dsweep_noplunger,sim,07_3_TDS-body_Novel-2Dsweep-260516_80.s2p,,S21,f_2pi3,sim,dispersion_mode_1,2.8571160335532,2.85711,-6.03355320016874e-06,-10.279324419218598,99.61003201951043,touchstone_ri,2.8571160335532,1.0,,,,80,57.09,20.0724
260516_2dsweep_noplunger,sim,07_3_TDS-body_Novel-2Dsweep-260516_80.s2p,,S22,f_2pi3,sim,dispersion_mode_1,2.8571160335532,2.85711,-6.03355320016874e-06,-0.4240482659262374,9.519782129866977,touchstone_ri,2.8571160335532,1.0,,,,80,57.09,20.0724
260516_2dsweep_noplunger,sim,07_3_TDS-body_Novel-2Dsweep-260516_81.s2p,,S11,f_2pi3,sim,dispersion_mode_1,2.8571160335532,2.85711,-6.03355320016874e-06,-0.3533980229077034,7.695167431171377,touchstone_ri,2.8571160335532,1.0,,,,81,57.09,20.3224
260516_2dsweep_noplunger,sim,07_3_TDS-body_Novel-2Dsweep-260516_81.s2p,,S12,f_2pi3,sim,dispersion_mode_1,2.8571160335532,2.85711,-6.03355320016874e-06,-11.069668610756338,97.69490011315067,touchstone_ri,2.8571160335532,1.0,,,,81,57.09,20.3224
260516_2dsweep_noplunger,sim,07_3_TDS-body_Novel-2Dsweep-260516_81.s2p,,S21,f_2pi3,sim,dispersion_mode_1,2.8571160335532,2.85711,-6.03355320016874e-06,-11.069613667515947,97.69147355630422,touchstone_ri,2.8571160335532,1.0,,,,81,57.09,20.3224
260516_2dsweep_noplunger,sim,07_3_TDS-body_Novel-2Dsweep-260516_81.s2p,,S22,f_2pi3,sim,dispersion_mode_1,2.8571160335532,2.85711,-6.03355320016874e-06,-0.353481716470339,7.683095650773341,touchstone_ri,2.8571160335532,1.0,,,,81,57.09,20.3224
260516_2dsweep_noplunger,sim,07_3_TDS-body_Novel-2Dsweep-260516_82.s2p,,S11,f_2pi3,sim,dispersion_mode_1,2.8571160335532,2.85711,-6.03355320016874e-06,-2.676432764497526,33.65110711511387,touchstone_ri,2.8571160335532,1.0,,,,82,57.34,18.3224
260516_2dsweep_noplunger,sim,07_3_TDS-body_Novel-2Dsweep-260516_82.s2p,,S12,f_2pi3,sim,dispersion_mode_1,2.8571160335532,2.85711,-6.03355320016874e-06,-3.3699561215041967,123.63228809393,touchstone_ri,2.8571160335532,1.0,,,,82,57.34,18.3224
260516_2dsweep_noplunger,sim,07_3_TDS-body_Novel-2Dsweep-260516_82.s2p,,S21,f_2pi3,sim,dispersion_mode_1,2.8571160335532,2.85711,-6.03355320016874e-06,-3.369950031929317,123.63539266281123,touchstone_ri,2.8571160335532,1.0,,,,82,57.34,18.3224
260516_2dsweep_noplunger,sim,07_3_TDS-body_Novel-2Dsweep-260516_82.s2p,,S22,f_2pi3,sim,dispersion_mode_1,2.8571160335532,2.85711,-6.03355320016874e-06,-2.6767288647597196,33.639617777566045,touchstone_ri,2.8571160335532,1.0,,,,82,57.34,18.3224
260516_2dsweep_noplunger,sim,07_3_TDS-body_Novel-2Dsweep-260516_83.s2p,,S11,f_2pi3,sim,dispersion_mode_1,2.8571160335532,2.85711,-6.03355320016874e-06,-1.7995582306502929,26.320577947588482,touchstone_ri,2.8571160335532,1.0,,,,83,57.34,18.5724
260516_2dsweep_noplunger,sim,07_3_TDS-body_Novel-2Dsweep-260516_83.s2p,,S12,f_2pi3,sim,dispersion_mode_1,2.8571160335532,2.85711,-6.03355320016874e-06,-4.695165054160417,116.33656544088583,touchstone_ri,2.8571160335532,1.0,,,,83,57.34,18.5724
260516_2dsweep_noplunger,sim,07_3_TDS-body_Novel-2Dsweep-260516_83.s2p,,S21,f_2pi3,sim,dispersion_mode_1,2.8571160335532,2.85711,-6.03355320016874e-06,-4.6951991456989335,116.33641738158526,touchstone_ri,2.8571160335532,1.0,,,,83,57.34,18.5724
260516_2dsweep_noplunger,sim,07_3_TDS-body_Novel-2Dsweep-260516_83.s2p,,S22,f_2pi3,sim,dispersion_mode_1,2.8571160335532,2.85711,-6.03355320016874e-06,-1.7995806918935544,26.349784580992765,touchstone_ri,2.8571160335532,1.0,,,,83,57.34,18.5724
260516_2dsweep_noplunger,sim,07_3_TDS-body_Novel-2Dsweep-260516_84.s2p,,S11,f_2pi3,sim,dispersion_mode_1,2.8571160335532,2.85711,-6.03355320016874e-06,-1.2884672407211681,20.944616298644018,touchstone_ri,2.8571160335532,1.0,,,,84,57.34,18.8224
260516_2dsweep_noplunger,sim,07_3_TDS-body_Novel-2Dsweep-260516_84.s2p,,S12,f_2pi3,sim,dispersion_mode_1,2.8571160335532,2.85711,-6.03355320016874e-06,-5.90291462682886,110.97444415318135,touchstone_ri,2.8571160335532,1.0,,,,84,57.34,18.8224
260516_2dsweep_noplunger,sim,07_3_TDS-body_Novel-2Dsweep-260516_84.s2p,,S21,f_2pi3,sim,dispersion_mode_1,2.8571160335532,2.85711,-6.03355320016874e-06,-5.903333954604278,110.97693062624671,touchstone_ri,2.8571160335532,1.0,,,,84,57.34,18.8224
260516_2dsweep_noplunger,sim,07_3_TDS-body_Novel-2Dsweep-260516_84.s2p,,S22,f_2pi3,sim,dispersion_mode_1,2.8571160335532,2.85711,-6.03355320016874e-06,-1.2890430410572031,21.01566519785668,touchstone_ri,2.8571160335532,1.0,,,,84,57.34,18.8224
260516_2dsweep_noplunger,sim,07_3_TDS-body_Novel-2Dsweep-260516_85.s2p,,S11,f_2pi3,sim,dispersion_mode_1,2.8571160335532,2.85711,-6.03355320016874e-06,-0.925168057753467,16.30537141869836,touchstone_ri,2.8571160335532,1.0,,,,85,57.34,19.0724
260516_2dsweep_noplunger,sim,07_3_TDS-body_Novel-2Dsweep-260516_85.s2p,,S12,f_2pi3,sim,dispersion_mode_1,2.8571160335532,2.85711,-6.03355320016874e-06,-7.169253938658783,106.30398688433324,touchstone_ri,2.8571160335532,1.0,,,,85,57.34,19.0724
260516_2dsweep_noplunger,sim,07_3_TDS-body_Novel-2Dsweep-260516_85.s2p,,S21,f_2pi3,sim,dispersion_mode_1,2.8571160335532,2.85711,-6.03355320016874e-06,-7.169160794416092,106.30350083164961,touchstone_ri,2.8571160335532,1.0,,,,85,57.34,19.0724
260516_2dsweep_noplunger,sim,07_3_TDS-body_Novel-2Dsweep-260516_85.s2p,,S22,f_2pi3,sim,dispersion_mode_1,2.8571160335532,2.85711,-6.03355320016874e-06,-0.925069458879596,16.309027544205822,touchstone_ri,2.8571160335532,1.0,,,,85,57.34,19.0724
260516_2dsweep_noplunger,sim,07_3_TDS-body_Novel-2Dsweep-260516_86.s2p,,S11,f_2pi3,sim,dispersion_mode_1,2.8571160335532,2.85711,-6.03355320016874e-06,-0.7102473937282137,12.999930448324125,touchstone_ri,2.8571160335532,1.0,,,,86,57.34,19.3224
260516_2dsweep_noplunger,sim,07_3_TDS-body_Novel-2Dsweep-260516_86.s2p,,S12,f_2pi3,sim,dispersion_mode_1,2.8571160335532,2.85711,-6.03355320016874e-06,-8.213269682624372,103.0038602316394,touchstone_ri,2.8571160335532,1.0,,,,86,57.34,19.3224
260516_2dsweep_noplunger,sim,07_3_TDS-body_Novel-2Dsweep-260516_86.s2p,,S21,f_2pi3,sim,dispersion_mode_1,2.8571160335532,2.85711,-6.03355320016874e-06,-8.213220260529368,103.004343049272,touchstone_ri,2.8571160335532,1.0,,,,86,57.34,19.3224
260516_2dsweep_noplunger,sim,07_3_TDS-body_Novel-2Dsweep-260516_86.s2p,,S22,f_2pi3,sim,dispersion_mode_1,2.8571160335532,2.85711,-6.03355320016874e-06,-0.7102487434586775,13.0125834248136,touchstone_ri,2.8571160335532,1.0,,,,86,57.34,19.3224
260516_2dsweep_noplunger,sim,07_3_TDS-body_Novel-2Dsweep-260516_87.s2p,,S11,f_2pi3,sim,dispersion_mode_1,2.8571160335532,2.85711,-6.03355320016874e-06,-0.567698575728997,10.483174741495223,touchstone_ri,2.8571160335532,1.0,,,,87,57.34,19.5724
260516_2dsweep_noplunger,sim,07_3_TDS-body_Novel-2Dsweep-260516_87.s2p,,S12,f_2pi3,sim,dispersion_mode_1,2.8571160335532,2.85711,-6.03355320016874e-06,-9.117300354814658,100.48003844550367,touchstone_ri,2.8571160335532,1.0,,,,87,57.34,19.5724
260516_2dsweep_noplunger,sim,07_3_TDS-body_Novel-2Dsweep-260516_87.s2p,,S21,f_2pi3,sim,dispersion_mode_1,2.8571160335532,2.85711,-6.03355320016874e-06,-9.117409404702126,100.48014955321622,touchstone_ri,2.8571160335532,1.0,,,,87,57.34,19.5724
260516_2dsweep_noplunger,sim,07_3_TDS-body_Novel-2Dsweep-260516_87.s2p,,S22,f_2pi3,sim,dispersion_mode_1,2.8571160335532,2.85711,-6.03355320016874e-06,-0.5676225880218797,10.479251969325059,touchstone_ri,2.8571160335532,1.0,,,,87,57.34,19.5724
260516_2dsweep_noplunger,sim,07_3_TDS-body_Novel-2Dsweep-260516_88.s2p,,S11,f_2pi3,sim,dispersion_mode_1,2.8571160335532,2.85711,-6.03355320016874e-06,-0.4607286728483886,8.356640584658747,touchstone_ri,2.8571160335532,1.0,,,,88,57.34,19.8224
260516_2dsweep_noplunger,sim,07_3_TDS-body_Novel-2Dsweep-260516_88.s2p,,S12,f_2pi3,sim,dispersion_mode_1,2.8571160335532,2.85711,-6.03355320016874e-06,-9.970630567214757,98.33619716161844,touchstone_ri,2.8571160335532,1.0,,,,88,57.34,19.8224
260516_2dsweep_noplunger,sim,07_3_TDS-body_Novel-2Dsweep-260516_88.s2p,,S21,f_2pi3,sim,dispersion_mode_1,2.8571160335532,2.85711,-6.03355320016874e-06,-9.970704950417316,98.3358054089022,touchstone_ri,2.8571160335532,1.0,,,,88,57.34,19.8224
260516_2dsweep_noplunger,sim,07_3_TDS-body_Novel-2Dsweep-260516_88.s2p,,S22,f_2pi3,sim,dispersion_mode_1,2.8571160335532,2.85711,-6.03355320016874e-06,-0.46069534016766556,8.320874194939078,touchstone_ri,2.8571160335532,1.0,,,,88,57.34,19.8224
260516_2dsweep_noplunger,sim,07_3_TDS-body_Novel-2Dsweep-260516_89.s2p,,S11,f_2pi3,sim,dispersion_mode_1,2.8571160335532,2.85711,-6.03355320016874e-06,-0.3849596371408126,6.613413167571408,touchstone_ri,2.8571160335532,1.0,,,,89,57.34,20.0724
260516_2dsweep_noplunger,sim,07_3_TDS-body_Novel-2Dsweep-260516_89.s2p,,S12,f_2pi3,sim,dispersion_mode_1,2.8571160335532,2.85711,-6.03355320016874e-06,-10.714338036605733,96.61702591174871,touchstone_ri,2.8571160335532,1.0,,,,89,57.34,20.0724
260516_2dsweep_noplunger,sim,07_3_TDS-body_Novel-2Dsweep-260516_89.s2p,,S21,f_2pi3,sim,dispersion_mode_1,2.8571160335532,2.85711,-6.03355320016874e-06,-10.71415972062001,96.61574145827058,touchstone_ri,2.8571160335532,1.0,,,,89,57.34,20.0724
260516_2dsweep_noplunger,sim,07_3_TDS-body_Novel-2Dsweep-260516_89.s2p,,S22,f_2pi3,sim,dispersion_mode_1,2.8571160335532,2.85711,-6.03355320016874e-06,-0.3850022884512034,6.620242808827462,touchstone_ri,2.8571160335532,1.0,,,,89,57.34,20.0724
260516_2dsweep_noplunger,sim,07_3_TDS-body_Novel-2Dsweep-260516_9.s2p,,S11,f_2pi3,sim,dispersion_mode_1,2.8571160335532,2.85711,-6.03355320016874e-06,-0.3403326785389321,27.291675830028236,touchstone_ri,2.8571160335532,1.0,,,,9,55.09,20.3224
260516_2dsweep_noplunger,sim,07_3_TDS-body_Novel-2Dsweep-260516_9.s2p,,S12,f_2pi3,sim,dispersion_mode_1,2.8571160335532,2.85711,-6.03355320016874e-06,-11.241574970460434,117.28490227068795,touchstone_ri,2.8571160335532,1.0,,,,9,55.09,20.3224
260516_2dsweep_noplunger,sim,07_3_TDS-body_Novel-2Dsweep-260516_9.s2p,,S21,f_2pi3,sim,dispersion_mode_1,2.8571160335532,2.85711,-6.03355320016874e-06,-11.241329413168268,117.27927567301182,touchstone_ri,2.8571160335532,1.0,,,,9,55.09,20.3224
260516_2dsweep_noplunger,sim,07_3_TDS-body_Novel-2Dsweep-260516_9.s2p,,S22,f_2pi3,sim,dispersion_mode_1,2.8571160335532,2.85711,-6.03355320016874e-06,-0.34014357051885075,27.23365082698,touchstone_ri,2.8571160335532,1.0,,,,9,55.09,20.3224
260516_2dsweep_noplunger,sim,07_3_TDS-body_Novel-2Dsweep-260516_90.s2p,,S11,f_2pi3,sim,dispersion_mode_1,2.8571160335532,2.85711,-6.03355320016874e-06,-0.325218611678006,5.123922630750291,touchstone_ri,2.8571160335532,1.0,,,,90,57.34,20.3224
260516_2dsweep_noplunger,sim,07_3_TDS-body_Novel-2Dsweep-260516_90.s2p,,S12,f_2pi3,sim,dispersion_mode_1,2.8571160335532,2.85711,-6.03355320016874e-06,-11.415989236555713,95.12496724864343,touchstone_ri,2.8571160335532,1.0,,,,90,57.34,20.3224
260516_2dsweep_noplunger,sim,07_3_TDS-body_Novel-2Dsweep-260516_90.s2p,,S21,f_2pi3,sim,dispersion_mode_1,2.8571160335532,2.85711,-6.03355320016874e-06,-11.415518560581695,95.12349027307269,touchstone_ri,2.8571160335532,1.0,,,,90,57.34,20.3224
260516_2dsweep_noplunger,sim,07_3_TDS-body_Novel-2Dsweep-260516_90.s2p,,S22,f_2pi3,sim,dispersion_mode_1,2.8571160335532,2.85711,-6.03355320016874e-06,-0.3253828621309425,5.126806957721446,touchstone_ri,2.8571160335532,1.0,,,,90,57.34,20.3224
260516_2dsweep_noplunger,sim,07_3_TDS-body_Novel-2Dsweep-260516_91.s2p,,S11,f_2pi3,sim,dispersion_mode_1,2.8571160335532,2.85711,-6.03355320016874e-06,-1.8362117954463286,24.476790617056334,touchstone_ri,2.8571160335532,1.0,,,,91,57.59,18.3224
260516_2dsweep_noplunger,sim,07_3_TDS-body_Novel-2Dsweep-260516_91.s2p,,S12,f_2pi3,sim,dispersion_mode_1,2.8571160335532,2.85711,-6.03355320016874e-06,-4.632436941636901,114.56097043273796,touchstone_ri,2.8571160335532,1.0,,,,91,57.59,18.3224
260516_2dsweep_noplunger,sim,07_3_TDS-body_Novel-2Dsweep-260516_91.s2p,,S21,f_2pi3,sim,dispersion_mode_1,2.8571160335532,2.85711,-6.03355320016874e-06,-4.6301438254716185,114.56578509862186,touchstone_ri,2.8571160335532,1.0,,,,91,57.59,18.3224
260516_2dsweep_noplunger,sim,07_3_TDS-body_Novel-2Dsweep-260516_91.s2p,,S22,f_2pi3,sim,dispersion_mode_1,2.8571160335532,2.85711,-6.03355320016874e-06,-1.8423128189993245,24.520178312565147,touchstone_ri,2.8571160335532,1.0,,,,91,57.59,18.3224
260516_2dsweep_noplunger,sim,07_3_TDS-body_Novel-2Dsweep-260516_92.s2p,,S11,f_2pi3,sim,dispersion_mode_1,2.8571160335532,2.85711,-6.03355320016874e-06,-1.2488097242323082,18.53796498986422,touchstone_ri,2.8571160335532,1.0,,,,92,57.59,18.5724
260516_2dsweep_noplunger,sim,07_3_TDS-body_Novel-2Dsweep-260516_92.s2p,,S12,f_2pi3,sim,dispersion_mode_1,2.8571160335532,2.85711,-6.03355320016874e-06,-6.008273297062154,108.55649395677875,touchstone_ri,2.8571160335532,1.0,,,,92,57.59,18.5724
260516_2dsweep_noplunger,sim,07_3_TDS-body_Novel-2Dsweep-260516_92.s2p,,S21,f_2pi3,sim,dispersion_mode_1,2.8571160335532,2.85711,-6.03355320016874e-06,-6.005257229047559,108.44166703212474,touchstone_ri,2.8571160335532,1.0,,,,92,57.59,18.5724
260516_2dsweep_noplunger,sim,07_3_TDS-body_Novel-2Dsweep-260516_92.s2p,,S22,f_2pi3,sim,dispersion_mode_1,2.8571160335532,2.85711,-6.03355320016874e-06,-1.2552733000016183,18.49049054733113,touchstone_ri,2.8571160335532,1.0,,,,92,57.59,18.5724
260516_2dsweep_noplunger,sim,07_3_TDS-body_Novel-2Dsweep-260516_93.s2p,,S11,f_2pi3,sim,dispersion_mode_1,2.8571160335532,2.85711,-6.03355320016874e-06,-0.9455196858358089,14.653175558942577,touchstone_ri,2.8571160335532,1.0,,,,93,57.59,18.8224
260516_2dsweep_noplunger,sim,07_3_TDS-body_Novel-2Dsweep-260516_93.s2p,,S12,f_2pi3,sim,dispersion_mode_1,2.8571160335532,2.85711,-6.03355320016874e-06,-7.084227866964621,104.60968470750694,touchstone_ri,2.8571160335532,1.0,,,,93,57.59,18.8224
260516_2dsweep_noplunger,sim,07_3_TDS-body_Novel-2Dsweep-260516_93.s2p,,S21,f_2pi3,sim,dispersion_mode_1,2.8571160335532,2.85711,-6.03355320016874e-06,-7.08414673894144,104.6083533228156,touchstone_ri,2.8571160335532,1.0,,,,93,57.59,18.8224
260516_2dsweep_noplunger,sim,07_3_TDS-body_Novel-2Dsweep-260516_93.s2p,,S22,f_2pi3,sim,dispersion_mode_1,2.8571160335532,2.85711,-6.03355320016874e-06,-0.9455247315972193,14.571073001076682,touchstone_ri,2.8571160335532,1.0,,,,93,57.59,18.8224
260516_2dsweep_noplunger,sim,07_3_TDS-body_Novel-2Dsweep-260516_94.s2p,,S11,f_2pi3,sim,dispersion_mode_1,2.8571160335532,2.85711,-6.03355320016874e-06,-0.7543517624692311,11.847866616384556,touchstone_ri,2.8571160335532,1.0,,,,94,57.59,19.0724
260516_2dsweep_noplunger,sim,07_3_TDS-body_Novel-2Dsweep-260516_94.s2p,,S12,f_2pi3,sim,dispersion_mode_1,2.8571160335532,2.85711,-6.03355320016874e-06,-7.975575130690963,101.83427493595482,touchstone_ri,2.8571160335532,1.0,,,,94,57.59,19.0724
260516_2dsweep_noplunger,sim,07_3_TDS-body_Novel-2Dsweep-260516_94.s2p,,S21,f_2pi3,sim,dispersion_mode_1,2.8571160335532,2.85711,-6.03355320016874e-06,-7.97559599609586,101.83719930268482,touchstone_ri,2.8571160335532,1.0,,,,94,57.59,19.0724
260516_2dsweep_noplunger,sim,07_3_TDS-body_Novel-2Dsweep-260516_94.s2p,,S22,f_2pi3,sim,dispersion_mode_1,2.8571160335532,2.85711,-6.03355320016874e-06,-0.75417905175315,11.815460477791548,touchstone_ri,2.8571160335532,1.0,,,,94,57.59,19.0724
260516_2dsweep_noplunger,sim,07_3_TDS-body_Novel-2Dsweep-260516_95.s2p,,S11,f_2pi3,sim,dispersion_mode_1,2.8571160335532,2.85711,-6.03355320016874e-06,-0.5972639623678601,9.233253443271575,touchstone_ri,2.8571160335532,1.0,,,,95,57.59,19.3224
260516_2dsweep_noplunger,sim,07_3_TDS-body_Novel-2Dsweep-260516_95.s2p,,S12,f_2pi3,sim,dispersion_mode_1,2.8571160335532,2.85711,-6.03355320016874e-06,-8.909967120217198,99.2145824652428,touchstone_ri,2.8571160335532,1.0,,,,95,57.59,19.3224
260516_2dsweep_noplunger,sim,07_3_TDS-body_Novel-2Dsweep-260516_95.s2p,,S21,f_2pi3,sim,dispersion_mode_1,2.8571160335532,2.85711,-6.03355320016874e-06,-8.909885828784713,99.2146114305662,touchstone_ri,2.8571160335532,1.0,,,,95,57.59,19.3224
260516_2dsweep_noplunger,sim,07_3_TDS-body_Novel-2Dsweep-260516_95.s2p,,S22,f_2pi3,sim,dispersion_mode_1,2.8571160335532,2.85711,-6.03355320016874e-06,-0.5978219234101311,9.191641287396184,touchstone_ri,2.8571160335532,1.0,,,,95,57.59,19.3224
260516_2dsweep_noplunger,sim,07_3_TDS-body_Novel-2Dsweep-260516_96.s2p,,S11,f_2pi3,sim,dispersion_mode_1,2.8571160335532,2.85711,-6.03355320016874e-06,-0.4859834392392915,7.084787562686113,touchstone_ri,2.8571160335532,1.0,,,,96,57.59,19.5724
260516_2dsweep_noplunger,sim,07_3_TDS-body_Novel-2Dsweep-260516_96.s2p,,S12,f_2pi3,sim,dispersion_mode_1,2.8571160335532,2.85711,-6.03355320016874e-06,-9.752127495521881,97.09665653803523,touchstone_ri,2.8571160335532,1.0,,,,96,57.59,19.5724
260516_2dsweep_noplunger,sim,07_3_TDS-body_Novel-2Dsweep-260516_96.s2p,,S21,f_2pi3,sim,dispersion_mode_1,2.8571160335532,2.85711,-6.03355320016874e-06,-9.752344378476629,97.09483142364263,touchstone_ri,2.8571160335532,1.0,,,,96,57.59,19.5724
260516_2dsweep_noplunger,sim,07_3_TDS-body_Novel-2Dsweep-260516_96.s2p,,S22,f_2pi3,sim,dispersion_mode_1,2.8571160335532,2.85711,-6.03355320016874e-06,-0.4859123381908802,7.108933049485385,touchstone_ri,2.8571160335532,1.0,,,,96,57.59,19.5724
260516_2dsweep_noplunger,sim,07_3_TDS-body_Novel-2Dsweep-260516_97.s2p,,S11,f_2pi3,sim,dispersion_mode_1,2.8571160335532,2.85711,-6.03355320016874e-06,-0.4176066735120625,5.649763314766892,touchstone_ri,2.8571160335532,1.0,,,,97,57.59,19.8224
260516_2dsweep_noplunger,sim,07_3_TDS-body_Novel-2Dsweep-260516_97.s2p,,S12,f_2pi3,sim,dispersion_mode_1,2.8571160335532,2.85711,-6.03355320016874e-06,-10.379246744939872,95.6531915465635,touchstone_ri,2.8571160335532,1.0,,,,97,57.59,19.8224
260516_2dsweep_noplunger,sim,07_3_TDS-body_Novel-2Dsweep-260516_97.s2p,,S21,f_2pi3,sim,dispersion_mode_1,2.8571160335532,2.85711,-6.03355320016874e-06,-10.379945791412348,95.65246811792592,touchstone_ri,2.8571160335532,1.0,,,,97,57.59,19.8224
260516_2dsweep_noplunger,sim,07_3_TDS-body_Novel-2Dsweep-260516_97.s2p,,S22,f_2pi3,sim,dispersion_mode_1,2.8571160335532,2.85711,-6.03355320016874e-06,-0.41773756403909795,5.642313703127364,touchstone_ri,2.8571160335532,1.0,,,,97,57.59,19.8224
260516_2dsweep_noplunger,sim,07_3_TDS-body_Novel-2Dsweep-260516_98.s2p,,S11,f_2pi3,sim,dispersion_mode_1,2.8571160335532,2.85711,-6.03355320016874e-06,-0.35152945097461163,4.117726654071374,touchstone_ri,2.8571160335532,1.0,,,,98,57.59,20.0724
260516_2dsweep_noplunger,sim,07_3_TDS-body_Novel-2Dsweep-260516_98.s2p,,S12,f_2pi3,sim,dispersion_mode_1,2.8571160335532,2.85711,-6.03355320016874e-06,-11.09317344913894,94.11865217265289,touchstone_ri,2.8571160335532,1.0,,,,98,57.59,20.0724
260516_2dsweep_noplunger,sim,07_3_TDS-body_Novel-2Dsweep-260516_98.s2p,,S21,f_2pi3,sim,dispersion_mode_1,2.8571160335532,2.85711,-6.03355320016874e-06,-11.093324250797414,94.11786405681029,touchstone_ri,2.8571160335532,1.0,,,,98,57.59,20.0724
260516_2dsweep_noplunger,sim,07_3_TDS-body_Novel-2Dsweep-260516_98.s2p,,S22,f_2pi3,sim,dispersion_mode_1,2.8571160335532,2.85711,-6.03355320016874e-06,-0.3515908038458459,4.1168758941537655,touchstone_ri,2.8571160335532,1.0,,,,98,57.59,20.0724
260516_2dsweep_noplunger,sim,07_3_TDS-body_Novel-2Dsweep-260516_99.s2p,,S11,f_2pi3,sim,dispersion_mode_1,2.8571160335532,2.85711,-6.03355320016874e-06,-0.30156612271197897,2.815583052063975,touchstone_ri,2.8571160335532,1.0,,,,99,57.59,20.3224
260516_2dsweep_noplunger,sim,07_3_TDS-body_Novel-2Dsweep-260516_99.s2p,,S12,f_2pi3,sim,dispersion_mode_1,2.8571160335532,2.85711,-6.03355320016874e-06,-11.73458497532357,92.8274527759996,touchstone_ri,2.8571160335532,1.0,,,,99,57.59,20.3224
260516_2dsweep_noplunger,sim,07_3_TDS-body_Novel-2Dsweep-260516_99.s2p,,S21,f_2pi3,sim,dispersion_mode_1,2.8571160335532,2.85711,-6.03355320016874e-06,-11.734789585063961,92.82571095021164,touchstone_ri,2.8571160335532,1.0,,,,99,57.59,20.3224
260516_2dsweep_noplunger,sim,07_3_TDS-body_Novel-2Dsweep-260516_99.s2p,,S22,f_2pi3,sim,dispersion_mode_1,2.8571160335532,2.85711,-6.03355320016874e-06,-0.30159583646726046,2.8323310870683067,touchstone_ri,2.8571160335532,1.0,,,,99,57.59,20.3224
260516_2dsweep_noplunger,sim,07_3_TDS-body_Novel-2Dsweep-260516_1.s2p,,S11,f_mean,sim,dispersion_mode_1,2.8672804543714,2.86728,-4.543714000604382e-07,-16.232559213588818,109.05136997341023,touchstone_ri,2.8672804543714,1.0,,,,1,55.09,18.3224
260516_2dsweep_noplunger,sim,07_3_TDS-body_Novel-2Dsweep-260516_1.s2p,,S12,f_mean,sim,dispersion_mode_1,2.8672804543714,2.86728,-4.543714000604382e-07,-0.10464692523531631,19.291371414568058,touchstone_ri,2.8672804543714,1.0,,,,1,55.09,18.3224
260516_2dsweep_noplunger,sim,07_3_TDS-body_Novel-2Dsweep-260516_1.s2p,,S21,f_mean,sim,dispersion_mode_1,2.8672804543714,2.86728,-4.543714000604382e-07,-0.10467295434790677,19.292060786242235,touchstone_ri,2.8672804543714,1.0,,,,1,55.09,18.3224
260516_2dsweep_noplunger,sim,07_3_TDS-body_Novel-2Dsweep-260516_1.s2p,,S22,f_mean,sim,dispersion_mode_1,2.8672804543714,2.86728,-4.543714000604382e-07,-16.233311116791644,109.53214623400325,touchstone_ri,2.8672804543714,1.0,,,,1,55.09,18.3224
260516_2dsweep_noplunger,sim,07_3_TDS-body_Novel-2Dsweep-260516_10.s2p,,S11,f_mean,sim,dispersion_mode_1,2.8672804543714,2.86728,-4.543714000604382e-07,-29.25963691220396,110.5911607519465,touchstone_ri,2.8672804543714,1.0,,,,10,55.34,18.3224
260516_2dsweep_noplunger,sim,07_3_TDS-body_Novel-2Dsweep-260516_10.s2p,,S12,f_mean,sim,dispersion_mode_1,2.8672804543714,2.86728,-4.543714000604382e-07,-0.0045803573723495845,21.307065691484024,touchstone_ri,2.8672804543714,1.0,,,,10,55.34,18.3224
260516_2dsweep_noplunger,sim,07_3_TDS-body_Novel-2Dsweep-260516_10.s2p,,S21,f_mean,sim,dispersion_mode_1,2.8672804543714,2.86728,-4.543714000604382e-07,-0.004591864258392469,21.309738120272474,touchstone_ri,2.8672804543714,1.0,,,,10,55.34,18.3224
260516_2dsweep_noplunger,sim,07_3_TDS-body_Novel-2Dsweep-260516_10.s2p,,S22,f_mean,sim,dispersion_mode_1,2.8672804543714,2.86728,-4.543714000604382e-07,-29.261783613614384,112.2172359047956,touchstone_ri,2.8672804543714,1.0,,,,10,55.34,18.3224
260516_2dsweep_noplunger,sim,07_3_TDS-body_Novel-2Dsweep-260516_100.s2p,,S11,f_mean,sim,dispersion_mode_1,2.8672804543714,2.86728,-4.543714000604382e-07,-1.9742672613892087,-51.45120943690499,touchstone_ri,2.8672804543714,1.0,,,,100,57.84,18.3224
260516_2dsweep_noplunger,sim,07_3_TDS-body_Novel-2Dsweep-260516_100.s2p,,S12,f_mean,sim,dispersion_mode_1,2.8672804543714,2.86728,-4.543714000604382e-07,-4.386972496507261,38.3290627888558,touchstone_ri,2.8672804543714,1.0,,,,100,57.84,18.3224
260516_2dsweep_noplunger,sim,07_3_TDS-body_Novel-2Dsweep-260516_100.s2p,,S21,f_mean,sim,dispersion_mode_1,2.8672804543714,2.86728,-4.543714000604382e-07,-4.378500350112233,38.46650621331346,touchstone_ri,2.8672804543714,1.0,,,,100,57.84,18.3224
260516_2dsweep_noplunger,sim,07_3_TDS-body_Novel-2Dsweep-260516_100.s2p,,S22,f_mean,sim,dispersion_mode_1,2.8672804543714,2.86728,-4.543714000604382e-07,-1.9783303614974512,-51.60716459646251,touchstone_ri,2.8672804543714,1.0,,,,100,57.84,18.3224
260516_2dsweep_noplunger,sim,07_3_TDS-body_Novel-2Dsweep-260516_101.s2p,,S11,f_mean,sim,dispersion_mode_1,2.8672804543714,2.86728,-4.543714000604382e-07,-2.7674429815546087,-57.86248229272195,touchstone_ri,2.8672804543714,1.0,,,,101,57.84,18.5724
260516_2dsweep_noplunger,sim,07_3_TDS-body_Novel-2Dsweep-260516_101.s2p,,S12,f_mean,sim,dispersion_mode_1,2.8672804543714,2.86728,-4.543714000604382e-07,-3.2618761523287745,32.17099061584242,touchstone_ri,2.8672804543714,1.0,,,,101,57.84,18.5724
260516_2dsweep_noplunger,sim,07_3_TDS-body_Novel-2Dsweep-260516_101.s2p,,S21,f_mean,sim,dispersion_mode_1,2.8672804543714,2.86728,-4.543714000604382e-07,-3.262896882249935,32.164694706646074,touchstone_ri,2.8672804543714,1.0,,,,101,57.84,18.5724
260516_2dsweep_noplunger,sim,07_3_TDS-body_Novel-2Dsweep-260516_101.s2p,,S22,f_mean,sim,dispersion_mode_1,2.8672804543714,2.86728,-4.543714000604382e-07,-2.767415066962466,-57.86696032584947,touchstone_ri,2.8672804543714,1.0,,,,101,57.84,18.5724
260516_2dsweep_noplunger,sim,07_3_TDS-body_Novel-2Dsweep-260516_102.s2p,,S11,f_mean,sim,dispersion_mode_1,2.8672804543714,2.86728,-4.543714000604382e-07,-3.8689453239112845,-64.73302913879985,touchstone_ri,2.8672804543714,1.0,,,,102,57.84,18.8224
260516_2dsweep_noplunger,sim,07_3_TDS-body_Novel-2Dsweep-260516_102.s2p,,S12,f_mean,sim,dispersion_mode_1,2.8672804543714,2.86728,-4.543714000604382e-07,-2.2917917556209475,25.286270830795814,touchstone_ri,2.8672804543714,1.0,,,,102,57.84,18.8224
260516_2dsweep_noplunger,sim,07_3_TDS-body_Novel-2Dsweep-260516_102.s2p,,S21,f_mean,sim,dispersion_mode_1,2.8672804543714,2.86728,-4.543714000604382e-07,-2.2910586432945275,25.280048350072914,touchstone_ri,2.8672804543714,1.0,,,,102,57.84,18.8224
260516_2dsweep_noplunger,sim,07_3_TDS-body_Novel-2Dsweep-260516_102.s2p,,S22,f_mean,sim,dispersion_mode_1,2.8672804543714,2.86728,-4.543714000604382e-07,-3.867604987471353,-64.74391256409078,touchstone_ri,2.8672804543714,1.0,,,,102,57.84,18.8224
260516_2dsweep_noplunger,sim,07_3_TDS-body_Novel-2Dsweep-260516_103.s2p,,S11,f_mean,sim,dispersion_mode_1,2.8672804543714,2.86728,-4.543714000604382e-07,-5.591376866171975,-72.89590508031961,touchstone_ri,2.8672804543714,1.0,,,,103,57.84,19.0724
260516_2dsweep_noplunger,sim,07_3_TDS-body_Novel-2Dsweep-260516_103.s2p,,S12,f_mean,sim,dispersion_mode_1,2.8672804543714,2.86728,-4.543714000604382e-07,-1.4075066377577816,17.06766233341783,touchstone_ri,2.8672804543714,1.0,,,,103,57.84,19.0724
260516_2dsweep_noplunger,sim,07_3_TDS-body_Novel-2Dsweep-260516_103.s2p,,S21,f_mean,sim,dispersion_mode_1,2.8672804543714,2.86728,-4.543714000604382e-07,-1.4077093526326645,17.073691476996995,touchstone_ri,2.8672804543714,1.0,,,,103,57.84,19.0724
260516_2dsweep_noplunger,sim,07_3_TDS-body_Novel-2Dsweep-260516_103.s2p,,S22,f_mean,sim,dispersion_mode_1,2.8672804543714,2.86728,-4.543714000604382e-07,-5.591419399857723,-72.85100231605534,touchstone_ri,2.8672804543714,1.0,,,,103,57.84,19.0724
260516_2dsweep_noplunger,sim,07_3_TDS-body_Novel-2Dsweep-260516_104.s2p,,S11,f_mean,sim,dispersion_mode_1,2.8672804543714,2.86728,-4.543714000604382e-07,-8.838103509531008,53.904750702284986,touchstone_ri,2.8672804543714,1.0,,,,104,57.84,20.3224
260516_2dsweep_noplunger,sim,07_3_TDS-body_Novel-2Dsweep-260516_104.s2p,,S12,f_mean,sim,dispersion_mode_1,2.8672804543714,2.86728,-4.543714000604382e-07,-0.6081713351471457,-36.15016060273571,touchstone_ri,2.8672804543714,1.0,,,,104,57.84,20.3224
260516_2dsweep_noplunger,sim,07_3_TDS-body_Novel-2Dsweep-260516_104.s2p,,S21,f_mean,sim,dispersion_mode_1,2.8672804543714,2.86728,-4.543714000604382e-07,-0.6074599427668348,-36.14723404545487,touchstone_ri,2.8672804543714,1.0,,,,104,57.84,20.3224
260516_2dsweep_noplunger,sim,07_3_TDS-body_Novel-2Dsweep-260516_104.s2p,,S22,f_mean,sim,dispersion_mode_1,2.8672804543714,2.86728,-4.543714000604382e-07,-8.837051455633059,53.8112850846501,touchstone_ri,2.8672804543714,1.0,,,,104,57.84,20.3224
260516_2dsweep_noplunger,sim,07_3_TDS-body_Novel-2Dsweep-260516_105.s2p,,S11,f_mean,sim,dispersion_mode_1,2.8672804543714,2.86728,-4.543714000604382e-07,-2.324803633730266,-56.39866701269716,touchstone_ri,2.8672804543714,1.0,,,,105,58.09,18.5724
260516_2dsweep_noplunger,sim,07_3_TDS-body_Novel-2Dsweep-260516_105.s2p,,S12,f_mean,sim,dispersion_mode_1,2.8672804543714,2.86728,-4.543714000604382e-07,-3.8585232787028962,33.81541421639803,touchstone_ri,2.8672804543714,1.0,,,,105,58.09,18.5724
260516_2dsweep_noplunger,sim,07_3_TDS-body_Novel-2Dsweep-260516_105.s2p,,S21,f_mean,sim,dispersion_mode_1,2.8672804543714,2.86728,-4.543714000604382e-07,-3.8244226632052443,33.67025677160075,touchstone_ri,2.8672804543714,1.0,,,,105,58.09,18.5724
260516_2dsweep_noplunger,sim,07_3_TDS-body_Novel-2Dsweep-260516_105.s2p,,S22,f_mean,sim,dispersion_mode_1,2.8672804543714,2.86728,-4.543714000604382e-07,-2.3096906429131754,-56.05563440573981,touchstone_ri,2.8672804543714,1.0,,,,105,58.09,18.5724
260516_2dsweep_noplunger,sim,07_3_TDS-body_Novel-2Dsweep-260516_106.s2p,,S11,f_mean,sim,dispersion_mode_1,2.8672804543714,2.86728,-4.543714000604382e-07,-3.2783232956476933,-63.131702355651896,touchstone_ri,2.8672804543714,1.0,,,,106,58.09,18.8224
260516_2dsweep_noplunger,sim,07_3_TDS-body_Novel-2Dsweep-260516_106.s2p,,S12,f_mean,sim,dispersion_mode_1,2.8672804543714,2.86728,-4.543714000604382e-07,-2.7361939801749333,26.952799165902128,touchstone_ri,2.8672804543714,1.0,,,,106,58.09,18.8224
260516_2dsweep_noplunger,sim,07_3_TDS-body_Novel-2Dsweep-260516_106.s2p,,S21,f_mean,sim,dispersion_mode_1,2.8672804543714,2.86728,-4.543714000604382e-07,-2.7396407364583957,26.942552346909945,touchstone_ri,2.8672804543714,1.0,,,,106,58.09,18.8224
260516_2dsweep_noplunger,sim,07_3_TDS-body_Novel-2Dsweep-260516_106.s2p,,S22,f_mean,sim,dispersion_mode_1,2.8672804543714,2.86728,-4.543714000604382e-07,-3.290323422168371,-63.1683701975524,touchstone_ri,2.8672804543714,1.0,,,,106,58.09,18.8224
260516_2dsweep_noplunger,sim,07_3_TDS-body_Novel-2Dsweep-260516_107.s2p,,S11,f_mean,sim,dispersion_mode_1,2.8672804543714,2.86728,-4.543714000604382e-07,-7.2590334741803675,-80.66795449537398,touchstone_ri,2.8672804543714,1.0,,,,107,58.09,19.3224
260516_2dsweep_noplunger,sim,07_3_TDS-body_Novel-2Dsweep-260516_107.s2p,,S12,f_mean,sim,dispersion_mode_1,2.8672804543714,2.86728,-4.543714000604382e-07,-0.9004117949070225,9.323751629762256,touchstone_ri,2.8672804543714,1.0,,,,107,58.09,19.3224
260516_2dsweep_noplunger,sim,07_3_TDS-body_Novel-2Dsweep-260516_107.s2p,,S21,f_mean,sim,dispersion_mode_1,2.8672804543714,2.86728,-4.543714000604382e-07,-0.9004715195399355,9.324182328529133,touchstone_ri,2.8672804543714,1.0,,,,107,58.09,19.3224
260516_2dsweep_noplunger,sim,07_3_TDS-body_Novel-2Dsweep-260516_107.s2p,,S22,f_mean,sim,dispersion_mode_1,2.8672804543714,2.86728,-4.543714000604382e-07,-7.257526298189654,-80.79069630001663,touchstone_ri,2.8672804543714,1.0,,,,107,58.09,19.3224
260516_2dsweep_noplunger,sim,07_3_TDS-body_Novel-2Dsweep-260516_108.s2p,,S11,f_mean,sim,dispersion_mode_1,2.8672804543714,2.86728,-4.543714000604382e-07,-11.764047609290387,-91.44341164109584,touchstone_ri,2.8672804543714,1.0,,,,108,58.09,19.5724
260516_2dsweep_noplunger,sim,07_3_TDS-body_Novel-2Dsweep-260516_108.s2p,,S12,f_mean,sim,dispersion_mode_1,2.8672804543714,2.86728,-4.543714000604382e-07,-0.29910389720287733,-1.4425855570316037,touchstone_ri,2.8672804543714,1.0,,,,108,58.09,19.5724
260516_2dsweep_noplunger,sim,07_3_TDS-body_Novel-2Dsweep-260516_108.s2p,,S21,f_mean,sim,dispersion_mode_1,2.8672804543714,2.86728,-4.543714000604382e-07,-0.2990541677792333,-1.4421538880284543,touchstone_ri,2.8672804543714,1.0,,,,108,58.09,19.5724
260516_2dsweep_noplunger,sim,07_3_TDS-body_Novel-2Dsweep-260516_108.s2p,,S22,f_mean,sim,dispersion_mode_1,2.8672804543714,2.86728,-4.543714000604382e-07,-11.763902476307962,-91.4567045448307,touchstone_ri,2.8672804543714,1.0,,,,108,58.09,19.5724
260516_2dsweep_noplunger,sim,07_3_TDS-body_Novel-2Dsweep-260516_109.s2p,,S11,f_mean,sim,dispersion_mode_1,2.8672804543714,2.86728,-4.543714000604382e-07,-23.155382057389687,-102.58315851330008,touchstone_ri,2.8672804543714,1.0,,,,109,58.09,19.8224
260516_2dsweep_noplunger,sim,07_3_TDS-body_Novel-2Dsweep-260516_109.s2p,,S12,f_mean,sim,dispersion_mode_1,2.8672804543714,2.86728,-4.543714000604382e-07,-0.020001777761083774,-12.43995783171589,touchstone_ri,2.8672804543714,1.0,,,,109,58.09,19.8224
260516_2dsweep_noplunger,sim,07_3_TDS-body_Novel-2Dsweep-260516_109.s2p,,S21,f_mean,sim,dispersion_mode_1,2.8672804543714,2.86728,-4.543714000604382e-07,-0.020122417213176837,-12.439820867285478,touchstone_ri,2.8672804543714,1.0,,,,109,58.09,19.8224
260516_2dsweep_noplunger,sim,07_3_TDS-body_Novel-2Dsweep-260516_109.s2p,,S22,f_mean,sim,dispersion_mode_1,2.8672804543714,2.86728,-4.543714000604382e-07,-23.15335156488303,-102.47778500655694,touchstone_ri,2.8672804543714,1.0,,,,109,58.09,19.8224
260516_2dsweep_noplunger,sim,07_3_TDS-body_Novel-2Dsweep-260516_11.s2p,,S11,f_mean,sim,dispersion_mode_1,2.8672804543714,2.86728,-4.543714000604382e-07,-15.943791900519233,100.89349559422453,touchstone_ri,2.8672804543714,1.0,,,,11,55.34,18.5724
260516_2dsweep_noplunger,sim,07_3_TDS-body_Novel-2Dsweep-260516_11.s2p,,S12,f_mean,sim,dispersion_mode_1,2.8672804543714,2.86728,-4.543714000604382e-07,-0.11507845808383398,11.128894560073098,touchstone_ri,2.8672804543714,1.0,,,,11,55.34,18.5724
260516_2dsweep_noplunger,sim,07_3_TDS-body_Novel-2Dsweep-260516_11.s2p,,S21,f_mean,sim,dispersion_mode_1,2.8672804543714,2.86728,-4.543714000604382e-07,-0.11580262186167943,11.102096383452654,touchstone_ri,2.8672804543714,1.0,,,,11,55.34,18.5724
260516_2dsweep_noplunger,sim,07_3_TDS-body_Novel-2Dsweep-260516_11.s2p,,S22,f_mean,sim,dispersion_mode_1,2.8672804543714,2.86728,-4.543714000604382e-07,-15.941457940232166,101.02090057652715,touchstone_ri,2.8672804543714,1.0,,,,11,55.34,18.5724
260516_2dsweep_noplunger,sim,07_3_TDS-body_Novel-2Dsweep-260516_110.s2p,,S11,f_mean,sim,dispersion_mode_1,2.8672804543714,2.86728,-4.543714000604382e-07,-17.162119109219223,65.7163715173239,touchstone_ri,2.8672804543714,1.0,,,,110,58.09,20.0724
260516_2dsweep_noplunger,sim,07_3_TDS-body_Novel-2Dsweep-260516_110.s2p,,S12,f_mean,sim,dispersion_mode_1,2.8672804543714,2.86728,-4.543714000604382e-07,-0.0857519968126595,-24.461238493906887,touchstone_ri,2.8672804543714,1.0,,,,110,58.09,20.0724
260516_2dsweep_noplunger,sim,07_3_TDS-body_Novel-2Dsweep-260516_110.s2p,,S21,f_mean,sim,dispersion_mode_1,2.8672804543714,2.86728,-4.543714000604382e-07,-0.08612833729740242,-24.460519131864764,touchstone_ri,2.8672804543714,1.0,,,,110,58.09,20.0724
260516_2dsweep_noplunger,sim,07_3_TDS-body_Novel-2Dsweep-260516_110.s2p,,S22,f_mean,sim,dispersion_mode_1,2.8672804543714,2.86728,-4.543714000604382e-07,-17.1610074754178,65.20186269339516,touchstone_ri,2.8672804543714,1.0,,,,110,58.09,20.0724
260516_2dsweep_noplunger,sim,07_3_TDS-body_Novel-2Dsweep-260516_111.s2p,,S11,f_mean,sim,dispersion_mode_1,2.8672804543714,2.86728,-4.543714000604382e-07,-8.616521684207347,51.701094661392894,touchstone_ri,2.8672804543714,1.0,,,,111,58.09,20.3224
260516_2dsweep_noplunger,sim,07_3_TDS-body_Novel-2Dsweep-260516_111.s2p,,S12,f_mean,sim,dispersion_mode_1,2.8672804543714,2.86728,-4.543714000604382e-07,-0.6445897535194013,-38.3156573171684,touchstone_ri,2.8672804543714,1.0,,,,111,58.09,20.3224
260516_2dsweep_noplunger,sim,07_3_TDS-body_Novel-2Dsweep-260516_111.s2p,,S21,f_mean,sim,dispersion_mode_1,2.8672804543714,2.86728,-4.543714000604382e-07,-0.6445479103935715,-38.31358813860381,touchstone_ri,2.8672804543714,1.0,,,,111,58.09,20.3224
260516_2dsweep_noplunger,sim,07_3_TDS-body_Novel-2Dsweep-260516_111.s2p,,S22,f_mean,sim,dispersion_mode_1,2.8672804543714,2.86728,-4.543714000604382e-07,-8.615966729707287,51.60386722855818,touchstone_ri,2.8672804543714,1.0,,,,111,58.09,20.3224
260516_2dsweep_noplunger,sim,07_3_TDS-body_Novel-2Dsweep-260516_112.s2p,,S11,f_mean,sim,dispersion_mode_1,2.8672804543714,2.86728,-4.543714000604382e-07,-8.599188683752173,-82.81907591666226,touchstone_ri,2.8672804543714,1.0,,,,112,57.84,19.3224
260516_2dsweep_noplunger,sim,07_3_TDS-body_Novel-2Dsweep-260516_112.s2p,,S12,f_mean,sim,dispersion_mode_1,2.8672804543714,2.86728,-4.543714000604382e-07,-0.6447026579911214,7.118679969120332,touchstone_ri,2.8672804543714,1.0,,,,112,57.84,19.3224
260516_2dsweep_noplunger,sim,07_3_TDS-body_Novel-2Dsweep-260516_112.s2p,,S21,f_mean,sim,dispersion_mode_1,2.8672804543714,2.86728,-4.543714000604382e-07,-0.6448100054533819,7.119789759151478,touchstone_ri,2.8672804543714,1.0,,,,112,57.84,19.3224
260516_2dsweep_noplunger,sim,07_3_TDS-body_Novel-2Dsweep-260516_112.s2p,,S22,f_mean,sim,dispersion_mode_1,2.8672804543714,2.86728,-4.543714000604382e-07,-8.599429986206506,-82.95633401317275,touchstone_ri,2.8672804543714,1.0,,,,112,57.84,19.3224
260516_2dsweep_noplunger,sim,07_3_TDS-body_Novel-2Dsweep-260516_113.s2p,,S11,f_mean,sim,dispersion_mode_1,2.8672804543714,2.86728,-4.543714000604382e-07,-13.966118598018562,-93.25669040879856,touchstone_ri,2.8672804543714,1.0,,,,113,57.84,19.5724
260516_2dsweep_noplunger,sim,07_3_TDS-body_Novel-2Dsweep-260516_113.s2p,,S12,f_mean,sim,dispersion_mode_1,2.8672804543714,2.86728,-4.543714000604382e-07,-0.18075837450468252,-3.1984237158173072,touchstone_ri,2.8672804543714,1.0,,,,113,57.84,19.5724
260516_2dsweep_noplunger,sim,07_3_TDS-body_Novel-2Dsweep-260516_113.s2p,,S21,f_mean,sim,dispersion_mode_1,2.8672804543714,2.86728,-4.543714000604382e-07,-0.18075263290918517,-3.198889642988927,touchstone_ri,2.8672804543714,1.0,,,,113,57.84,19.5724
260516_2dsweep_noplunger,sim,07_3_TDS-body_Novel-2Dsweep-260516_113.s2p,,S22,f_mean,sim,dispersion_mode_1,2.8672804543714,2.86728,-4.543714000604382e-07,-13.966053119942343,-92.95007328287508,touchstone_ri,2.8672804543714,1.0,,,,113,57.84,19.5724
260516_2dsweep_noplunger,sim,07_3_TDS-body_Novel-2Dsweep-260516_114.s2p,,S11,f_mean,sim,dispersion_mode_1,2.8672804543714,2.86728,-4.543714000604382e-07,-64.850184269384,106.92754256843708,touchstone_ri,2.8672804543714,1.0,,,,114,57.84,19.8224
260516_2dsweep_noplunger,sim,07_3_TDS-body_Novel-2Dsweep-260516_114.s2p,,S12,f_mean,sim,dispersion_mode_1,2.8672804543714,2.86728,-4.543714000604382e-07,0.0005249090901559316,-14.848815998841367,touchstone_ri,2.8672804543714,1.0,,,,114,57.84,19.8224
260516_2dsweep_noplunger,sim,07_3_TDS-body_Novel-2Dsweep-260516_114.s2p,,S21,f_mean,sim,dispersion_mode_1,2.8672804543714,2.86728,-4.543714000604382e-07,0.0009052385247441323,-14.849177765529495,touchstone_ri,2.8672804543714,1.0,,,,114,57.84,19.8224
260516_2dsweep_noplunger,sim,07_3_TDS-body_Novel-2Dsweep-260516_114.s2p,,S22,f_mean,sim,dispersion_mode_1,2.8672804543714,2.86728,-4.543714000604382e-07,-65.6913218973379,59.363879069177095,touchstone_ri,2.8672804543714,1.0,,,,114,57.84,19.8224
260516_2dsweep_noplunger,sim,07_3_TDS-body_Novel-2Dsweep-260516_115.s2p,,S11,f_mean,sim,dispersion_mode_1,2.8672804543714,2.86728,-4.543714000604382e-07,-14.361612202356111,64.16200663645036,touchstone_ri,2.8672804543714,1.0,,,,115,57.84,20.0724
260516_2dsweep_noplunger,sim,07_3_TDS-body_Novel-2Dsweep-260516_115.s2p,,S12,f_mean,sim,dispersion_mode_1,2.8672804543714,2.86728,-4.543714000604382e-07,-0.16070293785698495,-25.91736601915104,touchstone_ri,2.8672804543714,1.0,,,,115,57.84,20.0724
260516_2dsweep_noplunger,sim,07_3_TDS-body_Novel-2Dsweep-260516_115.s2p,,S21,f_mean,sim,dispersion_mode_1,2.8672804543714,2.86728,-4.543714000604382e-07,-0.1609719826723266,-25.91593355026045,touchstone_ri,2.8672804543714,1.0,,,,115,57.84,20.0724
260516_2dsweep_noplunger,sim,07_3_TDS-body_Novel-2Dsweep-260516_115.s2p,,S22,f_mean,sim,dispersion_mode_1,2.8672804543714,2.86728,-4.543714000604382e-07,-14.361012061282487,64.08537939833703,touchstone_ri,2.8672804543714,1.0,,,,115,57.84,20.0724
260516_2dsweep_noplunger,sim,07_3_TDS-body_Novel-2Dsweep-260516_116.s2p,,S11,f_mean,sim,dispersion_mode_1,2.8672804543714,2.86728,-4.543714000604382e-07,-1.7229175255339435,-51.10232404391027,touchstone_ri,2.8672804543714,1.0,,,,116,58.09,18.3224
260516_2dsweep_noplunger,sim,07_3_TDS-body_Novel-2Dsweep-260516_116.s2p,,S12,f_mean,sim,dispersion_mode_1,2.8672804543714,2.86728,-4.543714000604382e-07,-4.848797141678586,38.90989799467841,touchstone_ri,2.8672804543714,1.0,,,,116,58.09,18.3224
260516_2dsweep_noplunger,sim,07_3_TDS-body_Novel-2Dsweep-260516_116.s2p,,S21,f_mean,sim,dispersion_mode_1,2.8672804543714,2.86728,-4.543714000604382e-07,-4.848994607478211,38.9077415382589,touchstone_ri,2.8672804543714,1.0,,,,116,58.09,18.3224
260516_2dsweep_noplunger,sim,07_3_TDS-body_Novel-2Dsweep-260516_116.s2p,,S22,f_mean,sim,dispersion_mode_1,2.8672804543714,2.86728,-4.543714000604382e-07,-1.7228204024598837,-51.07619330359604,touchstone_ri,2.8672804543714,1.0,,,,116,58.09,18.3224
260516_2dsweep_noplunger,sim,07_3_TDS-body_Novel-2Dsweep-260516_117.s2p,,S11,f_mean,sim,dispersion_mode_1,2.8672804543714,2.86728,-4.543714000604382e-07,-4.792252702888152,-71.14541243530216,touchstone_ri,2.8672804543714,1.0,,,,117,58.09,19.0724
260516_2dsweep_noplunger,sim,07_3_TDS-body_Novel-2Dsweep-260516_117.s2p,,S12,f_mean,sim,dispersion_mode_1,2.8672804543714,2.86728,-4.543714000604382e-07,-1.7525711714487147,18.842771538963518,touchstone_ri,2.8672804543714,1.0,,,,117,58.09,19.0724
260516_2dsweep_noplunger,sim,07_3_TDS-body_Novel-2Dsweep-260516_117.s2p,,S21,f_mean,sim,dispersion_mode_1,2.8672804543714,2.86728,-4.543714000604382e-07,-1.752331078704815,18.844069202698556,touchstone_ri,2.8672804543714,1.0,,,,117,58.09,19.0724
260516_2dsweep_noplunger,sim,07_3_TDS-body_Novel-2Dsweep-260516_117.s2p,,S22,f_mean,sim,dispersion_mode_1,2.8672804543714,2.86728,-4.543714000604382e-07,-4.791079289933055,-71.13385851508578,touchstone_ri,2.8672804543714,1.0,,,,117,58.09,19.0724
260516_2dsweep_noplunger,sim,07_3_TDS-body_Novel-2Dsweep-260516_12.s2p,,S11,f_mean,sim,dispersion_mode_1,2.8672804543714,2.86728,-4.543714000604382e-07,-10.765014199751661,90.78237517503618,touchstone_ri,2.8672804543714,1.0,,,,12,55.34,18.8224
260516_2dsweep_noplunger,sim,07_3_TDS-body_Novel-2Dsweep-260516_12.s2p,,S12,f_mean,sim,dispersion_mode_1,2.8672804543714,2.86728,-4.543714000604382e-07,-0.38074737710089657,0.9222177961563099,touchstone_ri,2.8672804543714,1.0,,,,12,55.34,18.8224
260516_2dsweep_noplunger,sim,07_3_TDS-body_Novel-2Dsweep-260516_12.s2p,,S21,f_mean,sim,dispersion_mode_1,2.8672804543714,2.86728,-4.543714000604382e-07,-0.38079557287702903,0.922050167111849,touchstone_ri,2.8672804543714,1.0,,,,12,55.34,18.8224
260516_2dsweep_noplunger,sim,07_3_TDS-body_Novel-2Dsweep-260516_12.s2p,,S22,f_mean,sim,dispersion_mode_1,2.8672804543714,2.86728,-4.543714000604382e-07,-10.7643641071708,91.04491041507038,touchstone_ri,2.8672804543714,1.0,,,,12,55.34,18.8224
260516_2dsweep_noplunger,sim,07_3_TDS-body_Novel-2Dsweep-260516_13.s2p,,S11,f_mean,sim,dispersion_mode_1,2.8672804543714,2.86728,-4.543714000604382e-07,-7.586519040902818,80.75758285298458,touchstone_ri,2.8672804543714,1.0,,,,13,55.34,19.0724
260516_2dsweep_noplunger,sim,07_3_TDS-body_Novel-2Dsweep-260516_13.s2p,,S12,f_mean,sim,dispersion_mode_1,2.8672804543714,2.86728,-4.543714000604382e-07,-0.8314706801200544,-9.142564986536337,touchstone_ri,2.8672804543714,1.0,,,,13,55.34,19.0724
260516_2dsweep_noplunger,sim,07_3_TDS-body_Novel-2Dsweep-260516_13.s2p,,S21,f_mean,sim,dispersion_mode_1,2.8672804543714,2.86728,-4.543714000604382e-07,-0.831751958623564,-9.14422405308152,touchstone_ri,2.8672804543714,1.0,,,,13,55.34,19.0724
260516_2dsweep_noplunger,sim,07_3_TDS-body_Novel-2Dsweep-260516_13.s2p,,S22,f_mean,sim,dispersion_mode_1,2.8672804543714,2.86728,-4.543714000604382e-07,-7.585818921614013,80.96405917613949,touchstone_ri,2.8672804543714,1.0,,,,13,55.34,19.0724
260516_2dsweep_noplunger,sim,07_3_TDS-body_Novel-2Dsweep-260516_14.s2p,,S11,f_mean,sim,dispersion_mode_1,2.8672804543714,2.86728,-4.543714000604382e-07,-5.479489675965298,71.38319274881025,touchstone_ri,2.8672804543714,1.0,,,,14,55.34,19.3224
260516_2dsweep_noplunger,sim,07_3_TDS-body_Novel-2Dsweep-260516_14.s2p,,S12,f_mean,sim,dispersion_mode_1,2.8672804543714,2.86728,-4.543714000604382e-07,-1.4459363879498093,-18.54217749133547,touchstone_ri,2.8672804543714,1.0,,,,14,55.34,19.3224
260516_2dsweep_noplunger,sim,07_3_TDS-body_Novel-2Dsweep-260516_14.s2p,,S21,f_mean,sim,dispersion_mode_1,2.8672804543714,2.86728,-4.543714000604382e-07,-1.4465981118312672,-18.53785234448473,touchstone_ri,2.8672804543714,1.0,,,,14,55.34,19.3224
260516_2dsweep_noplunger,sim,07_3_TDS-body_Novel-2Dsweep-260516_14.s2p,,S22,f_mean,sim,dispersion_mode_1,2.8672804543714,2.86728,-4.543714000604382e-07,-5.479535177756923,71.5297069127286,touchstone_ri,2.8672804543714,1.0,,,,14,55.34,19.3224
260516_2dsweep_noplunger,sim,07_3_TDS-body_Novel-2Dsweep-260516_15.s2p,,S11,f_mean,sim,dispersion_mode_1,2.8672804543714,2.86728,-4.543714000604382e-07,-4.073610014569098,63.171991875041975,touchstone_ri,2.8672804543714,1.0,,,,15,55.34,19.5724
260516_2dsweep_noplunger,sim,07_3_TDS-body_Novel-2Dsweep-260516_15.s2p,,S12,f_mean,sim,dispersion_mode_1,2.8672804543714,2.86728,-4.543714000604382e-07,-2.1564281912240157,-26.80603644849151,touchstone_ri,2.8672804543714,1.0,,,,15,55.34,19.5724
260516_2dsweep_noplunger,sim,07_3_TDS-body_Novel-2Dsweep-260516_15.s2p,,S21,f_mean,sim,dispersion_mode_1,2.8672804543714,2.86728,-4.543714000604382e-07,-2.156052587710751,-26.80583343582228,touchstone_ri,2.8672804543714,1.0,,,,15,55.34,19.5724
260516_2dsweep_noplunger,sim,07_3_TDS-body_Novel-2Dsweep-260516_15.s2p,,S22,f_mean,sim,dispersion_mode_1,2.8672804543714,2.86728,-4.543714000604382e-07,-4.0733295848945446,63.22655974200551,touchstone_ri,2.8672804543714,1.0,,,,15,55.34,19.5724
260516_2dsweep_noplunger,sim,07_3_TDS-body_Novel-2Dsweep-260516_16.s2p,,S11,f_mean,sim,dispersion_mode_1,2.8672804543714,2.86728,-4.543714000604382e-07,-3.089232113215179,55.91647844043908,touchstone_ri,2.8672804543714,1.0,,,,16,55.34,19.8224
260516_2dsweep_noplunger,sim,07_3_TDS-body_Novel-2Dsweep-260516_16.s2p,,S12,f_mean,sim,dispersion_mode_1,2.8672804543714,2.86728,-4.543714000604382e-07,-2.9323497626278563,-34.06094969105756,touchstone_ri,2.8672804543714,1.0,,,,16,55.34,19.8224
260516_2dsweep_noplunger,sim,07_3_TDS-body_Novel-2Dsweep-260516_16.s2p,,S21,f_mean,sim,dispersion_mode_1,2.8672804543714,2.86728,-4.543714000604382e-07,-2.9328626383743672,-34.05290575327451,touchstone_ri,2.8672804543714,1.0,,,,16,55.34,19.8224
260516_2dsweep_noplunger,sim,07_3_TDS-body_Novel-2Dsweep-260516_16.s2p,,S22,f_mean,sim,dispersion_mode_1,2.8672804543714,2.86728,-4.543714000604382e-07,-3.0902658226933575,55.969051887258814,touchstone_ri,2.8672804543714,1.0,,,,16,55.34,19.8224
260516_2dsweep_noplunger,sim,07_3_TDS-body_Novel-2Dsweep-260516_17.s2p,,S11,f_mean,sim,dispersion_mode_1,2.8672804543714,2.86728,-4.543714000604382e-07,-2.391408750522426,49.727422342193606,touchstone_ri,2.8672804543714,1.0,,,,17,55.34,20.0724
260516_2dsweep_noplunger,sim,07_3_TDS-body_Novel-2Dsweep-260516_17.s2p,,S12,f_mean,sim,dispersion_mode_1,2.8672804543714,2.86728,-4.543714000604382e-07,-3.7313743302756213,-40.35806193759916,touchstone_ri,2.8672804543714,1.0,,,,17,55.34,20.0724
260516_2dsweep_noplunger,sim,07_3_TDS-body_Novel-2Dsweep-260516_17.s2p,,S21,f_mean,sim,dispersion_mode_1,2.8672804543714,2.86728,-4.543714000604382e-07,-3.7269236819206384,-40.312647779433306,touchstone_ri,2.8672804543714,1.0,,,,17,55.34,20.0724
260516_2dsweep_noplunger,sim,07_3_TDS-body_Novel-2Dsweep-260516_17.s2p,,S22,f_mean,sim,dispersion_mode_1,2.8672804543714,2.86728,-4.543714000604382e-07,-2.3901662385715867,49.6559778041083,touchstone_ri,2.8672804543714,1.0,,,,17,55.34,20.0724
260516_2dsweep_noplunger,sim,07_3_TDS-body_Novel-2Dsweep-260516_18.s2p,,S11,f_mean,sim,dispersion_mode_1,2.8672804543714,2.86728,-4.543714000604382e-07,-1.8664006627472343,44.089627076643914,touchstone_ri,2.8672804543714,1.0,,,,18,55.34,20.3224
260516_2dsweep_noplunger,sim,07_3_TDS-body_Novel-2Dsweep-260516_18.s2p,,S12,f_mean,sim,dispersion_mode_1,2.8672804543714,2.86728,-4.543714000604382e-07,-4.5678570438687585,-45.87885603177984,touchstone_ri,2.8672804543714,1.0,,,,18,55.34,20.3224
260516_2dsweep_noplunger,sim,07_3_TDS-body_Novel-2Dsweep-260516_18.s2p,,S21,f_mean,sim,dispersion_mode_1,2.8672804543714,2.86728,-4.543714000604382e-07,-4.57027940428273,-45.882734896249204,touchstone_ri,2.8672804543714,1.0,,,,18,55.34,20.3224
260516_2dsweep_noplunger,sim,07_3_TDS-body_Novel-2Dsweep-260516_18.s2p,,S22,f_mean,sim,dispersion_mode_1,2.8672804543714,2.86728,-4.543714000604382e-07,-1.8688174630551557,44.10858942393579,touchstone_ri,2.8672804543714,1.0,,,,18,55.34,20.3224
260516_2dsweep_noplunger,sim,07_3_TDS-body_Novel-2Dsweep-260516_19.s2p,,S11,f_mean,sim,dispersion_mode_1,2.8672804543714,2.86728,-4.543714000604382e-07,-21.306202207430402,-66.73532491136248,touchstone_ri,2.8672804543714,1.0,,,,19,55.59,18.3224
260516_2dsweep_noplunger,sim,07_3_TDS-body_Novel-2Dsweep-260516_19.s2p,,S12,f_mean,sim,dispersion_mode_1,2.8672804543714,2.86728,-4.543714000604382e-07,-0.03279386226663725,23.228469275170294,touchstone_ri,2.8672804543714,1.0,,,,19,55.59,18.3224
260516_2dsweep_noplunger,sim,07_3_TDS-body_Novel-2Dsweep-260516_19.s2p,,S21,f_mean,sim,dispersion_mode_1,2.8672804543714,2.86728,-4.543714000604382e-07,-0.03283150514028099,23.227680430737912,touchstone_ri,2.8672804543714,1.0,,,,19,55.59,18.3224
260516_2dsweep_noplunger,sim,07_3_TDS-body_Novel-2Dsweep-260516_19.s2p,,S22,f_mean,sim,dispersion_mode_1,2.8672804543714,2.86728,-4.543714000604382e-07,-21.315910337535854,-66.71672343663437,touchstone_ri,2.8672804543714,1.0,,,,19,55.59,18.3224
260516_2dsweep_noplunger,sim,07_3_TDS-body_Novel-2Dsweep-260516_2.s2p,,S11,f_mean,sim,dispersion_mode_1,2.8672804543714,2.86728,-4.543714000604382e-07,-11.308831964522872,98.99963251509351,touchstone_ri,2.8672804543714,1.0,,,,2,55.09,18.5724
260516_2dsweep_noplunger,sim,07_3_TDS-body_Novel-2Dsweep-260516_2.s2p,,S12,f_mean,sim,dispersion_mode_1,2.8672804543714,2.86728,-4.543714000604382e-07,-0.33310147513206595,8.883287605167862,touchstone_ri,2.8672804543714,1.0,,,,2,55.09,18.5724
260516_2dsweep_noplunger,sim,07_3_TDS-body_Novel-2Dsweep-260516_2.s2p,,S21,f_mean,sim,dispersion_mode_1,2.8672804543714,2.86728,-4.543714000604382e-07,-0.33330652105620306,8.881121399577287,touchstone_ri,2.8672804543714,1.0,,,,2,55.09,18.5724
260516_2dsweep_noplunger,sim,07_3_TDS-body_Novel-2Dsweep-260516_2.s2p,,S22,f_mean,sim,dispersion_mode_1,2.8672804543714,2.86728,-4.543714000604382e-07,-11.310108545876751,98.79403880018721,touchstone_ri,2.8672804543714,1.0,,,,2,55.09,18.5724
260516_2dsweep_noplunger,sim,07_3_TDS-body_Novel-2Dsweep-260516_20.s2p,,S11,f_mean,sim,dispersion_mode_1,2.8672804543714,2.86728,-4.543714000604382e-07,-26.729227194668855,103.2072144019358,touchstone_ri,2.8672804543714,1.0,,,,20,55.59,18.5724
260516_2dsweep_noplunger,sim,07_3_TDS-body_Novel-2Dsweep-260516_20.s2p,,S12,f_mean,sim,dispersion_mode_1,2.8672804543714,2.86728,-4.543714000604382e-07,-0.009072429530786666,13.182144683733718,touchstone_ri,2.8672804543714,1.0,,,,20,55.59,18.5724
260516_2dsweep_noplunger,sim,07_3_TDS-body_Novel-2Dsweep-260516_20.s2p,,S21,f_mean,sim,dispersion_mode_1,2.8672804543714,2.86728,-4.543714000604382e-07,-0.00896053618424856,13.181976109027827,touchstone_ri,2.8672804543714,1.0,,,,20,55.59,18.5724
260516_2dsweep_noplunger,sim,07_3_TDS-body_Novel-2Dsweep-260516_20.s2p,,S22,f_mean,sim,dispersion_mode_1,2.8672804543714,2.86728,-4.543714000604382e-07,-26.73299591641961,103.21953298773037,touchstone_ri,2.8672804543714,1.0,,,,20,55.59,18.5724
260516_2dsweep_noplunger,sim,07_3_TDS-body_Novel-2Dsweep-260516_21.s2p,,S11,f_mean,sim,dispersion_mode_1,2.8672804543714,2.86728,-4.543714000604382e-07,-14.740875872896751,93.07956795641192,touchstone_ri,2.8672804543714,1.0,,,,21,55.59,18.8224
260516_2dsweep_noplunger,sim,07_3_TDS-body_Novel-2Dsweep-260516_21.s2p,,S12,f_mean,sim,dispersion_mode_1,2.8672804543714,2.86728,-4.543714000604382e-07,-0.14726404196595222,3.166941361280451,touchstone_ri,2.8672804543714,1.0,,,,21,55.59,18.8224
260516_2dsweep_noplunger,sim,07_3_TDS-body_Novel-2Dsweep-260516_21.s2p,,S21,f_mean,sim,dispersion_mode_1,2.8672804543714,2.86728,-4.543714000604382e-07,-0.1479984970263316,3.1622526497772165,touchstone_ri,2.8672804543714,1.0,,,,21,55.59,18.8224
260516_2dsweep_noplunger,sim,07_3_TDS-body_Novel-2Dsweep-260516_21.s2p,,S22,f_mean,sim,dispersion_mode_1,2.8672804543714,2.86728,-4.543714000604382e-07,-14.74280732763833,93.30303203171523,touchstone_ri,2.8672804543714,1.0,,,,21,55.59,18.8224
260516_2dsweep_noplunger,sim,07_3_TDS-body_Novel-2Dsweep-260516_22.s2p,,S11,f_mean,sim,dispersion_mode_1,2.8672804543714,2.86728,-4.543714000604382e-07,-9.810704884171852,83.00462751683436,touchstone_ri,2.8672804543714,1.0,,,,22,55.59,19.0724
260516_2dsweep_noplunger,sim,07_3_TDS-body_Novel-2Dsweep-260516_22.s2p,,S12,f_mean,sim,dispersion_mode_1,2.8672804543714,2.86728,-4.543714000604382e-07,-0.4815366162007601,-7.001005334161801,touchstone_ri,2.8672804543714,1.0,,,,22,55.59,19.0724
260516_2dsweep_noplunger,sim,07_3_TDS-body_Novel-2Dsweep-260516_22.s2p,,S21,f_mean,sim,dispersion_mode_1,2.8672804543714,2.86728,-4.543714000604382e-07,-0.4811307592428986,-6.9996619753153375,touchstone_ri,2.8672804543714,1.0,,,,22,55.59,19.0724
260516_2dsweep_noplunger,sim,07_3_TDS-body_Novel-2Dsweep-260516_22.s2p,,S22,f_mean,sim,dispersion_mode_1,2.8672804543714,2.86728,-4.543714000604382e-07,-9.811278455778561,82.90686928285595,touchstone_ri,2.8672804543714,1.0,,,,22,55.59,19.0724
260516_2dsweep_noplunger,sim,07_3_TDS-body_Novel-2Dsweep-260516_23.s2p,,S11,f_mean,sim,dispersion_mode_1,2.8672804543714,2.86728,-4.543714000604382e-07,-6.838187352197716,73.02782898768724,touchstone_ri,2.8672804543714,1.0,,,,23,55.59,19.3224
260516_2dsweep_noplunger,sim,07_3_TDS-body_Novel-2Dsweep-260516_23.s2p,,S12,f_mean,sim,dispersion_mode_1,2.8672804543714,2.86728,-4.543714000604382e-07,-1.0089886570064879,-16.846639117322933,touchstone_ri,2.8672804543714,1.0,,,,23,55.59,19.3224
260516_2dsweep_noplunger,sim,07_3_TDS-body_Novel-2Dsweep-260516_23.s2p,,S21,f_mean,sim,dispersion_mode_1,2.8672804543714,2.86728,-4.543714000604382e-07,-1.0099073302771593,-16.84944734762597,touchstone_ri,2.8672804543714,1.0,,,,23,55.59,19.3224
260516_2dsweep_noplunger,sim,07_3_TDS-body_Novel-2Dsweep-260516_23.s2p,,S22,f_mean,sim,dispersion_mode_1,2.8672804543714,2.86728,-4.543714000604382e-07,-6.838183977921805,73.23319953204103,touchstone_ri,2.8672804543714,1.0,,,,23,55.59,19.3224
260516_2dsweep_noplunger,sim,07_3_TDS-body_Novel-2Dsweep-260516_24.s2p,,S11,f_mean,sim,dispersion_mode_1,2.8672804543714,2.86728,-4.543714000604382e-07,-4.956803323701812,64.33250323170296,touchstone_ri,2.8672804543714,1.0,,,,24,55.59,19.5724
260516_2dsweep_noplunger,sim,07_3_TDS-body_Novel-2Dsweep-260516_24.s2p,,S12,f_mean,sim,dispersion_mode_1,2.8672804543714,2.86728,-4.543714000604382e-07,-1.6715945651299757,-25.61266814954472,touchstone_ri,2.8672804543714,1.0,,,,24,55.59,19.5724
260516_2dsweep_noplunger,sim,07_3_TDS-body_Novel-2Dsweep-260516_24.s2p,,S21,f_mean,sim,dispersion_mode_1,2.8672804543714,2.86728,-4.543714000604382e-07,-1.6717542580953721,-25.611140395011176,touchstone_ri,2.8672804543714,1.0,,,,24,55.59,19.5724
260516_2dsweep_noplunger,sim,07_3_TDS-body_Novel-2Dsweep-260516_24.s2p,,S22,f_mean,sim,dispersion_mode_1,2.8672804543714,2.86728,-4.543714000604382e-07,-4.956706641661168,64.43256336522505,touchstone_ri,2.8672804543714,1.0,,,,24,55.59,19.5724
260516_2dsweep_noplunger,sim,07_3_TDS-body_Novel-2Dsweep-260516_25.s2p,,S11,f_mean,sim,dispersion_mode_1,2.8672804543714,2.86728,-4.543714000604382e-07,-3.67858133409317,56.58932748181148,touchstone_ri,2.8672804543714,1.0,,,,25,55.59,19.8224
260516_2dsweep_noplunger,sim,07_3_TDS-body_Novel-2Dsweep-260516_25.s2p,,S12,f_mean,sim,dispersion_mode_1,2.8672804543714,2.86728,-4.543714000604382e-07,-2.4334229919879293,-33.38810320509353,touchstone_ri,2.8672804543714,1.0,,,,25,55.59,19.8224
260516_2dsweep_noplunger,sim,07_3_TDS-body_Novel-2Dsweep-260516_25.s2p,,S21,f_mean,sim,dispersion_mode_1,2.8672804543714,2.86728,-4.543714000604382e-07,-2.4336817734794596,-33.38896685179646,touchstone_ri,2.8672804543714,1.0,,,,25,55.59,19.8224
260516_2dsweep_noplunger,sim,07_3_TDS-body_Novel-2Dsweep-260516_25.s2p,,S22,f_mean,sim,dispersion_mode_1,2.8672804543714,2.86728,-4.543714000604382e-07,-3.678639303663033,56.60036249775017,touchstone_ri,2.8672804543714,1.0,,,,25,55.59,19.8224
260516_2dsweep_noplunger,sim,07_3_TDS-body_Novel-2Dsweep-260516_26.s2p,,S11,f_mean,sim,dispersion_mode_1,2.8672804543714,2.86728,-4.543714000604382e-07,-2.797120643209021,49.84352429744666,touchstone_ri,2.8672804543714,1.0,,,,26,55.59,20.0724
260516_2dsweep_noplunger,sim,07_3_TDS-body_Novel-2Dsweep-260516_26.s2p,,S12,f_mean,sim,dispersion_mode_1,2.8672804543714,2.86728,-4.543714000604382e-07,-3.235413623327279,-40.08440361039129,touchstone_ri,2.8672804543714,1.0,,,,26,55.59,20.0724
260516_2dsweep_noplunger,sim,07_3_TDS-body_Novel-2Dsweep-260516_26.s2p,,S21,f_mean,sim,dispersion_mode_1,2.8672804543714,2.86728,-4.543714000604382e-07,-3.2351020852018535,-40.08437780975342,touchstone_ri,2.8672804543714,1.0,,,,26,55.59,20.0724
260516_2dsweep_noplunger,sim,07_3_TDS-body_Novel-2Dsweep-260516_26.s2p,,S22,f_mean,sim,dispersion_mode_1,2.8672804543714,2.86728,-4.543714000604382e-07,-2.797548629587101,49.974754212190874,touchstone_ri,2.8672804543714,1.0,,,,26,55.59,20.0724
260516_2dsweep_noplunger,sim,07_3_TDS-body_Novel-2Dsweep-260516_27.s2p,,S11,f_mean,sim,dispersion_mode_1,2.8672804543714,2.86728,-4.543714000604382e-07,-2.1706788012559395,44.11065526852613,touchstone_ri,2.8672804543714,1.0,,,,27,55.59,20.3224
260516_2dsweep_noplunger,sim,07_3_TDS-body_Novel-2Dsweep-260516_27.s2p,,S12,f_mean,sim,dispersion_mode_1,2.8672804543714,2.86728,-4.543714000604382e-07,-4.050559604251388,-45.83262549447758,touchstone_ri,2.8672804543714,1.0,,,,27,55.59,20.3224
260516_2dsweep_noplunger,sim,07_3_TDS-body_Novel-2Dsweep-260516_27.s2p,,S21,f_mean,sim,dispersion_mode_1,2.8672804543714,2.86728,-4.543714000604382e-07,-4.051456014320305,-45.834348116951126,touchstone_ri,2.8672804543714,1.0,,,,27,55.59,20.3224
260516_2dsweep_noplunger,sim,07_3_TDS-body_Novel-2Dsweep-260516_27.s2p,,S22,f_mean,sim,dispersion_mode_1,2.8672804543714,2.86728,-4.543714000604382e-07,-2.1704166984765836,44.24135036924127,touchstone_ri,2.8672804543714,1.0,,,,27,55.59,20.3224
260516_2dsweep_noplunger,sim,07_3_TDS-body_Novel-2Dsweep-260516_28.s2p,,S11,f_mean,sim,dispersion_mode_1,2.8672804543714,2.86728,-4.543714000604382e-07,-12.376460572518477,-62.362972909288025,touchstone_ri,2.8672804543714,1.0,,,,28,55.84,18.3224
260516_2dsweep_noplunger,sim,07_3_TDS-body_Novel-2Dsweep-260516_28.s2p,,S12,f_mean,sim,dispersion_mode_1,2.8672804543714,2.86728,-4.543714000604382e-07,-0.2595439040186554,27.51230286855738,touchstone_ri,2.8672804543714,1.0,,,,28,55.84,18.3224
260516_2dsweep_noplunger,sim,07_3_TDS-body_Novel-2Dsweep-260516_28.s2p,,S21,f_mean,sim,dispersion_mode_1,2.8672804543714,2.86728,-4.543714000604382e-07,-0.25965578328345734,27.513075576589422,touchstone_ri,2.8672804543714,1.0,,,,28,55.84,18.3224
260516_2dsweep_noplunger,sim,07_3_TDS-body_Novel-2Dsweep-260516_28.s2p,,S22,f_mean,sim,dispersion_mode_1,2.8672804543714,2.86728,-4.543714000604382e-07,-12.376588265701379,-62.56861336651964,touchstone_ri,2.8672804543714,1.0,,,,28,55.84,18.3224
260516_2dsweep_noplunger,sim,07_3_TDS-body_Novel-2Dsweep-260516_29.s2p,,S11,f_mean,sim,dispersion_mode_1,2.8672804543714,2.86728,-4.543714000604382e-07,-18.929115903585046,-72.0078064365294,touchstone_ri,2.8672804543714,1.0,,,,29,55.84,18.5724
260516_2dsweep_noplunger,sim,07_3_TDS-body_Novel-2Dsweep-260516_29.s2p,,S12,f_mean,sim,dispersion_mode_1,2.8672804543714,2.86728,-4.543714000604382e-07,-0.05800557837597444,18.077988339126417,touchstone_ri,2.8672804543714,1.0,,,,29,55.84,18.5724
260516_2dsweep_noplunger,sim,07_3_TDS-body_Novel-2Dsweep-260516_29.s2p,,S21,f_mean,sim,dispersion_mode_1,2.8672804543714,2.86728,-4.543714000604382e-07,-0.058339469316295654,18.080306342132715,touchstone_ri,2.8672804543714,1.0,,,,29,55.84,18.5724
260516_2dsweep_noplunger,sim,07_3_TDS-body_Novel-2Dsweep-260516_29.s2p,,S22,f_mean,sim,dispersion_mode_1,2.8672804543714,2.86728,-4.543714000604382e-07,-18.921592299813984,-71.59601328292001,touchstone_ri,2.8672804543714,1.0,,,,29,55.84,18.5724
260516_2dsweep_noplunger,sim,07_3_TDS-body_Novel-2Dsweep-260516_3.s2p,,S11,f_mean,sim,dispersion_mode_1,2.8672804543714,2.86728,-4.543714000604382e-07,-8.057815808864286,88.53958720685407,touchstone_ri,2.8672804543714,1.0,,,,3,55.09,18.8224
260516_2dsweep_noplunger,sim,07_3_TDS-body_Novel-2Dsweep-260516_3.s2p,,S12,f_mean,sim,dispersion_mode_1,2.8672804543714,2.86728,-4.543714000604382e-07,-0.7344149132121601,-1.5769952177103914,touchstone_ri,2.8672804543714,1.0,,,,3,55.09,18.8224
260516_2dsweep_noplunger,sim,07_3_TDS-body_Novel-2Dsweep-260516_3.s2p,,S21,f_mean,sim,dispersion_mode_1,2.8672804543714,2.86728,-4.543714000604382e-07,-0.7356035718566333,-1.5815028765995731,touchstone_ri,2.8672804543714,1.0,,,,3,55.09,18.8224
260516_2dsweep_noplunger,sim,07_3_TDS-body_Novel-2Dsweep-260516_3.s2p,,S22,f_mean,sim,dispersion_mode_1,2.8672804543714,2.86728,-4.543714000604382e-07,-8.062621212144464,88.3847103963037,touchstone_ri,2.8672804543714,1.0,,,,3,55.09,18.8224
260516_2dsweep_noplunger,sim,07_3_TDS-body_Novel-2Dsweep-260516_30.s2p,,S11,f_mean,sim,dispersion_mode_1,2.8672804543714,2.86728,-4.543714000604382e-07,-31.539460682271667,98.54681805576521,touchstone_ri,2.8672804543714,1.0,,,,30,55.84,18.8224
260516_2dsweep_noplunger,sim,07_3_TDS-body_Novel-2Dsweep-260516_30.s2p,,S12,f_mean,sim,dispersion_mode_1,2.8672804543714,2.86728,-4.543714000604382e-07,-0.0031539093963076797,8.319092690773097,touchstone_ri,2.8672804543714,1.0,,,,30,55.84,18.8224
260516_2dsweep_noplunger,sim,07_3_TDS-body_Novel-2Dsweep-260516_30.s2p,,S21,f_mean,sim,dispersion_mode_1,2.8672804543714,2.86728,-4.543714000604382e-07,-0.0035660309053470907,8.318499285017857,touchstone_ri,2.8672804543714,1.0,,,,30,55.84,18.8224
260516_2dsweep_noplunger,sim,07_3_TDS-body_Novel-2Dsweep-260516_30.s2p,,S22,f_mean,sim,dispersion_mode_1,2.8672804543714,2.86728,-4.543714000604382e-07,-31.542014057552766,97.94614564227629,touchstone_ri,2.8672804543714,1.0,,,,30,55.84,18.8224
260516_2dsweep_noplunger,sim,07_3_TDS-body_Novel-2Dsweep-260516_31.s2p,,S11,f_mean,sim,dispersion_mode_1,2.8672804543714,2.86728,-4.543714000604382e-07,-14.993195598099433,88.08768969907014,touchstone_ri,2.8672804543714,1.0,,,,31,55.84,19.0724
260516_2dsweep_noplunger,sim,07_3_TDS-body_Novel-2Dsweep-260516_31.s2p,,S12,f_mean,sim,dispersion_mode_1,2.8672804543714,2.86728,-4.543714000604382e-07,-0.13860100689618893,-1.9444688374813384,touchstone_ri,2.8672804543714,1.0,,,,31,55.84,19.0724
260516_2dsweep_noplunger,sim,07_3_TDS-body_Novel-2Dsweep-260516_31.s2p,,S21,f_mean,sim,dispersion_mode_1,2.8672804543714,2.86728,-4.543714000604382e-07,-0.13871930162001678,-1.9457316299112142,touchstone_ri,2.8672804543714,1.0,,,,31,55.84,19.0724
260516_2dsweep_noplunger,sim,07_3_TDS-body_Novel-2Dsweep-260516_31.s2p,,S22,f_mean,sim,dispersion_mode_1,2.8672804543714,2.86728,-4.543714000604382e-07,-14.992652116698583,88.10875286644587,touchstone_ri,2.8672804543714,1.0,,,,31,55.84,19.0724
260516_2dsweep_noplunger,sim,07_3_TDS-body_Novel-2Dsweep-260516_32.s2p,,S11,f_mean,sim,dispersion_mode_1,2.8672804543714,2.86728,-4.543714000604382e-07,-9.845170994171063,78.18513384014751,touchstone_ri,2.8672804543714,1.0,,,,32,55.84,19.3224
260516_2dsweep_noplunger,sim,07_3_TDS-body_Novel-2Dsweep-260516_32.s2p,,S12,f_mean,sim,dispersion_mode_1,2.8672804543714,2.86728,-4.543714000604382e-07,-0.47598338631685994,-11.806251048901396,touchstone_ri,2.8672804543714,1.0,,,,32,55.84,19.3224
260516_2dsweep_noplunger,sim,07_3_TDS-body_Novel-2Dsweep-260516_32.s2p,,S21,f_mean,sim,dispersion_mode_1,2.8672804543714,2.86728,-4.543714000604382e-07,-0.47596228480351177,-11.805337029048562,touchstone_ri,2.8672804543714,1.0,,,,32,55.84,19.3224
260516_2dsweep_noplunger,sim,07_3_TDS-body_Novel-2Dsweep-260516_32.s2p,,S22,f_mean,sim,dispersion_mode_1,2.8672804543714,2.86728,-4.543714000604382e-07,-9.845315265308876,78.16916922082365,touchstone_ri,2.8672804543714,1.0,,,,32,55.84,19.3224
260516_2dsweep_noplunger,sim,07_3_TDS-body_Novel-2Dsweep-260516_33.s2p,,S11,f_mean,sim,dispersion_mode_1,2.8672804543714,2.86728,-4.543714000604382e-07,-6.93025578416724,69.1348524137016,touchstone_ri,2.8672804543714,1.0,,,,33,55.84,19.5724
260516_2dsweep_noplunger,sim,07_3_TDS-body_Novel-2Dsweep-260516_33.s2p,,S12,f_mean,sim,dispersion_mode_1,2.8672804543714,2.86728,-4.543714000604382e-07,-0.9840877442206408,-20.963461265881747,touchstone_ri,2.8672804543714,1.0,,,,33,55.84,19.5724
260516_2dsweep_noplunger,sim,07_3_TDS-body_Novel-2Dsweep-260516_33.s2p,,S21,f_mean,sim,dispersion_mode_1,2.8672804543714,2.86728,-4.543714000604382e-07,-0.9848589929542918,-20.97344434229109,touchstone_ri,2.8672804543714,1.0,,,,33,55.84,19.5724
260516_2dsweep_noplunger,sim,07_3_TDS-body_Novel-2Dsweep-260516_33.s2p,,S22,f_mean,sim,dispersion_mode_1,2.8672804543714,2.86728,-4.543714000604382e-07,-6.932549465141116,68.90779381785362,touchstone_ri,2.8672804543714,1.0,,,,33,55.84,19.5724
260516_2dsweep_noplunger,sim,07_3_TDS-body_Novel-2Dsweep-260516_34.s2p,,S11,f_mean,sim,dispersion_mode_1,2.8672804543714,2.86728,-4.543714000604382e-07,-4.9588752797166435,60.27202900929785,touchstone_ri,2.8672804543714,1.0,,,,34,55.84,19.8224
260516_2dsweep_noplunger,sim,07_3_TDS-body_Novel-2Dsweep-260516_34.s2p,,S12,f_mean,sim,dispersion_mode_1,2.8672804543714,2.86728,-4.543714000604382e-07,-1.669398777010881,-29.70871984120418,touchstone_ri,2.8672804543714,1.0,,,,34,55.84,19.8224
260516_2dsweep_noplunger,sim,07_3_TDS-body_Novel-2Dsweep-260516_34.s2p,,S21,f_mean,sim,dispersion_mode_1,2.8672804543714,2.86728,-4.543714000604382e-07,-1.6694219564078339,-29.70877566668278,touchstone_ri,2.8672804543714,1.0,,,,34,55.84,19.8224
260516_2dsweep_noplunger,sim,07_3_TDS-body_Novel-2Dsweep-260516_34.s2p,,S22,f_mean,sim,dispersion_mode_1,2.8672804543714,2.86728,-4.543714000604382e-07,-4.9587729965158225,60.32267500069879,touchstone_ri,2.8672804543714,1.0,,,,34,55.84,19.8224
260516_2dsweep_noplunger,sim,07_3_TDS-body_Novel-2Dsweep-260516_35.s2p,,S11,f_mean,sim,dispersion_mode_1,2.8672804543714,2.86728,-4.543714000604382e-07,-3.7065650505634746,53.012871163339724,touchstone_ri,2.8672804543714,1.0,,,,35,55.84,20.0724
260516_2dsweep_noplunger,sim,07_3_TDS-body_Novel-2Dsweep-260516_35.s2p,,S12,f_mean,sim,dispersion_mode_1,2.8672804543714,2.86728,-4.543714000604382e-07,-2.4115387923668967,-36.999562971385885,touchstone_ri,2.8672804543714,1.0,,,,35,55.84,20.0724
260516_2dsweep_noplunger,sim,07_3_TDS-body_Novel-2Dsweep-260516_35.s2p,,S21,f_mean,sim,dispersion_mode_1,2.8672804543714,2.86728,-4.543714000604382e-07,-2.4117288845858833,-36.99993208370521,touchstone_ri,2.8672804543714,1.0,,,,35,55.84,20.0724
260516_2dsweep_noplunger,sim,07_3_TDS-body_Novel-2Dsweep-260516_35.s2p,,S22,f_mean,sim,dispersion_mode_1,2.8672804543714,2.86728,-4.543714000604382e-07,-3.7065977495193185,52.96868463155984,touchstone_ri,2.8672804543714,1.0,,,,35,55.84,20.0724
260516_2dsweep_noplunger,sim,07_3_TDS-body_Novel-2Dsweep-260516_36.s2p,,S11,f_mean,sim,dispersion_mode_1,2.8672804543714,2.86728,-4.543714000604382e-07,-2.83050756582862,46.63519015668995,touchstone_ri,2.8672804543714,1.0,,,,36,55.84,20.3224
260516_2dsweep_noplunger,sim,07_3_TDS-body_Novel-2Dsweep-260516_36.s2p,,S12,f_mean,sim,dispersion_mode_1,2.8672804543714,2.86728,-4.543714000604382e-07,-3.197780198466395,-43.34060682974398,touchstone_ri,2.8672804543714,1.0,,,,36,55.84,20.3224
260516_2dsweep_noplunger,sim,07_3_TDS-body_Novel-2Dsweep-260516_36.s2p,,S21,f_mean,sim,dispersion_mode_1,2.8672804543714,2.86728,-4.543714000604382e-07,-3.197955346244952,-43.34118836138814,touchstone_ri,2.8672804543714,1.0,,,,36,55.84,20.3224
260516_2dsweep_noplunger,sim,07_3_TDS-body_Novel-2Dsweep-260516_36.s2p,,S22,f_mean,sim,dispersion_mode_1,2.8672804543714,2.86728,-4.543714000604382e-07,-2.830116510168967,46.685196546261835,touchstone_ri,2.8672804543714,1.0,,,,36,55.84,20.3224
260516_2dsweep_noplunger,sim,07_3_TDS-body_Novel-2Dsweep-260516_37.s2p,,S11,f_mean,sim,dispersion_mode_1,2.8672804543714,2.86728,-4.543714000604382e-07,-9.254921622298111,-60.99431552739847,touchstone_ri,2.8672804543714,1.0,,,,37,56.09,18.3224
260516_2dsweep_noplunger,sim,07_3_TDS-body_Novel-2Dsweep-260516_37.s2p,,S12,f_mean,sim,dispersion_mode_1,2.8672804543714,2.86728,-4.543714000604382e-07,-0.5474926690975142,28.96339410187433,touchstone_ri,2.8672804543714,1.0,,,,37,56.09,18.3224
260516_2dsweep_noplunger,sim,07_3_TDS-body_Novel-2Dsweep-260516_37.s2p,,S21,f_mean,sim,dispersion_mode_1,2.8672804543714,2.86728,-4.543714000604382e-07,-0.5474753869270313,28.963198208160897,touchstone_ri,2.8672804543714,1.0,,,,37,56.09,18.3224
260516_2dsweep_noplunger,sim,07_3_TDS-body_Novel-2Dsweep-260516_37.s2p,,S22,f_mean,sim,dispersion_mode_1,2.8672804543714,2.86728,-4.543714000604382e-07,-9.255682532843432,-61.12469956866582,touchstone_ri,2.8672804543714,1.0,,,,37,56.09,18.3224
260516_2dsweep_noplunger,sim,07_3_TDS-body_Novel-2Dsweep-260516_38.s2p,,S11,f_mean,sim,dispersion_mode_1,2.8672804543714,2.86728,-4.543714000604382e-07,-12.87529445468281,-69.57757646951676,touchstone_ri,2.8672804543714,1.0,,,,38,56.09,18.5724
260516_2dsweep_noplunger,sim,07_3_TDS-body_Novel-2Dsweep-260516_38.s2p,,S12,f_mean,sim,dispersion_mode_1,2.8672804543714,2.86728,-4.543714000604382e-07,-0.22903788760371036,20.379467469350644,touchstone_ri,2.8672804543714,1.0,,,,38,56.09,18.5724
260516_2dsweep_noplunger,sim,07_3_TDS-body_Novel-2Dsweep-260516_38.s2p,,S21,f_mean,sim,dispersion_mode_1,2.8672804543714,2.86728,-4.543714000604382e-07,-0.22903586253385702,20.379321999204887,touchstone_ri,2.8672804543714,1.0,,,,38,56.09,18.5724
260516_2dsweep_noplunger,sim,07_3_TDS-body_Novel-2Dsweep-260516_38.s2p,,S22,f_mean,sim,dispersion_mode_1,2.8672804543714,2.86728,-4.543714000604382e-07,-12.876715243801263,-69.71429815901064,touchstone_ri,2.8672804543714,1.0,,,,38,56.09,18.5724
260516_2dsweep_noplunger,sim,07_3_TDS-body_Novel-2Dsweep-260516_39.s2p,,S11,f_mean,sim,dispersion_mode_1,2.8672804543714,2.86728,-4.543714000604382e-07,-21.570550346664813,-79.40206326114613,touchstone_ri,2.8672804543714,1.0,,,,39,56.09,18.8224
260516_2dsweep_noplunger,sim,07_3_TDS-body_Novel-2Dsweep-260516_39.s2p,,S12,f_mean,sim,dispersion_mode_1,2.8672804543714,2.86728,-4.543714000604382e-07,-0.030933228484427124,10.676711907639664,touchstone_ri,2.8672804543714,1.0,,,,39,56.09,18.8224
260516_2dsweep_noplunger,sim,07_3_TDS-body_Novel-2Dsweep-260516_39.s2p,,S21,f_mean,sim,dispersion_mode_1,2.8672804543714,2.86728,-4.543714000604382e-07,-0.030886522499248312,10.677567034034013,touchstone_ri,2.8672804543714,1.0,,,,39,56.09,18.8224
260516_2dsweep_noplunger,sim,07_3_TDS-body_Novel-2Dsweep-260516_39.s2p,,S22,f_mean,sim,dispersion_mode_1,2.8672804543714,2.86728,-4.543714000604382e-07,-21.56863990293474,-79.15735554471556,touchstone_ri,2.8672804543714,1.0,,,,39,56.09,18.8224
260516_2dsweep_noplunger,sim,07_3_TDS-body_Novel-2Dsweep-260516_4.s2p,,S11,f_mean,sim,dispersion_mode_1,2.8672804543714,2.86728,-4.543714000604382e-07,-5.917692642403116,78.71750749194848,touchstone_ri,2.8672804543714,1.0,,,,4,55.09,19.0724
260516_2dsweep_noplunger,sim,07_3_TDS-body_Novel-2Dsweep-260516_4.s2p,,S12,f_mean,sim,dispersion_mode_1,2.8672804543714,2.86728,-4.543714000604382e-07,-1.2842546252693907,-11.253294562476615,touchstone_ri,2.8672804543714,1.0,,,,4,55.09,19.0724
260516_2dsweep_noplunger,sim,07_3_TDS-body_Novel-2Dsweep-260516_4.s2p,,S21,f_mean,sim,dispersion_mode_1,2.8672804543714,2.86728,-4.543714000604382e-07,-1.284603582929018,-11.2517430899864,touchstone_ri,2.8672804543714,1.0,,,,4,55.09,19.0724
260516_2dsweep_noplunger,sim,07_3_TDS-body_Novel-2Dsweep-260516_4.s2p,,S22,f_mean,sim,dispersion_mode_1,2.8672804543714,2.86728,-4.543714000604382e-07,-5.917330120867771,78.77467669952652,touchstone_ri,2.8672804543714,1.0,,,,4,55.09,19.0724
260516_2dsweep_noplunger,sim,07_3_TDS-body_Novel-2Dsweep-260516_40.s2p,,S11,f_mean,sim,dispersion_mode_1,2.8672804543714,2.86728,-4.543714000604382e-07,-22.824163918829306,90.22847736140461,touchstone_ri,2.8672804543714,1.0,,,,40,56.09,19.0724
260516_2dsweep_noplunger,sim,07_3_TDS-body_Novel-2Dsweep-260516_40.s2p,,S12,f_mean,sim,dispersion_mode_1,2.8672804543714,2.86728,-4.543714000604382e-07,-0.02286522295843524,0.5452691578573622,touchstone_ri,2.8672804543714,1.0,,,,40,56.09,19.0724
260516_2dsweep_noplunger,sim,07_3_TDS-body_Novel-2Dsweep-260516_40.s2p,,S21,f_mean,sim,dispersion_mode_1,2.8672804543714,2.86728,-4.543714000604382e-07,-0.022897237214628698,0.5450342006230495,touchstone_ri,2.8672804543714,1.0,,,,40,56.09,19.0724
260516_2dsweep_noplunger,sim,07_3_TDS-body_Novel-2Dsweep-260516_40.s2p,,S22,f_mean,sim,dispersion_mode_1,2.8672804543714,2.86728,-4.543714000604382e-07,-22.82383322504238,90.83271478806515,touchstone_ri,2.8672804543714,1.0,,,,40,56.09,19.0724
260516_2dsweep_noplunger,sim,07_3_TDS-body_Novel-2Dsweep-260516_41.s2p,,S11,f_mean,sim,dispersion_mode_1,2.8672804543714,2.86728,-4.543714000604382e-07,-12.823549922930024,80.34795275426697,touchstone_ri,2.8672804543714,1.0,,,,41,56.09,19.3224
260516_2dsweep_noplunger,sim,07_3_TDS-body_Novel-2Dsweep-260516_41.s2p,,S12,f_mean,sim,dispersion_mode_1,2.8672804543714,2.86728,-4.543714000604382e-07,-0.2328990433864227,-9.587687802813615,touchstone_ri,2.8672804543714,1.0,,,,41,56.09,19.3224
260516_2dsweep_noplunger,sim,07_3_TDS-body_Novel-2Dsweep-260516_41.s2p,,S21,f_mean,sim,dispersion_mode_1,2.8672804543714,2.86728,-4.543714000604382e-07,-0.23295099084054038,-9.586535773281723,touchstone_ri,2.8672804543714,1.0,,,,41,56.09,19.3224
260516_2dsweep_noplunger,sim,07_3_TDS-body_Novel-2Dsweep-260516_41.s2p,,S22,f_mean,sim,dispersion_mode_1,2.8672804543714,2.86728,-4.543714000604382e-07,-12.823801854733546,80.47127425050626,touchstone_ri,2.8672804543714,1.0,,,,41,56.09,19.3224
260516_2dsweep_noplunger,sim,07_3_TDS-body_Novel-2Dsweep-260516_42.s2p,,S11,f_mean,sim,dispersion_mode_1,2.8672804543714,2.86728,-4.543714000604382e-07,-8.506009073056473,70.49597002264076,touchstone_ri,2.8672804543714,1.0,,,,42,56.09,19.5724
260516_2dsweep_noplunger,sim,07_3_TDS-body_Novel-2Dsweep-260516_42.s2p,,S12,f_mean,sim,dispersion_mode_1,2.8672804543714,2.86728,-4.543714000604382e-07,-0.6611023596466206,-19.404180457264538,touchstone_ri,2.8672804543714,1.0,,,,42,56.09,19.5724
260516_2dsweep_noplunger,sim,07_3_TDS-body_Novel-2Dsweep-260516_42.s2p,,S21,f_mean,sim,dispersion_mode_1,2.8672804543714,2.86728,-4.543714000604382e-07,-0.6610953117738259,-19.4032073785408,touchstone_ri,2.8672804543714,1.0,,,,42,56.09,19.5724
260516_2dsweep_noplunger,sim,07_3_TDS-body_Novel-2Dsweep-260516_42.s2p,,S22,f_mean,sim,dispersion_mode_1,2.8672804543714,2.86728,-4.543714000604382e-07,-8.50552397116544,70.6730228349098,touchstone_ri,2.8672804543714,1.0,,,,42,56.09,19.5724
260516_2dsweep_noplunger,sim,07_3_TDS-body_Novel-2Dsweep-260516_43.s2p,,S11,f_mean,sim,dispersion_mode_1,2.8672804543714,2.86728,-4.543714000604382e-07,-6.043044194360431,61.775554752538504,touchstone_ri,2.8672804543714,1.0,,,,43,56.09,19.8224
260516_2dsweep_noplunger,sim,07_3_TDS-body_Novel-2Dsweep-260516_43.s2p,,S12,f_mean,sim,dispersion_mode_1,2.8672804543714,2.86728,-4.543714000604382e-07,-1.247134902437124,-28.125787699161656,touchstone_ri,2.8672804543714,1.0,,,,43,56.09,19.8224
260516_2dsweep_noplunger,sim,07_3_TDS-body_Novel-2Dsweep-260516_43.s2p,,S21,f_mean,sim,dispersion_mode_1,2.8672804543714,2.86728,-4.543714000604382e-07,-1.2471052134758756,-28.125981360063406,touchstone_ri,2.8672804543714,1.0,,,,43,56.09,19.8224
260516_2dsweep_noplunger,sim,07_3_TDS-body_Novel-2Dsweep-260516_43.s2p,,S22,f_mean,sim,dispersion_mode_1,2.8672804543714,2.86728,-4.543714000604382e-07,-6.040572151735106,61.86027519831141,touchstone_ri,2.8672804543714,1.0,,,,43,56.09,19.8224
260516_2dsweep_noplunger,sim,07_3_TDS-body_Novel-2Dsweep-260516_44.s2p,,S11,f_mean,sim,dispersion_mode_1,2.8672804543714,2.86728,-4.543714000604382e-07,-4.43692205192175,54.11446342884747,touchstone_ri,2.8672804543714,1.0,,,,44,56.09,20.0724
260516_2dsweep_noplunger,sim,07_3_TDS-body_Novel-2Dsweep-260516_44.s2p,,S12,f_mean,sim,dispersion_mode_1,2.8672804543714,2.86728,-4.543714000604382e-07,-1.9411523706535427,-35.860790030868166,touchstone_ri,2.8672804543714,1.0,,,,44,56.09,20.0724
260516_2dsweep_noplunger,sim,07_3_TDS-body_Novel-2Dsweep-260516_44.s2p,,S21,f_mean,sim,dispersion_mode_1,2.8672804543714,2.86728,-4.543714000604382e-07,-1.9410442669896688,-35.860225344313704,touchstone_ri,2.8672804543714,1.0,,,,44,56.09,20.0724
260516_2dsweep_noplunger,sim,07_3_TDS-body_Novel-2Dsweep-260516_44.s2p,,S22,f_mean,sim,dispersion_mode_1,2.8672804543714,2.86728,-4.543714000604382e-07,-4.437343077463308,54.11318188295112,touchstone_ri,2.8672804543714,1.0,,,,44,56.09,20.0724
260516_2dsweep_noplunger,sim,07_3_TDS-body_Novel-2Dsweep-260516_45.s2p,,S11,f_mean,sim,dispersion_mode_1,2.8672804543714,2.86728,-4.543714000604382e-07,-3.3314182428335952,47.34721810796315,touchstone_ri,2.8672804543714,1.0,,,,45,56.09,20.3224
260516_2dsweep_noplunger,sim,07_3_TDS-body_Novel-2Dsweep-260516_45.s2p,,S12,f_mean,sim,dispersion_mode_1,2.8672804543714,2.86728,-4.543714000604382e-07,-2.710896589453454,-42.65071780572252,touchstone_ri,2.8672804543714,1.0,,,,45,56.09,20.3224
260516_2dsweep_noplunger,sim,07_3_TDS-body_Novel-2Dsweep-260516_45.s2p,,S21,f_mean,sim,dispersion_mode_1,2.8672804543714,2.86728,-4.543714000604382e-07,-2.710623772155236,-42.6532200042556,touchstone_ri,2.8672804543714,1.0,,,,45,56.09,20.3224
260516_2dsweep_noplunger,sim,07_3_TDS-body_Novel-2Dsweep-260516_45.s2p,,S22,f_mean,sim,dispersion_mode_1,2.8672804543714,2.86728,-4.543714000604382e-07,-3.3315862485922003,47.355491992027375,touchstone_ri,2.8672804543714,1.0,,,,45,56.09,20.3224
260516_2dsweep_noplunger,sim,07_3_TDS-body_Novel-2Dsweep-260516_46.s2p,,S11,f_mean,sim,dispersion_mode_1,2.8672804543714,2.86728,-4.543714000604382e-07,-7.085842192190657,-59.44974419177927,touchstone_ri,2.8672804543714,1.0,,,,46,56.34,18.3224
260516_2dsweep_noplunger,sim,07_3_TDS-body_Novel-2Dsweep-260516_46.s2p,,S12,f_mean,sim,dispersion_mode_1,2.8672804543714,2.86728,-4.543714000604382e-07,-0.94500725996004,30.562435992357695,touchstone_ri,2.8672804543714,1.0,,,,46,56.34,18.3224
260516_2dsweep_noplunger,sim,07_3_TDS-body_Novel-2Dsweep-260516_46.s2p,,S21,f_mean,sim,dispersion_mode_1,2.8672804543714,2.86728,-4.543714000604382e-07,-0.9450359508905394,30.560964666931252,touchstone_ri,2.8672804543714,1.0,,,,46,56.34,18.3224
260516_2dsweep_noplunger,sim,07_3_TDS-body_Novel-2Dsweep-260516_46.s2p,,S22,f_mean,sim,dispersion_mode_1,2.8672804543714,2.86728,-4.543714000604382e-07,-7.0856973264148495,-59.43660370989605,touchstone_ri,2.8672804543714,1.0,,,,46,56.34,18.3224
260516_2dsweep_noplunger,sim,07_3_TDS-body_Novel-2Dsweep-260516_47.s2p,,S11,f_mean,sim,dispersion_mode_1,2.8672804543714,2.86728,-4.543714000604382e-07,-9.64998730374669,-67.61586613833155,touchstone_ri,2.8672804543714,1.0,,,,47,56.34,18.5724
260516_2dsweep_noplunger,sim,07_3_TDS-body_Novel-2Dsweep-260516_47.s2p,,S12,f_mean,sim,dispersion_mode_1,2.8672804543714,2.86728,-4.543714000604382e-07,-0.4989162309986157,22.36713164167736,touchstone_ri,2.8672804543714,1.0,,,,47,56.34,18.5724
260516_2dsweep_noplunger,sim,07_3_TDS-body_Novel-2Dsweep-260516_47.s2p,,S21,f_mean,sim,dispersion_mode_1,2.8672804543714,2.86728,-4.543714000604382e-07,-0.4991380689620203,22.37243919513561,touchstone_ri,2.8672804543714,1.0,,,,47,56.34,18.5724
260516_2dsweep_noplunger,sim,07_3_TDS-body_Novel-2Dsweep-260516_47.s2p,,S22,f_mean,sim,dispersion_mode_1,2.8672804543714,2.86728,-4.543714000604382e-07,-9.648419729665058,-67.61891326296627,touchstone_ri,2.8672804543714,1.0,,,,47,56.34,18.5724
260516_2dsweep_noplunger,sim,07_3_TDS-body_Novel-2Dsweep-260516_48.s2p,,S11,f_mean,sim,dispersion_mode_1,2.8672804543714,2.86728,-4.543714000604382e-07,-14.442454314245783,-76.9595023002004,touchstone_ri,2.8672804543714,1.0,,,,48,56.34,18.8224
260516_2dsweep_noplunger,sim,07_3_TDS-body_Novel-2Dsweep-260516_48.s2p,,S12,f_mean,sim,dispersion_mode_1,2.8672804543714,2.86728,-4.543714000604382e-07,-0.16018051897436877,13.046645263766383,touchstone_ri,2.8672804543714,1.0,,,,48,56.34,18.8224
260516_2dsweep_noplunger,sim,07_3_TDS-body_Novel-2Dsweep-260516_48.s2p,,S21,f_mean,sim,dispersion_mode_1,2.8672804543714,2.86728,-4.543714000604382e-07,-0.16022096450309722,13.046637413295713,touchstone_ri,2.8672804543714,1.0,,,,48,56.34,18.8224
260516_2dsweep_noplunger,sim,07_3_TDS-body_Novel-2Dsweep-260516_48.s2p,,S22,f_mean,sim,dispersion_mode_1,2.8672804543714,2.86728,-4.543714000604382e-07,-14.441891766013871,-76.86661719039706,touchstone_ri,2.8672804543714,1.0,,,,48,56.34,18.8224
260516_2dsweep_noplunger,sim,07_3_TDS-body_Novel-2Dsweep-260516_49.s2p,,S11,f_mean,sim,dispersion_mode_1,2.8672804543714,2.86728,-4.543714000604382e-07,-29.584240431084872,-86.77269390862415,touchstone_ri,2.8672804543714,1.0,,,,49,56.34,19.0724
260516_2dsweep_noplunger,sim,07_3_TDS-body_Novel-2Dsweep-260516_49.s2p,,S12,f_mean,sim,dispersion_mode_1,2.8672804543714,2.86728,-4.543714000604382e-07,-0.0053210053181708935,3.0998173536255536,touchstone_ri,2.8672804543714,1.0,,,,49,56.34,19.0724
260516_2dsweep_noplunger,sim,07_3_TDS-body_Novel-2Dsweep-260516_49.s2p,,S21,f_mean,sim,dispersion_mode_1,2.8672804543714,2.86728,-4.543714000604382e-07,-0.00537143663933936,3.100101414161886,touchstone_ri,2.8672804543714,1.0,,,,49,56.34,19.0724
260516_2dsweep_noplunger,sim,07_3_TDS-body_Novel-2Dsweep-260516_49.s2p,,S22,f_mean,sim,dispersion_mode_1,2.8672804543714,2.86728,-4.543714000604382e-07,-29.58585998041503,-86.79827659290989,touchstone_ri,2.8672804543714,1.0,,,,49,56.34,19.0724
260516_2dsweep_noplunger,sim,07_3_TDS-body_Novel-2Dsweep-260516_5.s2p,,S11,f_mean,sim,dispersion_mode_1,2.8672804543714,2.86728,-4.543714000604382e-07,-4.408854795198135,69.92602004279746,touchstone_ri,2.8672804543714,1.0,,,,5,55.09,19.3224
260516_2dsweep_noplunger,sim,07_3_TDS-body_Novel-2Dsweep-260516_5.s2p,,S12,f_mean,sim,dispersion_mode_1,2.8672804543714,2.86728,-4.543714000604382e-07,-1.9533307271614024,-20.087210748897935,touchstone_ri,2.8672804543714,1.0,,,,5,55.09,19.3224
260516_2dsweep_noplunger,sim,07_3_TDS-body_Novel-2Dsweep-260516_5.s2p,,S21,f_mean,sim,dispersion_mode_1,2.8672804543714,2.86728,-4.543714000604382e-07,-1.9542583062288128,-20.083439589557784,touchstone_ri,2.8672804543714,1.0,,,,5,55.09,19.3224
260516_2dsweep_noplunger,sim,07_3_TDS-body_Novel-2Dsweep-260516_5.s2p,,S22,f_mean,sim,dispersion_mode_1,2.8672804543714,2.86728,-4.543714000604382e-07,-4.40936367809,69.90763455230754,touchstone_ri,2.8672804543714,1.0,,,,5,55.09,19.3224
260516_2dsweep_noplunger,sim,07_3_TDS-body_Novel-2Dsweep-260516_50.s2p,,S11,f_mean,sim,dispersion_mode_1,2.8672804543714,2.86728,-4.543714000604382e-07,-17.676563976141562,82.2802905990737,touchstone_ri,2.8672804543714,1.0,,,,50,56.34,19.3224
260516_2dsweep_noplunger,sim,07_3_TDS-body_Novel-2Dsweep-260516_50.s2p,,S12,f_mean,sim,dispersion_mode_1,2.8672804543714,2.86728,-4.543714000604382e-07,-0.08428146428106068,-7.130317654163809,touchstone_ri,2.8672804543714,1.0,,,,50,56.34,19.3224
260516_2dsweep_noplunger,sim,07_3_TDS-body_Novel-2Dsweep-260516_50.s2p,,S21,f_mean,sim,dispersion_mode_1,2.8672804543714,2.86728,-4.543714000604382e-07,-0.08464376953971295,-7.127899604967702,touchstone_ri,2.8672804543714,1.0,,,,50,56.34,19.3224
260516_2dsweep_noplunger,sim,07_3_TDS-body_Novel-2Dsweep-260516_50.s2p,,S22,f_mean,sim,dispersion_mode_1,2.8672804543714,2.86728,-4.543714000604382e-07,-17.68516453707129,82.46904867159779,touchstone_ri,2.8672804543714,1.0,,,,50,56.34,19.3224
260516_2dsweep_noplunger,sim,07_3_TDS-body_Novel-2Dsweep-260516_51.s2p,,S11,f_mean,sim,dispersion_mode_1,2.8672804543714,2.86728,-4.543714000604382e-07,-10.661088020748004,72.52197716579025,touchstone_ri,2.8672804543714,1.0,,,,51,56.34,19.5724
260516_2dsweep_noplunger,sim,07_3_TDS-body_Novel-2Dsweep-260516_51.s2p,,S12,f_mean,sim,dispersion_mode_1,2.8672804543714,2.86728,-4.543714000604382e-07,-0.3896354611838896,-17.414797113762944,touchstone_ri,2.8672804543714,1.0,,,,51,56.34,19.5724
260516_2dsweep_noplunger,sim,07_3_TDS-body_Novel-2Dsweep-260516_51.s2p,,S21,f_mean,sim,dispersion_mode_1,2.8672804543714,2.86728,-4.543714000604382e-07,-0.3895773207897848,-17.41486893170649,touchstone_ri,2.8672804543714,1.0,,,,51,56.34,19.5724
260516_2dsweep_noplunger,sim,07_3_TDS-body_Novel-2Dsweep-260516_51.s2p,,S22,f_mean,sim,dispersion_mode_1,2.8672804543714,2.86728,-4.543714000604382e-07,-10.657915624465407,72.6707954863944,touchstone_ri,2.8672804543714,1.0,,,,51,56.34,19.5724
260516_2dsweep_noplunger,sim,07_3_TDS-body_Novel-2Dsweep-260516_52.s2p,,S11,f_mean,sim,dispersion_mode_1,2.8672804543714,2.86728,-4.543714000604382e-07,-7.23201706215978,63.15880755212155,touchstone_ri,2.8672804543714,1.0,,,,52,56.34,19.8224
260516_2dsweep_noplunger,sim,07_3_TDS-body_Novel-2Dsweep-260516_52.s2p,,S12,f_mean,sim,dispersion_mode_1,2.8672804543714,2.86728,-4.543714000604382e-07,-0.9098537295902347,-26.826967438615704,touchstone_ri,2.8672804543714,1.0,,,,52,56.34,19.8224
260516_2dsweep_noplunger,sim,07_3_TDS-body_Novel-2Dsweep-260516_52.s2p,,S21,f_mean,sim,dispersion_mode_1,2.8672804543714,2.86728,-4.543714000604382e-07,-0.9098099958417467,-26.826150221455087,touchstone_ri,2.8672804543714,1.0,,,,52,56.34,19.8224
260516_2dsweep_noplunger,sim,07_3_TDS-body_Novel-2Dsweep-260516_52.s2p,,S22,f_mean,sim,dispersion_mode_1,2.8672804543714,2.86728,-4.543714000604382e-07,-7.232776878234533,63.20621195007302,touchstone_ri,2.8672804543714,1.0,,,,52,56.34,19.8224
260516_2dsweep_noplunger,sim,07_3_TDS-body_Novel-2Dsweep-260516_53.s2p,,S11,f_mean,sim,dispersion_mode_1,2.8672804543714,2.86728,-4.543714000604382e-07,-5.181399604390017,54.94383520311369,touchstone_ri,2.8672804543714,1.0,,,,53,56.34,20.0724
260516_2dsweep_noplunger,sim,07_3_TDS-body_Novel-2Dsweep-260516_53.s2p,,S12,f_mean,sim,dispersion_mode_1,2.8672804543714,2.86728,-4.543714000604382e-07,-1.565229869012978,-35.08138969331654,touchstone_ri,2.8672804543714,1.0,,,,53,56.34,20.0724
260516_2dsweep_noplunger,sim,07_3_TDS-body_Novel-2Dsweep-260516_53.s2p,,S21,f_mean,sim,dispersion_mode_1,2.8672804543714,2.86728,-4.543714000604382e-07,-1.565333564487745,-35.080682912757595,touchstone_ri,2.8672804543714,1.0,,,,53,56.34,20.0724
260516_2dsweep_noplunger,sim,07_3_TDS-body_Novel-2Dsweep-260516_53.s2p,,S22,f_mean,sim,dispersion_mode_1,2.8672804543714,2.86728,-4.543714000604382e-07,-5.1815927185578525,54.97814873631109,touchstone_ri,2.8672804543714,1.0,,,,53,56.34,20.0724
260516_2dsweep_noplunger,sim,07_3_TDS-body_Novel-2Dsweep-260516_54.s2p,,S11,f_mean,sim,dispersion_mode_1,2.8672804543714,2.86728,-4.543714000604382e-07,-3.846379824988154,47.80779648477639,touchstone_ri,2.8672804543714,1.0,,,,54,56.34,20.3224
260516_2dsweep_noplunger,sim,07_3_TDS-body_Novel-2Dsweep-260516_54.s2p,,S12,f_mean,sim,dispersion_mode_1,2.8672804543714,2.86728,-4.543714000604382e-07,-2.309188911924853,-42.18740350364473,touchstone_ri,2.8672804543714,1.0,,,,54,56.34,20.3224
260516_2dsweep_noplunger,sim,07_3_TDS-body_Novel-2Dsweep-260516_54.s2p,,S21,f_mean,sim,dispersion_mode_1,2.8672804543714,2.86728,-4.543714000604382e-07,-2.3091668541383417,-42.18721322123331,touchstone_ri,2.8672804543714,1.0,,,,54,56.34,20.3224
260516_2dsweep_noplunger,sim,07_3_TDS-body_Novel-2Dsweep-260516_54.s2p,,S22,f_mean,sim,dispersion_mode_1,2.8672804543714,2.86728,-4.543714000604382e-07,-3.846189089916743,47.82419546388438,touchstone_ri,2.8672804543714,1.0,,,,54,56.34,20.3224
260516_2dsweep_noplunger,sim,07_3_TDS-body_Novel-2Dsweep-260516_55.s2p,,S11,f_mean,sim,dispersion_mode_1,2.8672804543714,2.86728,-4.543714000604382e-07,-5.509050718024136,-57.961467256289794,touchstone_ri,2.8672804543714,1.0,,,,55,56.59,18.3224
260516_2dsweep_noplunger,sim,07_3_TDS-body_Novel-2Dsweep-260516_55.s2p,,S12,f_mean,sim,dispersion_mode_1,2.8672804543714,2.86728,-4.543714000604382e-07,-1.4215989796985826,32.2130786564686,touchstone_ri,2.8672804543714,1.0,,,,55,56.59,18.3224
260516_2dsweep_noplunger,sim,07_3_TDS-body_Novel-2Dsweep-260516_55.s2p,,S21,f_mean,sim,dispersion_mode_1,2.8672804543714,2.86728,-4.543714000604382e-07,-1.421718489749525,32.21042627012978,touchstone_ri,2.8672804543714,1.0,,,,55,56.59,18.3224
260516_2dsweep_noplunger,sim,07_3_TDS-body_Novel-2Dsweep-260516_55.s2p,,S22,f_mean,sim,dispersion_mode_1,2.8672804543714,2.86728,-4.543714000604382e-07,-5.506592163284861,-57.884641880447106,touchstone_ri,2.8672804543714,1.0,,,,55,56.59,18.3224
260516_2dsweep_noplunger,sim,07_3_TDS-body_Novel-2Dsweep-260516_56.s2p,,S11,f_mean,sim,dispersion_mode_1,2.8672804543714,2.86728,-4.543714000604382e-07,-7.600156203908349,-66.01484754524736,touchstone_ri,2.8672804543714,1.0,,,,56,56.59,18.5724
260516_2dsweep_noplunger,sim,07_3_TDS-body_Novel-2Dsweep-260516_56.s2p,,S12,f_mean,sim,dispersion_mode_1,2.8672804543714,2.86728,-4.543714000604382e-07,-0.8284514391010923,23.96003613753382,touchstone_ri,2.8672804543714,1.0,,,,56,56.59,18.5724
260516_2dsweep_noplunger,sim,07_3_TDS-body_Novel-2Dsweep-260516_56.s2p,,S21,f_mean,sim,dispersion_mode_1,2.8672804543714,2.86728,-4.543714000604382e-07,-0.8286489838335886,23.959482111471864,touchstone_ri,2.8672804543714,1.0,,,,56,56.59,18.5724
260516_2dsweep_noplunger,sim,07_3_TDS-body_Novel-2Dsweep-260516_56.s2p,,S22,f_mean,sim,dispersion_mode_1,2.8672804543714,2.86728,-4.543714000604382e-07,-7.59979157168331,-66.07969474273074,touchstone_ri,2.8672804543714,1.0,,,,56,56.59,18.5724
260516_2dsweep_noplunger,sim,07_3_TDS-body_Novel-2Dsweep-260516_57.s2p,,S11,f_mean,sim,dispersion_mode_1,2.8672804543714,2.86728,-4.543714000604382e-07,-10.28809485470406,-74.02793255699962,touchstone_ri,2.8672804543714,1.0,,,,57,56.59,18.8224
260516_2dsweep_noplunger,sim,07_3_TDS-body_Novel-2Dsweep-260516_57.s2p,,S12,f_mean,sim,dispersion_mode_1,2.8672804543714,2.86728,-4.543714000604382e-07,-0.40037455940603506,16.438522219385778,touchstone_ri,2.8672804543714,1.0,,,,57,56.59,18.8224
260516_2dsweep_noplunger,sim,07_3_TDS-body_Novel-2Dsweep-260516_57.s2p,,S21,f_mean,sim,dispersion_mode_1,2.8672804543714,2.86728,-4.543714000604382e-07,-0.40232306223456304,16.413895324496895,touchstone_ri,2.8672804543714,1.0,,,,57,56.59,18.8224
260516_2dsweep_noplunger,sim,07_3_TDS-body_Novel-2Dsweep-260516_57.s2p,,S22,f_mean,sim,dispersion_mode_1,2.8672804543714,2.86728,-4.543714000604382e-07,-10.285896405349702,-74.16644286896464,touchstone_ri,2.8672804543714,1.0,,,,57,56.59,18.8224
260516_2dsweep_noplunger,sim,07_3_TDS-body_Novel-2Dsweep-260516_58.s2p,,S11,f_mean,sim,dispersion_mode_1,2.8672804543714,2.86728,-4.543714000604382e-07,-17.867440511076452,-84.6666173750577,touchstone_ri,2.8672804543714,1.0,,,,58,56.59,19.0724
260516_2dsweep_noplunger,sim,07_3_TDS-body_Novel-2Dsweep-260516_58.s2p,,S12,f_mean,sim,dispersion_mode_1,2.8672804543714,2.86728,-4.543714000604382e-07,-0.06942632803198111,5.242731693654023,touchstone_ri,2.8672804543714,1.0,,,,58,56.59,19.0724
260516_2dsweep_noplunger,sim,07_3_TDS-body_Novel-2Dsweep-260516_58.s2p,,S21,f_mean,sim,dispersion_mode_1,2.8672804543714,2.86728,-4.543714000604382e-07,-0.07008109162154717,5.250521414078778,touchstone_ri,2.8672804543714,1.0,,,,58,56.59,19.0724
260516_2dsweep_noplunger,sim,07_3_TDS-body_Novel-2Dsweep-260516_58.s2p,,S22,f_mean,sim,dispersion_mode_1,2.8672804543714,2.86728,-4.543714000604382e-07,-17.87420870356678,-85.02553628903932,touchstone_ri,2.8672804543714,1.0,,,,58,56.59,19.0724
260516_2dsweep_noplunger,sim,07_3_TDS-body_Novel-2Dsweep-260516_59.s2p,,S11,f_mean,sim,dispersion_mode_1,2.8672804543714,2.86728,-4.543714000604382e-07,-29.840992990076995,87.37677905317756,touchstone_ri,2.8672804543714,1.0,,,,59,56.59,19.3224
260516_2dsweep_noplunger,sim,07_3_TDS-body_Novel-2Dsweep-260516_59.s2p,,S12,f_mean,sim,dispersion_mode_1,2.8672804543714,2.86728,-4.543714000604382e-07,0.012687474680070088,-4.536043408957833,touchstone_ri,2.8672804543714,1.0,,,,59,56.59,19.3224
260516_2dsweep_noplunger,sim,07_3_TDS-body_Novel-2Dsweep-260516_59.s2p,,S21,f_mean,sim,dispersion_mode_1,2.8672804543714,2.86728,-4.543714000604382e-07,0.0113867958097567,-4.547488763923461,touchstone_ri,2.8672804543714,1.0,,,,59,56.59,19.3224
260516_2dsweep_noplunger,sim,07_3_TDS-body_Novel-2Dsweep-260516_59.s2p,,S22,f_mean,sim,dispersion_mode_1,2.8672804543714,2.86728,-4.543714000604382e-07,-29.775367987463657,90.25446108853788,touchstone_ri,2.8672804543714,1.0,,,,59,56.59,19.3224
260516_2dsweep_noplunger,sim,07_3_TDS-body_Novel-2Dsweep-260516_6.s2p,,S11,f_mean,sim,dispersion_mode_1,2.8672804543714,2.86728,-4.543714000604382e-07,-3.3565990003449597,62.197092296838385,touchstone_ri,2.8672804543714,1.0,,,,6,55.09,19.5724
260516_2dsweep_noplunger,sim,07_3_TDS-body_Novel-2Dsweep-260516_6.s2p,,S12,f_mean,sim,dispersion_mode_1,2.8672804543714,2.86728,-4.543714000604382e-07,-2.686658678145895,-27.825851455146125,touchstone_ri,2.8672804543714,1.0,,,,6,55.09,19.5724
260516_2dsweep_noplunger,sim,07_3_TDS-body_Novel-2Dsweep-260516_6.s2p,,S21,f_mean,sim,dispersion_mode_1,2.8672804543714,2.86728,-4.543714000604382e-07,-2.6869665277089245,-27.821770438352853,touchstone_ri,2.8672804543714,1.0,,,,6,55.09,19.5724
260516_2dsweep_noplunger,sim,07_3_TDS-body_Novel-2Dsweep-260516_6.s2p,,S22,f_mean,sim,dispersion_mode_1,2.8672804543714,2.86728,-4.543714000604382e-07,-3.3562523447459243,62.1977326762108,touchstone_ri,2.8672804543714,1.0,,,,6,55.09,19.5724
260516_2dsweep_noplunger,sim,07_3_TDS-body_Novel-2Dsweep-260516_60.s2p,,S11,f_mean,sim,dispersion_mode_1,2.8672804543714,2.86728,-4.543714000604382e-07,-13.627115421623548,74.68805933019732,touchstone_ri,2.8672804543714,1.0,,,,60,56.59,19.5724
260516_2dsweep_noplunger,sim,07_3_TDS-body_Novel-2Dsweep-260516_60.s2p,,S12,f_mean,sim,dispersion_mode_1,2.8672804543714,2.86728,-4.543714000604382e-07,-0.1915500233984429,-15.27890437715732,touchstone_ri,2.8672804543714,1.0,,,,60,56.59,19.5724
260516_2dsweep_noplunger,sim,07_3_TDS-body_Novel-2Dsweep-260516_60.s2p,,S21,f_mean,sim,dispersion_mode_1,2.8672804543714,2.86728,-4.543714000604382e-07,-0.19085604433928177,-15.281897269930978,touchstone_ri,2.8672804543714,1.0,,,,60,56.59,19.5724
260516_2dsweep_noplunger,sim,07_3_TDS-body_Novel-2Dsweep-260516_60.s2p,,S22,f_mean,sim,dispersion_mode_1,2.8672804543714,2.86728,-4.543714000604382e-07,-13.629483128625893,74.83358006670086,touchstone_ri,2.8672804543714,1.0,,,,60,56.59,19.5724
260516_2dsweep_noplunger,sim,07_3_TDS-body_Novel-2Dsweep-260516_61.s2p,,S11,f_mean,sim,dispersion_mode_1,2.8672804543714,2.86728,-4.543714000604382e-07,-8.714924700211435,64.58212233443889,touchstone_ri,2.8672804543714,1.0,,,,61,56.59,19.8224
260516_2dsweep_noplunger,sim,07_3_TDS-body_Novel-2Dsweep-260516_61.s2p,,S12,f_mean,sim,dispersion_mode_1,2.8672804543714,2.86728,-4.543714000604382e-07,-0.629399821940176,-25.281850799109836,touchstone_ri,2.8672804543714,1.0,,,,61,56.59,19.8224
260516_2dsweep_noplunger,sim,07_3_TDS-body_Novel-2Dsweep-260516_61.s2p,,S21,f_mean,sim,dispersion_mode_1,2.8672804543714,2.86728,-4.543714000604382e-07,-0.6288233998723944,-25.271920742377116,touchstone_ri,2.8672804543714,1.0,,,,61,56.59,19.8224
260516_2dsweep_noplunger,sim,07_3_TDS-body_Novel-2Dsweep-260516_61.s2p,,S22,f_mean,sim,dispersion_mode_1,2.8672804543714,2.86728,-4.543714000604382e-07,-8.71482475145396,64.79532360945639,touchstone_ri,2.8672804543714,1.0,,,,61,56.59,19.8224
260516_2dsweep_noplunger,sim,07_3_TDS-body_Novel-2Dsweep-260516_62.s2p,,S11,f_mean,sim,dispersion_mode_1,2.8672804543714,2.86728,-4.543714000604382e-07,-6.123493372194849,56.20678256982974,touchstone_ri,2.8672804543714,1.0,,,,62,56.59,20.0724
260516_2dsweep_noplunger,sim,07_3_TDS-body_Novel-2Dsweep-260516_62.s2p,,S12,f_mean,sim,dispersion_mode_1,2.8672804543714,2.86728,-4.543714000604382e-07,-1.2135520068223378,-33.85180948568923,touchstone_ri,2.8672804543714,1.0,,,,62,56.59,20.0724
260516_2dsweep_noplunger,sim,07_3_TDS-body_Novel-2Dsweep-260516_62.s2p,,S21,f_mean,sim,dispersion_mode_1,2.8672804543714,2.86728,-4.543714000604382e-07,-1.2139027798355724,-33.85868713966781,touchstone_ri,2.8672804543714,1.0,,,,62,56.59,20.0724
260516_2dsweep_noplunger,sim,07_3_TDS-body_Novel-2Dsweep-260516_62.s2p,,S22,f_mean,sim,dispersion_mode_1,2.8672804543714,2.86728,-4.543714000604382e-07,-6.121479792822369,56.133178676774236,touchstone_ri,2.8672804543714,1.0,,,,62,56.59,20.0724
260516_2dsweep_noplunger,sim,07_3_TDS-body_Novel-2Dsweep-260516_63.s2p,,S11,f_mean,sim,dispersion_mode_1,2.8672804543714,2.86728,-4.543714000604382e-07,-4.4202792280227765,48.35144416449897,touchstone_ri,2.8672804543714,1.0,,,,63,56.59,20.3224
260516_2dsweep_noplunger,sim,07_3_TDS-body_Novel-2Dsweep-260516_63.s2p,,S12,f_mean,sim,dispersion_mode_1,2.8672804543714,2.86728,-4.543714000604382e-07,-1.9475349108609465,-41.63280933539628,touchstone_ri,2.8672804543714,1.0,,,,63,56.59,20.3224
260516_2dsweep_noplunger,sim,07_3_TDS-body_Novel-2Dsweep-260516_63.s2p,,S21,f_mean,sim,dispersion_mode_1,2.8672804543714,2.86728,-4.543714000604382e-07,-1.9472544418159023,-41.63359959596675,touchstone_ri,2.8672804543714,1.0,,,,63,56.59,20.3224
260516_2dsweep_noplunger,sim,07_3_TDS-body_Novel-2Dsweep-260516_63.s2p,,S22,f_mean,sim,dispersion_mode_1,2.8672804543714,2.86728,-4.543714000604382e-07,-4.420328227165869,48.385114319242454,touchstone_ri,2.8672804543714,1.0,,,,63,56.59,20.3224
260516_2dsweep_noplunger,sim,07_3_TDS-body_Novel-2Dsweep-260516_64.s2p,,S11,f_mean,sim,dispersion_mode_1,2.8672804543714,2.86728,-4.543714000604382e-07,-4.476263865629155,-56.86848415927069,touchstone_ri,2.8672804543714,1.0,,,,64,56.84,18.3224
260516_2dsweep_noplunger,sim,07_3_TDS-body_Novel-2Dsweep-260516_64.s2p,,S12,f_mean,sim,dispersion_mode_1,2.8672804543714,2.86728,-4.543714000604382e-07,-1.914932308939059,33.095138435087605,touchstone_ri,2.8672804543714,1.0,,,,64,56.84,18.3224
260516_2dsweep_noplunger,sim,07_3_TDS-body_Novel-2Dsweep-260516_64.s2p,,S21,f_mean,sim,dispersion_mode_1,2.8672804543714,2.86728,-4.543714000604382e-07,-1.9147879618712143,33.09375742758212,touchstone_ri,2.8672804543714,1.0,,,,64,56.84,18.3224
260516_2dsweep_noplunger,sim,07_3_TDS-body_Novel-2Dsweep-260516_64.s2p,,S22,f_mean,sim,dispersion_mode_1,2.8672804543714,2.86728,-4.543714000604382e-07,-4.477220701630174,-56.96414551553834,touchstone_ri,2.8672804543714,1.0,,,,64,56.84,18.3224
260516_2dsweep_noplunger,sim,07_3_TDS-body_Novel-2Dsweep-260516_65.s2p,,S11,f_mean,sim,dispersion_mode_1,2.8672804543714,2.86728,-4.543714000604382e-07,-6.041791493107826,-64.25402347157015,touchstone_ri,2.8672804543714,1.0,,,,65,56.84,18.5724
260516_2dsweep_noplunger,sim,07_3_TDS-body_Novel-2Dsweep-260516_65.s2p,,S12,f_mean,sim,dispersion_mode_1,2.8672804543714,2.86728,-4.543714000604382e-07,-1.2407555638256793,25.773270153233316,touchstone_ri,2.8672804543714,1.0,,,,65,56.84,18.5724
260516_2dsweep_noplunger,sim,07_3_TDS-body_Novel-2Dsweep-260516_65.s2p,,S21,f_mean,sim,dispersion_mode_1,2.8672804543714,2.86728,-4.543714000604382e-07,-1.2406595834635479,25.77281069392675,touchstone_ri,2.8672804543714,1.0,,,,65,56.84,18.5724
260516_2dsweep_noplunger,sim,07_3_TDS-body_Novel-2Dsweep-260516_65.s2p,,S22,f_mean,sim,dispersion_mode_1,2.8672804543714,2.86728,-4.543714000604382e-07,-6.040326586384527,-64.24509498256467,touchstone_ri,2.8672804543714,1.0,,,,65,56.84,18.5724
260516_2dsweep_noplunger,sim,07_3_TDS-body_Novel-2Dsweep-260516_66.s2p,,S11,f_mean,sim,dispersion_mode_1,2.8672804543714,2.86728,-4.543714000604382e-07,-8.348770974333489,-72.654984018381,touchstone_ri,2.8672804543714,1.0,,,,66,56.84,18.8224
260516_2dsweep_noplunger,sim,07_3_TDS-body_Novel-2Dsweep-260516_66.s2p,,S12,f_mean,sim,dispersion_mode_1,2.8672804543714,2.86728,-4.543714000604382e-07,-0.6551822934451732,17.850571997876347,touchstone_ri,2.8672804543714,1.0,,,,66,56.84,18.8224
260516_2dsweep_noplunger,sim,07_3_TDS-body_Novel-2Dsweep-260516_66.s2p,,S21,f_mean,sim,dispersion_mode_1,2.8672804543714,2.86728,-4.543714000604382e-07,-0.6644964034559052,17.81211820309612,touchstone_ri,2.8672804543714,1.0,,,,66,56.84,18.8224
260516_2dsweep_noplunger,sim,07_3_TDS-body_Novel-2Dsweep-260516_66.s2p,,S22,f_mean,sim,dispersion_mode_1,2.8672804543714,2.86728,-4.543714000604382e-07,-8.336462071519373,-72.56825184170496,touchstone_ri,2.8672804543714,1.0,,,,66,56.84,18.8224
260516_2dsweep_noplunger,sim,07_3_TDS-body_Novel-2Dsweep-260516_67.s2p,,S11,f_mean,sim,dispersion_mode_1,2.8672804543714,2.86728,-4.543714000604382e-07,-12.999246990409683,-82.24069385288725,touchstone_ri,2.8672804543714,1.0,,,,67,56.84,19.0724
260516_2dsweep_noplunger,sim,07_3_TDS-body_Novel-2Dsweep-260516_67.s2p,,S12,f_mean,sim,dispersion_mode_1,2.8672804543714,2.86728,-4.543714000604382e-07,-0.2262209461040423,7.7929257060053665,touchstone_ri,2.8672804543714,1.0,,,,67,56.84,19.0724
260516_2dsweep_noplunger,sim,07_3_TDS-body_Novel-2Dsweep-260516_67.s2p,,S21,f_mean,sim,dispersion_mode_1,2.8672804543714,2.86728,-4.543714000604382e-07,-0.22631970782269223,7.78818481797682,touchstone_ri,2.8672804543714,1.0,,,,67,56.84,19.0724
260516_2dsweep_noplunger,sim,07_3_TDS-body_Novel-2Dsweep-260516_67.s2p,,S22,f_mean,sim,dispersion_mode_1,2.8672804543714,2.86728,-4.543714000604382e-07,-13.00083316291401,-82.02016041321136,touchstone_ri,2.8672804543714,1.0,,,,67,56.84,19.0724
260516_2dsweep_noplunger,sim,07_3_TDS-body_Novel-2Dsweep-260516_68.s2p,,S11,f_mean,sim,dispersion_mode_1,2.8672804543714,2.86728,-4.543714000604382e-07,-23.49092003779618,-84.28956593037373,touchstone_ri,2.8672804543714,1.0,,,,68,56.84,19.3224
260516_2dsweep_noplunger,sim,07_3_TDS-body_Novel-2Dsweep-260516_68.s2p,,S12,f_mean,sim,dispersion_mode_1,2.8672804543714,2.86728,-4.543714000604382e-07,-0.0765486435177837,-1.7916928446014495,touchstone_ri,2.8672804543714,1.0,,,,68,56.84,19.3224
260516_2dsweep_noplunger,sim,07_3_TDS-body_Novel-2Dsweep-260516_68.s2p,,S21,f_mean,sim,dispersion_mode_1,2.8672804543714,2.86728,-4.543714000604382e-07,-0.10355958255041692,-1.7356064118628547,touchstone_ri,2.8672804543714,1.0,,,,68,56.84,19.3224
260516_2dsweep_noplunger,sim,07_3_TDS-body_Novel-2Dsweep-260516_68.s2p,,S22,f_mean,sim,dispersion_mode_1,2.8672804543714,2.86728,-4.543714000604382e-07,-23.50379711146998,-85.67850723834,touchstone_ri,2.8672804543714,1.0,,,,68,56.84,19.3224
260516_2dsweep_noplunger,sim,07_3_TDS-body_Novel-2Dsweep-260516_69.s2p,,S11,f_mean,sim,dispersion_mode_1,2.8672804543714,2.86728,-4.543714000604382e-07,-17.852741254791347,76.59142394942174,touchstone_ri,2.8672804543714,1.0,,,,69,56.84,19.5724
260516_2dsweep_noplunger,sim,07_3_TDS-body_Novel-2Dsweep-260516_69.s2p,,S12,f_mean,sim,dispersion_mode_1,2.8672804543714,2.86728,-4.543714000604382e-07,-0.07344119085176222,-13.346646118080374,touchstone_ri,2.8672804543714,1.0,,,,69,56.84,19.5724
260516_2dsweep_noplunger,sim,07_3_TDS-body_Novel-2Dsweep-260516_69.s2p,,S21,f_mean,sim,dispersion_mode_1,2.8672804543714,2.86728,-4.543714000604382e-07,-0.07335628177190485,-13.346078771343908,touchstone_ri,2.8672804543714,1.0,,,,69,56.84,19.5724
260516_2dsweep_noplunger,sim,07_3_TDS-body_Novel-2Dsweep-260516_69.s2p,,S22,f_mean,sim,dispersion_mode_1,2.8672804543714,2.86728,-4.543714000604382e-07,-17.852996104431107,76.55463498631235,touchstone_ri,2.8672804543714,1.0,,,,69,56.84,19.5724
260516_2dsweep_noplunger,sim,07_3_TDS-body_Novel-2Dsweep-260516_7.s2p,,S11,f_mean,sim,dispersion_mode_1,2.8672804543714,2.86728,-4.543714000604382e-07,-2.5812690858111083,55.2286646700968,touchstone_ri,2.8672804543714,1.0,,,,7,55.09,19.8224
260516_2dsweep_noplunger,sim,07_3_TDS-body_Novel-2Dsweep-260516_7.s2p,,S12,f_mean,sim,dispersion_mode_1,2.8672804543714,2.86728,-4.543714000604382e-07,-3.4850417520355457,-34.7130295996526,touchstone_ri,2.8672804543714,1.0,,,,7,55.09,19.8224
260516_2dsweep_noplunger,sim,07_3_TDS-body_Novel-2Dsweep-260516_7.s2p,,S21,f_mean,sim,dispersion_mode_1,2.8672804543714,2.86728,-4.543714000604382e-07,-3.485179615267109,-34.71784277637992,touchstone_ri,2.8672804543714,1.0,,,,7,55.09,19.8224
260516_2dsweep_noplunger,sim,07_3_TDS-body_Novel-2Dsweep-260516_7.s2p,,S22,f_mean,sim,dispersion_mode_1,2.8672804543714,2.86728,-4.543714000604382e-07,-2.580608286888916,55.35620881779706,touchstone_ri,2.8672804543714,1.0,,,,7,55.09,19.8224
260516_2dsweep_noplunger,sim,07_3_TDS-body_Novel-2Dsweep-260516_70.s2p,,S11,f_mean,sim,dispersion_mode_1,2.8672804543714,2.86728,-4.543714000604382e-07,-10.638805049391989,66.5176644161597,touchstone_ri,2.8672804543714,1.0,,,,70,56.84,19.8224
260516_2dsweep_noplunger,sim,07_3_TDS-body_Novel-2Dsweep-260516_70.s2p,,S12,f_mean,sim,dispersion_mode_1,2.8672804543714,2.86728,-4.543714000604382e-07,-0.3916767311989191,-23.442512779084016,touchstone_ri,2.8672804543714,1.0,,,,70,56.84,19.8224
260516_2dsweep_noplunger,sim,07_3_TDS-body_Novel-2Dsweep-260516_70.s2p,,S21,f_mean,sim,dispersion_mode_1,2.8672804543714,2.86728,-4.543714000604382e-07,-0.39168370130254154,-23.443055953669656,touchstone_ri,2.8672804543714,1.0,,,,70,56.84,19.8224
260516_2dsweep_noplunger,sim,07_3_TDS-body_Novel-2Dsweep-260516_70.s2p,,S22,f_mean,sim,dispersion_mode_1,2.8672804543714,2.86728,-4.543714000604382e-07,-10.635409789533341,66.61671122816979,touchstone_ri,2.8672804543714,1.0,,,,70,56.84,19.8224
260516_2dsweep_noplunger,sim,07_3_TDS-body_Novel-2Dsweep-260516_71.s2p,,S11,f_mean,sim,dispersion_mode_1,2.8672804543714,2.86728,-4.543714000604382e-07,-7.199459769634027,57.411511257953634,touchstone_ri,2.8672804543714,1.0,,,,71,56.84,20.0724
260516_2dsweep_noplunger,sim,07_3_TDS-body_Novel-2Dsweep-260516_71.s2p,,S12,f_mean,sim,dispersion_mode_1,2.8672804543714,2.86728,-4.543714000604382e-07,-0.9199976436533193,-32.57906896557376,touchstone_ri,2.8672804543714,1.0,,,,71,56.84,20.0724
260516_2dsweep_noplunger,sim,07_3_TDS-body_Novel-2Dsweep-260516_71.s2p,,S21,f_mean,sim,dispersion_mode_1,2.8672804543714,2.86728,-4.543714000604382e-07,-0.9199668654668325,-32.57999872808848,touchstone_ri,2.8672804543714,1.0,,,,71,56.84,20.0724
260516_2dsweep_noplunger,sim,07_3_TDS-body_Novel-2Dsweep-260516_71.s2p,,S22,f_mean,sim,dispersion_mode_1,2.8672804543714,2.86728,-4.543714000604382e-07,-7.1996551560906,57.38218777316693,touchstone_ri,2.8672804543714,1.0,,,,71,56.84,20.0724
260516_2dsweep_noplunger,sim,07_3_TDS-body_Novel-2Dsweep-260516_72.s2p,,S11,f_mean,sim,dispersion_mode_1,2.8672804543714,2.86728,-4.543714000604382e-07,-5.123013990269369,49.180492089742415,touchstone_ri,2.8672804543714,1.0,,,,72,56.84,20.3224
260516_2dsweep_noplunger,sim,07_3_TDS-body_Novel-2Dsweep-260516_72.s2p,,S12,f_mean,sim,dispersion_mode_1,2.8672804543714,2.86728,-4.543714000604382e-07,-1.604085777029847,-40.71504409996302,touchstone_ri,2.8672804543714,1.0,,,,72,56.84,20.3224
260516_2dsweep_noplunger,sim,07_3_TDS-body_Novel-2Dsweep-260516_72.s2p,,S21,f_mean,sim,dispersion_mode_1,2.8672804543714,2.86728,-4.543714000604382e-07,-1.6036085227773842,-40.686478170281205,touchstone_ri,2.8672804543714,1.0,,,,72,56.84,20.3224
260516_2dsweep_noplunger,sim,07_3_TDS-body_Novel-2Dsweep-260516_72.s2p,,S22,f_mean,sim,dispersion_mode_1,2.8672804543714,2.86728,-4.543714000604382e-07,-5.120985364065725,49.250709090044566,touchstone_ri,2.8672804543714,1.0,,,,72,56.84,20.3224
260516_2dsweep_noplunger,sim,07_3_TDS-body_Novel-2Dsweep-260516_73.s2p,,S11,f_mean,sim,dispersion_mode_1,2.8672804543714,2.86728,-4.543714000604382e-07,-3.624758716838336,-55.662808400228755,touchstone_ri,2.8672804543714,1.0,,,,73,57.09,18.3224
260516_2dsweep_noplunger,sim,07_3_TDS-body_Novel-2Dsweep-260516_73.s2p,,S12,f_mean,sim,dispersion_mode_1,2.8672804543714,2.86728,-4.543714000604382e-07,-2.472232781109842,34.3067418500278,touchstone_ri,2.8672804543714,1.0,,,,73,57.09,18.3224
260516_2dsweep_noplunger,sim,07_3_TDS-body_Novel-2Dsweep-260516_73.s2p,,S21,f_mean,sim,dispersion_mode_1,2.8672804543714,2.86728,-4.543714000604382e-07,-2.4719148862248126,34.30516908963241,touchstone_ri,2.8672804543714,1.0,,,,73,57.09,18.3224
260516_2dsweep_noplunger,sim,07_3_TDS-body_Novel-2Dsweep-260516_73.s2p,,S22,f_mean,sim,dispersion_mode_1,2.8672804543714,2.86728,-4.543714000604382e-07,-3.626361597091185,-55.718151436360344,touchstone_ri,2.8672804543714,1.0,,,,73,57.09,18.3224
260516_2dsweep_noplunger,sim,07_3_TDS-body_Novel-2Dsweep-260516_74.s2p,,S11,f_mean,sim,dispersion_mode_1,2.8672804543714,2.86728,-4.543714000604382e-07,-4.860023013305261,-62.404792336877776,touchstone_ri,2.8672804543714,1.0,,,,74,57.09,18.5724
260516_2dsweep_noplunger,sim,07_3_TDS-body_Novel-2Dsweep-260516_74.s2p,,S12,f_mean,sim,dispersion_mode_1,2.8672804543714,2.86728,-4.543714000604382e-07,-1.7183169683583446,27.583683722909278,touchstone_ri,2.8672804543714,1.0,,,,74,57.09,18.5724
260516_2dsweep_noplunger,sim,07_3_TDS-body_Novel-2Dsweep-260516_74.s2p,,S21,f_mean,sim,dispersion_mode_1,2.8672804543714,2.86728,-4.543714000604382e-07,-1.7184266220431677,27.583630492773608,touchstone_ri,2.8672804543714,1.0,,,,74,57.09,18.5724
260516_2dsweep_noplunger,sim,07_3_TDS-body_Novel-2Dsweep-260516_74.s2p,,S22,f_mean,sim,dispersion_mode_1,2.8672804543714,2.86728,-4.543714000604382e-07,-4.859665049336773,-62.411522752899366,touchstone_ri,2.8672804543714,1.0,,,,74,57.09,18.5724
260516_2dsweep_noplunger,sim,07_3_TDS-body_Novel-2Dsweep-260516_75.s2p,,S11,f_mean,sim,dispersion_mode_1,2.8672804543714,2.86728,-4.543714000604382e-07,-6.855676716210467,-70.6022606793679,touchstone_ri,2.8672804543714,1.0,,,,75,57.09,18.8224
260516_2dsweep_noplunger,sim,07_3_TDS-body_Novel-2Dsweep-260516_75.s2p,,S12,f_mean,sim,dispersion_mode_1,2.8672804543714,2.86728,-4.543714000604382e-07,-1.0038854639584363,19.381935577723638,touchstone_ri,2.8672804543714,1.0,,,,75,57.09,18.8224
260516_2dsweep_noplunger,sim,07_3_TDS-body_Novel-2Dsweep-260516_75.s2p,,S21,f_mean,sim,dispersion_mode_1,2.8672804543714,2.86728,-4.543714000604382e-07,-1.0038741607037067,19.3813909109439,touchstone_ri,2.8672804543714,1.0,,,,75,57.09,18.8224
260516_2dsweep_noplunger,sim,07_3_TDS-body_Novel-2Dsweep-260516_75.s2p,,S22,f_mean,sim,dispersion_mode_1,2.8672804543714,2.86728,-4.543714000604382e-07,-6.856227370111673,-70.6179437143821,touchstone_ri,2.8672804543714,1.0,,,,75,57.09,18.8224
260516_2dsweep_noplunger,sim,07_3_TDS-body_Novel-2Dsweep-260516_76.s2p,,S11,f_mean,sim,dispersion_mode_1,2.8672804543714,2.86728,-4.543714000604382e-07,-9.982872711028131,-79.66716264747453,touchstone_ri,2.8672804543714,1.0,,,,76,57.09,19.0724
260516_2dsweep_noplunger,sim,07_3_TDS-body_Novel-2Dsweep-260516_76.s2p,,S12,f_mean,sim,dispersion_mode_1,2.8672804543714,2.86728,-4.543714000604382e-07,-0.4564478990065557,10.553861064896893,touchstone_ri,2.8672804543714,1.0,,,,76,57.09,19.0724
260516_2dsweep_noplunger,sim,07_3_TDS-body_Novel-2Dsweep-260516_76.s2p,,S21,f_mean,sim,dispersion_mode_1,2.8672804543714,2.86728,-4.543714000604382e-07,-0.45621715038041233,10.55583632029633,touchstone_ri,2.8672804543714,1.0,,,,76,57.09,19.0724
260516_2dsweep_noplunger,sim,07_3_TDS-body_Novel-2Dsweep-260516_76.s2p,,S22,f_mean,sim,dispersion_mode_1,2.8672804543714,2.86728,-4.543714000604382e-07,-9.98017245257778,-79.35596293595036,touchstone_ri,2.8672804543714,1.0,,,,76,57.09,19.0724
260516_2dsweep_noplunger,sim,07_3_TDS-body_Novel-2Dsweep-260516_77.s2p,,S11,f_mean,sim,dispersion_mode_1,2.8672804543714,2.86728,-4.543714000604382e-07,-16.625511391183558,-89.58857474480023,touchstone_ri,2.8672804543714,1.0,,,,77,57.09,19.3224
260516_2dsweep_noplunger,sim,07_3_TDS-body_Novel-2Dsweep-260516_77.s2p,,S12,f_mean,sim,dispersion_mode_1,2.8672804543714,2.86728,-4.543714000604382e-07,-0.09483688912115282,0.2594361257460265,touchstone_ri,2.8672804543714,1.0,,,,77,57.09,19.3224
260516_2dsweep_noplunger,sim,07_3_TDS-body_Novel-2Dsweep-260516_77.s2p,,S21,f_mean,sim,dispersion_mode_1,2.8672804543714,2.86728,-4.543714000604382e-07,-0.0949256273790283,0.2593686534027113,touchstone_ri,2.8672804543714,1.0,,,,77,57.09,19.3224
260516_2dsweep_noplunger,sim,07_3_TDS-body_Novel-2Dsweep-260516_77.s2p,,S22,f_mean,sim,dispersion_mode_1,2.8672804543714,2.86728,-4.543714000604382e-07,-16.628286433111615,-89.94089119884775,touchstone_ri,2.8672804543714,1.0,,,,77,57.09,19.3224
260516_2dsweep_noplunger,sim,07_3_TDS-body_Novel-2Dsweep-260516_78.s2p,,S11,f_mean,sim,dispersion_mode_1,2.8672804543714,2.86728,-4.543714000604382e-07,-27.472886160464746,78.7640259420455,touchstone_ri,2.8672804543714,1.0,,,,78,57.09,19.5724
260516_2dsweep_noplunger,sim,07_3_TDS-body_Novel-2Dsweep-260516_78.s2p,,S12,f_mean,sim,dispersion_mode_1,2.8672804543714,2.86728,-4.543714000604382e-07,-0.009235749253954383,-10.93816709294655,touchstone_ri,2.8672804543714,1.0,,,,78,57.09,19.5724
260516_2dsweep_noplunger,sim,07_3_TDS-body_Novel-2Dsweep-260516_78.s2p,,S21,f_mean,sim,dispersion_mode_1,2.8672804543714,2.86728,-4.543714000604382e-07,-0.009096379964952382,-10.93901715585095,touchstone_ri,2.8672804543714,1.0,,,,78,57.09,19.5724
260516_2dsweep_noplunger,sim,07_3_TDS-body_Novel-2Dsweep-260516_78.s2p,,S22,f_mean,sim,dispersion_mode_1,2.8672804543714,2.86728,-4.543714000604382e-07,-27.46799812075224,78.91857567130988,touchstone_ri,2.8672804543714,1.0,,,,78,57.09,19.5724
260516_2dsweep_noplunger,sim,07_3_TDS-body_Novel-2Dsweep-260516_79.s2p,,S11,f_mean,sim,dispersion_mode_1,2.8672804543714,2.86728,-4.543714000604382e-07,-12.963318386324394,68.227891266907,touchstone_ri,2.8672804543714,1.0,,,,79,57.09,19.8224
260516_2dsweep_noplunger,sim,07_3_TDS-body_Novel-2Dsweep-260516_79.s2p,,S12,f_mean,sim,dispersion_mode_1,2.8672804543714,2.86728,-4.543714000604382e-07,-0.2246379073226434,-21.764081137335687,touchstone_ri,2.8672804543714,1.0,,,,79,57.09,19.8224
260516_2dsweep_noplunger,sim,07_3_TDS-body_Novel-2Dsweep-260516_79.s2p,,S21,f_mean,sim,dispersion_mode_1,2.8672804543714,2.86728,-4.543714000604382e-07,-0.22587147069492067,-21.756170038068323,touchstone_ri,2.8672804543714,1.0,,,,79,57.09,19.8224
260516_2dsweep_noplunger,sim,07_3_TDS-body_Novel-2Dsweep-260516_79.s2p,,S22,f_mean,sim,dispersion_mode_1,2.8672804543714,2.86728,-4.543714000604382e-07,-12.970931427368777,68.24594906099664,touchstone_ri,2.8672804543714,1.0,,,,79,57.09,19.8224
260516_2dsweep_noplunger,sim,07_3_TDS-body_Novel-2Dsweep-260516_8.s2p,,S11,f_mean,sim,dispersion_mode_1,2.8672804543714,2.86728,-4.543714000604382e-07,-2.000114000430187,49.13047448216395,touchstone_ri,2.8672804543714,1.0,,,,8,55.09,20.0724
260516_2dsweep_noplunger,sim,07_3_TDS-body_Novel-2Dsweep-260516_8.s2p,,S12,f_mean,sim,dispersion_mode_1,2.8672804543714,2.86728,-4.543714000604382e-07,-4.328007628582755,-40.87221824781911,touchstone_ri,2.8672804543714,1.0,,,,8,55.09,20.0724
260516_2dsweep_noplunger,sim,07_3_TDS-body_Novel-2Dsweep-260516_8.s2p,,S21,f_mean,sim,dispersion_mode_1,2.8672804543714,2.86728,-4.543714000604382e-07,-4.328824180380378,-40.86746356412371,touchstone_ri,2.8672804543714,1.0,,,,8,55.09,20.0724
260516_2dsweep_noplunger,sim,07_3_TDS-body_Novel-2Dsweep-260516_8.s2p,,S22,f_mean,sim,dispersion_mode_1,2.8672804543714,2.86728,-4.543714000604382e-07,-1.999954887810984,49.13617907601398,touchstone_ri,2.8672804543714,1.0,,,,8,55.09,20.0724
260516_2dsweep_noplunger,sim,07_3_TDS-body_Novel-2Dsweep-260516_80.s2p,,S11,f_mean,sim,dispersion_mode_1,2.8672804543714,2.86728,-4.543714000604382e-07,-8.570707590547539,59.2137109681227,touchstone_ri,2.8672804543714,1.0,,,,80,57.09,20.0724
260516_2dsweep_noplunger,sim,07_3_TDS-body_Novel-2Dsweep-260516_80.s2p,,S12,f_mean,sim,dispersion_mode_1,2.8672804543714,2.86728,-4.543714000604382e-07,-0.6376216272373909,-30.88559487833064,touchstone_ri,2.8672804543714,1.0,,,,80,57.09,20.0724
260516_2dsweep_noplunger,sim,07_3_TDS-body_Novel-2Dsweep-260516_80.s2p,,S21,f_mean,sim,dispersion_mode_1,2.8672804543714,2.86728,-4.543714000604382e-07,-0.6360436542810167,-30.875277584533237,touchstone_ri,2.8672804543714,1.0,,,,80,57.09,20.0724
260516_2dsweep_noplunger,sim,07_3_TDS-body_Novel-2Dsweep-260516_80.s2p,,S22,f_mean,sim,dispersion_mode_1,2.8672804543714,2.86728,-4.543714000604382e-07,-8.579104168663847,59.43957435264782,touchstone_ri,2.8672804543714,1.0,,,,80,57.09,20.0724
260516_2dsweep_noplunger,sim,07_3_TDS-body_Novel-2Dsweep-260516_81.s2p,,S11,f_mean,sim,dispersion_mode_1,2.8672804543714,2.86728,-4.543714000604382e-07,-5.812620144793238,50.040194504580235,touchstone_ri,2.8672804543714,1.0,,,,81,57.09,20.3224
260516_2dsweep_noplunger,sim,07_3_TDS-body_Novel-2Dsweep-260516_81.s2p,,S12,f_mean,sim,dispersion_mode_1,2.8672804543714,2.86728,-4.543714000604382e-07,-1.311543271830414,-40.0524665210082,touchstone_ri,2.8672804543714,1.0,,,,81,57.09,20.3224
260516_2dsweep_noplunger,sim,07_3_TDS-body_Novel-2Dsweep-260516_81.s2p,,S21,f_mean,sim,dispersion_mode_1,2.8672804543714,2.86728,-4.543714000604382e-07,-1.3109978667153928,-40.053067041375314,touchstone_ri,2.8672804543714,1.0,,,,81,57.09,20.3224
260516_2dsweep_noplunger,sim,07_3_TDS-body_Novel-2Dsweep-260516_81.s2p,,S22,f_mean,sim,dispersion_mode_1,2.8672804543714,2.86728,-4.543714000604382e-07,-5.810562723810165,50.07711261299547,touchstone_ri,2.8672804543714,1.0,,,,81,57.09,20.3224
260516_2dsweep_noplunger,sim,07_3_TDS-body_Novel-2Dsweep-260516_82.s2p,,S11,f_mean,sim,dispersion_mode_1,2.8672804543714,2.86728,-4.543714000604382e-07,-2.9976221167837327,-54.6894186100305,touchstone_ri,2.8672804543714,1.0,,,,82,57.34,18.3224
260516_2dsweep_noplunger,sim,07_3_TDS-body_Novel-2Dsweep-260516_82.s2p,,S12,f_mean,sim,dispersion_mode_1,2.8672804543714,2.86728,-4.543714000604382e-07,-3.0224592588337695,35.296362883274384,touchstone_ri,2.8672804543714,1.0,,,,82,57.34,18.3224
260516_2dsweep_noplunger,sim,07_3_TDS-body_Novel-2Dsweep-260516_82.s2p,,S21,f_mean,sim,dispersion_mode_1,2.8672804543714,2.86728,-4.543714000604382e-07,-3.0224842372345586,35.29629978273627,touchstone_ri,2.8672804543714,1.0,,,,82,57.34,18.3224
260516_2dsweep_noplunger,sim,07_3_TDS-body_Novel-2Dsweep-260516_82.s2p,,S22,f_mean,sim,dispersion_mode_1,2.8672804543714,2.86728,-4.543714000604382e-07,-2.997683906766359,-54.72460141717379,touchstone_ri,2.8672804543714,1.0,,,,82,57.34,18.3224
260516_2dsweep_noplunger,sim,07_3_TDS-body_Novel-2Dsweep-260516_83.s2p,,S11,f_mean,sim,dispersion_mode_1,2.8672804543714,2.86728,-4.543714000604382e-07,-3.9879363202040037,-60.791958832109835,touchstone_ri,2.8672804543714,1.0,,,,83,57.34,18.5724
260516_2dsweep_noplunger,sim,07_3_TDS-body_Novel-2Dsweep-260516_83.s2p,,S12,f_mean,sim,dispersion_mode_1,2.8672804543714,2.86728,-4.543714000604382e-07,-2.2135183312598947,29.171630580868587,touchstone_ri,2.8672804543714,1.0,,,,83,57.34,18.5724
260516_2dsweep_noplunger,sim,07_3_TDS-body_Novel-2Dsweep-260516_83.s2p,,S21,f_mean,sim,dispersion_mode_1,2.8672804543714,2.86728,-4.543714000604382e-07,-2.213473227063888,29.17350407467451,touchstone_ri,2.8672804543714,1.0,,,,83,57.34,18.5724
260516_2dsweep_noplunger,sim,07_3_TDS-body_Novel-2Dsweep-260516_83.s2p,,S22,f_mean,sim,dispersion_mode_1,2.8672804543714,2.86728,-4.543714000604382e-07,-3.9877531185087847,-60.853112650870244,touchstone_ri,2.8672804543714,1.0,,,,83,57.34,18.5724
260516_2dsweep_noplunger,sim,07_3_TDS-body_Novel-2Dsweep-260516_84.s2p,,S11,f_mean,sim,dispersion_mode_1,2.8672804543714,2.86728,-4.543714000604382e-07,-5.614756778349851,-68.60610198322338,touchstone_ri,2.8672804543714,1.0,,,,84,57.34,18.8224
260516_2dsweep_noplunger,sim,07_3_TDS-body_Novel-2Dsweep-260516_84.s2p,,S12,f_mean,sim,dispersion_mode_1,2.8672804543714,2.86728,-4.543714000604382e-07,-1.3987804772859418,21.382798359783674,touchstone_ri,2.8672804543714,1.0,,,,84,57.34,18.8224
260516_2dsweep_noplunger,sim,07_3_TDS-body_Novel-2Dsweep-260516_84.s2p,,S21,f_mean,sim,dispersion_mode_1,2.8672804543714,2.86728,-4.543714000604382e-07,-1.3914955850149815,21.399301583623334,touchstone_ri,2.8672804543714,1.0,,,,84,57.34,18.8224
260516_2dsweep_noplunger,sim,07_3_TDS-body_Novel-2Dsweep-260516_84.s2p,,S22,f_mean,sim,dispersion_mode_1,2.8672804543714,2.86728,-4.543714000604382e-07,-5.601461947382215,-68.63466764448368,touchstone_ri,2.8672804543714,1.0,,,,84,57.34,18.8224
260516_2dsweep_noplunger,sim,07_3_TDS-body_Novel-2Dsweep-260516_85.s2p,,S11,f_mean,sim,dispersion_mode_1,2.8672804543714,2.86728,-4.543714000604382e-07,-8.220093687314604,-77.59926700402211,touchstone_ri,2.8672804543714,1.0,,,,85,57.34,19.0724
260516_2dsweep_noplunger,sim,07_3_TDS-body_Novel-2Dsweep-260516_85.s2p,,S12,f_mean,sim,dispersion_mode_1,2.8672804543714,2.86728,-4.543714000604382e-07,-0.7096085838008064,12.393578570927536,touchstone_ri,2.8672804543714,1.0,,,,85,57.34,19.0724
260516_2dsweep_noplunger,sim,07_3_TDS-body_Novel-2Dsweep-260516_85.s2p,,S21,f_mean,sim,dispersion_mode_1,2.8672804543714,2.86728,-4.543714000604382e-07,-0.709777341511436,12.393073242110269,touchstone_ri,2.8672804543714,1.0,,,,85,57.34,19.0724
260516_2dsweep_noplunger,sim,07_3_TDS-body_Novel-2Dsweep-260516_85.s2p,,S22,f_mean,sim,dispersion_mode_1,2.8672804543714,2.86728,-4.543714000604382e-07,-8.219778822407548,-77.59824264702833,touchstone_ri,2.8672804543714,1.0,,,,85,57.34,19.0724
260516_2dsweep_noplunger,sim,07_3_TDS-body_Novel-2Dsweep-260516_86.s2p,,S11,f_mean,sim,dispersion_mode_1,2.8672804543714,2.86728,-4.543714000604382e-07,-13.178996340810802,-87.96937836439987,touchstone_ri,2.8672804543714,1.0,,,,86,57.34,19.3224
260516_2dsweep_noplunger,sim,07_3_TDS-body_Novel-2Dsweep-260516_86.s2p,,S12,f_mean,sim,dispersion_mode_1,2.8672804543714,2.86728,-4.543714000604382e-07,-0.2165952709395933,2.0219540689990647,touchstone_ri,2.8672804543714,1.0,,,,86,57.34,19.3224
260516_2dsweep_noplunger,sim,07_3_TDS-body_Novel-2Dsweep-260516_86.s2p,,S21,f_mean,sim,dispersion_mode_1,2.8672804543714,2.86728,-4.543714000604382e-07,-0.2160822021799941,2.022012818859699,touchstone_ri,2.8672804543714,1.0,,,,86,57.34,19.3224
260516_2dsweep_noplunger,sim,07_3_TDS-body_Novel-2Dsweep-260516_86.s2p,,S22,f_mean,sim,dispersion_mode_1,2.8672804543714,2.86728,-4.543714000604382e-07,-13.180866872300976,-87.85291592379058,touchstone_ri,2.8672804543714,1.0,,,,86,57.34,19.3224
260516_2dsweep_noplunger,sim,07_3_TDS-body_Novel-2Dsweep-260516_87.s2p,,S11,f_mean,sim,dispersion_mode_1,2.8672804543714,2.86728,-4.543714000604382e-07,-28.984789989156297,-97.78176759570829,touchstone_ri,2.8672804543714,1.0,,,,87,57.34,19.5724
260516_2dsweep_noplunger,sim,07_3_TDS-body_Novel-2Dsweep-260516_87.s2p,,S12,f_mean,sim,dispersion_mode_1,2.8672804543714,2.86728,-4.543714000604382e-07,-0.00835704277860698,-8.781311622881368,touchstone_ri,2.8672804543714,1.0,,,,87,57.34,19.5724
260516_2dsweep_noplunger,sim,07_3_TDS-body_Novel-2Dsweep-260516_87.s2p,,S21,f_mean,sim,dispersion_mode_1,2.8672804543714,2.86728,-4.543714000604382e-07,-0.008295196325943456,-8.782082505646608,touchstone_ri,2.8672804543714,1.0,,,,87,57.34,19.5724
260516_2dsweep_noplunger,sim,07_3_TDS-body_Novel-2Dsweep-260516_87.s2p,,S22,f_mean,sim,dispersion_mode_1,2.8672804543714,2.86728,-4.543714000604382e-07,-28.985706686459114,-98.74647479942008,touchstone_ri,2.8672804543714,1.0,,,,87,57.34,19.5724
260516_2dsweep_noplunger,sim,07_3_TDS-body_Novel-2Dsweep-260516_88.s2p,,S11,f_mean,sim,dispersion_mode_1,2.8672804543714,2.86728,-4.543714000604382e-07,-16.392858072040383,70.41868936862095,touchstone_ri,2.8672804543714,1.0,,,,88,57.34,19.8224
260516_2dsweep_noplunger,sim,07_3_TDS-body_Novel-2Dsweep-260516_88.s2p,,S12,f_mean,sim,dispersion_mode_1,2.8672804543714,2.86728,-4.543714000604382e-07,-0.10124334809018112,-19.704099902618736,touchstone_ri,2.8672804543714,1.0,,,,88,57.34,19.8224
260516_2dsweep_noplunger,sim,07_3_TDS-body_Novel-2Dsweep-260516_88.s2p,,S21,f_mean,sim,dispersion_mode_1,2.8672804543714,2.86728,-4.543714000604382e-07,-0.10132444901162137,-19.705139796088947,touchstone_ri,2.8672804543714,1.0,,,,88,57.34,19.8224
260516_2dsweep_noplunger,sim,07_3_TDS-body_Novel-2Dsweep-260516_88.s2p,,S22,f_mean,sim,dispersion_mode_1,2.8672804543714,2.86728,-4.543714000604382e-07,-16.392461932066084,70.13367809672869,touchstone_ri,2.8672804543714,1.0,,,,88,57.34,19.8224
260516_2dsweep_noplunger,sim,07_3_TDS-body_Novel-2Dsweep-260516_89.s2p,,S11,f_mean,sim,dispersion_mode_1,2.8672804543714,2.86728,-4.543714000604382e-07,-9.67294517853339,59.808364863761966,touchstone_ri,2.8672804543714,1.0,,,,89,57.34,20.0724
260516_2dsweep_noplunger,sim,07_3_TDS-body_Novel-2Dsweep-260516_89.s2p,,S12,f_mean,sim,dispersion_mode_1,2.8672804543714,2.86728,-4.543714000604382e-07,-0.4941844767675704,-30.323630814291956,touchstone_ri,2.8672804543714,1.0,,,,89,57.34,20.0724
260516_2dsweep_noplunger,sim,07_3_TDS-body_Novel-2Dsweep-260516_89.s2p,,S21,f_mean,sim,dispersion_mode_1,2.8672804543714,2.86728,-4.543714000604382e-07,-0.49389645607342536,-30.322378912235063,touchstone_ri,2.8672804543714,1.0,,,,89,57.34,20.0724
260516_2dsweep_noplunger,sim,07_3_TDS-body_Novel-2Dsweep-260516_89.s2p,,S22,f_mean,sim,dispersion_mode_1,2.8672804543714,2.86728,-4.543714000604382e-07,-9.67278010165619,59.6006825569571,touchstone_ri,2.8672804543714,1.0,,,,89,57.34,20.0724
260516_2dsweep_noplunger,sim,07_3_TDS-body_Novel-2Dsweep-260516_9.s2p,,S11,f_mean,sim,dispersion_mode_1,2.8672804543714,2.86728,-4.543714000604382e-07,-1.6084514890078185,44.194400962502456,touchstone_ri,2.8672804543714,1.0,,,,9,55.09,20.3224
260516_2dsweep_noplunger,sim,07_3_TDS-body_Novel-2Dsweep-260516_9.s2p,,S12,f_mean,sim,dispersion_mode_1,2.8672804543714,2.86728,-4.543714000604382e-07,-5.085849165201908,-45.82995529900037,touchstone_ri,2.8672804543714,1.0,,,,9,55.09,20.3224
260516_2dsweep_noplunger,sim,07_3_TDS-body_Novel-2Dsweep-260516_9.s2p,,S21,f_mean,sim,dispersion_mode_1,2.8672804543714,2.86728,-4.543714000604382e-07,-5.086055184492963,-45.82878802510046,touchstone_ri,2.8672804543714,1.0,,,,9,55.09,20.3224
260516_2dsweep_noplunger,sim,07_3_TDS-body_Novel-2Dsweep-260516_9.s2p,,S22,f_mean,sim,dispersion_mode_1,2.8672804543714,2.86728,-4.543714000604382e-07,-1.6079460776011947,44.21379861653291,touchstone_ri,2.8672804543714,1.0,,,,9,55.09,20.3224
260516_2dsweep_noplunger,sim,07_3_TDS-body_Novel-2Dsweep-260516_90.s2p,,S11,f_mean,sim,dispersion_mode_1,2.8672804543714,2.86728,-4.543714000604382e-07,-6.615497222354288,50.785898010081944,touchstone_ri,2.8672804543714,1.0,,,,90,57.34,20.3224
260516_2dsweep_noplunger,sim,07_3_TDS-body_Novel-2Dsweep-260516_90.s2p,,S12,f_mean,sim,dispersion_mode_1,2.8672804543714,2.86728,-4.543714000604382e-07,-1.0683052369703134,-39.152594881495226,touchstone_ri,2.8672804543714,1.0,,,,90,57.34,20.3224
260516_2dsweep_noplunger,sim,07_3_TDS-body_Novel-2Dsweep-260516_90.s2p,,S21,f_mean,sim,dispersion_mode_1,2.8672804543714,2.86728,-4.543714000604382e-07,-1.0683436287791928,-39.15224935987101,touchstone_ri,2.8672804543714,1.0,,,,90,57.34,20.3224
260516_2dsweep_noplunger,sim,07_3_TDS-body_Novel-2Dsweep-260516_90.s2p,,S22,f_mean,sim,dispersion_mode_1,2.8672804543714,2.86728,-4.543714000604382e-07,-6.614699363485269,50.90124353792229,touchstone_ri,2.8672804543714,1.0,,,,90,57.34,20.3224
260516_2dsweep_noplunger,sim,07_3_TDS-body_Novel-2Dsweep-260516_91.s2p,,S11,f_mean,sim,dispersion_mode_1,2.8672804543714,2.86728,-4.543714000604382e-07,-2.575307512279179,-54.33375523847269,touchstone_ri,2.8672804543714,1.0,,,,91,57.59,18.3224
260516_2dsweep_noplunger,sim,07_3_TDS-body_Novel-2Dsweep-260516_91.s2p,,S12,f_mean,sim,dispersion_mode_1,2.8672804543714,2.86728,-4.543714000604382e-07,-3.485703738612262,35.692249326487236,touchstone_ri,2.8672804543714,1.0,,,,91,57.59,18.3224
260516_2dsweep_noplunger,sim,07_3_TDS-body_Novel-2Dsweep-260516_91.s2p,,S21,f_mean,sim,dispersion_mode_1,2.8672804543714,2.86728,-4.543714000604382e-07,-3.4839741993557376,35.71131953623521,touchstone_ri,2.8672804543714,1.0,,,,91,57.59,18.3224
260516_2dsweep_noplunger,sim,07_3_TDS-body_Novel-2Dsweep-260516_91.s2p,,S22,f_mean,sim,dispersion_mode_1,2.8672804543714,2.86728,-4.543714000604382e-07,-2.5752015921126303,-54.374881542068664,touchstone_ri,2.8672804543714,1.0,,,,91,57.59,18.3224
260516_2dsweep_noplunger,sim,07_3_TDS-body_Novel-2Dsweep-260516_92.s2p,,S11,f_mean,sim,dispersion_mode_1,2.8672804543714,2.86728,-4.543714000604382e-07,-3.5712709327448504,-60.86318943130003,touchstone_ri,2.8672804543714,1.0,,,,92,57.59,18.5724
260516_2dsweep_noplunger,sim,07_3_TDS-body_Novel-2Dsweep-260516_92.s2p,,S12,f_mean,sim,dispersion_mode_1,2.8672804543714,2.86728,-4.543714000604382e-07,-2.510495471033634,29.076180996747603,touchstone_ri,2.8672804543714,1.0,,,,92,57.59,18.5724
260516_2dsweep_noplunger,sim,07_3_TDS-body_Novel-2Dsweep-260516_92.s2p,,S21,f_mean,sim,dispersion_mode_1,2.8672804543714,2.86728,-4.543714000604382e-07,-2.51164205416389,29.07265171999669,touchstone_ri,2.8672804543714,1.0,,,,92,57.59,18.5724
260516_2dsweep_noplunger,sim,07_3_TDS-body_Novel-2Dsweep-260516_92.s2p,,S22,f_mean,sim,dispersion_mode_1,2.8672804543714,2.86728,-4.543714000604382e-07,-3.56995967498353,-61.03819589563991,touchstone_ri,2.8672804543714,1.0,,,,92,57.59,18.5724
260516_2dsweep_noplunger,sim,07_3_TDS-body_Novel-2Dsweep-260516_93.s2p,,S11,f_mean,sim,dispersion_mode_1,2.8672804543714,2.86728,-4.543714000604382e-07,-4.916703415341259,-67.94884640663727,touchstone_ri,2.8672804543714,1.0,,,,93,57.59,18.8224
260516_2dsweep_noplunger,sim,07_3_TDS-body_Novel-2Dsweep-260516_93.s2p,,S12,f_mean,sim,dispersion_mode_1,2.8672804543714,2.86728,-4.543714000604382e-07,-1.694451431178112,22.009518357744216,touchstone_ri,2.8672804543714,1.0,,,,93,57.59,18.8224
260516_2dsweep_noplunger,sim,07_3_TDS-body_Novel-2Dsweep-260516_93.s2p,,S21,f_mean,sim,dispersion_mode_1,2.8672804543714,2.86728,-4.543714000604382e-07,-1.6948354222507833,22.01881589568983,touchstone_ri,2.8672804543714,1.0,,,,93,57.59,18.8224
260516_2dsweep_noplunger,sim,07_3_TDS-body_Novel-2Dsweep-260516_93.s2p,,S22,f_mean,sim,dispersion_mode_1,2.8672804543714,2.86728,-4.543714000604382e-07,-4.915205005917072,-67.93516545738711,touchstone_ri,2.8672804543714,1.0,,,,93,57.59,18.8224
260516_2dsweep_noplunger,sim,07_3_TDS-body_Novel-2Dsweep-260516_94.s2p,,S11,f_mean,sim,dispersion_mode_1,2.8672804543714,2.86728,-4.543714000604382e-07,-6.833030541055136,-75.51826752535644,touchstone_ri,2.8672804543714,1.0,,,,94,57.59,19.0724
260516_2dsweep_noplunger,sim,07_3_TDS-body_Novel-2Dsweep-260516_94.s2p,,S12,f_mean,sim,dispersion_mode_1,2.8672804543714,2.86728,-4.543714000604382e-07,-1.0090791417673843,14.412826758469494,touchstone_ri,2.8672804543714,1.0,,,,94,57.59,19.0724
260516_2dsweep_noplunger,sim,07_3_TDS-body_Novel-2Dsweep-260516_94.s2p,,S21,f_mean,sim,dispersion_mode_1,2.8672804543714,2.86728,-4.543714000604382e-07,-1.0077968822796006,14.417364139130084,touchstone_ri,2.8672804543714,1.0,,,,94,57.59,19.0724
260516_2dsweep_noplunger,sim,07_3_TDS-body_Novel-2Dsweep-260516_94.s2p,,S22,f_mean,sim,dispersion_mode_1,2.8672804543714,2.86728,-4.543714000604382e-07,-6.832031287381907,-75.6752268614914,touchstone_ri,2.8672804543714,1.0,,,,94,57.59,19.0724
260516_2dsweep_noplunger,sim,07_3_TDS-body_Novel-2Dsweep-260516_95.s2p,,S11,f_mean,sim,dispersion_mode_1,2.8672804543714,2.86728,-4.543714000604382e-07,-10.492128586752651,-85.55172732736219,touchstone_ri,2.8672804543714,1.0,,,,95,57.59,19.3224
260516_2dsweep_noplunger,sim,07_3_TDS-body_Novel-2Dsweep-260516_95.s2p,,S12,f_mean,sim,dispersion_mode_1,2.8672804543714,2.86728,-4.543714000604382e-07,-0.4021191811996656,4.601339080506826,touchstone_ri,2.8672804543714,1.0,,,,95,57.59,19.3224
260516_2dsweep_noplunger,sim,07_3_TDS-body_Novel-2Dsweep-260516_95.s2p,,S21,f_mean,sim,dispersion_mode_1,2.8672804543714,2.86728,-4.543714000604382e-07,-0.40184054692438476,4.599639590107527,touchstone_ri,2.8672804543714,1.0,,,,95,57.59,19.3224
260516_2dsweep_noplunger,sim,07_3_TDS-body_Novel-2Dsweep-260516_95.s2p,,S22,f_mean,sim,dispersion_mode_1,2.8672804543714,2.86728,-4.543714000604382e-07,-10.488903753524532,-85.4376271807658,touchstone_ri,2.8672804543714,1.0,,,,95,57.59,19.3224
260516_2dsweep_noplunger,sim,07_3_TDS-body_Novel-2Dsweep-260516_96.s2p,,S11,f_mean,sim,dispersion_mode_1,2.8672804543714,2.86728,-4.543714000604382e-07,-18.974645602321402,-96.3892921023059,touchstone_ri,2.8672804543714,1.0,,,,96,57.59,19.5724
260516_2dsweep_noplunger,sim,07_3_TDS-body_Novel-2Dsweep-260516_96.s2p,,S12,f_mean,sim,dispersion_mode_1,2.8672804543714,2.86728,-4.543714000604382e-07,-0.053217380576167705,-6.432573001826509,touchstone_ri,2.8672804543714,1.0,,,,96,57.59,19.5724
260516_2dsweep_noplunger,sim,07_3_TDS-body_Novel-2Dsweep-260516_96.s2p,,S21,f_mean,sim,dispersion_mode_1,2.8672804543714,2.86728,-4.543714000604382e-07,-0.05328564385805759,-6.435480192967148,touchstone_ri,2.8672804543714,1.0,,,,96,57.59,19.5724
260516_2dsweep_noplunger,sim,07_3_TDS-body_Novel-2Dsweep-260516_96.s2p,,S22,f_mean,sim,dispersion_mode_1,2.8672804543714,2.86728,-4.543714000604382e-07,-18.971357730703218,-96.74040614079047,touchstone_ri,2.8672804543714,1.0,,,,96,57.59,19.5724
260516_2dsweep_noplunger,sim,07_3_TDS-body_Novel-2Dsweep-260516_97.s2p,,S11,f_mean,sim,dispersion_mode_1,2.8672804543714,2.86728,-4.543714000604382e-07,-23.661133044024048,73.64825169599618,touchstone_ri,2.8672804543714,1.0,,,,97,57.59,19.8224
260516_2dsweep_noplunger,sim,07_3_TDS-body_Novel-2Dsweep-260516_97.s2p,,S12,f_mean,sim,dispersion_mode_1,2.8672804543714,2.86728,-4.543714000604382e-07,-0.02085694342869112,-16.757858541835464,touchstone_ri,2.8672804543714,1.0,,,,97,57.59,19.8224
260516_2dsweep_noplunger,sim,07_3_TDS-body_Novel-2Dsweep-260516_97.s2p,,S21,f_mean,sim,dispersion_mode_1,2.8672804543714,2.86728,-4.543714000604382e-07,-0.02059042679285557,-16.75726589536302,touchstone_ri,2.8672804543714,1.0,,,,97,57.59,19.8224
260516_2dsweep_noplunger,sim,07_3_TDS-body_Novel-2Dsweep-260516_97.s2p,,S22,f_mean,sim,dispersion_mode_1,2.8672804543714,2.86728,-4.543714000604382e-07,-23.66683427215991,72.43541699303269,touchstone_ri,2.8672804543714,1.0,,,,97,57.59,19.8224
260516_2dsweep_noplunger,sim,07_3_TDS-body_Novel-2Dsweep-260516_98.s2p,,S11,f_mean,sim,dispersion_mode_1,2.8672804543714,2.86728,-4.543714000604382e-07,-12.069484726520871,62.41478296883682,touchstone_ri,2.8672804543714,1.0,,,,98,57.59,20.0724
260516_2dsweep_noplunger,sim,07_3_TDS-body_Novel-2Dsweep-260516_98.s2p,,S12,f_mean,sim,dispersion_mode_1,2.8672804543714,2.86728,-4.543714000604382e-07,-0.27928012707835587,-27.54029861127536,touchstone_ri,2.8672804543714,1.0,,,,98,57.59,20.0724
260516_2dsweep_noplunger,sim,07_3_TDS-body_Novel-2Dsweep-260516_98.s2p,,S21,f_mean,sim,dispersion_mode_1,2.8672804543714,2.86728,-4.543714000604382e-07,-0.2790237810087751,-27.541851143058874,touchstone_ri,2.8672804543714,1.0,,,,98,57.59,20.0724
260516_2dsweep_noplunger,sim,07_3_TDS-body_Novel-2Dsweep-260516_98.s2p,,S22,f_mean,sim,dispersion_mode_1,2.8672804543714,2.86728,-4.543714000604382e-07,-12.068556936224144,62.46501648016887,touchstone_ri,2.8672804543714,1.0,,,,98,57.59,20.0724
260516_2dsweep_noplunger,sim,07_3_TDS-body_Novel-2Dsweep-260516_99.s2p,,S11,f_mean,sim,dispersion_mode_1,2.8672804543714,2.86728,-4.543714000604382e-07,-7.850645983001915,52.799754105159096,touchstone_ri,2.8672804543714,1.0,,,,99,57.59,20.3224
260516_2dsweep_noplunger,sim,07_3_TDS-body_Novel-2Dsweep-260516_99.s2p,,S12,f_mean,sim,dispersion_mode_1,2.8672804543714,2.86728,-4.543714000604382e-07,-0.7836422334874843,-37.12539926602299,touchstone_ri,2.8672804543714,1.0,,,,99,57.59,20.3224
260516_2dsweep_noplunger,sim,07_3_TDS-body_Novel-2Dsweep-260516_99.s2p,,S21,f_mean,sim,dispersion_mode_1,2.8672804543714,2.86728,-4.543714000604382e-07,-0.7830725699544403,-37.12200917365724,touchstone_ri,2.8672804543714,1.0,,,,99,57.59,20.3224
260516_2dsweep_noplunger,sim,07_3_TDS-body_Novel-2Dsweep-260516_99.s2p,,S22,f_mean,sim,dispersion_mode_1,2.8672804543714,2.86728,-4.543714000604382e-07,-7.848455836271006,52.8051682506667,touchstone_ri,2.8672804543714,1.0,,,,99,57.59,20.3224
260516_2dsweep_noplunger,sim,07_3_TDS-body_Novel-2Dsweep-260516_1.s2p,,S11,f_pi2,sim,dispersion_mode_1,2.8774448751896,2.87745,5.124810400047863e-06,-1.0090567328843085,8.809260583244496,touchstone_ri,2.8774448751896,1.0,,,,1,55.09,18.3224
260516_2dsweep_noplunger,sim,07_3_TDS-body_Novel-2Dsweep-260516_1.s2p,,S12,f_pi2,sim,dispersion_mode_1,2.8774448751896,2.87745,5.124810400047863e-06,-6.833283690240802,-81.17868345776768,touchstone_ri,2.8774448751896,1.0,,,,1,55.09,18.3224
260516_2dsweep_noplunger,sim,07_3_TDS-body_Novel-2Dsweep-260516_1.s2p,,S21,f_pi2,sim,dispersion_mode_1,2.8774448751896,2.87745,5.124810400047863e-06,-6.833523167582655,-81.17892834744403,touchstone_ri,2.8774448751896,1.0,,,,1,55.09,18.3224
260516_2dsweep_noplunger,sim,07_3_TDS-body_Novel-2Dsweep-260516_1.s2p,,S22,f_pi2,sim,dispersion_mode_1,2.8774448751896,2.87745,5.124810400047863e-06,-1.0090059385577097,8.832084115855515,touchstone_ri,2.8774448751896,1.0,,,,1,55.09,18.3224
260516_2dsweep_noplunger,sim,07_3_TDS-body_Novel-2Dsweep-260516_10.s2p,,S11,f_pi2,sim,dispersion_mode_1,2.8774448751896,2.87745,5.124810400047863e-06,-1.0004068503009422,5.479384605985416,touchstone_ri,2.8774448751896,1.0,,,,10,55.34,18.3224
260516_2dsweep_noplunger,sim,07_3_TDS-body_Novel-2Dsweep-260516_10.s2p,,S12,f_pi2,sim,dispersion_mode_1,2.8774448751896,2.87745,5.124810400047863e-06,-6.866650473548596,-84.50439661233649,touchstone_ri,2.8774448751896,1.0,,,,10,55.34,18.3224
260516_2dsweep_noplunger,sim,07_3_TDS-body_Novel-2Dsweep-260516_10.s2p,,S21,f_pi2,sim,dispersion_mode_1,2.8774448751896,2.87745,5.124810400047863e-06,-6.866562649268619,-84.50445293364865,touchstone_ri,2.8774448751896,1.0,,,,10,55.34,18.3224
260516_2dsweep_noplunger,sim,07_3_TDS-body_Novel-2Dsweep-260516_10.s2p,,S22,f_pi2,sim,dispersion_mode_1,2.8774448751896,2.87745,5.124810400047863e-06,-1.0004061493047927,5.512621320031695,touchstone_ri,2.8774448751896,1.0,,,,10,55.34,18.3224
260516_2dsweep_noplunger,sim,07_3_TDS-body_Novel-2Dsweep-260516_100.s2p,,S11,f_pi2,sim,dispersion_mode_1,2.8774448751896,2.87745,5.124810400047863e-06,-0.2358997161358682,-21.301941295335645,touchstone_ri,2.8774448751896,1.0,,,,100,57.84,18.3224
260516_2dsweep_noplunger,sim,07_3_TDS-body_Novel-2Dsweep-260516_100.s2p,,S12,f_pi2,sim,dispersion_mode_1,2.8774448751896,2.87745,5.124810400047863e-06,-12.768222850785788,-111.3108998033321,touchstone_ri,2.8774448751896,1.0,,,,100,57.84,18.3224
260516_2dsweep_noplunger,sim,07_3_TDS-body_Novel-2Dsweep-260516_100.s2p,,S21,f_pi2,sim,dispersion_mode_1,2.8774448751896,2.87745,5.124810400047863e-06,-12.768508603873656,-111.3106886775752,touchstone_ri,2.8774448751896,1.0,,,,100,57.84,18.3224
260516_2dsweep_noplunger,sim,07_3_TDS-body_Novel-2Dsweep-260516_100.s2p,,S22,f_pi2,sim,dispersion_mode_1,2.8774448751896,2.87745,5.124810400047863e-06,-0.235898619596159,-21.318130207872308,touchstone_ri,2.8774448751896,1.0,,,,100,57.84,18.3224
260516_2dsweep_noplunger,sim,07_3_TDS-body_Novel-2Dsweep-260516_101.s2p,,S11,f_pi2,sim,dispersion_mode_1,2.8774448751896,2.87745,5.124810400047863e-06,-0.2381547307563471,-21.719953574291132,touchstone_ri,2.8774448751896,1.0,,,,101,57.84,18.5724
260516_2dsweep_noplunger,sim,07_3_TDS-body_Novel-2Dsweep-260516_101.s2p,,S12,f_pi2,sim,dispersion_mode_1,2.8774448751896,2.87745,5.124810400047863e-06,-12.728677113229379,-111.71512837729567,touchstone_ri,2.8774448751896,1.0,,,,101,57.84,18.5724
260516_2dsweep_noplunger,sim,07_3_TDS-body_Novel-2Dsweep-260516_101.s2p,,S21,f_pi2,sim,dispersion_mode_1,2.8774448751896,2.87745,5.124810400047863e-06,-12.728730219177804,-111.71363860408324,touchstone_ri,2.8774448751896,1.0,,,,101,57.84,18.5724
260516_2dsweep_noplunger,sim,07_3_TDS-body_Novel-2Dsweep-260516_101.s2p,,S22,f_pi2,sim,dispersion_mode_1,2.8774448751896,2.87745,5.124810400047863e-06,-0.238086233830838,-21.710502842413383,touchstone_ri,2.8774448751896,1.0,,,,101,57.84,18.5724
260516_2dsweep_noplunger,sim,07_3_TDS-body_Novel-2Dsweep-260516_102.s2p,,S11,f_pi2,sim,dispersion_mode_1,2.8774448751896,2.87745,5.124810400047863e-06,-0.2399139606626448,-22.070096497796047,touchstone_ri,2.8774448751896,1.0,,,,102,57.84,18.8224
260516_2dsweep_noplunger,sim,07_3_TDS-body_Novel-2Dsweep-260516_102.s2p,,S12,f_pi2,sim,dispersion_mode_1,2.8774448751896,2.87745,5.124810400047863e-06,-12.69848227891433,-112.06814481151468,touchstone_ri,2.8774448751896,1.0,,,,102,57.84,18.8224
260516_2dsweep_noplunger,sim,07_3_TDS-body_Novel-2Dsweep-260516_102.s2p,,S21,f_pi2,sim,dispersion_mode_1,2.8774448751896,2.87745,5.124810400047863e-06,-12.697890000246462,-112.08132842213682,touchstone_ri,2.8774448751896,1.0,,,,102,57.84,18.8224
260516_2dsweep_noplunger,sim,07_3_TDS-body_Novel-2Dsweep-260516_102.s2p,,S22,f_pi2,sim,dispersion_mode_1,2.8774448751896,2.87745,5.124810400047863e-06,-0.23995512283170498,-22.08056201922582,touchstone_ri,2.8774448751896,1.0,,,,102,57.84,18.8224
260516_2dsweep_noplunger,sim,07_3_TDS-body_Novel-2Dsweep-260516_103.s2p,,S11,f_pi2,sim,dispersion_mode_1,2.8774448751896,2.87745,5.124810400047863e-06,-0.24188100857924918,-22.411869453219406,touchstone_ri,2.8774448751896,1.0,,,,103,57.84,19.0724
260516_2dsweep_noplunger,sim,07_3_TDS-body_Novel-2Dsweep-260516_103.s2p,,S12,f_pi2,sim,dispersion_mode_1,2.8774448751896,2.87745,5.124810400047863e-06,-12.663213789936858,-112.41705162617566,touchstone_ri,2.8774448751896,1.0,,,,103,57.84,19.0724
260516_2dsweep_noplunger,sim,07_3_TDS-body_Novel-2Dsweep-260516_103.s2p,,S21,f_pi2,sim,dispersion_mode_1,2.8774448751896,2.87745,5.124810400047863e-06,-12.66245320893278,-112.42235631430658,touchstone_ri,2.8774448751896,1.0,,,,103,57.84,19.0724
260516_2dsweep_noplunger,sim,07_3_TDS-body_Novel-2Dsweep-260516_103.s2p,,S22,f_pi2,sim,dispersion_mode_1,2.8774448751896,2.87745,5.124810400047863e-06,-0.24197885086337603,-22.41993973698694,touchstone_ri,2.8774448751896,1.0,,,,103,57.84,19.0724
260516_2dsweep_noplunger,sim,07_3_TDS-body_Novel-2Dsweep-260516_104.s2p,,S11,f_pi2,sim,dispersion_mode_1,2.8774448751896,2.87745,5.124810400047863e-06,-0.2574603298875436,-24.039462674828428,touchstone_ri,2.8774448751896,1.0,,,,104,57.84,20.3224
260516_2dsweep_noplunger,sim,07_3_TDS-body_Novel-2Dsweep-260516_104.s2p,,S12,f_pi2,sim,dispersion_mode_1,2.8774448751896,2.87745,5.124810400047863e-06,-12.399386090009674,-114.04187990937274,touchstone_ri,2.8774448751896,1.0,,,,104,57.84,20.3224
260516_2dsweep_noplunger,sim,07_3_TDS-body_Novel-2Dsweep-260516_104.s2p,,S21,f_pi2,sim,dispersion_mode_1,2.8774448751896,2.87745,5.124810400047863e-06,-12.398835709113047,-114.042335354102,touchstone_ri,2.8774448751896,1.0,,,,104,57.84,20.3224
260516_2dsweep_noplunger,sim,07_3_TDS-body_Novel-2Dsweep-260516_104.s2p,,S22,f_pi2,sim,dispersion_mode_1,2.8774448751896,2.87745,5.124810400047863e-06,-0.2574123937159723,-24.04530313660748,touchstone_ri,2.8774448751896,1.0,,,,104,57.84,20.3224
260516_2dsweep_noplunger,sim,07_3_TDS-body_Novel-2Dsweep-260516_105.s2p,,S11,f_pi2,sim,dispersion_mode_1,2.8774448751896,2.87745,5.124810400047863e-06,-0.1927603635919581,-23.09805933702976,touchstone_ri,2.8774448751896,1.0,,,,105,58.09,18.5724
260516_2dsweep_noplunger,sim,07_3_TDS-body_Novel-2Dsweep-260516_105.s2p,,S12,f_pi2,sim,dispersion_mode_1,2.8774448751896,2.87745,5.124810400047863e-06,-13.596545991824552,-113.07687517997275,touchstone_ri,2.8774448751896,1.0,,,,105,58.09,18.5724
260516_2dsweep_noplunger,sim,07_3_TDS-body_Novel-2Dsweep-260516_105.s2p,,S21,f_pi2,sim,dispersion_mode_1,2.8774448751896,2.87745,5.124810400047863e-06,-13.64359996892329,-113.02503560370708,touchstone_ri,2.8774448751896,1.0,,,,105,58.09,18.5724
260516_2dsweep_noplunger,sim,07_3_TDS-body_Novel-2Dsweep-260516_105.s2p,,S22,f_pi2,sim,dispersion_mode_1,2.8774448751896,2.87745,5.124810400047863e-06,-0.19479190331063548,-23.079239415345114,touchstone_ri,2.8774448751896,1.0,,,,105,58.09,18.5724
260516_2dsweep_noplunger,sim,07_3_TDS-body_Novel-2Dsweep-260516_106.s2p,,S11,f_pi2,sim,dispersion_mode_1,2.8774448751896,2.87745,5.124810400047863e-06,-0.19657560176791805,-23.414689500908352,touchstone_ri,2.8774448751896,1.0,,,,106,58.09,18.8224
260516_2dsweep_noplunger,sim,07_3_TDS-body_Novel-2Dsweep-260516_106.s2p,,S12,f_pi2,sim,dispersion_mode_1,2.8774448751896,2.87745,5.124810400047863e-06,-13.528745660671998,-113.40001978917726,touchstone_ri,2.8774448751896,1.0,,,,106,58.09,18.8224
260516_2dsweep_noplunger,sim,07_3_TDS-body_Novel-2Dsweep-260516_106.s2p,,S21,f_pi2,sim,dispersion_mode_1,2.8774448751896,2.87745,5.124810400047863e-06,-13.529723490984459,-113.41735740420182,touchstone_ri,2.8774448751896,1.0,,,,106,58.09,18.8224
260516_2dsweep_noplunger,sim,07_3_TDS-body_Novel-2Dsweep-260516_106.s2p,,S22,f_pi2,sim,dispersion_mode_1,2.8774448751896,2.87745,5.124810400047863e-06,-0.1969280970461916,-23.42112942448391,touchstone_ri,2.8774448751896,1.0,,,,106,58.09,18.8224
260516_2dsweep_noplunger,sim,07_3_TDS-body_Novel-2Dsweep-260516_107.s2p,,S11,f_pi2,sim,dispersion_mode_1,2.8774448751896,2.87745,5.124810400047863e-06,-0.20677084984540278,-24.07958808224411,touchstone_ri,2.8774448751896,1.0,,,,107,58.09,19.3224
260516_2dsweep_noplunger,sim,07_3_TDS-body_Novel-2Dsweep-260516_107.s2p,,S12,f_pi2,sim,dispersion_mode_1,2.8774448751896,2.87745,5.124810400047863e-06,-13.322053651550052,-114.08003119521742,touchstone_ri,2.8774448751896,1.0,,,,107,58.09,19.3224
260516_2dsweep_noplunger,sim,07_3_TDS-body_Novel-2Dsweep-260516_107.s2p,,S21,f_pi2,sim,dispersion_mode_1,2.8774448751896,2.87745,5.124810400047863e-06,-13.321640280651845,-114.08138268064081,touchstone_ri,2.8774448751896,1.0,,,,107,58.09,19.3224
260516_2dsweep_noplunger,sim,07_3_TDS-body_Novel-2Dsweep-260516_107.s2p,,S22,f_pi2,sim,dispersion_mode_1,2.8774448751896,2.87745,5.124810400047863e-06,-0.2068192299516866,-24.090519322996748,touchstone_ri,2.8774448751896,1.0,,,,107,58.09,19.3224
260516_2dsweep_noplunger,sim,07_3_TDS-body_Novel-2Dsweep-260516_108.s2p,,S11,f_pi2,sim,dispersion_mode_1,2.8774448751896,2.87745,5.124810400047863e-06,-0.2116629505377325,-24.373337249920272,touchstone_ri,2.8774448751896,1.0,,,,108,58.09,19.5724
260516_2dsweep_noplunger,sim,07_3_TDS-body_Novel-2Dsweep-260516_108.s2p,,S12,f_pi2,sim,dispersion_mode_1,2.8774448751896,2.87745,5.124810400047863e-06,-13.234093331682985,-114.38443056204662,touchstone_ri,2.8774448751896,1.0,,,,108,58.09,19.5724
260516_2dsweep_noplunger,sim,07_3_TDS-body_Novel-2Dsweep-260516_108.s2p,,S21,f_pi2,sim,dispersion_mode_1,2.8774448751896,2.87745,5.124810400047863e-06,-13.234016668219796,-114.38259249708732,touchstone_ri,2.8774448751896,1.0,,,,108,58.09,19.5724
260516_2dsweep_noplunger,sim,07_3_TDS-body_Novel-2Dsweep-260516_108.s2p,,S22,f_pi2,sim,dispersion_mode_1,2.8774448751896,2.87745,5.124810400047863e-06,-0.21169069726155926,-24.375212967229,touchstone_ri,2.8774448751896,1.0,,,,108,58.09,19.5724
260516_2dsweep_noplunger,sim,07_3_TDS-body_Novel-2Dsweep-260516_109.s2p,,S11,f_pi2,sim,dispersion_mode_1,2.8774448751896,2.87745,5.124810400047863e-06,-0.21510802691291636,-24.634753152696046,touchstone_ri,2.8774448751896,1.0,,,,109,58.09,19.8224
260516_2dsweep_noplunger,sim,07_3_TDS-body_Novel-2Dsweep-260516_109.s2p,,S12,f_pi2,sim,dispersion_mode_1,2.8774448751896,2.87745,5.124810400047863e-06,-13.158715000861218,-114.63607173050558,touchstone_ri,2.8774448751896,1.0,,,,109,58.09,19.8224
260516_2dsweep_noplunger,sim,07_3_TDS-body_Novel-2Dsweep-260516_109.s2p,,S21,f_pi2,sim,dispersion_mode_1,2.8774448751896,2.87745,5.124810400047863e-06,-13.159045185407809,-114.63446065468997,touchstone_ri,2.8774448751896,1.0,,,,109,58.09,19.8224
260516_2dsweep_noplunger,sim,07_3_TDS-body_Novel-2Dsweep-260516_109.s2p,,S22,f_pi2,sim,dispersion_mode_1,2.8774448751896,2.87745,5.124810400047863e-06,-0.21499854480925196,-24.636798122026352,touchstone_ri,2.8774448751896,1.0,,,,109,58.09,19.8224
260516_2dsweep_noplunger,sim,07_3_TDS-body_Novel-2Dsweep-260516_11.s2p,,S11,f_pi2,sim,dispersion_mode_1,2.8774448751896,2.87745,5.124810400047863e-06,-0.8662447470978907,3.6403743515628073,touchstone_ri,2.8774448751896,1.0,,,,11,55.34,18.5724
260516_2dsweep_noplunger,sim,07_3_TDS-body_Novel-2Dsweep-260516_11.s2p,,S12,f_pi2,sim,dispersion_mode_1,2.8774448751896,2.87745,5.124810400047863e-06,-7.4280238365431925,-86.35861739056976,touchstone_ri,2.8774448751896,1.0,,,,11,55.34,18.5724
260516_2dsweep_noplunger,sim,07_3_TDS-body_Novel-2Dsweep-260516_11.s2p,,S21,f_pi2,sim,dispersion_mode_1,2.8774448751896,2.87745,5.124810400047863e-06,-7.427021520766516,-86.34964490721589,touchstone_ri,2.8774448751896,1.0,,,,11,55.34,18.5724
260516_2dsweep_noplunger,sim,07_3_TDS-body_Novel-2Dsweep-260516_11.s2p,,S22,f_pi2,sim,dispersion_mode_1,2.8774448751896,2.87745,5.124810400047863e-06,-0.8659591959722448,3.6584956759992107,touchstone_ri,2.8774448751896,1.0,,,,11,55.34,18.5724
260516_2dsweep_noplunger,sim,07_3_TDS-body_Novel-2Dsweep-260516_110.s2p,,S11,f_pi2,sim,dispersion_mode_1,2.8774448751896,2.87745,5.124810400047863e-06,-0.22220213942317354,-24.990370196314867,touchstone_ri,2.8774448751896,1.0,,,,110,58.09,20.0724
260516_2dsweep_noplunger,sim,07_3_TDS-body_Novel-2Dsweep-260516_110.s2p,,S12,f_pi2,sim,dispersion_mode_1,2.8774448751896,2.87745,5.124810400047863e-06,-13.026795743258987,-114.99548653483295,touchstone_ri,2.8774448751896,1.0,,,,110,58.09,20.0724
260516_2dsweep_noplunger,sim,07_3_TDS-body_Novel-2Dsweep-260516_110.s2p,,S21,f_pi2,sim,dispersion_mode_1,2.8774448751896,2.87745,5.124810400047863e-06,-13.026854664576552,-114.99139236498374,touchstone_ri,2.8774448751896,1.0,,,,110,58.09,20.0724
260516_2dsweep_noplunger,sim,07_3_TDS-body_Novel-2Dsweep-260516_110.s2p,,S22,f_pi2,sim,dispersion_mode_1,2.8774448751896,2.87745,5.124810400047863e-06,-0.22222326080209492,-24.980438521281897,touchstone_ri,2.8774448751896,1.0,,,,110,58.09,20.0724
260516_2dsweep_noplunger,sim,07_3_TDS-body_Novel-2Dsweep-260516_111.s2p,,S11,f_pi2,sim,dispersion_mode_1,2.8774448751896,2.87745,5.124810400047863e-06,-0.22796997155444187,-25.355997759029712,touchstone_ri,2.8774448751896,1.0,,,,111,58.09,20.3224
260516_2dsweep_noplunger,sim,07_3_TDS-body_Novel-2Dsweep-260516_111.s2p,,S12,f_pi2,sim,dispersion_mode_1,2.8774448751896,2.87745,5.124810400047863e-06,-12.914518441813584,-115.3504366919047,touchstone_ri,2.8774448751896,1.0,,,,111,58.09,20.3224
260516_2dsweep_noplunger,sim,07_3_TDS-body_Novel-2Dsweep-260516_111.s2p,,S21,f_pi2,sim,dispersion_mode_1,2.8774448751896,2.87745,5.124810400047863e-06,-12.914271641414079,-115.3509726324091,touchstone_ri,2.8774448751896,1.0,,,,111,58.09,20.3224
260516_2dsweep_noplunger,sim,07_3_TDS-body_Novel-2Dsweep-260516_111.s2p,,S22,f_pi2,sim,dispersion_mode_1,2.8774448751896,2.87745,5.124810400047863e-06,-0.2279683285658603,-25.34078466515383,touchstone_ri,2.8774448751896,1.0,,,,111,58.09,20.3224
260516_2dsweep_noplunger,sim,07_3_TDS-body_Novel-2Dsweep-260516_112.s2p,,S11,f_pi2,sim,dispersion_mode_1,2.8774448751896,2.87745,5.124810400047863e-06,-0.24493696410965218,-22.761085255516516,touchstone_ri,2.8774448751896,1.0,,,,112,57.84,19.3224
260516_2dsweep_noplunger,sim,07_3_TDS-body_Novel-2Dsweep-260516_112.s2p,,S12,f_pi2,sim,dispersion_mode_1,2.8774448751896,2.87745,5.124810400047863e-06,-12.617652039253244,-112.77755916666977,touchstone_ri,2.8774448751896,1.0,,,,112,57.84,19.3224
260516_2dsweep_noplunger,sim,07_3_TDS-body_Novel-2Dsweep-260516_112.s2p,,S21,f_pi2,sim,dispersion_mode_1,2.8774448751896,2.87745,5.124810400047863e-06,-12.618566455846373,-112.77367616988825,touchstone_ri,2.8774448751896,1.0,,,,112,57.84,19.3224
260516_2dsweep_noplunger,sim,07_3_TDS-body_Novel-2Dsweep-260516_112.s2p,,S22,f_pi2,sim,dispersion_mode_1,2.8774448751896,2.87745,5.124810400047863e-06,-0.24496805507790012,-22.766941317702184,touchstone_ri,2.8774448751896,1.0,,,,112,57.84,19.3224
260516_2dsweep_noplunger,sim,07_3_TDS-body_Novel-2Dsweep-260516_113.s2p,,S11,f_pi2,sim,dispersion_mode_1,2.8774448751896,2.87745,5.124810400047863e-06,-0.24640437034356116,-23.056613530919908,touchstone_ri,2.8774448751896,1.0,,,,113,57.84,19.5724
260516_2dsweep_noplunger,sim,07_3_TDS-body_Novel-2Dsweep-260516_113.s2p,,S12,f_pi2,sim,dispersion_mode_1,2.8774448751896,2.87745,5.124810400047863e-06,-12.593699101728923,-113.06975109362787,touchstone_ri,2.8774448751896,1.0,,,,113,57.84,19.5724
260516_2dsweep_noplunger,sim,07_3_TDS-body_Novel-2Dsweep-260516_113.s2p,,S21,f_pi2,sim,dispersion_mode_1,2.8774448751896,2.87745,5.124810400047863e-06,-12.59352276771053,-113.06844636370434,touchstone_ri,2.8774448751896,1.0,,,,113,57.84,19.5724
260516_2dsweep_noplunger,sim,07_3_TDS-body_Novel-2Dsweep-260516_113.s2p,,S22,f_pi2,sim,dispersion_mode_1,2.8774448751896,2.87745,5.124810400047863e-06,-0.2464236847723853,-23.05620222274866,touchstone_ri,2.8774448751896,1.0,,,,113,57.84,19.5724
260516_2dsweep_noplunger,sim,07_3_TDS-body_Novel-2Dsweep-260516_114.s2p,,S11,f_pi2,sim,dispersion_mode_1,2.8774448751896,2.87745,5.124810400047863e-06,-0.24984760992723004,-23.40087064654222,touchstone_ri,2.8774448751896,1.0,,,,114,57.84,19.8224
260516_2dsweep_noplunger,sim,07_3_TDS-body_Novel-2Dsweep-260516_114.s2p,,S12,f_pi2,sim,dispersion_mode_1,2.8774448751896,2.87745,5.124810400047863e-06,-12.52939669773573,-113.39815104899643,touchstone_ri,2.8774448751896,1.0,,,,114,57.84,19.8224
260516_2dsweep_noplunger,sim,07_3_TDS-body_Novel-2Dsweep-260516_114.s2p,,S21,f_pi2,sim,dispersion_mode_1,2.8774448751896,2.87745,5.124810400047863e-06,-12.529525961803145,-113.39658819087596,touchstone_ri,2.8774448751896,1.0,,,,114,57.84,19.8224
260516_2dsweep_noplunger,sim,07_3_TDS-body_Novel-2Dsweep-260516_114.s2p,,S22,f_pi2,sim,dispersion_mode_1,2.8774448751896,2.87745,5.124810400047863e-06,-0.24976804146529397,-23.385572134580055,touchstone_ri,2.8774448751896,1.0,,,,114,57.84,19.8224
260516_2dsweep_noplunger,sim,07_3_TDS-body_Novel-2Dsweep-260516_115.s2p,,S11,f_pi2,sim,dispersion_mode_1,2.8774448751896,2.87745,5.124810400047863e-06,-0.2527008464877293,-23.704877759638197,touchstone_ri,2.8774448751896,1.0,,,,115,57.84,20.0724
260516_2dsweep_noplunger,sim,07_3_TDS-body_Novel-2Dsweep-260516_115.s2p,,S12,f_pi2,sim,dispersion_mode_1,2.8774448751896,2.87745,5.124810400047863e-06,-12.477879070291415,-113.70227034859457,touchstone_ri,2.8774448751896,1.0,,,,115,57.84,20.0724
260516_2dsweep_noplunger,sim,07_3_TDS-body_Novel-2Dsweep-260516_115.s2p,,S21,f_pi2,sim,dispersion_mode_1,2.8774448751896,2.87745,5.124810400047863e-06,-12.477881647663867,-113.70265848179547,touchstone_ri,2.8774448751896,1.0,,,,115,57.84,20.0724
260516_2dsweep_noplunger,sim,07_3_TDS-body_Novel-2Dsweep-260516_115.s2p,,S22,f_pi2,sim,dispersion_mode_1,2.8774448751896,2.87745,5.124810400047863e-06,-0.2528559279988347,-23.694995465231646,touchstone_ri,2.8774448751896,1.0,,,,115,57.84,20.0724
260516_2dsweep_noplunger,sim,07_3_TDS-body_Novel-2Dsweep-260516_116.s2p,,S11,f_pi2,sim,dispersion_mode_1,2.8774448751896,2.87745,5.124810400047863e-06,-0.18895149284866347,-22.762194384686737,touchstone_ri,2.8774448751896,1.0,,,,116,58.09,18.3224
260516_2dsweep_noplunger,sim,07_3_TDS-body_Novel-2Dsweep-260516_116.s2p,,S12,f_pi2,sim,dispersion_mode_1,2.8774448751896,2.87745,5.124810400047863e-06,-13.710461514857732,-112.76364034111356,touchstone_ri,2.8774448751896,1.0,,,,116,58.09,18.3224
260516_2dsweep_noplunger,sim,07_3_TDS-body_Novel-2Dsweep-260516_116.s2p,,S21,f_pi2,sim,dispersion_mode_1,2.8774448751896,2.87745,5.124810400047863e-06,-13.71000467584803,-112.76605486229326,touchstone_ri,2.8774448751896,1.0,,,,116,58.09,18.3224
260516_2dsweep_noplunger,sim,07_3_TDS-body_Novel-2Dsweep-260516_116.s2p,,S22,f_pi2,sim,dispersion_mode_1,2.8774448751896,2.87745,5.124810400047863e-06,-0.1889170048835526,-22.763399884125832,touchstone_ri,2.8774448751896,1.0,,,,116,58.09,18.3224
260516_2dsweep_noplunger,sim,07_3_TDS-body_Novel-2Dsweep-260516_117.s2p,,S11,f_pi2,sim,dispersion_mode_1,2.8774448751896,2.87745,5.124810400047863e-06,-0.20224563633458262,-23.76328108131837,touchstone_ri,2.8774448751896,1.0,,,,117,58.09,19.0724
260516_2dsweep_noplunger,sim,07_3_TDS-body_Novel-2Dsweep-260516_117.s2p,,S12,f_pi2,sim,dispersion_mode_1,2.8774448751896,2.87745,5.124810400047863e-06,-13.424909666472116,-113.76849136616102,touchstone_ri,2.8774448751896,1.0,,,,117,58.09,19.0724
260516_2dsweep_noplunger,sim,07_3_TDS-body_Novel-2Dsweep-260516_117.s2p,,S21,f_pi2,sim,dispersion_mode_1,2.8774448751896,2.87745,5.124810400047863e-06,-13.425403699328067,-113.76973863606003,touchstone_ri,2.8774448751896,1.0,,,,117,58.09,19.0724
260516_2dsweep_noplunger,sim,07_3_TDS-body_Novel-2Dsweep-260516_117.s2p,,S22,f_pi2,sim,dispersion_mode_1,2.8774448751896,2.87745,5.124810400047863e-06,-0.202283894093048,-23.760762950338172,touchstone_ri,2.8774448751896,1.0,,,,117,58.09,19.0724
260516_2dsweep_noplunger,sim,07_3_TDS-body_Novel-2Dsweep-260516_12.s2p,,S11,f_pi2,sim,dispersion_mode_1,2.8774448751896,2.87745,5.124810400047863e-06,-0.7601225334448365,1.9667203814704208,touchstone_ri,2.8774448751896,1.0,,,,12,55.34,18.8224
260516_2dsweep_noplunger,sim,07_3_TDS-body_Novel-2Dsweep-260516_12.s2p,,S12,f_pi2,sim,dispersion_mode_1,2.8774448751896,2.87745,5.124810400047863e-06,-7.9436242694513135,-88.00908853106861,touchstone_ri,2.8774448751896,1.0,,,,12,55.34,18.8224
260516_2dsweep_noplunger,sim,07_3_TDS-body_Novel-2Dsweep-260516_12.s2p,,S21,f_pi2,sim,dispersion_mode_1,2.8774448751896,2.87745,5.124810400047863e-06,-7.943271099161624,-88.00908840658605,touchstone_ri,2.8774448751896,1.0,,,,12,55.34,18.8224
260516_2dsweep_noplunger,sim,07_3_TDS-body_Novel-2Dsweep-260516_12.s2p,,S22,f_pi2,sim,dispersion_mode_1,2.8774448751896,2.87745,5.124810400047863e-06,-0.7601527397173614,2.021348898082851,touchstone_ri,2.8774448751896,1.0,,,,12,55.34,18.8224
260516_2dsweep_noplunger,sim,07_3_TDS-body_Novel-2Dsweep-260516_13.s2p,,S11,f_pi2,sim,dispersion_mode_1,2.8774448751896,2.87745,5.124810400047863e-06,-0.6777097436150845,0.5174104033851854,touchstone_ri,2.8774448751896,1.0,,,,13,55.34,19.0724
260516_2dsweep_noplunger,sim,07_3_TDS-body_Novel-2Dsweep-260516_13.s2p,,S12,f_pi2,sim,dispersion_mode_1,2.8774448751896,2.87745,5.124810400047863e-06,-8.401677120818926,-89.46922328880498,touchstone_ri,2.8774448751896,1.0,,,,13,55.34,19.0724
260516_2dsweep_noplunger,sim,07_3_TDS-body_Novel-2Dsweep-260516_13.s2p,,S21,f_pi2,sim,dispersion_mode_1,2.8774448751896,2.87745,5.124810400047863e-06,-8.401506864115678,-89.47019054918651,touchstone_ri,2.8774448751896,1.0,,,,13,55.34,19.0724
260516_2dsweep_noplunger,sim,07_3_TDS-body_Novel-2Dsweep-260516_13.s2p,,S22,f_pi2,sim,dispersion_mode_1,2.8774448751896,2.87745,5.124810400047863e-06,-0.6777227977841959,0.5392432890976773,touchstone_ri,2.8774448751896,1.0,,,,13,55.34,19.0724
260516_2dsweep_noplunger,sim,07_3_TDS-body_Novel-2Dsweep-260516_14.s2p,,S11,f_pi2,sim,dispersion_mode_1,2.8774448751896,2.87745,5.124810400047863e-06,-0.6075248176595243,-0.7480724557202683,touchstone_ri,2.8774448751896,1.0,,,,14,55.34,19.3224
260516_2dsweep_noplunger,sim,07_3_TDS-body_Novel-2Dsweep-260516_14.s2p,,S12,f_pi2,sim,dispersion_mode_1,2.8774448751896,2.87745,5.124810400047863e-06,-8.842785687956914,-90.72694173156349,touchstone_ri,2.8774448751896,1.0,,,,14,55.34,19.3224
260516_2dsweep_noplunger,sim,07_3_TDS-body_Novel-2Dsweep-260516_14.s2p,,S21,f_pi2,sim,dispersion_mode_1,2.8774448751896,2.87745,5.124810400047863e-06,-8.842785190519214,-90.7276874448605,touchstone_ri,2.8774448751896,1.0,,,,14,55.34,19.3224
260516_2dsweep_noplunger,sim,07_3_TDS-body_Novel-2Dsweep-260516_14.s2p,,S22,f_pi2,sim,dispersion_mode_1,2.8774448751896,2.87745,5.124810400047863e-06,-0.6075461225382965,-0.7041928225564303,touchstone_ri,2.8774448751896,1.0,,,,14,55.34,19.3224
260516_2dsweep_noplunger,sim,07_3_TDS-body_Novel-2Dsweep-260516_15.s2p,,S11,f_pi2,sim,dispersion_mode_1,2.8774448751896,2.87745,5.124810400047863e-06,-0.5496749975003064,-1.8157458041209589,touchstone_ri,2.8774448751896,1.0,,,,15,55.34,19.5724
260516_2dsweep_noplunger,sim,07_3_TDS-body_Novel-2Dsweep-260516_15.s2p,,S12,f_pi2,sim,dispersion_mode_1,2.8774448751896,2.87745,5.124810400047863e-06,-9.250909927757236,-91.81926029388337,touchstone_ri,2.8774448751896,1.0,,,,15,55.34,19.5724
260516_2dsweep_noplunger,sim,07_3_TDS-body_Novel-2Dsweep-260516_15.s2p,,S21,f_pi2,sim,dispersion_mode_1,2.8774448751896,2.87745,5.124810400047863e-06,-9.250959948781556,-91.81923861212032,touchstone_ri,2.8774448751896,1.0,,,,15,55.34,19.5724
260516_2dsweep_noplunger,sim,07_3_TDS-body_Novel-2Dsweep-260516_15.s2p,,S22,f_pi2,sim,dispersion_mode_1,2.8774448751896,2.87745,5.124810400047863e-06,-0.5489091928552036,-1.8368159668309896,touchstone_ri,2.8774448751896,1.0,,,,15,55.34,19.5724
260516_2dsweep_noplunger,sim,07_3_TDS-body_Novel-2Dsweep-260516_16.s2p,,S11,f_pi2,sim,dispersion_mode_1,2.8774448751896,2.87745,5.124810400047863e-06,-0.5007194612969639,-2.813580290300903,touchstone_ri,2.8774448751896,1.0,,,,16,55.34,19.8224
260516_2dsweep_noplunger,sim,07_3_TDS-body_Novel-2Dsweep-260516_16.s2p,,S12,f_pi2,sim,dispersion_mode_1,2.8774448751896,2.87745,5.124810400047863e-06,-9.629782718201222,-92.80965796211972,touchstone_ri,2.8774448751896,1.0,,,,16,55.34,19.8224
260516_2dsweep_noplunger,sim,07_3_TDS-body_Novel-2Dsweep-260516_16.s2p,,S21,f_pi2,sim,dispersion_mode_1,2.8774448751896,2.87745,5.124810400047863e-06,-9.629749609017239,-92.81174482004916,touchstone_ri,2.8774448751896,1.0,,,,16,55.34,19.8224
260516_2dsweep_noplunger,sim,07_3_TDS-body_Novel-2Dsweep-260516_16.s2p,,S22,f_pi2,sim,dispersion_mode_1,2.8774448751896,2.87745,5.124810400047863e-06,-0.500675482049655,-2.8094942972775527,touchstone_ri,2.8774448751896,1.0,,,,16,55.34,19.8224
260516_2dsweep_noplunger,sim,07_3_TDS-body_Novel-2Dsweep-260516_17.s2p,,S11,f_pi2,sim,dispersion_mode_1,2.8774448751896,2.87745,5.124810400047863e-06,-0.4503092225629374,-3.6382469192322264,touchstone_ri,2.8774448751896,1.0,,,,17,55.34,20.0724
260516_2dsweep_noplunger,sim,07_3_TDS-body_Novel-2Dsweep-260516_17.s2p,,S12,f_pi2,sim,dispersion_mode_1,2.8774448751896,2.87745,5.124810400047863e-06,-9.978289409686004,-93.51029896184856,touchstone_ri,2.8774448751896,1.0,,,,17,55.34,20.0724
260516_2dsweep_noplunger,sim,07_3_TDS-body_Novel-2Dsweep-260516_17.s2p,,S21,f_pi2,sim,dispersion_mode_1,2.8774448751896,2.87745,5.124810400047863e-06,-9.98827465164098,-93.59421946402891,touchstone_ri,2.8774448751896,1.0,,,,17,55.34,20.0724
260516_2dsweep_noplunger,sim,07_3_TDS-body_Novel-2Dsweep-260516_17.s2p,,S22,f_pi2,sim,dispersion_mode_1,2.8774448751896,2.87745,5.124810400047863e-06,-0.4585304292087279,-3.706545919919264,touchstone_ri,2.8774448751896,1.0,,,,17,55.34,20.0724
260516_2dsweep_noplunger,sim,07_3_TDS-body_Novel-2Dsweep-260516_18.s2p,,S11,f_pi2,sim,dispersion_mode_1,2.8774448751896,2.87745,5.124810400047863e-06,-0.42492547440491035,-4.530975271470599,touchstone_ri,2.8774448751896,1.0,,,,18,55.34,20.3224
260516_2dsweep_noplunger,sim,07_3_TDS-body_Novel-2Dsweep-260516_18.s2p,,S12,f_pi2,sim,dispersion_mode_1,2.8774448751896,2.87745,5.124810400047863e-06,-10.299559638073102,-94.50756560300816,touchstone_ri,2.8774448751896,1.0,,,,18,55.34,20.3224
260516_2dsweep_noplunger,sim,07_3_TDS-body_Novel-2Dsweep-260516_18.s2p,,S21,f_pi2,sim,dispersion_mode_1,2.8774448751896,2.87745,5.124810400047863e-06,-10.299628781604714,-94.50750727069995,touchstone_ri,2.8774448751896,1.0,,,,18,55.34,20.3224
260516_2dsweep_noplunger,sim,07_3_TDS-body_Novel-2Dsweep-260516_18.s2p,,S22,f_pi2,sim,dispersion_mode_1,2.8774448751896,2.87745,5.124810400047863e-06,-0.4248742377526784,-4.5112750981609295,touchstone_ri,2.8774448751896,1.0,,,,18,55.34,20.3224
260516_2dsweep_noplunger,sim,07_3_TDS-body_Novel-2Dsweep-260516_19.s2p,,S11,f_pi2,sim,dispersion_mode_1,2.8774448751896,2.87745,5.124810400047863e-06,-0.9621962726046616,2.1605674619388275,touchstone_ri,2.8774448751896,1.0,,,,19,55.59,18.3224
260516_2dsweep_noplunger,sim,07_3_TDS-body_Novel-2Dsweep-260516_19.s2p,,S12,f_pi2,sim,dispersion_mode_1,2.8774448751896,2.87745,5.124810400047863e-06,-7.018699582417394,-87.80677051385875,touchstone_ri,2.8774448751896,1.0,,,,19,55.59,18.3224
260516_2dsweep_noplunger,sim,07_3_TDS-body_Novel-2Dsweep-260516_19.s2p,,S21,f_pi2,sim,dispersion_mode_1,2.8774448751896,2.87745,5.124810400047863e-06,-7.018695482345776,-87.80640695842592,touchstone_ri,2.8774448751896,1.0,,,,19,55.59,18.3224
260516_2dsweep_noplunger,sim,07_3_TDS-body_Novel-2Dsweep-260516_19.s2p,,S22,f_pi2,sim,dispersion_mode_1,2.8774448751896,2.87745,5.124810400047863e-06,-0.9619083275226721,2.2177059048207424,touchstone_ri,2.8774448751896,1.0,,,,19,55.59,18.3224
260516_2dsweep_noplunger,sim,07_3_TDS-body_Novel-2Dsweep-260516_2.s2p,,S11,f_pi2,sim,dispersion_mode_1,2.8774448751896,2.87745,5.124810400047863e-06,-0.8680483212886797,6.72732114939551,touchstone_ri,2.8774448751896,1.0,,,,2,55.09,18.5724
260516_2dsweep_noplunger,sim,07_3_TDS-body_Novel-2Dsweep-260516_2.s2p,,S12,f_pi2,sim,dispersion_mode_1,2.8774448751896,2.87745,5.124810400047863e-06,-7.418024741721342,-83.28031150153241,touchstone_ri,2.8774448751896,1.0,,,,2,55.09,18.5724
260516_2dsweep_noplunger,sim,07_3_TDS-body_Novel-2Dsweep-260516_2.s2p,,S21,f_pi2,sim,dispersion_mode_1,2.8774448751896,2.87745,5.124810400047863e-06,-7.418156460086704,-83.28152758354078,touchstone_ri,2.8774448751896,1.0,,,,2,55.09,18.5724
260516_2dsweep_noplunger,sim,07_3_TDS-body_Novel-2Dsweep-260516_2.s2p,,S22,f_pi2,sim,dispersion_mode_1,2.8774448751896,2.87745,5.124810400047863e-06,-0.8678712254827594,6.722104375360545,touchstone_ri,2.8774448751896,1.0,,,,2,55.09,18.5724
260516_2dsweep_noplunger,sim,07_3_TDS-body_Novel-2Dsweep-260516_20.s2p,,S11,f_pi2,sim,dispersion_mode_1,2.8774448751896,2.87745,5.124810400047863e-06,-0.8448647906733777,0.43196589231006205,touchstone_ri,2.8774448751896,1.0,,,,20,55.59,18.5724
260516_2dsweep_noplunger,sim,07_3_TDS-body_Novel-2Dsweep-260516_20.s2p,,S12,f_pi2,sim,dispersion_mode_1,2.8774448751896,2.87745,5.124810400047863e-06,-7.523773498014272,-89.56765819126167,touchstone_ri,2.8774448751896,1.0,,,,20,55.59,18.5724
260516_2dsweep_noplunger,sim,07_3_TDS-body_Novel-2Dsweep-260516_20.s2p,,S21,f_pi2,sim,dispersion_mode_1,2.8774448751896,2.87745,5.124810400047863e-06,-7.523938069007058,-89.56705763025398,touchstone_ri,2.8774448751896,1.0,,,,20,55.59,18.5724
260516_2dsweep_noplunger,sim,07_3_TDS-body_Novel-2Dsweep-260516_20.s2p,,S22,f_pi2,sim,dispersion_mode_1,2.8774448751896,2.87745,5.124810400047863e-06,-0.8450077912708344,0.4322168173052445,touchstone_ri,2.8774448751896,1.0,,,,20,55.59,18.5724
260516_2dsweep_noplunger,sim,07_3_TDS-body_Novel-2Dsweep-260516_21.s2p,,S11,f_pi2,sim,dispersion_mode_1,2.8774448751896,2.87745,5.124810400047863e-06,-0.746935353477681,-1.0052652399022866,touchstone_ri,2.8774448751896,1.0,,,,21,55.59,18.8224
260516_2dsweep_noplunger,sim,07_3_TDS-body_Novel-2Dsweep-260516_21.s2p,,S12,f_pi2,sim,dispersion_mode_1,2.8774448751896,2.87745,5.124810400047863e-06,-8.013945245699038,-91.00095469424399,touchstone_ri,2.8774448751896,1.0,,,,21,55.59,18.8224
260516_2dsweep_noplunger,sim,07_3_TDS-body_Novel-2Dsweep-260516_21.s2p,,S21,f_pi2,sim,dispersion_mode_1,2.8774448751896,2.87745,5.124810400047863e-06,-8.01433083494673,-90.99729576744367,touchstone_ri,2.8774448751896,1.0,,,,21,55.59,18.8224
260516_2dsweep_noplunger,sim,07_3_TDS-body_Novel-2Dsweep-260516_21.s2p,,S22,f_pi2,sim,dispersion_mode_1,2.8774448751896,2.87745,5.124810400047863e-06,-0.7467082029947618,-0.9952516522864069,touchstone_ri,2.8774448751896,1.0,,,,21,55.59,18.8224
260516_2dsweep_noplunger,sim,07_3_TDS-body_Novel-2Dsweep-260516_22.s2p,,S11,f_pi2,sim,dispersion_mode_1,2.8774448751896,2.87745,5.124810400047863e-06,-0.6699829841495828,-2.3046338016903345,touchstone_ri,2.8774448751896,1.0,,,,22,55.59,19.0724
260516_2dsweep_noplunger,sim,07_3_TDS-body_Novel-2Dsweep-260516_22.s2p,,S12,f_pi2,sim,dispersion_mode_1,2.8774448751896,2.87745,5.124810400047863e-06,-8.448038211522546,-92.30213310073785,touchstone_ri,2.8774448751896,1.0,,,,22,55.59,19.0724
260516_2dsweep_noplunger,sim,07_3_TDS-body_Novel-2Dsweep-260516_22.s2p,,S21,f_pi2,sim,dispersion_mode_1,2.8774448751896,2.87745,5.124810400047863e-06,-8.448012132222487,-92.29953351223048,touchstone_ri,2.8774448751896,1.0,,,,22,55.59,19.0724
260516_2dsweep_noplunger,sim,07_3_TDS-body_Novel-2Dsweep-260516_22.s2p,,S22,f_pi2,sim,dispersion_mode_1,2.8774448751896,2.87745,5.124810400047863e-06,-0.6698440031070239,-2.307726918846007,touchstone_ri,2.8774448751896,1.0,,,,22,55.59,19.0724
260516_2dsweep_noplunger,sim,07_3_TDS-body_Novel-2Dsweep-260516_23.s2p,,S11,f_pi2,sim,dispersion_mode_1,2.8774448751896,2.87745,5.124810400047863e-06,-0.6060173768974251,-3.4520031264418076,touchstone_ri,2.8774448751896,1.0,,,,23,55.59,19.3224
260516_2dsweep_noplunger,sim,07_3_TDS-body_Novel-2Dsweep-260516_23.s2p,,S12,f_pi2,sim,dispersion_mode_1,2.8774448751896,2.87745,5.124810400047863e-06,-8.852955709725789,-93.45586809112247,touchstone_ri,2.8774448751896,1.0,,,,23,55.59,19.3224
260516_2dsweep_noplunger,sim,07_3_TDS-body_Novel-2Dsweep-260516_23.s2p,,S21,f_pi2,sim,dispersion_mode_1,2.8774448751896,2.87745,5.124810400047863e-06,-8.8529897244822,-93.45250655626971,touchstone_ri,2.8774448751896,1.0,,,,23,55.59,19.3224
260516_2dsweep_noplunger,sim,07_3_TDS-body_Novel-2Dsweep-260516_23.s2p,,S22,f_pi2,sim,dispersion_mode_1,2.8774448751896,2.87745,5.124810400047863e-06,-0.6056524189615498,-3.4553290938095165,touchstone_ri,2.8774448751896,1.0,,,,23,55.59,19.3224
260516_2dsweep_noplunger,sim,07_3_TDS-body_Novel-2Dsweep-260516_24.s2p,,S11,f_pi2,sim,dispersion_mode_1,2.8774448751896,2.87745,5.124810400047863e-06,-0.5525306547741647,-4.454262556765209,touchstone_ri,2.8774448751896,1.0,,,,24,55.59,19.5724
260516_2dsweep_noplunger,sim,07_3_TDS-body_Novel-2Dsweep-260516_24.s2p,,S12,f_pi2,sim,dispersion_mode_1,2.8774448751896,2.87745,5.124810400047863e-06,-9.22683024464128,-94.44818856573715,touchstone_ri,2.8774448751896,1.0,,,,24,55.59,19.5724
260516_2dsweep_noplunger,sim,07_3_TDS-body_Novel-2Dsweep-260516_24.s2p,,S21,f_pi2,sim,dispersion_mode_1,2.8774448751896,2.87745,5.124810400047863e-06,-9.226776610103355,-94.44453688578233,touchstone_ri,2.8774448751896,1.0,,,,24,55.59,19.5724
260516_2dsweep_noplunger,sim,07_3_TDS-body_Novel-2Dsweep-260516_24.s2p,,S22,f_pi2,sim,dispersion_mode_1,2.8774448751896,2.87745,5.124810400047863e-06,-0.5524739327734723,-4.439422338648181,touchstone_ri,2.8774448751896,1.0,,,,24,55.59,19.5724
260516_2dsweep_noplunger,sim,07_3_TDS-body_Novel-2Dsweep-260516_25.s2p,,S11,f_pi2,sim,dispersion_mode_1,2.8774448751896,2.87745,5.124810400047863e-06,-0.5064081548040302,-5.320864589342822,touchstone_ri,2.8774448751896,1.0,,,,25,55.59,19.8224
260516_2dsweep_noplunger,sim,07_3_TDS-body_Novel-2Dsweep-260516_25.s2p,,S12,f_pi2,sim,dispersion_mode_1,2.8774448751896,2.87745,5.124810400047863e-06,-9.576856587813138,-95.32338906842875,touchstone_ri,2.8774448751896,1.0,,,,25,55.59,19.8224
260516_2dsweep_noplunger,sim,07_3_TDS-body_Novel-2Dsweep-260516_25.s2p,,S21,f_pi2,sim,dispersion_mode_1,2.8774448751896,2.87745,5.124810400047863e-06,-9.57965619845139,-95.30897889207549,touchstone_ri,2.8774448751896,1.0,,,,25,55.59,19.8224
260516_2dsweep_noplunger,sim,07_3_TDS-body_Novel-2Dsweep-260516_25.s2p,,S22,f_pi2,sim,dispersion_mode_1,2.8774448751896,2.87745,5.124810400047863e-06,-0.5062981155065238,-5.331345030097553,touchstone_ri,2.8774448751896,1.0,,,,25,55.59,19.8224
260516_2dsweep_noplunger,sim,07_3_TDS-body_Novel-2Dsweep-260516_26.s2p,,S11,f_pi2,sim,dispersion_mode_1,2.8774448751896,2.87745,5.124810400047863e-06,-0.47131641103579736,-6.1939601729654035,touchstone_ri,2.8774448751896,1.0,,,,26,55.59,20.0724
260516_2dsweep_noplunger,sim,07_3_TDS-body_Novel-2Dsweep-260516_26.s2p,,S12,f_pi2,sim,dispersion_mode_1,2.8774448751896,2.87745,5.124810400047863e-06,-9.8803289413253,-96.18803802195539,touchstone_ri,2.8774448751896,1.0,,,,26,55.59,20.0724
260516_2dsweep_noplunger,sim,07_3_TDS-body_Novel-2Dsweep-260516_26.s2p,,S21,f_pi2,sim,dispersion_mode_1,2.8774448751896,2.87745,5.124810400047863e-06,-9.879723398940909,-96.1878679455284,touchstone_ri,2.8774448751896,1.0,,,,26,55.59,20.0724
260516_2dsweep_noplunger,sim,07_3_TDS-body_Novel-2Dsweep-260516_26.s2p,,S22,f_pi2,sim,dispersion_mode_1,2.8774448751896,2.87745,5.124810400047863e-06,-0.4708993659169812,-6.186440952201811,touchstone_ri,2.8774448751896,1.0,,,,26,55.59,20.0724
260516_2dsweep_noplunger,sim,07_3_TDS-body_Novel-2Dsweep-260516_27.s2p,,S11,f_pi2,sim,dispersion_mode_1,2.8774448751896,2.87745,5.124810400047863e-06,-0.43847709149546493,-6.926430537041871,touchstone_ri,2.8774448751896,1.0,,,,27,55.59,20.3224
260516_2dsweep_noplunger,sim,07_3_TDS-body_Novel-2Dsweep-260516_27.s2p,,S12,f_pi2,sim,dispersion_mode_1,2.8774448751896,2.87745,5.124810400047863e-06,-10.17708906277685,-96.91771617817662,touchstone_ri,2.8774448751896,1.0,,,,27,55.59,20.3224
260516_2dsweep_noplunger,sim,07_3_TDS-body_Novel-2Dsweep-260516_27.s2p,,S21,f_pi2,sim,dispersion_mode_1,2.8774448751896,2.87745,5.124810400047863e-06,-10.177089451391076,-96.91839664747995,touchstone_ri,2.8774448751896,1.0,,,,27,55.59,20.3224
260516_2dsweep_noplunger,sim,07_3_TDS-body_Novel-2Dsweep-260516_27.s2p,,S22,f_pi2,sim,dispersion_mode_1,2.8774448751896,2.87745,5.124810400047863e-06,-0.43822229750568176,-6.909033401583112,touchstone_ri,2.8774448751896,1.0,,,,27,55.59,20.3224
260516_2dsweep_noplunger,sim,07_3_TDS-body_Novel-2Dsweep-260516_28.s2p,,S11,f_pi2,sim,dispersion_mode_1,2.8774448751896,2.87745,5.124810400047863e-06,-0.8646790720973696,-0.8065069600808235,touchstone_ri,2.8774448751896,1.0,,,,28,55.84,18.3224
260516_2dsweep_noplunger,sim,07_3_TDS-body_Novel-2Dsweep-260516_28.s2p,,S12,f_pi2,sim,dispersion_mode_1,2.8774448751896,2.87745,5.124810400047863e-06,-7.401514019878395,-90.71062766701334,touchstone_ri,2.8774448751896,1.0,,,,28,55.84,18.3224
260516_2dsweep_noplunger,sim,07_3_TDS-body_Novel-2Dsweep-260516_28.s2p,,S21,f_pi2,sim,dispersion_mode_1,2.8774448751896,2.87745,5.124810400047863e-06,-7.311259685826631,-90.6753311759235,touchstone_ri,2.8774448751896,1.0,,,,28,55.84,18.3224
260516_2dsweep_noplunger,sim,07_3_TDS-body_Novel-2Dsweep-260516_28.s2p,,S22,f_pi2,sim,dispersion_mode_1,2.8774448751896,2.87745,5.124810400047863e-06,-0.8716774284615846,-0.7044731962508423,touchstone_ri,2.8774448751896,1.0,,,,28,55.84,18.3224
260516_2dsweep_noplunger,sim,07_3_TDS-body_Novel-2Dsweep-260516_29.s2p,,S11,f_pi2,sim,dispersion_mode_1,2.8774448751896,2.87745,5.124810400047863e-06,-0.7842152862680964,-2.330509845570209,touchstone_ri,2.8774448751896,1.0,,,,29,55.84,18.5724
260516_2dsweep_noplunger,sim,07_3_TDS-body_Novel-2Dsweep-260516_29.s2p,,S12,f_pi2,sim,dispersion_mode_1,2.8774448751896,2.87745,5.124810400047863e-06,-7.8182474447364605,-92.32194629975238,touchstone_ri,2.8774448751896,1.0,,,,29,55.84,18.5724
260516_2dsweep_noplunger,sim,07_3_TDS-body_Novel-2Dsweep-260516_29.s2p,,S21,f_pi2,sim,dispersion_mode_1,2.8774448751896,2.87745,5.124810400047863e-06,-7.818072288893107,-92.32006065463852,touchstone_ri,2.8774448751896,1.0,,,,29,55.84,18.5724
260516_2dsweep_noplunger,sim,07_3_TDS-body_Novel-2Dsweep-260516_29.s2p,,S22,f_pi2,sim,dispersion_mode_1,2.8774448751896,2.87745,5.124810400047863e-06,-0.7843396235493484,-2.3253654562745494,touchstone_ri,2.8774448751896,1.0,,,,29,55.84,18.5724
260516_2dsweep_noplunger,sim,07_3_TDS-body_Novel-2Dsweep-260516_3.s2p,,S11,f_pi2,sim,dispersion_mode_1,2.8774448751896,2.87745,5.124810400047863e-06,-0.7550317006589374,4.956372410918663,touchstone_ri,2.8774448751896,1.0,,,,3,55.09,18.8224
260516_2dsweep_noplunger,sim,07_3_TDS-body_Novel-2Dsweep-260516_3.s2p,,S12,f_pi2,sim,dispersion_mode_1,2.8774448751896,2.87745,5.124810400047863e-06,-7.970820474585794,-85.06407634818797,touchstone_ri,2.8774448751896,1.0,,,,3,55.09,18.8224
260516_2dsweep_noplunger,sim,07_3_TDS-body_Novel-2Dsweep-260516_3.s2p,,S21,f_pi2,sim,dispersion_mode_1,2.8774448751896,2.87745,5.124810400047863e-06,-7.967125674356344,-85.0318282426346,touchstone_ri,2.8774448751896,1.0,,,,3,55.09,18.8224
260516_2dsweep_noplunger,sim,07_3_TDS-body_Novel-2Dsweep-260516_3.s2p,,S22,f_pi2,sim,dispersion_mode_1,2.8774448751896,2.87745,5.124810400047863e-06,-0.7560761539788535,4.973575128443264,touchstone_ri,2.8774448751896,1.0,,,,3,55.09,18.8224
260516_2dsweep_noplunger,sim,07_3_TDS-body_Novel-2Dsweep-260516_30.s2p,,S11,f_pi2,sim,dispersion_mode_1,2.8774448751896,2.87745,5.124810400047863e-06,-0.7024446650551357,-3.6532659673093812,touchstone_ri,2.8774448751896,1.0,,,,30,55.84,18.8224
260516_2dsweep_noplunger,sim,07_3_TDS-body_Novel-2Dsweep-260516_30.s2p,,S12,f_pi2,sim,dispersion_mode_1,2.8774448751896,2.87745,5.124810400047863e-06,-8.259460023386316,-93.65257897013765,touchstone_ri,2.8774448751896,1.0,,,,30,55.84,18.8224
260516_2dsweep_noplunger,sim,07_3_TDS-body_Novel-2Dsweep-260516_30.s2p,,S21,f_pi2,sim,dispersion_mode_1,2.8774448751896,2.87745,5.124810400047863e-06,-8.259456262119455,-93.65292804985296,touchstone_ri,2.8774448751896,1.0,,,,30,55.84,18.8224
260516_2dsweep_noplunger,sim,07_3_TDS-body_Novel-2Dsweep-260516_30.s2p,,S22,f_pi2,sim,dispersion_mode_1,2.8774448751896,2.87745,5.124810400047863e-06,-0.70230390228746,-3.6458115168266056,touchstone_ri,2.8774448751896,1.0,,,,30,55.84,18.8224
260516_2dsweep_noplunger,sim,07_3_TDS-body_Novel-2Dsweep-260516_31.s2p,,S11,f_pi2,sim,dispersion_mode_1,2.8774448751896,2.87745,5.124810400047863e-06,-0.6350871611620145,-4.825880157571816,touchstone_ri,2.8774448751896,1.0,,,,31,55.84,19.0724
260516_2dsweep_noplunger,sim,07_3_TDS-body_Novel-2Dsweep-260516_31.s2p,,S12,f_pi2,sim,dispersion_mode_1,2.8774448751896,2.87745,5.124810400047863e-06,-8.66207217268557,-94.81212632531134,touchstone_ri,2.8774448751896,1.0,,,,31,55.84,19.0724
260516_2dsweep_noplunger,sim,07_3_TDS-body_Novel-2Dsweep-260516_31.s2p,,S21,f_pi2,sim,dispersion_mode_1,2.8774448751896,2.87745,5.124810400047863e-06,-8.662459390279803,-94.81304685610081,touchstone_ri,2.8774448751896,1.0,,,,31,55.84,19.0724
260516_2dsweep_noplunger,sim,07_3_TDS-body_Novel-2Dsweep-260516_31.s2p,,S22,f_pi2,sim,dispersion_mode_1,2.8774448751896,2.87745,5.124810400047863e-06,-0.6350140580987623,-4.8070010408060675,touchstone_ri,2.8774448751896,1.0,,,,31,55.84,19.0724
260516_2dsweep_noplunger,sim,07_3_TDS-body_Novel-2Dsweep-260516_32.s2p,,S11,f_pi2,sim,dispersion_mode_1,2.8774448751896,2.87745,5.124810400047863e-06,-0.5783133490735834,-5.8182699362854,touchstone_ri,2.8774448751896,1.0,,,,32,55.84,19.3224
260516_2dsweep_noplunger,sim,07_3_TDS-body_Novel-2Dsweep-260516_32.s2p,,S12,f_pi2,sim,dispersion_mode_1,2.8774448751896,2.87745,5.124810400047863e-06,-9.038922492332098,-95.80885353211092,touchstone_ri,2.8774448751896,1.0,,,,32,55.84,19.3224
260516_2dsweep_noplunger,sim,07_3_TDS-body_Novel-2Dsweep-260516_32.s2p,,S21,f_pi2,sim,dispersion_mode_1,2.8774448751896,2.87745,5.124810400047863e-06,-9.039612798361118,-95.80764128823303,touchstone_ri,2.8774448751896,1.0,,,,32,55.84,19.3224
260516_2dsweep_noplunger,sim,07_3_TDS-body_Novel-2Dsweep-260516_32.s2p,,S22,f_pi2,sim,dispersion_mode_1,2.8774448751896,2.87745,5.124810400047863e-06,-0.5784002458679784,-5.810627322270593,touchstone_ri,2.8774448751896,1.0,,,,32,55.84,19.3224
260516_2dsweep_noplunger,sim,07_3_TDS-body_Novel-2Dsweep-260516_33.s2p,,S11,f_pi2,sim,dispersion_mode_1,2.8774448751896,2.87745,5.124810400047863e-06,-0.5317827597820655,-6.704766813332972,touchstone_ri,2.8774448751896,1.0,,,,33,55.84,19.5724
260516_2dsweep_noplunger,sim,07_3_TDS-body_Novel-2Dsweep-260516_33.s2p,,S12,f_pi2,sim,dispersion_mode_1,2.8774448751896,2.87745,5.124810400047863e-06,-9.386045261695378,-96.69356645827104,touchstone_ri,2.8774448751896,1.0,,,,33,55.84,19.5724
260516_2dsweep_noplunger,sim,07_3_TDS-body_Novel-2Dsweep-260516_33.s2p,,S21,f_pi2,sim,dispersion_mode_1,2.8774448751896,2.87745,5.124810400047863e-06,-9.385752810092352,-96.69183323345551,touchstone_ri,2.8774448751896,1.0,,,,33,55.84,19.5724
260516_2dsweep_noplunger,sim,07_3_TDS-body_Novel-2Dsweep-260516_33.s2p,,S22,f_pi2,sim,dispersion_mode_1,2.8774448751896,2.87745,5.124810400047863e-06,-0.5310724488961778,-6.686041610892112,touchstone_ri,2.8774448751896,1.0,,,,33,55.84,19.5724
260516_2dsweep_noplunger,sim,07_3_TDS-body_Novel-2Dsweep-260516_34.s2p,,S11,f_pi2,sim,dispersion_mode_1,2.8774448751896,2.87745,5.124810400047863e-06,-0.49359781213799925,-7.555551867378525,touchstone_ri,2.8774448751896,1.0,,,,34,55.84,19.8224
260516_2dsweep_noplunger,sim,07_3_TDS-body_Novel-2Dsweep-260516_34.s2p,,S12,f_pi2,sim,dispersion_mode_1,2.8774448751896,2.87745,5.124810400047863e-06,-9.688659804888838,-97.55617213275667,touchstone_ri,2.8774448751896,1.0,,,,34,55.84,19.8224
260516_2dsweep_noplunger,sim,07_3_TDS-body_Novel-2Dsweep-260516_34.s2p,,S21,f_pi2,sim,dispersion_mode_1,2.8774448751896,2.87745,5.124810400047863e-06,-9.688368932931228,-97.55671331380641,touchstone_ri,2.8774448751896,1.0,,,,34,55.84,19.8224
260516_2dsweep_noplunger,sim,07_3_TDS-body_Novel-2Dsweep-260516_34.s2p,,S22,f_pi2,sim,dispersion_mode_1,2.8774448751896,2.87745,5.124810400047863e-06,-0.4934268370286675,-7.556529383116173,touchstone_ri,2.8774448751896,1.0,,,,34,55.84,19.8224
260516_2dsweep_noplunger,sim,07_3_TDS-body_Novel-2Dsweep-260516_35.s2p,,S11,f_pi2,sim,dispersion_mode_1,2.8774448751896,2.87745,5.124810400047863e-06,-0.4587157988523418,-8.265584245938875,touchstone_ri,2.8774448751896,1.0,,,,35,55.84,20.0724
260516_2dsweep_noplunger,sim,07_3_TDS-body_Novel-2Dsweep-260516_35.s2p,,S12,f_pi2,sim,dispersion_mode_1,2.8774448751896,2.87745,5.124810400047863e-06,-9.98872580868024,-98.26106517715826,touchstone_ri,2.8774448751896,1.0,,,,35,55.84,20.0724
260516_2dsweep_noplunger,sim,07_3_TDS-body_Novel-2Dsweep-260516_35.s2p,,S21,f_pi2,sim,dispersion_mode_1,2.8774448751896,2.87745,5.124810400047863e-06,-9.988874481036287,-98.2615242464185,touchstone_ri,2.8774448751896,1.0,,,,35,55.84,20.0724
260516_2dsweep_noplunger,sim,07_3_TDS-body_Novel-2Dsweep-260516_35.s2p,,S22,f_pi2,sim,dispersion_mode_1,2.8774448751896,2.87745,5.124810400047863e-06,-0.4587177969920056,-8.262592610655004,touchstone_ri,2.8774448751896,1.0,,,,35,55.84,20.0724
260516_2dsweep_noplunger,sim,07_3_TDS-body_Novel-2Dsweep-260516_36.s2p,,S11,f_pi2,sim,dispersion_mode_1,2.8774448751896,2.87745,5.124810400047863e-06,-0.43036903242481744,-8.929069633596384,touchstone_ri,2.8774448751896,1.0,,,,36,55.84,20.3224
260516_2dsweep_noplunger,sim,07_3_TDS-body_Novel-2Dsweep-260516_36.s2p,,S12,f_pi2,sim,dispersion_mode_1,2.8774448751896,2.87745,5.124810400047863e-06,-10.253799679590434,-98.93133504265697,touchstone_ri,2.8774448751896,1.0,,,,36,55.84,20.3224
260516_2dsweep_noplunger,sim,07_3_TDS-body_Novel-2Dsweep-260516_36.s2p,,S21,f_pi2,sim,dispersion_mode_1,2.8774448751896,2.87745,5.124810400047863e-06,-10.253895419723737,-98.93245591369751,touchstone_ri,2.8774448751896,1.0,,,,36,55.84,20.3224
260516_2dsweep_noplunger,sim,07_3_TDS-body_Novel-2Dsweep-260516_36.s2p,,S22,f_pi2,sim,dispersion_mode_1,2.8774448751896,2.87745,5.124810400047863e-06,-0.4303082218979244,-8.93148004330672,touchstone_ri,2.8774448751896,1.0,,,,36,55.84,20.3224
260516_2dsweep_noplunger,sim,07_3_TDS-body_Novel-2Dsweep-260516_37.s2p,,S11,f_pi2,sim,dispersion_mode_1,2.8774448751896,2.87745,5.124810400047863e-06,-0.8023405988609742,-4.057179748124669,touchstone_ri,2.8774448751896,1.0,,,,37,56.09,18.3224
260516_2dsweep_noplunger,sim,07_3_TDS-body_Novel-2Dsweep-260516_37.s2p,,S12,f_pi2,sim,dispersion_mode_1,2.8774448751896,2.87745,5.124810400047863e-06,-7.711716889044256,-93.98956728247727,touchstone_ri,2.8774448751896,1.0,,,,37,56.09,18.3224
260516_2dsweep_noplunger,sim,07_3_TDS-body_Novel-2Dsweep-260516_37.s2p,,S21,f_pi2,sim,dispersion_mode_1,2.8774448751896,2.87745,5.124810400047863e-06,-7.702855110152791,-93.96196768041443,touchstone_ri,2.8774448751896,1.0,,,,37,56.09,18.3224
260516_2dsweep_noplunger,sim,07_3_TDS-body_Novel-2Dsweep-260516_37.s2p,,S22,f_pi2,sim,dispersion_mode_1,2.8774448751896,2.87745,5.124810400047863e-06,-0.8079302070202756,-4.018786369629864,touchstone_ri,2.8774448751896,1.0,,,,37,56.09,18.3224
260516_2dsweep_noplunger,sim,07_3_TDS-body_Novel-2Dsweep-260516_38.s2p,,S11,f_pi2,sim,dispersion_mode_1,2.8774448751896,2.87745,5.124810400047863e-06,-0.7173302953617712,-5.300597654179608,touchstone_ri,2.8774448751896,1.0,,,,38,56.09,18.5724
260516_2dsweep_noplunger,sim,07_3_TDS-body_Novel-2Dsweep-260516_38.s2p,,S12,f_pi2,sim,dispersion_mode_1,2.8774448751896,2.87745,5.124810400047863e-06,-8.154095122816004,-95.25638311499229,touchstone_ri,2.8774448751896,1.0,,,,38,56.09,18.5724
260516_2dsweep_noplunger,sim,07_3_TDS-body_Novel-2Dsweep-260516_38.s2p,,S21,f_pi2,sim,dispersion_mode_1,2.8774448751896,2.87745,5.124810400047863e-06,-8.15809173060936,-95.3050070078804,touchstone_ri,2.8774448751896,1.0,,,,38,56.09,18.5724
260516_2dsweep_noplunger,sim,07_3_TDS-body_Novel-2Dsweep-260516_38.s2p,,S22,f_pi2,sim,dispersion_mode_1,2.8774448751896,2.87745,5.124810400047863e-06,-0.7168142239823658,-5.281051801773926,touchstone_ri,2.8774448751896,1.0,,,,38,56.09,18.5724
260516_2dsweep_noplunger,sim,07_3_TDS-body_Novel-2Dsweep-260516_39.s2p,,S11,f_pi2,sim,dispersion_mode_1,2.8774448751896,2.87745,5.124810400047863e-06,-0.6570972434500677,-6.555563539363633,touchstone_ri,2.8774448751896,1.0,,,,39,56.09,18.8224
260516_2dsweep_noplunger,sim,07_3_TDS-body_Novel-2Dsweep-260516_39.s2p,,S12,f_pi2,sim,dispersion_mode_1,2.8774448751896,2.87745,5.124810400047863e-06,-8.524008999871612,-96.5450814400853,touchstone_ri,2.8774448751896,1.0,,,,39,56.09,18.8224
260516_2dsweep_noplunger,sim,07_3_TDS-body_Novel-2Dsweep-260516_39.s2p,,S21,f_pi2,sim,dispersion_mode_1,2.8774448751896,2.87745,5.124810400047863e-06,-8.524396613100373,-96.54539352939108,touchstone_ri,2.8774448751896,1.0,,,,39,56.09,18.8224
260516_2dsweep_noplunger,sim,07_3_TDS-body_Novel-2Dsweep-260516_39.s2p,,S22,f_pi2,sim,dispersion_mode_1,2.8774448751896,2.87745,5.124810400047863e-06,-0.6571800572192623,-6.541826159440019,touchstone_ri,2.8774448751896,1.0,,,,39,56.09,18.8224
260516_2dsweep_noplunger,sim,07_3_TDS-body_Novel-2Dsweep-260516_4.s2p,,S11,f_pi2,sim,dispersion_mode_1,2.8774448751896,2.87745,5.124810400047863e-06,-0.6678154788981118,3.377772049459185,touchstone_ri,2.8774448751896,1.0,,,,4,55.09,19.0724
260516_2dsweep_noplunger,sim,07_3_TDS-body_Novel-2Dsweep-260516_4.s2p,,S12,f_pi2,sim,dispersion_mode_1,2.8774448751896,2.87745,5.124810400047863e-06,-8.461105321461606,-86.61455458337934,touchstone_ri,2.8774448751896,1.0,,,,4,55.09,19.0724
260516_2dsweep_noplunger,sim,07_3_TDS-body_Novel-2Dsweep-260516_4.s2p,,S21,f_pi2,sim,dispersion_mode_1,2.8774448751896,2.87745,5.124810400047863e-06,-8.461174316788831,-86.61438386654646,touchstone_ri,2.8774448751896,1.0,,,,4,55.09,19.0724
260516_2dsweep_noplunger,sim,07_3_TDS-body_Novel-2Dsweep-260516_4.s2p,,S22,f_pi2,sim,dispersion_mode_1,2.8774448751896,2.87745,5.124810400047863e-06,-0.6673357973200242,3.398289861366669,touchstone_ri,2.8774448751896,1.0,,,,4,55.09,19.0724
260516_2dsweep_noplunger,sim,07_3_TDS-body_Novel-2Dsweep-260516_40.s2p,,S11,f_pi2,sim,dispersion_mode_1,2.8774448751896,2.87745,5.124810400047863e-06,-0.6009304641254702,-7.564796005689017,touchstone_ri,2.8774448751896,1.0,,,,40,56.09,19.0724
260516_2dsweep_noplunger,sim,07_3_TDS-body_Novel-2Dsweep-260516_40.s2p,,S12,f_pi2,sim,dispersion_mode_1,2.8774448751896,2.87745,5.124810400047863e-06,-8.88758202281675,-97.55988364012156,touchstone_ri,2.8774448751896,1.0,,,,40,56.09,19.0724
260516_2dsweep_noplunger,sim,07_3_TDS-body_Novel-2Dsweep-260516_40.s2p,,S21,f_pi2,sim,dispersion_mode_1,2.8774448751896,2.87745,5.124810400047863e-06,-8.887506692855844,-97.55818135054045,touchstone_ri,2.8774448751896,1.0,,,,40,56.09,19.0724
260516_2dsweep_noplunger,sim,07_3_TDS-body_Novel-2Dsweep-260516_40.s2p,,S22,f_pi2,sim,dispersion_mode_1,2.8774448751896,2.87745,5.124810400047863e-06,-0.6009546043583998,-7.548372254805986,touchstone_ri,2.8774448751896,1.0,,,,40,56.09,19.0724
260516_2dsweep_noplunger,sim,07_3_TDS-body_Novel-2Dsweep-260516_41.s2p,,S11,f_pi2,sim,dispersion_mode_1,2.8774448751896,2.87745,5.124810400047863e-06,-0.554655580401733,-8.446237463826517,touchstone_ri,2.8774448751896,1.0,,,,41,56.09,19.3224
260516_2dsweep_noplunger,sim,07_3_TDS-body_Novel-2Dsweep-260516_41.s2p,,S12,f_pi2,sim,dispersion_mode_1,2.8774448751896,2.87745,5.124810400047863e-06,-9.214691002233767,-98.46165624295924,touchstone_ri,2.8774448751896,1.0,,,,41,56.09,19.3224
260516_2dsweep_noplunger,sim,07_3_TDS-body_Novel-2Dsweep-260516_41.s2p,,S21,f_pi2,sim,dispersion_mode_1,2.8774448751896,2.87745,5.124810400047863e-06,-9.214892721419375,-98.46014949337527,touchstone_ri,2.8774448751896,1.0,,,,41,56.09,19.3224
260516_2dsweep_noplunger,sim,07_3_TDS-body_Novel-2Dsweep-260516_41.s2p,,S22,f_pi2,sim,dispersion_mode_1,2.8774448751896,2.87745,5.124810400047863e-06,-0.5541715968642817,-8.46158640166256,touchstone_ri,2.8774448751896,1.0,,,,41,56.09,19.3224
260516_2dsweep_noplunger,sim,07_3_TDS-body_Novel-2Dsweep-260516_42.s2p,,S11,f_pi2,sim,dispersion_mode_1,2.8774448751896,2.87745,5.124810400047863e-06,-0.51206875978836,-9.201206350920357,touchstone_ri,2.8774448751896,1.0,,,,42,56.09,19.5724
260516_2dsweep_noplunger,sim,07_3_TDS-body_Novel-2Dsweep-260516_42.s2p,,S12,f_pi2,sim,dispersion_mode_1,2.8774448751896,2.87745,5.124810400047863e-06,-9.534914083046214,-99.20384530232063,touchstone_ri,2.8774448751896,1.0,,,,42,56.09,19.5724
260516_2dsweep_noplunger,sim,07_3_TDS-body_Novel-2Dsweep-260516_42.s2p,,S21,f_pi2,sim,dispersion_mode_1,2.8774448751896,2.87745,5.124810400047863e-06,-9.534252338201183,-99.20877530761666,touchstone_ri,2.8774448751896,1.0,,,,42,56.09,19.5724
260516_2dsweep_noplunger,sim,07_3_TDS-body_Novel-2Dsweep-260516_42.s2p,,S22,f_pi2,sim,dispersion_mode_1,2.8774448751896,2.87745,5.124810400047863e-06,-0.5121955641014105,-9.220798755337324,touchstone_ri,2.8774448751896,1.0,,,,42,56.09,19.5724
260516_2dsweep_noplunger,sim,07_3_TDS-body_Novel-2Dsweep-260516_43.s2p,,S11,f_pi2,sim,dispersion_mode_1,2.8774448751896,2.87745,5.124810400047863e-06,-0.4810546558203861,-9.980313579881834,touchstone_ri,2.8774448751896,1.0,,,,43,56.09,19.8224
260516_2dsweep_noplunger,sim,07_3_TDS-body_Novel-2Dsweep-260516_43.s2p,,S12,f_pi2,sim,dispersion_mode_1,2.8774448751896,2.87745,5.124810400047863e-06,-9.793786958356721,-99.96958894156062,touchstone_ri,2.8774448751896,1.0,,,,43,56.09,19.8224
260516_2dsweep_noplunger,sim,07_3_TDS-body_Novel-2Dsweep-260516_43.s2p,,S21,f_pi2,sim,dispersion_mode_1,2.8774448751896,2.87745,5.124810400047863e-06,-9.79370931341518,-99.96977191845801,touchstone_ri,2.8774448751896,1.0,,,,43,56.09,19.8224
260516_2dsweep_noplunger,sim,07_3_TDS-body_Novel-2Dsweep-260516_43.s2p,,S22,f_pi2,sim,dispersion_mode_1,2.8774448751896,2.87745,5.124810400047863e-06,-0.48096942165351075,-9.968758200293419,touchstone_ri,2.8774448751896,1.0,,,,43,56.09,19.8224
260516_2dsweep_noplunger,sim,07_3_TDS-body_Novel-2Dsweep-260516_44.s2p,,S11,f_pi2,sim,dispersion_mode_1,2.8774448751896,2.87745,5.124810400047863e-06,-0.4521396769175953,-10.631861009297694,touchstone_ri,2.8774448751896,1.0,,,,44,56.09,20.0724
260516_2dsweep_noplunger,sim,07_3_TDS-body_Novel-2Dsweep-260516_44.s2p,,S12,f_pi2,sim,dispersion_mode_1,2.8774448751896,2.87745,5.124810400047863e-06,-10.045587861338177,-100.62590313916488,touchstone_ri,2.8774448751896,1.0,,,,44,56.09,20.0724
260516_2dsweep_noplunger,sim,07_3_TDS-body_Novel-2Dsweep-260516_44.s2p,,S21,f_pi2,sim,dispersion_mode_1,2.8774448751896,2.87745,5.124810400047863e-06,-10.045909967319343,-100.62648958353337,touchstone_ri,2.8774448751896,1.0,,,,44,56.09,20.0724
260516_2dsweep_noplunger,sim,07_3_TDS-body_Novel-2Dsweep-260516_44.s2p,,S22,f_pi2,sim,dispersion_mode_1,2.8774448751896,2.87745,5.124810400047863e-06,-0.4527558022539413,-10.629404440423722,touchstone_ri,2.8774448751896,1.0,,,,44,56.09,20.0724
260516_2dsweep_noplunger,sim,07_3_TDS-body_Novel-2Dsweep-260516_45.s2p,,S11,f_pi2,sim,dispersion_mode_1,2.8774448751896,2.87745,5.124810400047863e-06,-0.42684863761074143,-11.20624834457135,touchstone_ri,2.8774448751896,1.0,,,,45,56.09,20.3224
260516_2dsweep_noplunger,sim,07_3_TDS-body_Novel-2Dsweep-260516_45.s2p,,S12,f_pi2,sim,dispersion_mode_1,2.8774448751896,2.87745,5.124810400047863e-06,-10.285739498880297,-101.20818611951535,touchstone_ri,2.8774448751896,1.0,,,,45,56.09,20.3224
260516_2dsweep_noplunger,sim,07_3_TDS-body_Novel-2Dsweep-260516_45.s2p,,S21,f_pi2,sim,dispersion_mode_1,2.8774448751896,2.87745,5.124810400047863e-06,-10.285207935443657,-101.20681317907369,touchstone_ri,2.8774448751896,1.0,,,,45,56.09,20.3224
260516_2dsweep_noplunger,sim,07_3_TDS-body_Novel-2Dsweep-260516_45.s2p,,S22,f_pi2,sim,dispersion_mode_1,2.8774448751896,2.87745,5.124810400047863e-06,-0.42686395833062946,-11.212396048256661,touchstone_ri,2.8774448751896,1.0,,,,45,56.09,20.3224
260516_2dsweep_noplunger,sim,07_3_TDS-body_Novel-2Dsweep-260516_46.s2p,,S11,f_pi2,sim,dispersion_mode_1,2.8774448751896,2.87745,5.124810400047863e-06,-0.7171253403340712,-7.187644913487425,touchstone_ri,2.8774448751896,1.0,,,,46,56.34,18.3224
260516_2dsweep_noplunger,sim,07_3_TDS-body_Novel-2Dsweep-260516_46.s2p,,S12,f_pi2,sim,dispersion_mode_1,2.8774448751896,2.87745,5.124810400047863e-06,-8.1758259418169,-97.1845566828796,touchstone_ri,2.8774448751896,1.0,,,,46,56.34,18.3224
260516_2dsweep_noplunger,sim,07_3_TDS-body_Novel-2Dsweep-260516_46.s2p,,S21,f_pi2,sim,dispersion_mode_1,2.8774448751896,2.87745,5.124810400047863e-06,-8.176299553387002,-97.18957317398505,touchstone_ri,2.8774448751896,1.0,,,,46,56.34,18.3224
260516_2dsweep_noplunger,sim,07_3_TDS-body_Novel-2Dsweep-260516_46.s2p,,S22,f_pi2,sim,dispersion_mode_1,2.8774448751896,2.87745,5.124810400047863e-06,-0.717316293334505,-7.1749707960872025,touchstone_ri,2.8774448751896,1.0,,,,46,56.34,18.3224
260516_2dsweep_noplunger,sim,07_3_TDS-body_Novel-2Dsweep-260516_47.s2p,,S11,f_pi2,sim,dispersion_mode_1,2.8774448751896,2.87745,5.124810400047863e-06,-0.6532845000762576,-8.322553683205681,touchstone_ri,2.8774448751896,1.0,,,,47,56.34,18.5724
260516_2dsweep_noplunger,sim,07_3_TDS-body_Novel-2Dsweep-260516_47.s2p,,S12,f_pi2,sim,dispersion_mode_1,2.8774448751896,2.87745,5.124810400047863e-06,-8.551303949611276,-98.32491212872075,touchstone_ri,2.8774448751896,1.0,,,,47,56.34,18.5724
260516_2dsweep_noplunger,sim,07_3_TDS-body_Novel-2Dsweep-260516_47.s2p,,S21,f_pi2,sim,dispersion_mode_1,2.8774448751896,2.87745,5.124810400047863e-06,-8.551792823143463,-98.33361250985864,touchstone_ri,2.8774448751896,1.0,,,,47,56.34,18.5724
260516_2dsweep_noplunger,sim,07_3_TDS-body_Novel-2Dsweep-260516_47.s2p,,S22,f_pi2,sim,dispersion_mode_1,2.8774448751896,2.87745,5.124810400047863e-06,-0.6531854735804198,-8.325486459792678,touchstone_ri,2.8774448751896,1.0,,,,47,56.34,18.5724
260516_2dsweep_noplunger,sim,07_3_TDS-body_Novel-2Dsweep-260516_48.s2p,,S11,f_pi2,sim,dispersion_mode_1,2.8774448751896,2.87745,5.124810400047863e-06,-0.6000036998225786,-9.325161834086831,touchstone_ri,2.8774448751896,1.0,,,,48,56.34,18.8224
260516_2dsweep_noplunger,sim,07_3_TDS-body_Novel-2Dsweep-260516_48.s2p,,S12,f_pi2,sim,dispersion_mode_1,2.8774448751896,2.87745,5.124810400047863e-06,-8.89239254791813,-99.31884358689338,touchstone_ri,2.8774448751896,1.0,,,,48,56.34,18.8224
260516_2dsweep_noplunger,sim,07_3_TDS-body_Novel-2Dsweep-260516_48.s2p,,S21,f_pi2,sim,dispersion_mode_1,2.8774448751896,2.87745,5.124810400047863e-06,-8.89245805262031,-99.31819701152286,touchstone_ri,2.8774448751896,1.0,,,,48,56.34,18.8224
260516_2dsweep_noplunger,sim,07_3_TDS-body_Novel-2Dsweep-260516_48.s2p,,S22,f_pi2,sim,dispersion_mode_1,2.8774448751896,2.87745,5.124810400047863e-06,-0.6000503905335093,-9.313044643508283,touchstone_ri,2.8774448751896,1.0,,,,48,56.34,18.8224
260516_2dsweep_noplunger,sim,07_3_TDS-body_Novel-2Dsweep-260516_49.s2p,,S11,f_pi2,sim,dispersion_mode_1,2.8774448751896,2.87745,5.124810400047863e-06,-0.5559443776554226,-10.204615438510633,touchstone_ri,2.8774448751896,1.0,,,,49,56.34,19.0724
260516_2dsweep_noplunger,sim,07_3_TDS-body_Novel-2Dsweep-260516_49.s2p,,S12,f_pi2,sim,dispersion_mode_1,2.8774448751896,2.87745,5.124810400047863e-06,-9.20302102293222,-100.19512627818882,touchstone_ri,2.8774448751896,1.0,,,,49,56.34,19.0724
260516_2dsweep_noplunger,sim,07_3_TDS-body_Novel-2Dsweep-260516_49.s2p,,S21,f_pi2,sim,dispersion_mode_1,2.8774448751896,2.87745,5.124810400047863e-06,-9.202544315492267,-100.19693728918304,touchstone_ri,2.8774448751896,1.0,,,,49,56.34,19.0724
260516_2dsweep_noplunger,sim,07_3_TDS-body_Novel-2Dsweep-260516_49.s2p,,S22,f_pi2,sim,dispersion_mode_1,2.8774448751896,2.87745,5.124810400047863e-06,-0.5558490463632956,-10.185901889987086,touchstone_ri,2.8774448751896,1.0,,,,49,56.34,19.0724
260516_2dsweep_noplunger,sim,07_3_TDS-body_Novel-2Dsweep-260516_5.s2p,,S11,f_pi2,sim,dispersion_mode_1,2.8774448751896,2.87745,5.124810400047863e-06,-0.5936430674987205,2.0363840758961955,touchstone_ri,2.8774448751896,1.0,,,,5,55.09,19.3224
260516_2dsweep_noplunger,sim,07_3_TDS-body_Novel-2Dsweep-260516_5.s2p,,S12,f_pi2,sim,dispersion_mode_1,2.8774448751896,2.87745,5.124810400047863e-06,-8.936495973980717,-87.96966590375354,touchstone_ri,2.8774448751896,1.0,,,,5,55.09,19.3224
260516_2dsweep_noplunger,sim,07_3_TDS-body_Novel-2Dsweep-260516_5.s2p,,S21,f_pi2,sim,dispersion_mode_1,2.8774448751896,2.87745,5.124810400047863e-06,-8.936370954885914,-87.9698367754058,touchstone_ri,2.8774448751896,1.0,,,,5,55.09,19.3224
260516_2dsweep_noplunger,sim,07_3_TDS-body_Novel-2Dsweep-260516_5.s2p,,S22,f_pi2,sim,dispersion_mode_1,2.8774448751896,2.87745,5.124810400047863e-06,-0.5935966749067476,2.021633584695667,touchstone_ri,2.8774448751896,1.0,,,,5,55.09,19.3224
260516_2dsweep_noplunger,sim,07_3_TDS-body_Novel-2Dsweep-260516_50.s2p,,S11,f_pi2,sim,dispersion_mode_1,2.8774448751896,2.87745,5.124810400047863e-06,-0.5190138690283816,-10.981812551352935,touchstone_ri,2.8774448751896,1.0,,,,50,56.34,19.3224
260516_2dsweep_noplunger,sim,07_3_TDS-body_Novel-2Dsweep-260516_50.s2p,,S12,f_pi2,sim,dispersion_mode_1,2.8774448751896,2.87745,5.124810400047863e-06,-9.482429283267606,-100.9755309323364,touchstone_ri,2.8774448751896,1.0,,,,50,56.34,19.3224
260516_2dsweep_noplunger,sim,07_3_TDS-body_Novel-2Dsweep-260516_50.s2p,,S21,f_pi2,sim,dispersion_mode_1,2.8774448751896,2.87745,5.124810400047863e-06,-9.482055020767962,-100.97515990400288,touchstone_ri,2.8774448751896,1.0,,,,50,56.34,19.3224
260516_2dsweep_noplunger,sim,07_3_TDS-body_Novel-2Dsweep-260516_50.s2p,,S22,f_pi2,sim,dispersion_mode_1,2.8774448751896,2.87745,5.124810400047863e-06,-0.5189973465259907,-10.97279699824917,touchstone_ri,2.8774448751896,1.0,,,,50,56.34,19.3224
260516_2dsweep_noplunger,sim,07_3_TDS-body_Novel-2Dsweep-260516_51.s2p,,S11,f_pi2,sim,dispersion_mode_1,2.8774448751896,2.87745,5.124810400047863e-06,-0.48852441121373524,-11.693704837102741,touchstone_ri,2.8774448751896,1.0,,,,51,56.34,19.5724
260516_2dsweep_noplunger,sim,07_3_TDS-body_Novel-2Dsweep-260516_51.s2p,,S12,f_pi2,sim,dispersion_mode_1,2.8774448751896,2.87745,5.124810400047863e-06,-9.737307887212891,-101.70975447978208,touchstone_ri,2.8774448751896,1.0,,,,51,56.34,19.5724
260516_2dsweep_noplunger,sim,07_3_TDS-body_Novel-2Dsweep-260516_51.s2p,,S21,f_pi2,sim,dispersion_mode_1,2.8774448751896,2.87745,5.124810400047863e-06,-9.73816383095236,-101.7107356593288,touchstone_ri,2.8774448751896,1.0,,,,51,56.34,19.5724
260516_2dsweep_noplunger,sim,07_3_TDS-body_Novel-2Dsweep-260516_51.s2p,,S22,f_pi2,sim,dispersion_mode_1,2.8774448751896,2.87745,5.124810400047863e-06,-0.4883180133788096,-11.683365496941315,touchstone_ri,2.8774448751896,1.0,,,,51,56.34,19.5724
260516_2dsweep_noplunger,sim,07_3_TDS-body_Novel-2Dsweep-260516_52.s2p,,S11,f_pi2,sim,dispersion_mode_1,2.8774448751896,2.87745,5.124810400047863e-06,-0.4611642257991385,-12.323029831068794,touchstone_ri,2.8774448751896,1.0,,,,52,56.34,19.8224
260516_2dsweep_noplunger,sim,07_3_TDS-body_Novel-2Dsweep-260516_52.s2p,,S12,f_pi2,sim,dispersion_mode_1,2.8774448751896,2.87745,5.124810400047863e-06,-9.967829859130935,-102.33371187572882,touchstone_ri,2.8774448751896,1.0,,,,52,56.34,19.8224
260516_2dsweep_noplunger,sim,07_3_TDS-body_Novel-2Dsweep-260516_52.s2p,,S21,f_pi2,sim,dispersion_mode_1,2.8774448751896,2.87745,5.124810400047863e-06,-9.96737719636107,-102.33317266170135,touchstone_ri,2.8774448751896,1.0,,,,52,56.34,19.8224
260516_2dsweep_noplunger,sim,07_3_TDS-body_Novel-2Dsweep-260516_52.s2p,,S22,f_pi2,sim,dispersion_mode_1,2.8774448751896,2.87745,5.124810400047863e-06,-0.4610387434270666,-12.346282127820139,touchstone_ri,2.8774448751896,1.0,,,,52,56.34,19.8224
260516_2dsweep_noplunger,sim,07_3_TDS-body_Novel-2Dsweep-260516_53.s2p,,S11,f_pi2,sim,dispersion_mode_1,2.8774448751896,2.87745,5.124810400047863e-06,-0.4373653823839829,-12.912535376849469,touchstone_ri,2.8774448751896,1.0,,,,53,56.34,20.0724
260516_2dsweep_noplunger,sim,07_3_TDS-body_Novel-2Dsweep-260516_53.s2p,,S12,f_pi2,sim,dispersion_mode_1,2.8774448751896,2.87745,5.124810400047863e-06,-10.186462552599085,-102.90693564513826,touchstone_ri,2.8774448751896,1.0,,,,53,56.34,20.0724
260516_2dsweep_noplunger,sim,07_3_TDS-body_Novel-2Dsweep-260516_53.s2p,,S21,f_pi2,sim,dispersion_mode_1,2.8774448751896,2.87745,5.124810400047863e-06,-10.186493460129489,-102.91062596575061,touchstone_ri,2.8774448751896,1.0,,,,53,56.34,20.0724
260516_2dsweep_noplunger,sim,07_3_TDS-body_Novel-2Dsweep-260516_53.s2p,,S22,f_pi2,sim,dispersion_mode_1,2.8774448751896,2.87745,5.124810400047863e-06,-0.4374838420830554,-12.90187056530801,touchstone_ri,2.8774448751896,1.0,,,,53,56.34,20.0724
260516_2dsweep_noplunger,sim,07_3_TDS-body_Novel-2Dsweep-260516_54.s2p,,S11,f_pi2,sim,dispersion_mode_1,2.8774448751896,2.87745,5.124810400047863e-06,-0.41750285654330666,-13.439971796450585,touchstone_ri,2.8774448751896,1.0,,,,54,56.34,20.3224
260516_2dsweep_noplunger,sim,07_3_TDS-body_Novel-2Dsweep-260516_54.s2p,,S12,f_pi2,sim,dispersion_mode_1,2.8774448751896,2.87745,5.124810400047863e-06,-10.382895266426551,-103.44673558486544,touchstone_ri,2.8774448751896,1.0,,,,54,56.34,20.3224
260516_2dsweep_noplunger,sim,07_3_TDS-body_Novel-2Dsweep-260516_54.s2p,,S21,f_pi2,sim,dispersion_mode_1,2.8774448751896,2.87745,5.124810400047863e-06,-10.383325151006343,-103.4468373782823,touchstone_ri,2.8774448751896,1.0,,,,54,56.34,20.3224
260516_2dsweep_noplunger,sim,07_3_TDS-body_Novel-2Dsweep-260516_54.s2p,,S22,f_pi2,sim,dispersion_mode_1,2.8774448751896,2.87745,5.124810400047863e-06,-0.41737151913214726,-13.433397923727806,touchstone_ri,2.8774448751896,1.0,,,,54,56.34,20.3224
260516_2dsweep_noplunger,sim,07_3_TDS-body_Novel-2Dsweep-260516_55.s2p,,S11,f_pi2,sim,dispersion_mode_1,2.8774448751896,2.87745,5.124810400047863e-06,-0.6174537404442192,-10.123351766467065,touchstone_ri,2.8774448751896,1.0,,,,55,56.59,18.3224
260516_2dsweep_noplunger,sim,07_3_TDS-body_Novel-2Dsweep-260516_55.s2p,,S12,f_pi2,sim,dispersion_mode_1,2.8774448751896,2.87745,5.124810400047863e-06,-8.748707811624755,-100.10312967792309,touchstone_ri,2.8774448751896,1.0,,,,55,56.59,18.3224
260516_2dsweep_noplunger,sim,07_3_TDS-body_Novel-2Dsweep-260516_55.s2p,,S21,f_pi2,sim,dispersion_mode_1,2.8774448751896,2.87745,5.124810400047863e-06,-8.74851339301255,-100.10254063511906,touchstone_ri,2.8774448751896,1.0,,,,55,56.59,18.3224
260516_2dsweep_noplunger,sim,07_3_TDS-body_Novel-2Dsweep-260516_55.s2p,,S22,f_pi2,sim,dispersion_mode_1,2.8774448751896,2.87745,5.124810400047863e-06,-0.6209133426768367,-10.15088663036287,touchstone_ri,2.8774448751896,1.0,,,,55,56.59,18.3224
260516_2dsweep_noplunger,sim,07_3_TDS-body_Novel-2Dsweep-260516_56.s2p,,S11,f_pi2,sim,dispersion_mode_1,2.8774448751896,2.87745,5.124810400047863e-06,-0.5760247637292971,-11.124530676680491,touchstone_ri,2.8774448751896,1.0,,,,56,56.59,18.5724
260516_2dsweep_noplunger,sim,07_3_TDS-body_Novel-2Dsweep-260516_56.s2p,,S12,f_pi2,sim,dispersion_mode_1,2.8774448751896,2.87745,5.124810400047863e-06,-9.058387315371936,-101.12775792490933,touchstone_ri,2.8774448751896,1.0,,,,56,56.59,18.5724
260516_2dsweep_noplunger,sim,07_3_TDS-body_Novel-2Dsweep-260516_56.s2p,,S21,f_pi2,sim,dispersion_mode_1,2.8774448751896,2.87745,5.124810400047863e-06,-9.057944125168099,-101.12878812140937,touchstone_ri,2.8774448751896,1.0,,,,56,56.59,18.5724
260516_2dsweep_noplunger,sim,07_3_TDS-body_Novel-2Dsweep-260516_56.s2p,,S22,f_pi2,sim,dispersion_mode_1,2.8774448751896,2.87745,5.124810400047863e-06,-0.5760140374806658,-11.130084282883635,touchstone_ri,2.8774448751896,1.0,,,,56,56.59,18.5724
260516_2dsweep_noplunger,sim,07_3_TDS-body_Novel-2Dsweep-260516_57.s2p,,S11,f_pi2,sim,dispersion_mode_1,2.8774448751896,2.87745,5.124810400047863e-06,-0.5406313807164156,-11.93778164602769,touchstone_ri,2.8774448751896,1.0,,,,57,56.59,18.8224
260516_2dsweep_noplunger,sim,07_3_TDS-body_Novel-2Dsweep-260516_57.s2p,,S12,f_pi2,sim,dispersion_mode_1,2.8774448751896,2.87745,5.124810400047863e-06,-9.345197277604667,-102.0158453480617,touchstone_ri,2.8774448751896,1.0,,,,57,56.59,18.8224
260516_2dsweep_noplunger,sim,07_3_TDS-body_Novel-2Dsweep-260516_57.s2p,,S21,f_pi2,sim,dispersion_mode_1,2.8774448751896,2.87745,5.124810400047863e-06,-9.344916863120979,-101.90922389319414,touchstone_ri,2.8774448751896,1.0,,,,57,56.59,18.8224
260516_2dsweep_noplunger,sim,07_3_TDS-body_Novel-2Dsweep-260516_57.s2p,,S22,f_pi2,sim,dispersion_mode_1,2.8774448751896,2.87745,5.124810400047863e-06,-0.5361534289021621,-11.941062508972081,touchstone_ri,2.8774448751896,1.0,,,,57,56.59,18.8224
260516_2dsweep_noplunger,sim,07_3_TDS-body_Novel-2Dsweep-260516_58.s2p,,S11,f_pi2,sim,dispersion_mode_1,2.8774448751896,2.87745,5.124810400047863e-06,-0.502361935169931,-12.680369456594288,touchstone_ri,2.8774448751896,1.0,,,,58,56.59,19.0724
260516_2dsweep_noplunger,sim,07_3_TDS-body_Novel-2Dsweep-260516_58.s2p,,S12,f_pi2,sim,dispersion_mode_1,2.8774448751896,2.87745,5.124810400047863e-06,-9.60663921663974,-102.66457724637326,touchstone_ri,2.8774448751896,1.0,,,,58,56.59,19.0724
260516_2dsweep_noplunger,sim,07_3_TDS-body_Novel-2Dsweep-260516_58.s2p,,S21,f_pi2,sim,dispersion_mode_1,2.8774448751896,2.87745,5.124810400047863e-06,-9.608669338981459,-102.66146296849921,touchstone_ri,2.8774448751896,1.0,,,,58,56.59,19.0724
260516_2dsweep_noplunger,sim,07_3_TDS-body_Novel-2Dsweep-260516_58.s2p,,S22,f_pi2,sim,dispersion_mode_1,2.8774448751896,2.87745,5.124810400047863e-06,-0.5023367090465723,-12.679611454491818,touchstone_ri,2.8774448751896,1.0,,,,58,56.59,19.0724
260516_2dsweep_noplunger,sim,07_3_TDS-body_Novel-2Dsweep-260516_59.s2p,,S11,f_pi2,sim,dispersion_mode_1,2.8774448751896,2.87745,5.124810400047863e-06,-0.47553593083562024,-13.346130905895322,touchstone_ri,2.8774448751896,1.0,,,,59,56.59,19.3224
260516_2dsweep_noplunger,sim,07_3_TDS-body_Novel-2Dsweep-260516_59.s2p,,S12,f_pi2,sim,dispersion_mode_1,2.8774448751896,2.87745,5.124810400047863e-06,-9.83967133221306,-103.34986471036127,touchstone_ri,2.8774448751896,1.0,,,,59,56.59,19.3224
260516_2dsweep_noplunger,sim,07_3_TDS-body_Novel-2Dsweep-260516_59.s2p,,S21,f_pi2,sim,dispersion_mode_1,2.8774448751896,2.87745,5.124810400047863e-06,-9.83965740067153,-103.34991377790821,touchstone_ri,2.8774448751896,1.0,,,,59,56.59,19.3224
260516_2dsweep_noplunger,sim,07_3_TDS-body_Novel-2Dsweep-260516_59.s2p,,S22,f_pi2,sim,dispersion_mode_1,2.8774448751896,2.87745,5.124810400047863e-06,-0.4756631008398931,-13.360514742070217,touchstone_ri,2.8774448751896,1.0,,,,59,56.59,19.3224
260516_2dsweep_noplunger,sim,07_3_TDS-body_Novel-2Dsweep-260516_6.s2p,,S11,f_pi2,sim,dispersion_mode_1,2.8774448751896,2.87745,5.124810400047863e-06,-0.5339901612073897,0.8287264478634848,touchstone_ri,2.8774448751896,1.0,,,,6,55.09,19.5724
260516_2dsweep_noplunger,sim,07_3_TDS-body_Novel-2Dsweep-260516_6.s2p,,S12,f_pi2,sim,dispersion_mode_1,2.8774448751896,2.87745,5.124810400047863e-06,-9.36621453648014,-89.18399023923237,touchstone_ri,2.8774448751896,1.0,,,,6,55.09,19.5724
260516_2dsweep_noplunger,sim,07_3_TDS-body_Novel-2Dsweep-260516_6.s2p,,S21,f_pi2,sim,dispersion_mode_1,2.8774448751896,2.87745,5.124810400047863e-06,-9.366456048930129,-89.18470302865035,touchstone_ri,2.8774448751896,1.0,,,,6,55.09,19.5724
260516_2dsweep_noplunger,sim,07_3_TDS-body_Novel-2Dsweep-260516_6.s2p,,S22,f_pi2,sim,dispersion_mode_1,2.8774448751896,2.87745,5.124810400047863e-06,-0.5337269938540421,0.8119732674094732,touchstone_ri,2.8774448751896,1.0,,,,6,55.09,19.5724
260516_2dsweep_noplunger,sim,07_3_TDS-body_Novel-2Dsweep-260516_60.s2p,,S11,f_pi2,sim,dispersion_mode_1,2.8774448751896,2.87745,5.124810400047863e-06,-0.45318106369667444,-13.988338151775759,touchstone_ri,2.8774448751896,1.0,,,,60,56.59,19.5724
260516_2dsweep_noplunger,sim,07_3_TDS-body_Novel-2Dsweep-260516_60.s2p,,S12,f_pi2,sim,dispersion_mode_1,2.8774448751896,2.87745,5.124810400047863e-06,-10.039076201898753,-103.99055392660895,touchstone_ri,2.8774448751896,1.0,,,,60,56.59,19.5724
260516_2dsweep_noplunger,sim,07_3_TDS-body_Novel-2Dsweep-260516_60.s2p,,S21,f_pi2,sim,dispersion_mode_1,2.8774448751896,2.87745,5.124810400047863e-06,-10.038983263187903,-103.9890350813434,touchstone_ri,2.8774448751896,1.0,,,,60,56.59,19.5724
260516_2dsweep_noplunger,sim,07_3_TDS-body_Novel-2Dsweep-260516_60.s2p,,S22,f_pi2,sim,dispersion_mode_1,2.8774448751896,2.87745,5.124810400047863e-06,-0.4531567051580385,-13.998173852223655,touchstone_ri,2.8774448751896,1.0,,,,60,56.59,19.5724
260516_2dsweep_noplunger,sim,07_3_TDS-body_Novel-2Dsweep-260516_61.s2p,,S11,f_pi2,sim,dispersion_mode_1,2.8774448751896,2.87745,5.124810400047863e-06,-0.43289746124758693,-14.556752263758618,touchstone_ri,2.8774448751896,1.0,,,,61,56.59,19.8224
260516_2dsweep_noplunger,sim,07_3_TDS-body_Novel-2Dsweep-260516_61.s2p,,S12,f_pi2,sim,dispersion_mode_1,2.8774448751896,2.87745,5.124810400047863e-06,-10.231850696477343,-104.55629812220633,touchstone_ri,2.8774448751896,1.0,,,,61,56.59,19.8224
260516_2dsweep_noplunger,sim,07_3_TDS-body_Novel-2Dsweep-260516_61.s2p,,S21,f_pi2,sim,dispersion_mode_1,2.8774448751896,2.87745,5.124810400047863e-06,-10.231288501902878,-104.55719664552493,touchstone_ri,2.8774448751896,1.0,,,,61,56.59,19.8224
260516_2dsweep_noplunger,sim,07_3_TDS-body_Novel-2Dsweep-260516_61.s2p,,S22,f_pi2,sim,dispersion_mode_1,2.8774448751896,2.87745,5.124810400047863e-06,-0.4328368471290973,-14.544118995792376,touchstone_ri,2.8774448751896,1.0,,,,61,56.59,19.8224
260516_2dsweep_noplunger,sim,07_3_TDS-body_Novel-2Dsweep-260516_62.s2p,,S11,f_pi2,sim,dispersion_mode_1,2.8774448751896,2.87745,5.124810400047863e-06,-0.4157070994568162,-15.055911254199886,touchstone_ri,2.8774448751896,1.0,,,,62,56.59,20.0724
260516_2dsweep_noplunger,sim,07_3_TDS-body_Novel-2Dsweep-260516_62.s2p,,S12,f_pi2,sim,dispersion_mode_1,2.8774448751896,2.87745,5.124810400047863e-06,-10.399814223799924,-105.06684773716599,touchstone_ri,2.8774448751896,1.0,,,,62,56.59,20.0724
260516_2dsweep_noplunger,sim,07_3_TDS-body_Novel-2Dsweep-260516_62.s2p,,S21,f_pi2,sim,dispersion_mode_1,2.8774448751896,2.87745,5.124810400047863e-06,-10.40034209855117,-105.05924968227522,touchstone_ri,2.8774448751896,1.0,,,,62,56.59,20.0724
260516_2dsweep_noplunger,sim,07_3_TDS-body_Novel-2Dsweep-260516_62.s2p,,S22,f_pi2,sim,dispersion_mode_1,2.8774448751896,2.87745,5.124810400047863e-06,-0.4149962618775408,-15.072741448864704,touchstone_ri,2.8774448751896,1.0,,,,62,56.59,20.0724
260516_2dsweep_noplunger,sim,07_3_TDS-body_Novel-2Dsweep-260516_63.s2p,,S11,f_pi2,sim,dispersion_mode_1,2.8774448751896,2.87745,5.124810400047863e-06,-0.4003298245833425,-15.561536580691788,touchstone_ri,2.8774448751896,1.0,,,,63,56.59,20.3224
260516_2dsweep_noplunger,sim,07_3_TDS-body_Novel-2Dsweep-260516_63.s2p,,S12,f_pi2,sim,dispersion_mode_1,2.8774448751896,2.87745,5.124810400047863e-06,-10.554432692862141,-105.55936964258979,touchstone_ri,2.8774448751896,1.0,,,,63,56.59,20.3224
260516_2dsweep_noplunger,sim,07_3_TDS-body_Novel-2Dsweep-260516_63.s2p,,S21,f_pi2,sim,dispersion_mode_1,2.8774448751896,2.87745,5.124810400047863e-06,-10.554643845756132,-105.55797658214075,touchstone_ri,2.8774448751896,1.0,,,,63,56.59,20.3224
260516_2dsweep_noplunger,sim,07_3_TDS-body_Novel-2Dsweep-260516_63.s2p,,S22,f_pi2,sim,dispersion_mode_1,2.8774448751896,2.87745,5.124810400047863e-06,-0.4002788307142653,-15.546778560668916,touchstone_ri,2.8774448751896,1.0,,,,63,56.59,20.3224
260516_2dsweep_noplunger,sim,07_3_TDS-body_Novel-2Dsweep-260516_64.s2p,,S11,f_pi2,sim,dispersion_mode_1,2.8774448751896,2.87745,5.124810400047863e-06,-0.5278853758243227,-12.912270101374535,touchstone_ri,2.8774448751896,1.0,,,,64,56.84,18.3224
260516_2dsweep_noplunger,sim,07_3_TDS-body_Novel-2Dsweep-260516_64.s2p,,S12,f_pi2,sim,dispersion_mode_1,2.8774448751896,2.87745,5.124810400047863e-06,-9.414620500986786,-102.91449091175592,touchstone_ri,2.8774448751896,1.0,,,,64,56.84,18.3224
260516_2dsweep_noplunger,sim,07_3_TDS-body_Novel-2Dsweep-260516_64.s2p,,S21,f_pi2,sim,dispersion_mode_1,2.8774448751896,2.87745,5.124810400047863e-06,-9.41439464643729,-102.91431022905881,touchstone_ri,2.8774448751896,1.0,,,,64,56.84,18.3224
260516_2dsweep_noplunger,sim,07_3_TDS-body_Novel-2Dsweep-260516_64.s2p,,S22,f_pi2,sim,dispersion_mode_1,2.8774448751896,2.87745,5.124810400047863e-06,-0.5278108001489467,-12.9147513168301,touchstone_ri,2.8774448751896,1.0,,,,64,56.84,18.3224
260516_2dsweep_noplunger,sim,07_3_TDS-body_Novel-2Dsweep-260516_65.s2p,,S11,f_pi2,sim,dispersion_mode_1,2.8774448751896,2.87745,5.124810400047863e-06,-0.49713383130284533,-13.700719959863282,touchstone_ri,2.8774448751896,1.0,,,,65,56.84,18.5724
260516_2dsweep_noplunger,sim,07_3_TDS-body_Novel-2Dsweep-260516_65.s2p,,S12,f_pi2,sim,dispersion_mode_1,2.8774448751896,2.87745,5.124810400047863e-06,-9.660662062211442,-103.70774387397876,touchstone_ri,2.8774448751896,1.0,,,,65,56.84,18.5724
260516_2dsweep_noplunger,sim,07_3_TDS-body_Novel-2Dsweep-260516_65.s2p,,S21,f_pi2,sim,dispersion_mode_1,2.8774448751896,2.87745,5.124810400047863e-06,-9.66068981133486,-103.70518288926577,touchstone_ri,2.8774448751896,1.0,,,,65,56.84,18.5724
260516_2dsweep_noplunger,sim,07_3_TDS-body_Novel-2Dsweep-260516_65.s2p,,S22,f_pi2,sim,dispersion_mode_1,2.8774448751896,2.87745,5.124810400047863e-06,-0.4970636121174542,-13.706356363023936,touchstone_ri,2.8774448751896,1.0,,,,65,56.84,18.5724
260516_2dsweep_noplunger,sim,07_3_TDS-body_Novel-2Dsweep-260516_66.s2p,,S11,f_pi2,sim,dispersion_mode_1,2.8774448751896,2.87745,5.124810400047863e-06,-0.47064530439780394,-14.404431133891975,touchstone_ri,2.8774448751896,1.0,,,,66,56.84,18.8224
260516_2dsweep_noplunger,sim,07_3_TDS-body_Novel-2Dsweep-260516_66.s2p,,S12,f_pi2,sim,dispersion_mode_1,2.8774448751896,2.87745,5.124810400047863e-06,-9.88340042337535,-104.39765954701375,touchstone_ri,2.8774448751896,1.0,,,,66,56.84,18.8224
260516_2dsweep_noplunger,sim,07_3_TDS-body_Novel-2Dsweep-260516_66.s2p,,S21,f_pi2,sim,dispersion_mode_1,2.8774448751896,2.87745,5.124810400047863e-06,-9.882900924214775,-104.37960920846086,touchstone_ri,2.8774448751896,1.0,,,,66,56.84,18.8224
260516_2dsweep_noplunger,sim,07_3_TDS-body_Novel-2Dsweep-260516_66.s2p,,S22,f_pi2,sim,dispersion_mode_1,2.8774448751896,2.87745,5.124810400047863e-06,-0.469888718396309,-14.398313498939393,touchstone_ri,2.8774448751896,1.0,,,,66,56.84,18.8224
260516_2dsweep_noplunger,sim,07_3_TDS-body_Novel-2Dsweep-260516_67.s2p,,S11,f_pi2,sim,dispersion_mode_1,2.8774448751896,2.87745,5.124810400047863e-06,-0.4486925869286332,-15.033346019842927,touchstone_ri,2.8774448751896,1.0,,,,67,56.84,19.0724
260516_2dsweep_noplunger,sim,07_3_TDS-body_Novel-2Dsweep-260516_67.s2p,,S12,f_pi2,sim,dispersion_mode_1,2.8774448751896,2.87745,5.124810400047863e-06,-10.082924685903853,-105.04418058390308,touchstone_ri,2.8774448751896,1.0,,,,67,56.84,19.0724
260516_2dsweep_noplunger,sim,07_3_TDS-body_Novel-2Dsweep-260516_67.s2p,,S21,f_pi2,sim,dispersion_mode_1,2.8774448751896,2.87745,5.124810400047863e-06,-10.082536013367253,-105.04483657238538,touchstone_ri,2.8774448751896,1.0,,,,67,56.84,19.0724
260516_2dsweep_noplunger,sim,07_3_TDS-body_Novel-2Dsweep-260516_67.s2p,,S22,f_pi2,sim,dispersion_mode_1,2.8774448751896,2.87745,5.124810400047863e-06,-0.4486949990728073,-15.048114301527725,touchstone_ri,2.8774448751896,1.0,,,,67,56.84,19.0724
260516_2dsweep_noplunger,sim,07_3_TDS-body_Novel-2Dsweep-260516_68.s2p,,S11,f_pi2,sim,dispersion_mode_1,2.8774448751896,2.87745,5.124810400047863e-06,-0.42798391083319154,-15.566565441220693,touchstone_ri,2.8774448751896,1.0,,,,68,56.84,19.3224
260516_2dsweep_noplunger,sim,07_3_TDS-body_Novel-2Dsweep-260516_68.s2p,,S12,f_pi2,sim,dispersion_mode_1,2.8774448751896,2.87745,5.124810400047863e-06,-10.27318578776978,-105.57572855290042,touchstone_ri,2.8774448751896,1.0,,,,68,56.84,19.3224
260516_2dsweep_noplunger,sim,07_3_TDS-body_Novel-2Dsweep-260516_68.s2p,,S21,f_pi2,sim,dispersion_mode_1,2.8774448751896,2.87745,5.124810400047863e-06,-10.2730765483215,-105.5808272472089,touchstone_ri,2.8774448751896,1.0,,,,68,56.84,19.3224
260516_2dsweep_noplunger,sim,07_3_TDS-body_Novel-2Dsweep-260516_68.s2p,,S22,f_pi2,sim,dispersion_mode_1,2.8774448751896,2.87745,5.124810400047863e-06,-0.42824469449621183,-15.595810225562113,touchstone_ri,2.8774448751896,1.0,,,,68,56.84,19.3224
260516_2dsweep_noplunger,sim,07_3_TDS-body_Novel-2Dsweep-260516_69.s2p,,S11,f_pi2,sim,dispersion_mode_1,2.8774448751896,2.87745,5.124810400047863e-06,-0.4135405578494186,-16.167573504662126,touchstone_ri,2.8774448751896,1.0,,,,69,56.84,19.5724
260516_2dsweep_noplunger,sim,07_3_TDS-body_Novel-2Dsweep-260516_69.s2p,,S12,f_pi2,sim,dispersion_mode_1,2.8774448751896,2.87745,5.124810400047863e-06,-10.417657487861513,-106.16457089469056,touchstone_ri,2.8774448751896,1.0,,,,69,56.84,19.5724
260516_2dsweep_noplunger,sim,07_3_TDS-body_Novel-2Dsweep-260516_69.s2p,,S21,f_pi2,sim,dispersion_mode_1,2.8774448751896,2.87745,5.124810400047863e-06,-10.417378418912921,-106.16355576050178,touchstone_ri,2.8774448751896,1.0,,,,69,56.84,19.5724
260516_2dsweep_noplunger,sim,07_3_TDS-body_Novel-2Dsweep-260516_69.s2p,,S22,f_pi2,sim,dispersion_mode_1,2.8774448751896,2.87745,5.124810400047863e-06,-0.41354733020945617,-16.1598194111486,touchstone_ri,2.8774448751896,1.0,,,,69,56.84,19.5724
260516_2dsweep_noplunger,sim,07_3_TDS-body_Novel-2Dsweep-260516_7.s2p,,S11,f_pi2,sim,dispersion_mode_1,2.8774448751896,2.87745,5.124810400047863e-06,-0.4839910786117103,-0.27712179380393837,touchstone_ri,2.8774448751896,1.0,,,,7,55.09,19.8224
260516_2dsweep_noplunger,sim,07_3_TDS-body_Novel-2Dsweep-260516_7.s2p,,S12,f_pi2,sim,dispersion_mode_1,2.8774448751896,2.87745,5.124810400047863e-06,-9.768307738354864,-90.26397062580114,touchstone_ri,2.8774448751896,1.0,,,,7,55.09,19.8224
260516_2dsweep_noplunger,sim,07_3_TDS-body_Novel-2Dsweep-260516_7.s2p,,S21,f_pi2,sim,dispersion_mode_1,2.8774448751896,2.87745,5.124810400047863e-06,-9.768440196297616,-90.2624082113382,touchstone_ri,2.8774448751896,1.0,,,,7,55.09,19.8224
260516_2dsweep_noplunger,sim,07_3_TDS-body_Novel-2Dsweep-260516_7.s2p,,S22,f_pi2,sim,dispersion_mode_1,2.8774448751896,2.87745,5.124810400047863e-06,-0.48412375389034534,-0.24717612179397944,touchstone_ri,2.8774448751896,1.0,,,,7,55.09,19.8224
260516_2dsweep_noplunger,sim,07_3_TDS-body_Novel-2Dsweep-260516_70.s2p,,S11,f_pi2,sim,dispersion_mode_1,2.8774448751896,2.87745,5.124810400047863e-06,-0.39939827506201775,-16.64342059449425,touchstone_ri,2.8774448751896,1.0,,,,70,56.84,19.8224
260516_2dsweep_noplunger,sim,07_3_TDS-body_Novel-2Dsweep-260516_70.s2p,,S12,f_pi2,sim,dispersion_mode_1,2.8774448751896,2.87745,5.124810400047863e-06,-10.563320339580965,-106.64273173799091,touchstone_ri,2.8774448751896,1.0,,,,70,56.84,19.8224
260516_2dsweep_noplunger,sim,07_3_TDS-body_Novel-2Dsweep-260516_70.s2p,,S21,f_pi2,sim,dispersion_mode_1,2.8774448751896,2.87745,5.124810400047863e-06,-10.563250251885027,-106.64444028194349,touchstone_ri,2.8774448751896,1.0,,,,70,56.84,19.8224
260516_2dsweep_noplunger,sim,07_3_TDS-body_Novel-2Dsweep-260516_70.s2p,,S22,f_pi2,sim,dispersion_mode_1,2.8774448751896,2.87745,5.124810400047863e-06,-0.39930274183742254,-16.641510324592055,touchstone_ri,2.8774448751896,1.0,,,,70,56.84,19.8224
260516_2dsweep_noplunger,sim,07_3_TDS-body_Novel-2Dsweep-260516_71.s2p,,S11,f_pi2,sim,dispersion_mode_1,2.8774448751896,2.87745,5.124810400047863e-06,-0.38616317943799877,-17.05771938895042,touchstone_ri,2.8774448751896,1.0,,,,71,56.84,20.0724
260516_2dsweep_noplunger,sim,07_3_TDS-body_Novel-2Dsweep-260516_71.s2p,,S12,f_pi2,sim,dispersion_mode_1,2.8774448751896,2.87745,5.124810400047863e-06,-10.702765568349058,-107.07693840913568,touchstone_ri,2.8774448751896,1.0,,,,71,56.84,20.0724
260516_2dsweep_noplunger,sim,07_3_TDS-body_Novel-2Dsweep-260516_71.s2p,,S21,f_pi2,sim,dispersion_mode_1,2.8774448751896,2.87745,5.124810400047863e-06,-10.702813583750533,-107.07591538189553,touchstone_ri,2.8774448751896,1.0,,,,71,56.84,20.0724
260516_2dsweep_noplunger,sim,07_3_TDS-body_Novel-2Dsweep-260516_71.s2p,,S22,f_pi2,sim,dispersion_mode_1,2.8774448751896,2.87745,5.124810400047863e-06,-0.3863982521701699,-17.084376510222626,touchstone_ri,2.8774448751896,1.0,,,,71,56.84,20.0724
260516_2dsweep_noplunger,sim,07_3_TDS-body_Novel-2Dsweep-260516_72.s2p,,S11,f_pi2,sim,dispersion_mode_1,2.8774448751896,2.87745,5.124810400047863e-06,-0.37591974752901336,-17.51865581135181,touchstone_ri,2.8774448751896,1.0,,,,72,56.84,20.3224
260516_2dsweep_noplunger,sim,07_3_TDS-body_Novel-2Dsweep-260516_72.s2p,,S12,f_pi2,sim,dispersion_mode_1,2.8774448751896,2.87745,5.124810400047863e-06,-10.810868977442816,-107.48766215821959,touchstone_ri,2.8774448751896,1.0,,,,72,56.84,20.3224
260516_2dsweep_noplunger,sim,07_3_TDS-body_Novel-2Dsweep-260516_72.s2p,,S21,f_pi2,sim,dispersion_mode_1,2.8774448751896,2.87745,5.124810400047863e-06,-10.812930931155867,-107.57954533697502,touchstone_ri,2.8774448751896,1.0,,,,72,56.84,20.3224
260516_2dsweep_noplunger,sim,07_3_TDS-body_Novel-2Dsweep-260516_72.s2p,,S22,f_pi2,sim,dispersion_mode_1,2.8774448751896,2.87745,5.124810400047863e-06,-0.3784893158693034,-17.49241550979683,touchstone_ri,2.8774448751896,1.0,,,,72,56.84,20.3224
260516_2dsweep_noplunger,sim,07_3_TDS-body_Novel-2Dsweep-260516_73.s2p,,S11,f_pi2,sim,dispersion_mode_1,2.8774448751896,2.87745,5.124810400047863e-06,-0.43345810444355926,-15.399425603907282,touchstone_ri,2.8774448751896,1.0,,,,73,57.09,18.3224
260516_2dsweep_noplunger,sim,07_3_TDS-body_Novel-2Dsweep-260516_73.s2p,,S12,f_pi2,sim,dispersion_mode_1,2.8774448751896,2.87745,5.124810400047863e-06,-10.166980611722678,-105.25276234231464,touchstone_ri,2.8774448751896,1.0,,,,73,57.09,18.3224
260516_2dsweep_noplunger,sim,07_3_TDS-body_Novel-2Dsweep-260516_73.s2p,,S21,f_pi2,sim,dispersion_mode_1,2.8774448751896,2.87745,5.124810400047863e-06,-10.177490315115458,-105.41329824694517,touchstone_ri,2.8774448751896,1.0,,,,73,57.09,18.3224
260516_2dsweep_noplunger,sim,07_3_TDS-body_Novel-2Dsweep-260516_73.s2p,,S22,f_pi2,sim,dispersion_mode_1,2.8774448751896,2.87745,5.124810400047863e-06,-0.43713097301888293,-15.39334680884054,touchstone_ri,2.8774448751896,1.0,,,,73,57.09,18.3224
260516_2dsweep_noplunger,sim,07_3_TDS-body_Novel-2Dsweep-260516_74.s2p,,S11,f_pi2,sim,dispersion_mode_1,2.8774448751896,2.87745,5.124810400047863e-06,-0.4201600742357071,-16.03600586404647,touchstone_ri,2.8774448751896,1.0,,,,74,57.09,18.5724
260516_2dsweep_noplunger,sim,07_3_TDS-body_Novel-2Dsweep-260516_74.s2p,,S12,f_pi2,sim,dispersion_mode_1,2.8774448751896,2.87745,5.124810400047863e-06,-10.347211463292705,-106.03639020751987,touchstone_ri,2.8774448751896,1.0,,,,74,57.09,18.5724
260516_2dsweep_noplunger,sim,07_3_TDS-body_Novel-2Dsweep-260516_74.s2p,,S21,f_pi2,sim,dispersion_mode_1,2.8774448751896,2.87745,5.124810400047863e-06,-10.347376211965054,-106.03799934080035,touchstone_ri,2.8774448751896,1.0,,,,74,57.09,18.5724
260516_2dsweep_noplunger,sim,07_3_TDS-body_Novel-2Dsweep-260516_74.s2p,,S22,f_pi2,sim,dispersion_mode_1,2.8774448751896,2.87745,5.124810400047863e-06,-0.420438013816914,-16.050046421793578,touchstone_ri,2.8774448751896,1.0,,,,74,57.09,18.5724
260516_2dsweep_noplunger,sim,07_3_TDS-body_Novel-2Dsweep-260516_75.s2p,,S11,f_pi2,sim,dispersion_mode_1,2.8774448751896,2.87745,5.124810400047863e-06,-0.40551491930591643,-16.664625910621957,touchstone_ri,2.8774448751896,1.0,,,,75,57.09,18.8224
260516_2dsweep_noplunger,sim,07_3_TDS-body_Novel-2Dsweep-260516_75.s2p,,S12,f_pi2,sim,dispersion_mode_1,2.8774448751896,2.87745,5.124810400047863e-06,-10.498120300261904,-106.66307205050853,touchstone_ri,2.8774448751896,1.0,,,,75,57.09,18.8224
260516_2dsweep_noplunger,sim,07_3_TDS-body_Novel-2Dsweep-260516_75.s2p,,S21,f_pi2,sim,dispersion_mode_1,2.8774448751896,2.87745,5.124810400047863e-06,-10.498305718353091,-106.66385527652622,touchstone_ri,2.8774448751896,1.0,,,,75,57.09,18.8224
260516_2dsweep_noplunger,sim,07_3_TDS-body_Novel-2Dsweep-260516_75.s2p,,S22,f_pi2,sim,dispersion_mode_1,2.8774448751896,2.87745,5.124810400047863e-06,-0.4055172546952612,-16.664826917904797,touchstone_ri,2.8774448751896,1.0,,,,75,57.09,18.8224
260516_2dsweep_noplunger,sim,07_3_TDS-body_Novel-2Dsweep-260516_76.s2p,,S11,f_pi2,sim,dispersion_mode_1,2.8774448751896,2.87745,5.124810400047863e-06,-0.39198506102966685,-17.166316256232644,touchstone_ri,2.8774448751896,1.0,,,,76,57.09,19.0724
260516_2dsweep_noplunger,sim,07_3_TDS-body_Novel-2Dsweep-260516_76.s2p,,S12,f_pi2,sim,dispersion_mode_1,2.8774448751896,2.87745,5.124810400047863e-06,-10.644040648581488,-107.18630839545123,touchstone_ri,2.8774448751896,1.0,,,,76,57.09,19.0724
260516_2dsweep_noplunger,sim,07_3_TDS-body_Novel-2Dsweep-260516_76.s2p,,S21,f_pi2,sim,dispersion_mode_1,2.8774448751896,2.87745,5.124810400047863e-06,-10.644041287790419,-107.1870046624292,touchstone_ri,2.8774448751896,1.0,,,,76,57.09,19.0724
260516_2dsweep_noplunger,sim,07_3_TDS-body_Novel-2Dsweep-260516_76.s2p,,S22,f_pi2,sim,dispersion_mode_1,2.8774448751896,2.87745,5.124810400047863e-06,-0.3920718987690888,-17.183747699372248,touchstone_ri,2.8774448751896,1.0,,,,76,57.09,19.0724
260516_2dsweep_noplunger,sim,07_3_TDS-body_Novel-2Dsweep-260516_77.s2p,,S11,f_pi2,sim,dispersion_mode_1,2.8774448751896,2.87745,5.124810400047863e-06,-0.3783865740410764,-17.671893926860758,touchstone_ri,2.8774448751896,1.0,,,,77,57.09,19.3224
260516_2dsweep_noplunger,sim,07_3_TDS-body_Novel-2Dsweep-260516_77.s2p,,S12,f_pi2,sim,dispersion_mode_1,2.8774448751896,2.87745,5.124810400047863e-06,-10.776779625365275,-107.66484988620036,touchstone_ri,2.8774448751896,1.0,,,,77,57.09,19.3224
260516_2dsweep_noplunger,sim,07_3_TDS-body_Novel-2Dsweep-260516_77.s2p,,S21,f_pi2,sim,dispersion_mode_1,2.8774448751896,2.87745,5.124810400047863e-06,-10.776749148553797,-107.66431434049257,touchstone_ri,2.8774448751896,1.0,,,,77,57.09,19.3224
260516_2dsweep_noplunger,sim,07_3_TDS-body_Novel-2Dsweep-260516_77.s2p,,S22,f_pi2,sim,dispersion_mode_1,2.8774448751896,2.87745,5.124810400047863e-06,-0.38027629949522535,-17.64845083281477,touchstone_ri,2.8774448751896,1.0,,,,77,57.09,19.3224
260516_2dsweep_noplunger,sim,07_3_TDS-body_Novel-2Dsweep-260516_78.s2p,,S11,f_pi2,sim,dispersion_mode_1,2.8774448751896,2.87745,5.124810400047863e-06,-0.3712198552523635,-18.163761750494764,touchstone_ri,2.8774448751896,1.0,,,,78,57.09,19.5724
260516_2dsweep_noplunger,sim,07_3_TDS-body_Novel-2Dsweep-260516_78.s2p,,S12,f_pi2,sim,dispersion_mode_1,2.8774448751896,2.87745,5.124810400047863e-06,-10.863063351850474,-108.14879634405435,touchstone_ri,2.8774448751896,1.0,,,,78,57.09,19.5724
260516_2dsweep_noplunger,sim,07_3_TDS-body_Novel-2Dsweep-260516_78.s2p,,S21,f_pi2,sim,dispersion_mode_1,2.8774448751896,2.87745,5.124810400047863e-06,-10.864378877816293,-108.15245090861286,touchstone_ri,2.8774448751896,1.0,,,,78,57.09,19.5724
260516_2dsweep_noplunger,sim,07_3_TDS-body_Novel-2Dsweep-260516_78.s2p,,S22,f_pi2,sim,dispersion_mode_1,2.8774448751896,2.87745,5.124810400047863e-06,-0.370752801446162,-18.15744332163469,touchstone_ri,2.8774448751896,1.0,,,,78,57.09,19.5724
260516_2dsweep_noplunger,sim,07_3_TDS-body_Novel-2Dsweep-260516_79.s2p,,S11,f_pi2,sim,dispersion_mode_1,2.8774448751896,2.87745,5.124810400047863e-06,-0.3632409228951391,-18.602694131214903,touchstone_ri,2.8774448751896,1.0,,,,79,57.09,19.8224
260516_2dsweep_noplunger,sim,07_3_TDS-body_Novel-2Dsweep-260516_79.s2p,,S12,f_pi2,sim,dispersion_mode_1,2.8774448751896,2.87745,5.124810400047863e-06,-10.962114850677185,-108.60125497536161,touchstone_ri,2.8774448751896,1.0,,,,79,57.09,19.8224
260516_2dsweep_noplunger,sim,07_3_TDS-body_Novel-2Dsweep-260516_79.s2p,,S21,f_pi2,sim,dispersion_mode_1,2.8774448751896,2.87745,5.124810400047863e-06,-10.96087467669556,-108.6041537702991,touchstone_ri,2.8774448751896,1.0,,,,79,57.09,19.8224
260516_2dsweep_noplunger,sim,07_3_TDS-body_Novel-2Dsweep-260516_79.s2p,,S22,f_pi2,sim,dispersion_mode_1,2.8774448751896,2.87745,5.124810400047863e-06,-0.3627235256956113,-18.59261344375927,touchstone_ri,2.8774448751896,1.0,,,,79,57.09,19.8224
260516_2dsweep_noplunger,sim,07_3_TDS-body_Novel-2Dsweep-260516_8.s2p,,S11,f_pi2,sim,dispersion_mode_1,2.8774448751896,2.87745,5.124810400047863e-06,-0.4419119489443559,-1.2638841666020888,touchstone_ri,2.8774448751896,1.0,,,,8,55.09,20.0724
260516_2dsweep_noplunger,sim,07_3_TDS-body_Novel-2Dsweep-260516_8.s2p,,S12,f_pi2,sim,dispersion_mode_1,2.8774448751896,2.87745,5.124810400047863e-06,-10.142551895593721,-91.26139607424406,touchstone_ri,2.8774448751896,1.0,,,,8,55.09,20.0724
260516_2dsweep_noplunger,sim,07_3_TDS-body_Novel-2Dsweep-260516_8.s2p,,S21,f_pi2,sim,dispersion_mode_1,2.8774448751896,2.87745,5.124810400047863e-06,-10.142626155808514,-91.26199054926438,touchstone_ri,2.8774448751896,1.0,,,,8,55.09,20.0724
260516_2dsweep_noplunger,sim,07_3_TDS-body_Novel-2Dsweep-260516_8.s2p,,S22,f_pi2,sim,dispersion_mode_1,2.8774448751896,2.87745,5.124810400047863e-06,-0.4419343867920095,-1.2567096487318337,touchstone_ri,2.8774448751896,1.0,,,,8,55.09,20.0724
260516_2dsweep_noplunger,sim,07_3_TDS-body_Novel-2Dsweep-260516_80.s2p,,S11,f_pi2,sim,dispersion_mode_1,2.8774448751896,2.87745,5.124810400047863e-06,-0.3575238125811542,-18.982640163569112,touchstone_ri,2.8774448751896,1.0,,,,80,57.09,20.0724
260516_2dsweep_noplunger,sim,07_3_TDS-body_Novel-2Dsweep-260516_80.s2p,,S12,f_pi2,sim,dispersion_mode_1,2.8774448751896,2.87745,5.124810400047863e-06,-11.047634013273234,-109.06051291357211,touchstone_ri,2.8774448751896,1.0,,,,80,57.09,20.0724
260516_2dsweep_noplunger,sim,07_3_TDS-body_Novel-2Dsweep-260516_80.s2p,,S21,f_pi2,sim,dispersion_mode_1,2.8774448751896,2.87745,5.124810400047863e-06,-11.049265739562514,-109.05262376154171,touchstone_ri,2.8774448751896,1.0,,,,80,57.09,20.0724
260516_2dsweep_noplunger,sim,07_3_TDS-body_Novel-2Dsweep-260516_80.s2p,,S22,f_pi2,sim,dispersion_mode_1,2.8774448751896,2.87745,5.124810400047863e-06,-0.36021633518879764,-18.957986145994134,touchstone_ri,2.8774448751896,1.0,,,,80,57.09,20.0724
260516_2dsweep_noplunger,sim,07_3_TDS-body_Novel-2Dsweep-260516_81.s2p,,S11,f_pi2,sim,dispersion_mode_1,2.8774448751896,2.87745,5.124810400047863e-06,-0.3461814606049208,-19.337447752197793,touchstone_ri,2.8774448751896,1.0,,,,81,57.09,20.3224
260516_2dsweep_noplunger,sim,07_3_TDS-body_Novel-2Dsweep-260516_81.s2p,,S12,f_pi2,sim,dispersion_mode_1,2.8774448751896,2.87745,5.124810400047863e-06,-11.12878412544953,-109.30885898034134,touchstone_ri,2.8774448751896,1.0,,,,81,57.09,20.3224
260516_2dsweep_noplunger,sim,07_3_TDS-body_Novel-2Dsweep-260516_81.s2p,,S21,f_pi2,sim,dispersion_mode_1,2.8774448751896,2.87745,5.124810400047863e-06,-11.129271837593329,-109.31053079857791,touchstone_ri,2.8774448751896,1.0,,,,81,57.09,20.3224
260516_2dsweep_noplunger,sim,07_3_TDS-body_Novel-2Dsweep-260516_81.s2p,,S22,f_pi2,sim,dispersion_mode_1,2.8774448751896,2.87745,5.124810400047863e-06,-0.34760604134465195,-19.341309291899965,touchstone_ri,2.8774448751896,1.0,,,,81,57.09,20.3224
260516_2dsweep_noplunger,sim,07_3_TDS-body_Novel-2Dsweep-260516_82.s2p,,S11,f_pi2,sim,dispersion_mode_1,2.8774448751896,2.87745,5.124810400047863e-06,-0.3608988610527415,-17.671791308976605,touchstone_ri,2.8774448751896,1.0,,,,82,57.34,18.3224
260516_2dsweep_noplunger,sim,07_3_TDS-body_Novel-2Dsweep-260516_82.s2p,,S12,f_pi2,sim,dispersion_mode_1,2.8774448751896,2.87745,5.124810400047863e-06,-10.977441055063565,-107.66584562813348,touchstone_ri,2.8774448751896,1.0,,,,82,57.34,18.3224
260516_2dsweep_noplunger,sim,07_3_TDS-body_Novel-2Dsweep-260516_82.s2p,,S21,f_pi2,sim,dispersion_mode_1,2.8774448751896,2.87745,5.124810400047863e-06,-10.97756358591396,-107.66541986415717,touchstone_ri,2.8774448751896,1.0,,,,82,57.34,18.3224
260516_2dsweep_noplunger,sim,07_3_TDS-body_Novel-2Dsweep-260516_82.s2p,,S22,f_pi2,sim,dispersion_mode_1,2.8774448751896,2.87745,5.124810400047863e-06,-0.36112676721010534,-17.67834532721411,touchstone_ri,2.8774448751896,1.0,,,,82,57.34,18.3224
260516_2dsweep_noplunger,sim,07_3_TDS-body_Novel-2Dsweep-260516_83.s2p,,S11,f_pi2,sim,dispersion_mode_1,2.8774448751896,2.87745,5.124810400047863e-06,-0.34967387103739855,-18.203644926394855,touchstone_ri,2.8774448751896,1.0,,,,83,57.34,18.5724
260516_2dsweep_noplunger,sim,07_3_TDS-body_Novel-2Dsweep-260516_83.s2p,,S12,f_pi2,sim,dispersion_mode_1,2.8774448751896,2.87745,5.124810400047863e-06,-11.091056252607345,-108.1338510438601,touchstone_ri,2.8774448751896,1.0,,,,83,57.34,18.5724
260516_2dsweep_noplunger,sim,07_3_TDS-body_Novel-2Dsweep-260516_83.s2p,,S21,f_pi2,sim,dispersion_mode_1,2.8774448751896,2.87745,5.124810400047863e-06,-11.086512730572116,-108.11359229908486,touchstone_ri,2.8774448751896,1.0,,,,83,57.34,18.5724
260516_2dsweep_noplunger,sim,07_3_TDS-body_Novel-2Dsweep-260516_83.s2p,,S22,f_pi2,sim,dispersion_mode_1,2.8774448751896,2.87745,5.124810400047863e-06,-0.34913069241868355,-18.17346977480496,touchstone_ri,2.8774448751896,1.0,,,,83,57.34,18.5724
260516_2dsweep_noplunger,sim,07_3_TDS-body_Novel-2Dsweep-260516_84.s2p,,S11,f_pi2,sim,dispersion_mode_1,2.8774448751896,2.87745,5.124810400047863e-06,-0.34463637489186694,-18.645707707295823,touchstone_ri,2.8774448751896,1.0,,,,84,57.34,18.8224
260516_2dsweep_noplunger,sim,07_3_TDS-body_Novel-2Dsweep-260516_84.s2p,,S12,f_pi2,sim,dispersion_mode_1,2.8774448751896,2.87745,5.124810400047863e-06,-11.199439115165532,-108.70984336079401,touchstone_ri,2.8774448751896,1.0,,,,84,57.34,18.8224
260516_2dsweep_noplunger,sim,07_3_TDS-body_Novel-2Dsweep-260516_84.s2p,,S21,f_pi2,sim,dispersion_mode_1,2.8774448751896,2.87745,5.124810400047863e-06,-11.195095037439886,-108.63784294756756,touchstone_ri,2.8774448751896,1.0,,,,84,57.34,18.8224
260516_2dsweep_noplunger,sim,07_3_TDS-body_Novel-2Dsweep-260516_84.s2p,,S22,f_pi2,sim,dispersion_mode_1,2.8774448751896,2.87745,5.124810400047863e-06,-0.3428429419797954,-18.6560993957332,touchstone_ri,2.8774448751896,1.0,,,,84,57.34,18.8224
260516_2dsweep_noplunger,sim,07_3_TDS-body_Novel-2Dsweep-260516_85.s2p,,S11,f_pi2,sim,dispersion_mode_1,2.8774448751896,2.87745,5.124810400047863e-06,-0.3359936998274321,-19.118866344204953,touchstone_ri,2.8774448751896,1.0,,,,85,57.34,19.0724
260516_2dsweep_noplunger,sim,07_3_TDS-body_Novel-2Dsweep-260516_85.s2p,,S12,f_pi2,sim,dispersion_mode_1,2.8774448751896,2.87745,5.124810400047863e-06,-11.27661343035522,-109.1102785683952,touchstone_ri,2.8774448751896,1.0,,,,85,57.34,19.0724
260516_2dsweep_noplunger,sim,07_3_TDS-body_Novel-2Dsweep-260516_85.s2p,,S21,f_pi2,sim,dispersion_mode_1,2.8774448751896,2.87745,5.124810400047863e-06,-11.276527880885691,-109.10790189717117,touchstone_ri,2.8774448751896,1.0,,,,85,57.34,19.0724
260516_2dsweep_noplunger,sim,07_3_TDS-body_Novel-2Dsweep-260516_85.s2p,,S22,f_pi2,sim,dispersion_mode_1,2.8774448751896,2.87745,5.124810400047863e-06,-0.3359742515371441,-19.118878034560577,touchstone_ri,2.8774448751896,1.0,,,,85,57.34,19.0724
260516_2dsweep_noplunger,sim,07_3_TDS-body_Novel-2Dsweep-260516_86.s2p,,S11,f_pi2,sim,dispersion_mode_1,2.8774448751896,2.87745,5.124810400047863e-06,-0.331034549278694,-19.520243667280397,touchstone_ri,2.8774448751896,1.0,,,,86,57.34,19.3224
260516_2dsweep_noplunger,sim,07_3_TDS-body_Novel-2Dsweep-260516_86.s2p,,S12,f_pi2,sim,dispersion_mode_1,2.8774448751896,2.87745,5.124810400047863e-06,-11.338226586842787,-109.51546245963767,touchstone_ri,2.8774448751896,1.0,,,,86,57.34,19.3224
260516_2dsweep_noplunger,sim,07_3_TDS-body_Novel-2Dsweep-260516_86.s2p,,S21,f_pi2,sim,dispersion_mode_1,2.8774448751896,2.87745,5.124810400047863e-06,-11.340241919079947,-109.51801680646331,touchstone_ri,2.8774448751896,1.0,,,,86,57.34,19.3224
260516_2dsweep_noplunger,sim,07_3_TDS-body_Novel-2Dsweep-260516_86.s2p,,S22,f_pi2,sim,dispersion_mode_1,2.8774448751896,2.87745,5.124810400047863e-06,-0.33096320345139485,-19.526098101812153,touchstone_ri,2.8774448751896,1.0,,,,86,57.34,19.3224
260516_2dsweep_noplunger,sim,07_3_TDS-body_Novel-2Dsweep-260516_87.s2p,,S11,f_pi2,sim,dispersion_mode_1,2.8774448751896,2.87745,5.124810400047863e-06,-0.327501855284536,-19.97078554972754,touchstone_ri,2.8774448751896,1.0,,,,87,57.34,19.5724
260516_2dsweep_noplunger,sim,07_3_TDS-body_Novel-2Dsweep-260516_87.s2p,,S12,f_pi2,sim,dispersion_mode_1,2.8774448751896,2.87745,5.124810400047863e-06,-11.393796817177652,-109.97215958539371,touchstone_ri,2.8774448751896,1.0,,,,87,57.34,19.5724
260516_2dsweep_noplunger,sim,07_3_TDS-body_Novel-2Dsweep-260516_87.s2p,,S21,f_pi2,sim,dispersion_mode_1,2.8774448751896,2.87745,5.124810400047863e-06,-11.394062561577066,-109.97355406759624,touchstone_ri,2.8774448751896,1.0,,,,87,57.34,19.5724
260516_2dsweep_noplunger,sim,07_3_TDS-body_Novel-2Dsweep-260516_87.s2p,,S22,f_pi2,sim,dispersion_mode_1,2.8774448751896,2.87745,5.124810400047863e-06,-0.32733671180359436,-19.964215711379484,touchstone_ri,2.8774448751896,1.0,,,,87,57.34,19.5724
260516_2dsweep_noplunger,sim,07_3_TDS-body_Novel-2Dsweep-260516_88.s2p,,S11,f_pi2,sim,dispersion_mode_1,2.8774448751896,2.87745,5.124810400047863e-06,-0.32395665462012607,-20.35818028494387,touchstone_ri,2.8774448751896,1.0,,,,88,57.34,19.8224
260516_2dsweep_noplunger,sim,07_3_TDS-body_Novel-2Dsweep-260516_88.s2p,,S12,f_pi2,sim,dispersion_mode_1,2.8774448751896,2.87745,5.124810400047863e-06,-11.432001062040504,-110.35916782050136,touchstone_ri,2.8774448751896,1.0,,,,88,57.34,19.8224
260516_2dsweep_noplunger,sim,07_3_TDS-body_Novel-2Dsweep-260516_88.s2p,,S21,f_pi2,sim,dispersion_mode_1,2.8774448751896,2.87745,5.124810400047863e-06,-11.431806713214312,-110.35748288681535,touchstone_ri,2.8774448751896,1.0,,,,88,57.34,19.8224
260516_2dsweep_noplunger,sim,07_3_TDS-body_Novel-2Dsweep-260516_88.s2p,,S22,f_pi2,sim,dispersion_mode_1,2.8774448751896,2.87745,5.124810400047863e-06,-0.32407718284142734,-20.362468621747297,touchstone_ri,2.8774448751896,1.0,,,,88,57.34,19.8224
260516_2dsweep_noplunger,sim,07_3_TDS-body_Novel-2Dsweep-260516_89.s2p,,S11,f_pi2,sim,dispersion_mode_1,2.8774448751896,2.87745,5.124810400047863e-06,-0.321859770959084,-20.739711518757368,touchstone_ri,2.8774448751896,1.0,,,,89,57.34,20.0724
260516_2dsweep_noplunger,sim,07_3_TDS-body_Novel-2Dsweep-260516_89.s2p,,S12,f_pi2,sim,dispersion_mode_1,2.8774448751896,2.87745,5.124810400047863e-06,-11.464341690925117,-110.7455820000158,touchstone_ri,2.8774448751896,1.0,,,,89,57.34,20.0724
260516_2dsweep_noplunger,sim,07_3_TDS-body_Novel-2Dsweep-260516_89.s2p,,S21,f_pi2,sim,dispersion_mode_1,2.8774448751896,2.87745,5.124810400047863e-06,-11.46560094308904,-110.74706485219919,touchstone_ri,2.8774448751896,1.0,,,,89,57.34,20.0724
260516_2dsweep_noplunger,sim,07_3_TDS-body_Novel-2Dsweep-260516_89.s2p,,S22,f_pi2,sim,dispersion_mode_1,2.8774448751896,2.87745,5.124810400047863e-06,-0.32153140947700953,-20.730078901544232,touchstone_ri,2.8774448751896,1.0,,,,89,57.34,20.0724
260516_2dsweep_noplunger,sim,07_3_TDS-body_Novel-2Dsweep-260516_9.s2p,,S11,f_pi2,sim,dispersion_mode_1,2.8774448751896,2.87745,5.124810400047863e-06,-0.40670436624337847,-2.13776570093012,touchstone_ri,2.8774448751896,1.0,,,,9,55.09,20.3224
260516_2dsweep_noplunger,sim,07_3_TDS-body_Novel-2Dsweep-260516_9.s2p,,S12,f_pi2,sim,dispersion_mode_1,2.8774448751896,2.87745,5.124810400047863e-06,-10.49084573276369,-92.12875591383305,touchstone_ri,2.8774448751896,1.0,,,,9,55.09,20.3224
260516_2dsweep_noplunger,sim,07_3_TDS-body_Novel-2Dsweep-260516_9.s2p,,S21,f_pi2,sim,dispersion_mode_1,2.8774448751896,2.87745,5.124810400047863e-06,-10.49084254507127,-92.12880031319168,touchstone_ri,2.8774448751896,1.0,,,,9,55.09,20.3224
260516_2dsweep_noplunger,sim,07_3_TDS-body_Novel-2Dsweep-260516_9.s2p,,S22,f_pi2,sim,dispersion_mode_1,2.8774448751896,2.87745,5.124810400047863e-06,-0.4062496472788976,-2.1246095432392726,touchstone_ri,2.8774448751896,1.0,,,,9,55.09,20.3224
260516_2dsweep_noplunger,sim,07_3_TDS-body_Novel-2Dsweep-260516_90.s2p,,S11,f_pi2,sim,dispersion_mode_1,2.8774448751896,2.87745,5.124810400047863e-06,-0.31971657458319636,-21.110115432702234,touchstone_ri,2.8774448751896,1.0,,,,90,57.34,20.3224
260516_2dsweep_noplunger,sim,07_3_TDS-body_Novel-2Dsweep-260516_90.s2p,,S12,f_pi2,sim,dispersion_mode_1,2.8774448751896,2.87745,5.124810400047863e-06,-11.488380747060658,-111.09671828493659,touchstone_ri,2.8774448751896,1.0,,,,90,57.34,20.3224
260516_2dsweep_noplunger,sim,07_3_TDS-body_Novel-2Dsweep-260516_90.s2p,,S21,f_pi2,sim,dispersion_mode_1,2.8774448751896,2.87745,5.124810400047863e-06,-11.487669850160799,-111.0966329382705,touchstone_ri,2.8774448751896,1.0,,,,90,57.34,20.3224
260516_2dsweep_noplunger,sim,07_3_TDS-body_Novel-2Dsweep-260516_90.s2p,,S22,f_pi2,sim,dispersion_mode_1,2.8774448751896,2.87745,5.124810400047863e-06,-0.3196868902362657,-21.086624743229425,touchstone_ri,2.8774448751896,1.0,,,,90,57.34,20.3224
260516_2dsweep_noplunger,sim,07_3_TDS-body_Novel-2Dsweep-260516_91.s2p,,S11,f_pi2,sim,dispersion_mode_1,2.8774448751896,2.87745,5.124810400047863e-06,-0.2959171684367499,-19.732921804745338,touchstone_ri,2.8774448751896,1.0,,,,91,57.59,18.3224
260516_2dsweep_noplunger,sim,07_3_TDS-body_Novel-2Dsweep-260516_91.s2p,,S12,f_pi2,sim,dispersion_mode_1,2.8774448751896,2.87745,5.124810400047863e-06,-11.815365587652,-109.72974580537293,touchstone_ri,2.8774448751896,1.0,,,,91,57.59,18.3224
260516_2dsweep_noplunger,sim,07_3_TDS-body_Novel-2Dsweep-260516_91.s2p,,S21,f_pi2,sim,dispersion_mode_1,2.8774448751896,2.87745,5.124810400047863e-06,-11.815234139249277,-109.72974059483248,touchstone_ri,2.8774448751896,1.0,,,,91,57.59,18.3224
260516_2dsweep_noplunger,sim,07_3_TDS-body_Novel-2Dsweep-260516_91.s2p,,S22,f_pi2,sim,dispersion_mode_1,2.8774448751896,2.87745,5.124810400047863e-06,-0.2963291654822565,-19.710802732195308,touchstone_ri,2.8774448751896,1.0,,,,91,57.59,18.3224
260516_2dsweep_noplunger,sim,07_3_TDS-body_Novel-2Dsweep-260516_92.s2p,,S11,f_pi2,sim,dispersion_mode_1,2.8774448751896,2.87745,5.124810400047863e-06,-0.2917861007330399,-20.168065013308894,touchstone_ri,2.8774448751896,1.0,,,,92,57.59,18.5724
260516_2dsweep_noplunger,sim,07_3_TDS-body_Novel-2Dsweep-260516_92.s2p,,S12,f_pi2,sim,dispersion_mode_1,2.8774448751896,2.87745,5.124810400047863e-06,-11.856612041842299,-110.12153673845579,touchstone_ri,2.8774448751896,1.0,,,,92,57.59,18.5724
260516_2dsweep_noplunger,sim,07_3_TDS-body_Novel-2Dsweep-260516_92.s2p,,S21,f_pi2,sim,dispersion_mode_1,2.8774448751896,2.87745,5.124810400047863e-06,-11.863047115169756,-110.19935892607157,touchstone_ri,2.8774448751896,1.0,,,,92,57.59,18.5724
260516_2dsweep_noplunger,sim,07_3_TDS-body_Novel-2Dsweep-260516_92.s2p,,S22,f_pi2,sim,dispersion_mode_1,2.8774448751896,2.87745,5.124810400047863e-06,-0.2945570633037559,-20.130217079729515,touchstone_ri,2.8774448751896,1.0,,,,92,57.59,18.5724
260516_2dsweep_noplunger,sim,07_3_TDS-body_Novel-2Dsweep-260516_93.s2p,,S11,f_pi2,sim,dispersion_mode_1,2.8774448751896,2.87745,5.124810400047863e-06,-0.2899662215091797,-20.54364382408746,touchstone_ri,2.8774448751896,1.0,,,,93,57.59,18.8224
260516_2dsweep_noplunger,sim,07_3_TDS-body_Novel-2Dsweep-260516_93.s2p,,S12,f_pi2,sim,dispersion_mode_1,2.8774448751896,2.87745,5.124810400047863e-06,-11.893514236083224,-110.54992106863706,touchstone_ri,2.8774448751896,1.0,,,,93,57.59,18.8224
260516_2dsweep_noplunger,sim,07_3_TDS-body_Novel-2Dsweep-260516_93.s2p,,S21,f_pi2,sim,dispersion_mode_1,2.8774448751896,2.87745,5.124810400047863e-06,-11.893972009277205,-110.54866247870234,touchstone_ri,2.8774448751896,1.0,,,,93,57.59,18.8224
260516_2dsweep_noplunger,sim,07_3_TDS-body_Novel-2Dsweep-260516_93.s2p,,S22,f_pi2,sim,dispersion_mode_1,2.8774448751896,2.87745,5.124810400047863e-06,-0.2902525857957567,-20.567427957423185,touchstone_ri,2.8774448751896,1.0,,,,93,57.59,18.8224
260516_2dsweep_noplunger,sim,07_3_TDS-body_Novel-2Dsweep-260516_94.s2p,,S11,f_pi2,sim,dispersion_mode_1,2.8774448751896,2.87745,5.124810400047863e-06,-0.28633624353780823,-20.86612921872846,touchstone_ri,2.8774448751896,1.0,,,,94,57.59,19.0724
260516_2dsweep_noplunger,sim,07_3_TDS-body_Novel-2Dsweep-260516_94.s2p,,S12,f_pi2,sim,dispersion_mode_1,2.8774448751896,2.87745,5.124810400047863e-06,-11.95247454386612,-110.8564249994893,touchstone_ri,2.8774448751896,1.0,,,,94,57.59,19.0724
260516_2dsweep_noplunger,sim,07_3_TDS-body_Novel-2Dsweep-260516_94.s2p,,S21,f_pi2,sim,dispersion_mode_1,2.8774448751896,2.87745,5.124810400047863e-06,-11.951798523174954,-110.85576103427667,touchstone_ri,2.8774448751896,1.0,,,,94,57.59,19.0724
260516_2dsweep_noplunger,sim,07_3_TDS-body_Novel-2Dsweep-260516_94.s2p,,S22,f_pi2,sim,dispersion_mode_1,2.8774448751896,2.87745,5.124810400047863e-06,-0.285999396212849,-20.84925625931981,touchstone_ri,2.8774448751896,1.0,,,,94,57.59,19.0724
260516_2dsweep_noplunger,sim,07_3_TDS-body_Novel-2Dsweep-260516_95.s2p,,S11,f_pi2,sim,dispersion_mode_1,2.8774448751896,2.87745,5.124810400047863e-06,-0.28894722753486607,-21.243610108025464,touchstone_ri,2.8774448751896,1.0,,,,95,57.59,19.3224
260516_2dsweep_noplunger,sim,07_3_TDS-body_Novel-2Dsweep-260516_95.s2p,,S12,f_pi2,sim,dispersion_mode_1,2.8774448751896,2.87745,5.124810400047863e-06,-11.965437096218672,-111.31088197772586,touchstone_ri,2.8774448751896,1.0,,,,95,57.59,19.3224
260516_2dsweep_noplunger,sim,07_3_TDS-body_Novel-2Dsweep-260516_95.s2p,,S21,f_pi2,sim,dispersion_mode_1,2.8774448751896,2.87745,5.124810400047863e-06,-11.965373457356357,-111.31880312968214,touchstone_ri,2.8774448751896,1.0,,,,95,57.59,19.3224
260516_2dsweep_noplunger,sim,07_3_TDS-body_Novel-2Dsweep-260516_95.s2p,,S22,f_pi2,sim,dispersion_mode_1,2.8774448751896,2.87745,5.124810400047863e-06,-0.2875451404202303,-21.23509188273083,touchstone_ri,2.8774448751896,1.0,,,,95,57.59,19.3224
260516_2dsweep_noplunger,sim,07_3_TDS-body_Novel-2Dsweep-260516_96.s2p,,S11,f_pi2,sim,dispersion_mode_1,2.8774448751896,2.87745,5.124810400047863e-06,-0.2845043814633779,-21.605151259562863,touchstone_ri,2.8774448751896,1.0,,,,96,57.59,19.5724
260516_2dsweep_noplunger,sim,07_3_TDS-body_Novel-2Dsweep-260516_96.s2p,,S12,f_pi2,sim,dispersion_mode_1,2.8774448751896,2.87745,5.124810400047863e-06,-11.972783375502159,-111.59123950665854,touchstone_ri,2.8774448751896,1.0,,,,96,57.59,19.5724
260516_2dsweep_noplunger,sim,07_3_TDS-body_Novel-2Dsweep-260516_96.s2p,,S21,f_pi2,sim,dispersion_mode_1,2.8774448751896,2.87745,5.124810400047863e-06,-11.97295702557791,-111.59569929556064,touchstone_ri,2.8774448751896,1.0,,,,96,57.59,19.5724
260516_2dsweep_noplunger,sim,07_3_TDS-body_Novel-2Dsweep-260516_96.s2p,,S22,f_pi2,sim,dispersion_mode_1,2.8774448751896,2.87745,5.124810400047863e-06,-0.28470753981102237,-21.59135396657188,touchstone_ri,2.8774448751896,1.0,,,,96,57.59,19.5724
260516_2dsweep_noplunger,sim,07_3_TDS-body_Novel-2Dsweep-260516_97.s2p,,S11,f_pi2,sim,dispersion_mode_1,2.8774448751896,2.87745,5.124810400047863e-06,-0.285657736516822,-21.95626298015734,touchstone_ri,2.8774448751896,1.0,,,,97,57.59,19.8224
260516_2dsweep_noplunger,sim,07_3_TDS-body_Novel-2Dsweep-260516_97.s2p,,S12,f_pi2,sim,dispersion_mode_1,2.8774448751896,2.87745,5.124810400047863e-06,-11.962577164937699,-111.9441185202936,touchstone_ri,2.8774448751896,1.0,,,,97,57.59,19.8224
260516_2dsweep_noplunger,sim,07_3_TDS-body_Novel-2Dsweep-260516_97.s2p,,S21,f_pi2,sim,dispersion_mode_1,2.8774448751896,2.87745,5.124810400047863e-06,-11.962463519675904,-111.94422280589225,touchstone_ri,2.8774448751896,1.0,,,,97,57.59,19.8224
260516_2dsweep_noplunger,sim,07_3_TDS-body_Novel-2Dsweep-260516_97.s2p,,S22,f_pi2,sim,dispersion_mode_1,2.8774448751896,2.87745,5.124810400047863e-06,-0.28557479387975504,-21.931776785171177,touchstone_ri,2.8774448751896,1.0,,,,97,57.59,19.8224
260516_2dsweep_noplunger,sim,07_3_TDS-body_Novel-2Dsweep-260516_98.s2p,,S11,f_pi2,sim,dispersion_mode_1,2.8774448751896,2.87745,5.124810400047863e-06,-0.2870404151733908,-22.29997855453591,touchstone_ri,2.8774448751896,1.0,,,,98,57.59,20.0724
260516_2dsweep_noplunger,sim,07_3_TDS-body_Novel-2Dsweep-260516_98.s2p,,S12,f_pi2,sim,dispersion_mode_1,2.8774448751896,2.87745,5.124810400047863e-06,-11.944818261865336,-112.2990044190105,touchstone_ri,2.8774448751896,1.0,,,,98,57.59,20.0724
260516_2dsweep_noplunger,sim,07_3_TDS-body_Novel-2Dsweep-260516_98.s2p,,S21,f_pi2,sim,dispersion_mode_1,2.8774448751896,2.87745,5.124810400047863e-06,-11.944920236910733,-112.30146543244075,touchstone_ri,2.8774448751896,1.0,,,,98,57.59,20.0724
260516_2dsweep_noplunger,sim,07_3_TDS-body_Novel-2Dsweep-260516_98.s2p,,S22,f_pi2,sim,dispersion_mode_1,2.8774448751896,2.87745,5.124810400047863e-06,-0.28679751293325734,-22.295010047953944,touchstone_ri,2.8774448751896,1.0,,,,98,57.59,20.0724
260516_2dsweep_noplunger,sim,07_3_TDS-body_Novel-2Dsweep-260516_99.s2p,,S11,f_pi2,sim,dispersion_mode_1,2.8774448751896,2.87745,5.124810400047863e-06,-0.28871889044036086,-22.64414420364353,touchstone_ri,2.8774448751896,1.0,,,,99,57.59,20.3224
260516_2dsweep_noplunger,sim,07_3_TDS-body_Novel-2Dsweep-260516_99.s2p,,S12,f_pi2,sim,dispersion_mode_1,2.8774448751896,2.87745,5.124810400047863e-06,-11.915994355602326,-112.64075424363725,touchstone_ri,2.8774448751896,1.0,,,,99,57.59,20.3224
260516_2dsweep_noplunger,sim,07_3_TDS-body_Novel-2Dsweep-260516_99.s2p,,S21,f_pi2,sim,dispersion_mode_1,2.8774448751896,2.87745,5.124810400047863e-06,-11.916093208578884,-112.63989563977768,touchstone_ri,2.8774448751896,1.0,,,,99,57.59,20.3224
260516_2dsweep_noplunger,sim,07_3_TDS-body_Novel-2Dsweep-260516_99.s2p,,S22,f_pi2,sim,dispersion_mode_1,2.8774448751896,2.87745,5.124810400047863e-06,-0.2887171400809185,-22.64418803520228,touchstone_ri,2.8774448751896,1.0,,,,99,57.59,20.3224
