dataset_id,data_layer,marker_name,marker_role,s_name,position_family,from_source_file,to_source_file,from_tune_position,to_tune_position,target_freq_ghz,from_freq_ghz,to_freq_ghz,from_s_db,to_s_db,from_phase_deg,to_phase_deg,signed_phase_step_deg,phase_advance_0to360_deg,phase_error_from_240_deg
260516_2dsweep_noplunger,sim,f_2pi3,sim,S11,offset_nan,07_3_TDS-body_Novel-2Dsweep-260516_1.s2p,07_3_TDS-body_Novel-2Dsweep-260516_10.s2p,,,2.8571160335532,2.85711,2.85711,-4.218412830293246,-4.749691401107256,84.67544301497222,80.8920234359241,-3.7834195790481147,356.2165804209519,116.21658042095191
260516_2dsweep_noplunger,sim,f_2pi3,sim,S11,offset_nan,07_3_TDS-body_Novel-2Dsweep-260516_10.s2p,07_3_TDS-body_Novel-2Dsweep-260516_100.s2p,,,2.8571160335532,2.85711,2.85711,-4.749691401107256,-1.5005163638392347,80.8920234359241,19.50870136378859,-61.38332207213551,298.6166779278645,58.61667792786449
260516_2dsweep_noplunger,sim,f_2pi3,sim,S11,offset_nan,07_3_TDS-body_Novel-2Dsweep-260516_100.s2p,07_3_TDS-body_Novel-2Dsweep-260516_101.s2p,,,2.8571160335532,2.85711,2.85711,-1.5005163638392347,-1.0654918420825785,19.50870136378859,14.483670993479533,-5.025030370309054,354.9749696296909,114.97496962969092
260516_2dsweep_noplunger,sim,f_2pi3,sim,S11,offset_nan,07_3_TDS-body_Novel-2Dsweep-260516_101.s2p,07_3_TDS-body_Novel-2Dsweep-260516_102.s2p,,,2.8571160335532,2.85711,2.85711,-1.0654918420825785,-0.8064153422340665,14.483670993479533,10.928017673139948,-3.5556533203395873,356.4443466796604,116.44434667966038
260516_2dsweep_noplunger,sim,f_2pi3,sim,S11,offset_nan,07_3_TDS-body_Novel-2Dsweep-260516_102.s2p,07_3_TDS-body_Novel-2Dsweep-260516_103.s2p,,,2.8571160335532,2.85711,2.85711,-0.8064153422340665,-0.6345399758850352,10.928017673139948,8.204058943714111,-2.7239587294258456,357.2760412705742,117.27604127057418
260516_2dsweep_noplunger,sim,f_2pi3,sim,S11,offset_nan,07_3_TDS-body_Novel-2Dsweep-260516_103.s2p,07_3_TDS-body_Novel-2Dsweep-260516_104.s2p,,,2.8571160335532,2.85711,2.85711,-0.6345399758850352,-0.2681679930838258,8.204058943714111,0.45199153526169245,-7.752067408452433,352.24793259154757,112.24793259154757
260516_2dsweep_noplunger,sim,f_2pi3,sim,S11,offset_nan,07_3_TDS-body_Novel-2Dsweep-260516_104.s2p,07_3_TDS-body_Novel-2Dsweep-260516_105.s2p,,,2.8571160335532,2.85711,2.85711,-0.2681679930838258,-0.7971463838826272,0.45199153526169245,9.34857169404915,8.896580158787458,8.896580158787458,-231.10341984121254
260516_2dsweep_noplunger,sim,f_2pi3,sim,S11,offset_nan,07_3_TDS-body_Novel-2Dsweep-260516_105.s2p,07_3_TDS-body_Novel-2Dsweep-260516_106.s2p,,,2.8571160335532,2.85711,2.85711,-0.7971463838826272,-0.6202116850734284,9.34857169404915,6.49890437209513,-2.84966732195403,357.15033267804597,117.15033267804597
260516_2dsweep_noplunger,sim,f_2pi3,sim,S11,offset_nan,07_3_TDS-body_Novel-2Dsweep-260516_106.s2p,07_3_TDS-body_Novel-2Dsweep-260516_107.s2p,,,2.8571160335532,2.85711,2.85711,-0.6202116850734284,-0.41555372992979756,6.49890437209513,2.6172635331526206,-3.881640838942502,356.11835916105747,116.11835916105747
260516_2dsweep_noplunger,sim,f_2pi3,sim,S11,offset_nan,07_3_TDS-body_Novel-2Dsweep-260516_107.s2p,07_3_TDS-body_Novel-2Dsweep-260516_108.s2p,,,2.8571160335532,2.85711,2.85711,-0.41555372992979756,-0.3528873827132448,2.6172635331526206,1.2374489182989612,-1.3798146148536716,358.6201853851463,118.62018538514633
260516_2dsweep_noplunger,sim,f_2pi3,sim,S11,offset_nan,07_3_TDS-body_Novel-2Dsweep-260516_108.s2p,07_3_TDS-body_Novel-2Dsweep-260516_109.s2p,,,2.8571160335532,2.85711,2.85711,-0.3528873827132448,-0.30489285720436454,1.2374489182989612,0.08812934788322167,-1.1493195704157415,358.85068042958426,118.85068042958426
260516_2dsweep_noplunger,sim,f_2pi3,sim,S11,offset_nan,07_3_TDS-body_Novel-2Dsweep-260516_109.s2p,07_3_TDS-body_Novel-2Dsweep-260516_11.s2p,,,2.8571160335532,2.85711,2.85711,-0.30489285720436454,-3.1041852898717237,0.08812934788322167,68.35323731544156,68.26510796755832,68.26510796755832,-171.73489203244168
260516_2dsweep_noplunger,sim,f_2pi3,sim,S11,offset_nan,07_3_TDS-body_Novel-2Dsweep-260516_11.s2p,07_3_TDS-body_Novel-2Dsweep-260516_110.s2p,,,2.8571160335532,2.85711,2.85711,-3.1041852898717237,-0.26555128192989785,68.35323731544156,-0.9735738381136246,-69.32681115355518,290.6731888464448,50.673188846444816
260516_2dsweep_noplunger,sim,f_2pi3,sim,S11,offset_nan,07_3_TDS-body_Novel-2Dsweep-260516_110.s2p,07_3_TDS-body_Novel-2Dsweep-260516_111.s2p,,,2.8571160335532,2.85711,2.85711,-0.26555128192989785,-0.22192456157052035,-0.9735738381136246,-2.234353813501163,-1.2607799753875497,358.73922002461245,118.73922002461245
260516_2dsweep_noplunger,sim,f_2pi3,sim,S11,offset_nan,07_3_TDS-body_Novel-2Dsweep-260516_111.s2p,07_3_TDS-body_Novel-2Dsweep-260516_112.s2p,,,2.8571160335532,2.85711,2.85711,-0.22192456157052035,-0.5111139700429771,-2.234353813501163,5.974385582607479,8.208739396108655,8.208739396108655,-231.79126060389135
260516_2dsweep_noplunger,sim,f_2pi3,sim,S11,offset_nan,07_3_TDS-body_Novel-2Dsweep-260516_112.s2p,07_3_TDS-body_Novel-2Dsweep-260516_113.s2p,,,2.8571160335532,2.85711,2.85711,-0.5111139700429771,-0.42457929282909984,5.974385582607479,4.2260247506332975,-1.7483608319741961,358.2516391680258,118.2516391680258
260516_2dsweep_noplunger,sim,f_2pi3,sim,S11,offset_nan,07_3_TDS-body_Novel-2Dsweep-260516_113.s2p,07_3_TDS-body_Novel-2Dsweep-260516_114.s2p,,,2.8571160335532,2.85711,2.85711,-0.42457929282909984,-0.3590062508629225,4.2260247506332975,2.763304085953944,-1.4627206646793525,358.53727933532065,118.53727933532065
260516_2dsweep_noplunger,sim,f_2pi3,sim,S11,offset_nan,07_3_TDS-body_Novel-2Dsweep-260516_114.s2p,07_3_TDS-body_Novel-2Dsweep-260516_115.s2p,,,2.8571160335532,2.85711,2.85711,-0.3590062508629225,-0.30830919275406843,2.763304085953944,1.5181523191833517,-1.24515176677059,358.7548482332294,118.75484823322938
260516_2dsweep_noplunger,sim,f_2pi3,sim,S11,offset_nan,07_3_TDS-body_Novel-2Dsweep-260516_115.s2p,07_3_TDS-body_Novel-2Dsweep-260516_116.s2p,,,2.8571160335532,2.85711,2.85711,-0.30830919275406843,-1.048035841087161,1.5181523191833517,12.778331380735878,11.26017906155252,11.26017906155252,-228.73982093844748
260516_2dsweep_noplunger,sim,f_2pi3,sim,S11,offset_nan,07_3_TDS-body_Novel-2Dsweep-260516_116.s2p,07_3_TDS-body_Novel-2Dsweep-260516_117.s2p,,,2.8571160335532,2.85711,2.85711,-1.048035841087161,-0.49951874145113045,12.778331380735878,4.3120574416036535,-8.466273939132236,351.53372606086776,111.53372606086776
260516_2dsweep_noplunger,sim,f_2pi3,sim,S11,offset_nan,07_3_TDS-body_Novel-2Dsweep-260516_117.s2p,07_3_TDS-body_Novel-2Dsweep-260516_12.s2p,,,2.8571160335532,2.85711,2.85711,-0.49951874145113045,-2.107220484693297,4.3120574416036535,58.13501396012096,53.82295651851729,53.82295651851729,-186.1770434814827
260516_2dsweep_noplunger,sim,f_2pi3,sim,S11,offset_nan,07_3_TDS-body_Novel-2Dsweep-260516_12.s2p,07_3_TDS-body_Novel-2Dsweep-260516_13.s2p,,,2.8571160335532,2.85711,2.85711,-2.107220484693297,-1.4555479293871831,58.13501396012096,49.349737662382175,-8.78527629773879,351.2147237022612,111.21472370226121
260516_2dsweep_noplunger,sim,f_2pi3,sim,S11,offset_nan,07_3_TDS-body_Novel-2Dsweep-260516_13.s2p,07_3_TDS-body_Novel-2Dsweep-260516_14.s2p,,,2.8571160335532,2.85711,2.85711,-1.4555479293871831,-1.0353819230505785,49.349737662382175,42.343580555948286,-7.006157106433875,352.9938428935661,112.99384289356612
260516_2dsweep_noplunger,sim,f_2pi3,sim,S11,offset_nan,07_3_TDS-body_Novel-2Dsweep-260516_14.s2p,07_3_TDS-body_Novel-2Dsweep-260516_15.s2p,,,2.8571160335532,2.85711,2.85711,-1.0353819230505785,-0.7661943662420843,42.343580555948286,36.77905931607275,-5.564521239875546,354.43547876012445,114.43547876012445
260516_2dsweep_noplunger,sim,f_2pi3,sim,S11,offset_nan,07_3_TDS-body_Novel-2Dsweep-260516_15.s2p,07_3_TDS-body_Novel-2Dsweep-260516_16.s2p,,,2.8571160335532,2.85711,2.85711,-0.7661943662420843,-0.5827294637216972,36.77905931607275,32.155108625330726,-4.623950690742021,355.37604930925795,115.37604930925795
260516_2dsweep_noplunger,sim,f_2pi3,sim,S11,offset_nan,07_3_TDS-body_Novel-2Dsweep-260516_16.s2p,07_3_TDS-body_Novel-2Dsweep-260516_17.s2p,,,2.8571160335532,2.85711,2.85711,-0.5827294637216972,-0.4531128162121509,32.155108625330726,28.25988598683505,-3.8952226384956816,356.1047773615043,116.10477736150432
260516_2dsweep_noplunger,sim,f_2pi3,sim,S11,offset_nan,07_3_TDS-body_Novel-2Dsweep-260516_17.s2p,07_3_TDS-body_Novel-2Dsweep-260516_18.s2p,,,2.8571160335532,2.85711,2.85711,-0.4531128162121509,-0.35877090569551856,28.25988598683505,24.945811004068627,-3.3140749827664138,356.68592501723356,116.68592501723356
260516_2dsweep_noplunger,sim,f_2pi3,sim,S11,offset_nan,07_3_TDS-body_Novel-2Dsweep-260516_18.s2p,07_3_TDS-body_Novel-2Dsweep-260516_19.s2p,,,2.8571160335532,2.85711,2.85711,-0.35877090569551856,-5.124636609247038,24.945811004068627,76.54710182159062,51.601290817522,51.601290817522,-188.398709182478
260516_2dsweep_noplunger,sim,f_2pi3,sim,S11,offset_nan,07_3_TDS-body_Novel-2Dsweep-260516_19.s2p,07_3_TDS-body_Novel-2Dsweep-260516_2.s2p,,,2.8571160335532,2.85711,2.85711,-5.124636609247038,-2.8022652214742614,76.54710182159062,71.79031490191241,-4.7567869196782055,355.24321308032177,115.24321308032177
260516_2dsweep_noplunger,sim,f_2pi3,sim,S11,offset_nan,07_3_TDS-body_Novel-2Dsweep-260516_2.s2p,07_3_TDS-body_Novel-2Dsweep-260516_20.s2p,,,2.8571160335532,2.85711,2.85711,-2.8022652214742614,-3.295865925472232,71.79031490191241,64.27185822110167,-7.518456680810743,352.48154331918926,112.48154331918926
260516_2dsweep_noplunger,sim,f_2pi3,sim,S11,offset_nan,07_3_TDS-body_Novel-2Dsweep-260516_20.s2p,07_3_TDS-body_Novel-2Dsweep-260516_21.s2p,,,2.8571160335532,2.85711,2.85711,-3.295865925472232,-2.2029037872548303,64.27185822110167,54.12008584767337,-10.151772373428287,349.8482276265717,109.84822762657171
260516_2dsweep_noplunger,sim,f_2pi3,sim,S11,offset_nan,07_3_TDS-body_Novel-2Dsweep-260516_21.s2p,07_3_TDS-body_Novel-2Dsweep-260516_22.s2p,,,2.8571160335532,2.85711,2.85711,-2.2029037872548303,-1.517680987567992,54.12008584767337,45.788684712910886,-8.331401134762473,351.6685988652375,111.66859886523753
260516_2dsweep_noplunger,sim,f_2pi3,sim,S11,offset_nan,07_3_TDS-body_Novel-2Dsweep-260516_22.s2p,07_3_TDS-body_Novel-2Dsweep-260516_23.s2p,,,2.8571160335532,2.85711,2.85711,-1.517680987567992,-1.079527704299959,45.788684712910886,39.075795441977924,-6.712889270932976,353.287110729067,113.28711072906702
260516_2dsweep_noplunger,sim,f_2pi3,sim,S11,offset_nan,07_3_TDS-body_Novel-2Dsweep-260516_23.s2p,07_3_TDS-body_Novel-2Dsweep-260516_24.s2p,,,2.8571160335532,2.85711,2.85711,-1.079527704299959,-0.7983188270532581,39.075795441977924,33.74241508118982,-5.333380360788112,354.6666196392119,114.66661963921189
260516_2dsweep_noplunger,sim,f_2pi3,sim,S11,offset_nan,07_3_TDS-body_Novel-2Dsweep-260516_24.s2p,07_3_TDS-body_Novel-2Dsweep-260516_25.s2p,,,2.8571160335532,2.85711,2.85711,-0.7983188270532581,-0.6025633237589362,33.74241508118982,29.27465644405519,-4.4677586371346365,355.53224136286536,115.53224136286536
260516_2dsweep_noplunger,sim,f_2pi3,sim,S11,offset_nan,07_3_TDS-body_Novel-2Dsweep-260516_25.s2p,07_3_TDS-body_Novel-2Dsweep-260516_26.s2p,,,2.8571160335532,2.85711,2.85711,-0.6025633237589362,-0.466737646796726,29.27465644405519,25.558884318714664,-3.7157721253405214,356.28422787465945,116.28422787465945
260516_2dsweep_noplunger,sim,f_2pi3,sim,S11,offset_nan,07_3_TDS-body_Novel-2Dsweep-260516_26.s2p,07_3_TDS-body_Novel-2Dsweep-260516_27.s2p,,,2.8571160335532,2.85711,2.85711,-0.466737646796726,-0.37237171318621054,25.558884318714664,22.5335245109095,-3.0253598078051596,356.97464019219484,116.97464019219484
260516_2dsweep_noplunger,sim,f_2pi3,sim,S11,offset_nan,07_3_TDS-body_Novel-2Dsweep-260516_27.s2p,07_3_TDS-body_Novel-2Dsweep-260516_28.s2p,,,2.8571160335532,2.85711,2.85711,-0.37237171318621054,-6.112551433032581,22.5335245109095,75.20926383705063,52.67573932614113,52.67573932614113,-187.32426067385887
260516_2dsweep_noplunger,sim,f_2pi3,sim,S11,offset_nan,07_3_TDS-body_Novel-2Dsweep-260516_28.s2p,07_3_TDS-body_Novel-2Dsweep-260516_29.s2p,,,2.8571160335532,2.85711,2.85711,-6.112551433032581,-3.8070937920331844,75.20926383705063,62.494465343496145,-12.714798493554497,347.2852015064455,107.2852015064455
260516_2dsweep_noplunger,sim,f_2pi3,sim,S11,offset_nan,07_3_TDS-body_Novel-2Dsweep-260516_29.s2p,07_3_TDS-body_Novel-2Dsweep-260516_3.s2p,,,2.8571160335532,2.85711,2.85711,-3.8070937920331844,-1.913400390862217,62.494465343496145,61.30574331755312,-1.1887220259430364,358.81127797405696,118.81127797405696
260516_2dsweep_noplunger,sim,f_2pi3,sim,S11,offset_nan,07_3_TDS-body_Novel-2Dsweep-260516_3.s2p,07_3_TDS-body_Novel-2Dsweep-260516_30.s2p,,,2.8571160335532,2.85711,2.85711,-1.913400390862217,-2.4953353641456637,61.30574331755312,52.13050481245068,-9.175238505102442,350.82476149489753,110.82476149489753
260516_2dsweep_noplunger,sim,f_2pi3,sim,S11,offset_nan,07_3_TDS-body_Novel-2Dsweep-260516_30.s2p,07_3_TDS-body_Novel-2Dsweep-260516_31.s2p,,,2.8571160335532,2.85711,2.85711,-2.4953353641456637,-1.6992603520388938,52.13050481245068,43.76874792057527,-8.361756891875416,351.6382431081246,111.63824310812458
260516_2dsweep_noplunger,sim,f_2pi3,sim,S11,offset_nan,07_3_TDS-body_Novel-2Dsweep-260516_31.s2p,07_3_TDS-body_Novel-2Dsweep-260516_32.s2p,,,2.8571160335532,2.85711,2.85711,-1.6992603520388938,-1.2086285077608063,43.76874792057527,37.15549587631925,-6.613252044256029,353.386747955744,113.386747955744
260516_2dsweep_noplunger,sim,f_2pi3,sim,S11,offset_nan,07_3_TDS-body_Novel-2Dsweep-260516_32.s2p,07_3_TDS-body_Novel-2Dsweep-260516_33.s2p,,,2.8571160335532,2.85711,2.85711,-1.2086285077608063,-0.903992669209009,37.15549587631925,32.11216915700217,-5.043326719317065,354.95667328068294,114.95667328068294
260516_2dsweep_noplunger,sim,f_2pi3,sim,S11,offset_nan,07_3_TDS-body_Novel-2Dsweep-260516_33.s2p,07_3_TDS-body_Novel-2Dsweep-260516_34.s2p,,,2.8571160335532,2.85711,2.85711,-0.903992669209009,-0.6677067268213139,32.11216915700217,27.429337229200094,-4.682831927802084,355.3171680721979,115.31716807219789
260516_2dsweep_noplunger,sim,f_2pi3,sim,S11,offset_nan,07_3_TDS-body_Novel-2Dsweep-260516_34.s2p,07_3_TDS-body_Novel-2Dsweep-260516_35.s2p,,,2.8571160335532,2.85711,2.85711,-0.6677067268213139,-0.5218852473438791,27.429337229200094,23.90430562304636,-3.525031606153732,356.47496839384627,116.47496839384627
260516_2dsweep_noplunger,sim,f_2pi3,sim,S11,offset_nan,07_3_TDS-body_Novel-2Dsweep-260516_35.s2p,07_3_TDS-body_Novel-2Dsweep-260516_36.s2p,,,2.8571160335532,2.85711,2.85711,-0.5218852473438791,-0.41622930465326585,23.90430562304636,20.93916393936003,-2.9651416836863405,357.03485831631366,117.03485831631366
260516_2dsweep_noplunger,sim,f_2pi3,sim,S11,offset_nan,07_3_TDS-body_Novel-2Dsweep-260516_36.s2p,07_3_TDS-body_Novel-2Dsweep-260516_37.s2p,,,2.8571160335532,2.85711,2.85711,-0.41622930465326585,-5.960001150964077,20.93916393936003,70.19683295739524,49.257669018035216,49.257669018035216,-190.74233098196478
260516_2dsweep_noplunger,sim,f_2pi3,sim,S11,offset_nan,07_3_TDS-body_Novel-2Dsweep-260516_37.s2p,07_3_TDS-body_Novel-2Dsweep-260516_38.s2p,,,2.8571160335532,2.85711,2.85711,-5.960001150964077,-3.7727692482532147,70.19683295739524,57.51558392260454,-12.68124903479071,347.3187509652093,107.31875096520929
260516_2dsweep_noplunger,sim,f_2pi3,sim,S11,offset_nan,07_3_TDS-body_Novel-2Dsweep-260516_38.s2p,07_3_TDS-body_Novel-2Dsweep-260516_39.s2p,,,2.8571160335532,2.85711,2.85711,-3.7727692482532147,-2.4474486786435024,57.51558392260454,47.49773612379197,-10.017847798812568,349.98215220118743,109.98215220118743
260516_2dsweep_noplunger,sim,f_2pi3,sim,S11,offset_nan,07_3_TDS-body_Novel-2Dsweep-260516_39.s2p,07_3_TDS-body_Novel-2Dsweep-260516_4.s2p,,,2.8571160335532,2.85711,2.85711,-2.4474486786435024,-1.3532564289533535,47.49773612379197,52.60248469903151,5.10474857523954,5.10474857523954,-234.89525142476046
260516_2dsweep_noplunger,sim,f_2pi3,sim,S11,offset_nan,07_3_TDS-body_Novel-2Dsweep-260516_4.s2p,07_3_TDS-body_Novel-2Dsweep-260516_40.s2p,,,2.8571160335532,2.85711,2.85711,-1.3532564289533535,-1.6722237288479083,52.60248469903151,39.62908017729433,-12.973404521737166,347.02659547826283,107.02659547826283
260516_2dsweep_noplunger,sim,f_2pi3,sim,S11,offset_nan,07_3_TDS-body_Novel-2Dsweep-260516_40.s2p,07_3_TDS-body_Novel-2Dsweep-260516_41.s2p,,,2.8571160335532,2.85711,2.85711,-1.6722237288479083,-1.1901705765365942,39.62908017729433,33.39952736888055,-6.229552808413786,353.7704471915862,113.77044719158619
260516_2dsweep_noplunger,sim,f_2pi3,sim,S11,offset_nan,07_3_TDS-body_Novel-2Dsweep-260516_41.s2p,07_3_TDS-body_Novel-2Dsweep-260516_42.s2p,,,2.8571160335532,2.85711,2.85711,-1.1901705765365942,-0.8792235720711545,33.39952736888055,28.443520091466706,-4.956007277413846,355.04399272258615,115.04399272258615
260516_2dsweep_noplunger,sim,f_2pi3,sim,S11,offset_nan,07_3_TDS-body_Novel-2Dsweep-260516_42.s2p,07_3_TDS-body_Novel-2Dsweep-260516_43.s2p,,,2.8571160335532,2.85711,2.85711,-0.8792235720711545,-0.6708176464715527,28.443520091466706,24.445544024041748,-3.9979760674249576,356.00202393257507,116.00202393257507
260516_2dsweep_noplunger,sim,f_2pi3,sim,S11,offset_nan,07_3_TDS-body_Novel-2Dsweep-260516_43.s2p,07_3_TDS-body_Novel-2Dsweep-260516_44.s2p,,,2.8571160335532,2.85711,2.85711,-0.6708176464715527,-0.5239004683500598,24.445544024041748,21.13622311366164,-3.3093209103801087,356.6906790896199,116.69067908961989
260516_2dsweep_noplunger,sim,f_2pi3,sim,S11,offset_nan,07_3_TDS-body_Novel-2Dsweep-260516_44.s2p,07_3_TDS-body_Novel-2Dsweep-260516_45.s2p,,,2.8571160335532,2.85711,2.85711,-0.5239004683500598,-0.42080981627240366,21.13622311366164,18.403285155817095,-2.732937957844541,357.26706204215543,117.26706204215543
260516_2dsweep_noplunger,sim,f_2pi3,sim,S11,offset_nan,07_3_TDS-body_Novel-2Dsweep-260516_45.s2p,07_3_TDS-body_Novel-2Dsweep-260516_46.s2p,,,2.8571160335532,2.85711,2.85711,-0.42080981627240366,-5.8403749438618675,18.403285155817095,64.06427617882797,45.660991023010865,45.660991023010865,-194.33900897698913
260516_2dsweep_noplunger,sim,f_2pi3,sim,S11,offset_nan,07_3_TDS-body_Novel-2Dsweep-260516_46.s2p,07_3_TDS-body_Novel-2Dsweep-260516_47.s2p,,,2.8571160335532,2.85711,2.85711,-5.8403749438618675,-3.5910325134490617,64.06427617882797,52.130700949680154,-11.933575229147806,348.0664247708522,108.06642477085222
260516_2dsweep_noplunger,sim,f_2pi3,sim,S11,offset_nan,07_3_TDS-body_Novel-2Dsweep-260516_47.s2p,07_3_TDS-body_Novel-2Dsweep-260516_48.s2p,,,2.8571160335532,2.85711,2.85711,-3.5910325134490617,-2.312981316681428,52.130700949680154,42.512065869156665,-9.61863508052349,350.3813649194765,110.38136491947648
260516_2dsweep_noplunger,sim,f_2pi3,sim,S11,offset_nan,07_3_TDS-body_Novel-2Dsweep-260516_48.s2p,07_3_TDS-body_Novel-2Dsweep-260516_49.s2p,,,2.8571160335532,2.85711,2.85711,-2.312981316681428,-1.5891106989928003,42.512065869156665,35.20495389821424,-7.3071119709424295,352.6928880290576,112.6928880290576
260516_2dsweep_noplunger,sim,f_2pi3,sim,S11,offset_nan,07_3_TDS-body_Novel-2Dsweep-260516_49.s2p,07_3_TDS-body_Novel-2Dsweep-260516_5.s2p,,,2.8571160335532,2.85711,2.85711,-1.5891106989928003,-0.9748955529711303,35.20495389821424,45.409862330992844,10.204908432778609,10.204908432778609,-229.7950915672214
260516_2dsweep_noplunger,sim,f_2pi3,sim,S11,offset_nan,07_3_TDS-body_Novel-2Dsweep-260516_5.s2p,07_3_TDS-body_Novel-2Dsweep-260516_50.s2p,,,2.8571160335532,2.85711,2.85711,-0.9748955529711303,-1.1428645694829667,45.409862330992844,29.528258501490033,-15.881603829502808,344.1183961704972,104.11839617049719
260516_2dsweep_noplunger,sim,f_2pi3,sim,S11,offset_nan,07_3_TDS-body_Novel-2Dsweep-260516_50.s2p,07_3_TDS-body_Novel-2Dsweep-260516_51.s2p,,,2.8571160335532,2.85711,2.85711,-1.1428645694829667,-0.8455062077695283,29.528258501490033,24.902166149968377,-4.626092351521663,355.37390764847834,115.37390764847834
260516_2dsweep_noplunger,sim,f_2pi3,sim,S11,offset_nan,07_3_TDS-body_Novel-2Dsweep-260516_51.s2p,07_3_TDS-body_Novel-2Dsweep-260516_52.s2p,,,2.8571160335532,2.85711,2.85711,-0.8455062077695283,-0.6468635874558581,24.902166149968377,21.183056028073377,-3.7191101218949996,356.280889878105,116.28088987810497
260516_2dsweep_noplunger,sim,f_2pi3,sim,S11,offset_nan,07_3_TDS-body_Novel-2Dsweep-260516_52.s2p,07_3_TDS-body_Novel-2Dsweep-260516_53.s2p,,,2.8571160335532,2.85711,2.85711,-0.6468635874558581,-0.5125451759841927,21.183056028073377,18.20963007305516,-2.9734259550182287,357.02657404498177,117.02657404498177
260516_2dsweep_noplunger,sim,f_2pi3,sim,S11,offset_nan,07_3_TDS-body_Novel-2Dsweep-260516_53.s2p,07_3_TDS-body_Novel-2Dsweep-260516_54.s2p,,,2.8571160335532,2.85711,2.85711,-0.5125451759841927,-0.4135697955299747,18.20963007305516,15.721433348134253,-2.488196724920897,357.5118032750791,117.5118032750791
260516_2dsweep_noplunger,sim,f_2pi3,sim,S11,offset_nan,07_3_TDS-body_Novel-2Dsweep-260516_54.s2p,07_3_TDS-body_Novel-2Dsweep-260516_55.s2p,,,2.8571160335532,2.85711,2.85711,-0.4135697955299747,-5.347520559855205,15.721433348134253,57.858459556647375,42.137026208513134,42.137026208513134,-197.86297379148687
260516_2dsweep_noplunger,sim,f_2pi3,sim,S11,offset_nan,07_3_TDS-body_Novel-2Dsweep-260516_55.s2p,07_3_TDS-body_Novel-2Dsweep-260516_56.s2p,,,2.8571160335532,2.85711,2.85711,-5.347520559855205,-3.178327364520326,57.858459556647375,45.78195930648355,-12.076500250163832,347.9234997498362,107.9234997498362
260516_2dsweep_noplunger,sim,f_2pi3,sim,S11,offset_nan,07_3_TDS-body_Novel-2Dsweep-260516_56.s2p,07_3_TDS-body_Novel-2Dsweep-260516_57.s2p,,,2.8571160335532,2.85711,2.85711,-3.178327364520326,-2.1016877259675395,45.78195930648355,37.22347840403825,-8.558480902445297,351.4415190975547,111.4415190975547
260516_2dsweep_noplunger,sim,f_2pi3,sim,S11,offset_nan,07_3_TDS-body_Novel-2Dsweep-260516_57.s2p,07_3_TDS-body_Novel-2Dsweep-260516_58.s2p,,,2.8571160335532,2.85711,2.85711,-2.1016877259675395,-1.4541168257727275,37.22347840403825,30.526193401362377,-6.697285002675869,353.30271499732413,113.30271499732413
260516_2dsweep_noplunger,sim,f_2pi3,sim,S11,offset_nan,07_3_TDS-body_Novel-2Dsweep-260516_58.s2p,07_3_TDS-body_Novel-2Dsweep-260516_59.s2p,,,2.8571160335532,2.85711,2.85711,-1.4541168257727275,-1.057287780711155,30.526193401362377,25.403076864294494,-5.123116537067887,354.87688346293214,114.87688346293214
260516_2dsweep_noplunger,sim,f_2pi3,sim,S11,offset_nan,07_3_TDS-body_Novel-2Dsweep-260516_59.s2p,07_3_TDS-body_Novel-2Dsweep-260516_6.s2p,,,2.8571160335532,2.85711,2.85711,-1.057287780711155,-0.7241673478804154,25.403076864294494,39.59482225161124,14.191745387316757,14.191745387316757,-225.80825461268324
260516_2dsweep_noplunger,sim,f_2pi3,sim,S11,offset_nan,07_3_TDS-body_Novel-2Dsweep-260516_6.s2p,07_3_TDS-body_Novel-2Dsweep-260516_60.s2p,,,2.8571160335532,2.85711,2.85711,-0.7241673478804154,-0.7970814583528609,39.59482225161124,21.316945765274454,-18.277876486336794,341.7221235136632,101.72212351366318
260516_2dsweep_noplunger,sim,f_2pi3,sim,S11,offset_nan,07_3_TDS-body_Novel-2Dsweep-260516_60.s2p,07_3_TDS-body_Novel-2Dsweep-260516_61.s2p,,,2.8571160335532,2.85711,2.85711,-0.7970814583528609,-0.6187145341034526,21.316945765274454,17.99000711345386,-3.3269386518205977,356.67306134817943,116.67306134817943
260516_2dsweep_noplunger,sim,f_2pi3,sim,S11,offset_nan,07_3_TDS-body_Novel-2Dsweep-260516_61.s2p,07_3_TDS-body_Novel-2Dsweep-260516_62.s2p,,,2.8571160335532,2.85711,2.85711,-0.6187145341034526,-0.49349541803987995,17.99000711345386,15.312129907514025,-2.6778772059398364,357.3221227940602,117.32212279406019
260516_2dsweep_noplunger,sim,f_2pi3,sim,S11,offset_nan,07_3_TDS-body_Novel-2Dsweep-260516_62.s2p,07_3_TDS-body_Novel-2Dsweep-260516_63.s2p,,,2.8571160335532,2.85711,2.85711,-0.49349541803987995,-0.40009960732074196,15.312129907514025,13.0235178875563,-2.288612019957725,357.7113879800423,117.71138798004228
260516_2dsweep_noplunger,sim,f_2pi3,sim,S11,offset_nan,07_3_TDS-body_Novel-2Dsweep-260516_63.s2p,07_3_TDS-body_Novel-2Dsweep-260516_64.s2p,,,2.8571160335532,2.85711,2.85711,-0.40009960732074196,-4.428835241834435,13.0235178875563,49.88747171450753,36.86395382695122,36.86395382695122,-203.13604617304878
260516_2dsweep_noplunger,sim,f_2pi3,sim,S11,offset_nan,07_3_TDS-body_Novel-2Dsweep-260516_64.s2p,07_3_TDS-body_Novel-2Dsweep-260516_65.s2p,,,2.8571160335532,2.85711,2.85711,-4.428835241834435,-2.755221020426903,49.88747171450753,39.50440108062477,-10.383070633882767,349.61692936611723,109.61692936611723
260516_2dsweep_noplunger,sim,f_2pi3,sim,S11,offset_nan,07_3_TDS-body_Novel-2Dsweep-260516_65.s2p,07_3_TDS-body_Novel-2Dsweep-260516_66.s2p,,,2.8571160335532,2.85711,2.85711,-2.755221020426903,-1.8307183081682943,39.50440108062477,31.629933521005015,-7.874467559619745,352.12553244038025,112.12553244038025
260516_2dsweep_noplunger,sim,f_2pi3,sim,S11,offset_nan,07_3_TDS-body_Novel-2Dsweep-260516_66.s2p,07_3_TDS-body_Novel-2Dsweep-260516_67.s2p,,,2.8571160335532,2.85711,2.85711,-1.8307183081682943,-1.2950190311700724,31.629933521005015,25.813300542289337,-5.816632978715688,354.1833670212843,114.18336702128431
260516_2dsweep_noplunger,sim,f_2pi3,sim,S11,offset_nan,07_3_TDS-body_Novel-2Dsweep-260516_67.s2p,07_3_TDS-body_Novel-2Dsweep-260516_68.s2p,,,2.8571160335532,2.85711,2.85711,-1.2950190311700724,-0.9667091605756749,25.813300542289337,21.482455077801898,-4.330845464487425,355.6691545355126,115.66915453551258
260516_2dsweep_noplunger,sim,f_2pi3,sim,S11,offset_nan,07_3_TDS-body_Novel-2Dsweep-260516_68.s2p,07_3_TDS-body_Novel-2Dsweep-260516_69.s2p,,,2.8571160335532,2.85711,2.85711,-0.9667091605756749,-0.7269536190032337,21.482455077801898,17.618739580766807,-3.8637154970350878,356.13628450296494,116.13628450296494
260516_2dsweep_noplunger,sim,f_2pi3,sim,S11,offset_nan,07_3_TDS-body_Novel-2Dsweep-260516_69.s2p,07_3_TDS-body_Novel-2Dsweep-260516_7.s2p,,,2.8571160335532,2.85711,2.85711,-0.7269536190032337,-0.5531098084023693,17.618739580766807,34.80213292145663,17.183393340689832,17.183393340689832,-222.81660665931017
260516_2dsweep_noplunger,sim,f_2pi3,sim,S11,offset_nan,07_3_TDS-body_Novel-2Dsweep-260516_7.s2p,07_3_TDS-body_Novel-2Dsweep-260516_70.s2p,,,2.8571160335532,2.85711,2.85711,-0.5531098084023693,-0.57383083351126,34.80213292145663,14.767546251443678,-20.03458667001297,339.96541332998703,99.96541332998703
260516_2dsweep_noplunger,sim,f_2pi3,sim,S11,offset_nan,07_3_TDS-body_Novel-2Dsweep-260516_70.s2p,07_3_TDS-body_Novel-2Dsweep-260516_71.s2p,,,2.8571160335532,2.85711,2.85711,-0.57383083351126,-0.4616195721327273,14.767546251443678,12.36327688693675,-2.4042693645069164,357.59573063549306,117.59573063549306
260516_2dsweep_noplunger,sim,f_2pi3,sim,S11,offset_nan,07_3_TDS-body_Novel-2Dsweep-260516_71.s2p,07_3_TDS-body_Novel-2Dsweep-260516_72.s2p,,,2.8571160335532,2.85711,2.85711,-0.4616195721327273,-0.38253780428247686,12.36327688693675,10.408164784413206,-1.9551121025235432,358.0448878974764,118.04488789747643
260516_2dsweep_noplunger,sim,f_2pi3,sim,S11,offset_nan,07_3_TDS-body_Novel-2Dsweep-260516_72.s2p,07_3_TDS-body_Novel-2Dsweep-260516_73.s2p,,,2.8571160335532,2.85711,2.85711,-0.38253780428247686,-3.536247531616045,10.408164784413206,41.91479966507047,31.50663488065726,31.50663488065726,-208.49336511934274
260516_2dsweep_noplunger,sim,f_2pi3,sim,S11,offset_nan,07_3_TDS-body_Novel-2Dsweep-260516_73.s2p,07_3_TDS-body_Novel-2Dsweep-260516_74.s2p,,,2.8571160335532,2.85711,2.85711,-3.536247531616045,-2.263098838672334,41.91479966507047,32.88283125336471,-9.031968411705748,350.96803158829425,110.96803158829425
260516_2dsweep_noplunger,sim,f_2pi3,sim,S11,offset_nan,07_3_TDS-body_Novel-2Dsweep-260516_74.s2p,07_3_TDS-body_Novel-2Dsweep-260516_75.s2p,,,2.8571160335532,2.85711,2.85711,-2.263098838672334,-1.530686257794642,32.88283125336471,25.97066093314671,-6.912170320217996,353.087829679782,113.08782967978198
260516_2dsweep_noplunger,sim,f_2pi3,sim,S11,offset_nan,07_3_TDS-body_Novel-2Dsweep-260516_75.s2p,07_3_TDS-body_Novel-2Dsweep-260516_76.s2p,,,2.8571160335532,2.85711,2.85711,-1.530686257794642,-1.1067973373325688,25.97066093314671,20.986393254436127,-4.98426767871058,355.0157323212894,115.01573232128942
260516_2dsweep_noplunger,sim,f_2pi3,sim,S11,offset_nan,07_3_TDS-body_Novel-2Dsweep-260516_76.s2p,07_3_TDS-body_Novel-2Dsweep-260516_77.s2p,,,2.8571160335532,2.85711,2.85711,-1.1067973373325688,-0.8434353052241378,20.986393254436127,17.21331018307956,-3.7730830713565524,356.22691692864345,116.22691692864345
260516_2dsweep_noplunger,sim,f_2pi3,sim,S11,offset_nan,07_3_TDS-body_Novel-2Dsweep-260516_77.s2p,07_3_TDS-body_Novel-2Dsweep-260516_78.s2p,,,2.8571160335532,2.85711,2.85711,-0.8434353052241378,-0.6511675833818344,17.21331018307956,14.023747888087998,-3.1895622949915605,356.81043770500844,116.81043770500844
260516_2dsweep_noplunger,sim,f_2pi3,sim,S11,offset_nan,07_3_TDS-body_Novel-2Dsweep-260516_78.s2p,07_3_TDS-body_Novel-2Dsweep-260516_79.s2p,,,2.8571160335532,2.85711,2.85711,-0.6511675833818344,-0.5173478002752916,14.023747888087998,11.472917749006205,-2.5508301390817962,357.44916986091823,117.44916986091823
260516_2dsweep_noplunger,sim,f_2pi3,sim,S11,offset_nan,07_3_TDS-body_Novel-2Dsweep-260516_79.s2p,07_3_TDS-body_Novel-2Dsweep-260516_8.s2p,,,2.8571160335532,2.85711,2.85711,-0.5173478002752916,-0.42519114036804573,11.472917749006205,30.654817591369575,19.18189984236338,19.18189984236338,-220.81810015763662
260516_2dsweep_noplunger,sim,f_2pi3,sim,S11,offset_nan,07_3_TDS-body_Novel-2Dsweep-260516_8.s2p,07_3_TDS-body_Novel-2Dsweep-260516_80.s2p,,,2.8571160335532,2.85711,2.85711,-0.42519114036804573,-0.4310041648436442,30.654817591369575,9.504184356345627,-21.150633235023946,338.849366764976,98.84936676497603
260516_2dsweep_noplunger,sim,f_2pi3,sim,S11,offset_nan,07_3_TDS-body_Novel-2Dsweep-260516_80.s2p,07_3_TDS-body_Novel-2Dsweep-260516_81.s2p,,,2.8571160335532,2.85711,2.85711,-0.4310041648436442,-0.3533980229077034,9.504184356345627,7.695167431171377,-1.8090169251742623,358.19098307482574,118.19098307482574
260516_2dsweep_noplunger,sim,f_2pi3,sim,S11,offset_nan,07_3_TDS-body_Novel-2Dsweep-260516_81.s2p,07_3_TDS-body_Novel-2Dsweep-260516_82.s2p,,,2.8571160335532,2.85711,2.85711,-0.3533980229077034,-2.676432764497526,7.695167431171377,33.65110711511387,25.95593968394249,25.95593968394249,-214.0440603160575
260516_2dsweep_noplunger,sim,f_2pi3,sim,S11,offset_nan,07_3_TDS-body_Novel-2Dsweep-260516_82.s2p,07_3_TDS-body_Novel-2Dsweep-260516_83.s2p,,,2.8571160335532,2.85711,2.85711,-2.676432764497526,-1.7995582306502929,33.65110711511387,26.320577947588482,-7.330529167525384,352.66947083247464,112.66947083247464
260516_2dsweep_noplunger,sim,f_2pi3,sim,S11,offset_nan,07_3_TDS-body_Novel-2Dsweep-260516_83.s2p,07_3_TDS-body_Novel-2Dsweep-260516_84.s2p,,,2.8571160335532,2.85711,2.85711,-1.7995582306502929,-1.2884672407211681,26.320577947588482,20.944616298644018,-5.375961648944468,354.62403835105556,114.62403835105556
260516_2dsweep_noplunger,sim,f_2pi3,sim,S11,offset_nan,07_3_TDS-body_Novel-2Dsweep-260516_84.s2p,07_3_TDS-body_Novel-2Dsweep-260516_85.s2p,,,2.8571160335532,2.85711,2.85711,-1.2884672407211681,-0.925168057753467,20.944616298644018,16.30537141869836,-4.6392448799456645,355.36075512005436,115.36075512005436
260516_2dsweep_noplunger,sim,f_2pi3,sim,S11,offset_nan,07_3_TDS-body_Novel-2Dsweep-260516_85.s2p,07_3_TDS-body_Novel-2Dsweep-260516_86.s2p,,,2.8571160335532,2.85711,2.85711,-0.925168057753467,-0.7102473937282137,16.30537141869836,12.999930448324125,-3.305440970374235,356.6945590296258,116.6945590296258
260516_2dsweep_noplunger,sim,f_2pi3,sim,S11,offset_nan,07_3_TDS-body_Novel-2Dsweep-260516_86.s2p,07_3_TDS-body_Novel-2Dsweep-260516_87.s2p,,,2.8571160335532,2.85711,2.85711,-0.7102473937282137,-0.567698575728997,12.999930448324125,10.483174741495223,-2.516755706828917,357.4832442931711,117.48324429317108
260516_2dsweep_noplunger,sim,f_2pi3,sim,S11,offset_nan,07_3_TDS-body_Novel-2Dsweep-260516_87.s2p,07_3_TDS-body_Novel-2Dsweep-260516_88.s2p,,,2.8571160335532,2.85711,2.85711,-0.567698575728997,-0.4607286728483886,10.483174741495223,8.356640584658747,-2.1265341568364704,357.87346584316356,117.87346584316356
260516_2dsweep_noplunger,sim,f_2pi3,sim,S11,offset_nan,07_3_TDS-body_Novel-2Dsweep-260516_88.s2p,07_3_TDS-body_Novel-2Dsweep-260516_89.s2p,,,2.8571160335532,2.85711,2.85711,-0.4607286728483886,-0.3849596371408126,8.356640584658747,6.613413167571408,-1.7432274170873256,358.2567725829127,118.25677258291267
260516_2dsweep_noplunger,sim,f_2pi3,sim,S11,offset_nan,07_3_TDS-body_Novel-2Dsweep-260516_89.s2p,07_3_TDS-body_Novel-2Dsweep-260516_9.s2p,,,2.8571160335532,2.85711,2.85711,-0.3849596371408126,-0.3403326785389321,6.613413167571408,27.291675830028236,20.67826266245683,20.67826266245683,-219.32173733754317
260516_2dsweep_noplunger,sim,f_2pi3,sim,S11,offset_nan,07_3_TDS-body_Novel-2Dsweep-260516_9.s2p,07_3_TDS-body_Novel-2Dsweep-260516_90.s2p,,,2.8571160335532,2.85711,2.85711,-0.3403326785389321,-0.325218611678006,27.291675830028236,5.123922630750291,-22.16775319927794,337.83224680072203,97.83224680072203
260516_2dsweep_noplunger,sim,f_2pi3,sim,S11,offset_nan,07_3_TDS-body_Novel-2Dsweep-260516_90.s2p,07_3_TDS-body_Novel-2Dsweep-260516_91.s2p,,,2.8571160335532,2.85711,2.85711,-0.325218611678006,-1.8362117954463286,5.123922630750291,24.476790617056334,19.35286798630605,19.35286798630605,-220.64713201369395
260516_2dsweep_noplunger,sim,f_2pi3,sim,S11,offset_nan,07_3_TDS-body_Novel-2Dsweep-260516_91.s2p,07_3_TDS-body_Novel-2Dsweep-260516_92.s2p,,,2.8571160335532,2.85711,2.85711,-1.8362117954463286,-1.2488097242323082,24.476790617056334,18.53796498986422,-5.938825627192102,354.0611743728079,114.0611743728079
260516_2dsweep_noplunger,sim,f_2pi3,sim,S11,offset_nan,07_3_TDS-body_Novel-2Dsweep-260516_92.s2p,07_3_TDS-body_Novel-2Dsweep-260516_93.s2p,,,2.8571160335532,2.85711,2.85711,-1.2488097242323082,-0.9455196858358089,18.53796498986422,14.653175558942577,-3.884789430921643,356.1152105690784,116.11521056907839
260516_2dsweep_noplunger,sim,f_2pi3,sim,S11,offset_nan,07_3_TDS-body_Novel-2Dsweep-260516_93.s2p,07_3_TDS-body_Novel-2Dsweep-260516_94.s2p,,,2.8571160335532,2.85711,2.85711,-0.9455196858358089,-0.7543517624692311,14.653175558942577,11.847866616384556,-2.805308942558014,357.194691057442,117.19469105744201
260516_2dsweep_noplunger,sim,f_2pi3,sim,S11,offset_nan,07_3_TDS-body_Novel-2Dsweep-260516_94.s2p,07_3_TDS-body_Novel-2Dsweep-260516_95.s2p,,,2.8571160335532,2.85711,2.85711,-0.7543517624692311,-0.5972639623678601,11.847866616384556,9.233253443271575,-2.6146131731129856,357.38538682688704,117.38538682688704
260516_2dsweep_noplunger,sim,f_2pi3,sim,S11,offset_nan,07_3_TDS-body_Novel-2Dsweep-260516_95.s2p,07_3_TDS-body_Novel-2Dsweep-260516_96.s2p,,,2.8571160335532,2.85711,2.85711,-0.5972639623678601,-0.4859834392392915,9.233253443271575,7.084787562686113,-2.148465880585462,357.8515341194145,117.85153411941451
260516_2dsweep_noplunger,sim,f_2pi3,sim,S11,offset_nan,07_3_TDS-body_Novel-2Dsweep-260516_96.s2p,07_3_TDS-body_Novel-2Dsweep-260516_97.s2p,,,2.8571160335532,2.85711,2.85711,-0.4859834392392915,-0.4176066735120625,7.084787562686113,5.649763314766892,-1.4350242479192161,358.5649757520808,118.56497575208078
260516_2dsweep_noplunger,sim,f_2pi3,sim,S11,offset_nan,07_3_TDS-body_Novel-2Dsweep-260516_97.s2p,07_3_TDS-body_Novel-2Dsweep-260516_98.s2p,,,2.8571160335532,2.85711,2.85711,-0.4176066735120625,-0.35152945097461163,5.649763314766892,4.117726654071374,-1.5320366606955247,358.46796333930445,118.46796333930445
260516_2dsweep_noplunger,sim,f_2pi3,sim,S11,offset_nan,07_3_TDS-body_Novel-2Dsweep-260516_98.s2p,07_3_TDS-body_Novel-2Dsweep-260516_99.s2p,,,2.8571160335532,2.85711,2.85711,-0.35152945097461163,-0.30156612271197897,4.117726654071374,2.815583052063975,-1.3021436020073907,358.6978563979926,118.69785639799261
260516_2dsweep_noplunger,sim,f_2pi3,sim,S12,offset_nan,07_3_TDS-body_Novel-2Dsweep-260516_1.s2p,07_3_TDS-body_Novel-2Dsweep-260516_10.s2p,,,2.8571160335532,2.85711,2.85711,-2.0651009415350168,-1.7760618726390431,174.6779380647612,171.01735054089352,-3.66058752386769,356.33941247613234,116.33941247613234
260516_2dsweep_noplunger,sim,f_2pi3,sim,S12,offset_nan,07_3_TDS-body_Novel-2Dsweep-260516_10.s2p,07_3_TDS-body_Novel-2Dsweep-260516_100.s2p,,,2.8571160335532,2.85711,2.85711,-1.7760618726390431,-5.343392693003429,171.01735054089352,109.47685174202324,-61.540498798870274,298.45950120112974,58.45950120112974
260516_2dsweep_noplunger,sim,f_2pi3,sim,S12,offset_nan,07_3_TDS-body_Novel-2Dsweep-260516_100.s2p,07_3_TDS-body_Novel-2Dsweep-260516_101.s2p,,,2.8571160335532,2.85711,2.85711,-5.343392693003429,-6.624750783210516,109.47685174202324,104.50841461083122,-4.968437131192019,355.031562868808,115.03156286880801
260516_2dsweep_noplunger,sim,f_2pi3,sim,S12,offset_nan,07_3_TDS-body_Novel-2Dsweep-260516_101.s2p,07_3_TDS-body_Novel-2Dsweep-260516_102.s2p,,,2.8571160335532,2.85711,2.85711,-6.624750783210516,-7.711460275710906,104.50841461083122,100.95005560983255,-3.558359000998678,356.4416409990013,116.44164099900132
260516_2dsweep_noplunger,sim,f_2pi3,sim,S12,offset_nan,07_3_TDS-body_Novel-2Dsweep-260516_102.s2p,07_3_TDS-body_Novel-2Dsweep-260516_103.s2p,,,2.8571160335532,2.85711,2.85711,-7.711460275710906,-8.668877764416916,100.95005560983255,98.21166788091709,-2.7383877289154555,357.2616122710846,117.26161227108457
260516_2dsweep_noplunger,sim,f_2pi3,sim,S12,offset_nan,07_3_TDS-body_Novel-2Dsweep-260516_103.s2p,07_3_TDS-body_Novel-2Dsweep-260516_104.s2p,,,2.8571160335532,2.85711,2.85711,-8.668877764416916,-12.226853029440353,98.21166788091709,90.45245710438445,-7.759210776532655,352.24078922346735,112.24078922346735
260516_2dsweep_noplunger,sim,f_2pi3,sim,S12,offset_nan,07_3_TDS-body_Novel-2Dsweep-260516_104.s2p,07_3_TDS-body_Novel-2Dsweep-260516_105.s2p,,,2.8571160335532,2.85711,2.85711,-12.226853029440353,-7.804871946590239,90.45245710438445,99.49945024685263,9.046993142468182,9.046993142468182,-230.95300685753182
260516_2dsweep_noplunger,sim,f_2pi3,sim,S12,offset_nan,07_3_TDS-body_Novel-2Dsweep-260516_105.s2p,07_3_TDS-body_Novel-2Dsweep-260516_106.s2p,,,2.8571160335532,2.85711,2.85711,-7.804871946590239,-8.75899308229456,99.49945024685263,96.50384607769705,-2.9956041691555697,357.00439583084443,117.00439583084443
260516_2dsweep_noplunger,sim,f_2pi3,sim,S12,offset_nan,07_3_TDS-body_Novel-2Dsweep-260516_106.s2p,07_3_TDS-body_Novel-2Dsweep-260516_107.s2p,,,2.8571160335532,2.85711,2.85711,-8.75899308229456,-10.399240554348626,96.50384607769705,92.62350048485591,-3.880345592841138,356.11965440715886,116.11965440715886
260516_2dsweep_noplunger,sim,f_2pi3,sim,S12,offset_nan,07_3_TDS-body_Novel-2Dsweep-260516_107.s2p,07_3_TDS-body_Novel-2Dsweep-260516_108.s2p,,,2.8571160335532,2.85711,2.85711,-10.399240554348626,-11.076749317271776,92.62350048485591,91.24051918617214,-1.3829812986837737,358.6170187013162,118.61701870131623
260516_2dsweep_noplunger,sim,f_2pi3,sim,S12,offset_nan,07_3_TDS-body_Novel-2Dsweep-260516_108.s2p,07_3_TDS-body_Novel-2Dsweep-260516_109.s2p,,,2.8571160335532,2.85711,2.85711,-11.076749317271776,-11.688137902412873,91.24051918617214,90.08433422796581,-1.1561849582063246,358.8438150417937,118.84381504179368
260516_2dsweep_noplunger,sim,f_2pi3,sim,S12,offset_nan,07_3_TDS-body_Novel-2Dsweep-260516_109.s2p,07_3_TDS-body_Novel-2Dsweep-260516_11.s2p,,,2.8571160335532,2.85711,2.85711,-11.688137902412873,-2.919392097252109,90.08433422796581,158.36763914526318,68.28330491729736,68.28330491729736,-171.71669508270264
260516_2dsweep_noplunger,sim,f_2pi3,sim,S12,offset_nan,07_3_TDS-body_Novel-2Dsweep-260516_11.s2p,07_3_TDS-body_Novel-2Dsweep-260516_110.s2p,,,2.8571160335532,2.85711,2.85711,-2.919392097252109,-12.268762212391113,158.36763914526318,89.02395798490724,-69.34368116035594,290.6563188396441,50.656318839644086
260516_2dsweep_noplunger,sim,f_2pi3,sim,S12,offset_nan,07_3_TDS-body_Novel-2Dsweep-260516_110.s2p,07_3_TDS-body_Novel-2Dsweep-260516_111.s2p,,,2.8571160335532,2.85711,2.85711,-12.268762212391113,-13.023137137041417,89.02395798490724,87.77576720170399,-1.2481907832032562,358.75180921679674,118.75180921679674
260516_2dsweep_noplunger,sim,f_2pi3,sim,S12,offset_nan,07_3_TDS-body_Novel-2Dsweep-260516_111.s2p,07_3_TDS-body_Novel-2Dsweep-260516_112.s2p,,,2.8571160335532,2.85711,2.85711,-13.023137137041417,-9.546740717669767,87.77576720170399,95.9753327744879,8.19956557278391,8.19956557278391,-231.8004344272161
260516_2dsweep_noplunger,sim,f_2pi3,sim,S12,offset_nan,07_3_TDS-body_Novel-2Dsweep-260516_112.s2p,07_3_TDS-body_Novel-2Dsweep-260516_113.s2p,,,2.8571160335532,2.85711,2.85711,-9.546740717669767,-10.31035743361442,95.9753327744879,94.22812438803517,-1.7472083864527121,358.2527916135473,118.25279161354729
260516_2dsweep_noplunger,sim,f_2pi3,sim,S12,offset_nan,07_3_TDS-body_Novel-2Dsweep-260516_113.s2p,07_3_TDS-body_Novel-2Dsweep-260516_114.s2p,,,2.8571160335532,2.85711,2.85711,-10.31035743361442,-11.006183572129089,94.22812438803517,92.7552579832539,-1.4728664047812572,358.52713359521874,118.52713359521874
260516_2dsweep_noplunger,sim,f_2pi3,sim,S12,offset_nan,07_3_TDS-body_Novel-2Dsweep-260516_114.s2p,07_3_TDS-body_Novel-2Dsweep-260516_115.s2p,,,2.8571160335532,2.85711,2.85711,-11.006183572129089,-11.642660266586836,92.7552579832539,91.52094992510034,-1.2343080581535446,358.76569194184646,118.76569194184646
260516_2dsweep_noplunger,sim,f_2pi3,sim,S12,offset_nan,07_3_TDS-body_Novel-2Dsweep-260516_115.s2p,07_3_TDS-body_Novel-2Dsweep-260516_116.s2p,,,2.8571160335532,2.85711,2.85711,-11.642660266586836,-6.68899942238386,91.52094992510034,102.78119713603189,11.260247210931539,11.260247210931539,-228.73975278906846
260516_2dsweep_noplunger,sim,f_2pi3,sim,S12,offset_nan,07_3_TDS-body_Novel-2Dsweep-260516_116.s2p,07_3_TDS-body_Novel-2Dsweep-260516_117.s2p,,,2.8571160335532,2.85711,2.85711,-6.68899942238386,-9.640579049431702,102.78119713603189,94.32369477527051,-8.457502360761396,351.5424976392386,111.5424976392386
260516_2dsweep_noplunger,sim,f_2pi3,sim,S12,offset_nan,07_3_TDS-body_Novel-2Dsweep-260516_117.s2p,07_3_TDS-body_Novel-2Dsweep-260516_12.s2p,,,2.8571160335532,2.85711,2.85711,-9.640579049431702,-4.151922122556854,94.32369477527051,148.04726522598375,53.723570450713225,53.723570450713225,-186.27642954928677
260516_2dsweep_noplunger,sim,f_2pi3,sim,S12,offset_nan,07_3_TDS-body_Novel-2Dsweep-260516_12.s2p,07_3_TDS-body_Novel-2Dsweep-260516_13.s2p,,,2.8571160335532,2.85711,2.85711,-4.151922122556854,-5.454922363354867,148.04726522598375,139.39325388405362,-8.65401134193013,351.34598865806987,111.34598865806987
260516_2dsweep_noplunger,sim,f_2pi3,sim,S12,offset_nan,07_3_TDS-body_Novel-2Dsweep-260516_13.s2p,07_3_TDS-body_Novel-2Dsweep-260516_14.s2p,,,2.8571160335532,2.85711,2.85711,-5.454922363354867,-6.735462860456851,139.39325388405362,132.3663239461458,-7.026929937907823,352.9730700620922,112.97307006209218
260516_2dsweep_noplunger,sim,f_2pi3,sim,S12,offset_nan,07_3_TDS-body_Novel-2Dsweep-260516_14.s2p,07_3_TDS-body_Novel-2Dsweep-260516_15.s2p,,,2.8571160335532,2.85711,2.85711,-6.735462860456851,-7.913322264143251,132.3663239461458,126.76171942716599,-5.604604518979812,354.39539548102016,114.39539548102016
260516_2dsweep_noplunger,sim,f_2pi3,sim,S12,offset_nan,07_3_TDS-body_Novel-2Dsweep-260516_15.s2p,07_3_TDS-body_Novel-2Dsweep-260516_16.s2p,,,2.8571160335532,2.85711,2.85711,-7.913322264143251,-9.013649019621319,126.76171942716599,122.13922540023843,-4.622494026927541,355.37750597307246,115.37750597307246
260516_2dsweep_noplunger,sim,f_2pi3,sim,S12,offset_nan,07_3_TDS-body_Novel-2Dsweep-260516_16.s2p,07_3_TDS-body_Novel-2Dsweep-260516_17.s2p,,,2.8571160335532,2.85711,2.85711,-9.013649019621319,-10.040090751714324,122.13922540023843,118.24585005604924,-3.893375344189195,356.10662465581083,116.10662465581083
260516_2dsweep_noplunger,sim,f_2pi3,sim,S12,offset_nan,07_3_TDS-body_Novel-2Dsweep-260516_17.s2p,07_3_TDS-body_Novel-2Dsweep-260516_18.s2p,,,2.8571160335532,2.85711,2.85711,-10.040090751714324,-11.00864824842004,118.24585005604924,114.96506371918643,-3.2807863368628034,356.7192136631372,116.71921366313723
260516_2dsweep_noplunger,sim,f_2pi3,sim,S12,offset_nan,07_3_TDS-body_Novel-2Dsweep-260516_18.s2p,07_3_TDS-body_Novel-2Dsweep-260516_19.s2p,,,2.8571160335532,2.85711,2.85711,-11.00864824842004,-1.5948118394059694,114.96506371918643,166.62361970837608,51.658555989189665,51.658555989189665,-188.34144401081033
260516_2dsweep_noplunger,sim,f_2pi3,sim,S12,offset_nan,07_3_TDS-body_Novel-2Dsweep-260516_19.s2p,07_3_TDS-body_Novel-2Dsweep-260516_2.s2p,,,2.8571160335532,2.85711,2.85711,-1.5948118394059694,-3.227063971024429,166.62361970837608,161.77360034205282,-4.8500193663232665,355.1499806336767,115.1499806336767
260516_2dsweep_noplunger,sim,f_2pi3,sim,S12,offset_nan,07_3_TDS-body_Novel-2Dsweep-260516_2.s2p,07_3_TDS-body_Novel-2Dsweep-260516_20.s2p,,,2.8571160335532,2.85711,2.85711,-3.227063971024429,-2.7435715430991356,161.77360034205282,154.22365082228146,-7.54994951977136,352.45005048022864,112.45005048022864
260516_2dsweep_noplunger,sim,f_2pi3,sim,S12,offset_nan,07_3_TDS-body_Novel-2Dsweep-260516_20.s2p,07_3_TDS-body_Novel-2Dsweep-260516_21.s2p,,,2.8571160335532,2.85711,2.85711,-2.7435715430991356,-4.003384820138056,154.22365082228146,144.12456456780262,-10.099086254478834,349.90091374552117,109.90091374552117
260516_2dsweep_noplunger,sim,f_2pi3,sim,S12,offset_nan,07_3_TDS-body_Novel-2Dsweep-260516_21.s2p,07_3_TDS-body_Novel-2Dsweep-260516_22.s2p,,,2.8571160335532,2.85711,2.85711,-4.003384820138056,-5.304061446838561,144.12456456780262,135.8173512284704,-8.307213339332236,351.69278666066776,111.69278666066776
260516_2dsweep_noplunger,sim,f_2pi3,sim,S12,offset_nan,07_3_TDS-body_Novel-2Dsweep-260516_22.s2p,07_3_TDS-body_Novel-2Dsweep-260516_23.s2p,,,2.8571160335532,2.85711,2.85711,-5.304061446838561,-6.575684040294288,135.8173512284704,129.08858072286915,-6.728770505601233,353.27122949439877,113.27122949439877
260516_2dsweep_noplunger,sim,f_2pi3,sim,S12,offset_nan,07_3_TDS-body_Novel-2Dsweep-260516_23.s2p,07_3_TDS-body_Novel-2Dsweep-260516_24.s2p,,,2.8571160335532,2.85711,2.85711,-6.575684040294288,-7.749964179237503,129.08858072286915,123.74930617649709,-5.339274546372053,354.66072545362795,114.66072545362795
260516_2dsweep_noplunger,sim,f_2pi3,sim,S12,offset_nan,07_3_TDS-body_Novel-2Dsweep-260516_24.s2p,07_3_TDS-body_Novel-2Dsweep-260516_25.s2p,,,2.8571160335532,2.85711,2.85711,-7.749964179237503,-8.876219094696383,123.74930617649709,119.27103176282463,-4.478274413672466,355.52172558632753,115.52172558632753
260516_2dsweep_noplunger,sim,f_2pi3,sim,S12,offset_nan,07_3_TDS-body_Novel-2Dsweep-260516_25.s2p,07_3_TDS-body_Novel-2Dsweep-260516_26.s2p,,,2.8571160335532,2.85711,2.85711,-8.876219094696383,-9.918275663185945,119.27103176282463,115.57036494905446,-3.7006668137701695,356.29933318622983,116.29933318622983
260516_2dsweep_noplunger,sim,f_2pi3,sim,S12,offset_nan,07_3_TDS-body_Novel-2Dsweep-260516_26.s2p,07_3_TDS-body_Novel-2Dsweep-260516_27.s2p,,,2.8571160335532,2.85711,2.85711,-9.918275663185945,-10.852020834514008,115.57036494905446,112.52380154497473,-3.046563404079734,356.95343659592027,116.95343659592027
260516_2dsweep_noplunger,sim,f_2pi3,sim,S12,offset_nan,07_3_TDS-body_Novel-2Dsweep-260516_27.s2p,07_3_TDS-body_Novel-2Dsweep-260516_28.s2p,,,2.8571160335532,2.85711,2.85711,-10.852020834514008,-1.219362550984597,112.52380154497473,165.26248535646974,52.73868381149501,52.73868381149501,-187.261316188505
260516_2dsweep_noplunger,sim,f_2pi3,sim,S12,offset_nan,07_3_TDS-body_Novel-2Dsweep-260516_28.s2p,07_3_TDS-body_Novel-2Dsweep-260516_29.s2p,,,2.8571160335532,2.85711,2.85711,-1.219362550984597,-2.3376154779328697,165.26248535646974,152.4757767225345,-12.786708633935234,347.21329136606477,107.21329136606477
260516_2dsweep_noplunger,sim,f_2pi3,sim,S12,offset_nan,07_3_TDS-body_Novel-2Dsweep-260516_29.s2p,07_3_TDS-body_Novel-2Dsweep-260516_3.s2p,,,2.8571160335532,2.85711,2.85711,-2.3376154779328697,-4.474633108446535,152.4757767225345,151.2017318159493,-1.2740449065852033,358.72595509341477,118.72595509341477
260516_2dsweep_noplunger,sim,f_2pi3,sim,S12,offset_nan,07_3_TDS-body_Novel-2Dsweep-260516_3.s2p,07_3_TDS-body_Novel-2Dsweep-260516_30.s2p,,,2.8571160335532,2.85711,2.85711,-4.474633108446535,-3.594418444939031,151.2017318159493,142.1184640035629,-9.083267812386396,350.9167321876136,110.9167321876136
260516_2dsweep_noplunger,sim,f_2pi3,sim,S12,offset_nan,07_3_TDS-body_Novel-2Dsweep-260516_30.s2p,07_3_TDS-body_Novel-2Dsweep-260516_31.s2p,,,2.8571160335532,2.85711,2.85711,-3.594418444939031,-4.895343110127453,142.1184640035629,133.74891221865147,-8.369551784911437,351.63044821508856,111.63044821508856
260516_2dsweep_noplunger,sim,f_2pi3,sim,S12,offset_nan,07_3_TDS-body_Novel-2Dsweep-260516_31.s2p,07_3_TDS-body_Novel-2Dsweep-260516_32.s2p,,,2.8571160335532,2.85711,2.85711,-4.895343110127453,-6.1447310919095965,133.74891221865147,127.1692147592013,-6.579697459450188,353.4203025405498,113.42030254054981
260516_2dsweep_noplunger,sim,f_2pi3,sim,S12,offset_nan,07_3_TDS-body_Novel-2Dsweep-260516_32.s2p,07_3_TDS-body_Novel-2Dsweep-260516_33.s2p,,,2.8571160335532,2.85711,2.85711,-6.1447310919095965,-7.253134046676982,127.1692147592013,122.08317439724881,-5.0860403619524845,354.9139596380475,114.91395963804752
260516_2dsweep_noplunger,sim,f_2pi3,sim,S12,offset_nan,07_3_TDS-body_Novel-2Dsweep-260516_33.s2p,07_3_TDS-body_Novel-2Dsweep-260516_34.s2p,,,2.8571160335532,2.85711,2.85711,-7.253134046676982,-8.46277790452836,122.08317439724881,117.41706234828136,-4.666112048967449,355.3338879510326,115.33388795103258
260516_2dsweep_noplunger,sim,f_2pi3,sim,S12,offset_nan,07_3_TDS-body_Novel-2Dsweep-260516_34.s2p,07_3_TDS-body_Novel-2Dsweep-260516_35.s2p,,,2.8571160335532,2.85711,2.85711,-8.46277790452836,-9.458407866578508,117.41706234828136,113.90998587489918,-3.507076473382199,356.4929235266178,116.4929235266178
260516_2dsweep_noplunger,sim,f_2pi3,sim,S12,offset_nan,07_3_TDS-body_Novel-2Dsweep-260516_35.s2p,07_3_TDS-body_Novel-2Dsweep-260516_36.s2p,,,2.8571160335532,2.85711,2.85711,-9.458407866578508,-10.391730780614452,113.90998587489918,110.94375877399334,-2.966227100905826,357.0337728990942,117.03377289909417
260516_2dsweep_noplunger,sim,f_2pi3,sim,S12,offset_nan,07_3_TDS-body_Novel-2Dsweep-260516_36.s2p,07_3_TDS-body_Novel-2Dsweep-260516_37.s2p,,,2.8571160335532,2.85711,2.85711,-10.391730780614452,-1.1969202659837301,110.94375877399334,159.19827305256513,48.254514278571776,48.254514278571776,-191.74548572142822
260516_2dsweep_noplunger,sim,f_2pi3,sim,S12,offset_nan,07_3_TDS-body_Novel-2Dsweep-260516_37.s2p,07_3_TDS-body_Novel-2Dsweep-260516_38.s2p,,,2.8571160335532,2.85711,2.85711,-1.1969202659837301,-2.3628252060066623,159.19827305256513,147.5412501414091,-11.65702291115602,348.342977088844,108.34297708884401
260516_2dsweep_noplunger,sim,f_2pi3,sim,S12,offset_nan,07_3_TDS-body_Novel-2Dsweep-260516_38.s2p,07_3_TDS-body_Novel-2Dsweep-260516_39.s2p,,,2.8571160335532,2.85711,2.85711,-2.3628252060066623,-3.6568856885415206,147.5412501414091,137.48191355013708,-10.059336591272029,349.94066340872797,109.94066340872797
260516_2dsweep_noplunger,sim,f_2pi3,sim,S12,offset_nan,07_3_TDS-body_Novel-2Dsweep-260516_39.s2p,07_3_TDS-body_Novel-2Dsweep-260516_4.s2p,,,2.8571160335532,2.85711,2.85711,-3.6568856885415206,-5.726529560343212,137.48191355013708,142.58275324291608,5.1008396927790045,5.1008396927790045,-234.899160307221
260516_2dsweep_noplunger,sim,f_2pi3,sim,S12,offset_nan,07_3_TDS-body_Novel-2Dsweep-260516_4.s2p,07_3_TDS-body_Novel-2Dsweep-260516_40.s2p,,,2.8571160335532,2.85711,2.85711,-5.726529560343212,-4.954247801075508,142.58275324291608,129.62099113583872,-12.961762107077362,347.03823789292267,107.03823789292267
260516_2dsweep_noplunger,sim,f_2pi3,sim,S12,offset_nan,07_3_TDS-body_Novel-2Dsweep-260516_40.s2p,07_3_TDS-body_Novel-2Dsweep-260516_41.s2p,,,2.8571160335532,2.85711,2.85711,-4.954247801075508,-6.2023462168298025,129.62099113583872,123.40138100590902,-6.21961012992972,353.7803898700703,113.78038987007028
260516_2dsweep_noplunger,sim,f_2pi3,sim,S12,offset_nan,07_3_TDS-body_Novel-2Dsweep-260516_41.s2p,07_3_TDS-body_Novel-2Dsweep-260516_42.s2p,,,2.8571160335532,2.85711,2.85711,-6.2023462168298025,-7.367892454850548,123.40138100590902,118.43971057178726,-4.961670434121743,355.03832956587826,115.03832956587826
260516_2dsweep_noplunger,sim,f_2pi3,sim,S12,offset_nan,07_3_TDS-body_Novel-2Dsweep-260516_42.s2p,07_3_TDS-body_Novel-2Dsweep-260516_43.s2p,,,2.8571160335532,2.85711,2.85711,-7.367892454850548,-8.44860694534553,118.43971057178726,114.44948898698394,-3.9902215848033222,356.0097784151967,116.0097784151967
260516_2dsweep_noplunger,sim,f_2pi3,sim,S12,offset_nan,07_3_TDS-body_Novel-2Dsweep-260516_43.s2p,07_3_TDS-body_Novel-2Dsweep-260516_44.s2p,,,2.8571160335532,2.85711,2.85711,-8.44860694534553,-9.440833119573979,114.44948898698394,111.13056191445652,-3.3189270725274014,356.6810729274726,116.6810729274726
260516_2dsweep_noplunger,sim,f_2pi3,sim,S12,offset_nan,07_3_TDS-body_Novel-2Dsweep-260516_44.s2p,07_3_TDS-body_Novel-2Dsweep-260516_45.s2p,,,2.8571160335532,2.85711,2.85711,-9.440833119573979,-10.34211895716388,111.13056191445652,108.40591009454563,-2.724651819910889,357.2753481800891,117.27534818008911
260516_2dsweep_noplunger,sim,f_2pi3,sim,S12,offset_nan,07_3_TDS-body_Novel-2Dsweep-260516_45.s2p,07_3_TDS-body_Novel-2Dsweep-260516_46.s2p,,,2.8571160335532,2.85711,2.85711,-10.34211895716388,-1.3117399479246514,108.40591009454563,154.06727995081337,45.661369856267754,45.661369856267754,-194.33863014373225
260516_2dsweep_noplunger,sim,f_2pi3,sim,S12,offset_nan,07_3_TDS-body_Novel-2Dsweep-260516_46.s2p,07_3_TDS-body_Novel-2Dsweep-260516_47.s2p,,,2.8571160335532,2.85711,2.85711,-1.3117399479246514,-2.4983349822319676,154.06727995081337,142.15340779268087,-11.913872158132506,348.0861278418675,108.0861278418675
260516_2dsweep_noplunger,sim,f_2pi3,sim,S12,offset_nan,07_3_TDS-body_Novel-2Dsweep-260516_47.s2p,07_3_TDS-body_Novel-2Dsweep-260516_48.s2p,,,2.8571160335532,2.85711,2.85711,-2.4983349822319676,-3.8400826611470134,142.15340779268087,132.49649412607803,-9.656913666602833,350.3430863333972,110.3430863333972
260516_2dsweep_noplunger,sim,f_2pi3,sim,S12,offset_nan,07_3_TDS-body_Novel-2Dsweep-260516_48.s2p,07_3_TDS-body_Novel-2Dsweep-260516_49.s2p,,,2.8571160335532,2.85711,2.85711,-3.8400826611470134,-5.13599335645644,132.49649412607803,125.19771547307506,-7.298778653002955,352.70122134699704,112.70122134699704
260516_2dsweep_noplunger,sim,f_2pi3,sim,S12,offset_nan,07_3_TDS-body_Novel-2Dsweep-260516_49.s2p,07_3_TDS-body_Novel-2Dsweep-260516_5.s2p,,,2.8571160335532,2.85711,2.85711,-5.13599335645644,-6.9677771758067735,125.19771547307506,135.44529404577293,10.247578572697876,10.247578572697876,-229.75242142730212
260516_2dsweep_noplunger,sim,f_2pi3,sim,S12,offset_nan,07_3_TDS-body_Novel-2Dsweep-260516_5.s2p,07_3_TDS-body_Novel-2Dsweep-260516_50.s2p,,,2.8571160335532,2.85711,2.85711,-6.9677771758067735,-6.356850768228082,135.44529404577293,119.51177806643658,-15.933515979336335,344.06648402066367,104.06648402066367
260516_2dsweep_noplunger,sim,f_2pi3,sim,S12,offset_nan,07_3_TDS-body_Novel-2Dsweep-260516_50.s2p,07_3_TDS-body_Novel-2Dsweep-260516_51.s2p,,,2.8571160335532,2.85711,2.85711,-6.356850768228082,-7.5176951188852215,119.51177806643658,114.87999195390188,-4.631786112534712,355.3682138874653,115.36821388746529
260516_2dsweep_noplunger,sim,f_2pi3,sim,S12,offset_nan,07_3_TDS-body_Novel-2Dsweep-260516_51.s2p,07_3_TDS-body_Novel-2Dsweep-260516_52.s2p,,,2.8571160335532,2.85711,2.85711,-7.5176951188852215,-8.586923527953562,114.87999195390188,111.18267417642888,-3.6973177774730175,356.302682222527,116.30268222252698
260516_2dsweep_noplunger,sim,f_2pi3,sim,S12,offset_nan,07_3_TDS-body_Novel-2Dsweep-260516_52.s2p,07_3_TDS-body_Novel-2Dsweep-260516_53.s2p,,,2.8571160335532,2.85711,2.85711,-8.586923527953562,-9.538597738558328,111.18267417642888,108.22309686916375,-2.9595773072651355,357.04042269273486,117.04042269273486
260516_2dsweep_noplunger,sim,f_2pi3,sim,S12,offset_nan,07_3_TDS-body_Novel-2Dsweep-260516_53.s2p,07_3_TDS-body_Novel-2Dsweep-260516_54.s2p,,,2.8571160335532,2.85711,2.85711,-9.538597738558328,-10.417237500314902,108.22309686916375,105.71782538036469,-2.5052714887990533,357.49472851120095,117.49472851120095
260516_2dsweep_noplunger,sim,f_2pi3,sim,S12,offset_nan,07_3_TDS-body_Novel-2Dsweep-260516_54.s2p,07_3_TDS-body_Novel-2Dsweep-260516_55.s2p,,,2.8571160335532,2.85711,2.85711,-10.417237500314902,-1.4824687039369489,105.71782538036469,147.8218327996531,42.10400741928839,42.10400741928839,-197.8959925807116
260516_2dsweep_noplunger,sim,f_2pi3,sim,S12,offset_nan,07_3_TDS-body_Novel-2Dsweep-260516_55.s2p,07_3_TDS-body_Novel-2Dsweep-260516_56.s2p,,,2.8571160335532,2.85711,2.85711,-1.4824687039369489,-2.847940233478315,147.8218327996531,135.75638988531793,-12.065442914335165,347.93455708566484,107.93455708566484
260516_2dsweep_noplunger,sim,f_2pi3,sim,S12,offset_nan,07_3_TDS-body_Novel-2Dsweep-260516_56.s2p,07_3_TDS-body_Novel-2Dsweep-260516_57.s2p,,,2.8571160335532,2.85711,2.85711,-2.847940233478315,-4.159688848415543,135.75638988531793,127.21163745886204,-8.544752426455887,351.4552475735441,111.45524757354411
260516_2dsweep_noplunger,sim,f_2pi3,sim,S12,offset_nan,07_3_TDS-body_Novel-2Dsweep-260516_57.s2p,07_3_TDS-body_Novel-2Dsweep-260516_58.s2p,,,2.8571160335532,2.85711,2.85711,-4.159688848415543,-5.457376385372293,127.21163745886204,120.51160794494433,-6.700029513917713,353.2999704860823,113.29997048608232
260516_2dsweep_noplunger,sim,f_2pi3,sim,S12,offset_nan,07_3_TDS-body_Novel-2Dsweep-260516_58.s2p,07_3_TDS-body_Novel-2Dsweep-260516_59.s2p,,,2.8571160335532,2.85711,2.85711,-5.457376385372293,-6.6476409097241005,120.51160794494433,115.37968139440628,-5.131926550538054,354.8680734494619,114.86807344946192
260516_2dsweep_noplunger,sim,f_2pi3,sim,S12,offset_nan,07_3_TDS-body_Novel-2Dsweep-260516_59.s2p,07_3_TDS-body_Novel-2Dsweep-260516_6.s2p,,,2.8571160335532,2.85711,2.85711,-6.6476409097241005,-8.135629131533616,115.37968139440628,129.62880497935788,14.249123584951604,14.249123584951604,-225.7508764150484
260516_2dsweep_noplunger,sim,f_2pi3,sim,S12,offset_nan,07_3_TDS-body_Novel-2Dsweep-260516_6.s2p,07_3_TDS-body_Novel-2Dsweep-260516_60.s2p,,,2.8571160335532,2.85711,2.85711,-8.135629131533616,-7.760644442074678,129.62880497935788,111.3167045259231,-18.312100453434766,341.68789954656523,101.68789954656523
260516_2dsweep_noplunger,sim,f_2pi3,sim,S12,offset_nan,07_3_TDS-body_Novel-2Dsweep-260516_60.s2p,07_3_TDS-body_Novel-2Dsweep-260516_61.s2p,,,2.8571160335532,2.85711,2.85711,-7.760644442074678,-8.780993044032302,111.3167045259231,108.03616827440713,-3.2805362515159686,356.71946374848403,116.71946374848403
260516_2dsweep_noplunger,sim,f_2pi3,sim,S12,offset_nan,07_3_TDS-body_Novel-2Dsweep-260516_61.s2p,07_3_TDS-body_Novel-2Dsweep-260516_62.s2p,,,2.8571160335532,2.85711,2.85711,-8.780993044032302,-9.693727114561053,108.03616827440713,105.32876988200475,-2.707398392402382,357.2926016075976,117.29260160759759
260516_2dsweep_noplunger,sim,f_2pi3,sim,S12,offset_nan,07_3_TDS-body_Novel-2Dsweep-260516_62.s2p,07_3_TDS-body_Novel-2Dsweep-260516_63.s2p,,,2.8571160335532,2.85711,2.85711,-9.693727114561053,-10.554739354852337,105.32876988200475,103.033649123677,-2.295120758327755,357.70487924167224,117.70487924167224
260516_2dsweep_noplunger,sim,f_2pi3,sim,S12,offset_nan,07_3_TDS-body_Novel-2Dsweep-260516_63.s2p,07_3_TDS-body_Novel-2Dsweep-260516_64.s2p,,,2.8571160335532,2.85711,2.85711,-10.554739354852337,-1.9428747135820525,103.033649123677,139.88229121301742,36.848642089340444,36.848642089340444,-203.15135791065956
260516_2dsweep_noplunger,sim,f_2pi3,sim,S12,offset_nan,07_3_TDS-body_Novel-2Dsweep-260516_64.s2p,07_3_TDS-body_Novel-2Dsweep-260516_65.s2p,,,2.8571160335532,2.85711,2.85711,-1.9428747135820525,-3.2802070950158098,139.88229121301742,129.50916981991415,-10.373121393103276,349.62687860689675,109.62687860689675
260516_2dsweep_noplunger,sim,f_2pi3,sim,S12,offset_nan,07_3_TDS-body_Novel-2Dsweep-260516_65.s2p,07_3_TDS-body_Novel-2Dsweep-260516_66.s2p,,,2.8571160335532,2.85711,2.85711,-3.2802070950158098,-4.639917780026101,129.50916981991415,121.65938411353893,-7.849785706375201,352.1502142936248,112.1502142936248
260516_2dsweep_noplunger,sim,f_2pi3,sim,S12,offset_nan,07_3_TDS-body_Novel-2Dsweep-260516_66.s2p,07_3_TDS-body_Novel-2Dsweep-260516_67.s2p,,,2.8571160335532,2.85711,2.85711,-4.639917780026101,-5.887770974332901,121.65938411353893,115.81940887993329,-5.839975233605628,354.1600247663944,114.16002476639437
260516_2dsweep_noplunger,sim,f_2pi3,sim,S12,offset_nan,07_3_TDS-body_Novel-2Dsweep-260516_67.s2p,07_3_TDS-body_Novel-2Dsweep-260516_68.s2p,,,2.8571160335532,2.85711,2.85711,-5.887770974332901,-6.989377251225674,115.81940887993329,111.44206352656309,-4.3773453533702025,355.6226546466298,115.62265464662983
260516_2dsweep_noplunger,sim,f_2pi3,sim,S12,offset_nan,07_3_TDS-body_Novel-2Dsweep-260516_68.s2p,07_3_TDS-body_Novel-2Dsweep-260516_69.s2p,,,2.8571160335532,2.85711,2.85711,-6.989377251225674,-8.120818613532668,111.44206352656309,107.61775432624232,-3.8243092003207835,356.1756907996792,116.17569079967922
260516_2dsweep_noplunger,sim,f_2pi3,sim,S12,offset_nan,07_3_TDS-body_Novel-2Dsweep-260516_69.s2p,07_3_TDS-body_Novel-2Dsweep-260516_7.s2p,,,2.8571160335532,2.85711,2.85711,-8.120818613532668,-9.22396892025112,107.61775432624232,124.82009310665737,17.20233878041506,17.20233878041506,-222.79766121958494
260516_2dsweep_noplunger,sim,f_2pi3,sim,S12,offset_nan,07_3_TDS-body_Novel-2Dsweep-260516_7.s2p,07_3_TDS-body_Novel-2Dsweep-260516_70.s2p,,,2.8571160335532,2.85711,2.85711,-9.22396892025112,-9.073649374162404,124.82009310665737,104.75856412537989,-20.06152898127749,339.9384710187225,99.93847101872251
260516_2dsweep_noplunger,sim,f_2pi3,sim,S12,offset_nan,07_3_TDS-body_Novel-2Dsweep-260516_70.s2p,07_3_TDS-body_Novel-2Dsweep-260516_71.s2p,,,2.8571160335532,2.85711,2.85711,-9.073649374162404,-9.963176278505358,104.75856412537989,102.36038799740844,-2.3981761279714533,357.60182387202855,117.60182387202855
260516_2dsweep_noplunger,sim,f_2pi3,sim,S12,offset_nan,07_3_TDS-body_Novel-2Dsweep-260516_71.s2p,07_3_TDS-body_Novel-2Dsweep-260516_72.s2p,,,2.8571160335532,2.85711,2.85711,-9.963176278505358,-10.743266945278593,102.36038799740844,100.4056146474514,-1.954773349957037,358.045226650043,118.04522665004299
260516_2dsweep_noplunger,sim,f_2pi3,sim,S12,offset_nan,07_3_TDS-body_Novel-2Dsweep-260516_72.s2p,07_3_TDS-body_Novel-2Dsweep-260516_73.s2p,,,2.8571160335532,2.85711,2.85711,-10.743266945278593,-2.5382109745250467,100.4056146474514,131.88316134338763,31.477546695936212,31.477546695936212,-208.5224533040638
260516_2dsweep_noplunger,sim,f_2pi3,sim,S12,offset_nan,07_3_TDS-body_Novel-2Dsweep-260516_73.s2p,07_3_TDS-body_Novel-2Dsweep-260516_74.s2p,,,2.8571160335532,2.85711,2.85711,-2.5382109745250467,-3.9113272951558997,131.88316134338763,122.86070628298118,-9.022455060406458,350.97754493959354,110.97754493959354
260516_2dsweep_noplunger,sim,f_2pi3,sim,S12,offset_nan,07_3_TDS-body_Novel-2Dsweep-260516_74.s2p,07_3_TDS-body_Novel-2Dsweep-260516_75.s2p,,,2.8571160335532,2.85711,2.85711,-3.9113272951558997,-5.270706352911789,122.86070628298118,115.96177853098823,-6.8989277519929715,353.10107224800703,113.10107224800703
260516_2dsweep_noplunger,sim,f_2pi3,sim,S12,offset_nan,07_3_TDS-body_Novel-2Dsweep-260516_75.s2p,07_3_TDS-body_Novel-2Dsweep-260516_76.s2p,,,2.8571160335532,2.85711,2.85711,-5.270706352911789,-6.4767118496461675,115.96177853098823,110.96738845941321,-4.994390071575026,355.005609928425,115.00560992842497
260516_2dsweep_noplunger,sim,f_2pi3,sim,S12,offset_nan,07_3_TDS-body_Novel-2Dsweep-260516_76.s2p,07_3_TDS-body_Novel-2Dsweep-260516_77.s2p,,,2.8571160335532,2.85711,2.85711,-6.4767118496461675,-7.533367731922631,110.96738845941321,107.22538157815825,-3.7420068812549516,356.25799311874505,116.25799311874505
260516_2dsweep_noplunger,sim,f_2pi3,sim,S12,offset_nan,07_3_TDS-body_Novel-2Dsweep-260516_77.s2p,07_3_TDS-body_Novel-2Dsweep-260516_78.s2p,,,2.8571160335532,2.85711,2.85711,-7.533367731922631,-8.561695347870609,107.22538157815825,104.02945809472823,-3.195923483430022,356.80407651657,116.80407651656998
260516_2dsweep_noplunger,sim,f_2pi3,sim,S12,offset_nan,07_3_TDS-body_Novel-2Dsweep-260516_78.s2p,07_3_TDS-body_Novel-2Dsweep-260516_79.s2p,,,2.8571160335532,2.85711,2.85711,-8.561695347870609,-9.495555089730276,104.02945809472823,101.46394613096194,-2.5655119637662835,357.4344880362337,117.43448803623369
260516_2dsweep_noplunger,sim,f_2pi3,sim,S12,offset_nan,07_3_TDS-body_Novel-2Dsweep-260516_79.s2p,07_3_TDS-body_Novel-2Dsweep-260516_8.s2p,,,2.8571160335532,2.85711,2.85711,-9.495555089730276,-10.303428948609989,101.46394613096194,120.64477569045474,19.180829559492793,19.180829559492793,-220.8191704405072
260516_2dsweep_noplunger,sim,f_2pi3,sim,S12,offset_nan,07_3_TDS-body_Novel-2Dsweep-260516_8.s2p,07_3_TDS-body_Novel-2Dsweep-260516_80.s2p,,,2.8571160335532,2.85711,2.85711,-10.303428948609989,-10.27145815301614,120.64477569045474,99.3580903224829,-21.28668536797184,338.7133146320282,98.71331463202819
260516_2dsweep_noplunger,sim,f_2pi3,sim,S12,offset_nan,07_3_TDS-body_Novel-2Dsweep-260516_80.s2p,07_3_TDS-body_Novel-2Dsweep-260516_81.s2p,,,2.8571160335532,2.85711,2.85711,-10.27145815301614,-11.069668610756338,99.3580903224829,97.69490011315067,-1.6631902093322424,358.33680979066776,118.33680979066776
260516_2dsweep_noplunger,sim,f_2pi3,sim,S12,offset_nan,07_3_TDS-body_Novel-2Dsweep-260516_81.s2p,07_3_TDS-body_Novel-2Dsweep-260516_82.s2p,,,2.8571160335532,2.85711,2.85711,-11.069668610756338,-3.3699561215041967,97.69490011315067,123.63228809393,25.937387980779334,25.937387980779334,-214.06261201922067
260516_2dsweep_noplunger,sim,f_2pi3,sim,S12,offset_nan,07_3_TDS-body_Novel-2Dsweep-260516_82.s2p,07_3_TDS-body_Novel-2Dsweep-260516_83.s2p,,,2.8571160335532,2.85711,2.85711,-3.3699561215041967,-4.695165054160417,123.63228809393,116.33656544088583,-7.295722653044152,352.70427734695585,112.70427734695585
260516_2dsweep_noplunger,sim,f_2pi3,sim,S12,offset_nan,07_3_TDS-body_Novel-2Dsweep-260516_83.s2p,07_3_TDS-body_Novel-2Dsweep-260516_84.s2p,,,2.8571160335532,2.85711,2.85711,-4.695165054160417,-5.90291462682886,116.33656544088583,110.97444415318135,-5.362121287704497,354.6378787122955,114.6378787122955
260516_2dsweep_noplunger,sim,f_2pi3,sim,S12,offset_nan,07_3_TDS-body_Novel-2Dsweep-260516_84.s2p,07_3_TDS-body_Novel-2Dsweep-260516_85.s2p,,,2.8571160335532,2.85711,2.85711,-5.90291462682886,-7.169253938658783,110.97444415318135,106.30398688433324,-4.670457268848111,355.3295427311519,115.32954273115189
260516_2dsweep_noplunger,sim,f_2pi3,sim,S12,offset_nan,07_3_TDS-body_Novel-2Dsweep-260516_85.s2p,07_3_TDS-body_Novel-2Dsweep-260516_86.s2p,,,2.8571160335532,2.85711,2.85711,-7.169253938658783,-8.213269682624372,106.30398688433324,103.0038602316394,-3.300126652693848,356.69987334730615,116.69987334730615
260516_2dsweep_noplunger,sim,f_2pi3,sim,S12,offset_nan,07_3_TDS-body_Novel-2Dsweep-260516_86.s2p,07_3_TDS-body_Novel-2Dsweep-260516_87.s2p,,,2.8571160335532,2.85711,2.85711,-8.213269682624372,-9.117300354814658,103.0038602316394,100.48003844550367,-2.523821786135727,357.4761782138643,117.47617821386427
260516_2dsweep_noplunger,sim,f_2pi3,sim,S12,offset_nan,07_3_TDS-body_Novel-2Dsweep-260516_87.s2p,07_3_TDS-body_Novel-2Dsweep-260516_88.s2p,,,2.8571160335532,2.85711,2.85711,-9.117300354814658,-9.970630567214757,100.48003844550367,98.33619716161844,-2.143841283885223,357.8561587161148,117.8561587161148
260516_2dsweep_noplunger,sim,f_2pi3,sim,S12,offset_nan,07_3_TDS-body_Novel-2Dsweep-260516_88.s2p,07_3_TDS-body_Novel-2Dsweep-260516_89.s2p,,,2.8571160335532,2.85711,2.85711,-9.970630567214757,-10.714338036605733,98.33619716161844,96.61702591174871,-1.7191712498697314,358.28082875013024,118.28082875013024
260516_2dsweep_noplunger,sim,f_2pi3,sim,S12,offset_nan,07_3_TDS-body_Novel-2Dsweep-260516_89.s2p,07_3_TDS-body_Novel-2Dsweep-260516_9.s2p,,,2.8571160335532,2.85711,2.85711,-10.714338036605733,-11.241574970460434,96.61702591174871,117.28490227068795,20.667876358939225,20.667876358939225,-219.33212364106078
260516_2dsweep_noplunger,sim,f_2pi3,sim,S12,offset_nan,07_3_TDS-body_Novel-2Dsweep-260516_9.s2p,07_3_TDS-body_Novel-2Dsweep-260516_90.s2p,,,2.8571160335532,2.85711,2.85711,-11.241574970460434,-11.415989236555713,117.28490227068795,95.12496724864343,-22.15993502204452,337.8400649779555,97.84006497795548
260516_2dsweep_noplunger,sim,f_2pi3,sim,S12,offset_nan,07_3_TDS-body_Novel-2Dsweep-260516_90.s2p,07_3_TDS-body_Novel-2Dsweep-260516_91.s2p,,,2.8571160335532,2.85711,2.85711,-11.415989236555713,-4.632436941636901,95.12496724864343,114.56097043273796,19.436003184094545,19.436003184094545,-220.56399681590545
260516_2dsweep_noplunger,sim,f_2pi3,sim,S12,offset_nan,07_3_TDS-body_Novel-2Dsweep-260516_91.s2p,07_3_TDS-body_Novel-2Dsweep-260516_92.s2p,,,2.8571160335532,2.85711,2.85711,-4.632436941636901,-6.008273297062154,114.56097043273796,108.55649395677875,-6.004476475959223,353.9955235240408,113.99552352404078
260516_2dsweep_noplunger,sim,f_2pi3,sim,S12,offset_nan,07_3_TDS-body_Novel-2Dsweep-260516_92.s2p,07_3_TDS-body_Novel-2Dsweep-260516_93.s2p,,,2.8571160335532,2.85711,2.85711,-6.008273297062154,-7.084227866964621,108.55649395677875,104.60968470750694,-3.9468092492718085,356.05319075072816,116.05319075072816
260516_2dsweep_noplunger,sim,f_2pi3,sim,S12,offset_nan,07_3_TDS-body_Novel-2Dsweep-260516_93.s2p,07_3_TDS-body_Novel-2Dsweep-260516_94.s2p,,,2.8571160335532,2.85711,2.85711,-7.084227866964621,-7.975575130690963,104.60968470750694,101.83427493595482,-2.7754097715521198,357.2245902284479,117.22459022844788
260516_2dsweep_noplunger,sim,f_2pi3,sim,S12,offset_nan,07_3_TDS-body_Novel-2Dsweep-260516_94.s2p,07_3_TDS-body_Novel-2Dsweep-260516_95.s2p,,,2.8571160335532,2.85711,2.85711,-7.975575130690963,-8.909967120217198,101.83427493595482,99.2145824652428,-2.619692470712039,357.38030752928796,117.38030752928796
260516_2dsweep_noplunger,sim,f_2pi3,sim,S12,offset_nan,07_3_TDS-body_Novel-2Dsweep-260516_95.s2p,07_3_TDS-body_Novel-2Dsweep-260516_96.s2p,,,2.8571160335532,2.85711,2.85711,-8.909967120217198,-9.752127495521881,99.2145824652428,97.09665653803523,-2.1179259272075797,357.8820740727924,117.88207407279242
260516_2dsweep_noplunger,sim,f_2pi3,sim,S12,offset_nan,07_3_TDS-body_Novel-2Dsweep-260516_96.s2p,07_3_TDS-body_Novel-2Dsweep-260516_97.s2p,,,2.8571160335532,2.85711,2.85711,-9.752127495521881,-10.379246744939872,97.09665653803523,95.6531915465635,-1.4434649914717284,358.5565350085283,118.55653500852827
260516_2dsweep_noplunger,sim,f_2pi3,sim,S12,offset_nan,07_3_TDS-body_Novel-2Dsweep-260516_97.s2p,07_3_TDS-body_Novel-2Dsweep-260516_98.s2p,,,2.8571160335532,2.85711,2.85711,-10.379246744939872,-11.09317344913894,95.6531915465635,94.11865217265289,-1.5345393739106044,358.4654606260894,118.4654606260894
260516_2dsweep_noplunger,sim,f_2pi3,sim,S12,offset_nan,07_3_TDS-body_Novel-2Dsweep-260516_98.s2p,07_3_TDS-body_Novel-2Dsweep-260516_99.s2p,,,2.8571160335532,2.85711,2.85711,-11.09317344913894,-11.73458497532357,94.11865217265289,92.8274527759996,-1.291199396653269,358.70880060334673,118.70880060334673
260516_2dsweep_noplunger,sim,f_2pi3,sim,S21,offset_nan,07_3_TDS-body_Novel-2Dsweep-260516_1.s2p,07_3_TDS-body_Novel-2Dsweep-260516_10.s2p,,,2.8571160335532,2.85711,2.85711,-2.0650135354974335,-1.7755631962154517,174.67714641647137,171.01210611804456,-3.665040298426817,356.3349597015732,116.33495970157321
260516_2dsweep_noplunger,sim,f_2pi3,sim,S21,offset_nan,07_3_TDS-body_Novel-2Dsweep-260516_10.s2p,07_3_TDS-body_Novel-2Dsweep-260516_100.s2p,,,2.8571160335532,2.85711,2.85711,-1.7755631962154517,-5.343297916067731,171.01210611804456,109.508628951372,-61.50347716667255,298.49652283332745,58.49652283332745
260516_2dsweep_noplunger,sim,f_2pi3,sim,S21,offset_nan,07_3_TDS-body_Novel-2Dsweep-260516_100.s2p,07_3_TDS-body_Novel-2Dsweep-260516_101.s2p,,,2.8571160335532,2.85711,2.85711,-5.343297916067731,-6.624664590752131,109.508628951372,104.50555787074343,-5.003071080628558,354.99692891937144,114.99692891937144
260516_2dsweep_noplunger,sim,f_2pi3,sim,S21,offset_nan,07_3_TDS-body_Novel-2Dsweep-260516_101.s2p,07_3_TDS-body_Novel-2Dsweep-260516_102.s2p,,,2.8571160335532,2.85711,2.85711,-6.624664590752131,-7.711792952826105,104.50555787074343,100.94772492974433,-3.5578329409991056,356.4421670590009,116.4421670590009
260516_2dsweep_noplunger,sim,f_2pi3,sim,S21,offset_nan,07_3_TDS-body_Novel-2Dsweep-260516_102.s2p,07_3_TDS-body_Novel-2Dsweep-260516_103.s2p,,,2.8571160335532,2.85711,2.85711,-7.711792952826105,-8.669290900830186,100.94772492974433,98.20976198462822,-2.7379629451161236,357.2620370548839,117.26203705488388
260516_2dsweep_noplunger,sim,f_2pi3,sim,S21,offset_nan,07_3_TDS-body_Novel-2Dsweep-260516_103.s2p,07_3_TDS-body_Novel-2Dsweep-260516_104.s2p,,,2.8571160335532,2.85711,2.85711,-8.669290900830186,-12.227225024646044,98.20976198462822,90.4497534973939,-7.760008487234302,352.2399915127657,112.2399915127657
260516_2dsweep_noplunger,sim,f_2pi3,sim,S21,offset_nan,07_3_TDS-body_Novel-2Dsweep-260516_104.s2p,07_3_TDS-body_Novel-2Dsweep-260516_105.s2p,,,2.8571160335532,2.85711,2.85711,-12.227225024646044,-7.74024509808115,90.4497534973939,99.37071988714025,8.920966389746354,8.920966389746354,-231.07903361025365
260516_2dsweep_noplunger,sim,f_2pi3,sim,S21,offset_nan,07_3_TDS-body_Novel-2Dsweep-260516_105.s2p,07_3_TDS-body_Novel-2Dsweep-260516_106.s2p,,,2.8571160335532,2.85711,2.85711,-7.74024509808115,-8.759411541615487,99.37071988714025,96.50324807183677,-2.8674718153034746,357.1325281846965,117.13252818469653
260516_2dsweep_noplunger,sim,f_2pi3,sim,S21,offset_nan,07_3_TDS-body_Novel-2Dsweep-260516_106.s2p,07_3_TDS-body_Novel-2Dsweep-260516_107.s2p,,,2.8571160335532,2.85711,2.85711,-8.759411541615487,-10.399552177142448,96.50324807183677,92.62064718431483,-3.8826008875219316,356.1173991124781,116.1173991124781
260516_2dsweep_noplunger,sim,f_2pi3,sim,S21,offset_nan,07_3_TDS-body_Novel-2Dsweep-260516_107.s2p,07_3_TDS-body_Novel-2Dsweep-260516_108.s2p,,,2.8571160335532,2.85711,2.85711,-10.399552177142448,-11.07704905835237,92.62064718431483,91.23775008292826,-1.3828971013865612,358.61710289861344,118.61710289861344
260516_2dsweep_noplunger,sim,f_2pi3,sim,S21,offset_nan,07_3_TDS-body_Novel-2Dsweep-260516_108.s2p,07_3_TDS-body_Novel-2Dsweep-260516_109.s2p,,,2.8571160335532,2.85711,2.85711,-11.07704905835237,-11.687560204111564,91.23775008292826,90.08739493297952,-1.150355149948723,358.8496448500513,118.84964485005128
260516_2dsweep_noplunger,sim,f_2pi3,sim,S21,offset_nan,07_3_TDS-body_Novel-2Dsweep-260516_109.s2p,07_3_TDS-body_Novel-2Dsweep-260516_11.s2p,,,2.8571160335532,2.85711,2.85711,-11.687560204111564,-2.9194249927914666,90.08739493297952,158.3682285091365,68.28083357615697,68.28083357615697,-171.71916642384303
260516_2dsweep_noplunger,sim,f_2pi3,sim,S21,offset_nan,07_3_TDS-body_Novel-2Dsweep-260516_11.s2p,07_3_TDS-body_Novel-2Dsweep-260516_110.s2p,,,2.8571160335532,2.85711,2.85711,-2.9194249927914666,-12.26888951585501,158.3682285091365,89.02287845011182,-69.34535005902467,290.65464994097533,50.65464994097533
260516_2dsweep_noplunger,sim,f_2pi3,sim,S21,offset_nan,07_3_TDS-body_Novel-2Dsweep-260516_110.s2p,07_3_TDS-body_Novel-2Dsweep-260516_111.s2p,,,2.8571160335532,2.85711,2.85711,-12.26888951585501,-13.023416267435667,89.02287845011182,87.77554710091454,-1.2473313491972817,358.7526686508027,118.75266865080272
260516_2dsweep_noplunger,sim,f_2pi3,sim,S21,offset_nan,07_3_TDS-body_Novel-2Dsweep-260516_111.s2p,07_3_TDS-body_Novel-2Dsweep-260516_112.s2p,,,2.8571160335532,2.85711,2.85711,-13.023416267435667,-9.547043858463727,87.77554710091454,95.97542148564975,8.19987438473521,8.19987438473521,-231.8001256152648
260516_2dsweep_noplunger,sim,f_2pi3,sim,S21,offset_nan,07_3_TDS-body_Novel-2Dsweep-260516_112.s2p,07_3_TDS-body_Novel-2Dsweep-260516_113.s2p,,,2.8571160335532,2.85711,2.85711,-9.547043858463727,-10.310521527565031,95.97542148564975,94.22806646903751,-1.7473550166122322,358.25264498338777,118.25264498338777
260516_2dsweep_noplunger,sim,f_2pi3,sim,S21,offset_nan,07_3_TDS-body_Novel-2Dsweep-260516_113.s2p,07_3_TDS-body_Novel-2Dsweep-260516_114.s2p,,,2.8571160335532,2.85711,2.85711,-10.310521527565031,-11.006234549898675,94.22806646903751,92.7563707098832,-1.4716957591543292,358.52830424084567,118.52830424084567
260516_2dsweep_noplunger,sim,f_2pi3,sim,S21,offset_nan,07_3_TDS-body_Novel-2Dsweep-260516_114.s2p,07_3_TDS-body_Novel-2Dsweep-260516_115.s2p,,,2.8571160335532,2.85711,2.85711,-11.006234549898675,-11.643061976235744,92.7563707098832,91.52202620646287,-1.2343445034203455,358.76565549657965,118.76565549657965
260516_2dsweep_noplunger,sim,f_2pi3,sim,S21,offset_nan,07_3_TDS-body_Novel-2Dsweep-260516_115.s2p,07_3_TDS-body_Novel-2Dsweep-260516_116.s2p,,,2.8571160335532,2.85711,2.85711,-11.643061976235744,-6.688854014183995,91.52202620646287,102.78192178396318,11.259895577500316,11.259895577500316,-228.74010442249968
260516_2dsweep_noplunger,sim,f_2pi3,sim,S21,offset_nan,07_3_TDS-body_Novel-2Dsweep-260516_116.s2p,07_3_TDS-body_Novel-2Dsweep-260516_117.s2p,,,2.8571160335532,2.85711,2.85711,-6.688854014183995,-9.63990859292566,102.78192178396318,94.32216394341579,-8.459757840547411,351.5402421594526,111.54024215945259
260516_2dsweep_noplunger,sim,f_2pi3,sim,S21,offset_nan,07_3_TDS-body_Novel-2Dsweep-260516_117.s2p,07_3_TDS-body_Novel-2Dsweep-260516_12.s2p,,,2.8571160335532,2.85711,2.85711,-9.63990859292566,-4.152521165012955,94.32216394341579,148.04902914063598,53.72686519722021,53.72686519722021,-186.2731348027798
260516_2dsweep_noplunger,sim,f_2pi3,sim,S21,offset_nan,07_3_TDS-body_Novel-2Dsweep-260516_12.s2p,07_3_TDS-body_Novel-2Dsweep-260516_13.s2p,,,2.8571160335532,2.85711,2.85711,-4.152521165012955,-5.454923767303452,148.04902914063598,139.39316208143805,-8.65586705919793,351.34413294080207,111.34413294080207
260516_2dsweep_noplunger,sim,f_2pi3,sim,S21,offset_nan,07_3_TDS-body_Novel-2Dsweep-260516_13.s2p,07_3_TDS-body_Novel-2Dsweep-260516_14.s2p,,,2.8571160335532,2.85711,2.85711,-5.454923767303452,-6.7350985338591265,139.39316208143805,132.36452331038322,-7.02863877105483,352.97136122894517,112.97136122894517
260516_2dsweep_noplunger,sim,f_2pi3,sim,S21,offset_nan,07_3_TDS-body_Novel-2Dsweep-260516_14.s2p,07_3_TDS-body_Novel-2Dsweep-260516_15.s2p,,,2.8571160335532,2.85711,2.85711,-6.7350985338591265,-7.912898121764527,132.36452331038322,126.76003754782377,-5.604485762559449,354.3955142374406,114.39551423744058
260516_2dsweep_noplunger,sim,f_2pi3,sim,S21,offset_nan,07_3_TDS-body_Novel-2Dsweep-260516_15.s2p,07_3_TDS-body_Novel-2Dsweep-260516_16.s2p,,,2.8571160335532,2.85711,2.85711,-7.912898121764527,-9.013475919345295,126.76003754782377,122.13996328602948,-4.6200742617942865,355.3799257382057,115.37992573820571
260516_2dsweep_noplunger,sim,f_2pi3,sim,S21,offset_nan,07_3_TDS-body_Novel-2Dsweep-260516_16.s2p,07_3_TDS-body_Novel-2Dsweep-260516_17.s2p,,,2.8571160335532,2.85711,2.85711,-9.013475919345295,-10.040277036106229,122.13996328602948,118.2455012285559,-3.8944620574735893,356.10553794252644,116.10553794252644
260516_2dsweep_noplunger,sim,f_2pi3,sim,S21,offset_nan,07_3_TDS-body_Novel-2Dsweep-260516_17.s2p,07_3_TDS-body_Novel-2Dsweep-260516_18.s2p,,,2.8571160335532,2.85711,2.85711,-10.040277036106229,-11.008565254340873,118.2455012285559,114.96520592167451,-3.280295306881385,356.7197046931186,116.71970469311862
260516_2dsweep_noplunger,sim,f_2pi3,sim,S21,offset_nan,07_3_TDS-body_Novel-2Dsweep-260516_18.s2p,07_3_TDS-body_Novel-2Dsweep-260516_19.s2p,,,2.8571160335532,2.85711,2.85711,-11.008565254340873,-1.5949232050164575,114.96520592167451,166.62279341957023,51.65758749789572,51.65758749789572,-188.34241250210428
260516_2dsweep_noplunger,sim,f_2pi3,sim,S21,offset_nan,07_3_TDS-body_Novel-2Dsweep-260516_19.s2p,07_3_TDS-body_Novel-2Dsweep-260516_2.s2p,,,2.8571160335532,2.85711,2.85711,-1.5949232050164575,-3.22613408775085,166.62279341957023,161.78078013344057,-4.8420132861296565,355.15798671387034,115.15798671387034
260516_2dsweep_noplunger,sim,f_2pi3,sim,S21,offset_nan,07_3_TDS-body_Novel-2Dsweep-260516_2.s2p,07_3_TDS-body_Novel-2Dsweep-260516_20.s2p,,,2.8571160335532,2.85711,2.85711,-3.22613408775085,-2.7428893594972275,161.78078013344057,154.2229330967809,-7.557847036659666,352.44215296334033,112.44215296334033
260516_2dsweep_noplunger,sim,f_2pi3,sim,S21,offset_nan,07_3_TDS-body_Novel-2Dsweep-260516_20.s2p,07_3_TDS-body_Novel-2Dsweep-260516_21.s2p,,,2.8571160335532,2.85711,2.85711,-2.7428893594972275,-4.0035119387938565,154.2229330967809,144.1230682625731,-10.099864834207807,349.9001351657922,109.90013516579222
260516_2dsweep_noplunger,sim,f_2pi3,sim,S21,offset_nan,07_3_TDS-body_Novel-2Dsweep-260516_21.s2p,07_3_TDS-body_Novel-2Dsweep-260516_22.s2p,,,2.8571160335532,2.85711,2.85711,-4.0035119387938565,-5.304318724852376,144.1230682625731,135.8175651301126,-8.305503132460501,351.6944968675395,111.6944968675395
260516_2dsweep_noplunger,sim,f_2pi3,sim,S21,offset_nan,07_3_TDS-body_Novel-2Dsweep-260516_22.s2p,07_3_TDS-body_Novel-2Dsweep-260516_23.s2p,,,2.8571160335532,2.85711,2.85711,-5.304318724852376,-6.574756128156142,135.8175651301126,129.0852511698478,-6.732313960264804,353.26768603973517,113.26768603973517
260516_2dsweep_noplunger,sim,f_2pi3,sim,S21,offset_nan,07_3_TDS-body_Novel-2Dsweep-260516_23.s2p,07_3_TDS-body_Novel-2Dsweep-260516_24.s2p,,,2.8571160335532,2.85711,2.85711,-6.574756128156142,-7.749940581168079,129.0852511698478,123.74796371487196,-5.3372874549758365,354.6627125450242,114.66271254502419
260516_2dsweep_noplunger,sim,f_2pi3,sim,S21,offset_nan,07_3_TDS-body_Novel-2Dsweep-260516_24.s2p,07_3_TDS-body_Novel-2Dsweep-260516_25.s2p,,,2.8571160335532,2.85711,2.85711,-7.749940581168079,-8.87612773870053,123.74796371487196,119.27103179040391,-4.476931924468033,355.52306807553197,115.52306807553197
260516_2dsweep_noplunger,sim,f_2pi3,sim,S21,offset_nan,07_3_TDS-body_Novel-2Dsweep-260516_25.s2p,07_3_TDS-body_Novel-2Dsweep-260516_26.s2p,,,2.8571160335532,2.85711,2.85711,-8.87612773870053,-9.918547679824167,119.27103179040391,115.56866998312712,-3.7023618072767874,356.2976381927232,116.29763819272318
260516_2dsweep_noplunger,sim,f_2pi3,sim,S21,offset_nan,07_3_TDS-body_Novel-2Dsweep-260516_26.s2p,07_3_TDS-body_Novel-2Dsweep-260516_27.s2p,,,2.8571160335532,2.85711,2.85711,-9.918547679824167,-10.852926454512708,115.56866998312712,112.5177079156654,-3.0509620674617395,356.94903793253826,116.94903793253826
260516_2dsweep_noplunger,sim,f_2pi3,sim,S21,offset_nan,07_3_TDS-body_Novel-2Dsweep-260516_27.s2p,07_3_TDS-body_Novel-2Dsweep-260516_28.s2p,,,2.8571160335532,2.85711,2.85711,-10.852926454512708,-1.2196092131372718,112.5177079156654,165.26198160913978,52.74427369347438,52.74427369347438,-187.25572630652562
260516_2dsweep_noplunger,sim,f_2pi3,sim,S21,offset_nan,07_3_TDS-body_Novel-2Dsweep-260516_28.s2p,07_3_TDS-body_Novel-2Dsweep-260516_29.s2p,,,2.8571160335532,2.85711,2.85711,-1.2196092131372718,-2.338280478697458,165.26198160913978,152.46917168580651,-12.792809923333266,347.20719007666673,107.20719007666673
260516_2dsweep_noplunger,sim,f_2pi3,sim,S21,offset_nan,07_3_TDS-body_Novel-2Dsweep-260516_29.s2p,07_3_TDS-body_Novel-2Dsweep-260516_3.s2p,,,2.8571160335532,2.85711,2.85711,-2.338280478697458,-4.477039973272648,152.46917168580651,151.19387745750757,-1.2752942282989466,358.72470577170105,118.72470577170105
260516_2dsweep_noplunger,sim,f_2pi3,sim,S21,offset_nan,07_3_TDS-body_Novel-2Dsweep-260516_3.s2p,07_3_TDS-body_Novel-2Dsweep-260516_30.s2p,,,2.8571160335532,2.85711,2.85711,-4.477039973272648,-3.594385748677402,151.19387745750757,142.11795431333897,-9.075923144168598,350.9240768558314,110.9240768558314
260516_2dsweep_noplunger,sim,f_2pi3,sim,S21,offset_nan,07_3_TDS-body_Novel-2Dsweep-260516_30.s2p,07_3_TDS-body_Novel-2Dsweep-260516_31.s2p,,,2.8571160335532,2.85711,2.85711,-3.594385748677402,-4.895774489306272,142.11795431333897,133.7510622148748,-8.366892098464177,351.6331079015358,111.63310790153582
260516_2dsweep_noplunger,sim,f_2pi3,sim,S21,offset_nan,07_3_TDS-body_Novel-2Dsweep-260516_31.s2p,07_3_TDS-body_Novel-2Dsweep-260516_32.s2p,,,2.8571160335532,2.85711,2.85711,-4.895774489306272,-6.1446921741924445,133.7510622148748,127.17041103648279,-6.580651178392003,353.41934882160797,113.41934882160797
260516_2dsweep_noplunger,sim,f_2pi3,sim,S21,offset_nan,07_3_TDS-body_Novel-2Dsweep-260516_32.s2p,07_3_TDS-body_Novel-2Dsweep-260516_33.s2p,,,2.8571160335532,2.85711,2.85711,-6.1446921741924445,-7.253084728561764,127.17041103648279,122.0818825216845,-5.08852851479827,354.91147148520173,114.91147148520173
260516_2dsweep_noplunger,sim,f_2pi3,sim,S21,offset_nan,07_3_TDS-body_Novel-2Dsweep-260516_33.s2p,07_3_TDS-body_Novel-2Dsweep-260516_34.s2p,,,2.8571160335532,2.85711,2.85711,-7.253084728561764,-8.462985479060336,122.0818825216845,117.41958089214901,-4.662301629535477,355.3376983704645,115.33769837046452
260516_2dsweep_noplunger,sim,f_2pi3,sim,S21,offset_nan,07_3_TDS-body_Novel-2Dsweep-260516_34.s2p,07_3_TDS-body_Novel-2Dsweep-260516_35.s2p,,,2.8571160335532,2.85711,2.85711,-8.462985479060336,-9.45818106819467,117.41958089214901,113.90837184208311,-3.511209050065901,356.4887909499341,116.48879094993413
260516_2dsweep_noplunger,sim,f_2pi3,sim,S21,offset_nan,07_3_TDS-body_Novel-2Dsweep-260516_35.s2p,07_3_TDS-body_Novel-2Dsweep-260516_36.s2p,,,2.8571160335532,2.85711,2.85711,-9.45818106819467,-10.39229464075853,113.90837184208311,110.93987814905691,-2.968493693026204,357.0315063069738,117.03150630697382
260516_2dsweep_noplunger,sim,f_2pi3,sim,S21,offset_nan,07_3_TDS-body_Novel-2Dsweep-260516_36.s2p,07_3_TDS-body_Novel-2Dsweep-260516_37.s2p,,,2.8571160335532,2.85711,2.85711,-10.39229464075853,-1.196036898091667,110.93987814905691,159.1870993629128,48.24722121385588,48.24722121385588,-191.75277878614412
260516_2dsweep_noplunger,sim,f_2pi3,sim,S21,offset_nan,07_3_TDS-body_Novel-2Dsweep-260516_37.s2p,07_3_TDS-body_Novel-2Dsweep-260516_38.s2p,,,2.8571160335532,2.85711,2.85711,-1.196036898091667,-2.362895615609749,159.1870993629128,147.54007595071297,-11.647023412199815,348.3529765878002,108.35297658780019
260516_2dsweep_noplunger,sim,f_2pi3,sim,S21,offset_nan,07_3_TDS-body_Novel-2Dsweep-260516_38.s2p,07_3_TDS-body_Novel-2Dsweep-260516_39.s2p,,,2.8571160335532,2.85711,2.85711,-2.362895615609749,-3.656937512354501,147.54007595071297,137.48088820596033,-10.059187744752649,349.94081225524735,109.94081225524735
260516_2dsweep_noplunger,sim,f_2pi3,sim,S21,offset_nan,07_3_TDS-body_Novel-2Dsweep-260516_39.s2p,07_3_TDS-body_Novel-2Dsweep-260516_4.s2p,,,2.8571160335532,2.85711,2.85711,-3.656937512354501,-5.726145527036869,137.48088820596033,142.58768437640822,5.106796170447893,5.106796170447893,-234.8932038295521
260516_2dsweep_noplunger,sim,f_2pi3,sim,S21,offset_nan,07_3_TDS-body_Novel-2Dsweep-260516_4.s2p,07_3_TDS-body_Novel-2Dsweep-260516_40.s2p,,,2.8571160335532,2.85711,2.85711,-5.726145527036869,-4.954393427906046,142.58768437640822,129.6195714024634,-12.968112973944812,347.0318870260552,107.03188702605519
260516_2dsweep_noplunger,sim,f_2pi3,sim,S21,offset_nan,07_3_TDS-body_Novel-2Dsweep-260516_40.s2p,07_3_TDS-body_Novel-2Dsweep-260516_41.s2p,,,2.8571160335532,2.85711,2.85711,-4.954393427906046,-6.202675915534441,129.6195714024634,123.40392112609993,-6.215650276363476,353.7843497236365,113.78434972363652
260516_2dsweep_noplunger,sim,f_2pi3,sim,S21,offset_nan,07_3_TDS-body_Novel-2Dsweep-260516_41.s2p,07_3_TDS-body_Novel-2Dsweep-260516_42.s2p,,,2.8571160335532,2.85711,2.85711,-6.202675915534441,-7.36785245295194,123.40392112609993,118.44120060665861,-4.962720519441319,355.0372794805587,115.03727948055871
260516_2dsweep_noplunger,sim,f_2pi3,sim,S21,offset_nan,07_3_TDS-body_Novel-2Dsweep-260516_42.s2p,07_3_TDS-body_Novel-2Dsweep-260516_43.s2p,,,2.8571160335532,2.85711,2.85711,-7.36785245295194,-8.448354582184786,118.44120060665861,114.44886347365096,-3.992337133007652,356.00766286699235,116.00766286699235
260516_2dsweep_noplunger,sim,f_2pi3,sim,S21,offset_nan,07_3_TDS-body_Novel-2Dsweep-260516_43.s2p,07_3_TDS-body_Novel-2Dsweep-260516_44.s2p,,,2.8571160335532,2.85711,2.85711,-8.448354582184786,-9.441014103567994,114.44886347365096,111.1299527066814,-3.318910766969566,356.68108923303043,116.68108923303043
260516_2dsweep_noplunger,sim,f_2pi3,sim,S21,offset_nan,07_3_TDS-body_Novel-2Dsweep-260516_44.s2p,07_3_TDS-body_Novel-2Dsweep-260516_45.s2p,,,2.8571160335532,2.85711,2.85711,-9.441014103567994,-10.34225011448353,111.1299527066814,108.40729975486761,-2.722652951813785,357.27734704818624,117.27734704818624
260516_2dsweep_noplunger,sim,f_2pi3,sim,S21,offset_nan,07_3_TDS-body_Novel-2Dsweep-260516_45.s2p,07_3_TDS-body_Novel-2Dsweep-260516_46.s2p,,,2.8571160335532,2.85711,2.85711,-10.34225011448353,-1.311619785445761,108.40729975486761,154.06644443634718,45.659144681479575,45.659144681479575,-194.34085531852043
260516_2dsweep_noplunger,sim,f_2pi3,sim,S21,offset_nan,07_3_TDS-body_Novel-2Dsweep-260516_46.s2p,07_3_TDS-body_Novel-2Dsweep-260516_47.s2p,,,2.8571160335532,2.85711,2.85711,-1.311619785445761,-2.4982253938638803,154.06644443634718,142.15204466027896,-11.914399776068223,348.0856002239318,108.0856002239318
260516_2dsweep_noplunger,sim,f_2pi3,sim,S21,offset_nan,07_3_TDS-body_Novel-2Dsweep-260516_47.s2p,07_3_TDS-body_Novel-2Dsweep-260516_48.s2p,,,2.8571160335532,2.85711,2.85711,-2.4982253938638803,-3.8399259480082253,142.15204466027896,132.49777466404794,-9.654269996231022,350.34573000376895,110.34573000376895
260516_2dsweep_noplunger,sim,f_2pi3,sim,S21,offset_nan,07_3_TDS-body_Novel-2Dsweep-260516_48.s2p,07_3_TDS-body_Novel-2Dsweep-260516_49.s2p,,,2.8571160335532,2.85711,2.85711,-3.8399259480082253,-5.136009094942654,132.49777466404794,125.19808253555101,-7.299692128496929,352.70030787150307,112.70030787150307
260516_2dsweep_noplunger,sim,f_2pi3,sim,S21,offset_nan,07_3_TDS-body_Novel-2Dsweep-260516_49.s2p,07_3_TDS-body_Novel-2Dsweep-260516_5.s2p,,,2.8571160335532,2.85711,2.85711,-5.136009094942654,-6.967844092447564,125.19808253555101,135.4453449194414,10.247262383890387,10.247262383890387,-229.7527376161096
260516_2dsweep_noplunger,sim,f_2pi3,sim,S21,offset_nan,07_3_TDS-body_Novel-2Dsweep-260516_5.s2p,07_3_TDS-body_Novel-2Dsweep-260516_50.s2p,,,2.8571160335532,2.85711,2.85711,-6.967844092447564,-6.356369620586058,135.4453449194414,119.5062269522302,-15.939117967211189,344.0608820327888,104.06088203278881
260516_2dsweep_noplunger,sim,f_2pi3,sim,S21,offset_nan,07_3_TDS-body_Novel-2Dsweep-260516_50.s2p,07_3_TDS-body_Novel-2Dsweep-260516_51.s2p,,,2.8571160335532,2.85711,2.85711,-6.356369620586058,-7.516852583865568,119.5062269522302,114.88772478412257,-4.618502168107625,355.3814978318924,115.38149783189237
260516_2dsweep_noplunger,sim,f_2pi3,sim,S21,offset_nan,07_3_TDS-body_Novel-2Dsweep-260516_51.s2p,07_3_TDS-body_Novel-2Dsweep-260516_52.s2p,,,2.8571160335532,2.85711,2.85711,-7.516852583865568,-8.586289499915583,114.88772478412257,111.18375001319727,-3.7039747709252993,356.2960252290747,116.2960252290747
260516_2dsweep_noplunger,sim,f_2pi3,sim,S21,offset_nan,07_3_TDS-body_Novel-2Dsweep-260516_52.s2p,07_3_TDS-body_Novel-2Dsweep-260516_53.s2p,,,2.8571160335532,2.85711,2.85711,-8.586289499915583,-9.53863868724438,111.18375001319727,108.2120490915973,-2.971700921599961,357.02829907840004,117.02829907840004
260516_2dsweep_noplunger,sim,f_2pi3,sim,S21,offset_nan,07_3_TDS-body_Novel-2Dsweep-260516_53.s2p,07_3_TDS-body_Novel-2Dsweep-260516_54.s2p,,,2.8571160335532,2.85711,2.85711,-9.53863868724438,-10.417262596158443,108.2120490915973,105.72059403634502,-2.4914550552522883,357.5085449447477,117.50854494474771
260516_2dsweep_noplunger,sim,f_2pi3,sim,S21,offset_nan,07_3_TDS-body_Novel-2Dsweep-260516_54.s2p,07_3_TDS-body_Novel-2Dsweep-260516_55.s2p,,,2.8571160335532,2.85711,2.85711,-10.417262596158443,-1.4869848325607689,105.72059403634502,147.81772031356365,42.09712627721865,42.09712627721865,-197.90287372278135
260516_2dsweep_noplunger,sim,f_2pi3,sim,S21,offset_nan,07_3_TDS-body_Novel-2Dsweep-260516_55.s2p,07_3_TDS-body_Novel-2Dsweep-260516_56.s2p,,,2.8571160335532,2.85711,2.85711,-1.4869848325607689,-2.8477532558311736,147.81772031356365,135.75625820080256,-12.061462112761092,347.9385378872389,107.93853788723891
260516_2dsweep_noplunger,sim,f_2pi3,sim,S21,offset_nan,07_3_TDS-body_Novel-2Dsweep-260516_56.s2p,07_3_TDS-body_Novel-2Dsweep-260516_57.s2p,,,2.8571160335532,2.85711,2.85711,-2.8477532558311736,-4.160156604081363,135.75625820080256,127.21185035198646,-8.544407848816093,351.4555921511839,111.45559215118391
260516_2dsweep_noplunger,sim,f_2pi3,sim,S21,offset_nan,07_3_TDS-body_Novel-2Dsweep-260516_57.s2p,07_3_TDS-body_Novel-2Dsweep-260516_58.s2p,,,2.8571160335532,2.85711,2.85711,-4.160156604081363,-5.457466797958126,127.21185035198646,120.50919273969333,-6.702657612293137,353.29734238770686,113.29734238770686
260516_2dsweep_noplunger,sim,f_2pi3,sim,S21,offset_nan,07_3_TDS-body_Novel-2Dsweep-260516_58.s2p,07_3_TDS-body_Novel-2Dsweep-260516_59.s2p,,,2.8571160335532,2.85711,2.85711,-5.457466797958126,-6.647477101424222,120.50919273969333,115.39558918509674,-5.11360355459658,354.8863964454034,114.88639644540342
260516_2dsweep_noplunger,sim,f_2pi3,sim,S21,offset_nan,07_3_TDS-body_Novel-2Dsweep-260516_59.s2p,07_3_TDS-body_Novel-2Dsweep-260516_6.s2p,,,2.8571160335532,2.85711,2.85711,-6.647477101424222,-8.135230338981023,115.39558918509674,129.6277355569228,14.232146371826047,14.232146371826047,-225.76785362817395
260516_2dsweep_noplunger,sim,f_2pi3,sim,S21,offset_nan,07_3_TDS-body_Novel-2Dsweep-260516_6.s2p,07_3_TDS-body_Novel-2Dsweep-260516_60.s2p,,,2.8571160335532,2.85711,2.85711,-8.135230338981023,-7.760313210270249,129.6277355569228,111.32277118144253,-18.304964375480267,341.69503562451973,101.69503562451973
260516_2dsweep_noplunger,sim,f_2pi3,sim,S21,offset_nan,07_3_TDS-body_Novel-2Dsweep-260516_60.s2p,07_3_TDS-body_Novel-2Dsweep-260516_61.s2p,,,2.8571160335532,2.85711,2.85711,-7.760313210270249,-8.780393324026733,111.32277118144253,108.03651815621875,-3.2862530252238003,356.7137469747762,116.7137469747762
260516_2dsweep_noplunger,sim,f_2pi3,sim,S21,offset_nan,07_3_TDS-body_Novel-2Dsweep-260516_61.s2p,07_3_TDS-body_Novel-2Dsweep-260516_62.s2p,,,2.8571160335532,2.85711,2.85711,-8.780393324026733,-9.694237182952678,108.03651815621875,105.32634818213778,-2.7101699740809693,357.28983002591906,117.28983002591906
260516_2dsweep_noplunger,sim,f_2pi3,sim,S21,offset_nan,07_3_TDS-body_Novel-2Dsweep-260516_62.s2p,07_3_TDS-body_Novel-2Dsweep-260516_63.s2p,,,2.8571160335532,2.85711,2.85711,-9.694237182952678,-10.554957349051357,105.32634818213778,103.03321441141212,-2.2931337707256603,357.70686622927434,117.70686622927434
260516_2dsweep_noplunger,sim,f_2pi3,sim,S21,offset_nan,07_3_TDS-body_Novel-2Dsweep-260516_63.s2p,07_3_TDS-body_Novel-2Dsweep-260516_64.s2p,,,2.8571160335532,2.85711,2.85711,-10.554957349051357,-1.9429205838798533,103.03321441141212,139.8827943319902,36.849579920578094,36.849579920578094,-203.1504200794219
260516_2dsweep_noplunger,sim,f_2pi3,sim,S21,offset_nan,07_3_TDS-body_Novel-2Dsweep-260516_64.s2p,07_3_TDS-body_Novel-2Dsweep-260516_65.s2p,,,2.8571160335532,2.85711,2.85711,-1.9429205838798533,-3.280152868571143,139.8827943319902,129.5107418687966,-10.372052463193597,349.6279475368064,109.6279475368064
260516_2dsweep_noplunger,sim,f_2pi3,sim,S21,offset_nan,07_3_TDS-body_Novel-2Dsweep-260516_65.s2p,07_3_TDS-body_Novel-2Dsweep-260516_66.s2p,,,2.8571160335532,2.85711,2.85711,-3.280152868571143,-4.638659812435875,129.5107418687966,121.66376066438937,-7.8469812044072285,352.15301879559274,112.15301879559274
260516_2dsweep_noplunger,sim,f_2pi3,sim,S21,offset_nan,07_3_TDS-body_Novel-2Dsweep-260516_66.s2p,07_3_TDS-body_Novel-2Dsweep-260516_67.s2p,,,2.8571160335532,2.85711,2.85711,-4.638659812435875,-5.887868535853233,121.66376066438937,115.8128537170067,-5.8509069473826685,354.14909305261733,114.14909305261733
260516_2dsweep_noplunger,sim,f_2pi3,sim,S21,offset_nan,07_3_TDS-body_Novel-2Dsweep-260516_67.s2p,07_3_TDS-body_Novel-2Dsweep-260516_68.s2p,,,2.8571160335532,2.85711,2.85711,-5.887868535853233,-6.989677112940256,115.8128537170067,111.4334166062945,-4.379437110712217,355.6205628892878,115.62056288928778
260516_2dsweep_noplunger,sim,f_2pi3,sim,S21,offset_nan,07_3_TDS-body_Novel-2Dsweep-260516_68.s2p,07_3_TDS-body_Novel-2Dsweep-260516_69.s2p,,,2.8571160335532,2.85711,2.85711,-6.989677112940256,-8.12089545466485,111.4334166062945,107.61809505305796,-3.8153215532365437,356.1846784467634,116.18467844676343
260516_2dsweep_noplunger,sim,f_2pi3,sim,S21,offset_nan,07_3_TDS-body_Novel-2Dsweep-260516_69.s2p,07_3_TDS-body_Novel-2Dsweep-260516_7.s2p,,,2.8571160335532,2.85711,2.85711,-8.12089545466485,-9.224036221238572,107.61809505305796,124.82219506662611,17.204100013568166,17.204100013568166,-222.79589998643183
260516_2dsweep_noplunger,sim,f_2pi3,sim,S21,offset_nan,07_3_TDS-body_Novel-2Dsweep-260516_7.s2p,07_3_TDS-body_Novel-2Dsweep-260516_70.s2p,,,2.8571160335532,2.85711,2.85711,-9.224036221238572,-9.073686076303751,124.82219506662611,104.75789953397492,-20.064295532651187,339.93570446734884,99.93570446734884
260516_2dsweep_noplunger,sim,f_2pi3,sim,S21,offset_nan,07_3_TDS-body_Novel-2Dsweep-260516_70.s2p,07_3_TDS-body_Novel-2Dsweep-260516_71.s2p,,,2.8571160335532,2.85711,2.85711,-9.073686076303751,-9.963181881908996,104.75789953397492,102.36057584747141,-2.397323686503512,357.6026763134965,117.60267631349649
260516_2dsweep_noplunger,sim,f_2pi3,sim,S21,offset_nan,07_3_TDS-body_Novel-2Dsweep-260516_71.s2p,07_3_TDS-body_Novel-2Dsweep-260516_72.s2p,,,2.8571160335532,2.85711,2.85711,-9.963181881908996,-10.742866852793023,102.36057584747141,100.41434077780974,-1.9462350696616681,358.05376493033833,118.05376493033833
260516_2dsweep_noplunger,sim,f_2pi3,sim,S21,offset_nan,07_3_TDS-body_Novel-2Dsweep-260516_72.s2p,07_3_TDS-body_Novel-2Dsweep-260516_73.s2p,,,2.8571160335532,2.85711,2.85711,-10.742866852793023,-2.538155293452331,100.41434077780974,131.8864269754087,31.47208619759897,31.47208619759897,-208.52791380240103
260516_2dsweep_noplunger,sim,f_2pi3,sim,S21,offset_nan,07_3_TDS-body_Novel-2Dsweep-260516_73.s2p,07_3_TDS-body_Novel-2Dsweep-260516_74.s2p,,,2.8571160335532,2.85711,2.85711,-2.538155293452331,-3.9115905984741657,131.8864269754087,122.86099205519514,-9.02543492021357,350.97456507978643,110.97456507978643
260516_2dsweep_noplunger,sim,f_2pi3,sim,S21,offset_nan,07_3_TDS-body_Novel-2Dsweep-260516_74.s2p,07_3_TDS-body_Novel-2Dsweep-260516_75.s2p,,,2.8571160335532,2.85711,2.85711,-3.9115905984741657,-5.270569236805716,122.86099205519514,115.96088663792625,-6.90010541726889,353.0998945827311,113.09989458273111
260516_2dsweep_noplunger,sim,f_2pi3,sim,S21,offset_nan,07_3_TDS-body_Novel-2Dsweep-260516_75.s2p,07_3_TDS-body_Novel-2Dsweep-260516_76.s2p,,,2.8571160335532,2.85711,2.85711,-5.270569236805716,-6.476852092061614,115.96088663792625,110.96689207081364,-4.9939945671126225,355.0060054328874,115.00600543288738
260516_2dsweep_noplunger,sim,f_2pi3,sim,S21,offset_nan,07_3_TDS-body_Novel-2Dsweep-260516_76.s2p,07_3_TDS-body_Novel-2Dsweep-260516_77.s2p,,,2.8571160335532,2.85711,2.85711,-6.476852092061614,-7.533571614080636,110.96689207081364,107.22483850026046,-3.742053570553196,356.2579464294468,116.2579464294468
260516_2dsweep_noplunger,sim,f_2pi3,sim,S21,offset_nan,07_3_TDS-body_Novel-2Dsweep-260516_77.s2p,07_3_TDS-body_Novel-2Dsweep-260516_78.s2p,,,2.8571160335532,2.85711,2.85711,-7.533571614080636,-8.561594524611507,107.22483850026046,104.03036977923756,-3.1944687210229006,356.8055312789771,116.80553127897713
260516_2dsweep_noplunger,sim,f_2pi3,sim,S21,offset_nan,07_3_TDS-body_Novel-2Dsweep-260516_78.s2p,07_3_TDS-body_Novel-2Dsweep-260516_79.s2p,,,2.8571160335532,2.85711,2.85711,-8.561594524611507,-9.49550994627131,104.03036977923756,101.46335695711747,-2.567012822120091,357.4329871778799,117.43298717787991
260516_2dsweep_noplunger,sim,f_2pi3,sim,S21,offset_nan,07_3_TDS-body_Novel-2Dsweep-260516_79.s2p,07_3_TDS-body_Novel-2Dsweep-260516_8.s2p,,,2.8571160335532,2.85711,2.85711,-9.49550994627131,-10.303628736531092,101.46335695711747,120.64526970069744,19.18191274357997,19.18191274357997,-220.81808725642003
260516_2dsweep_noplunger,sim,f_2pi3,sim,S21,offset_nan,07_3_TDS-body_Novel-2Dsweep-260516_8.s2p,07_3_TDS-body_Novel-2Dsweep-260516_80.s2p,,,2.8571160335532,2.85711,2.85711,-10.303628736531092,-10.279324419218598,120.64526970069744,99.61003201951043,-21.035237681187027,338.964762318813,98.96476231881297
260516_2dsweep_noplunger,sim,f_2pi3,sim,S21,offset_nan,07_3_TDS-body_Novel-2Dsweep-260516_80.s2p,07_3_TDS-body_Novel-2Dsweep-260516_81.s2p,,,2.8571160335532,2.85711,2.85711,-10.279324419218598,-11.069613667515947,99.61003201951043,97.69147355630422,-1.9185584632062103,358.0814415367938,118.08144153679382
260516_2dsweep_noplunger,sim,f_2pi3,sim,S21,offset_nan,07_3_TDS-body_Novel-2Dsweep-260516_81.s2p,07_3_TDS-body_Novel-2Dsweep-260516_82.s2p,,,2.8571160335532,2.85711,2.85711,-11.069613667515947,-3.369950031929317,97.69147355630422,123.63539266281123,25.943919106506996,25.943919106506996,-214.056080893493
260516_2dsweep_noplunger,sim,f_2pi3,sim,S21,offset_nan,07_3_TDS-body_Novel-2Dsweep-260516_82.s2p,07_3_TDS-body_Novel-2Dsweep-260516_83.s2p,,,2.8571160335532,2.85711,2.85711,-3.369950031929317,-4.6951991456989335,123.63539266281123,116.33641738158526,-7.298975281225978,352.701024718774,112.70102471877402
260516_2dsweep_noplunger,sim,f_2pi3,sim,S21,offset_nan,07_3_TDS-body_Novel-2Dsweep-260516_83.s2p,07_3_TDS-body_Novel-2Dsweep-260516_84.s2p,,,2.8571160335532,2.85711,2.85711,-4.6951991456989335,-5.903333954604278,116.33641738158526,110.97693062624671,-5.359486755338537,354.64051324466146,114.64051324466146
260516_2dsweep_noplunger,sim,f_2pi3,sim,S21,offset_nan,07_3_TDS-body_Novel-2Dsweep-260516_84.s2p,07_3_TDS-body_Novel-2Dsweep-260516_85.s2p,,,2.8571160335532,2.85711,2.85711,-5.903333954604278,-7.169160794416092,110.97693062624671,106.30350083164961,-4.673429794597098,355.3265702054029,115.3265702054029
260516_2dsweep_noplunger,sim,f_2pi3,sim,S21,offset_nan,07_3_TDS-body_Novel-2Dsweep-260516_85.s2p,07_3_TDS-body_Novel-2Dsweep-260516_86.s2p,,,2.8571160335532,2.85711,2.85711,-7.169160794416092,-8.213220260529368,106.30350083164961,103.004343049272,-3.2991577823776197,356.7008422176224,116.70084221762238
260516_2dsweep_noplunger,sim,f_2pi3,sim,S21,offset_nan,07_3_TDS-body_Novel-2Dsweep-260516_86.s2p,07_3_TDS-body_Novel-2Dsweep-260516_87.s2p,,,2.8571160335532,2.85711,2.85711,-8.213220260529368,-9.117409404702126,103.004343049272,100.48014955321622,-2.524193496055773,357.4758065039442,117.47580650394423
260516_2dsweep_noplunger,sim,f_2pi3,sim,S21,offset_nan,07_3_TDS-body_Novel-2Dsweep-260516_87.s2p,07_3_TDS-body_Novel-2Dsweep-260516_88.s2p,,,2.8571160335532,2.85711,2.85711,-9.117409404702126,-9.970704950417316,100.48014955321622,98.3358054089022,-2.1443441443140046,357.855655855686,117.855655855686
260516_2dsweep_noplunger,sim,f_2pi3,sim,S21,offset_nan,07_3_TDS-body_Novel-2Dsweep-260516_88.s2p,07_3_TDS-body_Novel-2Dsweep-260516_89.s2p,,,2.8571160335532,2.85711,2.85711,-9.970704950417316,-10.71415972062001,98.3358054089022,96.61574145827058,-1.7200639506316406,358.27993604936836,118.27993604936836
260516_2dsweep_noplunger,sim,f_2pi3,sim,S21,offset_nan,07_3_TDS-body_Novel-2Dsweep-260516_89.s2p,07_3_TDS-body_Novel-2Dsweep-260516_9.s2p,,,2.8571160335532,2.85711,2.85711,-10.71415972062001,-11.241329413168268,96.61574145827058,117.27927567301182,20.663534214741247,20.663534214741247,-219.33646578525875
260516_2dsweep_noplunger,sim,f_2pi3,sim,S21,offset_nan,07_3_TDS-body_Novel-2Dsweep-260516_9.s2p,07_3_TDS-body_Novel-2Dsweep-260516_90.s2p,,,2.8571160335532,2.85711,2.85711,-11.241329413168268,-11.415518560581695,117.27927567301182,95.12349027307269,-22.155785399939134,337.84421460006087,97.84421460006087
260516_2dsweep_noplunger,sim,f_2pi3,sim,S21,offset_nan,07_3_TDS-body_Novel-2Dsweep-260516_90.s2p,07_3_TDS-body_Novel-2Dsweep-260516_91.s2p,,,2.8571160335532,2.85711,2.85711,-11.415518560581695,-4.6301438254716185,95.12349027307269,114.56578509862186,19.44229482554917,19.44229482554917,-220.55770517445083
260516_2dsweep_noplunger,sim,f_2pi3,sim,S21,offset_nan,07_3_TDS-body_Novel-2Dsweep-260516_91.s2p,07_3_TDS-body_Novel-2Dsweep-260516_92.s2p,,,2.8571160335532,2.85711,2.85711,-4.6301438254716185,-6.005257229047559,114.56578509862186,108.44166703212474,-6.124118066497118,353.8758819335029,113.87588193350291
260516_2dsweep_noplunger,sim,f_2pi3,sim,S21,offset_nan,07_3_TDS-body_Novel-2Dsweep-260516_92.s2p,07_3_TDS-body_Novel-2Dsweep-260516_93.s2p,,,2.8571160335532,2.85711,2.85711,-6.005257229047559,-7.08414673894144,108.44166703212474,104.6083533228156,-3.8333137093091523,356.16668629069085,116.16668629069085
260516_2dsweep_noplunger,sim,f_2pi3,sim,S21,offset_nan,07_3_TDS-body_Novel-2Dsweep-260516_93.s2p,07_3_TDS-body_Novel-2Dsweep-260516_94.s2p,,,2.8571160335532,2.85711,2.85711,-7.08414673894144,-7.97559599609586,104.6083533228156,101.83719930268482,-2.77115402013078,357.2288459798692,117.22884597986922
260516_2dsweep_noplunger,sim,f_2pi3,sim,S21,offset_nan,07_3_TDS-body_Novel-2Dsweep-260516_94.s2p,07_3_TDS-body_Novel-2Dsweep-260516_95.s2p,,,2.8571160335532,2.85711,2.85711,-7.97559599609586,-8.909885828784713,101.83719930268482,99.2146114305662,-2.622587872118629,357.37741212788137,117.37741212788137
260516_2dsweep_noplunger,sim,f_2pi3,sim,S21,offset_nan,07_3_TDS-body_Novel-2Dsweep-260516_95.s2p,07_3_TDS-body_Novel-2Dsweep-260516_96.s2p,,,2.8571160335532,2.85711,2.85711,-8.909885828784713,-9.752344378476629,99.2146114305662,97.09483142364263,-2.119780006923577,357.8802199930764,117.88021999307642
260516_2dsweep_noplunger,sim,f_2pi3,sim,S21,offset_nan,07_3_TDS-body_Novel-2Dsweep-260516_96.s2p,07_3_TDS-body_Novel-2Dsweep-260516_97.s2p,,,2.8571160335532,2.85711,2.85711,-9.752344378476629,-10.379945791412348,97.09483142364263,95.65246811792592,-1.4423633057166967,358.5576366942833,118.5576366942833
260516_2dsweep_noplunger,sim,f_2pi3,sim,S21,offset_nan,07_3_TDS-body_Novel-2Dsweep-260516_97.s2p,07_3_TDS-body_Novel-2Dsweep-260516_98.s2p,,,2.8571160335532,2.85711,2.85711,-10.379945791412348,-11.093324250797414,95.65246811792592,94.11786405681029,-1.5346040611156297,358.4653959388844,118.4653959388844
260516_2dsweep_noplunger,sim,f_2pi3,sim,S21,offset_nan,07_3_TDS-body_Novel-2Dsweep-260516_98.s2p,07_3_TDS-body_Novel-2Dsweep-260516_99.s2p,,,2.8571160335532,2.85711,2.85711,-11.093324250797414,-11.734789585063961,94.11786405681029,92.82571095021164,-1.2921531065986471,358.7078468934013,118.70784689340132
260516_2dsweep_noplunger,sim,f_2pi3,sim,S22,offset_nan,07_3_TDS-body_Novel-2Dsweep-260516_1.s2p,07_3_TDS-body_Novel-2Dsweep-260516_10.s2p,,,2.8571160335532,2.85711,2.85711,-4.21914964733969,-4.75011685013861,84.69144378225563,81.0605793830651,-3.6308643991905285,356.3691356008095,116.3691356008095
260516_2dsweep_noplunger,sim,f_2pi3,sim,S22,offset_nan,07_3_TDS-body_Novel-2Dsweep-260516_10.s2p,07_3_TDS-body_Novel-2Dsweep-260516_100.s2p,,,2.8571160335532,2.85711,2.85711,-4.75011685013861,-1.500811755980862,81.0605793830651,19.489750123515112,-61.570829259549996,298.42917074045,58.42917074044999
260516_2dsweep_noplunger,sim,f_2pi3,sim,S22,offset_nan,07_3_TDS-body_Novel-2Dsweep-260516_100.s2p,07_3_TDS-body_Novel-2Dsweep-260516_101.s2p,,,2.8571160335532,2.85711,2.85711,-1.500811755980862,-1.0660256989660595,19.489750123515112,14.518220231051462,-4.97152989246365,355.02847010753635,115.02847010753635
260516_2dsweep_noplunger,sim,f_2pi3,sim,S22,offset_nan,07_3_TDS-body_Novel-2Dsweep-260516_101.s2p,07_3_TDS-body_Novel-2Dsweep-260516_102.s2p,,,2.8571160335532,2.85711,2.85711,-1.0660256989660595,-0.8068738166167011,14.518220231051462,10.9439665403821,-3.574253690669366,356.42574630933063,116.42574630933063
260516_2dsweep_noplunger,sim,f_2pi3,sim,S22,offset_nan,07_3_TDS-body_Novel-2Dsweep-260516_102.s2p,07_3_TDS-body_Novel-2Dsweep-260516_103.s2p,,,2.8571160335532,2.85711,2.85711,-0.8068738166167011,-0.6345887552462915,10.9439665403821,8.201580120090034,-2.742386420292064,357.25761357970794,117.25761357970794
260516_2dsweep_noplunger,sim,f_2pi3,sim,S22,offset_nan,07_3_TDS-body_Novel-2Dsweep-260516_103.s2p,07_3_TDS-body_Novel-2Dsweep-260516_104.s2p,,,2.8571160335532,2.85711,2.85711,-0.6345887552462915,-0.26822225497843283,8.201580120090034,0.45176677473272403,-7.749813345357296,352.2501866546427,112.25018665464268
260516_2dsweep_noplunger,sim,f_2pi3,sim,S22,offset_nan,07_3_TDS-body_Novel-2Dsweep-260516_104.s2p,07_3_TDS-body_Novel-2Dsweep-260516_105.s2p,,,2.8571160335532,2.85711,2.85711,-0.26822225497843283,-0.8147091511475612,0.45176677473272403,9.147745525482609,8.695978750749873,8.695978750749873,-231.30402124925013
260516_2dsweep_noplunger,sim,f_2pi3,sim,S22,offset_nan,07_3_TDS-body_Novel-2Dsweep-260516_105.s2p,07_3_TDS-body_Novel-2Dsweep-260516_106.s2p,,,2.8571160335532,2.85711,2.85711,-0.8147091511475612,-0.6202639513888671,9.147745525482609,6.5063911916257595,-2.641354333856839,357.35864566614316,117.35864566614316
260516_2dsweep_noplunger,sim,f_2pi3,sim,S22,offset_nan,07_3_TDS-body_Novel-2Dsweep-260516_106.s2p,07_3_TDS-body_Novel-2Dsweep-260516_107.s2p,,,2.8571160335532,2.85711,2.85711,-0.6202639513888671,-0.41552352501922063,6.5063911916257595,2.6220876881793975,-3.8843035034463753,356.1156964965536,116.1156964965536
260516_2dsweep_noplunger,sim,f_2pi3,sim,S22,offset_nan,07_3_TDS-body_Novel-2Dsweep-260516_107.s2p,07_3_TDS-body_Novel-2Dsweep-260516_108.s2p,,,2.8571160335532,2.85711,2.85711,-0.41552352501922063,-0.35293660369013263,2.6220876881793975,1.2379603302282745,-1.3841273579511153,358.6158726420489,118.61587264204888
260516_2dsweep_noplunger,sim,f_2pi3,sim,S22,offset_nan,07_3_TDS-body_Novel-2Dsweep-260516_108.s2p,07_3_TDS-body_Novel-2Dsweep-260516_109.s2p,,,2.8571160335532,2.85711,2.85711,-0.35293660369013263,-0.3049315813909646,1.2379603302282745,0.08277808277253773,-1.1551822474557412,358.84481775254426,118.84481775254426
260516_2dsweep_noplunger,sim,f_2pi3,sim,S22,offset_nan,07_3_TDS-body_Novel-2Dsweep-260516_109.s2p,07_3_TDS-body_Novel-2Dsweep-260516_11.s2p,,,2.8571160335532,2.85711,2.85711,-0.3049315813909646,-3.1044117614420914,0.08277808277253773,68.3699204258236,68.28714234305107,68.28714234305107,-171.71285765694893
260516_2dsweep_noplunger,sim,f_2pi3,sim,S22,offset_nan,07_3_TDS-body_Novel-2Dsweep-260516_11.s2p,07_3_TDS-body_Novel-2Dsweep-260516_110.s2p,,,2.8571160335532,2.85711,2.85711,-3.1044117614420914,-0.2655822142759311,68.3699204258236,-0.9787595967422313,-69.34868002256583,290.6513199774342,50.651319977434184
260516_2dsweep_noplunger,sim,f_2pi3,sim,S22,offset_nan,07_3_TDS-body_Novel-2Dsweep-260516_110.s2p,07_3_TDS-body_Novel-2Dsweep-260516_111.s2p,,,2.8571160335532,2.85711,2.85711,-0.2655822142759311,-0.22200673482171285,-0.9787595967422313,-2.2215292944787257,-1.2427696977364917,358.7572303022635,118.75723030226351
260516_2dsweep_noplunger,sim,f_2pi3,sim,S22,offset_nan,07_3_TDS-body_Novel-2Dsweep-260516_111.s2p,07_3_TDS-body_Novel-2Dsweep-260516_112.s2p,,,2.8571160335532,2.85711,2.85711,-0.22200673482171285,-0.5111038980931749,-2.2215292944787257,5.969826605322841,8.191355899801579,8.191355899801579,-231.80864410019842
260516_2dsweep_noplunger,sim,f_2pi3,sim,S22,offset_nan,07_3_TDS-body_Novel-2Dsweep-260516_112.s2p,07_3_TDS-body_Novel-2Dsweep-260516_113.s2p,,,2.8571160335532,2.85711,2.85711,-0.5111038980931749,-0.42461162275176517,5.969826605322841,4.223751175838527,-1.746075429484307,358.25392457051566,118.25392457051566
260516_2dsweep_noplunger,sim,f_2pi3,sim,S22,offset_nan,07_3_TDS-body_Novel-2Dsweep-260516_113.s2p,07_3_TDS-body_Novel-2Dsweep-260516_114.s2p,,,2.8571160335532,2.85711,2.85711,-0.42461162275176517,-0.35891792081602697,4.223751175838527,2.7541086986879066,-1.4696424771506145,358.5303575228494,118.53035752284939
260516_2dsweep_noplunger,sim,f_2pi3,sim,S22,offset_nan,07_3_TDS-body_Novel-2Dsweep-260516_114.s2p,07_3_TDS-body_Novel-2Dsweep-260516_115.s2p,,,2.8571160335532,2.85711,2.85711,-0.35891792081602697,-0.30830987572973045,2.7541086986879066,1.5238022892267797,-1.2303064094611216,358.76969359053885,118.76969359053885
260516_2dsweep_noplunger,sim,f_2pi3,sim,S22,offset_nan,07_3_TDS-body_Novel-2Dsweep-260516_115.s2p,07_3_TDS-body_Novel-2Dsweep-260516_116.s2p,,,2.8571160335532,2.85711,2.85711,-0.30830987572973045,-1.0479626342890715,1.5238022892267797,12.777256759575941,11.253454470349169,11.253454470349169,-228.74654552965083
260516_2dsweep_noplunger,sim,f_2pi3,sim,S22,offset_nan,07_3_TDS-body_Novel-2Dsweep-260516_116.s2p,07_3_TDS-body_Novel-2Dsweep-260516_117.s2p,,,2.8571160335532,2.85711,2.85711,-1.0479626342890715,-0.49966352209441706,12.777256759575941,4.333478336196941,-8.443778423379001,351.556221576621,111.556221576621
260516_2dsweep_noplunger,sim,f_2pi3,sim,S22,offset_nan,07_3_TDS-body_Novel-2Dsweep-260516_117.s2p,07_3_TDS-body_Novel-2Dsweep-260516_12.s2p,,,2.8571160335532,2.85711,2.85711,-0.49966352209441706,-2.1075902798362867,4.333478336196941,57.95652449574526,53.62304615954832,53.62304615954832,-186.37695384045168
260516_2dsweep_noplunger,sim,f_2pi3,sim,S22,offset_nan,07_3_TDS-body_Novel-2Dsweep-260516_12.s2p,07_3_TDS-body_Novel-2Dsweep-260516_13.s2p,,,2.8571160335532,2.85711,2.85711,-2.1075902798362867,-1.4555697285324398,57.95652449574526,49.43753050607635,-8.5189939896689,351.4810060103311,111.4810060103311
260516_2dsweep_noplunger,sim,f_2pi3,sim,S22,offset_nan,07_3_TDS-body_Novel-2Dsweep-260516_13.s2p,07_3_TDS-body_Novel-2Dsweep-260516_14.s2p,,,2.8571160335532,2.85711,2.85711,-1.4555697285324398,-1.0352341640603737,49.43753050607635,42.382663783002364,-7.054866723073985,352.945133276926,112.94513327692601
260516_2dsweep_noplunger,sim,f_2pi3,sim,S22,offset_nan,07_3_TDS-body_Novel-2Dsweep-260516_14.s2p,07_3_TDS-body_Novel-2Dsweep-260516_15.s2p,,,2.8571160335532,2.85711,2.85711,-1.0352341640603737,-0.7663950665522988,42.382663783002364,36.73360268069001,-5.649061102312345,354.3509388976877,114.35093889768768
260516_2dsweep_noplunger,sim,f_2pi3,sim,S22,offset_nan,07_3_TDS-body_Novel-2Dsweep-260516_15.s2p,07_3_TDS-body_Novel-2Dsweep-260516_16.s2p,,,2.8571160335532,2.85711,2.85711,-0.7663950665522988,-0.582626753891979,36.73360268069001,32.1149050896024,-4.618697591087596,355.3813024089124,115.3813024089124
260516_2dsweep_noplunger,sim,f_2pi3,sim,S22,offset_nan,07_3_TDS-body_Novel-2Dsweep-260516_16.s2p,07_3_TDS-body_Novel-2Dsweep-260516_17.s2p,,,2.8571160335532,2.85711,2.85711,-0.582626753891979,-0.45314371372109885,32.1149050896024,28.23169066294862,-3.8832144266537796,356.1167855733462,116.11678557334619
260516_2dsweep_noplunger,sim,f_2pi3,sim,S22,offset_nan,07_3_TDS-body_Novel-2Dsweep-260516_17.s2p,07_3_TDS-body_Novel-2Dsweep-260516_18.s2p,,,2.8571160335532,2.85711,2.85711,-0.45314371372109885,-0.3588047184949567,28.23169066294862,24.980850133088392,-3.250840529860227,356.7491594701398,116.74915947013977
260516_2dsweep_noplunger,sim,f_2pi3,sim,S22,offset_nan,07_3_TDS-body_Novel-2Dsweep-260516_18.s2p,07_3_TDS-body_Novel-2Dsweep-260516_19.s2p,,,2.8571160335532,2.85711,2.85711,-0.3588047184949567,-5.123808281784333,24.980850133088392,76.69511277487831,51.7142626417899,51.7142626417899,-188.2857373582101
260516_2dsweep_noplunger,sim,f_2pi3,sim,S22,offset_nan,07_3_TDS-body_Novel-2Dsweep-260516_19.s2p,07_3_TDS-body_Novel-2Dsweep-260516_2.s2p,,,2.8571160335532,2.85711,2.85711,-5.123808281784333,-2.802538520667936,76.69511277487831,71.80067747703453,-4.894435297843785,355.10556470215624,115.10556470215624
260516_2dsweep_noplunger,sim,f_2pi3,sim,S22,offset_nan,07_3_TDS-body_Novel-2Dsweep-260516_2.s2p,07_3_TDS-body_Novel-2Dsweep-260516_20.s2p,,,2.8571160335532,2.85711,2.85711,-2.802538520667936,-3.2954840317893335,71.80067747703453,64.1666765811676,-7.634000895866933,352.36599910413304,112.36599910413304
260516_2dsweep_noplunger,sim,f_2pi3,sim,S22,offset_nan,07_3_TDS-body_Novel-2Dsweep-260516_20.s2p,07_3_TDS-body_Novel-2Dsweep-260516_21.s2p,,,2.8571160335532,2.85711,2.85711,-3.2954840317893335,-2.203211434339222,64.1666765811676,54.12146844978058,-10.045208131387028,349.954791868613,109.95479186861297
260516_2dsweep_noplunger,sim,f_2pi3,sim,S22,offset_nan,07_3_TDS-body_Novel-2Dsweep-260516_21.s2p,07_3_TDS-body_Novel-2Dsweep-260516_22.s2p,,,2.8571160335532,2.85711,2.85711,-2.203211434339222,-1.5176650490121695,54.12146844978058,45.83442677891579,-8.287041670864795,351.7129583291352,111.71295832913518
260516_2dsweep_noplunger,sim,f_2pi3,sim,S22,offset_nan,07_3_TDS-body_Novel-2Dsweep-260516_22.s2p,07_3_TDS-body_Novel-2Dsweep-260516_23.s2p,,,2.8571160335532,2.85711,2.85711,-1.5176650490121695,-1.0793264792476527,45.83442677891579,39.09342934813241,-6.740997430783381,353.2590025692166,113.25900256921659
260516_2dsweep_noplunger,sim,f_2pi3,sim,S22,offset_nan,07_3_TDS-body_Novel-2Dsweep-260516_23.s2p,07_3_TDS-body_Novel-2Dsweep-260516_24.s2p,,,2.8571160335532,2.85711,2.85711,-1.0793264792476527,-0.7982198320942016,39.09342934813241,33.751648096709786,-5.341781251422617,354.6582187485774,114.65821874857738
260516_2dsweep_noplunger,sim,f_2pi3,sim,S22,offset_nan,07_3_TDS-body_Novel-2Dsweep-260516_24.s2p,07_3_TDS-body_Novel-2Dsweep-260516_25.s2p,,,2.8571160335532,2.85711,2.85711,-0.7982198320942016,-0.6025500452789885,33.751648096709786,29.265727373878374,-4.485920722831423,355.51407927716855,115.51407927716855
260516_2dsweep_noplunger,sim,f_2pi3,sim,S22,offset_nan,07_3_TDS-body_Novel-2Dsweep-260516_25.s2p,07_3_TDS-body_Novel-2Dsweep-260516_26.s2p,,,2.8571160335532,2.85711,2.85711,-0.6025500452789885,-0.4668063705987236,29.265727373878374,25.57975476606738,-3.6859726078109816,356.314027392189,116.31402739218902
260516_2dsweep_noplunger,sim,f_2pi3,sim,S22,offset_nan,07_3_TDS-body_Novel-2Dsweep-260516_26.s2p,07_3_TDS-body_Novel-2Dsweep-260516_27.s2p,,,2.8571160335532,2.85711,2.85711,-0.4668063705987236,-0.37230673579090257,25.57975476606738,22.51287592876857,-3.066878837298816,356.9331211627012,116.93312116270118
260516_2dsweep_noplunger,sim,f_2pi3,sim,S22,offset_nan,07_3_TDS-body_Novel-2Dsweep-260516_27.s2p,07_3_TDS-body_Novel-2Dsweep-260516_28.s2p,,,2.8571160335532,2.85711,2.85711,-0.37230673579090257,-6.112411919212476,22.51287592876857,75.30621587825979,52.79333994949121,52.79333994949121,-187.2066600505088
260516_2dsweep_noplunger,sim,f_2pi3,sim,S22,offset_nan,07_3_TDS-body_Novel-2Dsweep-260516_28.s2p,07_3_TDS-body_Novel-2Dsweep-260516_29.s2p,,,2.8571160335532,2.85711,2.85711,-6.112411919212476,-3.8063512259147965,75.30621587825979,62.44430462802062,-12.861911250239189,347.1380887497608,107.13808874976081
260516_2dsweep_noplunger,sim,f_2pi3,sim,S22,offset_nan,07_3_TDS-body_Novel-2Dsweep-260516_29.s2p,07_3_TDS-body_Novel-2Dsweep-260516_3.s2p,,,2.8571160335532,2.85711,2.85711,-3.8063512259147965,-1.9140583437377303,62.44430462802062,61.141572848016025,-1.302731780004592,358.6972682199954,118.69726821999541
260516_2dsweep_noplunger,sim,f_2pi3,sim,S22,offset_nan,07_3_TDS-body_Novel-2Dsweep-260516_3.s2p,07_3_TDS-body_Novel-2Dsweep-260516_30.s2p,,,2.8571160335532,2.85711,2.85711,-1.9140583437377303,-2.4953184305708414,61.141572848016025,52.10909986224998,-9.032472985766049,350.96752701423395,110.96752701423395
260516_2dsweep_noplunger,sim,f_2pi3,sim,S22,offset_nan,07_3_TDS-body_Novel-2Dsweep-260516_30.s2p,07_3_TDS-body_Novel-2Dsweep-260516_31.s2p,,,2.8571160335532,2.85711,2.85711,-2.4953184305708414,-1.6991571685110052,52.10909986224998,43.74466144185837,-8.364438420391593,351.6355615796084,111.6355615796084
260516_2dsweep_noplunger,sim,f_2pi3,sim,S22,offset_nan,07_3_TDS-body_Novel-2Dsweep-260516_31.s2p,07_3_TDS-body_Novel-2Dsweep-260516_32.s2p,,,2.8571160335532,2.85711,2.85711,-1.6991571685110052,-1.2086058185449882,43.74466144185837,37.18723009617621,-6.557431345682176,353.4425686543178,113.44256865431782
260516_2dsweep_noplunger,sim,f_2pi3,sim,S22,offset_nan,07_3_TDS-body_Novel-2Dsweep-260516_32.s2p,07_3_TDS-body_Novel-2Dsweep-260516_33.s2p,,,2.8571160335532,2.85711,2.85711,-1.2086058185449882,-0.9039855537327695,37.18723009617621,32.09769868613813,-5.0895314100380915,354.9104685899619,114.91046858996191
260516_2dsweep_noplunger,sim,f_2pi3,sim,S22,offset_nan,07_3_TDS-body_Novel-2Dsweep-260516_33.s2p,07_3_TDS-body_Novel-2Dsweep-260516_34.s2p,,,2.8571160335532,2.85711,2.85711,-0.9039855537327695,-0.6677326790892907,32.09769868613813,27.3987248119865,-4.698973874151619,355.30102612584835,115.30102612584835
260516_2dsweep_noplunger,sim,f_2pi3,sim,S22,offset_nan,07_3_TDS-body_Novel-2Dsweep-260516_34.s2p,07_3_TDS-body_Novel-2Dsweep-260516_35.s2p,,,2.8571160335532,2.85711,2.85711,-0.6677326790892907,-0.5218769966088641,27.3987248119865,23.92202460178138,-3.4767002102051094,356.5232997897949,116.52329978979492
260516_2dsweep_noplunger,sim,f_2pi3,sim,S22,offset_nan,07_3_TDS-body_Novel-2Dsweep-260516_35.s2p,07_3_TDS-body_Novel-2Dsweep-260516_36.s2p,,,2.8571160335532,2.85711,2.85711,-0.5218769966088641,-0.41613587189772405,23.92202460178138,20.941717008590693,-2.9803075931906733,357.0196924068093,117.01969240680933
260516_2dsweep_noplunger,sim,f_2pi3,sim,S22,offset_nan,07_3_TDS-body_Novel-2Dsweep-260516_36.s2p,07_3_TDS-body_Novel-2Dsweep-260516_37.s2p,,,2.8571160335532,2.85711,2.85711,-0.41613587189772405,-5.868021761040849,20.941717008590693,70.13797490739749,49.196257898806806,49.196257898806806,-190.8037421011932
260516_2dsweep_noplunger,sim,f_2pi3,sim,S22,offset_nan,07_3_TDS-body_Novel-2Dsweep-260516_37.s2p,07_3_TDS-body_Novel-2Dsweep-260516_38.s2p,,,2.8571160335532,2.85711,2.85711,-5.868021761040849,-3.7725326541946775,70.13797490739749,57.55120636936608,-12.586768538031407,347.4132314619686,107.41323146196862
260516_2dsweep_noplunger,sim,f_2pi3,sim,S22,offset_nan,07_3_TDS-body_Novel-2Dsweep-260516_38.s2p,07_3_TDS-body_Novel-2Dsweep-260516_39.s2p,,,2.8571160335532,2.85711,2.85711,-3.7725326541946775,-2.4473695350536615,57.55120636936608,47.467143195489925,-10.08406317387616,349.9159368261238,109.91593682612381
260516_2dsweep_noplunger,sim,f_2pi3,sim,S22,offset_nan,07_3_TDS-body_Novel-2Dsweep-260516_39.s2p,07_3_TDS-body_Novel-2Dsweep-260516_4.s2p,,,2.8571160335532,2.85711,2.85711,-2.4473695350536615,-1.3531468284771222,47.467143195489925,52.54424108139455,5.077097885904635,5.077097885904635,-234.92290211409536
260516_2dsweep_noplunger,sim,f_2pi3,sim,S22,offset_nan,07_3_TDS-body_Novel-2Dsweep-260516_4.s2p,07_3_TDS-body_Novel-2Dsweep-260516_40.s2p,,,2.8571160335532,2.85711,2.85711,-1.3531468284771222,-1.6721934209788856,52.54424108139455,39.61013824181815,-12.934102839576411,347.06589716042356,107.06589716042356
260516_2dsweep_noplunger,sim,f_2pi3,sim,S22,offset_nan,07_3_TDS-body_Novel-2Dsweep-260516_40.s2p,07_3_TDS-body_Novel-2Dsweep-260516_41.s2p,,,2.8571160335532,2.85711,2.85711,-1.6721934209788856,-1.1900910873914816,39.61013824181815,33.411767945416834,-6.198370296401322,353.8016297035987,113.80162970359868
260516_2dsweep_noplunger,sim,f_2pi3,sim,S22,offset_nan,07_3_TDS-body_Novel-2Dsweep-260516_41.s2p,07_3_TDS-body_Novel-2Dsweep-260516_42.s2p,,,2.8571160335532,2.85711,2.85711,-1.1900910873914816,-0.8792054938348408,33.411767945416834,28.443361545448546,-4.9684063999682735,355.0315936000317,115.03159360003173
260516_2dsweep_noplunger,sim,f_2pi3,sim,S22,offset_nan,07_3_TDS-body_Novel-2Dsweep-260516_42.s2p,07_3_TDS-body_Novel-2Dsweep-260516_43.s2p,,,2.8571160335532,2.85711,2.85711,-0.8792054938348408,-0.670664594231043,28.443361545448546,24.421744528012873,-4.021617017435688,355.9783829825643,115.97838298256431
260516_2dsweep_noplunger,sim,f_2pi3,sim,S22,offset_nan,07_3_TDS-body_Novel-2Dsweep-260516_43.s2p,07_3_TDS-body_Novel-2Dsweep-260516_44.s2p,,,2.8571160335532,2.85711,2.85711,-0.670664594231043,-0.5238724108282898,24.421744528012873,21.14098163332219,-3.2807628946906675,356.71923710530933,116.71923710530933
260516_2dsweep_noplunger,sim,f_2pi3,sim,S22,offset_nan,07_3_TDS-body_Novel-2Dsweep-260516_44.s2p,07_3_TDS-body_Novel-2Dsweep-260516_45.s2p,,,2.8571160335532,2.85711,2.85711,-0.5238724108282898,-0.4208302177749363,21.14098163332219,18.423255529291872,-2.717726104030305,357.2822738959697,117.2822738959697
260516_2dsweep_noplunger,sim,f_2pi3,sim,S22,offset_nan,07_3_TDS-body_Novel-2Dsweep-260516_45.s2p,07_3_TDS-body_Novel-2Dsweep-260516_46.s2p,,,2.8571160335532,2.85711,2.85711,-0.4208302177749363,-5.840260360382206,18.423255529291872,64.0586410587074,45.635385529415515,45.635385529415515,-194.36461447058448
260516_2dsweep_noplunger,sim,f_2pi3,sim,S22,offset_nan,07_3_TDS-body_Novel-2Dsweep-260516_46.s2p,07_3_TDS-body_Novel-2Dsweep-260516_47.s2p,,,2.8571160335532,2.85711,2.85711,-5.840260360382206,-3.5909710840050297,64.0586410587074,52.173515978588235,-11.885125080119167,348.11487491988083,108.11487491988083
260516_2dsweep_noplunger,sim,f_2pi3,sim,S22,offset_nan,07_3_TDS-body_Novel-2Dsweep-260516_47.s2p,07_3_TDS-body_Novel-2Dsweep-260516_48.s2p,,,2.8571160335532,2.85711,2.85711,-3.5909710840050297,-2.313024187202447,52.173515978588235,42.49748198987728,-9.67603398871097,350.32396601128903,110.32396601128903
260516_2dsweep_noplunger,sim,f_2pi3,sim,S22,offset_nan,07_3_TDS-body_Novel-2Dsweep-260516_48.s2p,07_3_TDS-body_Novel-2Dsweep-260516_49.s2p,,,2.8571160335532,2.85711,2.85711,-2.313024187202447,-1.589072282715596,42.49748198987728,35.19651383125567,-7.3009681586216,352.6990318413784,112.69903184137843
260516_2dsweep_noplunger,sim,f_2pi3,sim,S22,offset_nan,07_3_TDS-body_Novel-2Dsweep-260516_49.s2p,07_3_TDS-body_Novel-2Dsweep-260516_5.s2p,,,2.8571160335532,2.85711,2.85711,-1.589072282715596,-0.9747875328865931,35.19651383125567,45.474901702001304,10.278387870745632,10.278387870745632,-229.72161212925437
260516_2dsweep_noplunger,sim,f_2pi3,sim,S22,offset_nan,07_3_TDS-body_Novel-2Dsweep-260516_5.s2p,07_3_TDS-body_Novel-2Dsweep-260516_50.s2p,,,2.8571160335532,2.85711,2.85711,-0.9747875328865931,-1.14294562671666,45.474901702001304,29.48802987705862,-15.986871824942682,344.0131281750573,104.01312817505732
260516_2dsweep_noplunger,sim,f_2pi3,sim,S22,offset_nan,07_3_TDS-body_Novel-2Dsweep-260516_50.s2p,07_3_TDS-body_Novel-2Dsweep-260516_51.s2p,,,2.8571160335532,2.85711,2.85711,-1.14294562671666,-0.8454689791616525,29.48802987705862,24.899393276161994,-4.588636600896621,355.4113633991034,115.41136339910338
260516_2dsweep_noplunger,sim,f_2pi3,sim,S22,offset_nan,07_3_TDS-body_Novel-2Dsweep-260516_51.s2p,07_3_TDS-body_Novel-2Dsweep-260516_52.s2p,,,2.8571160335532,2.85711,2.85711,-0.8454689791616525,-0.6469662128459752,24.899393276161994,21.19330809492534,-3.7060851812366593,356.29391481876337,116.29391481876337
260516_2dsweep_noplunger,sim,f_2pi3,sim,S22,offset_nan,07_3_TDS-body_Novel-2Dsweep-260516_52.s2p,07_3_TDS-body_Novel-2Dsweep-260516_53.s2p,,,2.8571160335532,2.85711,2.85711,-0.6469662128459752,-0.512522819906032,21.19330809492534,18.21220205071395,-2.9811060442114012,357.0188939557886,117.0188939557886
260516_2dsweep_noplunger,sim,f_2pi3,sim,S22,offset_nan,07_3_TDS-body_Novel-2Dsweep-260516_53.s2p,07_3_TDS-body_Novel-2Dsweep-260516_54.s2p,,,2.8571160335532,2.85711,2.85711,-0.512522819906032,-0.41355301567285735,18.21220205071395,15.719176751094954,-2.4930252996190063,357.50697470038097,117.50697470038097
260516_2dsweep_noplunger,sim,f_2pi3,sim,S22,offset_nan,07_3_TDS-body_Novel-2Dsweep-260516_54.s2p,07_3_TDS-body_Novel-2Dsweep-260516_55.s2p,,,2.8571160335532,2.85711,2.85711,-0.41355301567285735,-5.348374123375674,15.719176751094954,58.06976665373685,42.3505899026419,42.3505899026419,-197.6494100973581
260516_2dsweep_noplunger,sim,f_2pi3,sim,S22,offset_nan,07_3_TDS-body_Novel-2Dsweep-260516_55.s2p,07_3_TDS-body_Novel-2Dsweep-260516_56.s2p,,,2.8571160335532,2.85711,2.85711,-5.348374123375674,-3.178374965254485,58.06976665373685,45.73973345572352,-12.330033198013325,347.6699668019867,107.66996680198667
260516_2dsweep_noplunger,sim,f_2pi3,sim,S22,offset_nan,07_3_TDS-body_Novel-2Dsweep-260516_56.s2p,07_3_TDS-body_Novel-2Dsweep-260516_57.s2p,,,2.8571160335532,2.85711,2.85711,-3.178374965254485,-2.1015710831792953,45.73973345572352,37.208466494754944,-8.531266960968566,351.46873303903146,111.46873303903146
260516_2dsweep_noplunger,sim,f_2pi3,sim,S22,offset_nan,07_3_TDS-body_Novel-2Dsweep-260516_57.s2p,07_3_TDS-body_Novel-2Dsweep-260516_58.s2p,,,2.8571160335532,2.85711,2.85711,-2.1015710831792953,-1.4540476357383296,37.208466494754944,30.505731280760717,-6.702735213994231,353.29726478600577,113.29726478600577
260516_2dsweep_noplunger,sim,f_2pi3,sim,S22,offset_nan,07_3_TDS-body_Novel-2Dsweep-260516_58.s2p,07_3_TDS-body_Novel-2Dsweep-260516_59.s2p,,,2.8571160335532,2.85711,2.85711,-1.4540476357383296,-1.0572220023523773,30.505731280760717,25.41543129529362,-5.090299985467084,354.9097000145329,114.90970001453292
260516_2dsweep_noplunger,sim,f_2pi3,sim,S22,offset_nan,07_3_TDS-body_Novel-2Dsweep-260516_59.s2p,07_3_TDS-body_Novel-2Dsweep-260516_6.s2p,,,2.8571160335532,2.85711,2.85711,-1.0572220023523773,-0.7243869497974441,25.41543129529362,39.6626265934588,14.247195298165195,14.247195298165195,-225.7528047018348
260516_2dsweep_noplunger,sim,f_2pi3,sim,S22,offset_nan,07_3_TDS-body_Novel-2Dsweep-260516_6.s2p,07_3_TDS-body_Novel-2Dsweep-260516_60.s2p,,,2.8571160335532,2.85711,2.85711,-0.7243869497974441,-0.7974275981841787,39.6626265934588,21.28985410270171,-18.372772490757086,341.6272275092429,101.62722750924291
260516_2dsweep_noplunger,sim,f_2pi3,sim,S22,offset_nan,07_3_TDS-body_Novel-2Dsweep-260516_60.s2p,07_3_TDS-body_Novel-2Dsweep-260516_61.s2p,,,2.8571160335532,2.85711,2.85711,-0.7974275981841787,-0.6201600304394388,21.28985410270171,17.99171795322037,-3.298136149481337,356.70186385051863,116.70186385051863
260516_2dsweep_noplunger,sim,f_2pi3,sim,S22,offset_nan,07_3_TDS-body_Novel-2Dsweep-260516_61.s2p,07_3_TDS-body_Novel-2Dsweep-260516_62.s2p,,,2.8571160335532,2.85711,2.85711,-0.6201600304394388,-0.49350652517391563,17.99171795322037,15.326423892668807,-2.6652940605515596,357.33470593944844,117.33470593944844
260516_2dsweep_noplunger,sim,f_2pi3,sim,S22,offset_nan,07_3_TDS-body_Novel-2Dsweep-260516_62.s2p,07_3_TDS-body_Novel-2Dsweep-260516_63.s2p,,,2.8571160335532,2.85711,2.85711,-0.49350652517391563,-0.40015243790679966,15.326423892668807,13.041960944103085,-2.284462948565732,357.71553705143424,117.71553705143424
260516_2dsweep_noplunger,sim,f_2pi3,sim,S22,offset_nan,07_3_TDS-body_Novel-2Dsweep-260516_63.s2p,07_3_TDS-body_Novel-2Dsweep-260516_64.s2p,,,2.8571160335532,2.85711,2.85711,-0.40015243790679966,-4.42838187220456,13.041960944103085,49.87846143061332,36.83650048651023,36.83650048651023,-203.16349951348977
260516_2dsweep_noplunger,sim,f_2pi3,sim,S22,offset_nan,07_3_TDS-body_Novel-2Dsweep-260516_64.s2p,07_3_TDS-body_Novel-2Dsweep-260516_65.s2p,,,2.8571160335532,2.85711,2.85711,-4.42838187220456,-2.7546737695307213,49.87846143061332,39.53883153040392,-10.339629900209388,349.6603700997906,109.66037009979061
260516_2dsweep_noplunger,sim,f_2pi3,sim,S22,offset_nan,07_3_TDS-body_Novel-2Dsweep-260516_65.s2p,07_3_TDS-body_Novel-2Dsweep-260516_66.s2p,,,2.8571160335532,2.85711,2.85711,-2.7546737695307213,-1.8304826841538624,39.53883153040392,31.653445495831644,-7.885386034572264,352.11461396542774,112.11461396542774
260516_2dsweep_noplunger,sim,f_2pi3,sim,S22,offset_nan,07_3_TDS-body_Novel-2Dsweep-260516_66.s2p,07_3_TDS-body_Novel-2Dsweep-260516_67.s2p,,,2.8571160335532,2.85711,2.85711,-1.8304826841538624,-1.294824326805787,31.653445495831644,25.814568743157178,-5.83887675267448,354.1611232473255,114.16112324732552
260516_2dsweep_noplunger,sim,f_2pi3,sim,S22,offset_nan,07_3_TDS-body_Novel-2Dsweep-260516_67.s2p,07_3_TDS-body_Novel-2Dsweep-260516_68.s2p,,,2.8571160335532,2.85711,2.85711,-1.294824326805787,-0.9657558151934565,25.814568743157178,21.474929680358045,-4.339639062799137,355.66036093720083,115.66036093720083
260516_2dsweep_noplunger,sim,f_2pi3,sim,S22,offset_nan,07_3_TDS-body_Novel-2Dsweep-260516_68.s2p,07_3_TDS-body_Novel-2Dsweep-260516_69.s2p,,,2.8571160335532,2.85711,2.85711,-0.9657558151934565,-0.726962092069689,21.474929680358045,17.618971723650102,-3.855957956707954,356.1440420432921,116.14404204329207
260516_2dsweep_noplunger,sim,f_2pi3,sim,S22,offset_nan,07_3_TDS-body_Novel-2Dsweep-260516_69.s2p,07_3_TDS-body_Novel-2Dsweep-260516_7.s2p,,,2.8571160335532,2.85711,2.85711,-0.726962092069689,-0.5529748373478002,17.618971723650102,34.84048263008055,17.22151090643044,17.22151090643044,-222.77848909356956
260516_2dsweep_noplunger,sim,f_2pi3,sim,S22,offset_nan,07_3_TDS-body_Novel-2Dsweep-260516_7.s2p,07_3_TDS-body_Novel-2Dsweep-260516_70.s2p,,,2.8571160335532,2.85711,2.85711,-0.5529748373478002,-0.5737406738200708,34.84048263008055,14.750471055990994,-20.090011574089544,339.90998842591046,99.90998842591046
260516_2dsweep_noplunger,sim,f_2pi3,sim,S22,offset_nan,07_3_TDS-body_Novel-2Dsweep-260516_70.s2p,07_3_TDS-body_Novel-2Dsweep-260516_71.s2p,,,2.8571160335532,2.85711,2.85711,-0.5737406738200708,-0.46163625912073425,14.750471055990994,12.360274267614582,-2.3901967883764144,357.60980321162356,117.60980321162356
260516_2dsweep_noplunger,sim,f_2pi3,sim,S22,offset_nan,07_3_TDS-body_Novel-2Dsweep-260516_71.s2p,07_3_TDS-body_Novel-2Dsweep-260516_72.s2p,,,2.8571160335532,2.85711,2.85711,-0.46163625912073425,-0.38249806589246366,12.360274267614582,10.405388690626271,-1.9548855769883176,358.0451144230117,118.04511442301168
260516_2dsweep_noplunger,sim,f_2pi3,sim,S22,offset_nan,07_3_TDS-body_Novel-2Dsweep-260516_72.s2p,07_3_TDS-body_Novel-2Dsweep-260516_73.s2p,,,2.8571160335532,2.85711,2.85711,-0.38249806589246366,-3.536495833971826,10.405388690626271,41.900406508900346,31.49501781827408,31.49501781827408,-208.50498218172592
260516_2dsweep_noplunger,sim,f_2pi3,sim,S22,offset_nan,07_3_TDS-body_Novel-2Dsweep-260516_73.s2p,07_3_TDS-body_Novel-2Dsweep-260516_74.s2p,,,2.8571160335532,2.85711,2.85711,-3.536495833971826,-2.263255153847531,41.900406508900346,32.86009168973622,-9.04031481916411,350.9596851808359,110.95968518083589
260516_2dsweep_noplunger,sim,f_2pi3,sim,S22,offset_nan,07_3_TDS-body_Novel-2Dsweep-260516_74.s2p,07_3_TDS-body_Novel-2Dsweep-260516_75.s2p,,,2.8571160335532,2.85711,2.85711,-2.263255153847531,-1.5304642754582813,32.86009168973622,25.967112298682338,-6.892979391053871,353.10702060894613,113.10702060894613
260516_2dsweep_noplunger,sim,f_2pi3,sim,S22,offset_nan,07_3_TDS-body_Novel-2Dsweep-260516_75.s2p,07_3_TDS-body_Novel-2Dsweep-260516_76.s2p,,,2.8571160335532,2.85711,2.85711,-1.5304642754582813,-1.1068757034889811,25.967112298682338,20.960845297063734,-5.006267001618596,354.9937329983814,114.9937329983814
260516_2dsweep_noplunger,sim,f_2pi3,sim,S22,offset_nan,07_3_TDS-body_Novel-2Dsweep-260516_76.s2p,07_3_TDS-body_Novel-2Dsweep-260516_77.s2p,,,2.8571160335532,2.85711,2.85711,-1.1068757034889811,-0.8435115160896831,20.960845297063734,17.227161645645307,-3.7336836514184313,356.26631634858154,116.26631634858154
260516_2dsweep_noplunger,sim,f_2pi3,sim,S22,offset_nan,07_3_TDS-body_Novel-2Dsweep-260516_77.s2p,07_3_TDS-body_Novel-2Dsweep-260516_78.s2p,,,2.8571160335532,2.85711,2.85711,-0.8435115160896831,-0.6511683016415475,17.227161645645307,14.039620968485128,-3.1875406771601718,356.8124593228398,116.8124593228398
260516_2dsweep_noplunger,sim,f_2pi3,sim,S22,offset_nan,07_3_TDS-body_Novel-2Dsweep-260516_78.s2p,07_3_TDS-body_Novel-2Dsweep-260516_79.s2p,,,2.8571160335532,2.85711,2.85711,-0.6511683016415475,-0.517371930103632,14.039620968485128,11.456507084609076,-2.5831138838760523,357.4168861161239,117.41688611612392
260516_2dsweep_noplunger,sim,f_2pi3,sim,S22,offset_nan,07_3_TDS-body_Novel-2Dsweep-260516_79.s2p,07_3_TDS-body_Novel-2Dsweep-260516_8.s2p,,,2.8571160335532,2.85711,2.85711,-0.517371930103632,-0.4252703254290172,11.456507084609076,30.631489566433004,19.174982481823918,19.174982481823918,-220.82501751817608
260516_2dsweep_noplunger,sim,f_2pi3,sim,S22,offset_nan,07_3_TDS-body_Novel-2Dsweep-260516_8.s2p,07_3_TDS-body_Novel-2Dsweep-260516_80.s2p,,,2.8571160335532,2.85711,2.85711,-0.4252703254290172,-0.4240482659262374,30.631489566433004,9.519782129866977,-21.111707436566036,338.888292563434,98.88829256343399
260516_2dsweep_noplunger,sim,f_2pi3,sim,S22,offset_nan,07_3_TDS-body_Novel-2Dsweep-260516_80.s2p,07_3_TDS-body_Novel-2Dsweep-260516_81.s2p,,,2.8571160335532,2.85711,2.85711,-0.4240482659262374,-0.353481716470339,9.519782129866977,7.683095650773341,-1.836686479093629,358.1633135209064,118.1633135209064
260516_2dsweep_noplunger,sim,f_2pi3,sim,S22,offset_nan,07_3_TDS-body_Novel-2Dsweep-260516_81.s2p,07_3_TDS-body_Novel-2Dsweep-260516_82.s2p,,,2.8571160335532,2.85711,2.85711,-0.353481716470339,-2.6767288647597196,7.683095650773341,33.639617777566045,25.95652212679272,25.95652212679272,-214.04347787320728
260516_2dsweep_noplunger,sim,f_2pi3,sim,S22,offset_nan,07_3_TDS-body_Novel-2Dsweep-260516_82.s2p,07_3_TDS-body_Novel-2Dsweep-260516_83.s2p,,,2.8571160335532,2.85711,2.85711,-2.6767288647597196,-1.7995806918935544,33.639617777566045,26.349784580992765,-7.289833196573284,352.7101668034267,112.71016680342672
260516_2dsweep_noplunger,sim,f_2pi3,sim,S22,offset_nan,07_3_TDS-body_Novel-2Dsweep-260516_83.s2p,07_3_TDS-body_Novel-2Dsweep-260516_84.s2p,,,2.8571160335532,2.85711,2.85711,-1.7995806918935544,-1.2890430410572031,26.349784580992765,21.01566519785668,-5.334119383136084,354.6658806168639,114.66588061686389
260516_2dsweep_noplunger,sim,f_2pi3,sim,S22,offset_nan,07_3_TDS-body_Novel-2Dsweep-260516_84.s2p,07_3_TDS-body_Novel-2Dsweep-260516_85.s2p,,,2.8571160335532,2.85711,2.85711,-1.2890430410572031,-0.925069458879596,21.01566519785668,16.309027544205822,-4.7066376536508585,355.2933623463491,115.29336234634911
260516_2dsweep_noplunger,sim,f_2pi3,sim,S22,offset_nan,07_3_TDS-body_Novel-2Dsweep-260516_85.s2p,07_3_TDS-body_Novel-2Dsweep-260516_86.s2p,,,2.8571160335532,2.85711,2.85711,-0.925069458879596,-0.7102487434586775,16.309027544205822,13.0125834248136,-3.29644411939222,356.7035558806078,116.70355588060778
260516_2dsweep_noplunger,sim,f_2pi3,sim,S22,offset_nan,07_3_TDS-body_Novel-2Dsweep-260516_86.s2p,07_3_TDS-body_Novel-2Dsweep-260516_87.s2p,,,2.8571160335532,2.85711,2.85711,-0.7102487434586775,-0.5676225880218797,13.0125834248136,10.479251969325059,-2.533331455488536,357.46666854451144,117.46666854451144
260516_2dsweep_noplunger,sim,f_2pi3,sim,S22,offset_nan,07_3_TDS-body_Novel-2Dsweep-260516_87.s2p,07_3_TDS-body_Novel-2Dsweep-260516_88.s2p,,,2.8571160335532,2.85711,2.85711,-0.5676225880218797,-0.46069534016766556,10.479251969325059,8.320874194939078,-2.1583777743859685,357.84162222561406,117.84162222561406
260516_2dsweep_noplunger,sim,f_2pi3,sim,S22,offset_nan,07_3_TDS-body_Novel-2Dsweep-260516_88.s2p,07_3_TDS-body_Novel-2Dsweep-260516_89.s2p,,,2.8571160335532,2.85711,2.85711,-0.46069534016766556,-0.3850022884512034,8.320874194939078,6.620242808827462,-1.7006313861116098,358.2993686138884,118.29936861388842
260516_2dsweep_noplunger,sim,f_2pi3,sim,S22,offset_nan,07_3_TDS-body_Novel-2Dsweep-260516_89.s2p,07_3_TDS-body_Novel-2Dsweep-260516_9.s2p,,,2.8571160335532,2.85711,2.85711,-0.3850022884512034,-0.34014357051885075,6.620242808827462,27.23365082698,20.61340801815254,20.61340801815254,-219.38659198184746
260516_2dsweep_noplunger,sim,f_2pi3,sim,S22,offset_nan,07_3_TDS-body_Novel-2Dsweep-260516_9.s2p,07_3_TDS-body_Novel-2Dsweep-260516_90.s2p,,,2.8571160335532,2.85711,2.85711,-0.34014357051885075,-0.3253828621309425,27.23365082698,5.126806957721446,-22.10684386925857,337.89315613074143,97.89315613074143
260516_2dsweep_noplunger,sim,f_2pi3,sim,S22,offset_nan,07_3_TDS-body_Novel-2Dsweep-260516_90.s2p,07_3_TDS-body_Novel-2Dsweep-260516_91.s2p,,,2.8571160335532,2.85711,2.85711,-0.3253828621309425,-1.8423128189993245,5.126806957721446,24.520178312565147,19.39337135484371,19.39337135484371,-220.6066286451563
260516_2dsweep_noplunger,sim,f_2pi3,sim,S22,offset_nan,07_3_TDS-body_Novel-2Dsweep-260516_91.s2p,07_3_TDS-body_Novel-2Dsweep-260516_92.s2p,,,2.8571160335532,2.85711,2.85711,-1.8423128189993245,-1.2552733000016183,24.520178312565147,18.49049054733113,-6.02968776523403,353.97031223476597,113.97031223476597
260516_2dsweep_noplunger,sim,f_2pi3,sim,S22,offset_nan,07_3_TDS-body_Novel-2Dsweep-260516_92.s2p,07_3_TDS-body_Novel-2Dsweep-260516_93.s2p,,,2.8571160335532,2.85711,2.85711,-1.2552733000016183,-0.9455247315972193,18.49049054733113,14.571073001076682,-3.9194175462544365,356.0805824537456,116.08058245374559
260516_2dsweep_noplunger,sim,f_2pi3,sim,S22,offset_nan,07_3_TDS-body_Novel-2Dsweep-260516_93.s2p,07_3_TDS-body_Novel-2Dsweep-260516_94.s2p,,,2.8571160335532,2.85711,2.85711,-0.9455247315972193,-0.75417905175315,14.571073001076682,11.815460477791548,-2.755612523285123,357.2443874767149,117.2443874767149
260516_2dsweep_noplunger,sim,f_2pi3,sim,S22,offset_nan,07_3_TDS-body_Novel-2Dsweep-260516_94.s2p,07_3_TDS-body_Novel-2Dsweep-260516_95.s2p,,,2.8571160335532,2.85711,2.85711,-0.75417905175315,-0.5978219234101311,11.815460477791548,9.191641287396184,-2.623819190395352,357.37618080960465,117.37618080960465
260516_2dsweep_noplunger,sim,f_2pi3,sim,S22,offset_nan,07_3_TDS-body_Novel-2Dsweep-260516_95.s2p,07_3_TDS-body_Novel-2Dsweep-260516_96.s2p,,,2.8571160335532,2.85711,2.85711,-0.5978219234101311,-0.4859123381908802,9.191641287396184,7.108933049485385,-2.0827082379107935,357.91729176208923,117.91729176208923
260516_2dsweep_noplunger,sim,f_2pi3,sim,S22,offset_nan,07_3_TDS-body_Novel-2Dsweep-260516_96.s2p,07_3_TDS-body_Novel-2Dsweep-260516_97.s2p,,,2.8571160335532,2.85711,2.85711,-0.4859123381908802,-0.41773756403909795,7.108933049485385,5.642313703127364,-1.4666193463580157,358.533380653642,118.53338065364198
260516_2dsweep_noplunger,sim,f_2pi3,sim,S22,offset_nan,07_3_TDS-body_Novel-2Dsweep-260516_97.s2p,07_3_TDS-body_Novel-2Dsweep-260516_98.s2p,,,2.8571160335532,2.85711,2.85711,-0.41773756403909795,-0.3515908038458459,5.642313703127364,4.1168758941537655,-1.5254378089736065,358.4745621910264,118.4745621910264
260516_2dsweep_noplunger,sim,f_2pi3,sim,S22,offset_nan,07_3_TDS-body_Novel-2Dsweep-260516_98.s2p,07_3_TDS-body_Novel-2Dsweep-260516_99.s2p,,,2.8571160335532,2.85711,2.85711,-0.3515908038458459,-0.30159583646726046,4.1168758941537655,2.8323310870683067,-1.2845448070854673,358.71545519291453,118.71545519291453
260516_2dsweep_noplunger,sim,f_mean,sim,S11,offset_nan,07_3_TDS-body_Novel-2Dsweep-260516_1.s2p,07_3_TDS-body_Novel-2Dsweep-260516_10.s2p,,,2.8672804543714,2.86728,2.86728,-16.232559213588818,-29.25963691220396,109.05136997341023,110.5911607519465,1.5397907785362577,1.5397907785362577,-238.46020922146374
260516_2dsweep_noplunger,sim,f_mean,sim,S11,offset_nan,07_3_TDS-body_Novel-2Dsweep-260516_10.s2p,07_3_TDS-body_Novel-2Dsweep-260516_100.s2p,,,2.8672804543714,2.86728,2.86728,-29.25963691220396,-1.9742672613892087,110.5911607519465,-51.45120943690499,-162.0423701888515,197.9576298111485,-42.04237018885149
260516_2dsweep_noplunger,sim,f_mean,sim,S11,offset_nan,07_3_TDS-body_Novel-2Dsweep-260516_100.s2p,07_3_TDS-body_Novel-2Dsweep-260516_101.s2p,,,2.8672804543714,2.86728,2.86728,-1.9742672613892087,-2.7674429815546087,-51.45120943690499,-57.86248229272195,-6.4112728558169465,353.58872714418305,113.58872714418305
260516_2dsweep_noplunger,sim,f_mean,sim,S11,offset_nan,07_3_TDS-body_Novel-2Dsweep-260516_101.s2p,07_3_TDS-body_Novel-2Dsweep-260516_102.s2p,,,2.8672804543714,2.86728,2.86728,-2.7674429815546087,-3.8689453239112845,-57.86248229272195,-64.73302913879985,-6.8705468460779,353.1294531539221,113.1294531539221
260516_2dsweep_noplunger,sim,f_mean,sim,S11,offset_nan,07_3_TDS-body_Novel-2Dsweep-260516_102.s2p,07_3_TDS-body_Novel-2Dsweep-260516_103.s2p,,,2.8672804543714,2.86728,2.86728,-3.8689453239112845,-5.591376866171975,-64.73302913879985,-72.89590508031961,-8.162875941519758,351.83712405848024,111.83712405848024
260516_2dsweep_noplunger,sim,f_mean,sim,S11,offset_nan,07_3_TDS-body_Novel-2Dsweep-260516_103.s2p,07_3_TDS-body_Novel-2Dsweep-260516_104.s2p,,,2.8672804543714,2.86728,2.86728,-5.591376866171975,-8.838103509531008,-72.89590508031961,53.904750702284986,126.80065578260462,126.80065578260462,-113.19934421739538
260516_2dsweep_noplunger,sim,f_mean,sim,S11,offset_nan,07_3_TDS-body_Novel-2Dsweep-260516_104.s2p,07_3_TDS-body_Novel-2Dsweep-260516_105.s2p,,,2.8672804543714,2.86728,2.86728,-8.838103509531008,-2.324803633730266,53.904750702284986,-56.39866701269716,-110.30341771498215,249.69658228501785,9.696582285017854
260516_2dsweep_noplunger,sim,f_mean,sim,S11,offset_nan,07_3_TDS-body_Novel-2Dsweep-260516_105.s2p,07_3_TDS-body_Novel-2Dsweep-260516_106.s2p,,,2.8672804543714,2.86728,2.86728,-2.324803633730266,-3.2783232956476933,-56.39866701269716,-63.131702355651896,-6.733035342954736,353.26696465704526,113.26696465704526
260516_2dsweep_noplunger,sim,f_mean,sim,S11,offset_nan,07_3_TDS-body_Novel-2Dsweep-260516_106.s2p,07_3_TDS-body_Novel-2Dsweep-260516_107.s2p,,,2.8672804543714,2.86728,2.86728,-3.2783232956476933,-7.2590334741803675,-63.131702355651896,-80.66795449537398,-17.53625213972208,342.4637478602779,102.46374786027792
260516_2dsweep_noplunger,sim,f_mean,sim,S11,offset_nan,07_3_TDS-body_Novel-2Dsweep-260516_107.s2p,07_3_TDS-body_Novel-2Dsweep-260516_108.s2p,,,2.8672804543714,2.86728,2.86728,-7.2590334741803675,-11.764047609290387,-80.66795449537398,-91.44341164109584,-10.775457145721873,349.2245428542781,109.22454285427813
260516_2dsweep_noplunger,sim,f_mean,sim,S11,offset_nan,07_3_TDS-body_Novel-2Dsweep-260516_108.s2p,07_3_TDS-body_Novel-2Dsweep-260516_109.s2p,,,2.8672804543714,2.86728,2.86728,-11.764047609290387,-23.155382057389687,-91.44341164109584,-102.58315851330008,-11.139746872204228,348.8602531277958,108.86025312779577
260516_2dsweep_noplunger,sim,f_mean,sim,S11,offset_nan,07_3_TDS-body_Novel-2Dsweep-260516_109.s2p,07_3_TDS-body_Novel-2Dsweep-260516_11.s2p,,,2.8672804543714,2.86728,2.86728,-23.155382057389687,-15.943791900519233,-102.58315851330008,100.89349559422453,-156.5233458924754,203.4766541075246,-36.52334589247539
260516_2dsweep_noplunger,sim,f_mean,sim,S11,offset_nan,07_3_TDS-body_Novel-2Dsweep-260516_11.s2p,07_3_TDS-body_Novel-2Dsweep-260516_110.s2p,,,2.8672804543714,2.86728,2.86728,-15.943791900519233,-17.162119109219223,100.89349559422453,65.7163715173239,-35.17712407690061,324.8228759230994,84.82287592309939
260516_2dsweep_noplunger,sim,f_mean,sim,S11,offset_nan,07_3_TDS-body_Novel-2Dsweep-260516_110.s2p,07_3_TDS-body_Novel-2Dsweep-260516_111.s2p,,,2.8672804543714,2.86728,2.86728,-17.162119109219223,-8.616521684207347,65.7163715173239,51.701094661392894,-14.015276855931006,345.984723144069,105.984723144069
260516_2dsweep_noplunger,sim,f_mean,sim,S11,offset_nan,07_3_TDS-body_Novel-2Dsweep-260516_111.s2p,07_3_TDS-body_Novel-2Dsweep-260516_112.s2p,,,2.8672804543714,2.86728,2.86728,-8.616521684207347,-8.599188683752173,51.701094661392894,-82.81907591666226,-134.52017057805514,225.47982942194486,-14.520170578055144
260516_2dsweep_noplunger,sim,f_mean,sim,S11,offset_nan,07_3_TDS-body_Novel-2Dsweep-260516_112.s2p,07_3_TDS-body_Novel-2Dsweep-260516_113.s2p,,,2.8672804543714,2.86728,2.86728,-8.599188683752173,-13.966118598018562,-82.81907591666226,-93.25669040879856,-10.437614492136305,349.5623855078637,109.56238550786372
260516_2dsweep_noplunger,sim,f_mean,sim,S11,offset_nan,07_3_TDS-body_Novel-2Dsweep-260516_113.s2p,07_3_TDS-body_Novel-2Dsweep-260516_114.s2p,,,2.8672804543714,2.86728,2.86728,-13.966118598018562,-64.850184269384,-93.25669040879856,106.92754256843708,-159.81576702276436,200.18423297723564,-39.81576702276436
260516_2dsweep_noplunger,sim,f_mean,sim,S11,offset_nan,07_3_TDS-body_Novel-2Dsweep-260516_114.s2p,07_3_TDS-body_Novel-2Dsweep-260516_115.s2p,,,2.8672804543714,2.86728,2.86728,-64.850184269384,-14.361612202356111,106.92754256843708,64.16200663645036,-42.76553593198673,317.23446406801327,77.23446406801327
260516_2dsweep_noplunger,sim,f_mean,sim,S11,offset_nan,07_3_TDS-body_Novel-2Dsweep-260516_115.s2p,07_3_TDS-body_Novel-2Dsweep-260516_116.s2p,,,2.8672804543714,2.86728,2.86728,-14.361612202356111,-1.7229175255339435,64.16200663645036,-51.10232404391027,-115.26433068036063,244.73566931963938,4.735669319639385
260516_2dsweep_noplunger,sim,f_mean,sim,S11,offset_nan,07_3_TDS-body_Novel-2Dsweep-260516_116.s2p,07_3_TDS-body_Novel-2Dsweep-260516_117.s2p,,,2.8672804543714,2.86728,2.86728,-1.7229175255339435,-4.792252702888152,-51.10232404391027,-71.14541243530216,-20.043088391391905,339.9569116086081,99.9569116086081
260516_2dsweep_noplunger,sim,f_mean,sim,S11,offset_nan,07_3_TDS-body_Novel-2Dsweep-260516_117.s2p,07_3_TDS-body_Novel-2Dsweep-260516_12.s2p,,,2.8672804543714,2.86728,2.86728,-4.792252702888152,-10.765014199751661,-71.14541243530216,90.78237517503618,161.92778761033833,161.92778761033833,-78.07221238966167
260516_2dsweep_noplunger,sim,f_mean,sim,S11,offset_nan,07_3_TDS-body_Novel-2Dsweep-260516_12.s2p,07_3_TDS-body_Novel-2Dsweep-260516_13.s2p,,,2.8672804543714,2.86728,2.86728,-10.765014199751661,-7.586519040902818,90.78237517503618,80.75758285298458,-10.02479232205161,349.9752076779484,109.97520767794839
260516_2dsweep_noplunger,sim,f_mean,sim,S11,offset_nan,07_3_TDS-body_Novel-2Dsweep-260516_13.s2p,07_3_TDS-body_Novel-2Dsweep-260516_14.s2p,,,2.8672804543714,2.86728,2.86728,-7.586519040902818,-5.479489675965298,80.75758285298458,71.38319274881025,-9.374390104174324,350.6256098958257,110.62560989582568
260516_2dsweep_noplunger,sim,f_mean,sim,S11,offset_nan,07_3_TDS-body_Novel-2Dsweep-260516_14.s2p,07_3_TDS-body_Novel-2Dsweep-260516_15.s2p,,,2.8672804543714,2.86728,2.86728,-5.479489675965298,-4.073610014569098,71.38319274881025,63.171991875041975,-8.211200873768263,351.78879912623177,111.78879912623177
260516_2dsweep_noplunger,sim,f_mean,sim,S11,offset_nan,07_3_TDS-body_Novel-2Dsweep-260516_15.s2p,07_3_TDS-body_Novel-2Dsweep-260516_16.s2p,,,2.8672804543714,2.86728,2.86728,-4.073610014569098,-3.089232113215179,63.171991875041975,55.91647844043908,-7.2555134346029035,352.7444865653971,112.7444865653971
260516_2dsweep_noplunger,sim,f_mean,sim,S11,offset_nan,07_3_TDS-body_Novel-2Dsweep-260516_16.s2p,07_3_TDS-body_Novel-2Dsweep-260516_17.s2p,,,2.8672804543714,2.86728,2.86728,-3.089232113215179,-2.391408750522426,55.91647844043908,49.727422342193606,-6.189056098245487,353.8109439017545,113.81094390175451
260516_2dsweep_noplunger,sim,f_mean,sim,S11,offset_nan,07_3_TDS-body_Novel-2Dsweep-260516_17.s2p,07_3_TDS-body_Novel-2Dsweep-260516_18.s2p,,,2.8672804543714,2.86728,2.86728,-2.391408750522426,-1.8664006627472343,49.727422342193606,44.089627076643914,-5.637795265549698,354.3622047344503,114.3622047344503
260516_2dsweep_noplunger,sim,f_mean,sim,S11,offset_nan,07_3_TDS-body_Novel-2Dsweep-260516_18.s2p,07_3_TDS-body_Novel-2Dsweep-260516_19.s2p,,,2.8672804543714,2.86728,2.86728,-1.8664006627472343,-21.306202207430402,44.089627076643914,-66.73532491136248,-110.8249519880064,249.1750480119936,9.175048011993596
260516_2dsweep_noplunger,sim,f_mean,sim,S11,offset_nan,07_3_TDS-body_Novel-2Dsweep-260516_19.s2p,07_3_TDS-body_Novel-2Dsweep-260516_2.s2p,,,2.8672804543714,2.86728,2.86728,-21.306202207430402,-11.308831964522872,-66.73532491136248,98.99963251509351,165.734957426456,165.734957426456,-74.26504257354401
260516_2dsweep_noplunger,sim,f_mean,sim,S11,offset_nan,07_3_TDS-body_Novel-2Dsweep-260516_2.s2p,07_3_TDS-body_Novel-2Dsweep-260516_20.s2p,,,2.8672804543714,2.86728,2.86728,-11.308831964522872,-26.729227194668855,98.99963251509351,103.2072144019358,4.207581886842291,4.207581886842291,-235.7924181131577
260516_2dsweep_noplunger,sim,f_mean,sim,S11,offset_nan,07_3_TDS-body_Novel-2Dsweep-260516_20.s2p,07_3_TDS-body_Novel-2Dsweep-260516_21.s2p,,,2.8672804543714,2.86728,2.86728,-26.729227194668855,-14.740875872896751,103.2072144019358,93.07956795641192,-10.12764644552388,349.87235355447615,109.87235355447615
260516_2dsweep_noplunger,sim,f_mean,sim,S11,offset_nan,07_3_TDS-body_Novel-2Dsweep-260516_21.s2p,07_3_TDS-body_Novel-2Dsweep-260516_22.s2p,,,2.8672804543714,2.86728,2.86728,-14.740875872896751,-9.810704884171852,93.07956795641192,83.00462751683436,-10.074940439577574,349.9250595604224,109.92505956042243
260516_2dsweep_noplunger,sim,f_mean,sim,S11,offset_nan,07_3_TDS-body_Novel-2Dsweep-260516_22.s2p,07_3_TDS-body_Novel-2Dsweep-260516_23.s2p,,,2.8672804543714,2.86728,2.86728,-9.810704884171852,-6.838187352197716,83.00462751683436,73.02782898768724,-9.976798529147118,350.0232014708529,110.02320147085288
260516_2dsweep_noplunger,sim,f_mean,sim,S11,offset_nan,07_3_TDS-body_Novel-2Dsweep-260516_23.s2p,07_3_TDS-body_Novel-2Dsweep-260516_24.s2p,,,2.8672804543714,2.86728,2.86728,-6.838187352197716,-4.956803323701812,73.02782898768724,64.33250323170296,-8.6953257559843,351.3046742440157,111.3046742440157
260516_2dsweep_noplunger,sim,f_mean,sim,S11,offset_nan,07_3_TDS-body_Novel-2Dsweep-260516_24.s2p,07_3_TDS-body_Novel-2Dsweep-260516_25.s2p,,,2.8672804543714,2.86728,2.86728,-4.956803323701812,-3.67858133409317,64.33250323170296,56.58932748181148,-7.7431757498914635,352.25682425010854,112.25682425010854
260516_2dsweep_noplunger,sim,f_mean,sim,S11,offset_nan,07_3_TDS-body_Novel-2Dsweep-260516_25.s2p,07_3_TDS-body_Novel-2Dsweep-260516_26.s2p,,,2.8672804543714,2.86728,2.86728,-3.67858133409317,-2.797120643209021,56.58932748181148,49.84352429744666,-6.745803184364831,353.25419681563517,113.25419681563517
260516_2dsweep_noplunger,sim,f_mean,sim,S11,offset_nan,07_3_TDS-body_Novel-2Dsweep-260516_26.s2p,07_3_TDS-body_Novel-2Dsweep-260516_27.s2p,,,2.8672804543714,2.86728,2.86728,-2.797120643209021,-2.1706788012559395,49.84352429744666,44.11065526852613,-5.732869028920533,354.2671309710795,114.2671309710795
260516_2dsweep_noplunger,sim,f_mean,sim,S11,offset_nan,07_3_TDS-body_Novel-2Dsweep-260516_27.s2p,07_3_TDS-body_Novel-2Dsweep-260516_28.s2p,,,2.8672804543714,2.86728,2.86728,-2.1706788012559395,-12.376460572518477,44.11065526852613,-62.362972909288025,-106.47362817781416,253.52637182218584,13.526371822185837
260516_2dsweep_noplunger,sim,f_mean,sim,S11,offset_nan,07_3_TDS-body_Novel-2Dsweep-260516_28.s2p,07_3_TDS-body_Novel-2Dsweep-260516_29.s2p,,,2.8672804543714,2.86728,2.86728,-12.376460572518477,-18.929115903585046,-62.362972909288025,-72.0078064365294,-9.644833527241389,350.3551664727586,110.35516647275858
260516_2dsweep_noplunger,sim,f_mean,sim,S11,offset_nan,07_3_TDS-body_Novel-2Dsweep-260516_29.s2p,07_3_TDS-body_Novel-2Dsweep-260516_3.s2p,,,2.8672804543714,2.86728,2.86728,-18.929115903585046,-8.057815808864286,-72.0078064365294,88.53958720685407,160.5473936433835,160.5473936433835,-79.45260635661651
260516_2dsweep_noplunger,sim,f_mean,sim,S11,offset_nan,07_3_TDS-body_Novel-2Dsweep-260516_3.s2p,07_3_TDS-body_Novel-2Dsweep-260516_30.s2p,,,2.8672804543714,2.86728,2.86728,-8.057815808864286,-31.539460682271667,88.53958720685407,98.54681805576521,10.00723084891115,10.00723084891115,-229.99276915108885
260516_2dsweep_noplunger,sim,f_mean,sim,S11,offset_nan,07_3_TDS-body_Novel-2Dsweep-260516_30.s2p,07_3_TDS-body_Novel-2Dsweep-260516_31.s2p,,,2.8672804543714,2.86728,2.86728,-31.539460682271667,-14.993195598099433,98.54681805576521,88.08768969907014,-10.45912835669509,349.5408716433049,109.54087164330491
260516_2dsweep_noplunger,sim,f_mean,sim,S11,offset_nan,07_3_TDS-body_Novel-2Dsweep-260516_31.s2p,07_3_TDS-body_Novel-2Dsweep-260516_32.s2p,,,2.8672804543714,2.86728,2.86728,-14.993195598099433,-9.845170994171063,88.08768969907014,78.18513384014751,-9.902555858922625,350.0974441410774,110.0974441410774
260516_2dsweep_noplunger,sim,f_mean,sim,S11,offset_nan,07_3_TDS-body_Novel-2Dsweep-260516_32.s2p,07_3_TDS-body_Novel-2Dsweep-260516_33.s2p,,,2.8672804543714,2.86728,2.86728,-9.845170994171063,-6.93025578416724,78.18513384014751,69.1348524137016,-9.050281426445906,350.9497185735541,110.9497185735541
260516_2dsweep_noplunger,sim,f_mean,sim,S11,offset_nan,07_3_TDS-body_Novel-2Dsweep-260516_33.s2p,07_3_TDS-body_Novel-2Dsweep-260516_34.s2p,,,2.8672804543714,2.86728,2.86728,-6.93025578416724,-4.9588752797166435,69.1348524137016,60.27202900929785,-8.862823404403741,351.13717659559626,111.13717659559626
260516_2dsweep_noplunger,sim,f_mean,sim,S11,offset_nan,07_3_TDS-body_Novel-2Dsweep-260516_34.s2p,07_3_TDS-body_Novel-2Dsweep-260516_35.s2p,,,2.8672804543714,2.86728,2.86728,-4.9588752797166435,-3.7065650505634746,60.27202900929785,53.012871163339724,-7.2591578459581285,352.74084215404184,112.74084215404184
260516_2dsweep_noplunger,sim,f_mean,sim,S11,offset_nan,07_3_TDS-body_Novel-2Dsweep-260516_35.s2p,07_3_TDS-body_Novel-2Dsweep-260516_36.s2p,,,2.8672804543714,2.86728,2.86728,-3.7065650505634746,-2.83050756582862,53.012871163339724,46.63519015668995,-6.377681006649766,353.62231899335023,113.62231899335023
260516_2dsweep_noplunger,sim,f_mean,sim,S11,offset_nan,07_3_TDS-body_Novel-2Dsweep-260516_36.s2p,07_3_TDS-body_Novel-2Dsweep-260516_37.s2p,,,2.8672804543714,2.86728,2.86728,-2.83050756582862,-9.254921622298111,46.63519015668995,-60.99431552739847,-107.62950568408843,252.37049431591157,12.370494315911571
260516_2dsweep_noplunger,sim,f_mean,sim,S11,offset_nan,07_3_TDS-body_Novel-2Dsweep-260516_37.s2p,07_3_TDS-body_Novel-2Dsweep-260516_38.s2p,,,2.8672804543714,2.86728,2.86728,-9.254921622298111,-12.87529445468281,-60.99431552739847,-69.57757646951676,-8.583260942118272,351.4167390578817,111.41673905788173
260516_2dsweep_noplunger,sim,f_mean,sim,S11,offset_nan,07_3_TDS-body_Novel-2Dsweep-260516_38.s2p,07_3_TDS-body_Novel-2Dsweep-260516_39.s2p,,,2.8672804543714,2.86728,2.86728,-12.87529445468281,-21.570550346664813,-69.57757646951676,-79.40206326114613,-9.824486791629369,350.1755132083706,110.1755132083706
260516_2dsweep_noplunger,sim,f_mean,sim,S11,offset_nan,07_3_TDS-body_Novel-2Dsweep-260516_39.s2p,07_3_TDS-body_Novel-2Dsweep-260516_4.s2p,,,2.8672804543714,2.86728,2.86728,-21.570550346664813,-5.917692642403116,-79.40206326114613,78.71750749194848,158.1195707530946,158.1195707530946,-81.88042924690541
260516_2dsweep_noplunger,sim,f_mean,sim,S11,offset_nan,07_3_TDS-body_Novel-2Dsweep-260516_4.s2p,07_3_TDS-body_Novel-2Dsweep-260516_40.s2p,,,2.8672804543714,2.86728,2.86728,-5.917692642403116,-22.824163918829306,78.71750749194848,90.22847736140461,11.510969869456119,11.510969869456119,-228.48903013054388
260516_2dsweep_noplunger,sim,f_mean,sim,S11,offset_nan,07_3_TDS-body_Novel-2Dsweep-260516_40.s2p,07_3_TDS-body_Novel-2Dsweep-260516_41.s2p,,,2.8672804543714,2.86728,2.86728,-22.824163918829306,-12.823549922930024,90.22847736140461,80.34795275426697,-9.880524607137659,350.11947539286234,110.11947539286234
260516_2dsweep_noplunger,sim,f_mean,sim,S11,offset_nan,07_3_TDS-body_Novel-2Dsweep-260516_41.s2p,07_3_TDS-body_Novel-2Dsweep-260516_42.s2p,,,2.8672804543714,2.86728,2.86728,-12.823549922930024,-8.506009073056473,80.34795275426697,70.49597002264076,-9.851982731626208,350.1480172683738,110.14801726837379
260516_2dsweep_noplunger,sim,f_mean,sim,S11,offset_nan,07_3_TDS-body_Novel-2Dsweep-260516_42.s2p,07_3_TDS-body_Novel-2Dsweep-260516_43.s2p,,,2.8672804543714,2.86728,2.86728,-8.506009073056473,-6.043044194360431,70.49597002264076,61.775554752538504,-8.72041527010225,351.27958472989775,111.27958472989775
260516_2dsweep_noplunger,sim,f_mean,sim,S11,offset_nan,07_3_TDS-body_Novel-2Dsweep-260516_43.s2p,07_3_TDS-body_Novel-2Dsweep-260516_44.s2p,,,2.8672804543714,2.86728,2.86728,-6.043044194360431,-4.43692205192175,61.775554752538504,54.11446342884747,-7.661091323691039,352.33890867630896,112.33890867630896
260516_2dsweep_noplunger,sim,f_mean,sim,S11,offset_nan,07_3_TDS-body_Novel-2Dsweep-260516_44.s2p,07_3_TDS-body_Novel-2Dsweep-260516_45.s2p,,,2.8672804543714,2.86728,2.86728,-4.43692205192175,-3.3314182428335952,54.11446342884747,47.34721810796315,-6.767245320884314,353.2327546791157,113.23275467911571
260516_2dsweep_noplunger,sim,f_mean,sim,S11,offset_nan,07_3_TDS-body_Novel-2Dsweep-260516_45.s2p,07_3_TDS-body_Novel-2Dsweep-260516_46.s2p,,,2.8672804543714,2.86728,2.86728,-3.3314182428335952,-7.085842192190657,47.34721810796315,-59.44974419177927,-106.79696229974242,253.2030377002576,13.203037700257596
260516_2dsweep_noplunger,sim,f_mean,sim,S11,offset_nan,07_3_TDS-body_Novel-2Dsweep-260516_46.s2p,07_3_TDS-body_Novel-2Dsweep-260516_47.s2p,,,2.8672804543714,2.86728,2.86728,-7.085842192190657,-9.64998730374669,-59.44974419177927,-67.61586613833155,-8.166121946552295,351.83387805344773,111.83387805344773
260516_2dsweep_noplunger,sim,f_mean,sim,S11,offset_nan,07_3_TDS-body_Novel-2Dsweep-260516_47.s2p,07_3_TDS-body_Novel-2Dsweep-260516_48.s2p,,,2.8672804543714,2.86728,2.86728,-9.64998730374669,-14.442454314245783,-67.61586613833155,-76.9595023002004,-9.343636161868858,350.65636383813114,110.65636383813114
260516_2dsweep_noplunger,sim,f_mean,sim,S11,offset_nan,07_3_TDS-body_Novel-2Dsweep-260516_48.s2p,07_3_TDS-body_Novel-2Dsweep-260516_49.s2p,,,2.8672804543714,2.86728,2.86728,-14.442454314245783,-29.584240431084872,-76.9595023002004,-86.77269390862415,-9.81319160842375,350.1868083915763,110.18680839157628
260516_2dsweep_noplunger,sim,f_mean,sim,S11,offset_nan,07_3_TDS-body_Novel-2Dsweep-260516_49.s2p,07_3_TDS-body_Novel-2Dsweep-260516_5.s2p,,,2.8672804543714,2.86728,2.86728,-29.584240431084872,-4.408854795198135,-86.77269390862415,69.92602004279746,156.6987139514216,156.6987139514216,-83.30128604857839
260516_2dsweep_noplunger,sim,f_mean,sim,S11,offset_nan,07_3_TDS-body_Novel-2Dsweep-260516_5.s2p,07_3_TDS-body_Novel-2Dsweep-260516_50.s2p,,,2.8672804543714,2.86728,2.86728,-4.408854795198135,-17.676563976141562,69.92602004279746,82.2802905990737,12.35427055627622,12.35427055627622,-227.64572944372378
260516_2dsweep_noplunger,sim,f_mean,sim,S11,offset_nan,07_3_TDS-body_Novel-2Dsweep-260516_50.s2p,07_3_TDS-body_Novel-2Dsweep-260516_51.s2p,,,2.8672804543714,2.86728,2.86728,-17.676563976141562,-10.661088020748004,82.2802905990737,72.52197716579025,-9.758313433283433,350.24168656671657,110.24168656671657
260516_2dsweep_noplunger,sim,f_mean,sim,S11,offset_nan,07_3_TDS-body_Novel-2Dsweep-260516_51.s2p,07_3_TDS-body_Novel-2Dsweep-260516_52.s2p,,,2.8672804543714,2.86728,2.86728,-10.661088020748004,-7.23201706215978,72.52197716579025,63.15880755212155,-9.363169613668703,350.6368303863313,110.63683038633133
260516_2dsweep_noplunger,sim,f_mean,sim,S11,offset_nan,07_3_TDS-body_Novel-2Dsweep-260516_52.s2p,07_3_TDS-body_Novel-2Dsweep-260516_53.s2p,,,2.8672804543714,2.86728,2.86728,-7.23201706215978,-5.181399604390017,63.15880755212155,54.94383520311369,-8.214972349007866,351.7850276509921,111.7850276509921
260516_2dsweep_noplunger,sim,f_mean,sim,S11,offset_nan,07_3_TDS-body_Novel-2Dsweep-260516_53.s2p,07_3_TDS-body_Novel-2Dsweep-260516_54.s2p,,,2.8672804543714,2.86728,2.86728,-5.181399604390017,-3.846379824988154,54.94383520311369,47.80779648477639,-7.136038718337318,352.8639612816627,112.86396128166268
260516_2dsweep_noplunger,sim,f_mean,sim,S11,offset_nan,07_3_TDS-body_Novel-2Dsweep-260516_54.s2p,07_3_TDS-body_Novel-2Dsweep-260516_55.s2p,,,2.8672804543714,2.86728,2.86728,-3.846379824988154,-5.509050718024136,47.80779648477639,-57.961467256289794,-105.76926374106618,254.2307362589338,14.230736258933803
260516_2dsweep_noplunger,sim,f_mean,sim,S11,offset_nan,07_3_TDS-body_Novel-2Dsweep-260516_55.s2p,07_3_TDS-body_Novel-2Dsweep-260516_56.s2p,,,2.8672804543714,2.86728,2.86728,-5.509050718024136,-7.600156203908349,-57.961467256289794,-66.01484754524736,-8.053380288957555,351.94661971104244,111.94661971104244
260516_2dsweep_noplunger,sim,f_mean,sim,S11,offset_nan,07_3_TDS-body_Novel-2Dsweep-260516_56.s2p,07_3_TDS-body_Novel-2Dsweep-260516_57.s2p,,,2.8672804543714,2.86728,2.86728,-7.600156203908349,-10.28809485470406,-66.01484754524736,-74.02793255699962,-8.013085011752253,351.98691498824775,111.98691498824775
260516_2dsweep_noplunger,sim,f_mean,sim,S11,offset_nan,07_3_TDS-body_Novel-2Dsweep-260516_57.s2p,07_3_TDS-body_Novel-2Dsweep-260516_58.s2p,,,2.8672804543714,2.86728,2.86728,-10.28809485470406,-17.867440511076452,-74.02793255699962,-84.6666173750577,-10.638684818058096,349.3613151819419,109.3613151819419
260516_2dsweep_noplunger,sim,f_mean,sim,S11,offset_nan,07_3_TDS-body_Novel-2Dsweep-260516_58.s2p,07_3_TDS-body_Novel-2Dsweep-260516_59.s2p,,,2.8672804543714,2.86728,2.86728,-17.867440511076452,-29.840992990076995,-84.6666173750577,87.37677905317756,172.04339642823527,172.04339642823527,-67.95660357176473
260516_2dsweep_noplunger,sim,f_mean,sim,S11,offset_nan,07_3_TDS-body_Novel-2Dsweep-260516_59.s2p,07_3_TDS-body_Novel-2Dsweep-260516_6.s2p,,,2.8672804543714,2.86728,2.86728,-29.840992990076995,-3.3565990003449597,87.37677905317756,62.197092296838385,-25.17968675633918,334.82031324366085,94.82031324366085
260516_2dsweep_noplunger,sim,f_mean,sim,S11,offset_nan,07_3_TDS-body_Novel-2Dsweep-260516_6.s2p,07_3_TDS-body_Novel-2Dsweep-260516_60.s2p,,,2.8672804543714,2.86728,2.86728,-3.3565990003449597,-13.627115421623548,62.197092296838385,74.68805933019732,12.490967033358942,12.490967033358942,-227.50903296664106
260516_2dsweep_noplunger,sim,f_mean,sim,S11,offset_nan,07_3_TDS-body_Novel-2Dsweep-260516_60.s2p,07_3_TDS-body_Novel-2Dsweep-260516_61.s2p,,,2.8672804543714,2.86728,2.86728,-13.627115421623548,-8.714924700211435,74.68805933019732,64.58212233443889,-10.10593699575844,349.89406300424156,109.89406300424156
260516_2dsweep_noplunger,sim,f_mean,sim,S11,offset_nan,07_3_TDS-body_Novel-2Dsweep-260516_61.s2p,07_3_TDS-body_Novel-2Dsweep-260516_62.s2p,,,2.8672804543714,2.86728,2.86728,-8.714924700211435,-6.123493372194849,64.58212233443889,56.20678256982974,-8.375339764609151,351.6246602353908,111.62466023539082
260516_2dsweep_noplunger,sim,f_mean,sim,S11,offset_nan,07_3_TDS-body_Novel-2Dsweep-260516_62.s2p,07_3_TDS-body_Novel-2Dsweep-260516_63.s2p,,,2.8672804543714,2.86728,2.86728,-6.123493372194849,-4.4202792280227765,56.20678256982974,48.35144416449897,-7.8553384053307695,352.14466159466923,112.14466159466923
260516_2dsweep_noplunger,sim,f_mean,sim,S11,offset_nan,07_3_TDS-body_Novel-2Dsweep-260516_63.s2p,07_3_TDS-body_Novel-2Dsweep-260516_64.s2p,,,2.8672804543714,2.86728,2.86728,-4.4202792280227765,-4.476263865629155,48.35144416449897,-56.86848415927069,-105.21992832376966,254.78007167623034,14.780071676230335
260516_2dsweep_noplunger,sim,f_mean,sim,S11,offset_nan,07_3_TDS-body_Novel-2Dsweep-260516_64.s2p,07_3_TDS-body_Novel-2Dsweep-260516_65.s2p,,,2.8672804543714,2.86728,2.86728,-4.476263865629155,-6.041791493107826,-56.86848415927069,-64.25402347157015,-7.385539312299443,352.61446068770056,112.61446068770056
260516_2dsweep_noplunger,sim,f_mean,sim,S11,offset_nan,07_3_TDS-body_Novel-2Dsweep-260516_65.s2p,07_3_TDS-body_Novel-2Dsweep-260516_66.s2p,,,2.8672804543714,2.86728,2.86728,-6.041791493107826,-8.348770974333489,-64.25402347157015,-72.654984018381,-8.400960546810836,351.59903945318916,111.59903945318916
260516_2dsweep_noplunger,sim,f_mean,sim,S11,offset_nan,07_3_TDS-body_Novel-2Dsweep-260516_66.s2p,07_3_TDS-body_Novel-2Dsweep-260516_67.s2p,,,2.8672804543714,2.86728,2.86728,-8.348770974333489,-12.999246990409683,-72.654984018381,-82.24069385288725,-9.585709834506247,350.41429016549375,110.41429016549375
260516_2dsweep_noplunger,sim,f_mean,sim,S11,offset_nan,07_3_TDS-body_Novel-2Dsweep-260516_67.s2p,07_3_TDS-body_Novel-2Dsweep-260516_68.s2p,,,2.8672804543714,2.86728,2.86728,-12.999246990409683,-23.49092003779618,-82.24069385288725,-84.28956593037373,-2.0488720774864646,357.95112792251354,117.95112792251354
260516_2dsweep_noplunger,sim,f_mean,sim,S11,offset_nan,07_3_TDS-body_Novel-2Dsweep-260516_68.s2p,07_3_TDS-body_Novel-2Dsweep-260516_69.s2p,,,2.8672804543714,2.86728,2.86728,-23.49092003779618,-17.852741254791347,-84.28956593037373,76.59142394942174,160.8809898797955,160.8809898797955,-79.1190101202045
260516_2dsweep_noplunger,sim,f_mean,sim,S11,offset_nan,07_3_TDS-body_Novel-2Dsweep-260516_69.s2p,07_3_TDS-body_Novel-2Dsweep-260516_7.s2p,,,2.8672804543714,2.86728,2.86728,-17.852741254791347,-2.5812690858111083,76.59142394942174,55.2286646700968,-21.362759279324933,338.6372407206751,98.6372407206751
260516_2dsweep_noplunger,sim,f_mean,sim,S11,offset_nan,07_3_TDS-body_Novel-2Dsweep-260516_7.s2p,07_3_TDS-body_Novel-2Dsweep-260516_70.s2p,,,2.8672804543714,2.86728,2.86728,-2.5812690858111083,-10.638805049391989,55.2286646700968,66.5176644161597,11.288999746062899,11.288999746062899,-228.7110002539371
260516_2dsweep_noplunger,sim,f_mean,sim,S11,offset_nan,07_3_TDS-body_Novel-2Dsweep-260516_70.s2p,07_3_TDS-body_Novel-2Dsweep-260516_71.s2p,,,2.8672804543714,2.86728,2.86728,-10.638805049391989,-7.199459769634027,66.5176644161597,57.411511257953634,-9.10615315820607,350.8938468417939,110.8938468417939
260516_2dsweep_noplunger,sim,f_mean,sim,S11,offset_nan,07_3_TDS-body_Novel-2Dsweep-260516_71.s2p,07_3_TDS-body_Novel-2Dsweep-260516_72.s2p,,,2.8672804543714,2.86728,2.86728,-7.199459769634027,-5.123013990269369,57.411511257953634,49.180492089742415,-8.231019168211219,351.7689808317888,111.76898083178878
260516_2dsweep_noplunger,sim,f_mean,sim,S11,offset_nan,07_3_TDS-body_Novel-2Dsweep-260516_72.s2p,07_3_TDS-body_Novel-2Dsweep-260516_73.s2p,,,2.8672804543714,2.86728,2.86728,-5.123013990269369,-3.624758716838336,49.180492089742415,-55.662808400228755,-104.84330048997117,255.15669951002883,15.15669951002883
260516_2dsweep_noplunger,sim,f_mean,sim,S11,offset_nan,07_3_TDS-body_Novel-2Dsweep-260516_73.s2p,07_3_TDS-body_Novel-2Dsweep-260516_74.s2p,,,2.8672804543714,2.86728,2.86728,-3.624758716838336,-4.860023013305261,-55.662808400228755,-62.404792336877776,-6.741983936649035,353.25801606335096,113.25801606335096
260516_2dsweep_noplunger,sim,f_mean,sim,S11,offset_nan,07_3_TDS-body_Novel-2Dsweep-260516_74.s2p,07_3_TDS-body_Novel-2Dsweep-260516_75.s2p,,,2.8672804543714,2.86728,2.86728,-4.860023013305261,-6.855676716210467,-62.404792336877776,-70.6022606793679,-8.19746834249014,351.80253165750986,111.80253165750986
260516_2dsweep_noplunger,sim,f_mean,sim,S11,offset_nan,07_3_TDS-body_Novel-2Dsweep-260516_75.s2p,07_3_TDS-body_Novel-2Dsweep-260516_76.s2p,,,2.8672804543714,2.86728,2.86728,-6.855676716210467,-9.982872711028131,-70.6022606793679,-79.66716264747453,-9.064901968106625,350.9350980318934,110.9350980318934
260516_2dsweep_noplunger,sim,f_mean,sim,S11,offset_nan,07_3_TDS-body_Novel-2Dsweep-260516_76.s2p,07_3_TDS-body_Novel-2Dsweep-260516_77.s2p,,,2.8672804543714,2.86728,2.86728,-9.982872711028131,-16.625511391183558,-79.66716264747453,-89.58857474480023,-9.921412097325685,350.0785879026743,110.07858790267431
260516_2dsweep_noplunger,sim,f_mean,sim,S11,offset_nan,07_3_TDS-body_Novel-2Dsweep-260516_77.s2p,07_3_TDS-body_Novel-2Dsweep-260516_78.s2p,,,2.8672804543714,2.86728,2.86728,-16.625511391183558,-27.472886160464746,-89.58857474480023,78.7640259420455,168.35260068684573,168.35260068684573,-71.64739931315427
260516_2dsweep_noplunger,sim,f_mean,sim,S11,offset_nan,07_3_TDS-body_Novel-2Dsweep-260516_78.s2p,07_3_TDS-body_Novel-2Dsweep-260516_79.s2p,,,2.8672804543714,2.86728,2.86728,-27.472886160464746,-12.963318386324394,78.7640259420455,68.227891266907,-10.536134675138499,349.4638653248615,109.4638653248615
260516_2dsweep_noplunger,sim,f_mean,sim,S11,offset_nan,07_3_TDS-body_Novel-2Dsweep-260516_79.s2p,07_3_TDS-body_Novel-2Dsweep-260516_8.s2p,,,2.8672804543714,2.86728,2.86728,-12.963318386324394,-2.000114000430187,68.227891266907,49.13047448216395,-19.097416784743046,340.902583215257,100.90258321525698
260516_2dsweep_noplunger,sim,f_mean,sim,S11,offset_nan,07_3_TDS-body_Novel-2Dsweep-260516_8.s2p,07_3_TDS-body_Novel-2Dsweep-260516_80.s2p,,,2.8672804543714,2.86728,2.86728,-2.000114000430187,-8.570707590547539,49.13047448216395,59.2137109681227,10.083236485958764,10.083236485958764,-229.91676351404124
260516_2dsweep_noplunger,sim,f_mean,sim,S11,offset_nan,07_3_TDS-body_Novel-2Dsweep-260516_80.s2p,07_3_TDS-body_Novel-2Dsweep-260516_81.s2p,,,2.8672804543714,2.86728,2.86728,-8.570707590547539,-5.812620144793238,59.2137109681227,50.040194504580235,-9.173516463542455,350.82648353645754,110.82648353645754
260516_2dsweep_noplunger,sim,f_mean,sim,S11,offset_nan,07_3_TDS-body_Novel-2Dsweep-260516_81.s2p,07_3_TDS-body_Novel-2Dsweep-260516_82.s2p,,,2.8672804543714,2.86728,2.86728,-5.812620144793238,-2.9976221167837327,50.040194504580235,-54.6894186100305,-104.72961311461074,255.27038688538926,15.270386885389257
260516_2dsweep_noplunger,sim,f_mean,sim,S11,offset_nan,07_3_TDS-body_Novel-2Dsweep-260516_82.s2p,07_3_TDS-body_Novel-2Dsweep-260516_83.s2p,,,2.8672804543714,2.86728,2.86728,-2.9976221167837327,-3.9879363202040037,-54.6894186100305,-60.791958832109835,-6.102540222079341,353.89745977792063,113.89745977792063
260516_2dsweep_noplunger,sim,f_mean,sim,S11,offset_nan,07_3_TDS-body_Novel-2Dsweep-260516_83.s2p,07_3_TDS-body_Novel-2Dsweep-260516_84.s2p,,,2.8672804543714,2.86728,2.86728,-3.9879363202040037,-5.614756778349851,-60.791958832109835,-68.60610198322338,-7.814143151113541,352.1858568488865,112.18585684888649
260516_2dsweep_noplunger,sim,f_mean,sim,S11,offset_nan,07_3_TDS-body_Novel-2Dsweep-260516_84.s2p,07_3_TDS-body_Novel-2Dsweep-260516_85.s2p,,,2.8672804543714,2.86728,2.86728,-5.614756778349851,-8.220093687314604,-68.60610198322338,-77.59926700402211,-8.993165020798727,351.00683497920124,111.00683497920124
260516_2dsweep_noplunger,sim,f_mean,sim,S11,offset_nan,07_3_TDS-body_Novel-2Dsweep-260516_85.s2p,07_3_TDS-body_Novel-2Dsweep-260516_86.s2p,,,2.8672804543714,2.86728,2.86728,-8.220093687314604,-13.178996340810802,-77.59926700402211,-87.96937836439987,-10.370111360377763,349.6298886396222,109.62988863962221
260516_2dsweep_noplunger,sim,f_mean,sim,S11,offset_nan,07_3_TDS-body_Novel-2Dsweep-260516_86.s2p,07_3_TDS-body_Novel-2Dsweep-260516_87.s2p,,,2.8672804543714,2.86728,2.86728,-13.178996340810802,-28.984789989156297,-87.96937836439987,-97.78176759570829,-9.81238923130843,350.18761076869157,110.18761076869157
260516_2dsweep_noplunger,sim,f_mean,sim,S11,offset_nan,07_3_TDS-body_Novel-2Dsweep-260516_87.s2p,07_3_TDS-body_Novel-2Dsweep-260516_88.s2p,,,2.8672804543714,2.86728,2.86728,-28.984789989156297,-16.392858072040383,-97.78176759570829,70.41868936862095,168.20045696432925,168.20045696432925,-71.79954303567075
260516_2dsweep_noplunger,sim,f_mean,sim,S11,offset_nan,07_3_TDS-body_Novel-2Dsweep-260516_88.s2p,07_3_TDS-body_Novel-2Dsweep-260516_89.s2p,,,2.8672804543714,2.86728,2.86728,-16.392858072040383,-9.67294517853339,70.41868936862095,59.808364863761966,-10.610324504858966,349.38967549514103,109.38967549514103
260516_2dsweep_noplunger,sim,f_mean,sim,S11,offset_nan,07_3_TDS-body_Novel-2Dsweep-260516_89.s2p,07_3_TDS-body_Novel-2Dsweep-260516_9.s2p,,,2.8672804543714,2.86728,2.86728,-9.67294517853339,-1.6084514890078185,59.808364863761966,44.194400962502456,-15.613963901259524,344.3860360987405,104.38603609874048
260516_2dsweep_noplunger,sim,f_mean,sim,S11,offset_nan,07_3_TDS-body_Novel-2Dsweep-260516_9.s2p,07_3_TDS-body_Novel-2Dsweep-260516_90.s2p,,,2.8672804543714,2.86728,2.86728,-1.6084514890078185,-6.615497222354288,44.194400962502456,50.785898010081944,6.59149704757948,6.59149704757948,-233.40850295242052
260516_2dsweep_noplunger,sim,f_mean,sim,S11,offset_nan,07_3_TDS-body_Novel-2Dsweep-260516_90.s2p,07_3_TDS-body_Novel-2Dsweep-260516_91.s2p,,,2.8672804543714,2.86728,2.86728,-6.615497222354288,-2.575307512279179,50.785898010081944,-54.33375523847269,-105.11965324855464,254.88034675144536,14.880346751445359
260516_2dsweep_noplunger,sim,f_mean,sim,S11,offset_nan,07_3_TDS-body_Novel-2Dsweep-260516_91.s2p,07_3_TDS-body_Novel-2Dsweep-260516_92.s2p,,,2.8672804543714,2.86728,2.86728,-2.575307512279179,-3.5712709327448504,-54.33375523847269,-60.86318943130003,-6.5294341928273525,353.47056580717265,113.47056580717265
260516_2dsweep_noplunger,sim,f_mean,sim,S11,offset_nan,07_3_TDS-body_Novel-2Dsweep-260516_92.s2p,07_3_TDS-body_Novel-2Dsweep-260516_93.s2p,,,2.8672804543714,2.86728,2.86728,-3.5712709327448504,-4.916703415341259,-60.86318943130003,-67.94884640663727,-7.085656975337258,352.91434302466274,112.91434302466274
260516_2dsweep_noplunger,sim,f_mean,sim,S11,offset_nan,07_3_TDS-body_Novel-2Dsweep-260516_93.s2p,07_3_TDS-body_Novel-2Dsweep-260516_94.s2p,,,2.8672804543714,2.86728,2.86728,-4.916703415341259,-6.833030541055136,-67.94884640663727,-75.51826752535644,-7.569421118719163,352.43057888128084,112.43057888128084
260516_2dsweep_noplunger,sim,f_mean,sim,S11,offset_nan,07_3_TDS-body_Novel-2Dsweep-260516_94.s2p,07_3_TDS-body_Novel-2Dsweep-260516_95.s2p,,,2.8672804543714,2.86728,2.86728,-6.833030541055136,-10.492128586752651,-75.51826752535644,-85.55172732736219,-10.033459802005751,349.9665401979943,109.96654019799428
260516_2dsweep_noplunger,sim,f_mean,sim,S11,offset_nan,07_3_TDS-body_Novel-2Dsweep-260516_95.s2p,07_3_TDS-body_Novel-2Dsweep-260516_96.s2p,,,2.8672804543714,2.86728,2.86728,-10.492128586752651,-18.974645602321402,-85.55172732736219,-96.3892921023059,-10.8375647749437,349.1624352250563,109.1624352250563
260516_2dsweep_noplunger,sim,f_mean,sim,S11,offset_nan,07_3_TDS-body_Novel-2Dsweep-260516_96.s2p,07_3_TDS-body_Novel-2Dsweep-260516_97.s2p,,,2.8672804543714,2.86728,2.86728,-18.974645602321402,-23.661133044024048,-96.3892921023059,73.64825169599618,170.03754379830207,170.03754379830207,-69.96245620169793
260516_2dsweep_noplunger,sim,f_mean,sim,S11,offset_nan,07_3_TDS-body_Novel-2Dsweep-260516_97.s2p,07_3_TDS-body_Novel-2Dsweep-260516_98.s2p,,,2.8672804543714,2.86728,2.86728,-23.661133044024048,-12.069484726520871,73.64825169599618,62.41478296883682,-11.233468727159362,348.76653127284067,108.76653127284067
260516_2dsweep_noplunger,sim,f_mean,sim,S11,offset_nan,07_3_TDS-body_Novel-2Dsweep-260516_98.s2p,07_3_TDS-body_Novel-2Dsweep-260516_99.s2p,,,2.8672804543714,2.86728,2.86728,-12.069484726520871,-7.850645983001915,62.41478296883682,52.799754105159096,-9.615028863677708,350.3849711363223,110.38497113632229
260516_2dsweep_noplunger,sim,f_mean,sim,S12,offset_nan,07_3_TDS-body_Novel-2Dsweep-260516_1.s2p,07_3_TDS-body_Novel-2Dsweep-260516_10.s2p,,,2.8672804543714,2.86728,2.86728,-0.10464692523531631,-0.0045803573723495845,19.291371414568058,21.307065691484024,2.0156942769159514,2.0156942769159514,-237.98430572308405
260516_2dsweep_noplunger,sim,f_mean,sim,S12,offset_nan,07_3_TDS-body_Novel-2Dsweep-260516_10.s2p,07_3_TDS-body_Novel-2Dsweep-260516_100.s2p,,,2.8672804543714,2.86728,2.86728,-0.0045803573723495845,-4.386972496507261,21.307065691484024,38.3290627888558,17.02199709737178,17.02199709737178,-222.97800290262822
260516_2dsweep_noplunger,sim,f_mean,sim,S12,offset_nan,07_3_TDS-body_Novel-2Dsweep-260516_100.s2p,07_3_TDS-body_Novel-2Dsweep-260516_101.s2p,,,2.8672804543714,2.86728,2.86728,-4.386972496507261,-3.2618761523287745,38.3290627888558,32.17099061584242,-6.15807217301338,353.84192782698665,113.84192782698665
260516_2dsweep_noplunger,sim,f_mean,sim,S12,offset_nan,07_3_TDS-body_Novel-2Dsweep-260516_101.s2p,07_3_TDS-body_Novel-2Dsweep-260516_102.s2p,,,2.8672804543714,2.86728,2.86728,-3.2618761523287745,-2.2917917556209475,32.17099061584242,25.286270830795814,-6.884719785046599,353.1152802149534,113.11528021495337
260516_2dsweep_noplunger,sim,f_mean,sim,S12,offset_nan,07_3_TDS-body_Novel-2Dsweep-260516_102.s2p,07_3_TDS-body_Novel-2Dsweep-260516_103.s2p,,,2.8672804543714,2.86728,2.86728,-2.2917917556209475,-1.4075066377577816,25.286270830795814,17.06766233341783,-8.218608497378,351.781391502622,111.781391502622
260516_2dsweep_noplunger,sim,f_mean,sim,S12,offset_nan,07_3_TDS-body_Novel-2Dsweep-260516_103.s2p,07_3_TDS-body_Novel-2Dsweep-260516_104.s2p,,,2.8672804543714,2.86728,2.86728,-1.4075066377577816,-0.6081713351471457,17.06766233341783,-36.15016060273571,-53.21782293615354,306.78217706384646,66.78217706384646
260516_2dsweep_noplunger,sim,f_mean,sim,S12,offset_nan,07_3_TDS-body_Novel-2Dsweep-260516_104.s2p,07_3_TDS-body_Novel-2Dsweep-260516_105.s2p,,,2.8672804543714,2.86728,2.86728,-0.6081713351471457,-3.8585232787028962,-36.15016060273571,33.81541421639803,69.96557481913374,69.96557481913374,-170.03442518086626
260516_2dsweep_noplunger,sim,f_mean,sim,S12,offset_nan,07_3_TDS-body_Novel-2Dsweep-260516_105.s2p,07_3_TDS-body_Novel-2Dsweep-260516_106.s2p,,,2.8672804543714,2.86728,2.86728,-3.8585232787028962,-2.7361939801749333,33.81541421639803,26.952799165902128,-6.86261505049589,353.1373849495041,113.13738494950411
260516_2dsweep_noplunger,sim,f_mean,sim,S12,offset_nan,07_3_TDS-body_Novel-2Dsweep-260516_106.s2p,07_3_TDS-body_Novel-2Dsweep-260516_107.s2p,,,2.8672804543714,2.86728,2.86728,-2.7361939801749333,-0.9004117949070225,26.952799165902128,9.323751629762256,-17.629047536139865,342.37095246386014,102.37095246386014
260516_2dsweep_noplunger,sim,f_mean,sim,S12,offset_nan,07_3_TDS-body_Novel-2Dsweep-260516_107.s2p,07_3_TDS-body_Novel-2Dsweep-260516_108.s2p,,,2.8672804543714,2.86728,2.86728,-0.9004117949070225,-0.29910389720287733,9.323751629762256,-1.4425855570316037,-10.766337186793862,349.23366281320614,109.23366281320614
260516_2dsweep_noplunger,sim,f_mean,sim,S12,offset_nan,07_3_TDS-body_Novel-2Dsweep-260516_108.s2p,07_3_TDS-body_Novel-2Dsweep-260516_109.s2p,,,2.8672804543714,2.86728,2.86728,-0.29910389720287733,-0.020001777761083774,-1.4425855570316037,-12.43995783171589,-10.997372274684295,349.00262772531573,109.00262772531573
260516_2dsweep_noplunger,sim,f_mean,sim,S12,offset_nan,07_3_TDS-body_Novel-2Dsweep-260516_109.s2p,07_3_TDS-body_Novel-2Dsweep-260516_11.s2p,,,2.8672804543714,2.86728,2.86728,-0.020001777761083774,-0.11507845808383398,-12.43995783171589,11.128894560073098,23.568852391788994,23.568852391788994,-216.431147608211
260516_2dsweep_noplunger,sim,f_mean,sim,S12,offset_nan,07_3_TDS-body_Novel-2Dsweep-260516_11.s2p,07_3_TDS-body_Novel-2Dsweep-260516_110.s2p,,,2.8672804543714,2.86728,2.86728,-0.11507845808383398,-0.0857519968126595,11.128894560073098,-24.461238493906887,-35.59013305397997,324.40986694602003,84.40986694602003
260516_2dsweep_noplunger,sim,f_mean,sim,S12,offset_nan,07_3_TDS-body_Novel-2Dsweep-260516_110.s2p,07_3_TDS-body_Novel-2Dsweep-260516_111.s2p,,,2.8672804543714,2.86728,2.86728,-0.0857519968126595,-0.6445897535194013,-24.461238493906887,-38.3156573171684,-13.854418823261511,346.14558117673846,106.14558117673846
260516_2dsweep_noplunger,sim,f_mean,sim,S12,offset_nan,07_3_TDS-body_Novel-2Dsweep-260516_111.s2p,07_3_TDS-body_Novel-2Dsweep-260516_112.s2p,,,2.8672804543714,2.86728,2.86728,-0.6445897535194013,-0.6447026579911214,-38.3156573171684,7.118679969120332,45.434337286288724,45.434337286288724,-194.56566271371128
260516_2dsweep_noplunger,sim,f_mean,sim,S12,offset_nan,07_3_TDS-body_Novel-2Dsweep-260516_112.s2p,07_3_TDS-body_Novel-2Dsweep-260516_113.s2p,,,2.8672804543714,2.86728,2.86728,-0.6447026579911214,-0.18075837450468252,7.118679969120332,-3.1984237158173072,-10.31710368493765,349.68289631506235,109.68289631506235
260516_2dsweep_noplunger,sim,f_mean,sim,S12,offset_nan,07_3_TDS-body_Novel-2Dsweep-260516_113.s2p,07_3_TDS-body_Novel-2Dsweep-260516_114.s2p,,,2.8672804543714,2.86728,2.86728,-0.18075837450468252,0.0005249090901559316,-3.1984237158173072,-14.848815998841367,-11.650392283024047,348.3496077169759,108.34960771697592
260516_2dsweep_noplunger,sim,f_mean,sim,S12,offset_nan,07_3_TDS-body_Novel-2Dsweep-260516_114.s2p,07_3_TDS-body_Novel-2Dsweep-260516_115.s2p,,,2.8672804543714,2.86728,2.86728,0.0005249090901559316,-0.16070293785698495,-14.848815998841367,-25.91736601915104,-11.068550020309658,348.93144997969034,108.93144997969034
260516_2dsweep_noplunger,sim,f_mean,sim,S12,offset_nan,07_3_TDS-body_Novel-2Dsweep-260516_115.s2p,07_3_TDS-body_Novel-2Dsweep-260516_116.s2p,,,2.8672804543714,2.86728,2.86728,-0.16070293785698495,-4.848797141678586,-25.91736601915104,38.90989799467841,64.82726401382945,64.82726401382945,-175.17273598617055
260516_2dsweep_noplunger,sim,f_mean,sim,S12,offset_nan,07_3_TDS-body_Novel-2Dsweep-260516_116.s2p,07_3_TDS-body_Novel-2Dsweep-260516_117.s2p,,,2.8672804543714,2.86728,2.86728,-4.848797141678586,-1.7525711714487147,38.90989799467841,18.842771538963518,-20.067126455714885,339.93287354428514,99.93287354428514
260516_2dsweep_noplunger,sim,f_mean,sim,S12,offset_nan,07_3_TDS-body_Novel-2Dsweep-260516_117.s2p,07_3_TDS-body_Novel-2Dsweep-260516_12.s2p,,,2.8672804543714,2.86728,2.86728,-1.7525711714487147,-0.38074737710089657,18.842771538963518,0.9222177961563099,-17.920553742807215,342.0794462571928,102.07944625719279
260516_2dsweep_noplunger,sim,f_mean,sim,S12,offset_nan,07_3_TDS-body_Novel-2Dsweep-260516_12.s2p,07_3_TDS-body_Novel-2Dsweep-260516_13.s2p,,,2.8672804543714,2.86728,2.86728,-0.38074737710089657,-0.8314706801200544,0.9222177961563099,-9.142564986536337,-10.064782782692646,349.93521721730735,109.93521721730735
260516_2dsweep_noplunger,sim,f_mean,sim,S12,offset_nan,07_3_TDS-body_Novel-2Dsweep-260516_13.s2p,07_3_TDS-body_Novel-2Dsweep-260516_14.s2p,,,2.8672804543714,2.86728,2.86728,-0.8314706801200544,-1.4459363879498093,-9.142564986536337,-18.54217749133547,-9.399612504799137,350.60038749520083,110.60038749520083
260516_2dsweep_noplunger,sim,f_mean,sim,S12,offset_nan,07_3_TDS-body_Novel-2Dsweep-260516_14.s2p,07_3_TDS-body_Novel-2Dsweep-260516_15.s2p,,,2.8672804543714,2.86728,2.86728,-1.4459363879498093,-2.1564281912240157,-18.54217749133547,-26.80603644849151,-8.263858957156032,351.736141042844,111.736141042844
260516_2dsweep_noplunger,sim,f_mean,sim,S12,offset_nan,07_3_TDS-body_Novel-2Dsweep-260516_15.s2p,07_3_TDS-body_Novel-2Dsweep-260516_16.s2p,,,2.8672804543714,2.86728,2.86728,-2.1564281912240157,-2.9323497626278563,-26.80603644849151,-34.06094969105756,-7.254913242566033,352.74508675743397,112.74508675743397
260516_2dsweep_noplunger,sim,f_mean,sim,S12,offset_nan,07_3_TDS-body_Novel-2Dsweep-260516_16.s2p,07_3_TDS-body_Novel-2Dsweep-260516_17.s2p,,,2.8672804543714,2.86728,2.86728,-2.9323497626278563,-3.7313743302756213,-34.06094969105756,-40.35806193759916,-6.297112246541587,353.7028877534584,113.70288775345841
260516_2dsweep_noplunger,sim,f_mean,sim,S12,offset_nan,07_3_TDS-body_Novel-2Dsweep-260516_17.s2p,07_3_TDS-body_Novel-2Dsweep-260516_18.s2p,,,2.8672804543714,2.86728,2.86728,-3.7313743302756213,-4.5678570438687585,-40.35806193759916,-45.87885603177984,-5.520794094180673,354.4792059058193,114.4792059058193
260516_2dsweep_noplunger,sim,f_mean,sim,S12,offset_nan,07_3_TDS-body_Novel-2Dsweep-260516_18.s2p,07_3_TDS-body_Novel-2Dsweep-260516_19.s2p,,,2.8672804543714,2.86728,2.86728,-4.5678570438687585,-0.03279386226663725,-45.87885603177984,23.228469275170294,69.10732530695014,69.10732530695014,-170.89267469304986
260516_2dsweep_noplunger,sim,f_mean,sim,S12,offset_nan,07_3_TDS-body_Novel-2Dsweep-260516_19.s2p,07_3_TDS-body_Novel-2Dsweep-260516_2.s2p,,,2.8672804543714,2.86728,2.86728,-0.03279386226663725,-0.33310147513206595,23.228469275170294,8.883287605167862,-14.345181670002432,345.65481832999757,105.65481832999757
260516_2dsweep_noplunger,sim,f_mean,sim,S12,offset_nan,07_3_TDS-body_Novel-2Dsweep-260516_2.s2p,07_3_TDS-body_Novel-2Dsweep-260516_20.s2p,,,2.8672804543714,2.86728,2.86728,-0.33310147513206595,-0.009072429530786666,8.883287605167862,13.182144683733718,4.298857078565845,4.298857078565845,-235.70114292143415
260516_2dsweep_noplunger,sim,f_mean,sim,S12,offset_nan,07_3_TDS-body_Novel-2Dsweep-260516_20.s2p,07_3_TDS-body_Novel-2Dsweep-260516_21.s2p,,,2.8672804543714,2.86728,2.86728,-0.009072429530786666,-0.14726404196595222,13.182144683733718,3.166941361280451,-10.01520332245326,349.98479667754674,109.98479667754674
260516_2dsweep_noplunger,sim,f_mean,sim,S12,offset_nan,07_3_TDS-body_Novel-2Dsweep-260516_21.s2p,07_3_TDS-body_Novel-2Dsweep-260516_22.s2p,,,2.8672804543714,2.86728,2.86728,-0.14726404196595222,-0.4815366162007601,3.166941361280451,-7.001005334161801,-10.167946695442254,349.83205330455775,109.83205330455775
260516_2dsweep_noplunger,sim,f_mean,sim,S12,offset_nan,07_3_TDS-body_Novel-2Dsweep-260516_22.s2p,07_3_TDS-body_Novel-2Dsweep-260516_23.s2p,,,2.8672804543714,2.86728,2.86728,-0.4815366162007601,-1.0089886570064879,-7.001005334161801,-16.846639117322933,-9.845633783161134,350.15436621683887,110.15436621683887
260516_2dsweep_noplunger,sim,f_mean,sim,S12,offset_nan,07_3_TDS-body_Novel-2Dsweep-260516_23.s2p,07_3_TDS-body_Novel-2Dsweep-260516_24.s2p,,,2.8672804543714,2.86728,2.86728,-1.0089886570064879,-1.6715945651299757,-16.846639117322933,-25.61266814954472,-8.76602903222178,351.2339709677782,111.23397096777819
260516_2dsweep_noplunger,sim,f_mean,sim,S12,offset_nan,07_3_TDS-body_Novel-2Dsweep-260516_24.s2p,07_3_TDS-body_Novel-2Dsweep-260516_25.s2p,,,2.8672804543714,2.86728,2.86728,-1.6715945651299757,-2.4334229919879293,-25.61266814954472,-33.38810320509353,-7.775435055548797,352.22456494445123,112.22456494445123
260516_2dsweep_noplunger,sim,f_mean,sim,S12,offset_nan,07_3_TDS-body_Novel-2Dsweep-260516_25.s2p,07_3_TDS-body_Novel-2Dsweep-260516_26.s2p,,,2.8672804543714,2.86728,2.86728,-2.4334229919879293,-3.235413623327279,-33.38810320509353,-40.08440361039129,-6.696300405297762,353.30369959470227,113.30369959470227
260516_2dsweep_noplunger,sim,f_mean,sim,S12,offset_nan,07_3_TDS-body_Novel-2Dsweep-260516_26.s2p,07_3_TDS-body_Novel-2Dsweep-260516_27.s2p,,,2.8672804543714,2.86728,2.86728,-3.235413623327279,-4.050559604251388,-40.08440361039129,-45.83262549447758,-5.748221884086291,354.2517781159137,114.25177811591368
260516_2dsweep_noplunger,sim,f_mean,sim,S12,offset_nan,07_3_TDS-body_Novel-2Dsweep-260516_27.s2p,07_3_TDS-body_Novel-2Dsweep-260516_28.s2p,,,2.8672804543714,2.86728,2.86728,-4.050559604251388,-0.2595439040186554,-45.83262549447758,27.51230286855738,73.34492836303497,73.34492836303497,-166.65507163696503
260516_2dsweep_noplunger,sim,f_mean,sim,S12,offset_nan,07_3_TDS-body_Novel-2Dsweep-260516_28.s2p,07_3_TDS-body_Novel-2Dsweep-260516_29.s2p,,,2.8672804543714,2.86728,2.86728,-0.2595439040186554,-0.05800557837597444,27.51230286855738,18.077988339126417,-9.434314529430964,350.56568547056906,110.56568547056906
260516_2dsweep_noplunger,sim,f_mean,sim,S12,offset_nan,07_3_TDS-body_Novel-2Dsweep-260516_29.s2p,07_3_TDS-body_Novel-2Dsweep-260516_3.s2p,,,2.8672804543714,2.86728,2.86728,-0.05800557837597444,-0.7344149132121601,18.077988339126417,-1.5769952177103914,-19.65498355683681,340.3450164431632,100.34501644316322
260516_2dsweep_noplunger,sim,f_mean,sim,S12,offset_nan,07_3_TDS-body_Novel-2Dsweep-260516_3.s2p,07_3_TDS-body_Novel-2Dsweep-260516_30.s2p,,,2.8672804543714,2.86728,2.86728,-0.7344149132121601,-0.0031539093963076797,-1.5769952177103914,8.319092690773097,9.89608790848348,9.89608790848348,-230.10391209151652
260516_2dsweep_noplunger,sim,f_mean,sim,S12,offset_nan,07_3_TDS-body_Novel-2Dsweep-260516_30.s2p,07_3_TDS-body_Novel-2Dsweep-260516_31.s2p,,,2.8672804543714,2.86728,2.86728,-0.0031539093963076797,-0.13860100689618893,8.319092690773097,-1.9444688374813384,-10.263561528254428,349.7364384717456,109.7364384717456
260516_2dsweep_noplunger,sim,f_mean,sim,S12,offset_nan,07_3_TDS-body_Novel-2Dsweep-260516_31.s2p,07_3_TDS-body_Novel-2Dsweep-260516_32.s2p,,,2.8672804543714,2.86728,2.86728,-0.13860100689618893,-0.47598338631685994,-1.9444688374813384,-11.806251048901396,-9.861782211420064,350.13821778857994,110.13821778857994
260516_2dsweep_noplunger,sim,f_mean,sim,S12,offset_nan,07_3_TDS-body_Novel-2Dsweep-260516_32.s2p,07_3_TDS-body_Novel-2Dsweep-260516_33.s2p,,,2.8672804543714,2.86728,2.86728,-0.47598338631685994,-0.9840877442206408,-11.806251048901396,-20.963461265881747,-9.15721021698036,350.8427897830196,110.84278978301961
260516_2dsweep_noplunger,sim,f_mean,sim,S12,offset_nan,07_3_TDS-body_Novel-2Dsweep-260516_33.s2p,07_3_TDS-body_Novel-2Dsweep-260516_34.s2p,,,2.8672804543714,2.86728,2.86728,-0.9840877442206408,-1.669398777010881,-20.963461265881747,-29.70871984120418,-8.745258575322424,351.2547414246776,111.2547414246776
260516_2dsweep_noplunger,sim,f_mean,sim,S12,offset_nan,07_3_TDS-body_Novel-2Dsweep-260516_34.s2p,07_3_TDS-body_Novel-2Dsweep-260516_35.s2p,,,2.8672804543714,2.86728,2.86728,-1.669398777010881,-2.4115387923668967,-29.70871984120418,-36.999562971385885,-7.290843130181713,352.7091568698183,112.70915686981829
260516_2dsweep_noplunger,sim,f_mean,sim,S12,offset_nan,07_3_TDS-body_Novel-2Dsweep-260516_35.s2p,07_3_TDS-body_Novel-2Dsweep-260516_36.s2p,,,2.8672804543714,2.86728,2.86728,-2.4115387923668967,-3.197780198466395,-36.999562971385885,-43.34060682974398,-6.341043858358091,353.6589561416419,113.65895614164191
260516_2dsweep_noplunger,sim,f_mean,sim,S12,offset_nan,07_3_TDS-body_Novel-2Dsweep-260516_36.s2p,07_3_TDS-body_Novel-2Dsweep-260516_37.s2p,,,2.8672804543714,2.86728,2.86728,-3.197780198466395,-0.5474926690975142,-43.34060682974398,28.96339410187433,72.3040009316183,72.3040009316183,-167.6959990683817
260516_2dsweep_noplunger,sim,f_mean,sim,S12,offset_nan,07_3_TDS-body_Novel-2Dsweep-260516_37.s2p,07_3_TDS-body_Novel-2Dsweep-260516_38.s2p,,,2.8672804543714,2.86728,2.86728,-0.5474926690975142,-0.22903788760371036,28.96339410187433,20.379467469350644,-8.583926632523685,351.4160733674763,111.41607336747632
260516_2dsweep_noplunger,sim,f_mean,sim,S12,offset_nan,07_3_TDS-body_Novel-2Dsweep-260516_38.s2p,07_3_TDS-body_Novel-2Dsweep-260516_39.s2p,,,2.8672804543714,2.86728,2.86728,-0.22903788760371036,-0.030933228484427124,20.379467469350644,10.676711907639664,-9.702755561710973,350.297244438289,110.297244438289
260516_2dsweep_noplunger,sim,f_mean,sim,S12,offset_nan,07_3_TDS-body_Novel-2Dsweep-260516_39.s2p,07_3_TDS-body_Novel-2Dsweep-260516_4.s2p,,,2.8672804543714,2.86728,2.86728,-0.030933228484427124,-1.2842546252693907,10.676711907639664,-11.253294562476615,-21.93000647011627,338.06999352988373,98.06999352988373
260516_2dsweep_noplunger,sim,f_mean,sim,S12,offset_nan,07_3_TDS-body_Novel-2Dsweep-260516_4.s2p,07_3_TDS-body_Novel-2Dsweep-260516_40.s2p,,,2.8672804543714,2.86728,2.86728,-1.2842546252693907,-0.02286522295843524,-11.253294562476615,0.5452691578573622,11.798563720333988,11.798563720333988,-228.201436279666
260516_2dsweep_noplunger,sim,f_mean,sim,S12,offset_nan,07_3_TDS-body_Novel-2Dsweep-260516_40.s2p,07_3_TDS-body_Novel-2Dsweep-260516_41.s2p,,,2.8672804543714,2.86728,2.86728,-0.02286522295843524,-0.2328990433864227,0.5452691578573622,-9.587687802813615,-10.132956960670981,349.867043039329,109.86704303932902
260516_2dsweep_noplunger,sim,f_mean,sim,S12,offset_nan,07_3_TDS-body_Novel-2Dsweep-260516_41.s2p,07_3_TDS-body_Novel-2Dsweep-260516_42.s2p,,,2.8672804543714,2.86728,2.86728,-0.2328990433864227,-0.6611023596466206,-9.587687802813615,-19.404180457264538,-9.816492654450911,350.18350734554906,110.18350734554906
260516_2dsweep_noplunger,sim,f_mean,sim,S12,offset_nan,07_3_TDS-body_Novel-2Dsweep-260516_42.s2p,07_3_TDS-body_Novel-2Dsweep-260516_43.s2p,,,2.8672804543714,2.86728,2.86728,-0.6611023596466206,-1.247134902437124,-19.404180457264538,-28.125787699161656,-8.721607241897118,351.2783927581029,111.27839275810288
260516_2dsweep_noplunger,sim,f_mean,sim,S12,offset_nan,07_3_TDS-body_Novel-2Dsweep-260516_43.s2p,07_3_TDS-body_Novel-2Dsweep-260516_44.s2p,,,2.8672804543714,2.86728,2.86728,-1.247134902437124,-1.9411523706535427,-28.125787699161656,-35.860790030868166,-7.735002331706511,352.2649976682935,112.26499766829352
260516_2dsweep_noplunger,sim,f_mean,sim,S12,offset_nan,07_3_TDS-body_Novel-2Dsweep-260516_44.s2p,07_3_TDS-body_Novel-2Dsweep-260516_45.s2p,,,2.8672804543714,2.86728,2.86728,-1.9411523706535427,-2.710896589453454,-35.860790030868166,-42.65071780572252,-6.7899277748543625,353.2100722251456,113.21007222514561
260516_2dsweep_noplunger,sim,f_mean,sim,S12,offset_nan,07_3_TDS-body_Novel-2Dsweep-260516_45.s2p,07_3_TDS-body_Novel-2Dsweep-260516_46.s2p,,,2.8672804543714,2.86728,2.86728,-2.710896589453454,-0.94500725996004,-42.65071780572252,30.562435992357695,73.21315379808021,73.21315379808021,-166.7868462019198
260516_2dsweep_noplunger,sim,f_mean,sim,S12,offset_nan,07_3_TDS-body_Novel-2Dsweep-260516_46.s2p,07_3_TDS-body_Novel-2Dsweep-260516_47.s2p,,,2.8672804543714,2.86728,2.86728,-0.94500725996004,-0.4989162309986157,30.562435992357695,22.36713164167736,-8.195304350680345,351.8046956493197,111.80469564931968
260516_2dsweep_noplunger,sim,f_mean,sim,S12,offset_nan,07_3_TDS-body_Novel-2Dsweep-260516_47.s2p,07_3_TDS-body_Novel-2Dsweep-260516_48.s2p,,,2.8672804543714,2.86728,2.86728,-0.4989162309986157,-0.16018051897436877,22.36713164167736,13.046645263766383,-9.320486377910981,350.679513622089,110.67951362208902
260516_2dsweep_noplunger,sim,f_mean,sim,S12,offset_nan,07_3_TDS-body_Novel-2Dsweep-260516_48.s2p,07_3_TDS-body_Novel-2Dsweep-260516_49.s2p,,,2.8672804543714,2.86728,2.86728,-0.16018051897436877,-0.0053210053181708935,13.046645263766383,3.0998173536255536,-9.946827910140826,350.0531720898592,110.05317208985917
260516_2dsweep_noplunger,sim,f_mean,sim,S12,offset_nan,07_3_TDS-body_Novel-2Dsweep-260516_49.s2p,07_3_TDS-body_Novel-2Dsweep-260516_5.s2p,,,2.8672804543714,2.86728,2.86728,-0.0053210053181708935,-1.9533307271614024,3.0998173536255536,-20.087210748897935,-23.1870281025235,336.8129718974765,96.81297189747647
260516_2dsweep_noplunger,sim,f_mean,sim,S12,offset_nan,07_3_TDS-body_Novel-2Dsweep-260516_5.s2p,07_3_TDS-body_Novel-2Dsweep-260516_50.s2p,,,2.8672804543714,2.86728,2.86728,-1.9533307271614024,-0.08428146428106068,-20.087210748897935,-7.130317654163809,12.956893094734113,12.956893094734113,-227.0431069052659
260516_2dsweep_noplunger,sim,f_mean,sim,S12,offset_nan,07_3_TDS-body_Novel-2Dsweep-260516_50.s2p,07_3_TDS-body_Novel-2Dsweep-260516_51.s2p,,,2.8672804543714,2.86728,2.86728,-0.08428146428106068,-0.3896354611838896,-7.130317654163809,-17.414797113762944,-10.28447945959914,349.71552054040086,109.71552054040086
260516_2dsweep_noplunger,sim,f_mean,sim,S12,offset_nan,07_3_TDS-body_Novel-2Dsweep-260516_51.s2p,07_3_TDS-body_Novel-2Dsweep-260516_52.s2p,,,2.8672804543714,2.86728,2.86728,-0.3896354611838896,-0.9098537295902347,-17.414797113762944,-26.826967438615704,-9.412170324852752,350.58782967514725,110.58782967514725
260516_2dsweep_noplunger,sim,f_mean,sim,S12,offset_nan,07_3_TDS-body_Novel-2Dsweep-260516_52.s2p,07_3_TDS-body_Novel-2Dsweep-260516_53.s2p,,,2.8672804543714,2.86728,2.86728,-0.9098537295902347,-1.565229869012978,-26.826967438615704,-35.08138969331654,-8.254422254700842,351.74557774529916,111.74557774529916
260516_2dsweep_noplunger,sim,f_mean,sim,S12,offset_nan,07_3_TDS-body_Novel-2Dsweep-260516_53.s2p,07_3_TDS-body_Novel-2Dsweep-260516_54.s2p,,,2.8672804543714,2.86728,2.86728,-1.565229869012978,-2.309188911924853,-35.08138969331654,-42.18740350364473,-7.106013810328193,352.8939861896718,112.8939861896718
260516_2dsweep_noplunger,sim,f_mean,sim,S12,offset_nan,07_3_TDS-body_Novel-2Dsweep-260516_54.s2p,07_3_TDS-body_Novel-2Dsweep-260516_55.s2p,,,2.8672804543714,2.86728,2.86728,-2.309188911924853,-1.4215989796985826,-42.18740350364473,32.2130786564686,74.40048216011334,74.40048216011334,-165.59951783988666
260516_2dsweep_noplunger,sim,f_mean,sim,S12,offset_nan,07_3_TDS-body_Novel-2Dsweep-260516_55.s2p,07_3_TDS-body_Novel-2Dsweep-260516_56.s2p,,,2.8672804543714,2.86728,2.86728,-1.4215989796985826,-0.8284514391010923,32.2130786564686,23.96003613753382,-8.253042518934791,351.74695748106524,111.74695748106524
260516_2dsweep_noplunger,sim,f_mean,sim,S12,offset_nan,07_3_TDS-body_Novel-2Dsweep-260516_56.s2p,07_3_TDS-body_Novel-2Dsweep-260516_57.s2p,,,2.8672804543714,2.86728,2.86728,-0.8284514391010923,-0.40037455940603506,23.96003613753382,16.438522219385778,-7.521513918148031,352.478486081852,112.478486081852
260516_2dsweep_noplunger,sim,f_mean,sim,S12,offset_nan,07_3_TDS-body_Novel-2Dsweep-260516_57.s2p,07_3_TDS-body_Novel-2Dsweep-260516_58.s2p,,,2.8672804543714,2.86728,2.86728,-0.40037455940603506,-0.06942632803198111,16.438522219385778,5.242731693654023,-11.195790525731752,348.80420947426825,108.80420947426825
260516_2dsweep_noplunger,sim,f_mean,sim,S12,offset_nan,07_3_TDS-body_Novel-2Dsweep-260516_58.s2p,07_3_TDS-body_Novel-2Dsweep-260516_59.s2p,,,2.8672804543714,2.86728,2.86728,-0.06942632803198111,0.012687474680070088,5.242731693654023,-4.536043408957833,-9.77877510261186,350.22122489738814,110.22122489738814
260516_2dsweep_noplunger,sim,f_mean,sim,S12,offset_nan,07_3_TDS-body_Novel-2Dsweep-260516_59.s2p,07_3_TDS-body_Novel-2Dsweep-260516_6.s2p,,,2.8672804543714,2.86728,2.86728,0.012687474680070088,-2.686658678145895,-4.536043408957833,-27.825851455146125,-23.289808046188284,336.7101919538117,96.71019195381172
260516_2dsweep_noplunger,sim,f_mean,sim,S12,offset_nan,07_3_TDS-body_Novel-2Dsweep-260516_6.s2p,07_3_TDS-body_Novel-2Dsweep-260516_60.s2p,,,2.8672804543714,2.86728,2.86728,-2.686658678145895,-0.1915500233984429,-27.825851455146125,-15.27890437715732,12.546947077988818,12.546947077988818,-227.45305292201118
260516_2dsweep_noplunger,sim,f_mean,sim,S12,offset_nan,07_3_TDS-body_Novel-2Dsweep-260516_60.s2p,07_3_TDS-body_Novel-2Dsweep-260516_61.s2p,,,2.8672804543714,2.86728,2.86728,-0.1915500233984429,-0.629399821940176,-15.27890437715732,-25.281850799109836,-10.002946421952515,349.9970535780475,109.99705357804748
260516_2dsweep_noplunger,sim,f_mean,sim,S12,offset_nan,07_3_TDS-body_Novel-2Dsweep-260516_61.s2p,07_3_TDS-body_Novel-2Dsweep-260516_62.s2p,,,2.8672804543714,2.86728,2.86728,-0.629399821940176,-1.2135520068223378,-25.281850799109836,-33.85180948568923,-8.569958686579383,351.4300413134206,111.43004131342059
260516_2dsweep_noplunger,sim,f_mean,sim,S12,offset_nan,07_3_TDS-body_Novel-2Dsweep-260516_62.s2p,07_3_TDS-body_Novel-2Dsweep-260516_63.s2p,,,2.8672804543714,2.86728,2.86728,-1.2135520068223378,-1.9475349108609465,-33.85180948568923,-41.63280933539628,-7.780999849707058,352.2190001502929,112.21900015029291
260516_2dsweep_noplunger,sim,f_mean,sim,S12,offset_nan,07_3_TDS-body_Novel-2Dsweep-260516_63.s2p,07_3_TDS-body_Novel-2Dsweep-260516_64.s2p,,,2.8672804543714,2.86728,2.86728,-1.9475349108609465,-1.914932308939059,-41.63280933539628,33.095138435087605,74.7279477704839,74.7279477704839,-165.2720522295161
260516_2dsweep_noplunger,sim,f_mean,sim,S12,offset_nan,07_3_TDS-body_Novel-2Dsweep-260516_64.s2p,07_3_TDS-body_Novel-2Dsweep-260516_65.s2p,,,2.8672804543714,2.86728,2.86728,-1.914932308939059,-1.2407555638256793,33.095138435087605,25.773270153233316,-7.321868281854279,352.6781317181457,112.67813171814572
260516_2dsweep_noplunger,sim,f_mean,sim,S12,offset_nan,07_3_TDS-body_Novel-2Dsweep-260516_65.s2p,07_3_TDS-body_Novel-2Dsweep-260516_66.s2p,,,2.8672804543714,2.86728,2.86728,-1.2407555638256793,-0.6551822934451732,25.773270153233316,17.850571997876347,-7.922698155356954,352.07730184464305,112.07730184464305
260516_2dsweep_noplunger,sim,f_mean,sim,S12,offset_nan,07_3_TDS-body_Novel-2Dsweep-260516_66.s2p,07_3_TDS-body_Novel-2Dsweep-260516_67.s2p,,,2.8672804543714,2.86728,2.86728,-0.6551822934451732,-0.2262209461040423,17.850571997876347,7.7929257060053665,-10.05764629187098,349.942353708129,109.94235370812902
260516_2dsweep_noplunger,sim,f_mean,sim,S12,offset_nan,07_3_TDS-body_Novel-2Dsweep-260516_67.s2p,07_3_TDS-body_Novel-2Dsweep-260516_68.s2p,,,2.8672804543714,2.86728,2.86728,-0.2262209461040423,-0.0765486435177837,7.7929257060053665,-1.7916928446014495,-9.58461855060682,350.4153814493932,110.41538144939318
260516_2dsweep_noplunger,sim,f_mean,sim,S12,offset_nan,07_3_TDS-body_Novel-2Dsweep-260516_68.s2p,07_3_TDS-body_Novel-2Dsweep-260516_69.s2p,,,2.8672804543714,2.86728,2.86728,-0.0765486435177837,-0.07344119085176222,-1.7916928446014495,-13.346646118080374,-11.55495327347893,348.44504672652107,108.44504672652107
260516_2dsweep_noplunger,sim,f_mean,sim,S12,offset_nan,07_3_TDS-body_Novel-2Dsweep-260516_69.s2p,07_3_TDS-body_Novel-2Dsweep-260516_7.s2p,,,2.8672804543714,2.86728,2.86728,-0.07344119085176222,-3.4850417520355457,-13.346646118080374,-34.7130295996526,-21.366383481572228,338.63361651842774,98.63361651842774
260516_2dsweep_noplunger,sim,f_mean,sim,S12,offset_nan,07_3_TDS-body_Novel-2Dsweep-260516_7.s2p,07_3_TDS-body_Novel-2Dsweep-260516_70.s2p,,,2.8672804543714,2.86728,2.86728,-3.4850417520355457,-0.3916767311989191,-34.7130295996526,-23.442512779084016,11.270516820568588,11.270516820568588,-228.7294831794314
260516_2dsweep_noplunger,sim,f_mean,sim,S12,offset_nan,07_3_TDS-body_Novel-2Dsweep-260516_70.s2p,07_3_TDS-body_Novel-2Dsweep-260516_71.s2p,,,2.8672804543714,2.86728,2.86728,-0.3916767311989191,-0.9199976436533193,-23.442512779084016,-32.57906896557376,-9.136556186489742,350.86344381351023,110.86344381351023
260516_2dsweep_noplunger,sim,f_mean,sim,S12,offset_nan,07_3_TDS-body_Novel-2Dsweep-260516_71.s2p,07_3_TDS-body_Novel-2Dsweep-260516_72.s2p,,,2.8672804543714,2.86728,2.86728,-0.9199976436533193,-1.604085777029847,-32.57906896557376,-40.71504409996302,-8.13597513438927,351.86402486561076,111.86402486561076
260516_2dsweep_noplunger,sim,f_mean,sim,S12,offset_nan,07_3_TDS-body_Novel-2Dsweep-260516_72.s2p,07_3_TDS-body_Novel-2Dsweep-260516_73.s2p,,,2.8672804543714,2.86728,2.86728,-1.604085777029847,-2.472232781109842,-40.71504409996302,34.3067418500278,75.02178594999083,75.02178594999083,-164.97821405000917
260516_2dsweep_noplunger,sim,f_mean,sim,S12,offset_nan,07_3_TDS-body_Novel-2Dsweep-260516_73.s2p,07_3_TDS-body_Novel-2Dsweep-260516_74.s2p,,,2.8672804543714,2.86728,2.86728,-2.472232781109842,-1.7183169683583446,34.3067418500278,27.583683722909278,-6.72305812711852,353.2769418728815,113.27694187288148
260516_2dsweep_noplunger,sim,f_mean,sim,S12,offset_nan,07_3_TDS-body_Novel-2Dsweep-260516_74.s2p,07_3_TDS-body_Novel-2Dsweep-260516_75.s2p,,,2.8672804543714,2.86728,2.86728,-1.7183169683583446,-1.0038854639584363,27.583683722909278,19.381935577723638,-8.201748145185633,351.79825185481434,111.79825185481434
260516_2dsweep_noplunger,sim,f_mean,sim,S12,offset_nan,07_3_TDS-body_Novel-2Dsweep-260516_75.s2p,07_3_TDS-body_Novel-2Dsweep-260516_76.s2p,,,2.8672804543714,2.86728,2.86728,-1.0038854639584363,-0.4564478990065557,19.381935577723638,10.553861064896893,-8.828074512826731,351.17192548717327,111.17192548717327
260516_2dsweep_noplunger,sim,f_mean,sim,S12,offset_nan,07_3_TDS-body_Novel-2Dsweep-260516_76.s2p,07_3_TDS-body_Novel-2Dsweep-260516_77.s2p,,,2.8672804543714,2.86728,2.86728,-0.4564478990065557,-0.09483688912115282,10.553861064896893,0.2594361257460265,-10.294424939150872,349.7055750608491,109.70557506084913
260516_2dsweep_noplunger,sim,f_mean,sim,S12,offset_nan,07_3_TDS-body_Novel-2Dsweep-260516_77.s2p,07_3_TDS-body_Novel-2Dsweep-260516_78.s2p,,,2.8672804543714,2.86728,2.86728,-0.09483688912115282,-0.009235749253954383,0.2594361257460265,-10.93816709294655,-11.197603218692564,348.80239678130744,108.80239678130744
260516_2dsweep_noplunger,sim,f_mean,sim,S12,offset_nan,07_3_TDS-body_Novel-2Dsweep-260516_78.s2p,07_3_TDS-body_Novel-2Dsweep-260516_79.s2p,,,2.8672804543714,2.86728,2.86728,-0.009235749253954383,-0.2246379073226434,-10.93816709294655,-21.764081137335687,-10.825914044389151,349.17408595561085,109.17408595561085
260516_2dsweep_noplunger,sim,f_mean,sim,S12,offset_nan,07_3_TDS-body_Novel-2Dsweep-260516_79.s2p,07_3_TDS-body_Novel-2Dsweep-260516_8.s2p,,,2.8672804543714,2.86728,2.86728,-0.2246379073226434,-4.328007628582755,-21.764081137335687,-40.87221824781911,-19.108137110483426,340.8918628895166,100.89186288951657
260516_2dsweep_noplunger,sim,f_mean,sim,S12,offset_nan,07_3_TDS-body_Novel-2Dsweep-260516_8.s2p,07_3_TDS-body_Novel-2Dsweep-260516_80.s2p,,,2.8672804543714,2.86728,2.86728,-4.328007628582755,-0.6376216272373909,-40.87221824781911,-30.88559487833064,9.986623369488484,9.986623369488484,-230.01337663051152
260516_2dsweep_noplunger,sim,f_mean,sim,S12,offset_nan,07_3_TDS-body_Novel-2Dsweep-260516_80.s2p,07_3_TDS-body_Novel-2Dsweep-260516_81.s2p,,,2.8672804543714,2.86728,2.86728,-0.6376216272373909,-1.311543271830414,-30.88559487833064,-40.0524665210082,-9.166871642677563,350.83312835732244,110.83312835732244
260516_2dsweep_noplunger,sim,f_mean,sim,S12,offset_nan,07_3_TDS-body_Novel-2Dsweep-260516_81.s2p,07_3_TDS-body_Novel-2Dsweep-260516_82.s2p,,,2.8672804543714,2.86728,2.86728,-1.311543271830414,-3.0224592588337695,-40.0524665210082,35.296362883274384,75.34882940428258,75.34882940428258,-164.65117059571742
260516_2dsweep_noplunger,sim,f_mean,sim,S12,offset_nan,07_3_TDS-body_Novel-2Dsweep-260516_82.s2p,07_3_TDS-body_Novel-2Dsweep-260516_83.s2p,,,2.8672804543714,2.86728,2.86728,-3.0224592588337695,-2.2135183312598947,35.296362883274384,29.171630580868587,-6.124732302405789,353.8752676975942,113.87526769759421
260516_2dsweep_noplunger,sim,f_mean,sim,S12,offset_nan,07_3_TDS-body_Novel-2Dsweep-260516_83.s2p,07_3_TDS-body_Novel-2Dsweep-260516_84.s2p,,,2.8672804543714,2.86728,2.86728,-2.2135183312598947,-1.3987804772859418,29.171630580868587,21.382798359783674,-7.788832221084903,352.21116777891507,112.21116777891507
260516_2dsweep_noplunger,sim,f_mean,sim,S12,offset_nan,07_3_TDS-body_Novel-2Dsweep-260516_84.s2p,07_3_TDS-body_Novel-2Dsweep-260516_85.s2p,,,2.8672804543714,2.86728,2.86728,-1.3987804772859418,-0.7096085838008064,21.382798359783674,12.393578570927536,-8.989219788856133,351.01078021114387,111.01078021114387
260516_2dsweep_noplunger,sim,f_mean,sim,S12,offset_nan,07_3_TDS-body_Novel-2Dsweep-260516_85.s2p,07_3_TDS-body_Novel-2Dsweep-260516_86.s2p,,,2.8672804543714,2.86728,2.86728,-0.7096085838008064,-0.2165952709395933,12.393578570927536,2.0219540689990647,-10.371624501928466,349.62837549807153,109.62837549807153
260516_2dsweep_noplunger,sim,f_mean,sim,S12,offset_nan,07_3_TDS-body_Novel-2Dsweep-260516_86.s2p,07_3_TDS-body_Novel-2Dsweep-260516_87.s2p,,,2.8672804543714,2.86728,2.86728,-0.2165952709395933,-0.00835704277860698,2.0219540689990647,-8.781311622881368,-10.803265691880426,349.1967343081196,109.19673430811957
260516_2dsweep_noplunger,sim,f_mean,sim,S12,offset_nan,07_3_TDS-body_Novel-2Dsweep-260516_87.s2p,07_3_TDS-body_Novel-2Dsweep-260516_88.s2p,,,2.8672804543714,2.86728,2.86728,-0.00835704277860698,-0.10124334809018112,-8.781311622881368,-19.704099902618736,-10.922788279737375,349.07721172026265,109.07721172026265
260516_2dsweep_noplunger,sim,f_mean,sim,S12,offset_nan,07_3_TDS-body_Novel-2Dsweep-260516_88.s2p,07_3_TDS-body_Novel-2Dsweep-260516_89.s2p,,,2.8672804543714,2.86728,2.86728,-0.10124334809018112,-0.4941844767675704,-19.704099902618736,-30.323630814291956,-10.619530911673223,349.3804690883268,109.38046908832678
260516_2dsweep_noplunger,sim,f_mean,sim,S12,offset_nan,07_3_TDS-body_Novel-2Dsweep-260516_89.s2p,07_3_TDS-body_Novel-2Dsweep-260516_9.s2p,,,2.8672804543714,2.86728,2.86728,-0.4941844767675704,-5.085849165201908,-30.323630814291956,-45.82995529900037,-15.506324484708415,344.49367551529156,104.49367551529156
260516_2dsweep_noplunger,sim,f_mean,sim,S12,offset_nan,07_3_TDS-body_Novel-2Dsweep-260516_9.s2p,07_3_TDS-body_Novel-2Dsweep-260516_90.s2p,,,2.8672804543714,2.86728,2.86728,-5.085849165201908,-1.0683052369703134,-45.82995529900037,-39.152594881495226,6.677360417505156,6.677360417505156,-233.32263958249484
260516_2dsweep_noplunger,sim,f_mean,sim,S12,offset_nan,07_3_TDS-body_Novel-2Dsweep-260516_90.s2p,07_3_TDS-body_Novel-2Dsweep-260516_91.s2p,,,2.8672804543714,2.86728,2.86728,-1.0683052369703134,-3.485703738612262,-39.152594881495226,35.692249326487236,74.84484420798248,74.84484420798248,-165.15515579201752
260516_2dsweep_noplunger,sim,f_mean,sim,S12,offset_nan,07_3_TDS-body_Novel-2Dsweep-260516_91.s2p,07_3_TDS-body_Novel-2Dsweep-260516_92.s2p,,,2.8672804543714,2.86728,2.86728,-3.485703738612262,-2.510495471033634,35.692249326487236,29.076180996747603,-6.616068329739619,353.3839316702604,113.38393167026038
260516_2dsweep_noplunger,sim,f_mean,sim,S12,offset_nan,07_3_TDS-body_Novel-2Dsweep-260516_92.s2p,07_3_TDS-body_Novel-2Dsweep-260516_93.s2p,,,2.8672804543714,2.86728,2.86728,-2.510495471033634,-1.694451431178112,29.076180996747603,22.009518357744216,-7.066662639003397,352.9333373609966,112.93333736099657
260516_2dsweep_noplunger,sim,f_mean,sim,S12,offset_nan,07_3_TDS-body_Novel-2Dsweep-260516_93.s2p,07_3_TDS-body_Novel-2Dsweep-260516_94.s2p,,,2.8672804543714,2.86728,2.86728,-1.694451431178112,-1.0090791417673843,22.009518357744216,14.412826758469494,-7.59669159927472,352.4033084007253,112.40330840072528
260516_2dsweep_noplunger,sim,f_mean,sim,S12,offset_nan,07_3_TDS-body_Novel-2Dsweep-260516_94.s2p,07_3_TDS-body_Novel-2Dsweep-260516_95.s2p,,,2.8672804543714,2.86728,2.86728,-1.0090791417673843,-0.4021191811996656,14.412826758469494,4.601339080506826,-9.811487677962674,350.18851232203735,110.18851232203735
260516_2dsweep_noplunger,sim,f_mean,sim,S12,offset_nan,07_3_TDS-body_Novel-2Dsweep-260516_95.s2p,07_3_TDS-body_Novel-2Dsweep-260516_96.s2p,,,2.8672804543714,2.86728,2.86728,-0.4021191811996656,-0.053217380576167705,4.601339080506826,-6.432573001826509,-11.03391208233333,348.96608791766664,108.96608791766664
260516_2dsweep_noplunger,sim,f_mean,sim,S12,offset_nan,07_3_TDS-body_Novel-2Dsweep-260516_96.s2p,07_3_TDS-body_Novel-2Dsweep-260516_97.s2p,,,2.8672804543714,2.86728,2.86728,-0.053217380576167705,-0.02085694342869112,-6.432573001826509,-16.757858541835464,-10.325285540008963,349.67471445999104,109.67471445999104
260516_2dsweep_noplunger,sim,f_mean,sim,S12,offset_nan,07_3_TDS-body_Novel-2Dsweep-260516_97.s2p,07_3_TDS-body_Novel-2Dsweep-260516_98.s2p,,,2.8672804543714,2.86728,2.86728,-0.02085694342869112,-0.27928012707835587,-16.757858541835464,-27.54029861127536,-10.7824400694399,349.2175599305601,109.21755993056013
260516_2dsweep_noplunger,sim,f_mean,sim,S12,offset_nan,07_3_TDS-body_Novel-2Dsweep-260516_98.s2p,07_3_TDS-body_Novel-2Dsweep-260516_99.s2p,,,2.8672804543714,2.86728,2.86728,-0.27928012707835587,-0.7836422334874843,-27.54029861127536,-37.12539926602299,-9.585100654747635,350.41489934525237,110.41489934525237
260516_2dsweep_noplunger,sim,f_mean,sim,S21,offset_nan,07_3_TDS-body_Novel-2Dsweep-260516_1.s2p,07_3_TDS-body_Novel-2Dsweep-260516_10.s2p,,,2.8672804543714,2.86728,2.86728,-0.10467295434790677,-0.004591864258392469,19.292060786242235,21.309738120272474,2.0176773340302248,2.0176773340302248,-237.98232266596978
260516_2dsweep_noplunger,sim,f_mean,sim,S21,offset_nan,07_3_TDS-body_Novel-2Dsweep-260516_10.s2p,07_3_TDS-body_Novel-2Dsweep-260516_100.s2p,,,2.8672804543714,2.86728,2.86728,-0.004591864258392469,-4.378500350112233,21.309738120272474,38.46650621331346,17.156768093040995,17.156768093040995,-222.843231906959
260516_2dsweep_noplunger,sim,f_mean,sim,S21,offset_nan,07_3_TDS-body_Novel-2Dsweep-260516_100.s2p,07_3_TDS-body_Novel-2Dsweep-260516_101.s2p,,,2.8672804543714,2.86728,2.86728,-4.378500350112233,-3.262896882249935,38.46650621331346,32.164694706646074,-6.301811506667377,353.6981884933326,113.69818849333262
260516_2dsweep_noplunger,sim,f_mean,sim,S21,offset_nan,07_3_TDS-body_Novel-2Dsweep-260516_101.s2p,07_3_TDS-body_Novel-2Dsweep-260516_102.s2p,,,2.8672804543714,2.86728,2.86728,-3.262896882249935,-2.2910586432945275,32.164694706646074,25.280048350072914,-6.884646356573171,353.11535364342683,113.11535364342683
260516_2dsweep_noplunger,sim,f_mean,sim,S21,offset_nan,07_3_TDS-body_Novel-2Dsweep-260516_102.s2p,07_3_TDS-body_Novel-2Dsweep-260516_103.s2p,,,2.8672804543714,2.86728,2.86728,-2.2910586432945275,-1.4077093526326645,25.280048350072914,17.073691476996995,-8.206356873075919,351.79364312692405,111.79364312692405
260516_2dsweep_noplunger,sim,f_mean,sim,S21,offset_nan,07_3_TDS-body_Novel-2Dsweep-260516_103.s2p,07_3_TDS-body_Novel-2Dsweep-260516_104.s2p,,,2.8672804543714,2.86728,2.86728,-1.4077093526326645,-0.6074599427668348,17.073691476996995,-36.14723404545487,-53.220925522451864,306.77907447754814,66.77907447754814
260516_2dsweep_noplunger,sim,f_mean,sim,S21,offset_nan,07_3_TDS-body_Novel-2Dsweep-260516_104.s2p,07_3_TDS-body_Novel-2Dsweep-260516_105.s2p,,,2.8672804543714,2.86728,2.86728,-0.6074599427668348,-3.8244226632052443,-36.14723404545487,33.67025677160075,69.81749081705561,69.81749081705561,-170.1825091829444
260516_2dsweep_noplunger,sim,f_mean,sim,S21,offset_nan,07_3_TDS-body_Novel-2Dsweep-260516_105.s2p,07_3_TDS-body_Novel-2Dsweep-260516_106.s2p,,,2.8672804543714,2.86728,2.86728,-3.8244226632052443,-2.7396407364583957,33.67025677160075,26.942552346909945,-6.727704424690813,353.27229557530916,113.27229557530916
260516_2dsweep_noplunger,sim,f_mean,sim,S21,offset_nan,07_3_TDS-body_Novel-2Dsweep-260516_106.s2p,07_3_TDS-body_Novel-2Dsweep-260516_107.s2p,,,2.8672804543714,2.86728,2.86728,-2.7396407364583957,-0.9004715195399355,26.942552346909945,9.324182328529133,-17.6183700183808,342.3816299816192,102.3816299816192
260516_2dsweep_noplunger,sim,f_mean,sim,S21,offset_nan,07_3_TDS-body_Novel-2Dsweep-260516_107.s2p,07_3_TDS-body_Novel-2Dsweep-260516_108.s2p,,,2.8672804543714,2.86728,2.86728,-0.9004715195399355,-0.2990541677792333,9.324182328529133,-1.4421538880284543,-10.76633621655759,349.2336637834424,109.23366378344241
260516_2dsweep_noplunger,sim,f_mean,sim,S21,offset_nan,07_3_TDS-body_Novel-2Dsweep-260516_108.s2p,07_3_TDS-body_Novel-2Dsweep-260516_109.s2p,,,2.8672804543714,2.86728,2.86728,-0.2990541677792333,-0.020122417213176837,-1.4421538880284543,-12.439820867285478,-10.99766697925702,349.002333020743,109.00233302074298
260516_2dsweep_noplunger,sim,f_mean,sim,S21,offset_nan,07_3_TDS-body_Novel-2Dsweep-260516_109.s2p,07_3_TDS-body_Novel-2Dsweep-260516_11.s2p,,,2.8672804543714,2.86728,2.86728,-0.020122417213176837,-0.11580262186167943,-12.439820867285478,11.102096383452654,23.541917250738123,23.541917250738123,-216.45808274926188
260516_2dsweep_noplunger,sim,f_mean,sim,S21,offset_nan,07_3_TDS-body_Novel-2Dsweep-260516_11.s2p,07_3_TDS-body_Novel-2Dsweep-260516_110.s2p,,,2.8672804543714,2.86728,2.86728,-0.11580262186167943,-0.08612833729740242,11.102096383452654,-24.460519131864764,-35.56261551531742,324.4373844846826,84.43738448468258
260516_2dsweep_noplunger,sim,f_mean,sim,S21,offset_nan,07_3_TDS-body_Novel-2Dsweep-260516_110.s2p,07_3_TDS-body_Novel-2Dsweep-260516_111.s2p,,,2.8672804543714,2.86728,2.86728,-0.08612833729740242,-0.6445479103935715,-24.460519131864764,-38.31358813860381,-13.853069006739048,346.146930993261,106.14693099326098
260516_2dsweep_noplunger,sim,f_mean,sim,S21,offset_nan,07_3_TDS-body_Novel-2Dsweep-260516_111.s2p,07_3_TDS-body_Novel-2Dsweep-260516_112.s2p,,,2.8672804543714,2.86728,2.86728,-0.6445479103935715,-0.6448100054533819,-38.31358813860381,7.119789759151478,45.43337789775529,45.43337789775529,-194.5666221022447
260516_2dsweep_noplunger,sim,f_mean,sim,S21,offset_nan,07_3_TDS-body_Novel-2Dsweep-260516_112.s2p,07_3_TDS-body_Novel-2Dsweep-260516_113.s2p,,,2.8672804543714,2.86728,2.86728,-0.6448100054533819,-0.18075263290918517,7.119789759151478,-3.198889642988927,-10.31867940214039,349.6813205978596,109.68132059785961
260516_2dsweep_noplunger,sim,f_mean,sim,S21,offset_nan,07_3_TDS-body_Novel-2Dsweep-260516_113.s2p,07_3_TDS-body_Novel-2Dsweep-260516_114.s2p,,,2.8672804543714,2.86728,2.86728,-0.18075263290918517,0.0009052385247441323,-3.198889642988927,-14.849177765529495,-11.650288122540559,348.3497118774594,108.34971187745941
260516_2dsweep_noplunger,sim,f_mean,sim,S21,offset_nan,07_3_TDS-body_Novel-2Dsweep-260516_114.s2p,07_3_TDS-body_Novel-2Dsweep-260516_115.s2p,,,2.8672804543714,2.86728,2.86728,0.0009052385247441323,-0.1609719826723266,-14.849177765529495,-25.91593355026045,-11.066755784730958,348.93324421526904,108.93324421526904
260516_2dsweep_noplunger,sim,f_mean,sim,S21,offset_nan,07_3_TDS-body_Novel-2Dsweep-260516_115.s2p,07_3_TDS-body_Novel-2Dsweep-260516_116.s2p,,,2.8672804543714,2.86728,2.86728,-0.1609719826723266,-4.848994607478211,-25.91593355026045,38.9077415382589,64.82367508851934,64.82367508851934,-175.17632491148066
260516_2dsweep_noplunger,sim,f_mean,sim,S21,offset_nan,07_3_TDS-body_Novel-2Dsweep-260516_116.s2p,07_3_TDS-body_Novel-2Dsweep-260516_117.s2p,,,2.8672804543714,2.86728,2.86728,-4.848994607478211,-1.752331078704815,38.9077415382589,18.844069202698556,-20.06367233556034,339.93632766443966,99.93632766443966
260516_2dsweep_noplunger,sim,f_mean,sim,S21,offset_nan,07_3_TDS-body_Novel-2Dsweep-260516_117.s2p,07_3_TDS-body_Novel-2Dsweep-260516_12.s2p,,,2.8672804543714,2.86728,2.86728,-1.752331078704815,-0.38079557287702903,18.844069202698556,0.922050167111849,-17.922019035586715,342.0779809644133,102.07798096441331
260516_2dsweep_noplunger,sim,f_mean,sim,S21,offset_nan,07_3_TDS-body_Novel-2Dsweep-260516_12.s2p,07_3_TDS-body_Novel-2Dsweep-260516_13.s2p,,,2.8672804543714,2.86728,2.86728,-0.38079557287702903,-0.831751958623564,0.922050167111849,-9.14422405308152,-10.066274220193378,349.93372577980665,109.93372577980665
260516_2dsweep_noplunger,sim,f_mean,sim,S21,offset_nan,07_3_TDS-body_Novel-2Dsweep-260516_13.s2p,07_3_TDS-body_Novel-2Dsweep-260516_14.s2p,,,2.8672804543714,2.86728,2.86728,-0.831751958623564,-1.4465981118312672,-9.14422405308152,-18.53785234448473,-9.393628291403218,350.6063717085968,110.60637170859678
260516_2dsweep_noplunger,sim,f_mean,sim,S21,offset_nan,07_3_TDS-body_Novel-2Dsweep-260516_14.s2p,07_3_TDS-body_Novel-2Dsweep-260516_15.s2p,,,2.8672804543714,2.86728,2.86728,-1.4465981118312672,-2.156052587710751,-18.53785234448473,-26.80583343582228,-8.26798109133756,351.73201890866244,111.73201890866244
260516_2dsweep_noplunger,sim,f_mean,sim,S21,offset_nan,07_3_TDS-body_Novel-2Dsweep-260516_15.s2p,07_3_TDS-body_Novel-2Dsweep-260516_16.s2p,,,2.8672804543714,2.86728,2.86728,-2.156052587710751,-2.9328626383743672,-26.80583343582228,-34.05290575327451,-7.247072317452222,352.7529276825478,112.7529276825478
260516_2dsweep_noplunger,sim,f_mean,sim,S21,offset_nan,07_3_TDS-body_Novel-2Dsweep-260516_16.s2p,07_3_TDS-body_Novel-2Dsweep-260516_17.s2p,,,2.8672804543714,2.86728,2.86728,-2.9328626383743672,-3.7269236819206384,-34.05290575327451,-40.312647779433306,-6.25974202615879,353.7402579738412,113.74025797384121
260516_2dsweep_noplunger,sim,f_mean,sim,S21,offset_nan,07_3_TDS-body_Novel-2Dsweep-260516_17.s2p,07_3_TDS-body_Novel-2Dsweep-260516_18.s2p,,,2.8672804543714,2.86728,2.86728,-3.7269236819206384,-4.57027940428273,-40.312647779433306,-45.882734896249204,-5.570087116815898,354.4299128831841,114.4299128831841
260516_2dsweep_noplunger,sim,f_mean,sim,S21,offset_nan,07_3_TDS-body_Novel-2Dsweep-260516_18.s2p,07_3_TDS-body_Novel-2Dsweep-260516_19.s2p,,,2.8672804543714,2.86728,2.86728,-4.57027940428273,-0.03283150514028099,-45.882734896249204,23.227680430737912,69.11041532698712,69.11041532698712,-170.88958467301288
260516_2dsweep_noplunger,sim,f_mean,sim,S21,offset_nan,07_3_TDS-body_Novel-2Dsweep-260516_19.s2p,07_3_TDS-body_Novel-2Dsweep-260516_2.s2p,,,2.8672804543714,2.86728,2.86728,-0.03283150514028099,-0.33330652105620306,23.227680430737912,8.881121399577287,-14.346559031160638,345.6534409688394,105.65344096883939
260516_2dsweep_noplunger,sim,f_mean,sim,S21,offset_nan,07_3_TDS-body_Novel-2Dsweep-260516_2.s2p,07_3_TDS-body_Novel-2Dsweep-260516_20.s2p,,,2.8672804543714,2.86728,2.86728,-0.33330652105620306,-0.00896053618424856,8.881121399577287,13.181976109027827,4.300854709450533,4.300854709450533,-235.69914529054947
260516_2dsweep_noplunger,sim,f_mean,sim,S21,offset_nan,07_3_TDS-body_Novel-2Dsweep-260516_20.s2p,07_3_TDS-body_Novel-2Dsweep-260516_21.s2p,,,2.8672804543714,2.86728,2.86728,-0.00896053618424856,-0.1479984970263316,13.181976109027827,3.1622526497772165,-10.0197234592506,349.9802765407494,109.9802765407494
260516_2dsweep_noplunger,sim,f_mean,sim,S21,offset_nan,07_3_TDS-body_Novel-2Dsweep-260516_21.s2p,07_3_TDS-body_Novel-2Dsweep-260516_22.s2p,,,2.8672804543714,2.86728,2.86728,-0.1479984970263316,-0.4811307592428986,3.1622526497772165,-6.9996619753153375,-10.16191462509255,349.83808537490745,109.83808537490745
260516_2dsweep_noplunger,sim,f_mean,sim,S21,offset_nan,07_3_TDS-body_Novel-2Dsweep-260516_22.s2p,07_3_TDS-body_Novel-2Dsweep-260516_23.s2p,,,2.8672804543714,2.86728,2.86728,-0.4811307592428986,-1.0099073302771593,-6.9996619753153375,-16.84944734762597,-9.849785372310635,350.15021462768937,110.15021462768937
260516_2dsweep_noplunger,sim,f_mean,sim,S21,offset_nan,07_3_TDS-body_Novel-2Dsweep-260516_23.s2p,07_3_TDS-body_Novel-2Dsweep-260516_24.s2p,,,2.8672804543714,2.86728,2.86728,-1.0099073302771593,-1.6717542580953721,-16.84944734762597,-25.611140395011176,-8.761693047385222,351.2383069526148,111.23830695261478
260516_2dsweep_noplunger,sim,f_mean,sim,S21,offset_nan,07_3_TDS-body_Novel-2Dsweep-260516_24.s2p,07_3_TDS-body_Novel-2Dsweep-260516_25.s2p,,,2.8672804543714,2.86728,2.86728,-1.6717542580953721,-2.4336817734794596,-25.611140395011176,-33.38896685179646,-7.777826456785277,352.2221735432147,112.2221735432147
260516_2dsweep_noplunger,sim,f_mean,sim,S21,offset_nan,07_3_TDS-body_Novel-2Dsweep-260516_25.s2p,07_3_TDS-body_Novel-2Dsweep-260516_26.s2p,,,2.8672804543714,2.86728,2.86728,-2.4336817734794596,-3.2351020852018535,-33.38896685179646,-40.08437780975342,-6.695410957956966,353.30458904204306,113.30458904204306
260516_2dsweep_noplunger,sim,f_mean,sim,S21,offset_nan,07_3_TDS-body_Novel-2Dsweep-260516_26.s2p,07_3_TDS-body_Novel-2Dsweep-260516_27.s2p,,,2.8672804543714,2.86728,2.86728,-3.2351020852018535,-4.051456014320305,-40.08437780975342,-45.834348116951126,-5.749970307197714,354.2500296928023,114.25002969280229
260516_2dsweep_noplunger,sim,f_mean,sim,S21,offset_nan,07_3_TDS-body_Novel-2Dsweep-260516_27.s2p,07_3_TDS-body_Novel-2Dsweep-260516_28.s2p,,,2.8672804543714,2.86728,2.86728,-4.051456014320305,-0.25965578328345734,-45.834348116951126,27.513075576589422,73.34742369354055,73.34742369354055,-166.65257630645945
260516_2dsweep_noplunger,sim,f_mean,sim,S21,offset_nan,07_3_TDS-body_Novel-2Dsweep-260516_28.s2p,07_3_TDS-body_Novel-2Dsweep-260516_29.s2p,,,2.8672804543714,2.86728,2.86728,-0.25965578328345734,-0.058339469316295654,27.513075576589422,18.080306342132715,-9.432769234456714,350.5672307655433,110.56723076554329
260516_2dsweep_noplunger,sim,f_mean,sim,S21,offset_nan,07_3_TDS-body_Novel-2Dsweep-260516_29.s2p,07_3_TDS-body_Novel-2Dsweep-260516_3.s2p,,,2.8672804543714,2.86728,2.86728,-0.058339469316295654,-0.7356035718566333,18.080306342132715,-1.5815028765995731,-19.661809218732287,340.3381907812677,100.33819078126771
260516_2dsweep_noplunger,sim,f_mean,sim,S21,offset_nan,07_3_TDS-body_Novel-2Dsweep-260516_3.s2p,07_3_TDS-body_Novel-2Dsweep-260516_30.s2p,,,2.8672804543714,2.86728,2.86728,-0.7356035718566333,-0.0035660309053470907,-1.5815028765995731,8.318499285017857,9.900002161617437,9.900002161617437,-230.09999783838256
260516_2dsweep_noplunger,sim,f_mean,sim,S21,offset_nan,07_3_TDS-body_Novel-2Dsweep-260516_30.s2p,07_3_TDS-body_Novel-2Dsweep-260516_31.s2p,,,2.8672804543714,2.86728,2.86728,-0.0035660309053470907,-0.13871930162001678,8.318499285017857,-1.9457316299112142,-10.264230914929072,349.73576908507096,109.73576908507096
260516_2dsweep_noplunger,sim,f_mean,sim,S21,offset_nan,07_3_TDS-body_Novel-2Dsweep-260516_31.s2p,07_3_TDS-body_Novel-2Dsweep-260516_32.s2p,,,2.8672804543714,2.86728,2.86728,-0.13871930162001678,-0.47596228480351177,-1.9457316299112142,-11.805337029048562,-9.859605399137337,350.1403946008627,110.14039460086269
260516_2dsweep_noplunger,sim,f_mean,sim,S21,offset_nan,07_3_TDS-body_Novel-2Dsweep-260516_32.s2p,07_3_TDS-body_Novel-2Dsweep-260516_33.s2p,,,2.8672804543714,2.86728,2.86728,-0.47596228480351177,-0.9848589929542918,-11.805337029048562,-20.97344434229109,-9.16810731324253,350.83189268675744,110.83189268675744
260516_2dsweep_noplunger,sim,f_mean,sim,S21,offset_nan,07_3_TDS-body_Novel-2Dsweep-260516_33.s2p,07_3_TDS-body_Novel-2Dsweep-260516_34.s2p,,,2.8672804543714,2.86728,2.86728,-0.9848589929542918,-1.6694219564078339,-20.97344434229109,-29.70877566668278,-8.735331324391694,351.2646686756083,111.26466867560828
260516_2dsweep_noplunger,sim,f_mean,sim,S21,offset_nan,07_3_TDS-body_Novel-2Dsweep-260516_34.s2p,07_3_TDS-body_Novel-2Dsweep-260516_35.s2p,,,2.8672804543714,2.86728,2.86728,-1.6694219564078339,-2.4117288845858833,-29.70877566668278,-36.99993208370521,-7.291156417022421,352.7088435829776,112.70884358297758
260516_2dsweep_noplunger,sim,f_mean,sim,S21,offset_nan,07_3_TDS-body_Novel-2Dsweep-260516_35.s2p,07_3_TDS-body_Novel-2Dsweep-260516_36.s2p,,,2.8672804543714,2.86728,2.86728,-2.4117288845858833,-3.197955346244952,-36.99993208370521,-43.34118836138814,-6.34125627768293,353.65874372231707,113.65874372231707
260516_2dsweep_noplunger,sim,f_mean,sim,S21,offset_nan,07_3_TDS-body_Novel-2Dsweep-260516_36.s2p,07_3_TDS-body_Novel-2Dsweep-260516_37.s2p,,,2.8672804543714,2.86728,2.86728,-3.197955346244952,-0.5474753869270313,-43.34118836138814,28.963198208160897,72.30438656954902,72.30438656954902,-167.69561343045098
260516_2dsweep_noplunger,sim,f_mean,sim,S21,offset_nan,07_3_TDS-body_Novel-2Dsweep-260516_37.s2p,07_3_TDS-body_Novel-2Dsweep-260516_38.s2p,,,2.8672804543714,2.86728,2.86728,-0.5474753869270313,-0.22903586253385702,28.963198208160897,20.379321999204887,-8.583876208956013,351.416123791044,111.41612379104401
260516_2dsweep_noplunger,sim,f_mean,sim,S21,offset_nan,07_3_TDS-body_Novel-2Dsweep-260516_38.s2p,07_3_TDS-body_Novel-2Dsweep-260516_39.s2p,,,2.8672804543714,2.86728,2.86728,-0.22903586253385702,-0.030886522499248312,20.379321999204887,10.677567034034013,-9.701754965170863,350.29824503482916,110.29824503482916
260516_2dsweep_noplunger,sim,f_mean,sim,S21,offset_nan,07_3_TDS-body_Novel-2Dsweep-260516_39.s2p,07_3_TDS-body_Novel-2Dsweep-260516_4.s2p,,,2.8672804543714,2.86728,2.86728,-0.030886522499248312,-1.284603582929018,10.677567034034013,-11.2517430899864,-21.929310124020418,338.0706898759796,98.07068987597961
260516_2dsweep_noplunger,sim,f_mean,sim,S21,offset_nan,07_3_TDS-body_Novel-2Dsweep-260516_4.s2p,07_3_TDS-body_Novel-2Dsweep-260516_40.s2p,,,2.8672804543714,2.86728,2.86728,-1.284603582929018,-0.022897237214628698,-11.2517430899864,0.5450342006230495,11.796777290609441,11.796777290609441,-228.20322270939056
260516_2dsweep_noplunger,sim,f_mean,sim,S21,offset_nan,07_3_TDS-body_Novel-2Dsweep-260516_40.s2p,07_3_TDS-body_Novel-2Dsweep-260516_41.s2p,,,2.8672804543714,2.86728,2.86728,-0.022897237214628698,-0.23295099084054038,0.5450342006230495,-9.586535773281723,-10.13156997390476,349.8684300260952,109.86843002609521
260516_2dsweep_noplunger,sim,f_mean,sim,S21,offset_nan,07_3_TDS-body_Novel-2Dsweep-260516_41.s2p,07_3_TDS-body_Novel-2Dsweep-260516_42.s2p,,,2.8672804543714,2.86728,2.86728,-0.23295099084054038,-0.6610953117738259,-9.586535773281723,-19.4032073785408,-9.816671605259074,350.1833283947409,110.1833283947409
260516_2dsweep_noplunger,sim,f_mean,sim,S21,offset_nan,07_3_TDS-body_Novel-2Dsweep-260516_42.s2p,07_3_TDS-body_Novel-2Dsweep-260516_43.s2p,,,2.8672804543714,2.86728,2.86728,-0.6610953117738259,-1.2471052134758756,-19.4032073785408,-28.125981360063406,-8.722773981522607,351.2772260184774,111.27722601847739
260516_2dsweep_noplunger,sim,f_mean,sim,S21,offset_nan,07_3_TDS-body_Novel-2Dsweep-260516_43.s2p,07_3_TDS-body_Novel-2Dsweep-260516_44.s2p,,,2.8672804543714,2.86728,2.86728,-1.2471052134758756,-1.9410442669896688,-28.125981360063406,-35.860225344313704,-7.734243984250298,352.26575601574973,112.26575601574973
260516_2dsweep_noplunger,sim,f_mean,sim,S21,offset_nan,07_3_TDS-body_Novel-2Dsweep-260516_44.s2p,07_3_TDS-body_Novel-2Dsweep-260516_45.s2p,,,2.8672804543714,2.86728,2.86728,-1.9410442669896688,-2.710623772155236,-35.860225344313704,-42.6532200042556,-6.792994659941883,353.2070053400581,113.20700534005812
260516_2dsweep_noplunger,sim,f_mean,sim,S21,offset_nan,07_3_TDS-body_Novel-2Dsweep-260516_45.s2p,07_3_TDS-body_Novel-2Dsweep-260516_46.s2p,,,2.8672804543714,2.86728,2.86728,-2.710623772155236,-0.9450359508905394,-42.6532200042556,30.560964666931252,73.21418467118684,73.21418467118684,-166.78581532881316
260516_2dsweep_noplunger,sim,f_mean,sim,S21,offset_nan,07_3_TDS-body_Novel-2Dsweep-260516_46.s2p,07_3_TDS-body_Novel-2Dsweep-260516_47.s2p,,,2.8672804543714,2.86728,2.86728,-0.9450359508905394,-0.4991380689620203,30.560964666931252,22.37243919513561,-8.188525471795629,351.81147452820437,111.81147452820437
260516_2dsweep_noplunger,sim,f_mean,sim,S21,offset_nan,07_3_TDS-body_Novel-2Dsweep-260516_47.s2p,07_3_TDS-body_Novel-2Dsweep-260516_48.s2p,,,2.8672804543714,2.86728,2.86728,-0.4991380689620203,-0.16022096450309722,22.37243919513561,13.046637413295713,-9.325801781839886,350.6741982181601,110.67419821816009
260516_2dsweep_noplunger,sim,f_mean,sim,S21,offset_nan,07_3_TDS-body_Novel-2Dsweep-260516_48.s2p,07_3_TDS-body_Novel-2Dsweep-260516_49.s2p,,,2.8672804543714,2.86728,2.86728,-0.16022096450309722,-0.00537143663933936,13.046637413295713,3.100101414161886,-9.946535999133829,350.05346400086614,110.05346400086614
260516_2dsweep_noplunger,sim,f_mean,sim,S21,offset_nan,07_3_TDS-body_Novel-2Dsweep-260516_49.s2p,07_3_TDS-body_Novel-2Dsweep-260516_5.s2p,,,2.8672804543714,2.86728,2.86728,-0.00537143663933936,-1.9542583062288128,3.100101414161886,-20.083439589557784,-23.183541003719682,336.8164589962803,96.81645899628029
260516_2dsweep_noplunger,sim,f_mean,sim,S21,offset_nan,07_3_TDS-body_Novel-2Dsweep-260516_5.s2p,07_3_TDS-body_Novel-2Dsweep-260516_50.s2p,,,2.8672804543714,2.86728,2.86728,-1.9542583062288128,-0.08464376953971295,-20.083439589557784,-7.127899604967702,12.955539984590075,12.955539984590075,-227.04446001540992
260516_2dsweep_noplunger,sim,f_mean,sim,S21,offset_nan,07_3_TDS-body_Novel-2Dsweep-260516_50.s2p,07_3_TDS-body_Novel-2Dsweep-260516_51.s2p,,,2.8672804543714,2.86728,2.86728,-0.08464376953971295,-0.3895773207897848,-7.127899604967702,-17.41486893170649,-10.286969326738785,349.7130306732612,109.71303067326119
260516_2dsweep_noplunger,sim,f_mean,sim,S21,offset_nan,07_3_TDS-body_Novel-2Dsweep-260516_51.s2p,07_3_TDS-body_Novel-2Dsweep-260516_52.s2p,,,2.8672804543714,2.86728,2.86728,-0.3895773207897848,-0.9098099958417467,-17.41486893170649,-26.826150221455087,-9.411281289748587,350.58871871025144,110.58871871025144
260516_2dsweep_noplunger,sim,f_mean,sim,S21,offset_nan,07_3_TDS-body_Novel-2Dsweep-260516_52.s2p,07_3_TDS-body_Novel-2Dsweep-260516_53.s2p,,,2.8672804543714,2.86728,2.86728,-0.9098099958417467,-1.565333564487745,-26.826150221455087,-35.080682912757595,-8.2545326913025,351.74546730869747,111.74546730869747
260516_2dsweep_noplunger,sim,f_mean,sim,S21,offset_nan,07_3_TDS-body_Novel-2Dsweep-260516_53.s2p,07_3_TDS-body_Novel-2Dsweep-260516_54.s2p,,,2.8672804543714,2.86728,2.86728,-1.565333564487745,-2.3091668541383417,-35.080682912757595,-42.18721322123331,-7.106530308475726,352.8934696915243,112.89346969152427
260516_2dsweep_noplunger,sim,f_mean,sim,S21,offset_nan,07_3_TDS-body_Novel-2Dsweep-260516_54.s2p,07_3_TDS-body_Novel-2Dsweep-260516_55.s2p,,,2.8672804543714,2.86728,2.86728,-2.3091668541383417,-1.421718489749525,-42.18721322123331,32.21042627012978,74.3976394913631,74.3976394913631,-165.6023605086369
260516_2dsweep_noplunger,sim,f_mean,sim,S21,offset_nan,07_3_TDS-body_Novel-2Dsweep-260516_55.s2p,07_3_TDS-body_Novel-2Dsweep-260516_56.s2p,,,2.8672804543714,2.86728,2.86728,-1.421718489749525,-0.8286489838335886,32.21042627012978,23.959482111471864,-8.250944158657916,351.74905584134206,111.74905584134206
260516_2dsweep_noplunger,sim,f_mean,sim,S21,offset_nan,07_3_TDS-body_Novel-2Dsweep-260516_56.s2p,07_3_TDS-body_Novel-2Dsweep-260516_57.s2p,,,2.8672804543714,2.86728,2.86728,-0.8286489838335886,-0.40232306223456304,23.959482111471864,16.413895324496895,-7.5455867869749795,352.454413213025,112.45441321302502
260516_2dsweep_noplunger,sim,f_mean,sim,S21,offset_nan,07_3_TDS-body_Novel-2Dsweep-260516_57.s2p,07_3_TDS-body_Novel-2Dsweep-260516_58.s2p,,,2.8672804543714,2.86728,2.86728,-0.40232306223456304,-0.07008109162154717,16.413895324496895,5.250521414078778,-11.163373910418102,348.8366260895819,108.8366260895819
260516_2dsweep_noplunger,sim,f_mean,sim,S21,offset_nan,07_3_TDS-body_Novel-2Dsweep-260516_58.s2p,07_3_TDS-body_Novel-2Dsweep-260516_59.s2p,,,2.8672804543714,2.86728,2.86728,-0.07008109162154717,0.0113867958097567,5.250521414078778,-4.547488763923461,-9.798010178002244,350.20198982199776,110.20198982199776
260516_2dsweep_noplunger,sim,f_mean,sim,S21,offset_nan,07_3_TDS-body_Novel-2Dsweep-260516_59.s2p,07_3_TDS-body_Novel-2Dsweep-260516_6.s2p,,,2.8672804543714,2.86728,2.86728,0.0113867958097567,-2.6869665277089245,-4.547488763923461,-27.821770438352853,-23.274281674429403,336.7257183255706,96.7257183255706
260516_2dsweep_noplunger,sim,f_mean,sim,S21,offset_nan,07_3_TDS-body_Novel-2Dsweep-260516_6.s2p,07_3_TDS-body_Novel-2Dsweep-260516_60.s2p,,,2.8672804543714,2.86728,2.86728,-2.6869665277089245,-0.19085604433928177,-27.821770438352853,-15.281897269930978,12.539873168421877,12.539873168421877,-227.46012683157812
260516_2dsweep_noplunger,sim,f_mean,sim,S21,offset_nan,07_3_TDS-body_Novel-2Dsweep-260516_60.s2p,07_3_TDS-body_Novel-2Dsweep-260516_61.s2p,,,2.8672804543714,2.86728,2.86728,-0.19085604433928177,-0.6288233998723944,-15.281897269930978,-25.271920742377116,-9.990023472446126,350.0099765275539,110.00997652755387
260516_2dsweep_noplunger,sim,f_mean,sim,S21,offset_nan,07_3_TDS-body_Novel-2Dsweep-260516_61.s2p,07_3_TDS-body_Novel-2Dsweep-260516_62.s2p,,,2.8672804543714,2.86728,2.86728,-0.6288233998723944,-1.2139027798355724,-25.271920742377116,-33.85868713966781,-8.586766397290688,351.4132336027093,111.41323360270928
260516_2dsweep_noplunger,sim,f_mean,sim,S21,offset_nan,07_3_TDS-body_Novel-2Dsweep-260516_62.s2p,07_3_TDS-body_Novel-2Dsweep-260516_63.s2p,,,2.8672804543714,2.86728,2.86728,-1.2139027798355724,-1.9472544418159023,-33.85868713966781,-41.63359959596675,-7.774912456298949,352.2250875437011,112.22508754370108
260516_2dsweep_noplunger,sim,f_mean,sim,S21,offset_nan,07_3_TDS-body_Novel-2Dsweep-260516_63.s2p,07_3_TDS-body_Novel-2Dsweep-260516_64.s2p,,,2.8672804543714,2.86728,2.86728,-1.9472544418159023,-1.9147879618712143,-41.63359959596675,33.09375742758212,74.72735702354888,74.72735702354888,-165.27264297645112
260516_2dsweep_noplunger,sim,f_mean,sim,S21,offset_nan,07_3_TDS-body_Novel-2Dsweep-260516_64.s2p,07_3_TDS-body_Novel-2Dsweep-260516_65.s2p,,,2.8672804543714,2.86728,2.86728,-1.9147879618712143,-1.2406595834635479,33.09375742758212,25.77281069392675,-7.320946733655376,352.6790532663446,112.67905326634462
260516_2dsweep_noplunger,sim,f_mean,sim,S21,offset_nan,07_3_TDS-body_Novel-2Dsweep-260516_65.s2p,07_3_TDS-body_Novel-2Dsweep-260516_66.s2p,,,2.8672804543714,2.86728,2.86728,-1.2406595834635479,-0.6644964034559052,25.77281069392675,17.81211820309612,-7.960692490830638,352.03930750916936,112.03930750916936
260516_2dsweep_noplunger,sim,f_mean,sim,S21,offset_nan,07_3_TDS-body_Novel-2Dsweep-260516_66.s2p,07_3_TDS-body_Novel-2Dsweep-260516_67.s2p,,,2.8672804543714,2.86728,2.86728,-0.6644964034559052,-0.22631970782269223,17.81211820309612,7.78818481797682,-10.023933385119307,349.97606661488066,109.97606661488066
260516_2dsweep_noplunger,sim,f_mean,sim,S21,offset_nan,07_3_TDS-body_Novel-2Dsweep-260516_67.s2p,07_3_TDS-body_Novel-2Dsweep-260516_68.s2p,,,2.8672804543714,2.86728,2.86728,-0.22631970782269223,-0.10355958255041692,7.78818481797682,-1.7356064118628547,-9.523791229839674,350.4762087701603,110.47620877016033
260516_2dsweep_noplunger,sim,f_mean,sim,S21,offset_nan,07_3_TDS-body_Novel-2Dsweep-260516_68.s2p,07_3_TDS-body_Novel-2Dsweep-260516_69.s2p,,,2.8672804543714,2.86728,2.86728,-0.10355958255041692,-0.07335628177190485,-1.7356064118628547,-13.346078771343908,-11.610472359481065,348.38952764051896,108.38952764051896
260516_2dsweep_noplunger,sim,f_mean,sim,S21,offset_nan,07_3_TDS-body_Novel-2Dsweep-260516_69.s2p,07_3_TDS-body_Novel-2Dsweep-260516_7.s2p,,,2.8672804543714,2.86728,2.86728,-0.07335628177190485,-3.485179615267109,-13.346078771343908,-34.71784277637992,-21.371764005036,338.62823599496403,98.62823599496403
260516_2dsweep_noplunger,sim,f_mean,sim,S21,offset_nan,07_3_TDS-body_Novel-2Dsweep-260516_7.s2p,07_3_TDS-body_Novel-2Dsweep-260516_70.s2p,,,2.8672804543714,2.86728,2.86728,-3.485179615267109,-0.39168370130254154,-34.71784277637992,-23.443055953669656,11.274786822710269,11.274786822710269,-228.72521317728973
260516_2dsweep_noplunger,sim,f_mean,sim,S21,offset_nan,07_3_TDS-body_Novel-2Dsweep-260516_70.s2p,07_3_TDS-body_Novel-2Dsweep-260516_71.s2p,,,2.8672804543714,2.86728,2.86728,-0.39168370130254154,-0.9199668654668325,-23.443055953669656,-32.57999872808848,-9.136942774418827,350.8630572255812,110.8630572255812
260516_2dsweep_noplunger,sim,f_mean,sim,S21,offset_nan,07_3_TDS-body_Novel-2Dsweep-260516_71.s2p,07_3_TDS-body_Novel-2Dsweep-260516_72.s2p,,,2.8672804543714,2.86728,2.86728,-0.9199668654668325,-1.6036085227773842,-32.57999872808848,-40.686478170281205,-8.106479442192722,351.8935205578073,111.89352055780728
260516_2dsweep_noplunger,sim,f_mean,sim,S21,offset_nan,07_3_TDS-body_Novel-2Dsweep-260516_72.s2p,07_3_TDS-body_Novel-2Dsweep-260516_73.s2p,,,2.8672804543714,2.86728,2.86728,-1.6036085227773842,-2.4719148862248126,-40.686478170281205,34.30516908963241,74.9916472599136,74.9916472599136,-165.0083527400864
260516_2dsweep_noplunger,sim,f_mean,sim,S21,offset_nan,07_3_TDS-body_Novel-2Dsweep-260516_73.s2p,07_3_TDS-body_Novel-2Dsweep-260516_74.s2p,,,2.8672804543714,2.86728,2.86728,-2.4719148862248126,-1.7184266220431677,34.30516908963241,27.583630492773608,-6.721538596858807,353.2784614031412,113.2784614031412
260516_2dsweep_noplunger,sim,f_mean,sim,S21,offset_nan,07_3_TDS-body_Novel-2Dsweep-260516_74.s2p,07_3_TDS-body_Novel-2Dsweep-260516_75.s2p,,,2.8672804543714,2.86728,2.86728,-1.7184266220431677,-1.0038741607037067,27.583630492773608,19.3813909109439,-8.202239581829701,351.7977604181703,111.7977604181703
260516_2dsweep_noplunger,sim,f_mean,sim,S21,offset_nan,07_3_TDS-body_Novel-2Dsweep-260516_75.s2p,07_3_TDS-body_Novel-2Dsweep-260516_76.s2p,,,2.8672804543714,2.86728,2.86728,-1.0038741607037067,-0.45621715038041233,19.3813909109439,10.55583632029633,-8.825554590647585,351.1744454093524,111.17444540935242
260516_2dsweep_noplunger,sim,f_mean,sim,S21,offset_nan,07_3_TDS-body_Novel-2Dsweep-260516_76.s2p,07_3_TDS-body_Novel-2Dsweep-260516_77.s2p,,,2.8672804543714,2.86728,2.86728,-0.45621715038041233,-0.0949256273790283,10.55583632029633,0.2593686534027113,-10.29646766689362,349.7035323331064,109.70353233310641
260516_2dsweep_noplunger,sim,f_mean,sim,S21,offset_nan,07_3_TDS-body_Novel-2Dsweep-260516_77.s2p,07_3_TDS-body_Novel-2Dsweep-260516_78.s2p,,,2.8672804543714,2.86728,2.86728,-0.0949256273790283,-0.009096379964952382,0.2593686534027113,-10.93901715585095,-11.198385809253665,348.80161419074636,108.80161419074636
260516_2dsweep_noplunger,sim,f_mean,sim,S21,offset_nan,07_3_TDS-body_Novel-2Dsweep-260516_78.s2p,07_3_TDS-body_Novel-2Dsweep-260516_79.s2p,,,2.8672804543714,2.86728,2.86728,-0.009096379964952382,-0.22587147069492067,-10.93901715585095,-21.756170038068323,-10.817152882217385,349.1828471177826,109.18284711778261
260516_2dsweep_noplunger,sim,f_mean,sim,S21,offset_nan,07_3_TDS-body_Novel-2Dsweep-260516_79.s2p,07_3_TDS-body_Novel-2Dsweep-260516_8.s2p,,,2.8672804543714,2.86728,2.86728,-0.22587147069492067,-4.328824180380378,-21.756170038068323,-40.86746356412371,-19.11129352605539,340.8887064739446,100.88870647394458
260516_2dsweep_noplunger,sim,f_mean,sim,S21,offset_nan,07_3_TDS-body_Novel-2Dsweep-260516_8.s2p,07_3_TDS-body_Novel-2Dsweep-260516_80.s2p,,,2.8672804543714,2.86728,2.86728,-4.328824180380378,-0.6360436542810167,-40.86746356412371,-30.875277584533237,9.992185979590488,9.992185979590488,-230.0078140204095
260516_2dsweep_noplunger,sim,f_mean,sim,S21,offset_nan,07_3_TDS-body_Novel-2Dsweep-260516_80.s2p,07_3_TDS-body_Novel-2Dsweep-260516_81.s2p,,,2.8672804543714,2.86728,2.86728,-0.6360436542810167,-1.3109978667153928,-30.875277584533237,-40.053067041375314,-9.177789456842078,350.8222105431579,110.8222105431579
260516_2dsweep_noplunger,sim,f_mean,sim,S21,offset_nan,07_3_TDS-body_Novel-2Dsweep-260516_81.s2p,07_3_TDS-body_Novel-2Dsweep-260516_82.s2p,,,2.8672804543714,2.86728,2.86728,-1.3109978667153928,-3.0224842372345586,-40.053067041375314,35.29629978273627,75.3493668241116,75.3493668241116,-164.6506331758884
260516_2dsweep_noplunger,sim,f_mean,sim,S21,offset_nan,07_3_TDS-body_Novel-2Dsweep-260516_82.s2p,07_3_TDS-body_Novel-2Dsweep-260516_83.s2p,,,2.8672804543714,2.86728,2.86728,-3.0224842372345586,-2.213473227063888,35.29629978273627,29.17350407467451,-6.122795708061744,353.87720429193826,113.87720429193826
260516_2dsweep_noplunger,sim,f_mean,sim,S21,offset_nan,07_3_TDS-body_Novel-2Dsweep-260516_83.s2p,07_3_TDS-body_Novel-2Dsweep-260516_84.s2p,,,2.8672804543714,2.86728,2.86728,-2.213473227063888,-1.3914955850149815,29.17350407467451,21.399301583623334,-7.77420249105117,352.22579750894886,112.22579750894886
260516_2dsweep_noplunger,sim,f_mean,sim,S21,offset_nan,07_3_TDS-body_Novel-2Dsweep-260516_84.s2p,07_3_TDS-body_Novel-2Dsweep-260516_85.s2p,,,2.8672804543714,2.86728,2.86728,-1.3914955850149815,-0.709777341511436,21.399301583623334,12.393073242110269,-9.006228341513065,350.99377165848693,110.99377165848693
260516_2dsweep_noplunger,sim,f_mean,sim,S21,offset_nan,07_3_TDS-body_Novel-2Dsweep-260516_85.s2p,07_3_TDS-body_Novel-2Dsweep-260516_86.s2p,,,2.8672804543714,2.86728,2.86728,-0.709777341511436,-0.2160822021799941,12.393073242110269,2.022012818859699,-10.371060423250583,349.6289395767494,109.62893957674942
260516_2dsweep_noplunger,sim,f_mean,sim,S21,offset_nan,07_3_TDS-body_Novel-2Dsweep-260516_86.s2p,07_3_TDS-body_Novel-2Dsweep-260516_87.s2p,,,2.8672804543714,2.86728,2.86728,-0.2160822021799941,-0.008295196325943456,2.022012818859699,-8.782082505646608,-10.804095324506306,349.1959046754937,109.1959046754937
260516_2dsweep_noplunger,sim,f_mean,sim,S21,offset_nan,07_3_TDS-body_Novel-2Dsweep-260516_87.s2p,07_3_TDS-body_Novel-2Dsweep-260516_88.s2p,,,2.8672804543714,2.86728,2.86728,-0.008295196325943456,-0.10132444901162137,-8.782082505646608,-19.705139796088947,-10.92305729044233,349.07694270955767,109.07694270955767
260516_2dsweep_noplunger,sim,f_mean,sim,S21,offset_nan,07_3_TDS-body_Novel-2Dsweep-260516_88.s2p,07_3_TDS-body_Novel-2Dsweep-260516_89.s2p,,,2.8672804543714,2.86728,2.86728,-0.10132444901162137,-0.49389645607342536,-19.705139796088947,-30.322378912235063,-10.617239116146123,349.38276088385385,109.38276088385385
260516_2dsweep_noplunger,sim,f_mean,sim,S21,offset_nan,07_3_TDS-body_Novel-2Dsweep-260516_89.s2p,07_3_TDS-body_Novel-2Dsweep-260516_9.s2p,,,2.8672804543714,2.86728,2.86728,-0.49389645607342536,-5.086055184492963,-30.322378912235063,-45.82878802510046,-15.506409112865384,344.4935908871346,104.49359088713459
260516_2dsweep_noplunger,sim,f_mean,sim,S21,offset_nan,07_3_TDS-body_Novel-2Dsweep-260516_9.s2p,07_3_TDS-body_Novel-2Dsweep-260516_90.s2p,,,2.8672804543714,2.86728,2.86728,-5.086055184492963,-1.0683436287791928,-45.82878802510046,-39.15224935987101,6.676538665229458,6.676538665229458,-233.32346133477054
260516_2dsweep_noplunger,sim,f_mean,sim,S21,offset_nan,07_3_TDS-body_Novel-2Dsweep-260516_90.s2p,07_3_TDS-body_Novel-2Dsweep-260516_91.s2p,,,2.8672804543714,2.86728,2.86728,-1.0683436287791928,-3.4839741993557376,-39.15224935987101,35.71131953623521,74.86356889610622,74.86356889610622,-165.13643110389378
260516_2dsweep_noplunger,sim,f_mean,sim,S21,offset_nan,07_3_TDS-body_Novel-2Dsweep-260516_91.s2p,07_3_TDS-body_Novel-2Dsweep-260516_92.s2p,,,2.8672804543714,2.86728,2.86728,-3.4839741993557376,-2.51164205416389,35.71131953623521,29.07265171999669,-6.638667816238524,353.3613321837615,113.36133218376148
260516_2dsweep_noplunger,sim,f_mean,sim,S21,offset_nan,07_3_TDS-body_Novel-2Dsweep-260516_92.s2p,07_3_TDS-body_Novel-2Dsweep-260516_93.s2p,,,2.8672804543714,2.86728,2.86728,-2.51164205416389,-1.6948354222507833,29.07265171999669,22.01881589568983,-7.053835824306873,352.9461641756931,112.94616417569313
260516_2dsweep_noplunger,sim,f_mean,sim,S21,offset_nan,07_3_TDS-body_Novel-2Dsweep-260516_93.s2p,07_3_TDS-body_Novel-2Dsweep-260516_94.s2p,,,2.8672804543714,2.86728,2.86728,-1.6948354222507833,-1.0077968822796006,22.01881589568983,14.417364139130084,-7.601451756559754,352.39854824344025,112.39854824344025
260516_2dsweep_noplunger,sim,f_mean,sim,S21,offset_nan,07_3_TDS-body_Novel-2Dsweep-260516_94.s2p,07_3_TDS-body_Novel-2Dsweep-260516_95.s2p,,,2.8672804543714,2.86728,2.86728,-1.0077968822796006,-0.40184054692438476,14.417364139130084,4.599639590107527,-9.817724549022557,350.18227545097744,110.18227545097744
260516_2dsweep_noplunger,sim,f_mean,sim,S21,offset_nan,07_3_TDS-body_Novel-2Dsweep-260516_95.s2p,07_3_TDS-body_Novel-2Dsweep-260516_96.s2p,,,2.8672804543714,2.86728,2.86728,-0.40184054692438476,-0.05328564385805759,4.599639590107527,-6.435480192967148,-11.035119783074663,348.96488021692534,108.96488021692534
260516_2dsweep_noplunger,sim,f_mean,sim,S21,offset_nan,07_3_TDS-body_Novel-2Dsweep-260516_96.s2p,07_3_TDS-body_Novel-2Dsweep-260516_97.s2p,,,2.8672804543714,2.86728,2.86728,-0.05328564385805759,-0.02059042679285557,-6.435480192967148,-16.75726589536302,-10.321785702395857,349.67821429760414,109.67821429760414
260516_2dsweep_noplunger,sim,f_mean,sim,S21,offset_nan,07_3_TDS-body_Novel-2Dsweep-260516_97.s2p,07_3_TDS-body_Novel-2Dsweep-260516_98.s2p,,,2.8672804543714,2.86728,2.86728,-0.02059042679285557,-0.2790237810087751,-16.75726589536302,-27.541851143058874,-10.784585247695844,349.2154147523041,109.21541475230413
260516_2dsweep_noplunger,sim,f_mean,sim,S21,offset_nan,07_3_TDS-body_Novel-2Dsweep-260516_98.s2p,07_3_TDS-body_Novel-2Dsweep-260516_99.s2p,,,2.8672804543714,2.86728,2.86728,-0.2790237810087751,-0.7830725699544403,-27.541851143058874,-37.12200917365724,-9.58015803059837,350.41984196940166,110.41984196940166
260516_2dsweep_noplunger,sim,f_mean,sim,S22,offset_nan,07_3_TDS-body_Novel-2Dsweep-260516_1.s2p,07_3_TDS-body_Novel-2Dsweep-260516_10.s2p,,,2.8672804543714,2.86728,2.86728,-16.233311116791644,-29.261783613614384,109.53214623400325,112.2172359047956,2.6850896707923653,2.6850896707923653,-237.31491032920763
260516_2dsweep_noplunger,sim,f_mean,sim,S22,offset_nan,07_3_TDS-body_Novel-2Dsweep-260516_10.s2p,07_3_TDS-body_Novel-2Dsweep-260516_100.s2p,,,2.8672804543714,2.86728,2.86728,-29.261783613614384,-1.9783303614974512,112.2172359047956,-51.60716459646251,-163.8244005012581,196.1755994987419,-43.82440050125811
260516_2dsweep_noplunger,sim,f_mean,sim,S22,offset_nan,07_3_TDS-body_Novel-2Dsweep-260516_100.s2p,07_3_TDS-body_Novel-2Dsweep-260516_101.s2p,,,2.8672804543714,2.86728,2.86728,-1.9783303614974512,-2.767415066962466,-51.60716459646251,-57.86696032584947,-6.259795729386951,353.74020427061305,113.74020427061305
260516_2dsweep_noplunger,sim,f_mean,sim,S22,offset_nan,07_3_TDS-body_Novel-2Dsweep-260516_101.s2p,07_3_TDS-body_Novel-2Dsweep-260516_102.s2p,,,2.8672804543714,2.86728,2.86728,-2.767415066962466,-3.867604987471353,-57.86696032584947,-64.74391256409078,-6.8769522382413015,353.1230477617587,113.1230477617587
260516_2dsweep_noplunger,sim,f_mean,sim,S22,offset_nan,07_3_TDS-body_Novel-2Dsweep-260516_102.s2p,07_3_TDS-body_Novel-2Dsweep-260516_103.s2p,,,2.8672804543714,2.86728,2.86728,-3.867604987471353,-5.591419399857723,-64.74391256409078,-72.85100231605534,-8.107089751964565,351.89291024803543,111.89291024803543
260516_2dsweep_noplunger,sim,f_mean,sim,S22,offset_nan,07_3_TDS-body_Novel-2Dsweep-260516_103.s2p,07_3_TDS-body_Novel-2Dsweep-260516_104.s2p,,,2.8672804543714,2.86728,2.86728,-5.591419399857723,-8.837051455633059,-72.85100231605534,53.8112850846501,126.66228740070545,126.66228740070545,-113.33771259929455
260516_2dsweep_noplunger,sim,f_mean,sim,S22,offset_nan,07_3_TDS-body_Novel-2Dsweep-260516_104.s2p,07_3_TDS-body_Novel-2Dsweep-260516_105.s2p,,,2.8672804543714,2.86728,2.86728,-8.837051455633059,-2.3096906429131754,53.8112850846501,-56.05563440573981,-109.8669194903899,250.1330805096101,10.133080509610096
260516_2dsweep_noplunger,sim,f_mean,sim,S22,offset_nan,07_3_TDS-body_Novel-2Dsweep-260516_105.s2p,07_3_TDS-body_Novel-2Dsweep-260516_106.s2p,,,2.8672804543714,2.86728,2.86728,-2.3096906429131754,-3.290323422168371,-56.05563440573981,-63.1683701975524,-7.112735791812582,352.8872642081874,112.88726420818739
260516_2dsweep_noplunger,sim,f_mean,sim,S22,offset_nan,07_3_TDS-body_Novel-2Dsweep-260516_106.s2p,07_3_TDS-body_Novel-2Dsweep-260516_107.s2p,,,2.8672804543714,2.86728,2.86728,-3.290323422168371,-7.257526298189654,-63.1683701975524,-80.79069630001663,-17.62232610246423,342.3776738975358,102.37767389753577
260516_2dsweep_noplunger,sim,f_mean,sim,S22,offset_nan,07_3_TDS-body_Novel-2Dsweep-260516_107.s2p,07_3_TDS-body_Novel-2Dsweep-260516_108.s2p,,,2.8672804543714,2.86728,2.86728,-7.257526298189654,-11.763902476307962,-80.79069630001663,-91.4567045448307,-10.666008244814066,349.33399175518593,109.33399175518593
260516_2dsweep_noplunger,sim,f_mean,sim,S22,offset_nan,07_3_TDS-body_Novel-2Dsweep-260516_108.s2p,07_3_TDS-body_Novel-2Dsweep-260516_109.s2p,,,2.8672804543714,2.86728,2.86728,-11.763902476307962,-23.15335156488303,-91.4567045448307,-102.47778500655694,-11.021080461726228,348.9789195382738,108.97891953827377
260516_2dsweep_noplunger,sim,f_mean,sim,S22,offset_nan,07_3_TDS-body_Novel-2Dsweep-260516_109.s2p,07_3_TDS-body_Novel-2Dsweep-260516_11.s2p,,,2.8672804543714,2.86728,2.86728,-23.15335156488303,-15.941457940232166,-102.47778500655694,101.02090057652715,-156.50131441691587,203.49868558308413,-36.501314416915875
260516_2dsweep_noplunger,sim,f_mean,sim,S22,offset_nan,07_3_TDS-body_Novel-2Dsweep-260516_11.s2p,07_3_TDS-body_Novel-2Dsweep-260516_110.s2p,,,2.8672804543714,2.86728,2.86728,-15.941457940232166,-17.1610074754178,101.02090057652715,65.20186269339516,-35.81903788313201,324.180962116868,84.18096211686799
260516_2dsweep_noplunger,sim,f_mean,sim,S22,offset_nan,07_3_TDS-body_Novel-2Dsweep-260516_110.s2p,07_3_TDS-body_Novel-2Dsweep-260516_111.s2p,,,2.8672804543714,2.86728,2.86728,-17.1610074754178,-8.615966729707287,65.20186269339516,51.60386722855818,-13.59799546483697,346.40200453516303,106.40200453516303
260516_2dsweep_noplunger,sim,f_mean,sim,S22,offset_nan,07_3_TDS-body_Novel-2Dsweep-260516_111.s2p,07_3_TDS-body_Novel-2Dsweep-260516_112.s2p,,,2.8672804543714,2.86728,2.86728,-8.615966729707287,-8.599429986206506,51.60386722855818,-82.95633401317275,-134.56020124173094,225.43979875826906,-14.560201241730937
260516_2dsweep_noplunger,sim,f_mean,sim,S22,offset_nan,07_3_TDS-body_Novel-2Dsweep-260516_112.s2p,07_3_TDS-body_Novel-2Dsweep-260516_113.s2p,,,2.8672804543714,2.86728,2.86728,-8.599429986206506,-13.966053119942343,-82.95633401317275,-92.95007328287508,-9.993739269702331,350.00626073029764,110.00626073029764
260516_2dsweep_noplunger,sim,f_mean,sim,S22,offset_nan,07_3_TDS-body_Novel-2Dsweep-260516_113.s2p,07_3_TDS-body_Novel-2Dsweep-260516_114.s2p,,,2.8672804543714,2.86728,2.86728,-13.966053119942343,-65.6913218973379,-92.95007328287508,59.363879069177095,152.31395235205218,152.31395235205218,-87.68604764794782
260516_2dsweep_noplunger,sim,f_mean,sim,S22,offset_nan,07_3_TDS-body_Novel-2Dsweep-260516_114.s2p,07_3_TDS-body_Novel-2Dsweep-260516_115.s2p,,,2.8672804543714,2.86728,2.86728,-65.6913218973379,-14.361012061282487,59.363879069177095,64.08537939833703,4.721500329159937,4.721500329159937,-235.27849967084006
260516_2dsweep_noplunger,sim,f_mean,sim,S22,offset_nan,07_3_TDS-body_Novel-2Dsweep-260516_115.s2p,07_3_TDS-body_Novel-2Dsweep-260516_116.s2p,,,2.8672804543714,2.86728,2.86728,-14.361012061282487,-1.7228204024598837,64.08537939833703,-51.07619330359604,-115.16157270193307,244.83842729806693,4.838427298066932
260516_2dsweep_noplunger,sim,f_mean,sim,S22,offset_nan,07_3_TDS-body_Novel-2Dsweep-260516_116.s2p,07_3_TDS-body_Novel-2Dsweep-260516_117.s2p,,,2.8672804543714,2.86728,2.86728,-1.7228204024598837,-4.791079289933055,-51.07619330359604,-71.13385851508578,-20.057665211489734,339.94233478851027,99.94233478851027
260516_2dsweep_noplunger,sim,f_mean,sim,S22,offset_nan,07_3_TDS-body_Novel-2Dsweep-260516_117.s2p,07_3_TDS-body_Novel-2Dsweep-260516_12.s2p,,,2.8672804543714,2.86728,2.86728,-4.791079289933055,-10.7643641071708,-71.13385851508578,91.04491041507038,162.17876893015614,162.17876893015614,-77.82123106984386
260516_2dsweep_noplunger,sim,f_mean,sim,S22,offset_nan,07_3_TDS-body_Novel-2Dsweep-260516_12.s2p,07_3_TDS-body_Novel-2Dsweep-260516_13.s2p,,,2.8672804543714,2.86728,2.86728,-10.7643641071708,-7.585818921614013,91.04491041507038,80.96405917613949,-10.080851238930904,349.9191487610691,109.9191487610691
260516_2dsweep_noplunger,sim,f_mean,sim,S22,offset_nan,07_3_TDS-body_Novel-2Dsweep-260516_13.s2p,07_3_TDS-body_Novel-2Dsweep-260516_14.s2p,,,2.8672804543714,2.86728,2.86728,-7.585818921614013,-5.479535177756923,80.96405917613949,71.5297069127286,-9.434352263410887,350.5656477365891,110.56564773658909
260516_2dsweep_noplunger,sim,f_mean,sim,S22,offset_nan,07_3_TDS-body_Novel-2Dsweep-260516_14.s2p,07_3_TDS-body_Novel-2Dsweep-260516_15.s2p,,,2.8672804543714,2.86728,2.86728,-5.479535177756923,-4.0733295848945446,71.5297069127286,63.22655974200551,-8.303147170723093,351.6968528292769,111.6968528292769
260516_2dsweep_noplunger,sim,f_mean,sim,S22,offset_nan,07_3_TDS-body_Novel-2Dsweep-260516_15.s2p,07_3_TDS-body_Novel-2Dsweep-260516_16.s2p,,,2.8672804543714,2.86728,2.86728,-4.0733295848945446,-3.0902658226933575,63.22655974200551,55.969051887258814,-7.257507854746706,352.7424921452533,112.74249214525332
260516_2dsweep_noplunger,sim,f_mean,sim,S22,offset_nan,07_3_TDS-body_Novel-2Dsweep-260516_16.s2p,07_3_TDS-body_Novel-2Dsweep-260516_17.s2p,,,2.8672804543714,2.86728,2.86728,-3.0902658226933575,-2.3901662385715867,55.969051887258814,49.6559778041083,-6.313074083150525,353.6869259168495,113.68692591684948
260516_2dsweep_noplunger,sim,f_mean,sim,S22,offset_nan,07_3_TDS-body_Novel-2Dsweep-260516_17.s2p,07_3_TDS-body_Novel-2Dsweep-260516_18.s2p,,,2.8672804543714,2.86728,2.86728,-2.3901662385715867,-1.8688174630551557,49.6559778041083,44.10858942393579,-5.547388380172521,354.4526116198275,114.45261161982751
260516_2dsweep_noplunger,sim,f_mean,sim,S22,offset_nan,07_3_TDS-body_Novel-2Dsweep-260516_18.s2p,07_3_TDS-body_Novel-2Dsweep-260516_19.s2p,,,2.8672804543714,2.86728,2.86728,-1.8688174630551557,-21.315910337535854,44.10858942393579,-66.71672343663437,-110.82531286057016,249.17468713942984,9.174687139429835
260516_2dsweep_noplunger,sim,f_mean,sim,S22,offset_nan,07_3_TDS-body_Novel-2Dsweep-260516_19.s2p,07_3_TDS-body_Novel-2Dsweep-260516_2.s2p,,,2.8672804543714,2.86728,2.86728,-21.315910337535854,-11.310108545876751,-66.71672343663437,98.79403880018721,165.51076223682156,165.51076223682156,-74.48923776317844
260516_2dsweep_noplunger,sim,f_mean,sim,S22,offset_nan,07_3_TDS-body_Novel-2Dsweep-260516_2.s2p,07_3_TDS-body_Novel-2Dsweep-260516_20.s2p,,,2.8672804543714,2.86728,2.86728,-11.310108545876751,-26.73299591641961,98.79403880018721,103.21953298773037,4.4254941875431655,4.4254941875431655,-235.57450581245683
260516_2dsweep_noplunger,sim,f_mean,sim,S22,offset_nan,07_3_TDS-body_Novel-2Dsweep-260516_20.s2p,07_3_TDS-body_Novel-2Dsweep-260516_21.s2p,,,2.8672804543714,2.86728,2.86728,-26.73299591641961,-14.74280732763833,103.21953298773037,93.30303203171523,-9.916500956015142,350.08349904398483,110.08349904398483
260516_2dsweep_noplunger,sim,f_mean,sim,S22,offset_nan,07_3_TDS-body_Novel-2Dsweep-260516_21.s2p,07_3_TDS-body_Novel-2Dsweep-260516_22.s2p,,,2.8672804543714,2.86728,2.86728,-14.74280732763833,-9.811278455778561,93.30303203171523,82.90686928285595,-10.396162748859297,349.6038372511407,109.6038372511407
260516_2dsweep_noplunger,sim,f_mean,sim,S22,offset_nan,07_3_TDS-body_Novel-2Dsweep-260516_22.s2p,07_3_TDS-body_Novel-2Dsweep-260516_23.s2p,,,2.8672804543714,2.86728,2.86728,-9.811278455778561,-6.838183977921805,82.90686928285595,73.23319953204103,-9.673669750814923,350.32633024918505,110.32633024918505
260516_2dsweep_noplunger,sim,f_mean,sim,S22,offset_nan,07_3_TDS-body_Novel-2Dsweep-260516_23.s2p,07_3_TDS-body_Novel-2Dsweep-260516_24.s2p,,,2.8672804543714,2.86728,2.86728,-6.838183977921805,-4.956706641661168,73.23319953204103,64.43256336522505,-8.800636166815991,351.199363833184,111.19936383318401
260516_2dsweep_noplunger,sim,f_mean,sim,S22,offset_nan,07_3_TDS-body_Novel-2Dsweep-260516_24.s2p,07_3_TDS-body_Novel-2Dsweep-260516_25.s2p,,,2.8672804543714,2.86728,2.86728,-4.956706641661168,-3.678639303663033,64.43256336522505,56.60036249775017,-7.8322008674748815,352.16779913252515,112.16779913252515
260516_2dsweep_noplunger,sim,f_mean,sim,S22,offset_nan,07_3_TDS-body_Novel-2Dsweep-260516_25.s2p,07_3_TDS-body_Novel-2Dsweep-260516_26.s2p,,,2.8672804543714,2.86728,2.86728,-3.678639303663033,-2.797548629587101,56.60036249775017,49.974754212190874,-6.625608285559281,353.3743917144407,113.37439171444072
260516_2dsweep_noplunger,sim,f_mean,sim,S22,offset_nan,07_3_TDS-body_Novel-2Dsweep-260516_26.s2p,07_3_TDS-body_Novel-2Dsweep-260516_27.s2p,,,2.8672804543714,2.86728,2.86728,-2.797548629587101,-2.1704166984765836,49.974754212190874,44.24135036924127,-5.733403842949599,354.2665961570504,114.2665961570504
260516_2dsweep_noplunger,sim,f_mean,sim,S22,offset_nan,07_3_TDS-body_Novel-2Dsweep-260516_27.s2p,07_3_TDS-body_Novel-2Dsweep-260516_28.s2p,,,2.8672804543714,2.86728,2.86728,-2.1704166984765836,-12.376588265701379,44.24135036924127,-62.56861336651964,-106.8099637357609,253.1900362642391,13.190036264239097
260516_2dsweep_noplunger,sim,f_mean,sim,S22,offset_nan,07_3_TDS-body_Novel-2Dsweep-260516_28.s2p,07_3_TDS-body_Novel-2Dsweep-260516_29.s2p,,,2.8672804543714,2.86728,2.86728,-12.376588265701379,-18.921592299813984,-62.56861336651964,-71.59601328292001,-9.027399916400384,350.9726000835996,110.97260008359962
260516_2dsweep_noplunger,sim,f_mean,sim,S22,offset_nan,07_3_TDS-body_Novel-2Dsweep-260516_29.s2p,07_3_TDS-body_Novel-2Dsweep-260516_3.s2p,,,2.8672804543714,2.86728,2.86728,-18.921592299813984,-8.062621212144464,-71.59601328292001,88.3847103963037,159.98072367922373,159.98072367922373,-80.01927632077627
260516_2dsweep_noplunger,sim,f_mean,sim,S22,offset_nan,07_3_TDS-body_Novel-2Dsweep-260516_3.s2p,07_3_TDS-body_Novel-2Dsweep-260516_30.s2p,,,2.8672804543714,2.86728,2.86728,-8.062621212144464,-31.542014057552766,88.3847103963037,97.94614564227629,9.561435245972575,9.561435245972575,-230.43856475402742
260516_2dsweep_noplunger,sim,f_mean,sim,S22,offset_nan,07_3_TDS-body_Novel-2Dsweep-260516_30.s2p,07_3_TDS-body_Novel-2Dsweep-260516_31.s2p,,,2.8672804543714,2.86728,2.86728,-31.542014057552766,-14.992652116698583,97.94614564227629,88.10875286644587,-9.837392775830438,350.16260722416956,110.16260722416956
260516_2dsweep_noplunger,sim,f_mean,sim,S22,offset_nan,07_3_TDS-body_Novel-2Dsweep-260516_31.s2p,07_3_TDS-body_Novel-2Dsweep-260516_32.s2p,,,2.8672804543714,2.86728,2.86728,-14.992652116698583,-9.845315265308876,88.10875286644587,78.16916922082365,-9.939583645622236,350.06041635437776,110.06041635437776
260516_2dsweep_noplunger,sim,f_mean,sim,S22,offset_nan,07_3_TDS-body_Novel-2Dsweep-260516_32.s2p,07_3_TDS-body_Novel-2Dsweep-260516_33.s2p,,,2.8672804543714,2.86728,2.86728,-9.845315265308876,-6.932549465141116,78.16916922082365,68.90779381785362,-9.261375402970032,350.73862459702997,110.73862459702997
260516_2dsweep_noplunger,sim,f_mean,sim,S22,offset_nan,07_3_TDS-body_Novel-2Dsweep-260516_33.s2p,07_3_TDS-body_Novel-2Dsweep-260516_34.s2p,,,2.8672804543714,2.86728,2.86728,-6.932549465141116,-4.9587729965158225,68.90779381785362,60.32267500069879,-8.585118817154836,351.4148811828452,111.41488118284519
260516_2dsweep_noplunger,sim,f_mean,sim,S22,offset_nan,07_3_TDS-body_Novel-2Dsweep-260516_34.s2p,07_3_TDS-body_Novel-2Dsweep-260516_35.s2p,,,2.8672804543714,2.86728,2.86728,-4.9587729965158225,-3.7065977495193185,60.32267500069879,52.96868463155984,-7.353990369138955,352.64600963086104,112.64600963086104
260516_2dsweep_noplunger,sim,f_mean,sim,S22,offset_nan,07_3_TDS-body_Novel-2Dsweep-260516_35.s2p,07_3_TDS-body_Novel-2Dsweep-260516_36.s2p,,,2.8672804543714,2.86728,2.86728,-3.7065977495193185,-2.830116510168967,52.96868463155984,46.685196546261835,-6.283488085298018,353.716511914702,113.71651191470198
260516_2dsweep_noplunger,sim,f_mean,sim,S22,offset_nan,07_3_TDS-body_Novel-2Dsweep-260516_36.s2p,07_3_TDS-body_Novel-2Dsweep-260516_37.s2p,,,2.8672804543714,2.86728,2.86728,-2.830116510168967,-9.255682532843432,46.685196546261835,-61.12469956866582,-107.80989611492765,252.19010388507235,12.190103885072347
260516_2dsweep_noplunger,sim,f_mean,sim,S22,offset_nan,07_3_TDS-body_Novel-2Dsweep-260516_37.s2p,07_3_TDS-body_Novel-2Dsweep-260516_38.s2p,,,2.8672804543714,2.86728,2.86728,-9.255682532843432,-12.876715243801263,-61.12469956866582,-69.71429815901064,-8.58959859034482,351.41040140965515,111.41040140965515
260516_2dsweep_noplunger,sim,f_mean,sim,S22,offset_nan,07_3_TDS-body_Novel-2Dsweep-260516_38.s2p,07_3_TDS-body_Novel-2Dsweep-260516_39.s2p,,,2.8672804543714,2.86728,2.86728,-12.876715243801263,-21.56863990293474,-69.71429815901064,-79.15735554471556,-9.443057385704918,350.55694261429505,110.55694261429505
260516_2dsweep_noplunger,sim,f_mean,sim,S22,offset_nan,07_3_TDS-body_Novel-2Dsweep-260516_39.s2p,07_3_TDS-body_Novel-2Dsweep-260516_4.s2p,,,2.8672804543714,2.86728,2.86728,-21.56863990293474,-5.917330120867771,-79.15735554471556,78.77467669952652,157.93203224424207,157.93203224424207,-82.06796775575793
260516_2dsweep_noplunger,sim,f_mean,sim,S22,offset_nan,07_3_TDS-body_Novel-2Dsweep-260516_4.s2p,07_3_TDS-body_Novel-2Dsweep-260516_40.s2p,,,2.8672804543714,2.86728,2.86728,-5.917330120867771,-22.82383322504238,78.77467669952652,90.83271478806515,12.058038088538638,12.058038088538638,-227.94196191146136
260516_2dsweep_noplunger,sim,f_mean,sim,S22,offset_nan,07_3_TDS-body_Novel-2Dsweep-260516_40.s2p,07_3_TDS-body_Novel-2Dsweep-260516_41.s2p,,,2.8672804543714,2.86728,2.86728,-22.82383322504238,-12.823801854733546,90.83271478806515,80.47127425050626,-10.361440537558906,349.6385594624411,109.6385594624411
260516_2dsweep_noplunger,sim,f_mean,sim,S22,offset_nan,07_3_TDS-body_Novel-2Dsweep-260516_41.s2p,07_3_TDS-body_Novel-2Dsweep-260516_42.s2p,,,2.8672804543714,2.86728,2.86728,-12.823801854733546,-8.50552397116544,80.47127425050626,70.6730228349098,-9.79825141559644,350.20174858440356,110.20174858440356
260516_2dsweep_noplunger,sim,f_mean,sim,S22,offset_nan,07_3_TDS-body_Novel-2Dsweep-260516_42.s2p,07_3_TDS-body_Novel-2Dsweep-260516_43.s2p,,,2.8672804543714,2.86728,2.86728,-8.50552397116544,-6.040572151735106,70.6730228349098,61.86027519831141,-8.812747636598374,351.1872523634016,111.18725236340163
260516_2dsweep_noplunger,sim,f_mean,sim,S22,offset_nan,07_3_TDS-body_Novel-2Dsweep-260516_43.s2p,07_3_TDS-body_Novel-2Dsweep-260516_44.s2p,,,2.8672804543714,2.86728,2.86728,-6.040572151735106,-4.437343077463308,61.86027519831141,54.11318188295112,-7.747093315360303,352.2529066846397,112.2529066846397
260516_2dsweep_noplunger,sim,f_mean,sim,S22,offset_nan,07_3_TDS-body_Novel-2Dsweep-260516_44.s2p,07_3_TDS-body_Novel-2Dsweep-260516_45.s2p,,,2.8672804543714,2.86728,2.86728,-4.437343077463308,-3.3315862485922003,54.11318188295112,47.355491992027375,-6.757689890923757,353.24231010907624,113.24231010907624
260516_2dsweep_noplunger,sim,f_mean,sim,S22,offset_nan,07_3_TDS-body_Novel-2Dsweep-260516_45.s2p,07_3_TDS-body_Novel-2Dsweep-260516_46.s2p,,,2.8672804543714,2.86728,2.86728,-3.3315862485922003,-7.0856973264148495,47.355491992027375,-59.43660370989605,-106.79209570192342,253.20790429807658,13.207904298076585
260516_2dsweep_noplunger,sim,f_mean,sim,S22,offset_nan,07_3_TDS-body_Novel-2Dsweep-260516_46.s2p,07_3_TDS-body_Novel-2Dsweep-260516_47.s2p,,,2.8672804543714,2.86728,2.86728,-7.0856973264148495,-9.648419729665058,-59.43660370989605,-67.61891326296627,-8.18230955307024,351.81769044692976,111.81769044692976
260516_2dsweep_noplunger,sim,f_mean,sim,S22,offset_nan,07_3_TDS-body_Novel-2Dsweep-260516_47.s2p,07_3_TDS-body_Novel-2Dsweep-260516_48.s2p,,,2.8672804543714,2.86728,2.86728,-9.648419729665058,-14.441891766013871,-67.61891326296627,-76.86661719039706,-9.247703927430791,350.7522960725692,110.75229607256921
260516_2dsweep_noplunger,sim,f_mean,sim,S22,offset_nan,07_3_TDS-body_Novel-2Dsweep-260516_48.s2p,07_3_TDS-body_Novel-2Dsweep-260516_49.s2p,,,2.8672804543714,2.86728,2.86728,-14.441891766013871,-29.58585998041503,-76.86661719039706,-86.79827659290989,-9.931659402512821,350.0683405974872,110.06834059748718
260516_2dsweep_noplunger,sim,f_mean,sim,S22,offset_nan,07_3_TDS-body_Novel-2Dsweep-260516_49.s2p,07_3_TDS-body_Novel-2Dsweep-260516_5.s2p,,,2.8672804543714,2.86728,2.86728,-29.58585998041503,-4.40936367809,-86.79827659290989,69.90763455230754,156.70591114521744,156.70591114521744,-83.29408885478256
260516_2dsweep_noplunger,sim,f_mean,sim,S22,offset_nan,07_3_TDS-body_Novel-2Dsweep-260516_5.s2p,07_3_TDS-body_Novel-2Dsweep-260516_50.s2p,,,2.8672804543714,2.86728,2.86728,-4.40936367809,-17.68516453707129,69.90763455230754,82.46904867159779,12.561414119290248,12.561414119290248,-227.43858588070975
260516_2dsweep_noplunger,sim,f_mean,sim,S22,offset_nan,07_3_TDS-body_Novel-2Dsweep-260516_50.s2p,07_3_TDS-body_Novel-2Dsweep-260516_51.s2p,,,2.8672804543714,2.86728,2.86728,-17.68516453707129,-10.657915624465407,82.46904867159779,72.6707954863944,-9.798253185203407,350.2017468147966,110.20174681479659
260516_2dsweep_noplunger,sim,f_mean,sim,S22,offset_nan,07_3_TDS-body_Novel-2Dsweep-260516_51.s2p,07_3_TDS-body_Novel-2Dsweep-260516_52.s2p,,,2.8672804543714,2.86728,2.86728,-10.657915624465407,-7.232776878234533,72.6707954863944,63.20621195007302,-9.464583536321385,350.53541646367864,110.53541646367864
260516_2dsweep_noplunger,sim,f_mean,sim,S22,offset_nan,07_3_TDS-body_Novel-2Dsweep-260516_52.s2p,07_3_TDS-body_Novel-2Dsweep-260516_53.s2p,,,2.8672804543714,2.86728,2.86728,-7.232776878234533,-5.1815927185578525,63.20621195007302,54.97814873631109,-8.228063213761914,351.7719367862381,111.77193678623809
260516_2dsweep_noplunger,sim,f_mean,sim,S22,offset_nan,07_3_TDS-body_Novel-2Dsweep-260516_53.s2p,07_3_TDS-body_Novel-2Dsweep-260516_54.s2p,,,2.8672804543714,2.86728,2.86728,-5.1815927185578525,-3.846189089916743,54.97814873631109,47.82419546388438,-7.153953272426719,352.84604672757325,112.84604672757325
260516_2dsweep_noplunger,sim,f_mean,sim,S22,offset_nan,07_3_TDS-body_Novel-2Dsweep-260516_54.s2p,07_3_TDS-body_Novel-2Dsweep-260516_55.s2p,,,2.8672804543714,2.86728,2.86728,-3.846189089916743,-5.506592163284861,47.82419546388438,-57.884641880447106,-105.70883734433149,254.29116265566853,14.29116265566853
260516_2dsweep_noplunger,sim,f_mean,sim,S22,offset_nan,07_3_TDS-body_Novel-2Dsweep-260516_55.s2p,07_3_TDS-body_Novel-2Dsweep-260516_56.s2p,,,2.8672804543714,2.86728,2.86728,-5.506592163284861,-7.59979157168331,-57.884641880447106,-66.07969474273074,-8.195052862283632,351.80494713771634,111.80494713771634
260516_2dsweep_noplunger,sim,f_mean,sim,S22,offset_nan,07_3_TDS-body_Novel-2Dsweep-260516_56.s2p,07_3_TDS-body_Novel-2Dsweep-260516_57.s2p,,,2.8672804543714,2.86728,2.86728,-7.59979157168331,-10.285896405349702,-66.07969474273074,-74.16644286896464,-8.086748126233886,351.9132518737661,111.91325187376611
260516_2dsweep_noplunger,sim,f_mean,sim,S22,offset_nan,07_3_TDS-body_Novel-2Dsweep-260516_57.s2p,07_3_TDS-body_Novel-2Dsweep-260516_58.s2p,,,2.8672804543714,2.86728,2.86728,-10.285896405349702,-17.87420870356678,-74.16644286896464,-85.02553628903932,-10.859093420074686,349.1409065799253,109.14090657992529
260516_2dsweep_noplunger,sim,f_mean,sim,S22,offset_nan,07_3_TDS-body_Novel-2Dsweep-260516_58.s2p,07_3_TDS-body_Novel-2Dsweep-260516_59.s2p,,,2.8672804543714,2.86728,2.86728,-17.87420870356678,-29.775367987463657,-85.02553628903932,90.25446108853788,175.27999737757722,175.27999737757722,-64.72000262242278
260516_2dsweep_noplunger,sim,f_mean,sim,S22,offset_nan,07_3_TDS-body_Novel-2Dsweep-260516_59.s2p,07_3_TDS-body_Novel-2Dsweep-260516_6.s2p,,,2.8672804543714,2.86728,2.86728,-29.775367987463657,-3.3562523447459243,90.25446108853788,62.1977326762108,-28.05672841232709,331.94327158767294,91.94327158767294
260516_2dsweep_noplunger,sim,f_mean,sim,S22,offset_nan,07_3_TDS-body_Novel-2Dsweep-260516_6.s2p,07_3_TDS-body_Novel-2Dsweep-260516_60.s2p,,,2.8672804543714,2.86728,2.86728,-3.3562523447459243,-13.629483128625893,62.1977326762108,74.83358006670086,12.635847390490056,12.635847390490056,-227.36415260950994
260516_2dsweep_noplunger,sim,f_mean,sim,S22,offset_nan,07_3_TDS-body_Novel-2Dsweep-260516_60.s2p,07_3_TDS-body_Novel-2Dsweep-260516_61.s2p,,,2.8672804543714,2.86728,2.86728,-13.629483128625893,-8.71482475145396,74.83358006670086,64.79532360945639,-10.038256457244472,349.9617435427555,109.96174354275553
260516_2dsweep_noplunger,sim,f_mean,sim,S22,offset_nan,07_3_TDS-body_Novel-2Dsweep-260516_61.s2p,07_3_TDS-body_Novel-2Dsweep-260516_62.s2p,,,2.8672804543714,2.86728,2.86728,-8.71482475145396,-6.121479792822369,64.79532360945639,56.133178676774236,-8.662144932682168,351.33785506731783,111.33785506731783
260516_2dsweep_noplunger,sim,f_mean,sim,S22,offset_nan,07_3_TDS-body_Novel-2Dsweep-260516_62.s2p,07_3_TDS-body_Novel-2Dsweep-260516_63.s2p,,,2.8672804543714,2.86728,2.86728,-6.121479792822369,-4.420328227165869,56.133178676774236,48.385114319242454,-7.748064357531774,352.2519356424682,112.2519356424682
260516_2dsweep_noplunger,sim,f_mean,sim,S22,offset_nan,07_3_TDS-body_Novel-2Dsweep-260516_63.s2p,07_3_TDS-body_Novel-2Dsweep-260516_64.s2p,,,2.8672804543714,2.86728,2.86728,-4.420328227165869,-4.477220701630174,48.385114319242454,-56.96414551553834,-105.3492598347808,254.6507401652192,14.65074016521919
260516_2dsweep_noplunger,sim,f_mean,sim,S22,offset_nan,07_3_TDS-body_Novel-2Dsweep-260516_64.s2p,07_3_TDS-body_Novel-2Dsweep-260516_65.s2p,,,2.8672804543714,2.86728,2.86728,-4.477220701630174,-6.040326586384527,-56.96414551553834,-64.24509498256467,-7.280949467026318,352.7190505329737,112.71905053297371
260516_2dsweep_noplunger,sim,f_mean,sim,S22,offset_nan,07_3_TDS-body_Novel-2Dsweep-260516_65.s2p,07_3_TDS-body_Novel-2Dsweep-260516_66.s2p,,,2.8672804543714,2.86728,2.86728,-6.040326586384527,-8.336462071519373,-64.24509498256467,-72.56825184170496,-8.323156859140283,351.6768431408597,111.67684314085972
260516_2dsweep_noplunger,sim,f_mean,sim,S22,offset_nan,07_3_TDS-body_Novel-2Dsweep-260516_66.s2p,07_3_TDS-body_Novel-2Dsweep-260516_67.s2p,,,2.8672804543714,2.86728,2.86728,-8.336462071519373,-13.00083316291401,-72.56825184170496,-82.02016041321136,-9.451908571506408,350.5480914284936,110.54809142849359
260516_2dsweep_noplunger,sim,f_mean,sim,S22,offset_nan,07_3_TDS-body_Novel-2Dsweep-260516_67.s2p,07_3_TDS-body_Novel-2Dsweep-260516_68.s2p,,,2.8672804543714,2.86728,2.86728,-13.00083316291401,-23.50379711146998,-82.02016041321136,-85.67850723834,-3.6583468251286604,356.34165317487134,116.34165317487134
260516_2dsweep_noplunger,sim,f_mean,sim,S22,offset_nan,07_3_TDS-body_Novel-2Dsweep-260516_68.s2p,07_3_TDS-body_Novel-2Dsweep-260516_69.s2p,,,2.8672804543714,2.86728,2.86728,-23.50379711146998,-17.852996104431107,-85.67850723834,76.55463498631235,162.23314222465234,162.23314222465234,-77.76685777534766
260516_2dsweep_noplunger,sim,f_mean,sim,S22,offset_nan,07_3_TDS-body_Novel-2Dsweep-260516_69.s2p,07_3_TDS-body_Novel-2Dsweep-260516_7.s2p,,,2.8672804543714,2.86728,2.86728,-17.852996104431107,-2.580608286888916,76.55463498631235,55.35620881779706,-21.198426168515283,338.8015738314847,98.80157383148469
260516_2dsweep_noplunger,sim,f_mean,sim,S22,offset_nan,07_3_TDS-body_Novel-2Dsweep-260516_7.s2p,07_3_TDS-body_Novel-2Dsweep-260516_70.s2p,,,2.8672804543714,2.86728,2.86728,-2.580608286888916,-10.635409789533341,55.35620881779706,66.61671122816979,11.260502410372737,11.260502410372737,-228.73949758962726
260516_2dsweep_noplunger,sim,f_mean,sim,S22,offset_nan,07_3_TDS-body_Novel-2Dsweep-260516_70.s2p,07_3_TDS-body_Novel-2Dsweep-260516_71.s2p,,,2.8672804543714,2.86728,2.86728,-10.635409789533341,-7.1996551560906,66.61671122816979,57.38218777316693,-9.234523455002858,350.7654765449971,110.76547654499711
260516_2dsweep_noplunger,sim,f_mean,sim,S22,offset_nan,07_3_TDS-body_Novel-2Dsweep-260516_71.s2p,07_3_TDS-body_Novel-2Dsweep-260516_72.s2p,,,2.8672804543714,2.86728,2.86728,-7.1996551560906,-5.120985364065725,57.38218777316693,49.250709090044566,-8.131478683122367,351.8685213168776,111.8685213168776
260516_2dsweep_noplunger,sim,f_mean,sim,S22,offset_nan,07_3_TDS-body_Novel-2Dsweep-260516_72.s2p,07_3_TDS-body_Novel-2Dsweep-260516_73.s2p,,,2.8672804543714,2.86728,2.86728,-5.120985364065725,-3.626361597091185,49.250709090044566,-55.718151436360344,-104.96886052640491,255.0311394735951,15.03113947359509
260516_2dsweep_noplunger,sim,f_mean,sim,S22,offset_nan,07_3_TDS-body_Novel-2Dsweep-260516_73.s2p,07_3_TDS-body_Novel-2Dsweep-260516_74.s2p,,,2.8672804543714,2.86728,2.86728,-3.626361597091185,-4.859665049336773,-55.718151436360344,-62.411522752899366,-6.6933713165390145,353.306628683461,113.30662868346099
260516_2dsweep_noplunger,sim,f_mean,sim,S22,offset_nan,07_3_TDS-body_Novel-2Dsweep-260516_74.s2p,07_3_TDS-body_Novel-2Dsweep-260516_75.s2p,,,2.8672804543714,2.86728,2.86728,-4.859665049336773,-6.856227370111673,-62.411522752899366,-70.6179437143821,-8.206420961482735,351.79357903851724,111.79357903851724
260516_2dsweep_noplunger,sim,f_mean,sim,S22,offset_nan,07_3_TDS-body_Novel-2Dsweep-260516_75.s2p,07_3_TDS-body_Novel-2Dsweep-260516_76.s2p,,,2.8672804543714,2.86728,2.86728,-6.856227370111673,-9.98017245257778,-70.6179437143821,-79.35596293595036,-8.738019221568265,351.26198077843173,111.26198077843173
260516_2dsweep_noplunger,sim,f_mean,sim,S22,offset_nan,07_3_TDS-body_Novel-2Dsweep-260516_76.s2p,07_3_TDS-body_Novel-2Dsweep-260516_77.s2p,,,2.8672804543714,2.86728,2.86728,-9.98017245257778,-16.628286433111615,-79.35596293595036,-89.94089119884775,-10.584928262897392,349.4150717371026,109.41507173710261
260516_2dsweep_noplunger,sim,f_mean,sim,S22,offset_nan,07_3_TDS-body_Novel-2Dsweep-260516_77.s2p,07_3_TDS-body_Novel-2Dsweep-260516_78.s2p,,,2.8672804543714,2.86728,2.86728,-16.628286433111615,-27.46799812075224,-89.94089119884775,78.91857567130988,168.85946687015763,168.85946687015763,-71.14053312984237
260516_2dsweep_noplunger,sim,f_mean,sim,S22,offset_nan,07_3_TDS-body_Novel-2Dsweep-260516_78.s2p,07_3_TDS-body_Novel-2Dsweep-260516_79.s2p,,,2.8672804543714,2.86728,2.86728,-27.46799812075224,-12.970931427368777,78.91857567130988,68.24594906099664,-10.672626610313245,349.3273733896867,109.32737338968673
260516_2dsweep_noplunger,sim,f_mean,sim,S22,offset_nan,07_3_TDS-body_Novel-2Dsweep-260516_79.s2p,07_3_TDS-body_Novel-2Dsweep-260516_8.s2p,,,2.8672804543714,2.86728,2.86728,-12.970931427368777,-1.999954887810984,68.24594906099664,49.13617907601398,-19.10976998498265,340.8902300150173,100.89023001501732
260516_2dsweep_noplunger,sim,f_mean,sim,S22,offset_nan,07_3_TDS-body_Novel-2Dsweep-260516_8.s2p,07_3_TDS-body_Novel-2Dsweep-260516_80.s2p,,,2.8672804543714,2.86728,2.86728,-1.999954887810984,-8.579104168663847,49.13617907601398,59.43957435264782,10.303395276633836,10.303395276633836,-229.69660472336616
260516_2dsweep_noplunger,sim,f_mean,sim,S22,offset_nan,07_3_TDS-body_Novel-2Dsweep-260516_80.s2p,07_3_TDS-body_Novel-2Dsweep-260516_81.s2p,,,2.8672804543714,2.86728,2.86728,-8.579104168663847,-5.810562723810165,59.43957435264782,50.07711261299547,-9.36246173965236,350.63753826034764,110.63753826034764
260516_2dsweep_noplunger,sim,f_mean,sim,S22,offset_nan,07_3_TDS-body_Novel-2Dsweep-260516_81.s2p,07_3_TDS-body_Novel-2Dsweep-260516_82.s2p,,,2.8672804543714,2.86728,2.86728,-5.810562723810165,-2.997683906766359,50.07711261299547,-54.72460141717379,-104.80171403016925,255.19828596983075,15.19828596983075
260516_2dsweep_noplunger,sim,f_mean,sim,S22,offset_nan,07_3_TDS-body_Novel-2Dsweep-260516_82.s2p,07_3_TDS-body_Novel-2Dsweep-260516_83.s2p,,,2.8672804543714,2.86728,2.86728,-2.997683906766359,-3.9877531185087847,-54.72460141717379,-60.853112650870244,-6.128511233696457,353.8714887663035,113.87148876630351
260516_2dsweep_noplunger,sim,f_mean,sim,S22,offset_nan,07_3_TDS-body_Novel-2Dsweep-260516_83.s2p,07_3_TDS-body_Novel-2Dsweep-260516_84.s2p,,,2.8672804543714,2.86728,2.86728,-3.9877531185087847,-5.601461947382215,-60.853112650870244,-68.63466764448368,-7.78155499361344,352.21844500638656,112.21844500638656
260516_2dsweep_noplunger,sim,f_mean,sim,S22,offset_nan,07_3_TDS-body_Novel-2Dsweep-260516_84.s2p,07_3_TDS-body_Novel-2Dsweep-260516_85.s2p,,,2.8672804543714,2.86728,2.86728,-5.601461947382215,-8.219778822407548,-68.63466764448368,-77.59824264702833,-8.963575002544644,351.03642499745536,111.03642499745536
260516_2dsweep_noplunger,sim,f_mean,sim,S22,offset_nan,07_3_TDS-body_Novel-2Dsweep-260516_85.s2p,07_3_TDS-body_Novel-2Dsweep-260516_86.s2p,,,2.8672804543714,2.86728,2.86728,-8.219778822407548,-13.180866872300976,-77.59824264702833,-87.85291592379058,-10.254673276762247,349.7453267232378,109.74532672323778
260516_2dsweep_noplunger,sim,f_mean,sim,S22,offset_nan,07_3_TDS-body_Novel-2Dsweep-260516_86.s2p,07_3_TDS-body_Novel-2Dsweep-260516_87.s2p,,,2.8672804543714,2.86728,2.86728,-13.180866872300976,-28.985706686459114,-87.85291592379058,-98.74647479942008,-10.893558875629509,349.10644112437046,109.10644112437046
260516_2dsweep_noplunger,sim,f_mean,sim,S22,offset_nan,07_3_TDS-body_Novel-2Dsweep-260516_87.s2p,07_3_TDS-body_Novel-2Dsweep-260516_88.s2p,,,2.8672804543714,2.86728,2.86728,-28.985706686459114,-16.392461932066084,-98.74647479942008,70.13367809672869,168.8801528961488,168.8801528961488,-71.11984710385121
260516_2dsweep_noplunger,sim,f_mean,sim,S22,offset_nan,07_3_TDS-body_Novel-2Dsweep-260516_88.s2p,07_3_TDS-body_Novel-2Dsweep-260516_89.s2p,,,2.8672804543714,2.86728,2.86728,-16.392461932066084,-9.67278010165619,70.13367809672869,59.6006825569571,-10.532995539771576,349.4670044602284,109.4670044602284
260516_2dsweep_noplunger,sim,f_mean,sim,S22,offset_nan,07_3_TDS-body_Novel-2Dsweep-260516_89.s2p,07_3_TDS-body_Novel-2Dsweep-260516_9.s2p,,,2.8672804543714,2.86728,2.86728,-9.67278010165619,-1.6079460776011947,59.6006825569571,44.21379861653291,-15.386883940424184,344.6131160595758,104.61311605957582
260516_2dsweep_noplunger,sim,f_mean,sim,S22,offset_nan,07_3_TDS-body_Novel-2Dsweep-260516_9.s2p,07_3_TDS-body_Novel-2Dsweep-260516_90.s2p,,,2.8672804543714,2.86728,2.86728,-1.6079460776011947,-6.614699363485269,44.21379861653291,50.90124353792229,6.687444921389385,6.687444921389385,-233.31255507861061
260516_2dsweep_noplunger,sim,f_mean,sim,S22,offset_nan,07_3_TDS-body_Novel-2Dsweep-260516_90.s2p,07_3_TDS-body_Novel-2Dsweep-260516_91.s2p,,,2.8672804543714,2.86728,2.86728,-6.614699363485269,-2.5752015921126303,50.90124353792229,-54.374881542068664,-105.27612507999095,254.72387492000905,14.723874920009052
260516_2dsweep_noplunger,sim,f_mean,sim,S22,offset_nan,07_3_TDS-body_Novel-2Dsweep-260516_91.s2p,07_3_TDS-body_Novel-2Dsweep-260516_92.s2p,,,2.8672804543714,2.86728,2.86728,-2.5752015921126303,-3.56995967498353,-54.374881542068664,-61.03819589563991,-6.663314353571252,353.33668564642875,113.33668564642875
260516_2dsweep_noplunger,sim,f_mean,sim,S22,offset_nan,07_3_TDS-body_Novel-2Dsweep-260516_92.s2p,07_3_TDS-body_Novel-2Dsweep-260516_93.s2p,,,2.8672804543714,2.86728,2.86728,-3.56995967498353,-4.915205005917072,-61.03819589563991,-67.93516545738711,-6.896969561747198,353.1030304382528,113.1030304382528
260516_2dsweep_noplunger,sim,f_mean,sim,S22,offset_nan,07_3_TDS-body_Novel-2Dsweep-260516_93.s2p,07_3_TDS-body_Novel-2Dsweep-260516_94.s2p,,,2.8672804543714,2.86728,2.86728,-4.915205005917072,-6.832031287381907,-67.93516545738711,-75.6752268614914,-7.740061404104267,352.25993859589573,112.25993859589573
260516_2dsweep_noplunger,sim,f_mean,sim,S22,offset_nan,07_3_TDS-body_Novel-2Dsweep-260516_94.s2p,07_3_TDS-body_Novel-2Dsweep-260516_95.s2p,,,2.8672804543714,2.86728,2.86728,-6.832031287381907,-10.488903753524532,-75.6752268614914,-85.4376271807658,-9.762400319274406,350.23759968072557,110.23759968072557
260516_2dsweep_noplunger,sim,f_mean,sim,S22,offset_nan,07_3_TDS-body_Novel-2Dsweep-260516_95.s2p,07_3_TDS-body_Novel-2Dsweep-260516_96.s2p,,,2.8672804543714,2.86728,2.86728,-10.488903753524532,-18.971357730703218,-85.4376271807658,-96.74040614079047,-11.302778960024682,348.6972210399753,108.69722103997532
260516_2dsweep_noplunger,sim,f_mean,sim,S22,offset_nan,07_3_TDS-body_Novel-2Dsweep-260516_96.s2p,07_3_TDS-body_Novel-2Dsweep-260516_97.s2p,,,2.8672804543714,2.86728,2.86728,-18.971357730703218,-23.66683427215991,-96.74040614079047,72.43541699303269,169.17582313382314,169.17582313382314,-70.82417686617686
260516_2dsweep_noplunger,sim,f_mean,sim,S22,offset_nan,07_3_TDS-body_Novel-2Dsweep-260516_97.s2p,07_3_TDS-body_Novel-2Dsweep-260516_98.s2p,,,2.8672804543714,2.86728,2.86728,-23.66683427215991,-12.068556936224144,72.43541699303269,62.46501648016887,-9.970400512863819,350.0295994871362,110.02959948713618
260516_2dsweep_noplunger,sim,f_mean,sim,S22,offset_nan,07_3_TDS-body_Novel-2Dsweep-260516_98.s2p,07_3_TDS-body_Novel-2Dsweep-260516_99.s2p,,,2.8672804543714,2.86728,2.86728,-12.068556936224144,-7.848455836271006,62.46501648016887,52.8051682506667,-9.65984822950216,350.34015177049787,110.34015177049787
260516_2dsweep_noplunger,sim,f_pi2,sim,S11,offset_nan,07_3_TDS-body_Novel-2Dsweep-260516_1.s2p,07_3_TDS-body_Novel-2Dsweep-260516_10.s2p,,,2.8774448751896,2.87745,2.87745,-1.0090567328843085,-1.0004068503009422,8.809260583244496,5.479384605985416,-3.3298759772590927,356.6701240227409,116.67012402274088
260516_2dsweep_noplunger,sim,f_pi2,sim,S11,offset_nan,07_3_TDS-body_Novel-2Dsweep-260516_10.s2p,07_3_TDS-body_Novel-2Dsweep-260516_100.s2p,,,2.8774448751896,2.87745,2.87745,-1.0004068503009422,-0.2358997161358682,5.479384605985416,-21.301941295335645,-26.781325901321054,333.21867409867895,93.21867409867895
260516_2dsweep_noplunger,sim,f_pi2,sim,S11,offset_nan,07_3_TDS-body_Novel-2Dsweep-260516_100.s2p,07_3_TDS-body_Novel-2Dsweep-260516_101.s2p,,,2.8774448751896,2.87745,2.87745,-0.2358997161358682,-0.2381547307563471,-21.301941295335645,-21.719953574291132,-0.418012278955473,359.5819877210445,119.58198772104453
260516_2dsweep_noplunger,sim,f_pi2,sim,S11,offset_nan,07_3_TDS-body_Novel-2Dsweep-260516_101.s2p,07_3_TDS-body_Novel-2Dsweep-260516_102.s2p,,,2.8774448751896,2.87745,2.87745,-0.2381547307563471,-0.2399139606626448,-21.719953574291132,-22.070096497796047,-0.3501429235049045,359.6498570764951,119.6498570764951
260516_2dsweep_noplunger,sim,f_pi2,sim,S11,offset_nan,07_3_TDS-body_Novel-2Dsweep-260516_102.s2p,07_3_TDS-body_Novel-2Dsweep-260516_103.s2p,,,2.8774448751896,2.87745,2.87745,-0.2399139606626448,-0.24188100857924918,-22.070096497796047,-22.411869453219406,-0.34177295542335173,359.6582270445766,119.65822704457662
260516_2dsweep_noplunger,sim,f_pi2,sim,S11,offset_nan,07_3_TDS-body_Novel-2Dsweep-260516_103.s2p,07_3_TDS-body_Novel-2Dsweep-260516_104.s2p,,,2.8774448751896,2.87745,2.87745,-0.24188100857924918,-0.2574603298875436,-22.411869453219406,-24.039462674828428,-1.6275932216090325,358.372406778391,118.372406778391
260516_2dsweep_noplunger,sim,f_pi2,sim,S11,offset_nan,07_3_TDS-body_Novel-2Dsweep-260516_104.s2p,07_3_TDS-body_Novel-2Dsweep-260516_105.s2p,,,2.8774448751896,2.87745,2.87745,-0.2574603298875436,-0.1927603635919581,-24.039462674828428,-23.09805933702976,0.9414033377986755,0.9414033377986755,-239.05859666220132
260516_2dsweep_noplunger,sim,f_pi2,sim,S11,offset_nan,07_3_TDS-body_Novel-2Dsweep-260516_105.s2p,07_3_TDS-body_Novel-2Dsweep-260516_106.s2p,,,2.8774448751896,2.87745,2.87745,-0.1927603635919581,-0.19657560176791805,-23.09805933702976,-23.414689500908352,-0.31663016387858534,359.6833698361214,119.68336983612141
260516_2dsweep_noplunger,sim,f_pi2,sim,S11,offset_nan,07_3_TDS-body_Novel-2Dsweep-260516_106.s2p,07_3_TDS-body_Novel-2Dsweep-260516_107.s2p,,,2.8774448751896,2.87745,2.87745,-0.19657560176791805,-0.20677084984540278,-23.414689500908352,-24.07958808224411,-0.6648985813357626,359.33510141866424,119.33510141866424
260516_2dsweep_noplunger,sim,f_pi2,sim,S11,offset_nan,07_3_TDS-body_Novel-2Dsweep-260516_107.s2p,07_3_TDS-body_Novel-2Dsweep-260516_108.s2p,,,2.8774448751896,2.87745,2.87745,-0.20677084984540278,-0.2116629505377325,-24.07958808224411,-24.373337249920272,-0.2937491676761681,359.7062508323238,119.7062508323238
260516_2dsweep_noplunger,sim,f_pi2,sim,S11,offset_nan,07_3_TDS-body_Novel-2Dsweep-260516_108.s2p,07_3_TDS-body_Novel-2Dsweep-260516_109.s2p,,,2.8774448751896,2.87745,2.87745,-0.2116629505377325,-0.21510802691291636,-24.373337249920272,-24.634753152696046,-0.26141590277578075,359.73858409722425,119.73858409722425
260516_2dsweep_noplunger,sim,f_pi2,sim,S11,offset_nan,07_3_TDS-body_Novel-2Dsweep-260516_109.s2p,07_3_TDS-body_Novel-2Dsweep-260516_11.s2p,,,2.8774448751896,2.87745,2.87745,-0.21510802691291636,-0.8662447470978907,-24.634753152696046,3.6403743515628073,28.275127504258847,28.275127504258847,-211.72487249574115
260516_2dsweep_noplunger,sim,f_pi2,sim,S11,offset_nan,07_3_TDS-body_Novel-2Dsweep-260516_11.s2p,07_3_TDS-body_Novel-2Dsweep-260516_110.s2p,,,2.8774448751896,2.87745,2.87745,-0.8662447470978907,-0.22220213942317354,3.6403743515628073,-24.990370196314867,-28.63074454787767,331.36925545212233,91.36925545212233
260516_2dsweep_noplunger,sim,f_pi2,sim,S11,offset_nan,07_3_TDS-body_Novel-2Dsweep-260516_110.s2p,07_3_TDS-body_Novel-2Dsweep-260516_111.s2p,,,2.8774448751896,2.87745,2.87745,-0.22220213942317354,-0.22796997155444187,-24.990370196314867,-25.355997759029712,-0.36562756271484886,359.63437243728515,119.63437243728515
260516_2dsweep_noplunger,sim,f_pi2,sim,S11,offset_nan,07_3_TDS-body_Novel-2Dsweep-260516_111.s2p,07_3_TDS-body_Novel-2Dsweep-260516_112.s2p,,,2.8774448751896,2.87745,2.87745,-0.22796997155444187,-0.24493696410965218,-25.355997759029712,-22.761085255516516,2.5949125035132,2.5949125035132,-237.4050874964868
260516_2dsweep_noplunger,sim,f_pi2,sim,S11,offset_nan,07_3_TDS-body_Novel-2Dsweep-260516_112.s2p,07_3_TDS-body_Novel-2Dsweep-260516_113.s2p,,,2.8774448751896,2.87745,2.87745,-0.24493696410965218,-0.24640437034356116,-22.761085255516516,-23.056613530919908,-0.29552827540339877,359.7044717245966,119.7044717245966
260516_2dsweep_noplunger,sim,f_pi2,sim,S11,offset_nan,07_3_TDS-body_Novel-2Dsweep-260516_113.s2p,07_3_TDS-body_Novel-2Dsweep-260516_114.s2p,,,2.8774448751896,2.87745,2.87745,-0.24640437034356116,-0.24984760992723004,-23.056613530919908,-23.40087064654222,-0.34425711562232664,359.6557428843777,119.65574288437767
260516_2dsweep_noplunger,sim,f_pi2,sim,S11,offset_nan,07_3_TDS-body_Novel-2Dsweep-260516_114.s2p,07_3_TDS-body_Novel-2Dsweep-260516_115.s2p,,,2.8774448751896,2.87745,2.87745,-0.24984760992723004,-0.2527008464877293,-23.40087064654222,-23.704877759638197,-0.3040071130959632,359.69599288690404,119.69599288690404
260516_2dsweep_noplunger,sim,f_pi2,sim,S11,offset_nan,07_3_TDS-body_Novel-2Dsweep-260516_115.s2p,07_3_TDS-body_Novel-2Dsweep-260516_116.s2p,,,2.8774448751896,2.87745,2.87745,-0.2527008464877293,-0.18895149284866347,-23.704877759638197,-22.762194384686737,0.9426833749514572,0.9426833749514572,-239.05731662504854
260516_2dsweep_noplunger,sim,f_pi2,sim,S11,offset_nan,07_3_TDS-body_Novel-2Dsweep-260516_116.s2p,07_3_TDS-body_Novel-2Dsweep-260516_117.s2p,,,2.8774448751896,2.87745,2.87745,-0.18895149284866347,-0.20224563633458262,-22.762194384686737,-23.76328108131837,-1.0010866966316314,358.99891330336834,118.99891330336834
260516_2dsweep_noplunger,sim,f_pi2,sim,S11,offset_nan,07_3_TDS-body_Novel-2Dsweep-260516_117.s2p,07_3_TDS-body_Novel-2Dsweep-260516_12.s2p,,,2.8774448751896,2.87745,2.87745,-0.20224563633458262,-0.7601225334448365,-23.76328108131837,1.9667203814704208,25.730001462788778,25.730001462788778,-214.26999853721122
260516_2dsweep_noplunger,sim,f_pi2,sim,S11,offset_nan,07_3_TDS-body_Novel-2Dsweep-260516_12.s2p,07_3_TDS-body_Novel-2Dsweep-260516_13.s2p,,,2.8774448751896,2.87745,2.87745,-0.7601225334448365,-0.6777097436150845,1.9667203814704208,0.5174104033851854,-1.449309978085239,358.55069002191476,118.55069002191476
260516_2dsweep_noplunger,sim,f_pi2,sim,S11,offset_nan,07_3_TDS-body_Novel-2Dsweep-260516_13.s2p,07_3_TDS-body_Novel-2Dsweep-260516_14.s2p,,,2.8774448751896,2.87745,2.87745,-0.6777097436150845,-0.6075248176595243,0.5174104033851854,-0.7480724557202683,-1.2654828591054468,358.7345171408946,118.73451714089458
260516_2dsweep_noplunger,sim,f_pi2,sim,S11,offset_nan,07_3_TDS-body_Novel-2Dsweep-260516_14.s2p,07_3_TDS-body_Novel-2Dsweep-260516_15.s2p,,,2.8774448751896,2.87745,2.87745,-0.6075248176595243,-0.5496749975003064,-0.7480724557202683,-1.8157458041209589,-1.0676733484006888,358.9323266515993,118.93232665159928
260516_2dsweep_noplunger,sim,f_pi2,sim,S11,offset_nan,07_3_TDS-body_Novel-2Dsweep-260516_15.s2p,07_3_TDS-body_Novel-2Dsweep-260516_16.s2p,,,2.8774448751896,2.87745,2.87745,-0.5496749975003064,-0.5007194612969639,-1.8157458041209589,-2.813580290300903,-0.9978344861799542,359.00216551382005,119.00216551382005
260516_2dsweep_noplunger,sim,f_pi2,sim,S11,offset_nan,07_3_TDS-body_Novel-2Dsweep-260516_16.s2p,07_3_TDS-body_Novel-2Dsweep-260516_17.s2p,,,2.8774448751896,2.87745,2.87745,-0.5007194612969639,-0.4503092225629374,-2.813580290300903,-3.6382469192322264,-0.8246666289313112,359.1753333710687,119.17533337106869
260516_2dsweep_noplunger,sim,f_pi2,sim,S11,offset_nan,07_3_TDS-body_Novel-2Dsweep-260516_17.s2p,07_3_TDS-body_Novel-2Dsweep-260516_18.s2p,,,2.8774448751896,2.87745,2.87745,-0.4503092225629374,-0.42492547440491035,-3.6382469192322264,-4.530975271470599,-0.8927283522383789,359.10727164776165,119.10727164776165
260516_2dsweep_noplunger,sim,f_pi2,sim,S11,offset_nan,07_3_TDS-body_Novel-2Dsweep-260516_18.s2p,07_3_TDS-body_Novel-2Dsweep-260516_19.s2p,,,2.8774448751896,2.87745,2.87745,-0.42492547440491035,-0.9621962726046616,-4.530975271470599,2.1605674619388275,6.69154273340942,6.69154273340942,-233.30845726659058
260516_2dsweep_noplunger,sim,f_pi2,sim,S11,offset_nan,07_3_TDS-body_Novel-2Dsweep-260516_19.s2p,07_3_TDS-body_Novel-2Dsweep-260516_2.s2p,,,2.8774448751896,2.87745,2.87745,-0.9621962726046616,-0.8680483212886797,2.1605674619388275,6.72732114939551,4.566753687456696,4.566753687456696,-235.4332463125433
260516_2dsweep_noplunger,sim,f_pi2,sim,S11,offset_nan,07_3_TDS-body_Novel-2Dsweep-260516_2.s2p,07_3_TDS-body_Novel-2Dsweep-260516_20.s2p,,,2.8774448751896,2.87745,2.87745,-0.8680483212886797,-0.8448647906733777,6.72732114939551,0.43196589231006205,-6.295355257085447,353.7046447429145,113.70464474291452
260516_2dsweep_noplunger,sim,f_pi2,sim,S11,offset_nan,07_3_TDS-body_Novel-2Dsweep-260516_20.s2p,07_3_TDS-body_Novel-2Dsweep-260516_21.s2p,,,2.8774448751896,2.87745,2.87745,-0.8448647906733777,-0.746935353477681,0.43196589231006205,-1.0052652399022866,-1.4372311322123608,358.56276886778767,118.56276886778767
260516_2dsweep_noplunger,sim,f_pi2,sim,S11,offset_nan,07_3_TDS-body_Novel-2Dsweep-260516_21.s2p,07_3_TDS-body_Novel-2Dsweep-260516_22.s2p,,,2.8774448751896,2.87745,2.87745,-0.746935353477681,-0.6699829841495828,-1.0052652399022866,-2.3046338016903345,-1.299368561788043,358.700631438212,118.70063143821199
260516_2dsweep_noplunger,sim,f_pi2,sim,S11,offset_nan,07_3_TDS-body_Novel-2Dsweep-260516_22.s2p,07_3_TDS-body_Novel-2Dsweep-260516_23.s2p,,,2.8774448751896,2.87745,2.87745,-0.6699829841495828,-0.6060173768974251,-2.3046338016903345,-3.4520031264418076,-1.1473693247514802,358.8526306752485,118.85263067524852
260516_2dsweep_noplunger,sim,f_pi2,sim,S11,offset_nan,07_3_TDS-body_Novel-2Dsweep-260516_23.s2p,07_3_TDS-body_Novel-2Dsweep-260516_24.s2p,,,2.8774448751896,2.87745,2.87745,-0.6060173768974251,-0.5525306547741647,-3.4520031264418076,-4.454262556765209,-1.0022594303233916,358.9977405696766,118.99774056967658
260516_2dsweep_noplunger,sim,f_pi2,sim,S11,offset_nan,07_3_TDS-body_Novel-2Dsweep-260516_24.s2p,07_3_TDS-body_Novel-2Dsweep-260516_25.s2p,,,2.8774448751896,2.87745,2.87745,-0.5525306547741647,-0.5064081548040302,-4.454262556765209,-5.320864589342822,-0.8666020325776174,359.1333979674224,119.13339796742241
260516_2dsweep_noplunger,sim,f_pi2,sim,S11,offset_nan,07_3_TDS-body_Novel-2Dsweep-260516_25.s2p,07_3_TDS-body_Novel-2Dsweep-260516_26.s2p,,,2.8774448751896,2.87745,2.87745,-0.5064081548040302,-0.47131641103579736,-5.320864589342822,-6.1939601729654035,-0.873095583622586,359.12690441637744,119.12690441637744
260516_2dsweep_noplunger,sim,f_pi2,sim,S11,offset_nan,07_3_TDS-body_Novel-2Dsweep-260516_26.s2p,07_3_TDS-body_Novel-2Dsweep-260516_27.s2p,,,2.8774448751896,2.87745,2.87745,-0.47131641103579736,-0.43847709149546493,-6.1939601729654035,-6.926430537041871,-0.7324703640764767,359.26752963592355,119.26752963592355
260516_2dsweep_noplunger,sim,f_pi2,sim,S11,offset_nan,07_3_TDS-body_Novel-2Dsweep-260516_27.s2p,07_3_TDS-body_Novel-2Dsweep-260516_28.s2p,,,2.8774448751896,2.87745,2.87745,-0.43847709149546493,-0.8646790720973696,-6.926430537041871,-0.8065069600808235,6.1199235769610425,6.1199235769610425,-233.88007642303896
260516_2dsweep_noplunger,sim,f_pi2,sim,S11,offset_nan,07_3_TDS-body_Novel-2Dsweep-260516_28.s2p,07_3_TDS-body_Novel-2Dsweep-260516_29.s2p,,,2.8774448751896,2.87745,2.87745,-0.8646790720973696,-0.7842152862680964,-0.8065069600808235,-2.330509845570209,-1.5240028854893808,358.4759971145106,118.47599711451062
260516_2dsweep_noplunger,sim,f_pi2,sim,S11,offset_nan,07_3_TDS-body_Novel-2Dsweep-260516_29.s2p,07_3_TDS-body_Novel-2Dsweep-260516_3.s2p,,,2.8774448751896,2.87745,2.87745,-0.7842152862680964,-0.7550317006589374,-2.330509845570209,4.956372410918663,7.286882256488866,7.286882256488866,-232.71311774351113
260516_2dsweep_noplunger,sim,f_pi2,sim,S11,offset_nan,07_3_TDS-body_Novel-2Dsweep-260516_3.s2p,07_3_TDS-body_Novel-2Dsweep-260516_30.s2p,,,2.8774448751896,2.87745,2.87745,-0.7550317006589374,-0.7024446650551357,4.956372410918663,-3.6532659673093812,-8.609638378228055,351.39036162177194,111.39036162177194
260516_2dsweep_noplunger,sim,f_pi2,sim,S11,offset_nan,07_3_TDS-body_Novel-2Dsweep-260516_30.s2p,07_3_TDS-body_Novel-2Dsweep-260516_31.s2p,,,2.8774448751896,2.87745,2.87745,-0.7024446650551357,-0.6350871611620145,-3.6532659673093812,-4.825880157571816,-1.1726141902624363,358.82738580973756,118.82738580973756
260516_2dsweep_noplunger,sim,f_pi2,sim,S11,offset_nan,07_3_TDS-body_Novel-2Dsweep-260516_31.s2p,07_3_TDS-body_Novel-2Dsweep-260516_32.s2p,,,2.8774448751896,2.87745,2.87745,-0.6350871611620145,-0.5783133490735834,-4.825880157571816,-5.8182699362854,-0.9923897787135729,359.0076102212864,119.00761022128643
260516_2dsweep_noplunger,sim,f_pi2,sim,S11,offset_nan,07_3_TDS-body_Novel-2Dsweep-260516_32.s2p,07_3_TDS-body_Novel-2Dsweep-260516_33.s2p,,,2.8774448751896,2.87745,2.87745,-0.5783133490735834,-0.5317827597820655,-5.8182699362854,-6.704766813332972,-0.8864968770475627,359.11350312295247,119.11350312295247
260516_2dsweep_noplunger,sim,f_pi2,sim,S11,offset_nan,07_3_TDS-body_Novel-2Dsweep-260516_33.s2p,07_3_TDS-body_Novel-2Dsweep-260516_34.s2p,,,2.8774448751896,2.87745,2.87745,-0.5317827597820655,-0.49359781213799925,-6.704766813332972,-7.555551867378525,-0.8507850540455593,359.14921494595444,119.14921494595444
260516_2dsweep_noplunger,sim,f_pi2,sim,S11,offset_nan,07_3_TDS-body_Novel-2Dsweep-260516_34.s2p,07_3_TDS-body_Novel-2Dsweep-260516_35.s2p,,,2.8774448751896,2.87745,2.87745,-0.49359781213799925,-0.4587157988523418,-7.555551867378525,-8.265584245938875,-0.7100323785603564,359.28996762143964,119.28996762143964
260516_2dsweep_noplunger,sim,f_pi2,sim,S11,offset_nan,07_3_TDS-body_Novel-2Dsweep-260516_35.s2p,07_3_TDS-body_Novel-2Dsweep-260516_36.s2p,,,2.8774448751896,2.87745,2.87745,-0.4587157988523418,-0.43036903242481744,-8.265584245938875,-8.929069633596384,-0.6634853876575164,359.3365146123425,119.33651461234251
260516_2dsweep_noplunger,sim,f_pi2,sim,S11,offset_nan,07_3_TDS-body_Novel-2Dsweep-260516_36.s2p,07_3_TDS-body_Novel-2Dsweep-260516_37.s2p,,,2.8774448751896,2.87745,2.87745,-0.43036903242481744,-0.8023405988609742,-8.929069633596384,-4.057179748124669,4.871889885471717,4.871889885471717,-235.12811011452828
260516_2dsweep_noplunger,sim,f_pi2,sim,S11,offset_nan,07_3_TDS-body_Novel-2Dsweep-260516_37.s2p,07_3_TDS-body_Novel-2Dsweep-260516_38.s2p,,,2.8774448751896,2.87745,2.87745,-0.8023405988609742,-0.7173302953617712,-4.057179748124669,-5.300597654179608,-1.2434179060549297,358.7565820939451,118.7565820939451
260516_2dsweep_noplunger,sim,f_pi2,sim,S11,offset_nan,07_3_TDS-body_Novel-2Dsweep-260516_38.s2p,07_3_TDS-body_Novel-2Dsweep-260516_39.s2p,,,2.8774448751896,2.87745,2.87745,-0.7173302953617712,-0.6570972434500677,-5.300597654179608,-6.555563539363633,-1.2549658851840206,358.745034114816,118.74503411481601
260516_2dsweep_noplunger,sim,f_pi2,sim,S11,offset_nan,07_3_TDS-body_Novel-2Dsweep-260516_39.s2p,07_3_TDS-body_Novel-2Dsweep-260516_4.s2p,,,2.8774448751896,2.87745,2.87745,-0.6570972434500677,-0.6678154788981118,-6.555563539363633,3.377772049459185,9.933335588822814,9.933335588822814,-230.0666644111772
260516_2dsweep_noplunger,sim,f_pi2,sim,S11,offset_nan,07_3_TDS-body_Novel-2Dsweep-260516_4.s2p,07_3_TDS-body_Novel-2Dsweep-260516_40.s2p,,,2.8774448751896,2.87745,2.87745,-0.6678154788981118,-0.6009304641254702,3.377772049459185,-7.564796005689017,-10.9425680551482,349.0574319448518,109.05743194485183
260516_2dsweep_noplunger,sim,f_pi2,sim,S11,offset_nan,07_3_TDS-body_Novel-2Dsweep-260516_40.s2p,07_3_TDS-body_Novel-2Dsweep-260516_41.s2p,,,2.8774448751896,2.87745,2.87745,-0.6009304641254702,-0.554655580401733,-7.564796005689017,-8.446237463826517,-0.8814414581374876,359.1185585418625,119.11855854186251
260516_2dsweep_noplunger,sim,f_pi2,sim,S11,offset_nan,07_3_TDS-body_Novel-2Dsweep-260516_41.s2p,07_3_TDS-body_Novel-2Dsweep-260516_42.s2p,,,2.8774448751896,2.87745,2.87745,-0.554655580401733,-0.51206875978836,-8.446237463826517,-9.201206350920357,-0.7549688870938382,359.2450311129062,119.24503111290619
260516_2dsweep_noplunger,sim,f_pi2,sim,S11,offset_nan,07_3_TDS-body_Novel-2Dsweep-260516_42.s2p,07_3_TDS-body_Novel-2Dsweep-260516_43.s2p,,,2.8774448751896,2.87745,2.87745,-0.51206875978836,-0.4810546558203861,-9.201206350920357,-9.980313579881834,-0.7791072289614647,359.2208927710385,119.2208927710385
260516_2dsweep_noplunger,sim,f_pi2,sim,S11,offset_nan,07_3_TDS-body_Novel-2Dsweep-260516_43.s2p,07_3_TDS-body_Novel-2Dsweep-260516_44.s2p,,,2.8774448751896,2.87745,2.87745,-0.4810546558203861,-0.4521396769175953,-9.980313579881834,-10.631861009297694,-0.6515474294158707,359.34845257058413,119.34845257058413
260516_2dsweep_noplunger,sim,f_pi2,sim,S11,offset_nan,07_3_TDS-body_Novel-2Dsweep-260516_44.s2p,07_3_TDS-body_Novel-2Dsweep-260516_45.s2p,,,2.8774448751896,2.87745,2.87745,-0.4521396769175953,-0.42684863761074143,-10.631861009297694,-11.20624834457135,-0.5743873352736557,359.4256126647264,119.42561266472637
260516_2dsweep_noplunger,sim,f_pi2,sim,S11,offset_nan,07_3_TDS-body_Novel-2Dsweep-260516_45.s2p,07_3_TDS-body_Novel-2Dsweep-260516_46.s2p,,,2.8774448751896,2.87745,2.87745,-0.42684863761074143,-0.7171253403340712,-11.20624834457135,-7.187644913487425,4.018603431083932,4.018603431083932,-235.98139656891607
260516_2dsweep_noplunger,sim,f_pi2,sim,S11,offset_nan,07_3_TDS-body_Novel-2Dsweep-260516_46.s2p,07_3_TDS-body_Novel-2Dsweep-260516_47.s2p,,,2.8774448751896,2.87745,2.87745,-0.7171253403340712,-0.6532845000762576,-7.187644913487425,-8.322553683205681,-1.1349087697182654,358.86509123028173,118.86509123028173
260516_2dsweep_noplunger,sim,f_pi2,sim,S11,offset_nan,07_3_TDS-body_Novel-2Dsweep-260516_47.s2p,07_3_TDS-body_Novel-2Dsweep-260516_48.s2p,,,2.8774448751896,2.87745,2.87745,-0.6532845000762576,-0.6000036998225786,-8.322553683205681,-9.325161834086831,-1.0026081508811444,358.99739184911886,118.99739184911886
260516_2dsweep_noplunger,sim,f_pi2,sim,S11,offset_nan,07_3_TDS-body_Novel-2Dsweep-260516_48.s2p,07_3_TDS-body_Novel-2Dsweep-260516_49.s2p,,,2.8774448751896,2.87745,2.87745,-0.6000036998225786,-0.5559443776554226,-9.325161834086831,-10.204615438510633,-0.8794536044238157,359.1205463955762,119.12054639557618
260516_2dsweep_noplunger,sim,f_pi2,sim,S11,offset_nan,07_3_TDS-body_Novel-2Dsweep-260516_49.s2p,07_3_TDS-body_Novel-2Dsweep-260516_5.s2p,,,2.8774448751896,2.87745,2.87745,-0.5559443776554226,-0.5936430674987205,-10.204615438510633,2.0363840758961955,12.240999514406838,12.240999514406838,-227.75900048559316
260516_2dsweep_noplunger,sim,f_pi2,sim,S11,offset_nan,07_3_TDS-body_Novel-2Dsweep-260516_5.s2p,07_3_TDS-body_Novel-2Dsweep-260516_50.s2p,,,2.8774448751896,2.87745,2.87745,-0.5936430674987205,-0.5190138690283816,2.0363840758961955,-10.981812551352935,-13.018196627249125,346.98180337275085,106.98180337275085
260516_2dsweep_noplunger,sim,f_pi2,sim,S11,offset_nan,07_3_TDS-body_Novel-2Dsweep-260516_50.s2p,07_3_TDS-body_Novel-2Dsweep-260516_51.s2p,,,2.8774448751896,2.87745,2.87745,-0.5190138690283816,-0.48852441121373524,-10.981812551352935,-11.693704837102741,-0.7118922857497978,359.2881077142502,119.2881077142502
260516_2dsweep_noplunger,sim,f_pi2,sim,S11,offset_nan,07_3_TDS-body_Novel-2Dsweep-260516_51.s2p,07_3_TDS-body_Novel-2Dsweep-260516_52.s2p,,,2.8774448751896,2.87745,2.87745,-0.48852441121373524,-0.4611642257991385,-11.693704837102741,-12.323029831068794,-0.6293249939660654,359.37067500603393,119.37067500603393
260516_2dsweep_noplunger,sim,f_pi2,sim,S11,offset_nan,07_3_TDS-body_Novel-2Dsweep-260516_52.s2p,07_3_TDS-body_Novel-2Dsweep-260516_53.s2p,,,2.8774448751896,2.87745,2.87745,-0.4611642257991385,-0.4373653823839829,-12.323029831068794,-12.912535376849469,-0.5895055457806677,359.41049445421936,119.41049445421936
260516_2dsweep_noplunger,sim,f_pi2,sim,S11,offset_nan,07_3_TDS-body_Novel-2Dsweep-260516_53.s2p,07_3_TDS-body_Novel-2Dsweep-260516_54.s2p,,,2.8774448751896,2.87745,2.87745,-0.4373653823839829,-0.41750285654330666,-12.912535376849469,-13.439971796450585,-0.5274364196011163,359.47256358039886,119.47256358039886
260516_2dsweep_noplunger,sim,f_pi2,sim,S11,offset_nan,07_3_TDS-body_Novel-2Dsweep-260516_54.s2p,07_3_TDS-body_Novel-2Dsweep-260516_55.s2p,,,2.8774448751896,2.87745,2.87745,-0.41750285654330666,-0.6174537404442192,-13.439971796450585,-10.123351766467065,3.316620029983511,3.316620029983511,-236.6833799700165
260516_2dsweep_noplunger,sim,f_pi2,sim,S11,offset_nan,07_3_TDS-body_Novel-2Dsweep-260516_55.s2p,07_3_TDS-body_Novel-2Dsweep-260516_56.s2p,,,2.8774448751896,2.87745,2.87745,-0.6174537404442192,-0.5760247637292971,-10.123351766467065,-11.124530676680491,-1.0011789102134117,358.9988210897866,118.99882108978659
260516_2dsweep_noplunger,sim,f_pi2,sim,S11,offset_nan,07_3_TDS-body_Novel-2Dsweep-260516_56.s2p,07_3_TDS-body_Novel-2Dsweep-260516_57.s2p,,,2.8774448751896,2.87745,2.87745,-0.5760247637292971,-0.5406313807164156,-11.124530676680491,-11.93778164602769,-0.8132509693471945,359.1867490306528,119.18674903065278
260516_2dsweep_noplunger,sim,f_pi2,sim,S11,offset_nan,07_3_TDS-body_Novel-2Dsweep-260516_57.s2p,07_3_TDS-body_Novel-2Dsweep-260516_58.s2p,,,2.8774448751896,2.87745,2.87745,-0.5406313807164156,-0.502361935169931,-11.93778164602769,-12.680369456594288,-0.7425878105665902,359.2574121894334,119.25741218943341
260516_2dsweep_noplunger,sim,f_pi2,sim,S11,offset_nan,07_3_TDS-body_Novel-2Dsweep-260516_58.s2p,07_3_TDS-body_Novel-2Dsweep-260516_59.s2p,,,2.8774448751896,2.87745,2.87745,-0.502361935169931,-0.47553593083562024,-12.680369456594288,-13.346130905895322,-0.6657614493010442,359.33423855069896,119.33423855069896
260516_2dsweep_noplunger,sim,f_pi2,sim,S11,offset_nan,07_3_TDS-body_Novel-2Dsweep-260516_59.s2p,07_3_TDS-body_Novel-2Dsweep-260516_6.s2p,,,2.8774448751896,2.87745,2.87745,-0.47553593083562024,-0.5339901612073897,-13.346130905895322,0.8287264478634848,14.174857353758796,14.174857353758796,-225.8251426462412
260516_2dsweep_noplunger,sim,f_pi2,sim,S11,offset_nan,07_3_TDS-body_Novel-2Dsweep-260516_6.s2p,07_3_TDS-body_Novel-2Dsweep-260516_60.s2p,,,2.8774448751896,2.87745,2.87745,-0.5339901612073897,-0.45318106369667444,0.8287264478634848,-13.988338151775759,-14.817064599639252,345.18293540036075,105.18293540036075
260516_2dsweep_noplunger,sim,f_pi2,sim,S11,offset_nan,07_3_TDS-body_Novel-2Dsweep-260516_60.s2p,07_3_TDS-body_Novel-2Dsweep-260516_61.s2p,,,2.8774448751896,2.87745,2.87745,-0.45318106369667444,-0.43289746124758693,-13.988338151775759,-14.556752263758618,-0.568414111982861,359.43158588801714,119.43158588801714
260516_2dsweep_noplunger,sim,f_pi2,sim,S11,offset_nan,07_3_TDS-body_Novel-2Dsweep-260516_61.s2p,07_3_TDS-body_Novel-2Dsweep-260516_62.s2p,,,2.8774448751896,2.87745,2.87745,-0.43289746124758693,-0.4157070994568162,-14.556752263758618,-15.055911254199886,-0.4991589904412592,359.5008410095587,119.50084100955871
260516_2dsweep_noplunger,sim,f_pi2,sim,S11,offset_nan,07_3_TDS-body_Novel-2Dsweep-260516_62.s2p,07_3_TDS-body_Novel-2Dsweep-260516_63.s2p,,,2.8774448751896,2.87745,2.87745,-0.4157070994568162,-0.4003298245833425,-15.055911254199886,-15.561536580691788,-0.5056253264918951,359.4943746735081,119.4943746735081
260516_2dsweep_noplunger,sim,f_pi2,sim,S11,offset_nan,07_3_TDS-body_Novel-2Dsweep-260516_63.s2p,07_3_TDS-body_Novel-2Dsweep-260516_64.s2p,,,2.8774448751896,2.87745,2.87745,-0.4003298245833425,-0.5278853758243227,-15.561536580691788,-12.912270101374535,2.649266479317248,2.649266479317248,-237.35073352068275
260516_2dsweep_noplunger,sim,f_pi2,sim,S11,offset_nan,07_3_TDS-body_Novel-2Dsweep-260516_64.s2p,07_3_TDS-body_Novel-2Dsweep-260516_65.s2p,,,2.8774448751896,2.87745,2.87745,-0.5278853758243227,-0.49713383130284533,-12.912270101374535,-13.700719959863282,-0.7884498584887467,359.2115501415112,119.21155014151122
260516_2dsweep_noplunger,sim,f_pi2,sim,S11,offset_nan,07_3_TDS-body_Novel-2Dsweep-260516_65.s2p,07_3_TDS-body_Novel-2Dsweep-260516_66.s2p,,,2.8774448751896,2.87745,2.87745,-0.49713383130284533,-0.47064530439780394,-13.700719959863282,-14.404431133891975,-0.7037111740286832,359.2962888259713,119.29628882597132
260516_2dsweep_noplunger,sim,f_pi2,sim,S11,offset_nan,07_3_TDS-body_Novel-2Dsweep-260516_66.s2p,07_3_TDS-body_Novel-2Dsweep-260516_67.s2p,,,2.8774448751896,2.87745,2.87745,-0.47064530439780394,-0.4486925869286332,-14.404431133891975,-15.033346019842927,-0.6289148859509623,359.37108511404904,119.37108511404904
260516_2dsweep_noplunger,sim,f_pi2,sim,S11,offset_nan,07_3_TDS-body_Novel-2Dsweep-260516_67.s2p,07_3_TDS-body_Novel-2Dsweep-260516_68.s2p,,,2.8774448751896,2.87745,2.87745,-0.4486925869286332,-0.42798391083319154,-15.033346019842927,-15.566565441220693,-0.5332194213777655,359.4667805786222,119.4667805786222
260516_2dsweep_noplunger,sim,f_pi2,sim,S11,offset_nan,07_3_TDS-body_Novel-2Dsweep-260516_68.s2p,07_3_TDS-body_Novel-2Dsweep-260516_69.s2p,,,2.8774448751896,2.87745,2.87745,-0.42798391083319154,-0.4135405578494186,-15.566565441220693,-16.167573504662126,-0.6010080634414408,359.39899193655856,119.39899193655856
260516_2dsweep_noplunger,sim,f_pi2,sim,S11,offset_nan,07_3_TDS-body_Novel-2Dsweep-260516_69.s2p,07_3_TDS-body_Novel-2Dsweep-260516_7.s2p,,,2.8774448751896,2.87745,2.87745,-0.4135405578494186,-0.4839910786117103,-16.167573504662126,-0.27712179380393837,15.890451710858201,15.890451710858201,-224.1095482891418
260516_2dsweep_noplunger,sim,f_pi2,sim,S11,offset_nan,07_3_TDS-body_Novel-2Dsweep-260516_7.s2p,07_3_TDS-body_Novel-2Dsweep-260516_70.s2p,,,2.8774448751896,2.87745,2.87745,-0.4839910786117103,-0.39939827506201775,-0.27712179380393837,-16.64342059449425,-16.366298800690316,343.6337011993097,103.63370119930971
260516_2dsweep_noplunger,sim,f_pi2,sim,S11,offset_nan,07_3_TDS-body_Novel-2Dsweep-260516_70.s2p,07_3_TDS-body_Novel-2Dsweep-260516_71.s2p,,,2.8774448751896,2.87745,2.87745,-0.39939827506201775,-0.38616317943799877,-16.64342059449425,-17.05771938895042,-0.41429879445615825,359.58570120554384,119.58570120554384
260516_2dsweep_noplunger,sim,f_pi2,sim,S11,offset_nan,07_3_TDS-body_Novel-2Dsweep-260516_71.s2p,07_3_TDS-body_Novel-2Dsweep-260516_72.s2p,,,2.8774448751896,2.87745,2.87745,-0.38616317943799877,-0.37591974752901336,-17.05771938895042,-17.51865581135181,-0.460936422401403,359.5390635775986,119.5390635775986
260516_2dsweep_noplunger,sim,f_pi2,sim,S11,offset_nan,07_3_TDS-body_Novel-2Dsweep-260516_72.s2p,07_3_TDS-body_Novel-2Dsweep-260516_73.s2p,,,2.8774448751896,2.87745,2.87745,-0.37591974752901336,-0.43345810444355926,-17.51865581135181,-15.399425603907282,2.119230207444531,2.119230207444531,-237.88076979255547
260516_2dsweep_noplunger,sim,f_pi2,sim,S11,offset_nan,07_3_TDS-body_Novel-2Dsweep-260516_73.s2p,07_3_TDS-body_Novel-2Dsweep-260516_74.s2p,,,2.8774448751896,2.87745,2.87745,-0.43345810444355926,-0.4201600742357071,-15.399425603907282,-16.03600586404647,-0.6365802601391977,359.3634197398608,119.36341973986077
260516_2dsweep_noplunger,sim,f_pi2,sim,S11,offset_nan,07_3_TDS-body_Novel-2Dsweep-260516_74.s2p,07_3_TDS-body_Novel-2Dsweep-260516_75.s2p,,,2.8774448751896,2.87745,2.87745,-0.4201600742357071,-0.40551491930591643,-16.03600586404647,-16.664625910621957,-0.6286200465754916,359.3713799534245,119.37137995342448
260516_2dsweep_noplunger,sim,f_pi2,sim,S11,offset_nan,07_3_TDS-body_Novel-2Dsweep-260516_75.s2p,07_3_TDS-body_Novel-2Dsweep-260516_76.s2p,,,2.8774448751896,2.87745,2.87745,-0.40551491930591643,-0.39198506102966685,-16.664625910621957,-17.166316256232644,-0.5016903456106832,359.49830965438935,119.49830965438935
260516_2dsweep_noplunger,sim,f_pi2,sim,S11,offset_nan,07_3_TDS-body_Novel-2Dsweep-260516_76.s2p,07_3_TDS-body_Novel-2Dsweep-260516_77.s2p,,,2.8774448751896,2.87745,2.87745,-0.39198506102966685,-0.3783865740410764,-17.166316256232644,-17.671893926860758,-0.5055776706280994,359.4944223293719,119.4944223293719
260516_2dsweep_noplunger,sim,f_pi2,sim,S11,offset_nan,07_3_TDS-body_Novel-2Dsweep-260516_77.s2p,07_3_TDS-body_Novel-2Dsweep-260516_78.s2p,,,2.8774448751896,2.87745,2.87745,-0.3783865740410764,-0.3712198552523635,-17.671893926860758,-18.163761750494764,-0.49186782363400994,359.50813217636596,119.50813217636596
260516_2dsweep_noplunger,sim,f_pi2,sim,S11,offset_nan,07_3_TDS-body_Novel-2Dsweep-260516_78.s2p,07_3_TDS-body_Novel-2Dsweep-260516_79.s2p,,,2.8774448751896,2.87745,2.87745,-0.3712198552523635,-0.3632409228951391,-18.163761750494764,-18.602694131214903,-0.4389323807201322,359.56106761927987,119.56106761927987
260516_2dsweep_noplunger,sim,f_pi2,sim,S11,offset_nan,07_3_TDS-body_Novel-2Dsweep-260516_79.s2p,07_3_TDS-body_Novel-2Dsweep-260516_8.s2p,,,2.8774448751896,2.87745,2.87745,-0.3632409228951391,-0.4419119489443559,-18.602694131214903,-1.2638841666020888,17.338809964612807,17.338809964612807,-222.6611900353872
260516_2dsweep_noplunger,sim,f_pi2,sim,S11,offset_nan,07_3_TDS-body_Novel-2Dsweep-260516_8.s2p,07_3_TDS-body_Novel-2Dsweep-260516_80.s2p,,,2.8774448751896,2.87745,2.87745,-0.4419119489443559,-0.3575238125811542,-1.2638841666020888,-18.982640163569112,-17.71875599696702,342.28124400303295,102.28124400303295
260516_2dsweep_noplunger,sim,f_pi2,sim,S11,offset_nan,07_3_TDS-body_Novel-2Dsweep-260516_80.s2p,07_3_TDS-body_Novel-2Dsweep-260516_81.s2p,,,2.8774448751896,2.87745,2.87745,-0.3575238125811542,-0.3461814606049208,-18.982640163569112,-19.337447752197793,-0.3548075886286881,359.64519241137134,119.64519241137134
260516_2dsweep_noplunger,sim,f_pi2,sim,S11,offset_nan,07_3_TDS-body_Novel-2Dsweep-260516_81.s2p,07_3_TDS-body_Novel-2Dsweep-260516_82.s2p,,,2.8774448751896,2.87745,2.87745,-0.3461814606049208,-0.3608988610527415,-19.337447752197793,-17.671791308976605,1.665656443221195,1.665656443221195,-238.3343435567788
260516_2dsweep_noplunger,sim,f_pi2,sim,S11,offset_nan,07_3_TDS-body_Novel-2Dsweep-260516_82.s2p,07_3_TDS-body_Novel-2Dsweep-260516_83.s2p,,,2.8774448751896,2.87745,2.87745,-0.3608988610527415,-0.34967387103739855,-17.671791308976605,-18.203644926394855,-0.5318536174182498,359.4681463825817,119.46814638258172
260516_2dsweep_noplunger,sim,f_pi2,sim,S11,offset_nan,07_3_TDS-body_Novel-2Dsweep-260516_83.s2p,07_3_TDS-body_Novel-2Dsweep-260516_84.s2p,,,2.8774448751896,2.87745,2.87745,-0.34967387103739855,-0.34463637489186694,-18.203644926394855,-18.645707707295823,-0.44206278090098294,359.557937219099,119.55793721909902
260516_2dsweep_noplunger,sim,f_pi2,sim,S11,offset_nan,07_3_TDS-body_Novel-2Dsweep-260516_84.s2p,07_3_TDS-body_Novel-2Dsweep-260516_85.s2p,,,2.8774448751896,2.87745,2.87745,-0.34463637489186694,-0.3359936998274321,-18.645707707295823,-19.118866344204953,-0.47315863690911897,359.52684136309085,119.52684136309085
260516_2dsweep_noplunger,sim,f_pi2,sim,S11,offset_nan,07_3_TDS-body_Novel-2Dsweep-260516_85.s2p,07_3_TDS-body_Novel-2Dsweep-260516_86.s2p,,,2.8774448751896,2.87745,2.87745,-0.3359936998274321,-0.331034549278694,-19.118866344204953,-19.520243667280397,-0.40137732307545093,359.59862267692455,119.59862267692455
260516_2dsweep_noplunger,sim,f_pi2,sim,S11,offset_nan,07_3_TDS-body_Novel-2Dsweep-260516_86.s2p,07_3_TDS-body_Novel-2Dsweep-260516_87.s2p,,,2.8774448751896,2.87745,2.87745,-0.331034549278694,-0.327501855284536,-19.520243667280397,-19.97078554972754,-0.45054188244714055,359.54945811755283,119.54945811755283
260516_2dsweep_noplunger,sim,f_pi2,sim,S11,offset_nan,07_3_TDS-body_Novel-2Dsweep-260516_87.s2p,07_3_TDS-body_Novel-2Dsweep-260516_88.s2p,,,2.8774448751896,2.87745,2.87745,-0.327501855284536,-0.32395665462012607,-19.97078554972754,-20.35818028494387,-0.3873947352163327,359.61260526478367,119.61260526478367
260516_2dsweep_noplunger,sim,f_pi2,sim,S11,offset_nan,07_3_TDS-body_Novel-2Dsweep-260516_88.s2p,07_3_TDS-body_Novel-2Dsweep-260516_89.s2p,,,2.8774448751896,2.87745,2.87745,-0.32395665462012607,-0.321859770959084,-20.35818028494387,-20.739711518757368,-0.3815312338134902,359.61846876618654,119.61846876618654
260516_2dsweep_noplunger,sim,f_pi2,sim,S11,offset_nan,07_3_TDS-body_Novel-2Dsweep-260516_89.s2p,07_3_TDS-body_Novel-2Dsweep-260516_9.s2p,,,2.8774448751896,2.87745,2.87745,-0.321859770959084,-0.40670436624337847,-20.739711518757368,-2.13776570093012,18.601945817827243,18.601945817827243,-221.39805418217276
260516_2dsweep_noplunger,sim,f_pi2,sim,S11,offset_nan,07_3_TDS-body_Novel-2Dsweep-260516_9.s2p,07_3_TDS-body_Novel-2Dsweep-260516_90.s2p,,,2.8774448751896,2.87745,2.87745,-0.40670436624337847,-0.31971657458319636,-2.13776570093012,-21.110115432702234,-18.972349731772113,341.0276502682279,101.02765026822789
260516_2dsweep_noplunger,sim,f_pi2,sim,S11,offset_nan,07_3_TDS-body_Novel-2Dsweep-260516_90.s2p,07_3_TDS-body_Novel-2Dsweep-260516_91.s2p,,,2.8774448751896,2.87745,2.87745,-0.31971657458319636,-0.2959171684367499,-21.110115432702234,-19.732921804745338,1.377193627956899,1.377193627956899,-238.6228063720431
260516_2dsweep_noplunger,sim,f_pi2,sim,S11,offset_nan,07_3_TDS-body_Novel-2Dsweep-260516_91.s2p,07_3_TDS-body_Novel-2Dsweep-260516_92.s2p,,,2.8774448751896,2.87745,2.87745,-0.2959171684367499,-0.2917861007330399,-19.732921804745338,-20.168065013308894,-0.43514320856354516,359.56485679143645,119.56485679143645
260516_2dsweep_noplunger,sim,f_pi2,sim,S11,offset_nan,07_3_TDS-body_Novel-2Dsweep-260516_92.s2p,07_3_TDS-body_Novel-2Dsweep-260516_93.s2p,,,2.8774448751896,2.87745,2.87745,-0.2917861007330399,-0.2899662215091797,-20.168065013308894,-20.54364382408746,-0.37557881077856337,359.62442118922144,119.62442118922144
260516_2dsweep_noplunger,sim,f_pi2,sim,S11,offset_nan,07_3_TDS-body_Novel-2Dsweep-260516_93.s2p,07_3_TDS-body_Novel-2Dsweep-260516_94.s2p,,,2.8774448751896,2.87745,2.87745,-0.2899662215091797,-0.28633624353780823,-20.54364382408746,-20.86612921872846,-0.32248539464100645,359.67751460535897,119.67751460535897
260516_2dsweep_noplunger,sim,f_pi2,sim,S11,offset_nan,07_3_TDS-body_Novel-2Dsweep-260516_94.s2p,07_3_TDS-body_Novel-2Dsweep-260516_95.s2p,,,2.8774448751896,2.87745,2.87745,-0.28633624353780823,-0.28894722753486607,-20.86612921872846,-21.243610108025464,-0.3774808892970043,359.622519110703,119.62251911070302
260516_2dsweep_noplunger,sim,f_pi2,sim,S11,offset_nan,07_3_TDS-body_Novel-2Dsweep-260516_95.s2p,07_3_TDS-body_Novel-2Dsweep-260516_96.s2p,,,2.8774448751896,2.87745,2.87745,-0.28894722753486607,-0.2845043814633779,-21.243610108025464,-21.605151259562863,-0.3615411515374092,359.6384588484626,119.63845884846262
260516_2dsweep_noplunger,sim,f_pi2,sim,S11,offset_nan,07_3_TDS-body_Novel-2Dsweep-260516_96.s2p,07_3_TDS-body_Novel-2Dsweep-260516_97.s2p,,,2.8774448751896,2.87745,2.87745,-0.2845043814633779,-0.285657736516822,-21.605151259562863,-21.95626298015734,-0.35111172059447426,359.6488882794055,119.64888827940553
260516_2dsweep_noplunger,sim,f_pi2,sim,S11,offset_nan,07_3_TDS-body_Novel-2Dsweep-260516_97.s2p,07_3_TDS-body_Novel-2Dsweep-260516_98.s2p,,,2.8774448751896,2.87745,2.87745,-0.285657736516822,-0.2870404151733908,-21.95626298015734,-22.29997855453591,-0.3437155743785638,359.65628442562144,119.65628442562144
260516_2dsweep_noplunger,sim,f_pi2,sim,S11,offset_nan,07_3_TDS-body_Novel-2Dsweep-260516_98.s2p,07_3_TDS-body_Novel-2Dsweep-260516_99.s2p,,,2.8774448751896,2.87745,2.87745,-0.2870404151733908,-0.28871889044036086,-22.29997855453591,-22.64414420364353,-0.34416564910762304,359.6558343508924,119.6558343508924
260516_2dsweep_noplunger,sim,f_pi2,sim,S12,offset_nan,07_3_TDS-body_Novel-2Dsweep-260516_1.s2p,07_3_TDS-body_Novel-2Dsweep-260516_10.s2p,,,2.8774448751896,2.87745,2.87745,-6.833283690240802,-6.866650473548596,-81.17868345776768,-84.50439661233649,-3.3257131545688026,356.6742868454312,116.6742868454312
260516_2dsweep_noplunger,sim,f_pi2,sim,S12,offset_nan,07_3_TDS-body_Novel-2Dsweep-260516_10.s2p,07_3_TDS-body_Novel-2Dsweep-260516_100.s2p,,,2.8774448751896,2.87745,2.87745,-6.866650473548596,-12.768222850785788,-84.50439661233649,-111.3108998033321,-26.806503190995613,333.1934968090044,93.19349680900439
260516_2dsweep_noplunger,sim,f_pi2,sim,S12,offset_nan,07_3_TDS-body_Novel-2Dsweep-260516_100.s2p,07_3_TDS-body_Novel-2Dsweep-260516_101.s2p,,,2.8774448751896,2.87745,2.87745,-12.768222850785788,-12.728677113229379,-111.3108998033321,-111.71512837729567,-0.4042285739635645,359.59577142603644,119.59577142603644
260516_2dsweep_noplunger,sim,f_pi2,sim,S12,offset_nan,07_3_TDS-body_Novel-2Dsweep-260516_101.s2p,07_3_TDS-body_Novel-2Dsweep-260516_102.s2p,,,2.8774448751896,2.87745,2.87745,-12.728677113229379,-12.69848227891433,-111.71512837729567,-112.06814481151468,-0.35301643421900053,359.646983565781,119.646983565781
260516_2dsweep_noplunger,sim,f_pi2,sim,S12,offset_nan,07_3_TDS-body_Novel-2Dsweep-260516_102.s2p,07_3_TDS-body_Novel-2Dsweep-260516_103.s2p,,,2.8774448751896,2.87745,2.87745,-12.69848227891433,-12.663213789936858,-112.06814481151468,-112.41705162617566,-0.34890681466097817,359.65109318533905,119.65109318533905
260516_2dsweep_noplunger,sim,f_pi2,sim,S12,offset_nan,07_3_TDS-body_Novel-2Dsweep-260516_103.s2p,07_3_TDS-body_Novel-2Dsweep-260516_104.s2p,,,2.8774448751896,2.87745,2.87745,-12.663213789936858,-12.399386090009674,-112.41705162617566,-114.04187990937274,-1.6248282831970755,358.3751717168029,118.37517171680292
260516_2dsweep_noplunger,sim,f_pi2,sim,S12,offset_nan,07_3_TDS-body_Novel-2Dsweep-260516_104.s2p,07_3_TDS-body_Novel-2Dsweep-260516_105.s2p,,,2.8774448751896,2.87745,2.87745,-12.399386090009674,-13.596545991824552,-114.04187990937274,-113.07687517997275,0.9650047293999933,0.9650047293999933,-239.0349952706
260516_2dsweep_noplunger,sim,f_pi2,sim,S12,offset_nan,07_3_TDS-body_Novel-2Dsweep-260516_105.s2p,07_3_TDS-body_Novel-2Dsweep-260516_106.s2p,,,2.8774448751896,2.87745,2.87745,-13.596545991824552,-13.528745660671998,-113.07687517997275,-113.40001978917726,-0.32314460920451893,359.6768553907955,119.67685539079548
260516_2dsweep_noplunger,sim,f_pi2,sim,S12,offset_nan,07_3_TDS-body_Novel-2Dsweep-260516_106.s2p,07_3_TDS-body_Novel-2Dsweep-260516_107.s2p,,,2.8774448751896,2.87745,2.87745,-13.528745660671998,-13.322053651550052,-113.40001978917726,-114.08003119521742,-0.680011406040137,359.31998859395986,119.31998859395986
260516_2dsweep_noplunger,sim,f_pi2,sim,S12,offset_nan,07_3_TDS-body_Novel-2Dsweep-260516_107.s2p,07_3_TDS-body_Novel-2Dsweep-260516_108.s2p,,,2.8774448751896,2.87745,2.87745,-13.322053651550052,-13.234093331682985,-114.08003119521742,-114.38443056204662,-0.304399366829216,359.6956006331708,119.69560063317078
260516_2dsweep_noplunger,sim,f_pi2,sim,S12,offset_nan,07_3_TDS-body_Novel-2Dsweep-260516_108.s2p,07_3_TDS-body_Novel-2Dsweep-260516_109.s2p,,,2.8774448751896,2.87745,2.87745,-13.234093331682985,-13.158715000861218,-114.38443056204662,-114.63607173050558,-0.2516411684589457,359.74835883154105,119.74835883154105
260516_2dsweep_noplunger,sim,f_pi2,sim,S12,offset_nan,07_3_TDS-body_Novel-2Dsweep-260516_109.s2p,07_3_TDS-body_Novel-2Dsweep-260516_11.s2p,,,2.8774448751896,2.87745,2.87745,-13.158715000861218,-7.4280238365431925,-114.63607173050558,-86.35861739056976,28.277454339935815,28.277454339935815,-211.72254566006418
260516_2dsweep_noplunger,sim,f_pi2,sim,S12,offset_nan,07_3_TDS-body_Novel-2Dsweep-260516_11.s2p,07_3_TDS-body_Novel-2Dsweep-260516_110.s2p,,,2.8774448751896,2.87745,2.87745,-7.4280238365431925,-13.026795743258987,-86.35861739056976,-114.99548653483295,-28.636869144263187,331.3631308557368,91.36313085573681
260516_2dsweep_noplunger,sim,f_pi2,sim,S12,offset_nan,07_3_TDS-body_Novel-2Dsweep-260516_110.s2p,07_3_TDS-body_Novel-2Dsweep-260516_111.s2p,,,2.8774448751896,2.87745,2.87745,-13.026795743258987,-12.914518441813584,-114.99548653483295,-115.3504366919047,-0.35495015707175526,359.64504984292824,119.64504984292824
260516_2dsweep_noplunger,sim,f_pi2,sim,S12,offset_nan,07_3_TDS-body_Novel-2Dsweep-260516_111.s2p,07_3_TDS-body_Novel-2Dsweep-260516_112.s2p,,,2.8774448751896,2.87745,2.87745,-12.914518441813584,-12.617652039253244,-115.3504366919047,-112.77755916666977,2.5728775252349294,2.5728775252349294,-237.42712247476507
260516_2dsweep_noplunger,sim,f_pi2,sim,S12,offset_nan,07_3_TDS-body_Novel-2Dsweep-260516_112.s2p,07_3_TDS-body_Novel-2Dsweep-260516_113.s2p,,,2.8774448751896,2.87745,2.87745,-12.617652039253244,-12.593699101728923,-112.77755916666977,-113.06975109362787,-0.2921919269580826,359.7078080730419,119.70780807304192
260516_2dsweep_noplunger,sim,f_pi2,sim,S12,offset_nan,07_3_TDS-body_Novel-2Dsweep-260516_113.s2p,07_3_TDS-body_Novel-2Dsweep-260516_114.s2p,,,2.8774448751896,2.87745,2.87745,-12.593699101728923,-12.52939669773573,-113.06975109362787,-113.39815104899643,-0.32839995536855326,359.6716000446314,119.67160004463142
260516_2dsweep_noplunger,sim,f_pi2,sim,S12,offset_nan,07_3_TDS-body_Novel-2Dsweep-260516_114.s2p,07_3_TDS-body_Novel-2Dsweep-260516_115.s2p,,,2.8774448751896,2.87745,2.87745,-12.52939669773573,-12.477879070291415,-113.39815104899643,-113.70227034859457,-0.3041192995981419,359.69588070040186,119.69588070040186
260516_2dsweep_noplunger,sim,f_pi2,sim,S12,offset_nan,07_3_TDS-body_Novel-2Dsweep-260516_115.s2p,07_3_TDS-body_Novel-2Dsweep-260516_116.s2p,,,2.8774448751896,2.87745,2.87745,-12.477879070291415,-13.710461514857732,-113.70227034859457,-112.76364034111356,0.9386300074810094,0.9386300074810094,-239.061369992519
260516_2dsweep_noplunger,sim,f_pi2,sim,S12,offset_nan,07_3_TDS-body_Novel-2Dsweep-260516_116.s2p,07_3_TDS-body_Novel-2Dsweep-260516_117.s2p,,,2.8774448751896,2.87745,2.87745,-13.710461514857732,-13.424909666472116,-112.76364034111356,-113.76849136616102,-1.0048510250474578,358.99514897495254,118.99514897495254
260516_2dsweep_noplunger,sim,f_pi2,sim,S12,offset_nan,07_3_TDS-body_Novel-2Dsweep-260516_117.s2p,07_3_TDS-body_Novel-2Dsweep-260516_12.s2p,,,2.8774448751896,2.87745,2.87745,-13.424909666472116,-7.9436242694513135,-113.76849136616102,-88.00908853106861,25.759402835092402,25.759402835092402,-214.2405971649076
260516_2dsweep_noplunger,sim,f_pi2,sim,S12,offset_nan,07_3_TDS-body_Novel-2Dsweep-260516_12.s2p,07_3_TDS-body_Novel-2Dsweep-260516_13.s2p,,,2.8774448751896,2.87745,2.87745,-7.9436242694513135,-8.401677120818926,-88.00908853106861,-89.46922328880498,-1.4601347577363697,358.53986524226366,118.53986524226366
260516_2dsweep_noplunger,sim,f_pi2,sim,S12,offset_nan,07_3_TDS-body_Novel-2Dsweep-260516_13.s2p,07_3_TDS-body_Novel-2Dsweep-260516_14.s2p,,,2.8774448751896,2.87745,2.87745,-8.401677120818926,-8.842785687956914,-89.46922328880498,-90.72694173156349,-1.2577184427585166,358.7422815572415,118.74228155724148
260516_2dsweep_noplunger,sim,f_pi2,sim,S12,offset_nan,07_3_TDS-body_Novel-2Dsweep-260516_14.s2p,07_3_TDS-body_Novel-2Dsweep-260516_15.s2p,,,2.8774448751896,2.87745,2.87745,-8.842785687956914,-9.250909927757236,-90.72694173156349,-91.81926029388337,-1.092318562319889,358.90768143768014,118.90768143768014
260516_2dsweep_noplunger,sim,f_pi2,sim,S12,offset_nan,07_3_TDS-body_Novel-2Dsweep-260516_15.s2p,07_3_TDS-body_Novel-2Dsweep-260516_16.s2p,,,2.8774448751896,2.87745,2.87745,-9.250909927757236,-9.629782718201222,-91.81926029388337,-92.80965796211972,-0.9903976682363407,359.00960233176363,119.00960233176363
260516_2dsweep_noplunger,sim,f_pi2,sim,S12,offset_nan,07_3_TDS-body_Novel-2Dsweep-260516_16.s2p,07_3_TDS-body_Novel-2Dsweep-260516_17.s2p,,,2.8774448751896,2.87745,2.87745,-9.629782718201222,-9.978289409686004,-92.80965796211972,-93.51029896184856,-0.7006409997288472,359.2993590002711,119.29935900027112
260516_2dsweep_noplunger,sim,f_pi2,sim,S12,offset_nan,07_3_TDS-body_Novel-2Dsweep-260516_17.s2p,07_3_TDS-body_Novel-2Dsweep-260516_18.s2p,,,2.8774448751896,2.87745,2.87745,-9.978289409686004,-10.299559638073102,-93.51029896184856,-94.50756560300816,-0.9972666411595981,359.0027333588404,119.00273335884037
260516_2dsweep_noplunger,sim,f_pi2,sim,S12,offset_nan,07_3_TDS-body_Novel-2Dsweep-260516_18.s2p,07_3_TDS-body_Novel-2Dsweep-260516_19.s2p,,,2.8774448751896,2.87745,2.87745,-10.299559638073102,-7.018699582417394,-94.50756560300816,-87.80677051385875,6.700795089149409,6.700795089149409,-233.2992049108506
260516_2dsweep_noplunger,sim,f_pi2,sim,S12,offset_nan,07_3_TDS-body_Novel-2Dsweep-260516_19.s2p,07_3_TDS-body_Novel-2Dsweep-260516_2.s2p,,,2.8774448751896,2.87745,2.87745,-7.018699582417394,-7.418024741721342,-87.80677051385875,-83.28031150153241,4.526459012326342,4.526459012326342,-235.47354098767366
260516_2dsweep_noplunger,sim,f_pi2,sim,S12,offset_nan,07_3_TDS-body_Novel-2Dsweep-260516_2.s2p,07_3_TDS-body_Novel-2Dsweep-260516_20.s2p,,,2.8774448751896,2.87745,2.87745,-7.418024741721342,-7.523773498014272,-83.28031150153241,-89.56765819126167,-6.287346689729247,353.71265331027075,113.71265331027075
260516_2dsweep_noplunger,sim,f_pi2,sim,S12,offset_nan,07_3_TDS-body_Novel-2Dsweep-260516_20.s2p,07_3_TDS-body_Novel-2Dsweep-260516_21.s2p,,,2.8774448751896,2.87745,2.87745,-7.523773498014272,-8.013945245699038,-89.56765819126167,-91.00095469424399,-1.43329650298233,358.56670349701767,118.56670349701767
260516_2dsweep_noplunger,sim,f_pi2,sim,S12,offset_nan,07_3_TDS-body_Novel-2Dsweep-260516_21.s2p,07_3_TDS-body_Novel-2Dsweep-260516_22.s2p,,,2.8774448751896,2.87745,2.87745,-8.013945245699038,-8.448038211522546,-91.00095469424399,-92.30213310073785,-1.3011784064938752,358.6988215935061,118.69882159350612
260516_2dsweep_noplunger,sim,f_pi2,sim,S12,offset_nan,07_3_TDS-body_Novel-2Dsweep-260516_22.s2p,07_3_TDS-body_Novel-2Dsweep-260516_23.s2p,,,2.8774448751896,2.87745,2.87745,-8.448038211522546,-8.852955709725789,-92.30213310073785,-93.45586809112247,-1.1537349903846348,358.84626500961537,118.84626500961537
260516_2dsweep_noplunger,sim,f_pi2,sim,S12,offset_nan,07_3_TDS-body_Novel-2Dsweep-260516_23.s2p,07_3_TDS-body_Novel-2Dsweep-260516_24.s2p,,,2.8774448751896,2.87745,2.87745,-8.852955709725789,-9.22683024464128,-93.45586809112247,-94.44818856573715,-0.9923204746147007,359.0076795253853,119.0076795253853
260516_2dsweep_noplunger,sim,f_pi2,sim,S12,offset_nan,07_3_TDS-body_Novel-2Dsweep-260516_24.s2p,07_3_TDS-body_Novel-2Dsweep-260516_25.s2p,,,2.8774448751896,2.87745,2.87745,-9.22683024464128,-9.576856587813138,-94.44818856573715,-95.32338906842875,-0.8752005026915981,359.1247994973084,119.1247994973084
260516_2dsweep_noplunger,sim,f_pi2,sim,S12,offset_nan,07_3_TDS-body_Novel-2Dsweep-260516_25.s2p,07_3_TDS-body_Novel-2Dsweep-260516_26.s2p,,,2.8774448751896,2.87745,2.87745,-9.576856587813138,-9.8803289413253,-95.32338906842875,-96.18803802195539,-0.8646489535266255,359.1353510464734,119.13535104647337
260516_2dsweep_noplunger,sim,f_pi2,sim,S12,offset_nan,07_3_TDS-body_Novel-2Dsweep-260516_26.s2p,07_3_TDS-body_Novel-2Dsweep-260516_27.s2p,,,2.8774448751896,2.87745,2.87745,-9.8803289413253,-10.17708906277685,-96.18803802195539,-96.91771617817662,-0.7296781562212118,359.2703218437788,119.27032184377879
260516_2dsweep_noplunger,sim,f_pi2,sim,S12,offset_nan,07_3_TDS-body_Novel-2Dsweep-260516_27.s2p,07_3_TDS-body_Novel-2Dsweep-260516_28.s2p,,,2.8774448751896,2.87745,2.87745,-10.17708906277685,-7.401514019878395,-96.91771617817662,-90.71062766701334,6.207088511163278,6.207088511163278,-233.79291148883672
260516_2dsweep_noplunger,sim,f_pi2,sim,S12,offset_nan,07_3_TDS-body_Novel-2Dsweep-260516_28.s2p,07_3_TDS-body_Novel-2Dsweep-260516_29.s2p,,,2.8774448751896,2.87745,2.87745,-7.401514019878395,-7.8182474447364605,-90.71062766701334,-92.32194629975238,-1.611318632739028,358.388681367261,118.38868136726097
260516_2dsweep_noplunger,sim,f_pi2,sim,S12,offset_nan,07_3_TDS-body_Novel-2Dsweep-260516_29.s2p,07_3_TDS-body_Novel-2Dsweep-260516_3.s2p,,,2.8774448751896,2.87745,2.87745,-7.8182474447364605,-7.970820474585794,-92.32194629975238,-85.06407634818797,7.25786995156443,7.25786995156443,-232.74213004843557
260516_2dsweep_noplunger,sim,f_pi2,sim,S12,offset_nan,07_3_TDS-body_Novel-2Dsweep-260516_3.s2p,07_3_TDS-body_Novel-2Dsweep-260516_30.s2p,,,2.8774448751896,2.87745,2.87745,-7.970820474585794,-8.259460023386316,-85.06407634818797,-93.65257897013765,-8.588502621949686,351.4114973780503,111.41149737805029
260516_2dsweep_noplunger,sim,f_pi2,sim,S12,offset_nan,07_3_TDS-body_Novel-2Dsweep-260516_30.s2p,07_3_TDS-body_Novel-2Dsweep-260516_31.s2p,,,2.8774448751896,2.87745,2.87745,-8.259460023386316,-8.66207217268557,-93.65257897013765,-94.81212632531134,-1.159547355173686,358.8404526448263,118.84045264482631
260516_2dsweep_noplunger,sim,f_pi2,sim,S12,offset_nan,07_3_TDS-body_Novel-2Dsweep-260516_31.s2p,07_3_TDS-body_Novel-2Dsweep-260516_32.s2p,,,2.8774448751896,2.87745,2.87745,-8.66207217268557,-9.038922492332098,-94.81212632531134,-95.80885353211092,-0.9967272067995623,359.00327279320044,119.00327279320044
260516_2dsweep_noplunger,sim,f_pi2,sim,S12,offset_nan,07_3_TDS-body_Novel-2Dsweep-260516_32.s2p,07_3_TDS-body_Novel-2Dsweep-260516_33.s2p,,,2.8774448751896,2.87745,2.87745,-9.038922492332098,-9.386045261695378,-95.80885353211092,-96.69356645827104,-0.8847129261601197,359.1152870738399,119.11528707383991
260516_2dsweep_noplunger,sim,f_pi2,sim,S12,offset_nan,07_3_TDS-body_Novel-2Dsweep-260516_33.s2p,07_3_TDS-body_Novel-2Dsweep-260516_34.s2p,,,2.8774448751896,2.87745,2.87745,-9.386045261695378,-9.688659804888838,-96.69356645827104,-97.55617213275667,-0.8626056744856214,359.1373943255144,119.13739432551438
260516_2dsweep_noplunger,sim,f_pi2,sim,S12,offset_nan,07_3_TDS-body_Novel-2Dsweep-260516_34.s2p,07_3_TDS-body_Novel-2Dsweep-260516_35.s2p,,,2.8774448751896,2.87745,2.87745,-9.688659804888838,-9.98872580868024,-97.55617213275667,-98.26106517715826,-0.7048930444015866,359.2951069555984,119.29510695559838
260516_2dsweep_noplunger,sim,f_pi2,sim,S12,offset_nan,07_3_TDS-body_Novel-2Dsweep-260516_35.s2p,07_3_TDS-body_Novel-2Dsweep-260516_36.s2p,,,2.8774448751896,2.87745,2.87745,-9.98872580868024,-10.253799679590434,-98.26106517715826,-98.93133504265697,-0.6702698654987103,359.3297301345013,119.32973013450129
260516_2dsweep_noplunger,sim,f_pi2,sim,S12,offset_nan,07_3_TDS-body_Novel-2Dsweep-260516_36.s2p,07_3_TDS-body_Novel-2Dsweep-260516_37.s2p,,,2.8774448751896,2.87745,2.87745,-10.253799679590434,-7.711716889044256,-98.93133504265697,-93.98956728247727,4.941767760179687,4.941767760179687,-235.0582322398203
260516_2dsweep_noplunger,sim,f_pi2,sim,S12,offset_nan,07_3_TDS-body_Novel-2Dsweep-260516_37.s2p,07_3_TDS-body_Novel-2Dsweep-260516_38.s2p,,,2.8774448751896,2.87745,2.87745,-7.711716889044256,-8.154095122816004,-93.98956728247727,-95.25638311499229,-1.2668158325150216,358.733184167485,118.73318416748498
260516_2dsweep_noplunger,sim,f_pi2,sim,S12,offset_nan,07_3_TDS-body_Novel-2Dsweep-260516_38.s2p,07_3_TDS-body_Novel-2Dsweep-260516_39.s2p,,,2.8774448751896,2.87745,2.87745,-8.154095122816004,-8.524008999871612,-95.25638311499229,-96.5450814400853,-1.2886983250930086,358.71130167490696,118.71130167490696
260516_2dsweep_noplunger,sim,f_pi2,sim,S12,offset_nan,07_3_TDS-body_Novel-2Dsweep-260516_39.s2p,07_3_TDS-body_Novel-2Dsweep-260516_4.s2p,,,2.8774448751896,2.87745,2.87745,-8.524008999871612,-8.461105321461606,-96.5450814400853,-86.61455458337934,9.930526856705967,9.930526856705967,-230.06947314329403
260516_2dsweep_noplunger,sim,f_pi2,sim,S12,offset_nan,07_3_TDS-body_Novel-2Dsweep-260516_4.s2p,07_3_TDS-body_Novel-2Dsweep-260516_40.s2p,,,2.8774448751896,2.87745,2.87745,-8.461105321461606,-8.88758202281675,-86.61455458337934,-97.55988364012156,-10.945329056742196,349.0546709432578,109.0546709432578
260516_2dsweep_noplunger,sim,f_pi2,sim,S12,offset_nan,07_3_TDS-body_Novel-2Dsweep-260516_40.s2p,07_3_TDS-body_Novel-2Dsweep-260516_41.s2p,,,2.8774448751896,2.87745,2.87745,-8.88758202281675,-9.214691002233767,-97.55988364012156,-98.46165624295924,-0.9017726028376956,359.0982273971623,119.0982273971623
260516_2dsweep_noplunger,sim,f_pi2,sim,S12,offset_nan,07_3_TDS-body_Novel-2Dsweep-260516_41.s2p,07_3_TDS-body_Novel-2Dsweep-260516_42.s2p,,,2.8774448751896,2.87745,2.87745,-9.214691002233767,-9.534914083046214,-98.46165624295924,-99.20384530232063,-0.742189059361408,359.2578109406386,119.25781094063859
260516_2dsweep_noplunger,sim,f_pi2,sim,S12,offset_nan,07_3_TDS-body_Novel-2Dsweep-260516_42.s2p,07_3_TDS-body_Novel-2Dsweep-260516_43.s2p,,,2.8774448751896,2.87745,2.87745,-9.534914083046214,-9.793786958356721,-99.20384530232063,-99.96958894156062,-0.7657436392399859,359.23425636076,119.23425636076001
260516_2dsweep_noplunger,sim,f_pi2,sim,S12,offset_nan,07_3_TDS-body_Novel-2Dsweep-260516_43.s2p,07_3_TDS-body_Novel-2Dsweep-260516_44.s2p,,,2.8774448751896,2.87745,2.87745,-9.793786958356721,-10.045587861338177,-99.96958894156062,-100.62590313916488,-0.6563141976042743,359.3436858023957,119.34368580239573
260516_2dsweep_noplunger,sim,f_pi2,sim,S12,offset_nan,07_3_TDS-body_Novel-2Dsweep-260516_44.s2p,07_3_TDS-body_Novel-2Dsweep-260516_45.s2p,,,2.8774448751896,2.87745,2.87745,-10.045587861338177,-10.285739498880297,-100.62590313916488,-101.20818611951535,-0.5822829803504703,359.41771701964956,119.41771701964956
260516_2dsweep_noplunger,sim,f_pi2,sim,S12,offset_nan,07_3_TDS-body_Novel-2Dsweep-260516_45.s2p,07_3_TDS-body_Novel-2Dsweep-260516_46.s2p,,,2.8774448751896,2.87745,2.87745,-10.285739498880297,-8.1758259418169,-101.20818611951535,-97.1845566828796,4.023629436635758,4.023629436635758,-235.97637056336424
260516_2dsweep_noplunger,sim,f_pi2,sim,S12,offset_nan,07_3_TDS-body_Novel-2Dsweep-260516_46.s2p,07_3_TDS-body_Novel-2Dsweep-260516_47.s2p,,,2.8774448751896,2.87745,2.87745,-8.1758259418169,-8.551303949611276,-97.1845566828796,-98.32491212872075,-1.140355445841152,358.8596445541589,118.85964455415888
260516_2dsweep_noplunger,sim,f_pi2,sim,S12,offset_nan,07_3_TDS-body_Novel-2Dsweep-260516_47.s2p,07_3_TDS-body_Novel-2Dsweep-260516_48.s2p,,,2.8774448751896,2.87745,2.87745,-8.551303949611276,-8.89239254791813,-98.32491212872075,-99.31884358689338,-0.9939314581726251,359.0060685418274,119.0060685418274
260516_2dsweep_noplunger,sim,f_pi2,sim,S12,offset_nan,07_3_TDS-body_Novel-2Dsweep-260516_48.s2p,07_3_TDS-body_Novel-2Dsweep-260516_49.s2p,,,2.8774448751896,2.87745,2.87745,-8.89239254791813,-9.20302102293222,-99.31884358689338,-100.19512627818882,-0.8762826912954438,359.12371730870456,119.12371730870456
260516_2dsweep_noplunger,sim,f_pi2,sim,S12,offset_nan,07_3_TDS-body_Novel-2Dsweep-260516_49.s2p,07_3_TDS-body_Novel-2Dsweep-260516_5.s2p,,,2.8774448751896,2.87745,2.87745,-9.20302102293222,-8.936495973980717,-100.19512627818882,-87.96966590375354,12.225460374435272,12.225460374435272,-227.77453962556473
260516_2dsweep_noplunger,sim,f_pi2,sim,S12,offset_nan,07_3_TDS-body_Novel-2Dsweep-260516_5.s2p,07_3_TDS-body_Novel-2Dsweep-260516_50.s2p,,,2.8774448751896,2.87745,2.87745,-8.936495973980717,-9.482429283267606,-87.96966590375354,-100.9755309323364,-13.00586502858286,346.9941349714171,106.99413497141711
260516_2dsweep_noplunger,sim,f_pi2,sim,S12,offset_nan,07_3_TDS-body_Novel-2Dsweep-260516_50.s2p,07_3_TDS-body_Novel-2Dsweep-260516_51.s2p,,,2.8774448751896,2.87745,2.87745,-9.482429283267606,-9.737307887212891,-100.9755309323364,-101.70975447978208,-0.73422354744568,359.2657764525543,119.26577645255429
260516_2dsweep_noplunger,sim,f_pi2,sim,S12,offset_nan,07_3_TDS-body_Novel-2Dsweep-260516_51.s2p,07_3_TDS-body_Novel-2Dsweep-260516_52.s2p,,,2.8774448751896,2.87745,2.87745,-9.737307887212891,-9.967829859130935,-101.70975447978208,-102.33371187572882,-0.6239573959467464,359.3760426040533,119.37604260405328
260516_2dsweep_noplunger,sim,f_pi2,sim,S12,offset_nan,07_3_TDS-body_Novel-2Dsweep-260516_52.s2p,07_3_TDS-body_Novel-2Dsweep-260516_53.s2p,,,2.8774448751896,2.87745,2.87745,-9.967829859130935,-10.186462552599085,-102.33371187572882,-102.90693564513826,-0.5732237694094238,359.4267762305906,119.42677623059058
260516_2dsweep_noplunger,sim,f_pi2,sim,S12,offset_nan,07_3_TDS-body_Novel-2Dsweep-260516_53.s2p,07_3_TDS-body_Novel-2Dsweep-260516_54.s2p,,,2.8774448751896,2.87745,2.87745,-10.186462552599085,-10.382895266426551,-102.90693564513826,-103.44673558486544,-0.5397999397271747,359.4602000602728,119.46020006027283
260516_2dsweep_noplunger,sim,f_pi2,sim,S12,offset_nan,07_3_TDS-body_Novel-2Dsweep-260516_54.s2p,07_3_TDS-body_Novel-2Dsweep-260516_55.s2p,,,2.8774448751896,2.87745,2.87745,-10.382895266426551,-8.748707811624755,-103.44673558486544,-100.10312967792309,3.3436059069423436,3.3436059069423436,-236.65639409305766
260516_2dsweep_noplunger,sim,f_pi2,sim,S12,offset_nan,07_3_TDS-body_Novel-2Dsweep-260516_55.s2p,07_3_TDS-body_Novel-2Dsweep-260516_56.s2p,,,2.8774448751896,2.87745,2.87745,-8.748707811624755,-9.058387315371936,-100.10312967792309,-101.12775792490933,-1.0246282469862535,358.97537175301375,118.97537175301375
260516_2dsweep_noplunger,sim,f_pi2,sim,S12,offset_nan,07_3_TDS-body_Novel-2Dsweep-260516_56.s2p,07_3_TDS-body_Novel-2Dsweep-260516_57.s2p,,,2.8774448751896,2.87745,2.87745,-9.058387315371936,-9.345197277604667,-101.12775792490933,-102.0158453480617,-0.8880874231523705,359.11191257684766,119.11191257684766
260516_2dsweep_noplunger,sim,f_pi2,sim,S12,offset_nan,07_3_TDS-body_Novel-2Dsweep-260516_57.s2p,07_3_TDS-body_Novel-2Dsweep-260516_58.s2p,,,2.8774448751896,2.87745,2.87745,-9.345197277604667,-9.60663921663974,-102.0158453480617,-102.66457724637326,-0.6487318983115529,359.35126810168845,119.35126810168845
260516_2dsweep_noplunger,sim,f_pi2,sim,S12,offset_nan,07_3_TDS-body_Novel-2Dsweep-260516_58.s2p,07_3_TDS-body_Novel-2Dsweep-260516_59.s2p,,,2.8774448751896,2.87745,2.87745,-9.60663921663974,-9.83967133221306,-102.66457724637326,-103.34986471036127,-0.6852874639880042,359.314712536012,119.314712536012
260516_2dsweep_noplunger,sim,f_pi2,sim,S12,offset_nan,07_3_TDS-body_Novel-2Dsweep-260516_59.s2p,07_3_TDS-body_Novel-2Dsweep-260516_6.s2p,,,2.8774448751896,2.87745,2.87745,-9.83967133221306,-9.36621453648014,-103.34986471036127,-89.18399023923237,14.165874471128916,14.165874471128916,-225.83412552887108
260516_2dsweep_noplunger,sim,f_pi2,sim,S12,offset_nan,07_3_TDS-body_Novel-2Dsweep-260516_6.s2p,07_3_TDS-body_Novel-2Dsweep-260516_60.s2p,,,2.8774448751896,2.87745,2.87745,-9.36621453648014,-10.039076201898753,-89.18399023923237,-103.99055392660895,-14.806563687376581,345.1934363126234,105.19343631262342
260516_2dsweep_noplunger,sim,f_pi2,sim,S12,offset_nan,07_3_TDS-body_Novel-2Dsweep-260516_60.s2p,07_3_TDS-body_Novel-2Dsweep-260516_61.s2p,,,2.8774448751896,2.87745,2.87745,-10.039076201898753,-10.231850696477343,-103.99055392660895,-104.55629812220633,-0.5657441955973752,359.4342558044026,119.4342558044026
260516_2dsweep_noplunger,sim,f_pi2,sim,S12,offset_nan,07_3_TDS-body_Novel-2Dsweep-260516_61.s2p,07_3_TDS-body_Novel-2Dsweep-260516_62.s2p,,,2.8774448751896,2.87745,2.87745,-10.231850696477343,-10.399814223799924,-104.55629812220633,-105.06684773716599,-0.5105496149596433,359.48945038504036,119.48945038504036
260516_2dsweep_noplunger,sim,f_pi2,sim,S12,offset_nan,07_3_TDS-body_Novel-2Dsweep-260516_62.s2p,07_3_TDS-body_Novel-2Dsweep-260516_63.s2p,,,2.8774448751896,2.87745,2.87745,-10.399814223799924,-10.554432692862141,-105.06684773716599,-105.55936964258979,-0.49252190542381413,359.5074780945762,119.50747809457619
260516_2dsweep_noplunger,sim,f_pi2,sim,S12,offset_nan,07_3_TDS-body_Novel-2Dsweep-260516_63.s2p,07_3_TDS-body_Novel-2Dsweep-260516_64.s2p,,,2.8774448751896,2.87745,2.87745,-10.554432692862141,-9.414620500986786,-105.55936964258979,-102.91449091175592,2.6448787308338524,2.6448787308338524,-237.35512126916615
260516_2dsweep_noplunger,sim,f_pi2,sim,S12,offset_nan,07_3_TDS-body_Novel-2Dsweep-260516_64.s2p,07_3_TDS-body_Novel-2Dsweep-260516_65.s2p,,,2.8774448751896,2.87745,2.87745,-9.414620500986786,-9.660662062211442,-102.91449091175592,-103.70774387397876,-0.793252962222823,359.2067470377772,119.20674703777718
260516_2dsweep_noplunger,sim,f_pi2,sim,S12,offset_nan,07_3_TDS-body_Novel-2Dsweep-260516_65.s2p,07_3_TDS-body_Novel-2Dsweep-260516_66.s2p,,,2.8774448751896,2.87745,2.87745,-9.660662062211442,-9.88340042337535,-103.70774387397876,-104.39765954701375,-0.6899156730349887,359.310084326965,119.31008432696501
260516_2dsweep_noplunger,sim,f_pi2,sim,S12,offset_nan,07_3_TDS-body_Novel-2Dsweep-260516_66.s2p,07_3_TDS-body_Novel-2Dsweep-260516_67.s2p,,,2.8774448751896,2.87745,2.87745,-9.88340042337535,-10.082924685903853,-104.39765954701375,-105.04418058390308,-0.6465210368893395,359.35347896311066,119.35347896311066
260516_2dsweep_noplunger,sim,f_pi2,sim,S12,offset_nan,07_3_TDS-body_Novel-2Dsweep-260516_67.s2p,07_3_TDS-body_Novel-2Dsweep-260516_68.s2p,,,2.8774448751896,2.87745,2.87745,-10.082924685903853,-10.27318578776978,-105.04418058390308,-105.57572855290042,-0.5315479689973301,359.4684520310027,119.4684520310027
260516_2dsweep_noplunger,sim,f_pi2,sim,S12,offset_nan,07_3_TDS-body_Novel-2Dsweep-260516_68.s2p,07_3_TDS-body_Novel-2Dsweep-260516_69.s2p,,,2.8774448751896,2.87745,2.87745,-10.27318578776978,-10.417657487861513,-105.57572855290042,-106.16457089469056,-0.5888423417901549,359.41115765820985,119.41115765820985
260516_2dsweep_noplunger,sim,f_pi2,sim,S12,offset_nan,07_3_TDS-body_Novel-2Dsweep-260516_69.s2p,07_3_TDS-body_Novel-2Dsweep-260516_7.s2p,,,2.8774448751896,2.87745,2.87745,-10.417657487861513,-9.768307738354864,-106.16457089469056,-90.26397062580114,15.900600268889434,15.900600268889434,-224.09939973111057
260516_2dsweep_noplunger,sim,f_pi2,sim,S12,offset_nan,07_3_TDS-body_Novel-2Dsweep-260516_7.s2p,07_3_TDS-body_Novel-2Dsweep-260516_70.s2p,,,2.8774448751896,2.87745,2.87745,-9.768307738354864,-10.563320339580965,-90.26397062580114,-106.64273173799091,-16.37876111218978,343.62123888781025,103.62123888781025
260516_2dsweep_noplunger,sim,f_pi2,sim,S12,offset_nan,07_3_TDS-body_Novel-2Dsweep-260516_70.s2p,07_3_TDS-body_Novel-2Dsweep-260516_71.s2p,,,2.8774448751896,2.87745,2.87745,-10.563320339580965,-10.702765568349058,-106.64273173799091,-107.07693840913568,-0.4342066711447501,359.56579332885525,119.56579332885525
260516_2dsweep_noplunger,sim,f_pi2,sim,S12,offset_nan,07_3_TDS-body_Novel-2Dsweep-260516_71.s2p,07_3_TDS-body_Novel-2Dsweep-260516_72.s2p,,,2.8774448751896,2.87745,2.87745,-10.702765568349058,-10.810868977442816,-107.07693840913568,-107.48766215821959,-0.41072374908389975,359.5892762509161,119.5892762509161
260516_2dsweep_noplunger,sim,f_pi2,sim,S12,offset_nan,07_3_TDS-body_Novel-2Dsweep-260516_72.s2p,07_3_TDS-body_Novel-2Dsweep-260516_73.s2p,,,2.8774448751896,2.87745,2.87745,-10.810868977442816,-10.166980611722678,-107.48766215821959,-105.25276234231464,2.234899815904953,2.234899815904953,-237.76510018409505
260516_2dsweep_noplunger,sim,f_pi2,sim,S12,offset_nan,07_3_TDS-body_Novel-2Dsweep-260516_73.s2p,07_3_TDS-body_Novel-2Dsweep-260516_74.s2p,,,2.8774448751896,2.87745,2.87745,-10.166980611722678,-10.347211463292705,-105.25276234231464,-106.03639020751987,-0.7836278652052329,359.21637213479477,119.21637213479477
260516_2dsweep_noplunger,sim,f_pi2,sim,S12,offset_nan,07_3_TDS-body_Novel-2Dsweep-260516_74.s2p,07_3_TDS-body_Novel-2Dsweep-260516_75.s2p,,,2.8774448751896,2.87745,2.87745,-10.347211463292705,-10.498120300261904,-106.03639020751987,-106.66307205050853,-0.6266818429886598,359.37331815701134,119.37331815701134
260516_2dsweep_noplunger,sim,f_pi2,sim,S12,offset_nan,07_3_TDS-body_Novel-2Dsweep-260516_75.s2p,07_3_TDS-body_Novel-2Dsweep-260516_76.s2p,,,2.8774448751896,2.87745,2.87745,-10.498120300261904,-10.644040648581488,-106.66307205050853,-107.18630839545123,-0.5232363449426884,359.4767636550573,119.47676365505731
260516_2dsweep_noplunger,sim,f_pi2,sim,S12,offset_nan,07_3_TDS-body_Novel-2Dsweep-260516_76.s2p,07_3_TDS-body_Novel-2Dsweep-260516_77.s2p,,,2.8774448751896,2.87745,2.87745,-10.644040648581488,-10.776779625365275,-107.18630839545123,-107.66484988620036,-0.4785414907491372,359.52145850925086,119.52145850925086
260516_2dsweep_noplunger,sim,f_pi2,sim,S12,offset_nan,07_3_TDS-body_Novel-2Dsweep-260516_77.s2p,07_3_TDS-body_Novel-2Dsweep-260516_78.s2p,,,2.8774448751896,2.87745,2.87745,-10.776779625365275,-10.863063351850474,-107.66484988620036,-108.14879634405435,-0.48394645785398893,359.516053542146,119.51605354214598
260516_2dsweep_noplunger,sim,f_pi2,sim,S12,offset_nan,07_3_TDS-body_Novel-2Dsweep-260516_78.s2p,07_3_TDS-body_Novel-2Dsweep-260516_79.s2p,,,2.8774448751896,2.87745,2.87745,-10.863063351850474,-10.962114850677185,-108.14879634405435,-108.60125497536161,-0.45245863130725184,359.54754136869275,119.54754136869275
260516_2dsweep_noplunger,sim,f_pi2,sim,S12,offset_nan,07_3_TDS-body_Novel-2Dsweep-260516_79.s2p,07_3_TDS-body_Novel-2Dsweep-260516_8.s2p,,,2.8774448751896,2.87745,2.87745,-10.962114850677185,-10.142551895593721,-108.60125497536161,-91.26139607424406,17.339858901117566,17.339858901117566,-222.66014109888243
260516_2dsweep_noplunger,sim,f_pi2,sim,S12,offset_nan,07_3_TDS-body_Novel-2Dsweep-260516_8.s2p,07_3_TDS-body_Novel-2Dsweep-260516_80.s2p,,,2.8774448751896,2.87745,2.87745,-10.142551895593721,-11.047634013273234,-91.26139607424406,-109.06051291357211,-17.799116839328065,342.20088316067194,102.20088316067194
260516_2dsweep_noplunger,sim,f_pi2,sim,S12,offset_nan,07_3_TDS-body_Novel-2Dsweep-260516_80.s2p,07_3_TDS-body_Novel-2Dsweep-260516_81.s2p,,,2.8774448751896,2.87745,2.87745,-11.047634013273234,-11.12878412544953,-109.06051291357211,-109.30885898034134,-0.24834606676921567,359.7516539332308,119.75165393323078
260516_2dsweep_noplunger,sim,f_pi2,sim,S12,offset_nan,07_3_TDS-body_Novel-2Dsweep-260516_81.s2p,07_3_TDS-body_Novel-2Dsweep-260516_82.s2p,,,2.8774448751896,2.87745,2.87745,-11.12878412544953,-10.977441055063565,-109.30885898034134,-107.66584562813348,1.643013352207845,1.643013352207845,-238.35698664779216
260516_2dsweep_noplunger,sim,f_pi2,sim,S12,offset_nan,07_3_TDS-body_Novel-2Dsweep-260516_82.s2p,07_3_TDS-body_Novel-2Dsweep-260516_83.s2p,,,2.8774448751896,2.87745,2.87745,-10.977441055063565,-11.091056252607345,-107.66584562813348,-108.1338510438601,-0.4680054157266227,359.5319945842734,119.53199458427338
260516_2dsweep_noplunger,sim,f_pi2,sim,S12,offset_nan,07_3_TDS-body_Novel-2Dsweep-260516_83.s2p,07_3_TDS-body_Novel-2Dsweep-260516_84.s2p,,,2.8774448751896,2.87745,2.87745,-11.091056252607345,-11.199439115165532,-108.1338510438601,-108.70984336079401,-0.5759923169339061,359.42400768306607,119.42400768306607
260516_2dsweep_noplunger,sim,f_pi2,sim,S12,offset_nan,07_3_TDS-body_Novel-2Dsweep-260516_84.s2p,07_3_TDS-body_Novel-2Dsweep-260516_85.s2p,,,2.8774448751896,2.87745,2.87745,-11.199439115165532,-11.27661343035522,-108.70984336079401,-109.1102785683952,-0.4004352076011912,359.59956479239884,119.59956479239884
260516_2dsweep_noplunger,sim,f_pi2,sim,S12,offset_nan,07_3_TDS-body_Novel-2Dsweep-260516_85.s2p,07_3_TDS-body_Novel-2Dsweep-260516_86.s2p,,,2.8774448751896,2.87745,2.87745,-11.27661343035522,-11.338226586842787,-109.1102785683952,-109.51546245963767,-0.4051838912424728,359.5948161087575,119.59481610875753
260516_2dsweep_noplunger,sim,f_pi2,sim,S12,offset_nan,07_3_TDS-body_Novel-2Dsweep-260516_86.s2p,07_3_TDS-body_Novel-2Dsweep-260516_87.s2p,,,2.8774448751896,2.87745,2.87745,-11.338226586842787,-11.393796817177652,-109.51546245963767,-109.97215958539371,-0.4566971257560226,359.543302874244,119.54330287424398
260516_2dsweep_noplunger,sim,f_pi2,sim,S12,offset_nan,07_3_TDS-body_Novel-2Dsweep-260516_87.s2p,07_3_TDS-body_Novel-2Dsweep-260516_88.s2p,,,2.8774448751896,2.87745,2.87745,-11.393796817177652,-11.432001062040504,-109.97215958539371,-110.35916782050136,-0.3870082351076576,359.61299176489234,119.61299176489234
260516_2dsweep_noplunger,sim,f_pi2,sim,S12,offset_nan,07_3_TDS-body_Novel-2Dsweep-260516_88.s2p,07_3_TDS-body_Novel-2Dsweep-260516_89.s2p,,,2.8774448751896,2.87745,2.87745,-11.432001062040504,-11.464341690925117,-110.35916782050136,-110.7455820000158,-0.38641417951444623,359.6135858204856,119.61358582048558
260516_2dsweep_noplunger,sim,f_pi2,sim,S12,offset_nan,07_3_TDS-body_Novel-2Dsweep-260516_89.s2p,07_3_TDS-body_Novel-2Dsweep-260516_9.s2p,,,2.8774448751896,2.87745,2.87745,-11.464341690925117,-10.49084573276369,-110.7455820000158,-92.12875591383305,18.616826086182755,18.616826086182755,-221.38317391381725
260516_2dsweep_noplunger,sim,f_pi2,sim,S12,offset_nan,07_3_TDS-body_Novel-2Dsweep-260516_9.s2p,07_3_TDS-body_Novel-2Dsweep-260516_90.s2p,,,2.8774448751896,2.87745,2.87745,-10.49084573276369,-11.488380747060658,-92.12875591383305,-111.09671828493659,-18.96796237110354,341.03203762889643,101.03203762889643
260516_2dsweep_noplunger,sim,f_pi2,sim,S12,offset_nan,07_3_TDS-body_Novel-2Dsweep-260516_90.s2p,07_3_TDS-body_Novel-2Dsweep-260516_91.s2p,,,2.8774448751896,2.87745,2.87745,-11.488380747060658,-11.815365587652,-111.09671828493659,-109.72974580537293,1.3669724795636569,1.3669724795636569,-238.63302752043634
260516_2dsweep_noplunger,sim,f_pi2,sim,S12,offset_nan,07_3_TDS-body_Novel-2Dsweep-260516_91.s2p,07_3_TDS-body_Novel-2Dsweep-260516_92.s2p,,,2.8774448751896,2.87745,2.87745,-11.815365587652,-11.856612041842299,-109.72974580537293,-110.12153673845579,-0.3917909330828593,359.60820906691714,119.60820906691714
260516_2dsweep_noplunger,sim,f_pi2,sim,S12,offset_nan,07_3_TDS-body_Novel-2Dsweep-260516_92.s2p,07_3_TDS-body_Novel-2Dsweep-260516_93.s2p,,,2.8774448751896,2.87745,2.87745,-11.856612041842299,-11.893514236083224,-110.12153673845579,-110.54992106863706,-0.42838433018127375,359.5716156698187,119.5716156698187
260516_2dsweep_noplunger,sim,f_pi2,sim,S12,offset_nan,07_3_TDS-body_Novel-2Dsweep-260516_93.s2p,07_3_TDS-body_Novel-2Dsweep-260516_94.s2p,,,2.8774448751896,2.87745,2.87745,-11.893514236083224,-11.95247454386612,-110.54992106863706,-110.8564249994893,-0.30650393085224437,359.6934960691477,119.69349606914773
260516_2dsweep_noplunger,sim,f_pi2,sim,S12,offset_nan,07_3_TDS-body_Novel-2Dsweep-260516_94.s2p,07_3_TDS-body_Novel-2Dsweep-260516_95.s2p,,,2.8774448751896,2.87745,2.87745,-11.95247454386612,-11.965437096218672,-110.8564249994893,-111.31088197772586,-0.45445697823654996,359.5455430217635,119.54554302176348
260516_2dsweep_noplunger,sim,f_pi2,sim,S12,offset_nan,07_3_TDS-body_Novel-2Dsweep-260516_95.s2p,07_3_TDS-body_Novel-2Dsweep-260516_96.s2p,,,2.8774448751896,2.87745,2.87745,-11.965437096218672,-11.972783375502159,-111.31088197772586,-111.59123950665854,-0.28035752893268295,359.71964247106735,119.71964247106735
260516_2dsweep_noplunger,sim,f_pi2,sim,S12,offset_nan,07_3_TDS-body_Novel-2Dsweep-260516_96.s2p,07_3_TDS-body_Novel-2Dsweep-260516_97.s2p,,,2.8774448751896,2.87745,2.87745,-11.972783375502159,-11.962577164937699,-111.59123950665854,-111.9441185202936,-0.3528790136350608,359.64712098636494,119.64712098636494
260516_2dsweep_noplunger,sim,f_pi2,sim,S12,offset_nan,07_3_TDS-body_Novel-2Dsweep-260516_97.s2p,07_3_TDS-body_Novel-2Dsweep-260516_98.s2p,,,2.8774448751896,2.87745,2.87745,-11.962577164937699,-11.944818261865336,-111.9441185202936,-112.2990044190105,-0.35488589871690124,359.64511410128307,119.64511410128307
260516_2dsweep_noplunger,sim,f_pi2,sim,S12,offset_nan,07_3_TDS-body_Novel-2Dsweep-260516_98.s2p,07_3_TDS-body_Novel-2Dsweep-260516_99.s2p,,,2.8774448751896,2.87745,2.87745,-11.944818261865336,-11.915994355602326,-112.2990044190105,-112.64075424363725,-0.3417498246267314,359.65825017537327,119.65825017537327
260516_2dsweep_noplunger,sim,f_pi2,sim,S21,offset_nan,07_3_TDS-body_Novel-2Dsweep-260516_1.s2p,07_3_TDS-body_Novel-2Dsweep-260516_10.s2p,,,2.8774448751896,2.87745,2.87745,-6.833523167582655,-6.866562649268619,-81.17892834744403,-84.50445293364865,-3.325524586204608,356.6744754137954,116.67447541379539
260516_2dsweep_noplunger,sim,f_pi2,sim,S21,offset_nan,07_3_TDS-body_Novel-2Dsweep-260516_10.s2p,07_3_TDS-body_Novel-2Dsweep-260516_100.s2p,,,2.8774448751896,2.87745,2.87745,-6.866562649268619,-12.768508603873656,-84.50445293364865,-111.3106886775752,-26.80623574392655,333.19376425607345,93.19376425607345
260516_2dsweep_noplunger,sim,f_pi2,sim,S21,offset_nan,07_3_TDS-body_Novel-2Dsweep-260516_100.s2p,07_3_TDS-body_Novel-2Dsweep-260516_101.s2p,,,2.8774448751896,2.87745,2.87745,-12.768508603873656,-12.728730219177804,-111.3106886775752,-111.71363860408324,-0.40294992650802897,359.59705007349197,119.59705007349197
260516_2dsweep_noplunger,sim,f_pi2,sim,S21,offset_nan,07_3_TDS-body_Novel-2Dsweep-260516_101.s2p,07_3_TDS-body_Novel-2Dsweep-260516_102.s2p,,,2.8774448751896,2.87745,2.87745,-12.728730219177804,-12.697890000246462,-111.71363860408324,-112.08132842213682,-0.36768981805357726,359.6323101819464,119.63231018194642
260516_2dsweep_noplunger,sim,f_pi2,sim,S21,offset_nan,07_3_TDS-body_Novel-2Dsweep-260516_102.s2p,07_3_TDS-body_Novel-2Dsweep-260516_103.s2p,,,2.8774448751896,2.87745,2.87745,-12.697890000246462,-12.66245320893278,-112.08132842213682,-112.42235631430658,-0.3410278921697625,359.6589721078302,119.65897210783021
260516_2dsweep_noplunger,sim,f_pi2,sim,S21,offset_nan,07_3_TDS-body_Novel-2Dsweep-260516_103.s2p,07_3_TDS-body_Novel-2Dsweep-260516_104.s2p,,,2.8774448751896,2.87745,2.87745,-12.66245320893278,-12.398835709113047,-112.42235631430658,-114.042335354102,-1.6199790397953961,358.3800209602046,118.3800209602046
260516_2dsweep_noplunger,sim,f_pi2,sim,S21,offset_nan,07_3_TDS-body_Novel-2Dsweep-260516_104.s2p,07_3_TDS-body_Novel-2Dsweep-260516_105.s2p,,,2.8774448751896,2.87745,2.87745,-12.398835709113047,-13.64359996892329,-114.042335354102,-113.02503560370708,1.0172997503948977,1.0172997503948977,-238.9827002496051
260516_2dsweep_noplunger,sim,f_pi2,sim,S21,offset_nan,07_3_TDS-body_Novel-2Dsweep-260516_105.s2p,07_3_TDS-body_Novel-2Dsweep-260516_106.s2p,,,2.8774448751896,2.87745,2.87745,-13.64359996892329,-13.529723490984459,-113.02503560370708,-113.41735740420182,-0.39232180049475573,359.60767819950524,119.60767819950524
260516_2dsweep_noplunger,sim,f_pi2,sim,S21,offset_nan,07_3_TDS-body_Novel-2Dsweep-260516_106.s2p,07_3_TDS-body_Novel-2Dsweep-260516_107.s2p,,,2.8774448751896,2.87745,2.87745,-13.529723490984459,-13.321640280651845,-113.41735740420182,-114.08138268064081,-0.6640252764389913,359.335974723561,119.33597472356098
260516_2dsweep_noplunger,sim,f_pi2,sim,S21,offset_nan,07_3_TDS-body_Novel-2Dsweep-260516_107.s2p,07_3_TDS-body_Novel-2Dsweep-260516_108.s2p,,,2.8774448751896,2.87745,2.87745,-13.321640280651845,-13.234016668219796,-114.08138268064081,-114.38259249708732,-0.30120981644648737,359.6987901835535,119.69879018355351
260516_2dsweep_noplunger,sim,f_pi2,sim,S21,offset_nan,07_3_TDS-body_Novel-2Dsweep-260516_108.s2p,07_3_TDS-body_Novel-2Dsweep-260516_109.s2p,,,2.8774448751896,2.87745,2.87745,-13.234016668219796,-13.159045185407809,-114.38259249708732,-114.63446065468997,-0.2518681576026438,359.74813184239736,119.74813184239736
260516_2dsweep_noplunger,sim,f_pi2,sim,S21,offset_nan,07_3_TDS-body_Novel-2Dsweep-260516_109.s2p,07_3_TDS-body_Novel-2Dsweep-260516_11.s2p,,,2.8774448751896,2.87745,2.87745,-13.159045185407809,-7.427021520766516,-114.63446065468997,-86.34964490721589,28.284815747474084,28.284815747474084,-211.71518425252592
260516_2dsweep_noplunger,sim,f_pi2,sim,S21,offset_nan,07_3_TDS-body_Novel-2Dsweep-260516_11.s2p,07_3_TDS-body_Novel-2Dsweep-260516_110.s2p,,,2.8774448751896,2.87745,2.87745,-7.427021520766516,-13.026854664576552,-86.34964490721589,-114.99139236498374,-28.64174745776785,331.35825254223215,91.35825254223215
260516_2dsweep_noplunger,sim,f_pi2,sim,S21,offset_nan,07_3_TDS-body_Novel-2Dsweep-260516_110.s2p,07_3_TDS-body_Novel-2Dsweep-260516_111.s2p,,,2.8774448751896,2.87745,2.87745,-13.026854664576552,-12.914271641414079,-114.99139236498374,-115.3509726324091,-0.35958026742537186,359.6404197325746,119.64041973257463
260516_2dsweep_noplunger,sim,f_pi2,sim,S21,offset_nan,07_3_TDS-body_Novel-2Dsweep-260516_111.s2p,07_3_TDS-body_Novel-2Dsweep-260516_112.s2p,,,2.8774448751896,2.87745,2.87745,-12.914271641414079,-12.618566455846373,-115.3509726324091,-112.77367616988825,2.5772964625208488,2.5772964625208488,-237.42270353747915
260516_2dsweep_noplunger,sim,f_pi2,sim,S21,offset_nan,07_3_TDS-body_Novel-2Dsweep-260516_112.s2p,07_3_TDS-body_Novel-2Dsweep-260516_113.s2p,,,2.8774448751896,2.87745,2.87745,-12.618566455846373,-12.59352276771053,-112.77367616988825,-113.06844636370434,-0.2947701938160776,359.7052298061839,119.70522980618392
260516_2dsweep_noplunger,sim,f_pi2,sim,S21,offset_nan,07_3_TDS-body_Novel-2Dsweep-260516_113.s2p,07_3_TDS-body_Novel-2Dsweep-260516_114.s2p,,,2.8774448751896,2.87745,2.87745,-12.59352276771053,-12.529525961803145,-113.06844636370434,-113.39658819087596,-0.32814182717163476,359.67185817282837,119.67185817282837
260516_2dsweep_noplunger,sim,f_pi2,sim,S21,offset_nan,07_3_TDS-body_Novel-2Dsweep-260516_114.s2p,07_3_TDS-body_Novel-2Dsweep-260516_115.s2p,,,2.8774448751896,2.87745,2.87745,-12.529525961803145,-12.477881647663867,-113.39658819087596,-113.70265848179547,-0.3060702909195072,359.6939297090805,119.69392970908052
260516_2dsweep_noplunger,sim,f_pi2,sim,S21,offset_nan,07_3_TDS-body_Novel-2Dsweep-260516_115.s2p,07_3_TDS-body_Novel-2Dsweep-260516_116.s2p,,,2.8774448751896,2.87745,2.87745,-12.477881647663867,-13.71000467584803,-113.70265848179547,-112.76605486229326,0.9366036195021934,0.9366036195021934,-239.0633963804978
260516_2dsweep_noplunger,sim,f_pi2,sim,S21,offset_nan,07_3_TDS-body_Novel-2Dsweep-260516_116.s2p,07_3_TDS-body_Novel-2Dsweep-260516_117.s2p,,,2.8774448751896,2.87745,2.87745,-13.71000467584803,-13.425403699328067,-112.76605486229326,-113.76973863606003,-1.0036837737667668,358.99631622623326,118.99631622623326
260516_2dsweep_noplunger,sim,f_pi2,sim,S21,offset_nan,07_3_TDS-body_Novel-2Dsweep-260516_117.s2p,07_3_TDS-body_Novel-2Dsweep-260516_12.s2p,,,2.8774448751896,2.87745,2.87745,-13.425403699328067,-7.943271099161624,-113.76973863606003,-88.00908840658605,25.76065022947398,25.76065022947398,-214.23934977052602
260516_2dsweep_noplunger,sim,f_pi2,sim,S21,offset_nan,07_3_TDS-body_Novel-2Dsweep-260516_12.s2p,07_3_TDS-body_Novel-2Dsweep-260516_13.s2p,,,2.8774448751896,2.87745,2.87745,-7.943271099161624,-8.401506864115678,-88.00908840658605,-89.47019054918651,-1.4611021426004527,358.53889785739955,118.53889785739955
260516_2dsweep_noplunger,sim,f_pi2,sim,S21,offset_nan,07_3_TDS-body_Novel-2Dsweep-260516_13.s2p,07_3_TDS-body_Novel-2Dsweep-260516_14.s2p,,,2.8774448751896,2.87745,2.87745,-8.401506864115678,-8.842785190519214,-89.47019054918651,-90.7276874448605,-1.2574968956739951,358.74250310432603,118.74250310432603
260516_2dsweep_noplunger,sim,f_pi2,sim,S21,offset_nan,07_3_TDS-body_Novel-2Dsweep-260516_14.s2p,07_3_TDS-body_Novel-2Dsweep-260516_15.s2p,,,2.8774448751896,2.87745,2.87745,-8.842785190519214,-9.250959948781556,-90.7276874448605,-91.81923861212032,-1.0915511672598086,358.9084488327402,118.90844883274019
260516_2dsweep_noplunger,sim,f_pi2,sim,S21,offset_nan,07_3_TDS-body_Novel-2Dsweep-260516_15.s2p,07_3_TDS-body_Novel-2Dsweep-260516_16.s2p,,,2.8774448751896,2.87745,2.87745,-9.250959948781556,-9.629749609017239,-91.81923861212032,-92.81174482004916,-0.9925062079288409,359.00749379207116,119.00749379207116
260516_2dsweep_noplunger,sim,f_pi2,sim,S21,offset_nan,07_3_TDS-body_Novel-2Dsweep-260516_16.s2p,07_3_TDS-body_Novel-2Dsweep-260516_17.s2p,,,2.8774448751896,2.87745,2.87745,-9.629749609017239,-9.98827465164098,-92.81174482004916,-93.59421946402891,-0.7824746439797536,359.21752535602025,119.21752535602025
260516_2dsweep_noplunger,sim,f_pi2,sim,S21,offset_nan,07_3_TDS-body_Novel-2Dsweep-260516_17.s2p,07_3_TDS-body_Novel-2Dsweep-260516_18.s2p,,,2.8774448751896,2.87745,2.87745,-9.98827465164098,-10.299628781604714,-93.59421946402891,-94.50750727069995,-0.9132878066710362,359.08671219332894,119.08671219332894
260516_2dsweep_noplunger,sim,f_pi2,sim,S21,offset_nan,07_3_TDS-body_Novel-2Dsweep-260516_18.s2p,07_3_TDS-body_Novel-2Dsweep-260516_19.s2p,,,2.8774448751896,2.87745,2.87745,-10.299628781604714,-7.018695482345776,-94.50750727069995,-87.80640695842592,6.701100312274036,6.701100312274036,-233.29889968772596
260516_2dsweep_noplunger,sim,f_pi2,sim,S21,offset_nan,07_3_TDS-body_Novel-2Dsweep-260516_19.s2p,07_3_TDS-body_Novel-2Dsweep-260516_2.s2p,,,2.8774448751896,2.87745,2.87745,-7.018695482345776,-7.418156460086704,-87.80640695842592,-83.28152758354078,4.524879374885131,4.524879374885131,-235.47512062511487
260516_2dsweep_noplunger,sim,f_pi2,sim,S21,offset_nan,07_3_TDS-body_Novel-2Dsweep-260516_2.s2p,07_3_TDS-body_Novel-2Dsweep-260516_20.s2p,,,2.8774448751896,2.87745,2.87745,-7.418156460086704,-7.523938069007058,-83.28152758354078,-89.56705763025398,-6.285530046713205,353.71446995328677,113.71446995328677
260516_2dsweep_noplunger,sim,f_pi2,sim,S21,offset_nan,07_3_TDS-body_Novel-2Dsweep-260516_20.s2p,07_3_TDS-body_Novel-2Dsweep-260516_21.s2p,,,2.8774448751896,2.87745,2.87745,-7.523938069007058,-8.01433083494673,-89.56705763025398,-90.99729576744367,-1.43023813718969,358.5697618628103,118.56976186281031
260516_2dsweep_noplunger,sim,f_pi2,sim,S21,offset_nan,07_3_TDS-body_Novel-2Dsweep-260516_21.s2p,07_3_TDS-body_Novel-2Dsweep-260516_22.s2p,,,2.8774448751896,2.87745,2.87745,-8.01433083494673,-8.448012132222487,-90.99729576744367,-92.29953351223048,-1.3022377447867939,358.6977622552132,118.6977622552132
260516_2dsweep_noplunger,sim,f_pi2,sim,S21,offset_nan,07_3_TDS-body_Novel-2Dsweep-260516_22.s2p,07_3_TDS-body_Novel-2Dsweep-260516_23.s2p,,,2.8774448751896,2.87745,2.87745,-8.448012132222487,-8.8529897244822,-92.29953351223048,-93.45250655626971,-1.1529730440392427,358.84702695596076,118.84702695596076
260516_2dsweep_noplunger,sim,f_pi2,sim,S21,offset_nan,07_3_TDS-body_Novel-2Dsweep-260516_23.s2p,07_3_TDS-body_Novel-2Dsweep-260516_24.s2p,,,2.8774448751896,2.87745,2.87745,-8.8529897244822,-9.226776610103355,-93.45250655626971,-94.44453688578233,-0.9920303295126018,359.0079696704874,119.0079696704874
260516_2dsweep_noplunger,sim,f_pi2,sim,S21,offset_nan,07_3_TDS-body_Novel-2Dsweep-260516_24.s2p,07_3_TDS-body_Novel-2Dsweep-260516_25.s2p,,,2.8774448751896,2.87745,2.87745,-9.226776610103355,-9.57965619845139,-94.44453688578233,-95.30897889207549,-0.8644420062931601,359.1355579937068,119.13555799370681
260516_2dsweep_noplunger,sim,f_pi2,sim,S21,offset_nan,07_3_TDS-body_Novel-2Dsweep-260516_25.s2p,07_3_TDS-body_Novel-2Dsweep-260516_26.s2p,,,2.8774448751896,2.87745,2.87745,-9.57965619845139,-9.879723398940909,-95.30897889207549,-96.1878679455284,-0.8788890534528946,359.1211109465471,119.1211109465471
260516_2dsweep_noplunger,sim,f_pi2,sim,S21,offset_nan,07_3_TDS-body_Novel-2Dsweep-260516_26.s2p,07_3_TDS-body_Novel-2Dsweep-260516_27.s2p,,,2.8774448751896,2.87745,2.87745,-9.879723398940909,-10.177089451391076,-96.1878679455284,-96.91839664747995,-0.7305287019515561,359.2694712980484,119.26947129804842
260516_2dsweep_noplunger,sim,f_pi2,sim,S21,offset_nan,07_3_TDS-body_Novel-2Dsweep-260516_27.s2p,07_3_TDS-body_Novel-2Dsweep-260516_28.s2p,,,2.8774448751896,2.87745,2.87745,-10.177089451391076,-7.311259685826631,-96.91839664747995,-90.6753311759235,6.243065471556463,6.243065471556463,-233.75693452844354
260516_2dsweep_noplunger,sim,f_pi2,sim,S21,offset_nan,07_3_TDS-body_Novel-2Dsweep-260516_28.s2p,07_3_TDS-body_Novel-2Dsweep-260516_29.s2p,,,2.8774448751896,2.87745,2.87745,-7.311259685826631,-7.818072288893107,-90.6753311759235,-92.32006065463852,-1.6447294787150213,358.355270521285,118.35527052128498
260516_2dsweep_noplunger,sim,f_pi2,sim,S21,offset_nan,07_3_TDS-body_Novel-2Dsweep-260516_29.s2p,07_3_TDS-body_Novel-2Dsweep-260516_3.s2p,,,2.8774448751896,2.87745,2.87745,-7.818072288893107,-7.967125674356344,-92.32006065463852,-85.0318282426346,7.288232412003936,7.288232412003936,-232.71176758799606
260516_2dsweep_noplunger,sim,f_pi2,sim,S21,offset_nan,07_3_TDS-body_Novel-2Dsweep-260516_3.s2p,07_3_TDS-body_Novel-2Dsweep-260516_30.s2p,,,2.8774448751896,2.87745,2.87745,-7.967125674356344,-8.259456262119455,-85.0318282426346,-93.65292804985296,-8.621099807218343,351.37890019278166,111.37890019278166
260516_2dsweep_noplunger,sim,f_pi2,sim,S21,offset_nan,07_3_TDS-body_Novel-2Dsweep-260516_30.s2p,07_3_TDS-body_Novel-2Dsweep-260516_31.s2p,,,2.8774448751896,2.87745,2.87745,-8.259456262119455,-8.662459390279803,-93.65292804985296,-94.81304685610081,-1.1601188062478514,358.83988119375215,118.83988119375215
260516_2dsweep_noplunger,sim,f_pi2,sim,S21,offset_nan,07_3_TDS-body_Novel-2Dsweep-260516_31.s2p,07_3_TDS-body_Novel-2Dsweep-260516_32.s2p,,,2.8774448751896,2.87745,2.87745,-8.662459390279803,-9.039612798361118,-94.81304685610081,-95.80764128823303,-0.9945944321322031,359.0054055678678,119.0054055678678
260516_2dsweep_noplunger,sim,f_pi2,sim,S21,offset_nan,07_3_TDS-body_Novel-2Dsweep-260516_32.s2p,07_3_TDS-body_Novel-2Dsweep-260516_33.s2p,,,2.8774448751896,2.87745,2.87745,-9.039612798361118,-9.385752810092352,-95.80764128823303,-96.69183323345551,-0.8841919452224829,359.1158080547775,119.11580805477752
260516_2dsweep_noplunger,sim,f_pi2,sim,S21,offset_nan,07_3_TDS-body_Novel-2Dsweep-260516_33.s2p,07_3_TDS-body_Novel-2Dsweep-260516_34.s2p,,,2.8774448751896,2.87745,2.87745,-9.385752810092352,-9.688368932931228,-96.69183323345551,-97.55671331380641,-0.8648800803509005,359.1351199196491,119.13511991964913
260516_2dsweep_noplunger,sim,f_pi2,sim,S21,offset_nan,07_3_TDS-body_Novel-2Dsweep-260516_34.s2p,07_3_TDS-body_Novel-2Dsweep-260516_35.s2p,,,2.8774448751896,2.87745,2.87745,-9.688368932931228,-9.988874481036287,-97.55671331380641,-98.2615242464185,-0.7048109326120766,359.2951890673879,119.29518906738792
260516_2dsweep_noplunger,sim,f_pi2,sim,S21,offset_nan,07_3_TDS-body_Novel-2Dsweep-260516_35.s2p,07_3_TDS-body_Novel-2Dsweep-260516_36.s2p,,,2.8774448751896,2.87745,2.87745,-9.988874481036287,-10.253895419723737,-98.2615242464185,-98.93245591369751,-0.6709316672790067,359.329068332721,119.32906833272102
260516_2dsweep_noplunger,sim,f_pi2,sim,S21,offset_nan,07_3_TDS-body_Novel-2Dsweep-260516_36.s2p,07_3_TDS-body_Novel-2Dsweep-260516_37.s2p,,,2.8774448751896,2.87745,2.87745,-10.253895419723737,-7.702855110152791,-98.93245591369751,-93.96196768041443,4.970488233283078,4.970488233283078,-235.02951176671692
260516_2dsweep_noplunger,sim,f_pi2,sim,S21,offset_nan,07_3_TDS-body_Novel-2Dsweep-260516_37.s2p,07_3_TDS-body_Novel-2Dsweep-260516_38.s2p,,,2.8774448751896,2.87745,2.87745,-7.702855110152791,-8.15809173060936,-93.96196768041443,-95.3050070078804,-1.3430393274659878,358.656960672534,118.65696067253401
260516_2dsweep_noplunger,sim,f_pi2,sim,S21,offset_nan,07_3_TDS-body_Novel-2Dsweep-260516_38.s2p,07_3_TDS-body_Novel-2Dsweep-260516_39.s2p,,,2.8774448751896,2.87745,2.87745,-8.15809173060936,-8.524396613100373,-95.3050070078804,-96.54539352939108,-1.2403865215106862,358.7596134784893,118.75961347848931
260516_2dsweep_noplunger,sim,f_pi2,sim,S21,offset_nan,07_3_TDS-body_Novel-2Dsweep-260516_39.s2p,07_3_TDS-body_Novel-2Dsweep-260516_4.s2p,,,2.8774448751896,2.87745,2.87745,-8.524396613100373,-8.461174316788831,-96.54539352939108,-86.61438386654646,9.931009662844616,9.931009662844616,-230.06899033715538
260516_2dsweep_noplunger,sim,f_pi2,sim,S21,offset_nan,07_3_TDS-body_Novel-2Dsweep-260516_4.s2p,07_3_TDS-body_Novel-2Dsweep-260516_40.s2p,,,2.8774448751896,2.87745,2.87745,-8.461174316788831,-8.887506692855844,-86.61438386654646,-97.55818135054045,-10.94379748399399,349.056202516006,109.05620251600601
260516_2dsweep_noplunger,sim,f_pi2,sim,S21,offset_nan,07_3_TDS-body_Novel-2Dsweep-260516_40.s2p,07_3_TDS-body_Novel-2Dsweep-260516_41.s2p,,,2.8774448751896,2.87745,2.87745,-8.887506692855844,-9.214892721419375,-97.55818135054045,-98.46014949337527,-0.9019681428348179,359.0980318571652,119.09803185716521
260516_2dsweep_noplunger,sim,f_pi2,sim,S21,offset_nan,07_3_TDS-body_Novel-2Dsweep-260516_41.s2p,07_3_TDS-body_Novel-2Dsweep-260516_42.s2p,,,2.8774448751896,2.87745,2.87745,-9.214892721419375,-9.534252338201183,-98.46014949337527,-99.20877530761666,-0.7486258142413931,359.2513741857586,119.2513741857586
260516_2dsweep_noplunger,sim,f_pi2,sim,S21,offset_nan,07_3_TDS-body_Novel-2Dsweep-260516_42.s2p,07_3_TDS-body_Novel-2Dsweep-260516_43.s2p,,,2.8774448751896,2.87745,2.87745,-9.534252338201183,-9.79370931341518,-99.20877530761666,-99.96977191845801,-0.760996610841346,359.23900338915865,119.23900338915865
260516_2dsweep_noplunger,sim,f_pi2,sim,S21,offset_nan,07_3_TDS-body_Novel-2Dsweep-260516_43.s2p,07_3_TDS-body_Novel-2Dsweep-260516_44.s2p,,,2.8774448751896,2.87745,2.87745,-9.79370931341518,-10.045909967319343,-99.96977191845801,-100.62648958353337,-0.6567176650753481,359.34328233492465,119.34328233492465
260516_2dsweep_noplunger,sim,f_pi2,sim,S21,offset_nan,07_3_TDS-body_Novel-2Dsweep-260516_44.s2p,07_3_TDS-body_Novel-2Dsweep-260516_45.s2p,,,2.8774448751896,2.87745,2.87745,-10.045909967319343,-10.285207935443657,-100.62648958353337,-101.20681317907369,-0.5803235955403352,359.41967640445966,119.41967640445966
260516_2dsweep_noplunger,sim,f_pi2,sim,S21,offset_nan,07_3_TDS-body_Novel-2Dsweep-260516_45.s2p,07_3_TDS-body_Novel-2Dsweep-260516_46.s2p,,,2.8774448751896,2.87745,2.87745,-10.285207935443657,-8.176299553387002,-101.20681317907369,-97.18957317398505,4.017240005088638,4.017240005088638,-235.98275999491136
260516_2dsweep_noplunger,sim,f_pi2,sim,S21,offset_nan,07_3_TDS-body_Novel-2Dsweep-260516_46.s2p,07_3_TDS-body_Novel-2Dsweep-260516_47.s2p,,,2.8774448751896,2.87745,2.87745,-8.176299553387002,-8.551792823143463,-97.18957317398505,-98.33361250985864,-1.1440393358735719,358.8559606641264,118.85596066412643
260516_2dsweep_noplunger,sim,f_pi2,sim,S21,offset_nan,07_3_TDS-body_Novel-2Dsweep-260516_47.s2p,07_3_TDS-body_Novel-2Dsweep-260516_48.s2p,,,2.8774448751896,2.87745,2.87745,-8.551792823143463,-8.89245805262031,-98.33361250985864,-99.31819701152286,-0.9845845016642158,359.01541549833576,119.01541549833576
260516_2dsweep_noplunger,sim,f_pi2,sim,S21,offset_nan,07_3_TDS-body_Novel-2Dsweep-260516_48.s2p,07_3_TDS-body_Novel-2Dsweep-260516_49.s2p,,,2.8774448751896,2.87745,2.87745,-8.89245805262031,-9.202544315492267,-99.31819701152286,-100.19693728918304,-0.8787402776601994,359.1212597223398,119.1212597223398
260516_2dsweep_noplunger,sim,f_pi2,sim,S21,offset_nan,07_3_TDS-body_Novel-2Dsweep-260516_49.s2p,07_3_TDS-body_Novel-2Dsweep-260516_5.s2p,,,2.8774448751896,2.87745,2.87745,-9.202544315492267,-8.936370954885914,-100.19693728918304,-87.9698367754058,12.227100513777259,12.227100513777259,-227.77289948622274
260516_2dsweep_noplunger,sim,f_pi2,sim,S21,offset_nan,07_3_TDS-body_Novel-2Dsweep-260516_5.s2p,07_3_TDS-body_Novel-2Dsweep-260516_50.s2p,,,2.8774448751896,2.87745,2.87745,-8.936370954885914,-9.482055020767962,-87.9698367754058,-100.97515990400288,-13.00532312859707,346.99467687140293,106.99467687140293
260516_2dsweep_noplunger,sim,f_pi2,sim,S21,offset_nan,07_3_TDS-body_Novel-2Dsweep-260516_50.s2p,07_3_TDS-body_Novel-2Dsweep-260516_51.s2p,,,2.8774448751896,2.87745,2.87745,-9.482055020767962,-9.73816383095236,-100.97515990400288,-101.7107356593288,-0.7355757553259252,359.26442424467405,119.26442424467405
260516_2dsweep_noplunger,sim,f_pi2,sim,S21,offset_nan,07_3_TDS-body_Novel-2Dsweep-260516_51.s2p,07_3_TDS-body_Novel-2Dsweep-260516_52.s2p,,,2.8774448751896,2.87745,2.87745,-9.73816383095236,-9.96737719636107,-101.7107356593288,-102.33317266170135,-0.6224370023725498,359.3775629976275,119.37756299762748
260516_2dsweep_noplunger,sim,f_pi2,sim,S21,offset_nan,07_3_TDS-body_Novel-2Dsweep-260516_52.s2p,07_3_TDS-body_Novel-2Dsweep-260516_53.s2p,,,2.8774448751896,2.87745,2.87745,-9.96737719636107,-10.186493460129489,-102.33317266170135,-102.91062596575061,-0.5774533040492429,359.42254669595076,119.42254669595076
260516_2dsweep_noplunger,sim,f_pi2,sim,S21,offset_nan,07_3_TDS-body_Novel-2Dsweep-260516_53.s2p,07_3_TDS-body_Novel-2Dsweep-260516_54.s2p,,,2.8774448751896,2.87745,2.87745,-10.186493460129489,-10.383325151006343,-102.91062596575061,-103.4468373782823,-0.536211412531685,359.46378858746834,119.46378858746834
260516_2dsweep_noplunger,sim,f_pi2,sim,S21,offset_nan,07_3_TDS-body_Novel-2Dsweep-260516_54.s2p,07_3_TDS-body_Novel-2Dsweep-260516_55.s2p,,,2.8774448751896,2.87745,2.87745,-10.383325151006343,-8.74851339301255,-103.4468373782823,-100.10254063511906,3.344296743163227,3.344296743163227,-236.65570325683677
260516_2dsweep_noplunger,sim,f_pi2,sim,S21,offset_nan,07_3_TDS-body_Novel-2Dsweep-260516_55.s2p,07_3_TDS-body_Novel-2Dsweep-260516_56.s2p,,,2.8774448751896,2.87745,2.87745,-8.74851339301255,-9.057944125168099,-100.10254063511906,-101.12878812140937,-1.0262474862903161,358.97375251370966,118.97375251370966
260516_2dsweep_noplunger,sim,f_pi2,sim,S21,offset_nan,07_3_TDS-body_Novel-2Dsweep-260516_56.s2p,07_3_TDS-body_Novel-2Dsweep-260516_57.s2p,,,2.8774448751896,2.87745,2.87745,-9.057944125168099,-9.344916863120979,-101.12878812140937,-101.90922389319414,-0.7804357717847665,359.21956422821523,119.21956422821523
260516_2dsweep_noplunger,sim,f_pi2,sim,S21,offset_nan,07_3_TDS-body_Novel-2Dsweep-260516_57.s2p,07_3_TDS-body_Novel-2Dsweep-260516_58.s2p,,,2.8774448751896,2.87745,2.87745,-9.344916863120979,-9.608669338981459,-101.90922389319414,-102.66146296849921,-0.7522390753050558,359.24776092469494,119.24776092469494
260516_2dsweep_noplunger,sim,f_pi2,sim,S21,offset_nan,07_3_TDS-body_Novel-2Dsweep-260516_58.s2p,07_3_TDS-body_Novel-2Dsweep-260516_59.s2p,,,2.8774448751896,2.87745,2.87745,-9.608669338981459,-9.83965740067153,-102.66146296849921,-103.34991377790821,-0.6884508094090052,359.311549190591,119.311549190591
260516_2dsweep_noplunger,sim,f_pi2,sim,S21,offset_nan,07_3_TDS-body_Novel-2Dsweep-260516_59.s2p,07_3_TDS-body_Novel-2Dsweep-260516_6.s2p,,,2.8774448751896,2.87745,2.87745,-9.83965740067153,-9.366456048930129,-103.34991377790821,-89.18470302865035,14.16521074925788,14.16521074925788,-225.83478925074212
260516_2dsweep_noplunger,sim,f_pi2,sim,S21,offset_nan,07_3_TDS-body_Novel-2Dsweep-260516_6.s2p,07_3_TDS-body_Novel-2Dsweep-260516_60.s2p,,,2.8774448751896,2.87745,2.87745,-9.366456048930129,-10.038983263187903,-89.18470302865035,-103.9890350813434,-14.804332052693042,345.19566794730696,105.19566794730696
260516_2dsweep_noplunger,sim,f_pi2,sim,S21,offset_nan,07_3_TDS-body_Novel-2Dsweep-260516_60.s2p,07_3_TDS-body_Novel-2Dsweep-260516_61.s2p,,,2.8774448751896,2.87745,2.87745,-10.038983263187903,-10.231288501902878,-103.9890350813434,-104.55719664552493,-0.568161564181537,359.43183843581846,119.43183843581846
260516_2dsweep_noplunger,sim,f_pi2,sim,S21,offset_nan,07_3_TDS-body_Novel-2Dsweep-260516_61.s2p,07_3_TDS-body_Novel-2Dsweep-260516_62.s2p,,,2.8774448751896,2.87745,2.87745,-10.231288501902878,-10.40034209855117,-104.55719664552493,-105.05924968227522,-0.5020530367502829,359.4979469632497,119.49794696324972
260516_2dsweep_noplunger,sim,f_pi2,sim,S21,offset_nan,07_3_TDS-body_Novel-2Dsweep-260516_62.s2p,07_3_TDS-body_Novel-2Dsweep-260516_63.s2p,,,2.8774448751896,2.87745,2.87745,-10.40034209855117,-10.554643845756132,-105.05924968227522,-105.55797658214075,-0.49872689986551677,359.5012731001345,119.50127310013448
260516_2dsweep_noplunger,sim,f_pi2,sim,S21,offset_nan,07_3_TDS-body_Novel-2Dsweep-260516_63.s2p,07_3_TDS-body_Novel-2Dsweep-260516_64.s2p,,,2.8774448751896,2.87745,2.87745,-10.554643845756132,-9.41439464643729,-105.55797658214075,-102.91431022905881,2.643666353081926,2.643666353081926,-237.35633364691807
260516_2dsweep_noplunger,sim,f_pi2,sim,S21,offset_nan,07_3_TDS-body_Novel-2Dsweep-260516_64.s2p,07_3_TDS-body_Novel-2Dsweep-260516_65.s2p,,,2.8774448751896,2.87745,2.87745,-9.41439464643729,-9.66068981133486,-102.91431022905881,-103.70518288926577,-0.7908726602069578,359.20912733979304,119.20912733979304
260516_2dsweep_noplunger,sim,f_pi2,sim,S21,offset_nan,07_3_TDS-body_Novel-2Dsweep-260516_65.s2p,07_3_TDS-body_Novel-2Dsweep-260516_66.s2p,,,2.8774448751896,2.87745,2.87745,-9.66068981133486,-9.882900924214775,-103.70518288926577,-104.37960920846086,-0.6744263191951063,359.3255736808049,119.3255736808049
260516_2dsweep_noplunger,sim,f_pi2,sim,S21,offset_nan,07_3_TDS-body_Novel-2Dsweep-260516_66.s2p,07_3_TDS-body_Novel-2Dsweep-260516_67.s2p,,,2.8774448751896,2.87745,2.87745,-9.882900924214775,-10.082536013367253,-104.37960920846086,-105.04483657238538,-0.6652273639245152,359.3347726360755,119.33477263607551
260516_2dsweep_noplunger,sim,f_pi2,sim,S21,offset_nan,07_3_TDS-body_Novel-2Dsweep-260516_67.s2p,07_3_TDS-body_Novel-2Dsweep-260516_68.s2p,,,2.8774448751896,2.87745,2.87745,-10.082536013367253,-10.2730765483215,-105.04483657238538,-105.5808272472089,-0.5359906748235232,359.46400932517645,119.46400932517645
260516_2dsweep_noplunger,sim,f_pi2,sim,S21,offset_nan,07_3_TDS-body_Novel-2Dsweep-260516_68.s2p,07_3_TDS-body_Novel-2Dsweep-260516_69.s2p,,,2.8774448751896,2.87745,2.87745,-10.2730765483215,-10.417378418912921,-105.5808272472089,-106.16355576050178,-0.5827285132928637,359.41727148670714,119.41727148670714
260516_2dsweep_noplunger,sim,f_pi2,sim,S21,offset_nan,07_3_TDS-body_Novel-2Dsweep-260516_69.s2p,07_3_TDS-body_Novel-2Dsweep-260516_7.s2p,,,2.8774448751896,2.87745,2.87745,-10.417378418912921,-9.768440196297616,-106.16355576050178,-90.2624082113382,15.901147549163568,15.901147549163568,-224.09885245083643
260516_2dsweep_noplunger,sim,f_pi2,sim,S21,offset_nan,07_3_TDS-body_Novel-2Dsweep-260516_7.s2p,07_3_TDS-body_Novel-2Dsweep-260516_70.s2p,,,2.8774448751896,2.87745,2.87745,-9.768440196297616,-10.563250251885027,-90.2624082113382,-106.64444028194349,-16.382032070605305,343.6179679293947,103.6179679293947
260516_2dsweep_noplunger,sim,f_pi2,sim,S21,offset_nan,07_3_TDS-body_Novel-2Dsweep-260516_70.s2p,07_3_TDS-body_Novel-2Dsweep-260516_71.s2p,,,2.8774448751896,2.87745,2.87745,-10.563250251885027,-10.702813583750533,-106.64444028194349,-107.07591538189553,-0.43147509995202427,359.568524900048,119.56852490004798
260516_2dsweep_noplunger,sim,f_pi2,sim,S21,offset_nan,07_3_TDS-body_Novel-2Dsweep-260516_71.s2p,07_3_TDS-body_Novel-2Dsweep-260516_72.s2p,,,2.8774448751896,2.87745,2.87745,-10.702813583750533,-10.812930931155867,-107.07591538189553,-107.57954533697502,-0.5036299550794752,359.4963700449205,119.49637004492052
260516_2dsweep_noplunger,sim,f_pi2,sim,S21,offset_nan,07_3_TDS-body_Novel-2Dsweep-260516_72.s2p,07_3_TDS-body_Novel-2Dsweep-260516_73.s2p,,,2.8774448751896,2.87745,2.87745,-10.812930931155867,-10.177490315115458,-107.57954533697502,-105.41329824694517,2.166247090029856,2.166247090029856,-237.83375290997014
260516_2dsweep_noplunger,sim,f_pi2,sim,S21,offset_nan,07_3_TDS-body_Novel-2Dsweep-260516_73.s2p,07_3_TDS-body_Novel-2Dsweep-260516_74.s2p,,,2.8774448751896,2.87745,2.87745,-10.177490315115458,-10.347376211965054,-105.41329824694517,-106.03799934080035,-0.6247010938551796,359.37529890614485,119.37529890614485
260516_2dsweep_noplunger,sim,f_pi2,sim,S21,offset_nan,07_3_TDS-body_Novel-2Dsweep-260516_74.s2p,07_3_TDS-body_Novel-2Dsweep-260516_75.s2p,,,2.8774448751896,2.87745,2.87745,-10.347376211965054,-10.498305718353091,-106.03799934080035,-106.66385527652622,-0.6258559357258662,359.3741440642741,119.3741440642741
260516_2dsweep_noplunger,sim,f_pi2,sim,S21,offset_nan,07_3_TDS-body_Novel-2Dsweep-260516_75.s2p,07_3_TDS-body_Novel-2Dsweep-260516_76.s2p,,,2.8774448751896,2.87745,2.87745,-10.498305718353091,-10.644041287790419,-106.66385527652622,-107.1870046624292,-0.5231493859029683,359.47685061409703,119.47685061409703
260516_2dsweep_noplunger,sim,f_pi2,sim,S21,offset_nan,07_3_TDS-body_Novel-2Dsweep-260516_76.s2p,07_3_TDS-body_Novel-2Dsweep-260516_77.s2p,,,2.8774448751896,2.87745,2.87745,-10.644041287790419,-10.776749148553797,-107.1870046624292,-107.66431434049257,-0.47730967806336366,359.52269032193664,119.52269032193664
260516_2dsweep_noplunger,sim,f_pi2,sim,S21,offset_nan,07_3_TDS-body_Novel-2Dsweep-260516_77.s2p,07_3_TDS-body_Novel-2Dsweep-260516_78.s2p,,,2.8774448751896,2.87745,2.87745,-10.776749148553797,-10.864378877816293,-107.66431434049257,-108.15245090861286,-0.4881365681202965,359.5118634318797,119.5118634318797
260516_2dsweep_noplunger,sim,f_pi2,sim,S21,offset_nan,07_3_TDS-body_Novel-2Dsweep-260516_78.s2p,07_3_TDS-body_Novel-2Dsweep-260516_79.s2p,,,2.8774448751896,2.87745,2.87745,-10.864378877816293,-10.96087467669556,-108.15245090861286,-108.6041537702991,-0.4517028616862433,359.5482971383137,119.54829713831373
260516_2dsweep_noplunger,sim,f_pi2,sim,S21,offset_nan,07_3_TDS-body_Novel-2Dsweep-260516_79.s2p,07_3_TDS-body_Novel-2Dsweep-260516_8.s2p,,,2.8774448751896,2.87745,2.87745,-10.96087467669556,-10.142626155808514,-108.6041537702991,-91.26199054926438,17.342163221034724,17.342163221034724,-222.65783677896528
260516_2dsweep_noplunger,sim,f_pi2,sim,S21,offset_nan,07_3_TDS-body_Novel-2Dsweep-260516_8.s2p,07_3_TDS-body_Novel-2Dsweep-260516_80.s2p,,,2.8774448751896,2.87745,2.87745,-10.142626155808514,-11.049265739562514,-91.26199054926438,-109.05262376154171,-17.790633212277328,342.2093667877227,102.20936678772267
260516_2dsweep_noplunger,sim,f_pi2,sim,S21,offset_nan,07_3_TDS-body_Novel-2Dsweep-260516_80.s2p,07_3_TDS-body_Novel-2Dsweep-260516_81.s2p,,,2.8774448751896,2.87745,2.87745,-11.049265739562514,-11.129271837593329,-109.05262376154171,-109.31053079857791,-0.25790703703620466,359.7420929629638,119.7420929629638
260516_2dsweep_noplunger,sim,f_pi2,sim,S21,offset_nan,07_3_TDS-body_Novel-2Dsweep-260516_81.s2p,07_3_TDS-body_Novel-2Dsweep-260516_82.s2p,,,2.8774448751896,2.87745,2.87745,-11.129271837593329,-10.97756358591396,-109.31053079857791,-107.66541986415717,1.6451109344207566,1.6451109344207566,-238.35488906557924
260516_2dsweep_noplunger,sim,f_pi2,sim,S21,offset_nan,07_3_TDS-body_Novel-2Dsweep-260516_82.s2p,07_3_TDS-body_Novel-2Dsweep-260516_83.s2p,,,2.8774448751896,2.87745,2.87745,-10.97756358591396,-11.086512730572116,-107.66541986415717,-108.11359229908486,-0.44817243492769876,359.5518275650723,119.5518275650723
260516_2dsweep_noplunger,sim,f_pi2,sim,S21,offset_nan,07_3_TDS-body_Novel-2Dsweep-260516_83.s2p,07_3_TDS-body_Novel-2Dsweep-260516_84.s2p,,,2.8774448751896,2.87745,2.87745,-11.086512730572116,-11.195095037439886,-108.11359229908486,-108.63784294756756,-0.5242506484827061,359.47574935151727,119.47574935151727
260516_2dsweep_noplunger,sim,f_pi2,sim,S21,offset_nan,07_3_TDS-body_Novel-2Dsweep-260516_84.s2p,07_3_TDS-body_Novel-2Dsweep-260516_85.s2p,,,2.8774448751896,2.87745,2.87745,-11.195095037439886,-11.276527880885691,-108.63784294756756,-109.10790189717117,-0.4700589496036116,359.52994105039636,119.52994105039636
260516_2dsweep_noplunger,sim,f_pi2,sim,S21,offset_nan,07_3_TDS-body_Novel-2Dsweep-260516_85.s2p,07_3_TDS-body_Novel-2Dsweep-260516_86.s2p,,,2.8774448751896,2.87745,2.87745,-11.276527880885691,-11.340241919079947,-109.10790189717117,-109.51801680646331,-0.41011490929213323,359.58988509070787,119.58988509070787
260516_2dsweep_noplunger,sim,f_pi2,sim,S21,offset_nan,07_3_TDS-body_Novel-2Dsweep-260516_86.s2p,07_3_TDS-body_Novel-2Dsweep-260516_87.s2p,,,2.8774448751896,2.87745,2.87745,-11.340241919079947,-11.394062561577066,-109.51801680646331,-109.97355406759624,-0.4555372611329176,359.5444627388671,119.54446273886708
260516_2dsweep_noplunger,sim,f_pi2,sim,S21,offset_nan,07_3_TDS-body_Novel-2Dsweep-260516_87.s2p,07_3_TDS-body_Novel-2Dsweep-260516_88.s2p,,,2.8774448751896,2.87745,2.87745,-11.394062561577066,-11.431806713214312,-109.97355406759624,-110.35748288681535,-0.3839288192191077,359.61607118078086,119.61607118078086
260516_2dsweep_noplunger,sim,f_pi2,sim,S21,offset_nan,07_3_TDS-body_Novel-2Dsweep-260516_88.s2p,07_3_TDS-body_Novel-2Dsweep-260516_89.s2p,,,2.8774448751896,2.87745,2.87745,-11.431806713214312,-11.46560094308904,-110.35748288681535,-110.74706485219919,-0.38958196538385437,359.61041803461615,119.61041803461615
260516_2dsweep_noplunger,sim,f_pi2,sim,S21,offset_nan,07_3_TDS-body_Novel-2Dsweep-260516_89.s2p,07_3_TDS-body_Novel-2Dsweep-260516_9.s2p,,,2.8774448751896,2.87745,2.87745,-11.46560094308904,-10.49084254507127,-110.74706485219919,-92.12880031319168,18.618264539007498,18.618264539007498,-221.3817354609925
260516_2dsweep_noplunger,sim,f_pi2,sim,S21,offset_nan,07_3_TDS-body_Novel-2Dsweep-260516_9.s2p,07_3_TDS-body_Novel-2Dsweep-260516_90.s2p,,,2.8774448751896,2.87745,2.87745,-10.49084254507127,-11.487669850160799,-92.12880031319168,-111.0966329382705,-18.967832625078813,341.0321673749212,101.03216737492119
260516_2dsweep_noplunger,sim,f_pi2,sim,S21,offset_nan,07_3_TDS-body_Novel-2Dsweep-260516_90.s2p,07_3_TDS-body_Novel-2Dsweep-260516_91.s2p,,,2.8774448751896,2.87745,2.87745,-11.487669850160799,-11.815234139249277,-111.0966329382705,-109.72974059483248,1.3668923434380247,1.3668923434380247,-238.63310765656198
260516_2dsweep_noplunger,sim,f_pi2,sim,S21,offset_nan,07_3_TDS-body_Novel-2Dsweep-260516_91.s2p,07_3_TDS-body_Novel-2Dsweep-260516_92.s2p,,,2.8774448751896,2.87745,2.87745,-11.815234139249277,-11.863047115169756,-109.72974059483248,-110.19935892607157,-0.4696183312390758,359.5303816687609,119.53038166876092
260516_2dsweep_noplunger,sim,f_pi2,sim,S21,offset_nan,07_3_TDS-body_Novel-2Dsweep-260516_92.s2p,07_3_TDS-body_Novel-2Dsweep-260516_93.s2p,,,2.8774448751896,2.87745,2.87745,-11.863047115169756,-11.893972009277205,-110.19935892607157,-110.54866247870234,-0.3493035526307722,359.6506964473692,119.65069644736923
260516_2dsweep_noplunger,sim,f_pi2,sim,S21,offset_nan,07_3_TDS-body_Novel-2Dsweep-260516_93.s2p,07_3_TDS-body_Novel-2Dsweep-260516_94.s2p,,,2.8774448751896,2.87745,2.87745,-11.893972009277205,-11.951798523174954,-110.54866247870234,-110.85576103427667,-0.30709855557432775,359.6929014444257,119.69290144442567
260516_2dsweep_noplunger,sim,f_pi2,sim,S21,offset_nan,07_3_TDS-body_Novel-2Dsweep-260516_94.s2p,07_3_TDS-body_Novel-2Dsweep-260516_95.s2p,,,2.8774448751896,2.87745,2.87745,-11.951798523174954,-11.965373457356357,-110.85576103427667,-111.31880312968214,-0.4630420954054557,359.53695790459454,119.53695790459454
260516_2dsweep_noplunger,sim,f_pi2,sim,S21,offset_nan,07_3_TDS-body_Novel-2Dsweep-260516_95.s2p,07_3_TDS-body_Novel-2Dsweep-260516_96.s2p,,,2.8774448751896,2.87745,2.87745,-11.965373457356357,-11.97295702557791,-111.31880312968214,-111.59569929556064,-0.2768961658784974,359.7231038341215,119.7231038341215
260516_2dsweep_noplunger,sim,f_pi2,sim,S21,offset_nan,07_3_TDS-body_Novel-2Dsweep-260516_96.s2p,07_3_TDS-body_Novel-2Dsweep-260516_97.s2p,,,2.8774448751896,2.87745,2.87745,-11.97295702557791,-11.962463519675904,-111.59569929556064,-111.94422280589225,-0.3485235103316313,359.65147648966837,119.65147648966837
260516_2dsweep_noplunger,sim,f_pi2,sim,S21,offset_nan,07_3_TDS-body_Novel-2Dsweep-260516_97.s2p,07_3_TDS-body_Novel-2Dsweep-260516_98.s2p,,,2.8774448751896,2.87745,2.87745,-11.962463519675904,-11.944920236910733,-111.94422280589225,-112.30146543244075,-0.3572426265484978,359.6427573734515,119.6427573734515
260516_2dsweep_noplunger,sim,f_pi2,sim,S21,offset_nan,07_3_TDS-body_Novel-2Dsweep-260516_98.s2p,07_3_TDS-body_Novel-2Dsweep-260516_99.s2p,,,2.8774448751896,2.87745,2.87745,-11.944920236910733,-11.916093208578884,-112.30146543244075,-112.63989563977768,-0.33843020733692697,359.66156979266304,119.66156979266304
260516_2dsweep_noplunger,sim,f_pi2,sim,S22,offset_nan,07_3_TDS-body_Novel-2Dsweep-260516_1.s2p,07_3_TDS-body_Novel-2Dsweep-260516_10.s2p,,,2.8774448751896,2.87745,2.87745,-1.0090059385577097,-1.0004061493047927,8.832084115855515,5.512621320031695,-3.3194627958238243,356.6805372041762,116.68053720417618
260516_2dsweep_noplunger,sim,f_pi2,sim,S22,offset_nan,07_3_TDS-body_Novel-2Dsweep-260516_10.s2p,07_3_TDS-body_Novel-2Dsweep-260516_100.s2p,,,2.8774448751896,2.87745,2.87745,-1.0004061493047927,-0.235898619596159,5.512621320031695,-21.318130207872308,-26.830751527904,333.169248472096,93.169248472096
260516_2dsweep_noplunger,sim,f_pi2,sim,S22,offset_nan,07_3_TDS-body_Novel-2Dsweep-260516_100.s2p,07_3_TDS-body_Novel-2Dsweep-260516_101.s2p,,,2.8774448751896,2.87745,2.87745,-0.235898619596159,-0.238086233830838,-21.318130207872308,-21.710502842413383,-0.3923726345410614,359.60762736545894,119.60762736545894
260516_2dsweep_noplunger,sim,f_pi2,sim,S22,offset_nan,07_3_TDS-body_Novel-2Dsweep-260516_101.s2p,07_3_TDS-body_Novel-2Dsweep-260516_102.s2p,,,2.8774448751896,2.87745,2.87745,-0.238086233830838,-0.23995512283170498,-21.710502842413383,-22.08056201922582,-0.3700591768124468,359.62994082318755,119.62994082318755
260516_2dsweep_noplunger,sim,f_pi2,sim,S22,offset_nan,07_3_TDS-body_Novel-2Dsweep-260516_102.s2p,07_3_TDS-body_Novel-2Dsweep-260516_103.s2p,,,2.8774448751896,2.87745,2.87745,-0.23995512283170498,-0.24197885086337603,-22.08056201922582,-22.41993973698694,-0.33937771776112413,359.6606222822389,119.66062228223888
260516_2dsweep_noplunger,sim,f_pi2,sim,S22,offset_nan,07_3_TDS-body_Novel-2Dsweep-260516_103.s2p,07_3_TDS-body_Novel-2Dsweep-260516_104.s2p,,,2.8774448751896,2.87745,2.87745,-0.24197885086337603,-0.2574123937159723,-22.41993973698694,-24.04530313660748,-1.6253633996205394,358.37463660037946,118.37463660037946
260516_2dsweep_noplunger,sim,f_pi2,sim,S22,offset_nan,07_3_TDS-body_Novel-2Dsweep-260516_104.s2p,07_3_TDS-body_Novel-2Dsweep-260516_105.s2p,,,2.8774448751896,2.87745,2.87745,-0.2574123937159723,-0.19479190331063548,-24.04530313660748,-23.079239415345114,0.9660637212623726,0.9660637212623726,-239.03393627873763
260516_2dsweep_noplunger,sim,f_pi2,sim,S22,offset_nan,07_3_TDS-body_Novel-2Dsweep-260516_105.s2p,07_3_TDS-body_Novel-2Dsweep-260516_106.s2p,,,2.8774448751896,2.87745,2.87745,-0.19479190331063548,-0.1969280970461916,-23.079239415345114,-23.42112942448391,-0.3418900091388082,359.6581099908612,119.65810999086119
260516_2dsweep_noplunger,sim,f_pi2,sim,S22,offset_nan,07_3_TDS-body_Novel-2Dsweep-260516_106.s2p,07_3_TDS-body_Novel-2Dsweep-260516_107.s2p,,,2.8774448751896,2.87745,2.87745,-0.1969280970461916,-0.2068192299516866,-23.42112942448391,-24.090519322996748,-0.6693898985128328,359.3306101014872,119.3306101014872
260516_2dsweep_noplunger,sim,f_pi2,sim,S22,offset_nan,07_3_TDS-body_Novel-2Dsweep-260516_107.s2p,07_3_TDS-body_Novel-2Dsweep-260516_108.s2p,,,2.8774448751896,2.87745,2.87745,-0.2068192299516866,-0.21169069726155926,-24.090519322996748,-24.375212967229,-0.28469364423224874,359.7153063557678,119.71530635576778
260516_2dsweep_noplunger,sim,f_pi2,sim,S22,offset_nan,07_3_TDS-body_Novel-2Dsweep-260516_108.s2p,07_3_TDS-body_Novel-2Dsweep-260516_109.s2p,,,2.8774448751896,2.87745,2.87745,-0.21169069726155926,-0.21499854480925196,-24.375212967229,-24.636798122026352,-0.2615851547973591,359.73841484520267,119.73841484520267
260516_2dsweep_noplunger,sim,f_pi2,sim,S22,offset_nan,07_3_TDS-body_Novel-2Dsweep-260516_109.s2p,07_3_TDS-body_Novel-2Dsweep-260516_11.s2p,,,2.8774448751896,2.87745,2.87745,-0.21499854480925196,-0.8659591959722448,-24.636798122026352,3.6584956759992107,28.29529379802557,28.29529379802557,-211.70470620197443
260516_2dsweep_noplunger,sim,f_pi2,sim,S22,offset_nan,07_3_TDS-body_Novel-2Dsweep-260516_11.s2p,07_3_TDS-body_Novel-2Dsweep-260516_110.s2p,,,2.8774448751896,2.87745,2.87745,-0.8659591959722448,-0.22222326080209492,3.6584956759992107,-24.980438521281897,-28.638934197281117,331.3610658027189,91.36106580271888
260516_2dsweep_noplunger,sim,f_pi2,sim,S22,offset_nan,07_3_TDS-body_Novel-2Dsweep-260516_110.s2p,07_3_TDS-body_Novel-2Dsweep-260516_111.s2p,,,2.8774448751896,2.87745,2.87745,-0.22222326080209492,-0.2279683285658603,-24.980438521281897,-25.34078466515383,-0.3603461438719364,359.63965385612806,119.63965385612806
260516_2dsweep_noplunger,sim,f_pi2,sim,S22,offset_nan,07_3_TDS-body_Novel-2Dsweep-260516_111.s2p,07_3_TDS-body_Novel-2Dsweep-260516_112.s2p,,,2.8774448751896,2.87745,2.87745,-0.2279683285658603,-0.24496805507790012,-25.34078466515383,-22.766941317702184,2.573843347451657,2.573843347451657,-237.42615665254834
260516_2dsweep_noplunger,sim,f_pi2,sim,S22,offset_nan,07_3_TDS-body_Novel-2Dsweep-260516_112.s2p,07_3_TDS-body_Novel-2Dsweep-260516_113.s2p,,,2.8774448751896,2.87745,2.87745,-0.24496805507790012,-0.2464236847723853,-22.766941317702184,-23.05620222274866,-0.2892609050464898,359.7107390949535,119.71073909495351
260516_2dsweep_noplunger,sim,f_pi2,sim,S22,offset_nan,07_3_TDS-body_Novel-2Dsweep-260516_113.s2p,07_3_TDS-body_Novel-2Dsweep-260516_114.s2p,,,2.8774448751896,2.87745,2.87745,-0.2464236847723853,-0.24976804146529397,-23.05620222274866,-23.385572134580055,-0.3293699118314066,359.6706300881686,119.6706300881686
260516_2dsweep_noplunger,sim,f_pi2,sim,S22,offset_nan,07_3_TDS-body_Novel-2Dsweep-260516_114.s2p,07_3_TDS-body_Novel-2Dsweep-260516_115.s2p,,,2.8774448751896,2.87745,2.87745,-0.24976804146529397,-0.2528559279988347,-23.385572134580055,-23.694995465231646,-0.30942333065158323,359.6905766693484,119.69057666934839
260516_2dsweep_noplunger,sim,f_pi2,sim,S22,offset_nan,07_3_TDS-body_Novel-2Dsweep-260516_115.s2p,07_3_TDS-body_Novel-2Dsweep-260516_116.s2p,,,2.8774448751896,2.87745,2.87745,-0.2528559279988347,-0.1889170048835526,-23.694995465231646,-22.763399884125832,0.9315955811058245,0.9315955811058245,-239.06840441889418
260516_2dsweep_noplunger,sim,f_pi2,sim,S22,offset_nan,07_3_TDS-body_Novel-2Dsweep-260516_116.s2p,07_3_TDS-body_Novel-2Dsweep-260516_117.s2p,,,2.8774448751896,2.87745,2.87745,-0.1889170048835526,-0.202283894093048,-22.763399884125832,-23.760762950338172,-0.9973630662123298,359.0026369337877,119.0026369337877
260516_2dsweep_noplunger,sim,f_pi2,sim,S22,offset_nan,07_3_TDS-body_Novel-2Dsweep-260516_117.s2p,07_3_TDS-body_Novel-2Dsweep-260516_12.s2p,,,2.8774448751896,2.87745,2.87745,-0.202283894093048,-0.7601527397173614,-23.760762950338172,2.021348898082851,25.78211184842104,25.78211184842104,-214.21788815157896
260516_2dsweep_noplunger,sim,f_pi2,sim,S22,offset_nan,07_3_TDS-body_Novel-2Dsweep-260516_12.s2p,07_3_TDS-body_Novel-2Dsweep-260516_13.s2p,,,2.8774448751896,2.87745,2.87745,-0.7601527397173614,-0.6777227977841959,2.021348898082851,0.5392432890976773,-1.4821056089851652,358.5178943910148,118.5178943910148
260516_2dsweep_noplunger,sim,f_pi2,sim,S22,offset_nan,07_3_TDS-body_Novel-2Dsweep-260516_13.s2p,07_3_TDS-body_Novel-2Dsweep-260516_14.s2p,,,2.8774448751896,2.87745,2.87745,-0.6777227977841959,-0.6075461225382965,0.5392432890976773,-0.7041928225564303,-1.2434361116541197,358.7565638883459,118.75656388834591
260516_2dsweep_noplunger,sim,f_pi2,sim,S22,offset_nan,07_3_TDS-body_Novel-2Dsweep-260516_14.s2p,07_3_TDS-body_Novel-2Dsweep-260516_15.s2p,,,2.8774448751896,2.87745,2.87745,-0.6075461225382965,-0.5489091928552036,-0.7041928225564303,-1.8368159668309896,-1.132623144274561,358.8673768557254,118.86737685572541
260516_2dsweep_noplunger,sim,f_pi2,sim,S22,offset_nan,07_3_TDS-body_Novel-2Dsweep-260516_15.s2p,07_3_TDS-body_Novel-2Dsweep-260516_16.s2p,,,2.8774448751896,2.87745,2.87745,-0.5489091928552036,-0.500675482049655,-1.8368159668309896,-2.8094942972775527,-0.9726783304465698,359.02732166955343,119.02732166955343
260516_2dsweep_noplunger,sim,f_pi2,sim,S22,offset_nan,07_3_TDS-body_Novel-2Dsweep-260516_16.s2p,07_3_TDS-body_Novel-2Dsweep-260516_17.s2p,,,2.8774448751896,2.87745,2.87745,-0.500675482049655,-0.4585304292087279,-2.8094942972775527,-3.706545919919264,-0.8970516226416976,359.1029483773583,119.1029483773583
260516_2dsweep_noplunger,sim,f_pi2,sim,S22,offset_nan,07_3_TDS-body_Novel-2Dsweep-260516_17.s2p,07_3_TDS-body_Novel-2Dsweep-260516_18.s2p,,,2.8774448751896,2.87745,2.87745,-0.4585304292087279,-0.4248742377526784,-3.706545919919264,-4.5112750981609295,-0.8047291782416721,359.1952708217583,119.1952708217583
260516_2dsweep_noplunger,sim,f_pi2,sim,S22,offset_nan,07_3_TDS-body_Novel-2Dsweep-260516_18.s2p,07_3_TDS-body_Novel-2Dsweep-260516_19.s2p,,,2.8774448751896,2.87745,2.87745,-0.4248742377526784,-0.9619083275226721,-4.5112750981609295,2.2177059048207424,6.728981002981669,6.728981002981669,-233.27101899701833
260516_2dsweep_noplunger,sim,f_pi2,sim,S22,offset_nan,07_3_TDS-body_Novel-2Dsweep-260516_19.s2p,07_3_TDS-body_Novel-2Dsweep-260516_2.s2p,,,2.8774448751896,2.87745,2.87745,-0.9619083275226721,-0.8678712254827594,2.2177059048207424,6.722104375360545,4.5043984705397975,4.5043984705397975,-235.4956015294602
260516_2dsweep_noplunger,sim,f_pi2,sim,S22,offset_nan,07_3_TDS-body_Novel-2Dsweep-260516_2.s2p,07_3_TDS-body_Novel-2Dsweep-260516_20.s2p,,,2.8774448751896,2.87745,2.87745,-0.8678712254827594,-0.8450077912708344,6.722104375360545,0.4322168173052445,-6.289887558055312,353.7101124419447,113.71011244194472
260516_2dsweep_noplunger,sim,f_pi2,sim,S22,offset_nan,07_3_TDS-body_Novel-2Dsweep-260516_20.s2p,07_3_TDS-body_Novel-2Dsweep-260516_21.s2p,,,2.8774448751896,2.87745,2.87745,-0.8450077912708344,-0.7467082029947618,0.4322168173052445,-0.9952516522864069,-1.4274684695916449,358.57253153040836,118.57253153040836
260516_2dsweep_noplunger,sim,f_pi2,sim,S22,offset_nan,07_3_TDS-body_Novel-2Dsweep-260516_21.s2p,07_3_TDS-body_Novel-2Dsweep-260516_22.s2p,,,2.8774448751896,2.87745,2.87745,-0.7467082029947618,-0.6698440031070239,-0.9952516522864069,-2.307726918846007,-1.312475266559602,358.6875247334404,118.6875247334404
260516_2dsweep_noplunger,sim,f_pi2,sim,S22,offset_nan,07_3_TDS-body_Novel-2Dsweep-260516_22.s2p,07_3_TDS-body_Novel-2Dsweep-260516_23.s2p,,,2.8774448751896,2.87745,2.87745,-0.6698440031070239,-0.6056524189615498,-2.307726918846007,-3.4553290938095165,-1.1476021749635095,358.8523978250365,118.85239782503652
260516_2dsweep_noplunger,sim,f_pi2,sim,S22,offset_nan,07_3_TDS-body_Novel-2Dsweep-260516_23.s2p,07_3_TDS-body_Novel-2Dsweep-260516_24.s2p,,,2.8774448751896,2.87745,2.87745,-0.6056524189615498,-0.5524739327734723,-3.4553290938095165,-4.439422338648181,-0.9840932448386752,359.0159067551613,119.01590675516132
260516_2dsweep_noplunger,sim,f_pi2,sim,S22,offset_nan,07_3_TDS-body_Novel-2Dsweep-260516_24.s2p,07_3_TDS-body_Novel-2Dsweep-260516_25.s2p,,,2.8774448751896,2.87745,2.87745,-0.5524739327734723,-0.5062981155065238,-4.439422338648181,-5.331345030097553,-0.8919226914493663,359.1080773085506,119.1080773085506
260516_2dsweep_noplunger,sim,f_pi2,sim,S22,offset_nan,07_3_TDS-body_Novel-2Dsweep-260516_25.s2p,07_3_TDS-body_Novel-2Dsweep-260516_26.s2p,,,2.8774448751896,2.87745,2.87745,-0.5062981155065238,-0.4708993659169812,-5.331345030097553,-6.186440952201811,-0.8550959221042547,359.1449040778957,119.14490407789572
260516_2dsweep_noplunger,sim,f_pi2,sim,S22,offset_nan,07_3_TDS-body_Novel-2Dsweep-260516_26.s2p,07_3_TDS-body_Novel-2Dsweep-260516_27.s2p,,,2.8774448751896,2.87745,2.87745,-0.4708993659169812,-0.43822229750568176,-6.186440952201811,-6.909033401583112,-0.7225924493812954,359.2774075506187,119.2774075506187
260516_2dsweep_noplunger,sim,f_pi2,sim,S22,offset_nan,07_3_TDS-body_Novel-2Dsweep-260516_27.s2p,07_3_TDS-body_Novel-2Dsweep-260516_28.s2p,,,2.8774448751896,2.87745,2.87745,-0.43822229750568176,-0.8716774284615846,-6.909033401583112,-0.7044731962508423,6.204560205332257,6.204560205332257,-233.79543979466774
260516_2dsweep_noplunger,sim,f_pi2,sim,S22,offset_nan,07_3_TDS-body_Novel-2Dsweep-260516_28.s2p,07_3_TDS-body_Novel-2Dsweep-260516_29.s2p,,,2.8774448751896,2.87745,2.87745,-0.8716774284615846,-0.7843396235493484,-0.7044731962508423,-2.3253654562745494,-1.6208922600237088,358.3791077399763,118.37910773997629
260516_2dsweep_noplunger,sim,f_pi2,sim,S22,offset_nan,07_3_TDS-body_Novel-2Dsweep-260516_29.s2p,07_3_TDS-body_Novel-2Dsweep-260516_3.s2p,,,2.8774448751896,2.87745,2.87745,-0.7843396235493484,-0.7560761539788535,-2.3253654562745494,4.973575128443264,7.298940584717826,7.298940584717826,-232.70105941528217
260516_2dsweep_noplunger,sim,f_pi2,sim,S22,offset_nan,07_3_TDS-body_Novel-2Dsweep-260516_3.s2p,07_3_TDS-body_Novel-2Dsweep-260516_30.s2p,,,2.8774448751896,2.87745,2.87745,-0.7560761539788535,-0.70230390228746,4.973575128443264,-3.6458115168266056,-8.619386645269856,351.38061335473014,111.38061335473014
260516_2dsweep_noplunger,sim,f_pi2,sim,S22,offset_nan,07_3_TDS-body_Novel-2Dsweep-260516_30.s2p,07_3_TDS-body_Novel-2Dsweep-260516_31.s2p,,,2.8774448751896,2.87745,2.87745,-0.70230390228746,-0.6350140580987623,-3.6458115168266056,-4.8070010408060675,-1.1611895239794592,358.8388104760205,118.83881047602051
260516_2dsweep_noplunger,sim,f_pi2,sim,S22,offset_nan,07_3_TDS-body_Novel-2Dsweep-260516_31.s2p,07_3_TDS-body_Novel-2Dsweep-260516_32.s2p,,,2.8774448751896,2.87745,2.87745,-0.6350140580987623,-0.5784002458679784,-4.8070010408060675,-5.810627322270593,-1.003626281464534,358.99637371853544,118.99637371853544
260516_2dsweep_noplunger,sim,f_pi2,sim,S22,offset_nan,07_3_TDS-body_Novel-2Dsweep-260516_32.s2p,07_3_TDS-body_Novel-2Dsweep-260516_33.s2p,,,2.8774448751896,2.87745,2.87745,-0.5784002458679784,-0.5310724488961778,-5.810627322270593,-6.686041610892112,-0.8754142886215277,359.1245857113785,119.12458571137847
260516_2dsweep_noplunger,sim,f_pi2,sim,S22,offset_nan,07_3_TDS-body_Novel-2Dsweep-260516_33.s2p,07_3_TDS-body_Novel-2Dsweep-260516_34.s2p,,,2.8774448751896,2.87745,2.87745,-0.5310724488961778,-0.4934268370286675,-6.686041610892112,-7.556529383116173,-0.8704877722240667,359.12951222777593,119.12951222777593
260516_2dsweep_noplunger,sim,f_pi2,sim,S22,offset_nan,07_3_TDS-body_Novel-2Dsweep-260516_34.s2p,07_3_TDS-body_Novel-2Dsweep-260516_35.s2p,,,2.8774448751896,2.87745,2.87745,-0.4934268370286675,-0.4587177969920056,-7.556529383116173,-8.262592610655004,-0.7060632275388343,359.29393677246117,119.29393677246117
260516_2dsweep_noplunger,sim,f_pi2,sim,S22,offset_nan,07_3_TDS-body_Novel-2Dsweep-260516_35.s2p,07_3_TDS-body_Novel-2Dsweep-260516_36.s2p,,,2.8774448751896,2.87745,2.87745,-0.4587177969920056,-0.4303082218979244,-8.262592610655004,-8.93148004330672,-0.6688874326517293,359.33111256734827,119.33111256734827
260516_2dsweep_noplunger,sim,f_pi2,sim,S22,offset_nan,07_3_TDS-body_Novel-2Dsweep-260516_36.s2p,07_3_TDS-body_Novel-2Dsweep-260516_37.s2p,,,2.8774448751896,2.87745,2.87745,-0.4303082218979244,-0.8079302070202756,-8.93148004330672,-4.018786369629864,4.91269367367687,4.91269367367687,-235.08730632632313
260516_2dsweep_noplunger,sim,f_pi2,sim,S22,offset_nan,07_3_TDS-body_Novel-2Dsweep-260516_37.s2p,07_3_TDS-body_Novel-2Dsweep-260516_38.s2p,,,2.8774448751896,2.87745,2.87745,-0.8079302070202756,-0.7168142239823658,-4.018786369629864,-5.281051801773926,-1.262265432144062,358.7377345678559,118.73773456785591
260516_2dsweep_noplunger,sim,f_pi2,sim,S22,offset_nan,07_3_TDS-body_Novel-2Dsweep-260516_38.s2p,07_3_TDS-body_Novel-2Dsweep-260516_39.s2p,,,2.8774448751896,2.87745,2.87745,-0.7168142239823658,-0.6571800572192623,-5.281051801773926,-6.541826159440019,-1.2607743576660937,358.7392256423339,118.7392256423339
260516_2dsweep_noplunger,sim,f_pi2,sim,S22,offset_nan,07_3_TDS-body_Novel-2Dsweep-260516_39.s2p,07_3_TDS-body_Novel-2Dsweep-260516_4.s2p,,,2.8774448751896,2.87745,2.87745,-0.6571800572192623,-0.6673357973200242,-6.541826159440019,3.398289861366669,9.940116020806698,9.940116020806698,-230.0598839791933
260516_2dsweep_noplunger,sim,f_pi2,sim,S22,offset_nan,07_3_TDS-body_Novel-2Dsweep-260516_4.s2p,07_3_TDS-body_Novel-2Dsweep-260516_40.s2p,,,2.8774448751896,2.87745,2.87745,-0.6673357973200242,-0.6009546043583998,3.398289861366669,-7.548372254805986,-10.94666211617266,349.05333788382734,109.05333788382734
260516_2dsweep_noplunger,sim,f_pi2,sim,S22,offset_nan,07_3_TDS-body_Novel-2Dsweep-260516_40.s2p,07_3_TDS-body_Novel-2Dsweep-260516_41.s2p,,,2.8774448751896,2.87745,2.87745,-0.6009546043583998,-0.5541715968642817,-7.548372254805986,-8.46158640166256,-0.9132141468565749,359.0867858531434,119.0867858531434
260516_2dsweep_noplunger,sim,f_pi2,sim,S22,offset_nan,07_3_TDS-body_Novel-2Dsweep-260516_41.s2p,07_3_TDS-body_Novel-2Dsweep-260516_42.s2p,,,2.8774448751896,2.87745,2.87745,-0.5541715968642817,-0.5121955641014105,-8.46158640166256,-9.220798755337324,-0.7592123536747692,359.2407876463252,119.2407876463252
260516_2dsweep_noplunger,sim,f_pi2,sim,S22,offset_nan,07_3_TDS-body_Novel-2Dsweep-260516_42.s2p,07_3_TDS-body_Novel-2Dsweep-260516_43.s2p,,,2.8774448751896,2.87745,2.87745,-0.5121955641014105,-0.48096942165351075,-9.220798755337324,-9.968758200293419,-0.7479594449561091,359.2520405550439,119.25204055504389
260516_2dsweep_noplunger,sim,f_pi2,sim,S22,offset_nan,07_3_TDS-body_Novel-2Dsweep-260516_43.s2p,07_3_TDS-body_Novel-2Dsweep-260516_44.s2p,,,2.8774448751896,2.87745,2.87745,-0.48096942165351075,-0.4527558022539413,-9.968758200293419,-10.629404440423722,-0.6606462401302906,359.3393537598697,119.33935375986971
260516_2dsweep_noplunger,sim,f_pi2,sim,S22,offset_nan,07_3_TDS-body_Novel-2Dsweep-260516_44.s2p,07_3_TDS-body_Novel-2Dsweep-260516_45.s2p,,,2.8774448751896,2.87745,2.87745,-0.4527558022539413,-0.42686395833062946,-10.629404440423722,-11.212396048256661,-0.5829916078329518,359.4170083921671,119.41700839216708
260516_2dsweep_noplunger,sim,f_pi2,sim,S22,offset_nan,07_3_TDS-body_Novel-2Dsweep-260516_45.s2p,07_3_TDS-body_Novel-2Dsweep-260516_46.s2p,,,2.8774448751896,2.87745,2.87745,-0.42686395833062946,-0.717316293334505,-11.212396048256661,-7.1749707960872025,4.03742525216947,4.03742525216947,-235.96257474783053
260516_2dsweep_noplunger,sim,f_pi2,sim,S22,offset_nan,07_3_TDS-body_Novel-2Dsweep-260516_46.s2p,07_3_TDS-body_Novel-2Dsweep-260516_47.s2p,,,2.8774448751896,2.87745,2.87745,-0.717316293334505,-0.6531854735804198,-7.1749707960872025,-8.325486459792678,-1.1505156637054768,358.8494843362945,118.8494843362945
260516_2dsweep_noplunger,sim,f_pi2,sim,S22,offset_nan,07_3_TDS-body_Novel-2Dsweep-260516_47.s2p,07_3_TDS-body_Novel-2Dsweep-260516_48.s2p,,,2.8774448751896,2.87745,2.87745,-0.6531854735804198,-0.6000503905335093,-8.325486459792678,-9.313044643508283,-0.9875581837156062,359.0124418162844,119.01244181628442
260516_2dsweep_noplunger,sim,f_pi2,sim,S22,offset_nan,07_3_TDS-body_Novel-2Dsweep-260516_48.s2p,07_3_TDS-body_Novel-2Dsweep-260516_49.s2p,,,2.8774448751896,2.87745,2.87745,-0.6000503905335093,-0.5558490463632956,-9.313044643508283,-10.185901889987086,-0.8728572464788158,359.1271427535212,119.12714275352118
260516_2dsweep_noplunger,sim,f_pi2,sim,S22,offset_nan,07_3_TDS-body_Novel-2Dsweep-260516_49.s2p,07_3_TDS-body_Novel-2Dsweep-260516_5.s2p,,,2.8774448751896,2.87745,2.87745,-0.5558490463632956,-0.5935966749067476,-10.185901889987086,2.021633584695667,12.207535474682743,12.207535474682743,-227.79246452531726
260516_2dsweep_noplunger,sim,f_pi2,sim,S22,offset_nan,07_3_TDS-body_Novel-2Dsweep-260516_5.s2p,07_3_TDS-body_Novel-2Dsweep-260516_50.s2p,,,2.8774448751896,2.87745,2.87745,-0.5935966749067476,-0.5189973465259907,2.021633584695667,-10.97279699824917,-12.99443058294483,347.0055694170552,107.0055694170552
260516_2dsweep_noplunger,sim,f_pi2,sim,S22,offset_nan,07_3_TDS-body_Novel-2Dsweep-260516_50.s2p,07_3_TDS-body_Novel-2Dsweep-260516_51.s2p,,,2.8774448751896,2.87745,2.87745,-0.5189973465259907,-0.4883180133788096,-10.97279699824917,-11.683365496941315,-0.7105684986921403,359.28943150130783,119.28943150130783
260516_2dsweep_noplunger,sim,f_pi2,sim,S22,offset_nan,07_3_TDS-body_Novel-2Dsweep-260516_51.s2p,07_3_TDS-body_Novel-2Dsweep-260516_52.s2p,,,2.8774448751896,2.87745,2.87745,-0.4883180133788096,-0.4610387434270666,-11.683365496941315,-12.346282127820139,-0.6629166308788115,359.33708336912116,119.33708336912116
260516_2dsweep_noplunger,sim,f_pi2,sim,S22,offset_nan,07_3_TDS-body_Novel-2Dsweep-260516_52.s2p,07_3_TDS-body_Novel-2Dsweep-260516_53.s2p,,,2.8774448751896,2.87745,2.87745,-0.4610387434270666,-0.4374838420830554,-12.346282127820139,-12.90187056530801,-0.5555884374878701,359.44441156251213,119.44441156251213
260516_2dsweep_noplunger,sim,f_pi2,sim,S22,offset_nan,07_3_TDS-body_Novel-2Dsweep-260516_53.s2p,07_3_TDS-body_Novel-2Dsweep-260516_54.s2p,,,2.8774448751896,2.87745,2.87745,-0.4374838420830554,-0.41737151913214726,-12.90187056530801,-13.433397923727806,-0.5315273584197939,359.4684726415802,119.4684726415802
260516_2dsweep_noplunger,sim,f_pi2,sim,S22,offset_nan,07_3_TDS-body_Novel-2Dsweep-260516_54.s2p,07_3_TDS-body_Novel-2Dsweep-260516_55.s2p,,,2.8774448751896,2.87745,2.87745,-0.41737151913214726,-0.6209133426768367,-13.433397923727806,-10.15088663036287,3.2825112933649336,3.2825112933649336,-236.71748870663507
260516_2dsweep_noplunger,sim,f_pi2,sim,S22,offset_nan,07_3_TDS-body_Novel-2Dsweep-260516_55.s2p,07_3_TDS-body_Novel-2Dsweep-260516_56.s2p,,,2.8774448751896,2.87745,2.87745,-0.6209133426768367,-0.5760140374806658,-10.15088663036287,-11.130084282883635,-0.9791976525207531,359.0208023474793,119.02080234747928
260516_2dsweep_noplunger,sim,f_pi2,sim,S22,offset_nan,07_3_TDS-body_Novel-2Dsweep-260516_56.s2p,07_3_TDS-body_Novel-2Dsweep-260516_57.s2p,,,2.8774448751896,2.87745,2.87745,-0.5760140374806658,-0.5361534289021621,-11.130084282883635,-11.941062508972081,-0.8109782260884515,359.1890217739116,119.18902177391158
260516_2dsweep_noplunger,sim,f_pi2,sim,S22,offset_nan,07_3_TDS-body_Novel-2Dsweep-260516_57.s2p,07_3_TDS-body_Novel-2Dsweep-260516_58.s2p,,,2.8774448751896,2.87745,2.87745,-0.5361534289021621,-0.5023367090465723,-11.941062508972081,-12.679611454491818,-0.7385489455197387,359.2614510544803,119.26145105448029
260516_2dsweep_noplunger,sim,f_pi2,sim,S22,offset_nan,07_3_TDS-body_Novel-2Dsweep-260516_58.s2p,07_3_TDS-body_Novel-2Dsweep-260516_59.s2p,,,2.8774448751896,2.87745,2.87745,-0.5023367090465723,-0.4756631008398931,-12.679611454491818,-13.360514742070217,-0.6809032875783885,359.3190967124216,119.31909671242158
260516_2dsweep_noplunger,sim,f_pi2,sim,S22,offset_nan,07_3_TDS-body_Novel-2Dsweep-260516_59.s2p,07_3_TDS-body_Novel-2Dsweep-260516_6.s2p,,,2.8774448751896,2.87745,2.87745,-0.4756631008398931,-0.5337269938540421,-13.360514742070217,0.8119732674094732,14.172488009479679,14.172488009479679,-225.82751199052032
260516_2dsweep_noplunger,sim,f_pi2,sim,S22,offset_nan,07_3_TDS-body_Novel-2Dsweep-260516_6.s2p,07_3_TDS-body_Novel-2Dsweep-260516_60.s2p,,,2.8774448751896,2.87745,2.87745,-0.5337269938540421,-0.4531567051580385,0.8119732674094732,-13.998173852223655,-14.810147119633115,345.18985288036686,105.18985288036686
260516_2dsweep_noplunger,sim,f_pi2,sim,S22,offset_nan,07_3_TDS-body_Novel-2Dsweep-260516_60.s2p,07_3_TDS-body_Novel-2Dsweep-260516_61.s2p,,,2.8774448751896,2.87745,2.87745,-0.4531567051580385,-0.4328368471290973,-13.998173852223655,-14.544118995792376,-0.5459451435687299,359.4540548564313,119.4540548564313
260516_2dsweep_noplunger,sim,f_pi2,sim,S22,offset_nan,07_3_TDS-body_Novel-2Dsweep-260516_61.s2p,07_3_TDS-body_Novel-2Dsweep-260516_62.s2p,,,2.8774448751896,2.87745,2.87745,-0.4328368471290973,-0.4149962618775408,-14.544118995792376,-15.072741448864704,-0.5286224530723302,359.47137754692767,119.47137754692767
260516_2dsweep_noplunger,sim,f_pi2,sim,S22,offset_nan,07_3_TDS-body_Novel-2Dsweep-260516_62.s2p,07_3_TDS-body_Novel-2Dsweep-260516_63.s2p,,,2.8774448751896,2.87745,2.87745,-0.4149962618775408,-0.4002788307142653,-15.072741448864704,-15.546778560668916,-0.4740371118042219,359.52596288819575,119.52596288819575
260516_2dsweep_noplunger,sim,f_pi2,sim,S22,offset_nan,07_3_TDS-body_Novel-2Dsweep-260516_63.s2p,07_3_TDS-body_Novel-2Dsweep-260516_64.s2p,,,2.8774448751896,2.87745,2.87745,-0.4002788307142653,-0.5278108001489467,-15.546778560668916,-12.9147513168301,2.63202724383882,2.63202724383882,-237.36797275616118
260516_2dsweep_noplunger,sim,f_pi2,sim,S22,offset_nan,07_3_TDS-body_Novel-2Dsweep-260516_64.s2p,07_3_TDS-body_Novel-2Dsweep-260516_65.s2p,,,2.8774448751896,2.87745,2.87745,-0.5278108001489467,-0.4970636121174542,-12.9147513168301,-13.706356363023936,-0.7916050461938369,359.2083949538062,119.20839495380619
260516_2dsweep_noplunger,sim,f_pi2,sim,S22,offset_nan,07_3_TDS-body_Novel-2Dsweep-260516_65.s2p,07_3_TDS-body_Novel-2Dsweep-260516_66.s2p,,,2.8774448751896,2.87745,2.87745,-0.4970636121174542,-0.469888718396309,-13.706356363023936,-14.398313498939393,-0.6919571359154588,359.30804286408454,119.30804286408454
260516_2dsweep_noplunger,sim,f_pi2,sim,S22,offset_nan,07_3_TDS-body_Novel-2Dsweep-260516_66.s2p,07_3_TDS-body_Novel-2Dsweep-260516_67.s2p,,,2.8774448751896,2.87745,2.87745,-0.469888718396309,-0.4486949990728073,-14.398313498939393,-15.048114301527725,-0.649800802588345,359.35019919741165,119.35019919741165
260516_2dsweep_noplunger,sim,f_pi2,sim,S22,offset_nan,07_3_TDS-body_Novel-2Dsweep-260516_67.s2p,07_3_TDS-body_Novel-2Dsweep-260516_68.s2p,,,2.8774448751896,2.87745,2.87745,-0.4486949990728073,-0.42824469449621183,-15.048114301527725,-15.595810225562113,-0.5476959240344002,359.45230407596557,119.45230407596557
260516_2dsweep_noplunger,sim,f_pi2,sim,S22,offset_nan,07_3_TDS-body_Novel-2Dsweep-260516_68.s2p,07_3_TDS-body_Novel-2Dsweep-260516_69.s2p,,,2.8774448751896,2.87745,2.87745,-0.42824469449621183,-0.41354733020945617,-15.595810225562113,-16.1598194111486,-0.5640091855864853,359.4359908144135,119.43599081441351
260516_2dsweep_noplunger,sim,f_pi2,sim,S22,offset_nan,07_3_TDS-body_Novel-2Dsweep-260516_69.s2p,07_3_TDS-body_Novel-2Dsweep-260516_7.s2p,,,2.8774448751896,2.87745,2.87745,-0.41354733020945617,-0.48412375389034534,-16.1598194111486,-0.24717612179397944,15.912643289354634,15.912643289354634,-224.08735671064537
260516_2dsweep_noplunger,sim,f_pi2,sim,S22,offset_nan,07_3_TDS-body_Novel-2Dsweep-260516_7.s2p,07_3_TDS-body_Novel-2Dsweep-260516_70.s2p,,,2.8774448751896,2.87745,2.87745,-0.48412375389034534,-0.39930274183742254,-0.24717612179397944,-16.641510324592055,-16.394334202798063,343.60566579720194,103.60566579720194
260516_2dsweep_noplunger,sim,f_pi2,sim,S22,offset_nan,07_3_TDS-body_Novel-2Dsweep-260516_70.s2p,07_3_TDS-body_Novel-2Dsweep-260516_71.s2p,,,2.8774448751896,2.87745,2.87745,-0.39930274183742254,-0.3863982521701699,-16.641510324592055,-17.084376510222626,-0.442866185630578,359.5571338143694,119.55713381436942
260516_2dsweep_noplunger,sim,f_pi2,sim,S22,offset_nan,07_3_TDS-body_Novel-2Dsweep-260516_71.s2p,07_3_TDS-body_Novel-2Dsweep-260516_72.s2p,,,2.8774448751896,2.87745,2.87745,-0.3863982521701699,-0.3784893158693034,-17.084376510222626,-17.49241550979683,-0.40803899957421663,359.5919610004258,119.59196100042578
260516_2dsweep_noplunger,sim,f_pi2,sim,S22,offset_nan,07_3_TDS-body_Novel-2Dsweep-260516_72.s2p,07_3_TDS-body_Novel-2Dsweep-260516_73.s2p,,,2.8774448751896,2.87745,2.87745,-0.3784893158693034,-0.43713097301888293,-17.49241550979683,-15.39334680884054,2.0990687009562805,2.0990687009562805,-237.90093129904372
260516_2dsweep_noplunger,sim,f_pi2,sim,S22,offset_nan,07_3_TDS-body_Novel-2Dsweep-260516_73.s2p,07_3_TDS-body_Novel-2Dsweep-260516_74.s2p,,,2.8774448751896,2.87745,2.87745,-0.43713097301888293,-0.420438013816914,-15.39334680884054,-16.050046421793578,-0.656699612953048,359.34330038704695,119.34330038704695
260516_2dsweep_noplunger,sim,f_pi2,sim,S22,offset_nan,07_3_TDS-body_Novel-2Dsweep-260516_74.s2p,07_3_TDS-body_Novel-2Dsweep-260516_75.s2p,,,2.8774448751896,2.87745,2.87745,-0.420438013816914,-0.4055172546952612,-16.050046421793578,-16.664826917904797,-0.6147804961112229,359.3852195038888,119.38521950388878
260516_2dsweep_noplunger,sim,f_pi2,sim,S22,offset_nan,07_3_TDS-body_Novel-2Dsweep-260516_75.s2p,07_3_TDS-body_Novel-2Dsweep-260516_76.s2p,,,2.8774448751896,2.87745,2.87745,-0.4055172546952612,-0.3920718987690888,-16.664826917904797,-17.183747699372248,-0.5189207814674432,359.48107921853256,119.48107921853256
260516_2dsweep_noplunger,sim,f_pi2,sim,S22,offset_nan,07_3_TDS-body_Novel-2Dsweep-260516_76.s2p,07_3_TDS-body_Novel-2Dsweep-260516_77.s2p,,,2.8774448751896,2.87745,2.87745,-0.3920718987690888,-0.38027629949522535,-17.183747699372248,-17.64845083281477,-0.46470313344252645,359.5352968665575,119.53529686655747
260516_2dsweep_noplunger,sim,f_pi2,sim,S22,offset_nan,07_3_TDS-body_Novel-2Dsweep-260516_77.s2p,07_3_TDS-body_Novel-2Dsweep-260516_78.s2p,,,2.8774448751896,2.87745,2.87745,-0.38027629949522535,-0.370752801446162,-17.64845083281477,-18.15744332163469,-0.5089924888199278,359.4910075111801,119.4910075111801
260516_2dsweep_noplunger,sim,f_pi2,sim,S22,offset_nan,07_3_TDS-body_Novel-2Dsweep-260516_78.s2p,07_3_TDS-body_Novel-2Dsweep-260516_79.s2p,,,2.8774448751896,2.87745,2.87745,-0.370752801446162,-0.3627235256956113,-18.15744332163469,-18.59261344375927,-0.43517012212458894,359.5648298778754,119.56482987787541
260516_2dsweep_noplunger,sim,f_pi2,sim,S22,offset_nan,07_3_TDS-body_Novel-2Dsweep-260516_79.s2p,07_3_TDS-body_Novel-2Dsweep-260516_8.s2p,,,2.8774448751896,2.87745,2.87745,-0.3627235256956113,-0.4419343867920095,-18.59261344375927,-1.2567096487318337,17.335903795027434,17.335903795027434,-222.66409620497257
260516_2dsweep_noplunger,sim,f_pi2,sim,S22,offset_nan,07_3_TDS-body_Novel-2Dsweep-260516_8.s2p,07_3_TDS-body_Novel-2Dsweep-260516_80.s2p,,,2.8774448751896,2.87745,2.87745,-0.4419343867920095,-0.36021633518879764,-1.2567096487318337,-18.957986145994134,-17.701276497262313,342.2987235027377,102.29872350273769
260516_2dsweep_noplunger,sim,f_pi2,sim,S22,offset_nan,07_3_TDS-body_Novel-2Dsweep-260516_80.s2p,07_3_TDS-body_Novel-2Dsweep-260516_81.s2p,,,2.8774448751896,2.87745,2.87745,-0.36021633518879764,-0.34760604134465195,-18.957986145994134,-19.341309291899965,-0.38332314590581973,359.6166768540942,119.61667685409418
260516_2dsweep_noplunger,sim,f_pi2,sim,S22,offset_nan,07_3_TDS-body_Novel-2Dsweep-260516_81.s2p,07_3_TDS-body_Novel-2Dsweep-260516_82.s2p,,,2.8774448751896,2.87745,2.87745,-0.34760604134465195,-0.36112676721010534,-19.341309291899965,-17.67834532721411,1.6629639646858436,1.6629639646858436,-238.33703603531416
260516_2dsweep_noplunger,sim,f_pi2,sim,S22,offset_nan,07_3_TDS-body_Novel-2Dsweep-260516_82.s2p,07_3_TDS-body_Novel-2Dsweep-260516_83.s2p,,,2.8774448751896,2.87745,2.87745,-0.36112676721010534,-0.34913069241868355,-17.67834532721411,-18.17346977480496,-0.49512444759085383,359.50487555240915,119.50487555240915
260516_2dsweep_noplunger,sim,f_pi2,sim,S22,offset_nan,07_3_TDS-body_Novel-2Dsweep-260516_83.s2p,07_3_TDS-body_Novel-2Dsweep-260516_84.s2p,,,2.8774448751896,2.87745,2.87745,-0.34913069241868355,-0.3428429419797954,-18.17346977480496,-18.6560993957332,-0.48262962092823614,359.51737037907174,119.51737037907174
260516_2dsweep_noplunger,sim,f_pi2,sim,S22,offset_nan,07_3_TDS-body_Novel-2Dsweep-260516_84.s2p,07_3_TDS-body_Novel-2Dsweep-260516_85.s2p,,,2.8774448751896,2.87745,2.87745,-0.3428429419797954,-0.3359742515371441,-18.6560993957332,-19.118878034560577,-0.46277863882738757,359.5372213611726,119.53722136117261
260516_2dsweep_noplunger,sim,f_pi2,sim,S22,offset_nan,07_3_TDS-body_Novel-2Dsweep-260516_85.s2p,07_3_TDS-body_Novel-2Dsweep-260516_86.s2p,,,2.8774448751896,2.87745,2.87745,-0.3359742515371441,-0.33096320345139485,-19.118878034560577,-19.526098101812153,-0.4072200672515862,359.5927799327484,119.59277993274839
260516_2dsweep_noplunger,sim,f_pi2,sim,S22,offset_nan,07_3_TDS-body_Novel-2Dsweep-260516_86.s2p,07_3_TDS-body_Novel-2Dsweep-260516_87.s2p,,,2.8774448751896,2.87745,2.87745,-0.33096320345139485,-0.32733671180359436,-19.526098101812153,-19.964215711379484,-0.43811760956734247,359.56188239043263,119.56188239043263
260516_2dsweep_noplunger,sim,f_pi2,sim,S22,offset_nan,07_3_TDS-body_Novel-2Dsweep-260516_87.s2p,07_3_TDS-body_Novel-2Dsweep-260516_88.s2p,,,2.8774448751896,2.87745,2.87745,-0.32733671180359436,-0.32407718284142734,-19.964215711379484,-20.362468621747297,-0.39825291036780186,359.6017470896322,119.60174708963223
260516_2dsweep_noplunger,sim,f_pi2,sim,S22,offset_nan,07_3_TDS-body_Novel-2Dsweep-260516_88.s2p,07_3_TDS-body_Novel-2Dsweep-260516_89.s2p,,,2.8774448751896,2.87745,2.87745,-0.32407718284142734,-0.32153140947700953,-20.362468621747297,-20.730078901544232,-0.36761027979693495,359.63238972020304,119.63238972020304
260516_2dsweep_noplunger,sim,f_pi2,sim,S22,offset_nan,07_3_TDS-body_Novel-2Dsweep-260516_89.s2p,07_3_TDS-body_Novel-2Dsweep-260516_9.s2p,,,2.8774448751896,2.87745,2.87745,-0.32153140947700953,-0.4062496472788976,-20.730078901544232,-2.1246095432392726,18.60546935830496,18.60546935830496,-221.39453064169504
260516_2dsweep_noplunger,sim,f_pi2,sim,S22,offset_nan,07_3_TDS-body_Novel-2Dsweep-260516_9.s2p,07_3_TDS-body_Novel-2Dsweep-260516_90.s2p,,,2.8774448751896,2.87745,2.87745,-0.4062496472788976,-0.3196868902362657,-2.1246095432392726,-21.086624743229425,-18.962015199990162,341.03798480000984,101.03798480000984
260516_2dsweep_noplunger,sim,f_pi2,sim,S22,offset_nan,07_3_TDS-body_Novel-2Dsweep-260516_90.s2p,07_3_TDS-body_Novel-2Dsweep-260516_91.s2p,,,2.8774448751896,2.87745,2.87745,-0.3196868902362657,-0.2963291654822565,-21.086624743229425,-19.710802732195308,1.3758220110341313,1.3758220110341313,-238.62417798896587
260516_2dsweep_noplunger,sim,f_pi2,sim,S22,offset_nan,07_3_TDS-body_Novel-2Dsweep-260516_91.s2p,07_3_TDS-body_Novel-2Dsweep-260516_92.s2p,,,2.8774448751896,2.87745,2.87745,-0.2963291654822565,-0.2945570633037559,-19.710802732195308,-20.130217079729515,-0.41941434753420026,359.5805856524658,119.5805856524658
260516_2dsweep_noplunger,sim,f_pi2,sim,S22,offset_nan,07_3_TDS-body_Novel-2Dsweep-260516_92.s2p,07_3_TDS-body_Novel-2Dsweep-260516_93.s2p,,,2.8774448751896,2.87745,2.87745,-0.2945570633037559,-0.2902525857957567,-20.130217079729515,-20.567427957423185,-0.43721087769367273,359.5627891223063,119.5627891223063
260516_2dsweep_noplunger,sim,f_pi2,sim,S22,offset_nan,07_3_TDS-body_Novel-2Dsweep-260516_93.s2p,07_3_TDS-body_Novel-2Dsweep-260516_94.s2p,,,2.8774448751896,2.87745,2.87745,-0.2902525857957567,-0.285999396212849,-20.567427957423185,-20.84925625931981,-0.2818283018966099,359.7181716981034,119.71817169810339
260516_2dsweep_noplunger,sim,f_pi2,sim,S22,offset_nan,07_3_TDS-body_Novel-2Dsweep-260516_94.s2p,07_3_TDS-body_Novel-2Dsweep-260516_95.s2p,,,2.8774448751896,2.87745,2.87745,-0.285999396212849,-0.2875451404202303,-20.84925625931981,-21.23509188273083,-0.38583562341102606,359.614164376589,119.61416437658897
260516_2dsweep_noplunger,sim,f_pi2,sim,S22,offset_nan,07_3_TDS-body_Novel-2Dsweep-260516_95.s2p,07_3_TDS-body_Novel-2Dsweep-260516_96.s2p,,,2.8774448751896,2.87745,2.87745,-0.2875451404202303,-0.28470753981102237,-21.23509188273083,-21.59135396657188,-0.3562620838410453,359.64373791615895,119.64373791615895
260516_2dsweep_noplunger,sim,f_pi2,sim,S22,offset_nan,07_3_TDS-body_Novel-2Dsweep-260516_96.s2p,07_3_TDS-body_Novel-2Dsweep-260516_97.s2p,,,2.8774448751896,2.87745,2.87745,-0.28470753981102237,-0.28557479387975504,-21.59135396657188,-21.931776785171177,-0.3404228185993077,359.65957718140066,119.65957718140066
260516_2dsweep_noplunger,sim,f_pi2,sim,S22,offset_nan,07_3_TDS-body_Novel-2Dsweep-260516_97.s2p,07_3_TDS-body_Novel-2Dsweep-260516_98.s2p,,,2.8774448751896,2.87745,2.87745,-0.28557479387975504,-0.28679751293325734,-21.931776785171177,-22.295010047953944,-0.3632332627827566,359.6367667372173,119.63676673721727
260516_2dsweep_noplunger,sim,f_pi2,sim,S22,offset_nan,07_3_TDS-body_Novel-2Dsweep-260516_98.s2p,07_3_TDS-body_Novel-2Dsweep-260516_99.s2p,,,2.8774448751896,2.87745,2.87745,-0.28679751293325734,-0.2887171400809185,-22.295010047953944,-22.64418803520228,-0.34917798724833915,359.65082201275163,119.65082201275163
