dataset_id,data_layer,source_file,tune_position,s_name,marker_name,marker_role,marker_source,target_freq_ghz,freq_ghz,freq_error_ghz,s_db,s_phase_deg,source_format,uncorrected_freq_ghz,frequency_scale_factor,temp_op_C,temp_meas_C,humidity_fraction,run_id,sim_NumDepth,sim_r_c,sim_w_c
260605_iris2dsweep_solver_export_no_norm,sim,06_3-7_TDS-Half-Plunger-Iris2DsweepSolverNonNorm-260604_1.s1p,,S11,f_2pi3,sim,dispersion_mode_1,2.8571160335532,2.857116,-3.355320021825037e-08,1.9944259234063977e-09,-176.39440834258227,touchstone_ri,2.8571160335532,1.0,,,,1,1.0,56.59,19.3224
260605_iris2dsweep_solver_export_no_norm,sim,06_3-7_TDS-Half-Plunger-Iris2DsweepSolverNonNorm-260604_10.s1p,,S11,f_2pi3,sim,dispersion_mode_1,2.8571160335532,2.857116,-3.355320021825037e-08,-8.326156620120452e-07,137.64997445337872,touchstone_ri,2.8571160335532,1.0,,,,10,2.0,54.59,20.0724
260605_iris2dsweep_solver_export_no_norm,sim,06_3-7_TDS-Half-Plunger-Iris2DsweepSolverNonNorm-260604_100.s1p,,S11,f_2pi3,sim,dispersion_mode_1,2.8571160335532,2.857116,-3.355320021825037e-08,-4.7983796842534975e-09,-28.081332838032694,touchstone_ri,2.8571160335532,1.0,,,,100,2.0,57.09,20.3224
260605_iris2dsweep_solver_export_no_norm,sim,06_3-7_TDS-Half-Plunger-Iris2DsweepSolverNonNorm-260604_101.s1p,,S11,f_2pi3,sim,dispersion_mode_1,2.8571160335532,2.857116,-3.355320021825037e-08,-4.080657307161861e-06,-9.781769590926466,touchstone_ri,2.8571160335532,1.0,,,,101,2.0,57.34,18.3224
260605_iris2dsweep_solver_export_no_norm,sim,06_3-7_TDS-Half-Plunger-Iris2DsweepSolverNonNorm-260604_102.s1p,,S11,f_2pi3,sim,dispersion_mode_1,2.8571160335532,2.857116,-3.355320021825037e-08,3.2079278923339124e-09,-17.225353990448806,touchstone_ri,2.8571160335532,1.0,,,,102,2.0,57.34,18.5724
260605_iris2dsweep_solver_export_no_norm,sim,06_3-7_TDS-Half-Plunger-Iris2DsweepSolverNonNorm-260604_103.s1p,,S11,f_2pi3,sim,dispersion_mode_1,2.8571160335532,2.857116,-3.355320021825037e-08,-1.4012410488091554e-06,-23.736905802911863,touchstone_ri,2.8571160335532,1.0,,,,103,2.0,57.34,18.8224
260605_iris2dsweep_solver_export_no_norm,sim,06_3-7_TDS-Half-Plunger-Iris2DsweepSolverNonNorm-260604_104.s1p,,S11,f_2pi3,sim,dispersion_mode_1,2.8571160335532,2.857116,-3.355320021825037e-08,-2.471631085430661e-09,-29.521745757736415,touchstone_ri,2.8571160335532,1.0,,,,104,2.0,57.34,19.0724
260605_iris2dsweep_solver_export_no_norm,sim,06_3-7_TDS-Half-Plunger-Iris2DsweepSolverNonNorm-260604_105.s1p,,S11,f_2pi3,sim,dispersion_mode_1,2.8571160335532,2.857116,-3.355320021825037e-08,-1.009894832389039e-09,-34.61212643733687,touchstone_ri,2.8571160335532,1.0,,,,105,2.0,57.34,19.3224
260605_iris2dsweep_solver_export_no_norm,sim,06_3-7_TDS-Half-Plunger-Iris2DsweepSolverNonNorm-260604_106.s1p,,S11,f_2pi3,sim,dispersion_mode_1,2.8571160335532,2.857116,-3.355320021825037e-08,5.295062328927194e-09,-39.134281728763305,touchstone_ri,2.8571160335532,1.0,,,,106,2.0,57.34,19.5724
260605_iris2dsweep_solver_export_no_norm,sim,06_3-7_TDS-Half-Plunger-Iris2DsweepSolverNonNorm-260604_107.s1p,,S11,f_2pi3,sim,dispersion_mode_1,2.8571160335532,2.857116,-3.355320021825037e-08,-3.1372369037197994e-10,-43.1488157021916,touchstone_ri,2.8571160335532,1.0,,,,107,2.0,57.34,19.8224
260605_iris2dsweep_solver_export_no_norm,sim,06_3-7_TDS-Half-Plunger-Iris2DsweepSolverNonNorm-260604_108.s1p,,S11,f_2pi3,sim,dispersion_mode_1,2.8571160335532,2.857116,-3.355320021825037e-08,3.6299060196019346e-09,-46.76215485080829,touchstone_ri,2.8571160335532,1.0,,,,108,2.0,57.34,20.0724
260605_iris2dsweep_solver_export_no_norm,sim,06_3-7_TDS-Half-Plunger-Iris2DsweepSolverNonNorm-260604_109.s1p,,S11,f_2pi3,sim,dispersion_mode_1,2.8571160335532,2.857116,-3.355320021825037e-08,2.946992451906643e-09,-50.01270786270543,touchstone_ri,2.8571160335532,1.0,,,,109,2.0,57.34,20.3224
260605_iris2dsweep_solver_export_no_norm,sim,06_3-7_TDS-Half-Plunger-Iris2DsweepSolverNonNorm-260604_11.s1p,,S11,f_2pi3,sim,dispersion_mode_1,2.8571160335532,2.857116,-3.355320021825037e-08,1.8110011960334775e-09,133.2630265180629,touchstone_ri,2.8571160335532,1.0,,,,11,2.0,54.59,20.3224
260605_iris2dsweep_solver_export_no_norm,sim,06_3-7_TDS-Half-Plunger-Iris2DsweepSolverNonNorm-260604_110.s1p,,S11,f_2pi3,sim,dispersion_mode_1,2.8571160335532,2.857116,-3.355320021825037e-08,-1.4766842928202667e-10,-44.514794799725024,touchstone_ri,2.8571160335532,1.0,,,,110,2.0,57.59,18.3224
260605_iris2dsweep_solver_export_no_norm,sim,06_3-7_TDS-Half-Plunger-Iris2DsweepSolverNonNorm-260604_111.s1p,,S11,f_2pi3,sim,dispersion_mode_1,2.8571160335532,2.857116,-3.355320021825037e-08,-1.8460795721652342e-10,-48.62651168405612,touchstone_ri,2.8571160335532,1.0,,,,111,2.0,57.59,18.5724
260605_iris2dsweep_solver_export_no_norm,sim,06_3-7_TDS-Half-Plunger-Iris2DsweepSolverNonNorm-260604_112.s1p,,S11,f_2pi3,sim,dispersion_mode_1,2.8571160335532,2.857116,-3.355320021825037e-08,2.116829937361971e-09,-52.27020299810183,touchstone_ri,2.8571160335532,1.0,,,,112,2.0,57.59,18.8224
260605_iris2dsweep_solver_export_no_norm,sim,06_3-7_TDS-Half-Plunger-Iris2DsweepSolverNonNorm-260604_113.s1p,,S11,f_2pi3,sim,dispersion_mode_1,2.8571160335532,2.857116,-3.355320021825037e-08,2.6826047195151706e-10,-55.49023699532276,touchstone_ri,2.8571160335532,1.0,,,,113,2.0,57.59,19.0724
260605_iris2dsweep_solver_export_no_norm,sim,06_3-7_TDS-Half-Plunger-Iris2DsweepSolverNonNorm-260604_114.s1p,,S11,f_2pi3,sim,dispersion_mode_1,2.8571160335532,2.857116,-3.355320021825037e-08,-3.1689729205931927e-11,-58.38195485394847,touchstone_ri,2.8571160335532,1.0,,,,114,2.0,57.59,19.3224
260605_iris2dsweep_solver_export_no_norm,sim,06_3-7_TDS-Half-Plunger-Iris2DsweepSolverNonNorm-260604_115.s1p,,S11,f_2pi3,sim,dispersion_mode_1,2.8571160335532,2.857116,-3.355320021825037e-08,2.111767218163799e-09,-60.965950114970006,touchstone_ri,2.8571160335532,1.0,,,,115,2.0,57.59,19.5724
260605_iris2dsweep_solver_export_no_norm,sim,06_3-7_TDS-Half-Plunger-Iris2DsweepSolverNonNorm-260604_116.s1p,,S11,f_2pi3,sim,dispersion_mode_1,2.8571160335532,2.857116,-3.355320021825037e-08,-3.474126633453247e-09,-63.308522200290994,touchstone_ri,2.8571160335532,1.0,,,,116,2.0,57.59,19.8224
260605_iris2dsweep_solver_export_no_norm,sim,06_3-7_TDS-Half-Plunger-Iris2DsweepSolverNonNorm-260604_117.s1p,,S11,f_2pi3,sim,dispersion_mode_1,2.8571160335532,2.857116,-3.355320021825037e-08,-4.496028172012397e-07,-65.44178116340417,touchstone_ri,2.8571160335532,1.0,,,,117,2.0,57.59,20.0724
260605_iris2dsweep_solver_export_no_norm,sim,06_3-7_TDS-Half-Plunger-Iris2DsweepSolverNonNorm-260604_118.s1p,,S11,f_2pi3,sim,dispersion_mode_1,2.8571160335532,2.857116,-3.355320021825037e-08,1.8653545493467848e-09,-67.37366869434507,touchstone_ri,2.8571160335532,1.0,,,,118,2.0,57.59,20.3224
260605_iris2dsweep_solver_export_no_norm,sim,06_3-7_TDS-Half-Plunger-Iris2DsweepSolverNonNorm-260604_119.s1p,,S11,f_2pi3,sim,dispersion_mode_1,2.8571160335532,2.857116,-3.355320021825037e-08,4.521993786562159e-09,-68.66452240392081,touchstone_ri,2.8571160335532,1.0,,,,119,2.0,57.84,18.3224
260605_iris2dsweep_solver_export_no_norm,sim,06_3-7_TDS-Half-Plunger-Iris2DsweepSolverNonNorm-260604_12.s1p,,S11,f_2pi3,sim,dispersion_mode_1,2.8571160335532,2.857116,-3.355320021825037e-08,-7.817144053504907e-07,161.92646693159756,touchstone_ri,2.8571160335532,1.0,,,,12,2.0,54.84,18.3224
260605_iris2dsweep_solver_export_no_norm,sim,06_3-7_TDS-Half-Plunger-Iris2DsweepSolverNonNorm-260604_120.s1p,,S11,f_2pi3,sim,dispersion_mode_1,2.8571160335532,2.857116,-3.355320021825037e-08,-4.017438371618337e-09,-70.70019083752305,touchstone_ri,2.8571160335532,1.0,,,,120,2.0,57.84,18.5724
260605_iris2dsweep_solver_export_no_norm,sim,06_3-7_TDS-Half-Plunger-Iris2DsweepSolverNonNorm-260604_121.s1p,,S11,f_2pi3,sim,dispersion_mode_1,2.8571160335532,2.857116,-3.355320021825037e-08,-1.1103941479830892e-09,-72.5367976004213,touchstone_ri,2.8571160335532,1.0,,,,121,2.0,57.84,18.8224
260605_iris2dsweep_solver_export_no_norm,sim,06_3-7_TDS-Half-Plunger-Iris2DsweepSolverNonNorm-260604_122.s1p,,S11,f_2pi3,sim,dispersion_mode_1,2.8571160335532,2.857116,-3.355320021825037e-08,-4.304609305330678e-09,-74.20440298111747,touchstone_ri,2.8571160335532,1.0,,,,122,2.0,57.84,19.0724
260605_iris2dsweep_solver_export_no_norm,sim,06_3-7_TDS-Half-Plunger-Iris2DsweepSolverNonNorm-260604_123.s1p,,S11,f_2pi3,sim,dispersion_mode_1,2.8571160335532,2.857116,-3.355320021825037e-08,-3.8178486227933815e-09,-75.74407751289198,touchstone_ri,2.8571160335532,1.0,,,,123,2.0,57.84,19.3224
260605_iris2dsweep_solver_export_no_norm,sim,06_3-7_TDS-Half-Plunger-Iris2DsweepSolverNonNorm-260604_124.s1p,,S11,f_2pi3,sim,dispersion_mode_1,2.8571160335532,2.857116,-3.355320021825037e-08,1.2477934539119317e-09,-77.13842778246102,touchstone_ri,2.8571160335532,1.0,,,,124,2.0,57.84,19.5724
260605_iris2dsweep_solver_export_no_norm,sim,06_3-7_TDS-Half-Plunger-Iris2DsweepSolverNonNorm-260604_125.s1p,,S11,f_2pi3,sim,dispersion_mode_1,2.8571160335532,2.857116,-3.355320021825037e-08,4.4801882632937035e-10,-78.43544173477707,touchstone_ri,2.8571160335532,1.0,,,,125,2.0,57.84,19.8224
260605_iris2dsweep_solver_export_no_norm,sim,06_3-7_TDS-Half-Plunger-Iris2DsweepSolverNonNorm-260604_126.s1p,,S11,f_2pi3,sim,dispersion_mode_1,2.8571160335532,2.857116,-3.355320021825037e-08,-3.112404099957941e-07,-79.62720174897582,touchstone_ri,2.8571160335532,1.0,,,,126,2.0,57.84,20.0724
260605_iris2dsweep_solver_export_no_norm,sim,06_3-7_TDS-Half-Plunger-Iris2DsweepSolverNonNorm-260604_127.s1p,,S11,f_2pi3,sim,dispersion_mode_1,2.8571160335532,2.857116,-3.355320021825037e-08,-5.59661679360173e-07,-80.73812549479142,touchstone_ri,2.8571160335532,1.0,,,,127,2.0,57.84,20.3224
260605_iris2dsweep_solver_export_no_norm,sim,06_3-7_TDS-Half-Plunger-Iris2DsweepSolverNonNorm-260604_128.s1p,,S11,f_2pi3,sim,dispersion_mode_1,2.8571160335532,2.857116,-3.355320021825037e-08,4.2216539972553074e-09,-84.77893285969593,touchstone_ri,2.8571160335532,1.0,,,,128,2.0,58.09,18.3224
260605_iris2dsweep_solver_export_no_norm,sim,06_3-7_TDS-Half-Plunger-Iris2DsweepSolverNonNorm-260604_129.s1p,,S11,f_2pi3,sim,dispersion_mode_1,2.8571160335532,2.857116,-3.355320021825037e-08,1.1741631945409874e-09,-85.74147990432044,touchstone_ri,2.8571160335532,1.0,,,,129,2.0,58.09,18.5724
260605_iris2dsweep_solver_export_no_norm,sim,06_3-7_TDS-Half-Plunger-Iris2DsweepSolverNonNorm-260604_13.s1p,,S11,f_2pi3,sim,dispersion_mode_1,2.8571160335532,2.857116,-3.355320021825037e-08,-1.77324277950445e-07,158.37846683856495,touchstone_ri,2.8571160335532,1.0,,,,13,2.0,54.84,18.5724
260605_iris2dsweep_solver_export_no_norm,sim,06_3-7_TDS-Half-Plunger-Iris2DsweepSolverNonNorm-260604_130.s1p,,S11,f_2pi3,sim,dispersion_mode_1,2.8571160335532,2.857116,-3.355320021825037e-08,-1.075027438142798e-09,-86.6301260229097,touchstone_ri,2.8571160335532,1.0,,,,130,2.0,58.09,18.8224
260605_iris2dsweep_solver_export_no_norm,sim,06_3-7_TDS-Half-Plunger-Iris2DsweepSolverNonNorm-260604_131.s1p,,S11,f_2pi3,sim,dispersion_mode_1,2.8571160335532,2.857116,-3.355320021825037e-08,-1.0090080522960006e-07,-87.46264730828656,touchstone_ri,2.8571160335532,1.0,,,,131,2.0,58.09,19.0724
260605_iris2dsweep_solver_export_no_norm,sim,06_3-7_TDS-Half-Plunger-Iris2DsweepSolverNonNorm-260604_132.s1p,,S11,f_2pi3,sim,dispersion_mode_1,2.8571160335532,2.857116,-3.355320021825037e-08,-1.6508186895649157e-09,-88.23893427439491,touchstone_ri,2.8571160335532,1.0,,,,132,2.0,58.09,19.3224
260605_iris2dsweep_solver_export_no_norm,sim,06_3-7_TDS-Half-Plunger-Iris2DsweepSolverNonNorm-260604_133.s1p,,S11,f_2pi3,sim,dispersion_mode_1,2.8571160335532,2.857116,-3.355320021825037e-08,-2.223074622659557e-08,-88.96503495597342,touchstone_ri,2.8571160335532,1.0,,,,133,2.0,58.09,19.5724
260605_iris2dsweep_solver_export_no_norm,sim,06_3-7_TDS-Half-Plunger-Iris2DsweepSolverNonNorm-260604_134.s1p,,S11,f_2pi3,sim,dispersion_mode_1,2.8571160335532,2.857116,-3.355320021825037e-08,-3.549255944198925e-07,-89.66747526057979,touchstone_ri,2.8571160335532,1.0,,,,134,2.0,58.09,19.8224
260605_iris2dsweep_solver_export_no_norm,sim,06_3-7_TDS-Half-Plunger-Iris2DsweepSolverNonNorm-260604_135.s1p,,S11,f_2pi3,sim,dispersion_mode_1,2.8571160335532,2.857116,-3.355320021825037e-08,-2.471924475688686e-06,-90.31538140878638,touchstone_ri,2.8571160335532,1.0,,,,135,2.0,58.09,20.0724
260605_iris2dsweep_solver_export_no_norm,sim,06_3-7_TDS-Half-Plunger-Iris2DsweepSolverNonNorm-260604_136.s1p,,S11,f_2pi3,sim,dispersion_mode_1,2.8571160335532,2.857116,-3.355320021825037e-08,-4.273361238089055e-09,-90.93001975776895,touchstone_ri,2.8571160335532,1.0,,,,136,2.0,58.09,20.3224
260605_iris2dsweep_solver_export_no_norm,sim,06_3-7_TDS-Half-Plunger-Iris2DsweepSolverNonNorm-260604_137.s1p,,S11,f_2pi3,sim,dispersion_mode_1,2.8571160335532,2.857116,-3.355320021825037e-08,-5.829407751883565e-10,-95.6539855772117,touchstone_ri,2.8571160335532,1.0,,,,137,2.0,58.34,18.3224
260605_iris2dsweep_solver_export_no_norm,sim,06_3-7_TDS-Half-Plunger-Iris2DsweepSolverNonNorm-260604_138.s1p,,S11,f_2pi3,sim,dispersion_mode_1,2.8571160335532,2.857116,-3.355320021825037e-08,-8.49535853631262e-10,-96.1035495105619,touchstone_ri,2.8571160335532,1.0,,,,138,2.0,58.34,18.5724
260605_iris2dsweep_solver_export_no_norm,sim,06_3-7_TDS-Half-Plunger-Iris2DsweepSolverNonNorm-260604_139.s1p,,S11,f_2pi3,sim,dispersion_mode_1,2.8571160335532,2.857116,-3.355320021825037e-08,-3.2164856547880047e-07,-96.52735474422076,touchstone_ri,2.8571160335532,1.0,,,,139,2.0,58.34,18.8224
260605_iris2dsweep_solver_export_no_norm,sim,06_3-7_TDS-Half-Plunger-Iris2DsweepSolverNonNorm-260604_14.s1p,,S11,f_2pi3,sim,dispersion_mode_1,2.8571160335532,2.857116,-3.355320021825037e-08,-1.337856620867099e-06,154.65149240970692,touchstone_ri,2.8571160335532,1.0,,,,14,2.0,54.84,18.8224
260605_iris2dsweep_solver_export_no_norm,sim,06_3-7_TDS-Half-Plunger-Iris2DsweepSolverNonNorm-260604_140.s1p,,S11,f_2pi3,sim,dispersion_mode_1,2.8571160335532,2.857116,-3.355320021825037e-08,2.428276850498267e-09,-96.93636154983852,touchstone_ri,2.8571160335532,1.0,,,,140,2.0,58.34,19.0724
260605_iris2dsweep_solver_export_no_norm,sim,06_3-7_TDS-Half-Plunger-Iris2DsweepSolverNonNorm-260604_141.s1p,,S11,f_2pi3,sim,dispersion_mode_1,2.8571160335532,2.857116,-3.355320021825037e-08,-3.853030324235772e-07,-97.33172147349872,touchstone_ri,2.8571160335532,1.0,,,,141,2.0,58.34,19.3224
260605_iris2dsweep_solver_export_no_norm,sim,06_3-7_TDS-Half-Plunger-Iris2DsweepSolverNonNorm-260604_142.s1p,,S11,f_2pi3,sim,dispersion_mode_1,2.8571160335532,2.857116,-3.355320021825037e-08,-1.1395096317072374e-07,-97.70651328227169,touchstone_ri,2.8571160335532,1.0,,,,142,2.0,58.34,19.5724
260605_iris2dsweep_solver_export_no_norm,sim,06_3-7_TDS-Half-Plunger-Iris2DsweepSolverNonNorm-260604_143.s1p,,S11,f_2pi3,sim,dispersion_mode_1,2.8571160335532,2.857116,-3.355320021825037e-08,1.1730657899554902e-10,-98.06406990697613,touchstone_ri,2.8571160335532,1.0,,,,143,2.0,58.34,19.8224
260605_iris2dsweep_solver_export_no_norm,sim,06_3-7_TDS-Half-Plunger-Iris2DsweepSolverNonNorm-260604_144.s1p,,S11,f_2pi3,sim,dispersion_mode_1,2.8571160335532,2.857116,-3.355320021825037e-08,4.061022113918247e-09,-98.42121430155065,touchstone_ri,2.8571160335532,1.0,,,,144,2.0,58.34,20.0724
260605_iris2dsweep_solver_export_no_norm,sim,06_3-7_TDS-Half-Plunger-Iris2DsweepSolverNonNorm-260604_145.s1p,,S11,f_2pi3,sim,dispersion_mode_1,2.8571160335532,2.857116,-3.355320021825037e-08,-3.012539867638065e-07,-98.76299738534392,touchstone_ri,2.8571160335532,1.0,,,,145,2.0,58.34,20.3224
260605_iris2dsweep_solver_export_no_norm,sim,06_3-7_TDS-Half-Plunger-Iris2DsweepSolverNonNorm-260604_146.s1p,,S11,f_2pi3,sim,dispersion_mode_1,2.8571160335532,2.857116,-3.355320021825037e-08,-2.9507473236706466e-07,-103.21502990522987,touchstone_ri,2.8571160335532,1.0,,,,146,2.0,58.59,18.3224
260605_iris2dsweep_solver_export_no_norm,sim,06_3-7_TDS-Half-Plunger-Iris2DsweepSolverNonNorm-260604_147.s1p,,S11,f_2pi3,sim,dispersion_mode_1,2.8571160335532,2.857116,-3.355320021825037e-08,-7.990590232097288e-08,-103.42244818302272,touchstone_ri,2.8571160335532,1.0,,,,147,2.0,58.59,18.5724
260605_iris2dsweep_solver_export_no_norm,sim,06_3-7_TDS-Half-Plunger-Iris2DsweepSolverNonNorm-260604_148.s1p,,S11,f_2pi3,sim,dispersion_mode_1,2.8571160335532,2.857116,-3.355320021825037e-08,-1.4752330776560843e-08,-103.63080368901736,touchstone_ri,2.8571160335532,1.0,,,,148,2.0,58.59,18.8224
260605_iris2dsweep_solver_export_no_norm,sim,06_3-7_TDS-Half-Plunger-Iris2DsweepSolverNonNorm-260604_149.s1p,,S11,f_2pi3,sim,dispersion_mode_1,2.8571160335532,2.857116,-3.355320021825037e-08,-4.965527505031591e-07,-103.83450914271224,touchstone_ri,2.8571160335532,1.0,,,,149,2.0,58.59,19.0724
260605_iris2dsweep_solver_export_no_norm,sim,06_3-7_TDS-Half-Plunger-Iris2DsweepSolverNonNorm-260604_15.s1p,,S11,f_2pi3,sim,dispersion_mode_1,2.8571160335532,2.857116,-3.355320021825037e-08,-3.0952942981775983e-06,150.74903271788503,touchstone_ri,2.8571160335532,1.0,,,,15,2.0,54.84,19.0724
260605_iris2dsweep_solver_export_no_norm,sim,06_3-7_TDS-Half-Plunger-Iris2DsweepSolverNonNorm-260604_150.s1p,,S11,f_2pi3,sim,dispersion_mode_1,2.8571160335532,2.857116,-3.355320021825037e-08,-3.235273043622395e-08,-104.03688708746351,touchstone_ri,2.8571160335532,1.0,,,,150,2.0,58.59,19.3224
260605_iris2dsweep_solver_export_no_norm,sim,06_3-7_TDS-Half-Plunger-Iris2DsweepSolverNonNorm-260604_151.s1p,,S11,f_2pi3,sim,dispersion_mode_1,2.8571160335532,2.857116,-3.355320021825037e-08,-1.0588425580624721e-07,-104.23304902597027,touchstone_ri,2.8571160335532,1.0,,,,151,2.0,58.59,19.5724
260605_iris2dsweep_solver_export_no_norm,sim,06_3-7_TDS-Half-Plunger-Iris2DsweepSolverNonNorm-260604_152.s1p,,S11,f_2pi3,sim,dispersion_mode_1,2.8571160335532,2.857116,-3.355320021825037e-08,-1.2844249370228682e-07,-104.4321448568564,touchstone_ri,2.8571160335532,1.0,,,,152,2.0,58.59,19.8224
260605_iris2dsweep_solver_export_no_norm,sim,06_3-7_TDS-Half-Plunger-Iris2DsweepSolverNonNorm-260604_153.s1p,,S11,f_2pi3,sim,dispersion_mode_1,2.8571160335532,2.857116,-3.355320021825037e-08,-7.601838669867132e-07,-104.62422678483108,touchstone_ri,2.8571160335532,1.0,,,,153,2.0,58.59,20.0724
260605_iris2dsweep_solver_export_no_norm,sim,06_3-7_TDS-Half-Plunger-Iris2DsweepSolverNonNorm-260604_154.s1p,,S11,f_2pi3,sim,dispersion_mode_1,2.8571160335532,2.857116,-3.355320021825037e-08,1.531101291610369e-09,-104.81749623888257,touchstone_ri,2.8571160335532,1.0,,,,154,2.0,58.59,20.3224
260605_iris2dsweep_solver_export_no_norm,sim,06_3-7_TDS-Half-Plunger-Iris2DsweepSolverNonNorm-260604_16.s1p,,S11,f_2pi3,sim,dispersion_mode_1,2.8571160335532,2.857116,-3.355320021825037e-08,-1.9246878684371215e-06,146.65772740638033,touchstone_ri,2.8571160335532,1.0,,,,16,2.0,54.84,19.3224
260605_iris2dsweep_solver_export_no_norm,sim,06_3-7_TDS-Half-Plunger-Iris2DsweepSolverNonNorm-260604_17.s1p,,S11,f_2pi3,sim,dispersion_mode_1,2.8571160335532,2.857116,-3.355320021825037e-08,-4.679821137576625e-07,142.3828084051932,touchstone_ri,2.8571160335532,1.0,,,,17,2.0,54.84,19.5724
260605_iris2dsweep_solver_export_no_norm,sim,06_3-7_TDS-Half-Plunger-Iris2DsweepSolverNonNorm-260604_18.s1p,,S11,f_2pi3,sim,dispersion_mode_1,2.8571160335532,2.857116,-3.355320021825037e-08,-5.225672896962738e-07,137.92557180636115,touchstone_ri,2.8571160335532,1.0,,,,18,2.0,54.84,19.8224
260605_iris2dsweep_solver_export_no_norm,sim,06_3-7_TDS-Half-Plunger-Iris2DsweepSolverNonNorm-260604_19.s1p,,S11,f_2pi3,sim,dispersion_mode_1,2.8571160335532,2.857116,-3.355320021825037e-08,-2.86606258033047e-07,133.27944941240108,touchstone_ri,2.8571160335532,1.0,,,,19,2.0,54.84,20.0724
260605_iris2dsweep_solver_export_no_norm,sim,06_3-7_TDS-Half-Plunger-Iris2DsweepSolverNonNorm-260604_2.s1p,,S11,f_2pi3,sim,dispersion_mode_1,2.8571160335532,2.857116,-3.355320021825037e-08,3.227825825271401e-09,61.978731011911556,touchstone_ri,2.8571160335532,1.0,,,,2,2.0,56.59,19.3224
260605_iris2dsweep_solver_export_no_norm,sim,06_3-7_TDS-Half-Plunger-Iris2DsweepSolverNonNorm-260604_20.s1p,,S11,f_2pi3,sim,dispersion_mode_1,2.8571160335532,2.857116,-3.355320021825037e-08,-1.920921026846058e-10,128.4544075305951,touchstone_ri,2.8571160335532,1.0,,,,20,2.0,54.84,20.3224
260605_iris2dsweep_solver_export_no_norm,sim,06_3-7_TDS-Half-Plunger-Iris2DsweepSolverNonNorm-260604_21.s1p,,S11,f_2pi3,sim,dispersion_mode_1,2.8571160335532,2.857116,-3.355320021825037e-08,-1.5135935194095458e-06,159.39425433992182,touchstone_ri,2.8571160335532,1.0,,,,21,2.0,55.09,18.3224
260605_iris2dsweep_solver_export_no_norm,sim,06_3-7_TDS-Half-Plunger-Iris2DsweepSolverNonNorm-260604_22.s1p,,S11,f_2pi3,sim,dispersion_mode_1,2.8571160335532,2.857116,-3.355320021825037e-08,-4.596558251153944e-06,155.48371435472262,touchstone_ri,2.8571160335532,1.0,,,,22,2.0,55.09,18.5724
260605_iris2dsweep_solver_export_no_norm,sim,06_3-7_TDS-Half-Plunger-Iris2DsweepSolverNonNorm-260604_23.s1p,,S11,f_2pi3,sim,dispersion_mode_1,2.8571160335532,2.857116,-3.355320021825037e-08,-1.3974885539837081e-06,151.37725209880384,touchstone_ri,2.8571160335532,1.0,,,,23,2.0,55.09,18.8224
260605_iris2dsweep_solver_export_no_norm,sim,06_3-7_TDS-Half-Plunger-Iris2DsweepSolverNonNorm-260604_24.s1p,,S11,f_2pi3,sim,dispersion_mode_1,2.8571160335532,2.857116,-3.355320021825037e-08,-1.8943325141413046e-07,147.05991124218332,touchstone_ri,2.8571160335532,1.0,,,,24,2.0,55.09,19.0724
260605_iris2dsweep_solver_export_no_norm,sim,06_3-7_TDS-Half-Plunger-Iris2DsweepSolverNonNorm-260604_25.s1p,,S11,f_2pi3,sim,dispersion_mode_1,2.8571160335532,2.857116,-3.355320021825037e-08,-3.380838558629537e-09,142.53019769452757,touchstone_ri,2.8571160335532,1.0,,,,25,2.0,55.09,19.3224
260605_iris2dsweep_solver_export_no_norm,sim,06_3-7_TDS-Half-Plunger-Iris2DsweepSolverNonNorm-260604_26.s1p,,S11,f_2pi3,sim,dispersion_mode_1,2.8571160335532,2.857116,-3.355320021825037e-08,-1.1589520262574152e-07,137.788677675681,touchstone_ri,2.8571160335532,1.0,,,,26,2.0,55.09,19.5724
260605_iris2dsweep_solver_export_no_norm,sim,06_3-7_TDS-Half-Plunger-Iris2DsweepSolverNonNorm-260604_27.s1p,,S11,f_2pi3,sim,dispersion_mode_1,2.8571160335532,2.857116,-3.355320021825037e-08,2.2066705416858563e-10,132.8406278697379,touchstone_ri,2.8571160335532,1.0,,,,27,2.0,55.09,19.8224
260605_iris2dsweep_solver_export_no_norm,sim,06_3-7_TDS-Half-Plunger-Iris2DsweepSolverNonNorm-260604_28.s1p,,S11,f_2pi3,sim,dispersion_mode_1,2.8571160335532,2.857116,-3.355320021825037e-08,-1.2602660655453875e-09,127.68900928106437,touchstone_ri,2.8571160335532,1.0,,,,28,2.0,55.09,20.0724
260605_iris2dsweep_solver_export_no_norm,sim,06_3-7_TDS-Half-Plunger-Iris2DsweepSolverNonNorm-260604_29.s1p,,S11,f_2pi3,sim,dispersion_mode_1,2.8571160335532,2.857116,-3.355320021825037e-08,-2.0552973805439974e-06,122.33300548958802,touchstone_ri,2.8571160335532,1.0,,,,29,2.0,55.09,20.3224
260605_iris2dsweep_solver_export_no_norm,sim,06_3-7_TDS-Half-Plunger-Iris2DsweepSolverNonNorm-260604_3.s1p,,S11,f_2pi3,sim,dispersion_mode_1,2.8571160335532,2.857116,-3.355320021825037e-08,-2.563337975486435e-06,163.81595193331475,touchstone_ri,2.8571160335532,1.0,,,,3,2.0,54.59,18.3224
260605_iris2dsweep_solver_export_no_norm,sim,06_3-7_TDS-Half-Plunger-Iris2DsweepSolverNonNorm-260604_30.s1p,,S11,f_2pi3,sim,dispersion_mode_1,2.8571160335532,2.857116,-3.355320021825037e-08,-1.006017368419902e-06,155.98193599522602,touchstone_ri,2.8571160335532,1.0,,,,30,2.0,55.34,18.3224
260605_iris2dsweep_solver_export_no_norm,sim,06_3-7_TDS-Half-Plunger-Iris2DsweepSolverNonNorm-260604_31.s1p,,S11,f_2pi3,sim,dispersion_mode_1,2.8571160335532,2.857116,-3.355320021825037e-08,-1.463143333613363e-06,151.61844308721626,touchstone_ri,2.8571160335532,1.0,,,,31,2.0,55.34,18.5724
260605_iris2dsweep_solver_export_no_norm,sim,06_3-7_TDS-Half-Plunger-Iris2DsweepSolverNonNorm-260604_32.s1p,,S11,f_2pi3,sim,dispersion_mode_1,2.8571160335532,2.857116,-3.355320021825037e-08,-3.665328159928789e-07,147.01468585694175,touchstone_ri,2.8571160335532,1.0,,,,32,2.0,55.34,18.8224
260605_iris2dsweep_solver_export_no_norm,sim,06_3-7_TDS-Half-Plunger-Iris2DsweepSolverNonNorm-260604_33.s1p,,S11,f_2pi3,sim,dispersion_mode_1,2.8571160335532,2.857116,-3.355320021825037e-08,3.026210024601823e-09,142.1790327579521,touchstone_ri,2.8571160335532,1.0,,,,33,2.0,55.34,19.0724
260605_iris2dsweep_solver_export_no_norm,sim,06_3-7_TDS-Half-Plunger-Iris2DsweepSolverNonNorm-260604_34.s1p,,S11,f_2pi3,sim,dispersion_mode_1,2.8571160335532,2.857116,-3.355320021825037e-08,-4.499428526187306e-09,137.08948018263246,touchstone_ri,2.8571160335532,1.0,,,,34,2.0,55.34,19.3224
260605_iris2dsweep_solver_export_no_norm,sim,06_3-7_TDS-Half-Plunger-Iris2DsweepSolverNonNorm-260604_35.s1p,,S11,f_2pi3,sim,dispersion_mode_1,2.8571160335532,2.857116,-3.355320021825037e-08,-1.1613906774034958e-09,131.77010106016826,touchstone_ri,2.8571160335532,1.0,,,,35,2.0,55.34,19.5724
260605_iris2dsweep_solver_export_no_norm,sim,06_3-7_TDS-Half-Plunger-Iris2DsweepSolverNonNorm-260604_36.s1p,,S11,f_2pi3,sim,dispersion_mode_1,2.8571160335532,2.857116,-3.355320021825037e-08,-2.9464591798173278e-09,126.21620444125645,touchstone_ri,2.8571160335532,1.0,,,,36,2.0,55.34,19.8224
260605_iris2dsweep_solver_export_no_norm,sim,06_3-7_TDS-Half-Plunger-Iris2DsweepSolverNonNorm-260604_37.s1p,,S11,f_2pi3,sim,dispersion_mode_1,2.8571160335532,2.857116,-3.355320021825037e-08,-2.832292535303087e-07,120.43907238597463,touchstone_ri,2.8571160335532,1.0,,,,37,2.0,55.34,20.0724
260605_iris2dsweep_solver_export_no_norm,sim,06_3-7_TDS-Half-Plunger-Iris2DsweepSolverNonNorm-260604_38.s1p,,S11,f_2pi3,sim,dispersion_mode_1,2.8571160335532,2.857116,-3.355320021825037e-08,-3.3745935739537087e-09,114.45488583758625,touchstone_ri,2.8571160335532,1.0,,,,38,2.0,55.34,20.3224
260605_iris2dsweep_solver_export_no_norm,sim,06_3-7_TDS-Half-Plunger-Iris2DsweepSolverNonNorm-260604_39.s1p,,S11,f_2pi3,sim,dispersion_mode_1,2.8571160335532,2.857116,-3.355320021825037e-08,-2.759084407914044e-07,151.32594184427063,touchstone_ri,2.8571160335532,1.0,,,,39,2.0,55.59,18.3224
260605_iris2dsweep_solver_export_no_norm,sim,06_3-7_TDS-Half-Plunger-Iris2DsweepSolverNonNorm-260604_4.s1p,,S11,f_2pi3,sim,dispersion_mode_1,2.8571160335532,2.857116,-3.355320021825037e-08,-2.8504012590353576e-06,160.55259251593756,touchstone_ri,2.8571160335532,1.0,,,,4,2.0,54.59,18.5724
260605_iris2dsweep_solver_export_no_norm,sim,06_3-7_TDS-Half-Plunger-Iris2DsweepSolverNonNorm-260604_40.s1p,,S11,f_2pi3,sim,dispersion_mode_1,2.8571160335532,2.857116,-3.355320021825037e-08,-6.829864024940884e-07,146.37764603783975,touchstone_ri,2.8571160335532,1.0,,,,40,2.0,55.59,18.5724
260605_iris2dsweep_solver_export_no_norm,sim,06_3-7_TDS-Half-Plunger-Iris2DsweepSolverNonNorm-260604_41.s1p,,S11,f_2pi3,sim,dispersion_mode_1,2.8571160335532,2.857116,-3.355320021825037e-08,-7.653018821929618e-06,141.13768567922895,touchstone_ri,2.8571160335532,1.0,,,,41,2.0,55.59,18.8224
260605_iris2dsweep_solver_export_no_norm,sim,06_3-7_TDS-Half-Plunger-Iris2DsweepSolverNonNorm-260604_42.s1p,,S11,f_2pi3,sim,dispersion_mode_1,2.8571160335532,2.857116,-3.355320021825037e-08,-9.762870251911572e-06,135.6238113380224,touchstone_ri,2.8571160335532,1.0,,,,42,2.0,55.59,19.0724
260605_iris2dsweep_solver_export_no_norm,sim,06_3-7_TDS-Half-Plunger-Iris2DsweepSolverNonNorm-260604_43.s1p,,S11,f_2pi3,sim,dispersion_mode_1,2.8571160335532,2.857116,-3.355320021825037e-08,-1.2722348209127415e-05,129.83289504989733,touchstone_ri,2.8571160335532,1.0,,,,43,2.0,55.59,19.3224
260605_iris2dsweep_solver_export_no_norm,sim,06_3-7_TDS-Half-Plunger-Iris2DsweepSolverNonNorm-260604_44.s1p,,S11,f_2pi3,sim,dispersion_mode_1,2.8571160335532,2.857116,-3.355320021825037e-08,-1.4651867409664605e-06,123.77603253730946,touchstone_ri,2.8571160335532,1.0,,,,44,2.0,55.59,19.5724
260605_iris2dsweep_solver_export_no_norm,sim,06_3-7_TDS-Half-Plunger-Iris2DsweepSolverNonNorm-260604_45.s1p,,S11,f_2pi3,sim,dispersion_mode_1,2.8571160335532,2.857116,-3.355320021825037e-08,-1.1016705547134293e-06,117.4669183379807,touchstone_ri,2.8571160335532,1.0,,,,45,2.0,55.59,19.8224
260605_iris2dsweep_solver_export_no_norm,sim,06_3-7_TDS-Half-Plunger-Iris2DsweepSolverNonNorm-260604_46.s1p,,S11,f_2pi3,sim,dispersion_mode_1,2.8571160335532,2.857116,-3.355320021825037e-08,4.173782853183804e-09,110.93230855955541,touchstone_ri,2.8571160335532,1.0,,,,46,2.0,55.59,20.0724
260605_iris2dsweep_solver_export_no_norm,sim,06_3-7_TDS-Half-Plunger-Iris2DsweepSolverNonNorm-260604_47.s1p,,S11,f_2pi3,sim,dispersion_mode_1,2.8571160335532,2.857116,-3.355320021825037e-08,-2.1077768316196578e-09,104.20186833843732,touchstone_ri,2.8571160335532,1.0,,,,47,2.0,55.59,20.3224
260605_iris2dsweep_solver_export_no_norm,sim,06_3-7_TDS-Half-Plunger-Iris2DsweepSolverNonNorm-260604_48.s1p,,S11,f_2pi3,sim,dispersion_mode_1,2.8571160335532,2.857116,-3.355320021825037e-08,2.5378225220124716e-09,144.87728154862023,touchstone_ri,2.8571160335532,1.0,,,,48,2.0,55.84,18.3224
260605_iris2dsweep_solver_export_no_norm,sim,06_3-7_TDS-Half-Plunger-Iris2DsweepSolverNonNorm-260604_49.s1p,,S11,f_2pi3,sim,dispersion_mode_1,2.8571160335532,2.857116,-3.355320021825037e-08,-9.134873826963888e-07,139.1341723757694,touchstone_ri,2.8571160335532,1.0,,,,49,2.0,55.84,18.5724
260605_iris2dsweep_solver_export_no_norm,sim,06_3-7_TDS-Half-Plunger-Iris2DsweepSolverNonNorm-260604_5.s1p,,S11,f_2pi3,sim,dispersion_mode_1,2.8571160335532,2.857116,-3.355320021825037e-08,-3.263197224893534e-06,157.1400083123696,touchstone_ri,2.8571160335532,1.0,,,,5,2.0,54.59,18.8224
260605_iris2dsweep_solver_export_no_norm,sim,06_3-7_TDS-Half-Plunger-Iris2DsweepSolverNonNorm-260604_50.s1p,,S11,f_2pi3,sim,dispersion_mode_1,2.8571160335532,2.857116,-3.355320021825037e-08,-1.9108144515928278e-06,133.0681088307874,touchstone_ri,2.8571160335532,1.0,,,,50,2.0,55.84,18.8224
260605_iris2dsweep_solver_export_no_norm,sim,06_3-7_TDS-Half-Plunger-Iris2DsweepSolverNonNorm-260604_51.s1p,,S11,f_2pi3,sim,dispersion_mode_1,2.8571160335532,2.857116,-3.355320021825037e-08,-5.079153725178633e-07,126.6732281786196,touchstone_ri,2.8571160335532,1.0,,,,51,2.0,55.84,19.0724
260605_iris2dsweep_solver_export_no_norm,sim,06_3-7_TDS-Half-Plunger-Iris2DsweepSolverNonNorm-260604_52.s1p,,S11,f_2pi3,sim,dispersion_mode_1,2.8571160335532,2.857116,-3.355320021825037e-08,-1.0223906545635231e-06,119.97067675211314,touchstone_ri,2.8571160335532,1.0,,,,52,2.0,55.84,19.3224
260605_iris2dsweep_solver_export_no_norm,sim,06_3-7_TDS-Half-Plunger-Iris2DsweepSolverNonNorm-260604_53.s1p,,S11,f_2pi3,sim,dispersion_mode_1,2.8571160335532,2.857116,-3.355320021825037e-08,-1.4583320540283488e-07,112.9979554956442,touchstone_ri,2.8571160335532,1.0,,,,53,2.0,55.84,19.5724
260605_iris2dsweep_solver_export_no_norm,sim,06_3-7_TDS-Half-Plunger-Iris2DsweepSolverNonNorm-260604_54.s1p,,S11,f_2pi3,sim,dispersion_mode_1,2.8571160335532,2.857116,-3.355320021825037e-08,3.732684040943624e-09,105.78099085333578,touchstone_ri,2.8571160335532,1.0,,,,54,2.0,55.84,19.8224
260605_iris2dsweep_solver_export_no_norm,sim,06_3-7_TDS-Half-Plunger-Iris2DsweepSolverNonNorm-260604_55.s1p,,S11,f_2pi3,sim,dispersion_mode_1,2.8571160335532,2.857116,-3.355320021825037e-08,8.834146060997423e-10,98.36175392053605,touchstone_ri,2.8571160335532,1.0,,,,55,2.0,55.84,20.0724
260605_iris2dsweep_solver_export_no_norm,sim,06_3-7_TDS-Half-Plunger-Iris2DsweepSolverNonNorm-260604_56.s1p,,S11,f_2pi3,sim,dispersion_mode_1,2.8571160335532,2.857116,-3.355320021825037e-08,-1.1769202069269603e-09,90.79598012571005,touchstone_ri,2.8571160335532,1.0,,,,56,2.0,55.84,20.3224
260605_iris2dsweep_solver_export_no_norm,sim,06_3-7_TDS-Half-Plunger-Iris2DsweepSolverNonNorm-260604_57.s1p,,S11,f_2pi3,sim,dispersion_mode_1,2.8571160335532,2.857116,-3.355320021825037e-08,2.479490353577511e-09,135.71193460547974,touchstone_ri,2.8571160335532,1.0,,,,57,2.0,56.09,18.3224
260605_iris2dsweep_solver_export_no_norm,sim,06_3-7_TDS-Half-Plunger-Iris2DsweepSolverNonNorm-260604_58.s1p,,S11,f_2pi3,sim,dispersion_mode_1,2.8571160335532,2.857116,-3.355320021825037e-08,1.8461586468016761e-09,128.90326618175405,touchstone_ri,2.8571160335532,1.0,,,,58,2.0,56.09,18.5724
260605_iris2dsweep_solver_export_no_norm,sim,06_3-7_TDS-Half-Plunger-Iris2DsweepSolverNonNorm-260604_59.s1p,,S11,f_2pi3,sim,dispersion_mode_1,2.8571160335532,2.857116,-3.355320021825037e-08,-1.424636646572266e-09,121.72333571181181,touchstone_ri,2.8571160335532,1.0,,,,59,2.0,56.09,18.8224
260605_iris2dsweep_solver_export_no_norm,sim,06_3-7_TDS-Half-Plunger-Iris2DsweepSolverNonNorm-260604_6.s1p,,S11,f_2pi3,sim,dispersion_mode_1,2.8571160335532,2.857116,-3.355320021825037e-08,-3.1932498651448687e-09,153.56631940054868,touchstone_ri,2.8571160335532,1.0,,,,6,2.0,54.59,19.0724
260605_iris2dsweep_solver_export_no_norm,sim,06_3-7_TDS-Half-Plunger-Iris2DsweepSolverNonNorm-260604_60.s1p,,S11,f_2pi3,sim,dispersion_mode_1,2.8571160335532,2.857116,-3.355320021825037e-08,-2.7648936757000482e-09,114.19231388993279,touchstone_ri,2.8571160335532,1.0,,,,60,2.0,56.09,19.0724
260605_iris2dsweep_solver_export_no_norm,sim,06_3-7_TDS-Half-Plunger-Iris2DsweepSolverNonNorm-260604_61.s1p,,S11,f_2pi3,sim,dispersion_mode_1,2.8571160335532,2.857116,-3.355320021825037e-08,-2.614039108423075e-09,106.38173714402868,touchstone_ri,2.8571160335532,1.0,,,,61,2.0,56.09,19.3224
260605_iris2dsweep_solver_export_no_norm,sim,06_3-7_TDS-Half-Plunger-Iris2DsweepSolverNonNorm-260604_62.s1p,,S11,f_2pi3,sim,dispersion_mode_1,2.8571160335532,2.857116,-3.355320021825037e-08,-2.0756955854546373e-09,98.30274805281636,touchstone_ri,2.8571160335532,1.0,,,,62,2.0,56.09,19.5724
260605_iris2dsweep_solver_export_no_norm,sim,06_3-7_TDS-Half-Plunger-Iris2DsweepSolverNonNorm-260604_63.s1p,,S11,f_2pi3,sim,dispersion_mode_1,2.8571160335532,2.857116,-3.355320021825037e-08,-1.488320832474124e-09,90.06138026586511,touchstone_ri,2.8571160335532,1.0,,,,63,2.0,56.09,19.8224
260605_iris2dsweep_solver_export_no_norm,sim,06_3-7_TDS-Half-Plunger-Iris2DsweepSolverNonNorm-260604_64.s1p,,S11,f_2pi3,sim,dispersion_mode_1,2.8571160335532,2.857116,-3.355320021825037e-08,-1.6831361959577183e-09,81.72666980128183,touchstone_ri,2.8571160335532,1.0,,,,64,2.0,56.09,20.0724
260605_iris2dsweep_solver_export_no_norm,sim,06_3-7_TDS-Half-Plunger-Iris2DsweepSolverNonNorm-260604_65.s1p,,S11,f_2pi3,sim,dispersion_mode_1,2.8571160335532,2.857116,-3.355320021825037e-08,-1.7320825651871862e-09,73.3683800762371,touchstone_ri,2.8571160335532,1.0,,,,65,2.0,56.09,20.3224
260605_iris2dsweep_solver_export_no_norm,sim,06_3-7_TDS-Half-Plunger-Iris2DsweepSolverNonNorm-260604_66.s1p,,S11,f_2pi3,sim,dispersion_mode_1,2.8571160335532,2.857116,-3.355320021825037e-08,-2.336637776332902e-09,122.32564261416672,touchstone_ri,2.8571160335532,1.0,,,,66,2.0,56.34,18.3224
260605_iris2dsweep_solver_export_no_norm,sim,06_3-7_TDS-Half-Plunger-Iris2DsweepSolverNonNorm-260604_67.s1p,,S11,f_2pi3,sim,dispersion_mode_1,2.8571160335532,2.857116,-3.355320021825037e-08,-6.834275545204004e-10,114.08827973550763,touchstone_ri,2.8571160335532,1.0,,,,67,2.0,56.34,18.5724
260605_iris2dsweep_solver_export_no_norm,sim,06_3-7_TDS-Half-Plunger-Iris2DsweepSolverNonNorm-260604_68.s1p,,S11,f_2pi3,sim,dispersion_mode_1,2.8571160335532,2.857116,-3.355320021825037e-08,-6.92863498781372e-10,105.49032594972554,touchstone_ri,2.8571160335532,1.0,,,,68,2.0,56.34,18.8224
260605_iris2dsweep_solver_export_no_norm,sim,06_3-7_TDS-Half-Plunger-Iris2DsweepSolverNonNorm-260604_69.s1p,,S11,f_2pi3,sim,dispersion_mode_1,2.8571160335532,2.857116,-3.355320021825037e-08,-2.5630637941984104e-09,96.60286040810107,touchstone_ri,2.8571160335532,1.0,,,,69,2.0,56.34,19.0724
260605_iris2dsweep_solver_export_no_norm,sim,06_3-7_TDS-Half-Plunger-Iris2DsweepSolverNonNorm-260604_7.s1p,,S11,f_2pi3,sim,dispersion_mode_1,2.8571160335532,2.857116,-3.355320021825037e-08,3.5971420296119505e-09,149.8333001343051,touchstone_ri,2.8571160335532,1.0,,,,7,2.0,54.59,19.3224
260605_iris2dsweep_solver_export_no_norm,sim,06_3-7_TDS-Half-Plunger-Iris2DsweepSolverNonNorm-260604_70.s1p,,S11,f_2pi3,sim,dispersion_mode_1,2.8571160335532,2.857116,-3.355320021825037e-08,1.0386173258595228e-09,87.53019835258408,touchstone_ri,2.8571160335532,1.0,,,,70,2.0,56.34,19.3224
260605_iris2dsweep_solver_export_no_norm,sim,06_3-7_TDS-Half-Plunger-Iris2DsweepSolverNonNorm-260604_71.s1p,,S11,f_2pi3,sim,dispersion_mode_1,2.8571160335532,2.857116,-3.355320021825037e-08,-3.1609236797992455e-09,78.34383580921892,touchstone_ri,2.8571160335532,1.0,,,,71,2.0,56.34,19.5724
260605_iris2dsweep_solver_export_no_norm,sim,06_3-7_TDS-Half-Plunger-Iris2DsweepSolverNonNorm-260604_72.s1p,,S11,f_2pi3,sim,dispersion_mode_1,2.8571160335532,2.857116,-3.355320021825037e-08,3.8641527330562745e-09,69.19556083293708,touchstone_ri,2.8571160335532,1.0,,,,72,2.0,56.34,19.8224
260605_iris2dsweep_solver_export_no_norm,sim,06_3-7_TDS-Half-Plunger-Iris2DsweepSolverNonNorm-260604_73.s1p,,S11,f_2pi3,sim,dispersion_mode_1,2.8571160335532,2.857116,-3.355320021825037e-08,-5.626627045188625e-09,60.1900749992856,touchstone_ri,2.8571160335532,1.0,,,,73,2.0,56.34,20.0724
260605_iris2dsweep_solver_export_no_norm,sim,06_3-7_TDS-Half-Plunger-Iris2DsweepSolverNonNorm-260604_74.s1p,,S11,f_2pi3,sim,dispersion_mode_1,2.8571160335532,2.857116,-3.355320021825037e-08,-2.9904084036572173e-10,51.40701021110542,touchstone_ri,2.8571160335532,1.0,,,,74,2.0,56.34,20.3224
260605_iris2dsweep_solver_export_no_norm,sim,06_3-7_TDS-Half-Plunger-Iris2DsweepSolverNonNorm-260604_75.s1p,,S11,f_2pi3,sim,dispersion_mode_1,2.8571160335532,2.857116,-3.355320021825037e-08,4.392048732855234e-10,102.30767485007202,touchstone_ri,2.8571160335532,1.0,,,,75,2.0,56.59,18.3224
260605_iris2dsweep_solver_export_no_norm,sim,06_3-7_TDS-Half-Plunger-Iris2DsweepSolverNonNorm-260604_76.s1p,,S11,f_2pi3,sim,dispersion_mode_1,2.8571160335532,2.857116,-3.355320021825037e-08,-2.535894832147763e-09,92.34651774185308,touchstone_ri,2.8571160335532,1.0,,,,76,2.0,56.59,18.5724
260605_iris2dsweep_solver_export_no_norm,sim,06_3-7_TDS-Half-Plunger-Iris2DsweepSolverNonNorm-260604_77.s1p,,S11,f_2pi3,sim,dispersion_mode_1,2.8571160335532,2.857116,-3.355320021825037e-08,9.745531949539459e-10,82.21547295945042,touchstone_ri,2.8571160335532,1.0,,,,77,2.0,56.59,18.8224
260605_iris2dsweep_solver_export_no_norm,sim,06_3-7_TDS-Half-Plunger-Iris2DsweepSolverNonNorm-260604_78.s1p,,S11,f_2pi3,sim,dispersion_mode_1,2.8571160335532,2.857116,-3.355320021825037e-08,3.164861027693442e-09,72.04385053877276,touchstone_ri,2.8571160335532,1.0,,,,78,2.0,56.59,19.0724
260605_iris2dsweep_solver_export_no_norm,sim,06_3-7_TDS-Half-Plunger-Iris2DsweepSolverNonNorm-260604_79.s1p,,S11,f_2pi3,sim,dispersion_mode_1,2.8571160335532,2.857116,-3.355320021825037e-08,1.4257928749708088e-09,52.184588470571825,touchstone_ri,2.8571160335532,1.0,,,,79,2.0,56.59,19.5724
260605_iris2dsweep_solver_export_no_norm,sim,06_3-7_TDS-Half-Plunger-Iris2DsweepSolverNonNorm-260604_8.s1p,,S11,f_2pi3,sim,dispersion_mode_1,2.8571160335532,2.857116,-3.355320021825037e-08,-1.7673697068853752e-07,145.9370307961637,touchstone_ri,2.8571160335532,1.0,,,,8,2.0,54.59,19.5724
260605_iris2dsweep_solver_export_no_norm,sim,06_3-7_TDS-Half-Plunger-Iris2DsweepSolverNonNorm-260604_80.s1p,,S11,f_2pi3,sim,dispersion_mode_1,2.8571160335532,2.857116,-3.355320021825037e-08,4.768215518465534e-09,42.76302505732552,touchstone_ri,2.8571160335532,1.0,,,,80,2.0,56.59,19.8224
260605_iris2dsweep_solver_export_no_norm,sim,06_3-7_TDS-Half-Plunger-Iris2DsweepSolverNonNorm-260604_81.s1p,,S11,f_2pi3,sim,dispersion_mode_1,2.8571160335532,2.857116,-3.355320021825037e-08,1.6443461232968873e-09,33.85350602427721,touchstone_ri,2.8571160335532,1.0,,,,81,2.0,56.59,20.0724
260605_iris2dsweep_solver_export_no_norm,sim,06_3-7_TDS-Half-Plunger-Iris2DsweepSolverNonNorm-260604_82.s1p,,S11,f_2pi3,sim,dispersion_mode_1,2.8571160335532,2.857116,-3.355320021825037e-08,2.503505964797665e-09,25.434042005099354,touchstone_ri,2.8571160335532,1.0,,,,82,2.0,56.59,20.3224
260605_iris2dsweep_solver_export_no_norm,sim,06_3-7_TDS-Half-Plunger-Iris2DsweepSolverNonNorm-260604_83.s1p,,S11,f_2pi3,sim,dispersion_mode_1,2.8571160335532,2.857116,-3.355320021825037e-08,1.6326430451650044e-09,72.64140242483751,touchstone_ri,2.8571160335532,1.0,,,,83,2.0,56.84,18.3224
260605_iris2dsweep_solver_export_no_norm,sim,06_3-7_TDS-Half-Plunger-Iris2DsweepSolverNonNorm-260604_84.s1p,,S11,f_2pi3,sim,dispersion_mode_1,2.8571160335532,2.857116,-3.355320021825037e-08,7.717493427933772e-10,61.34036349842707,touchstone_ri,2.8571160335532,1.0,,,,84,2.0,56.84,18.5724
260605_iris2dsweep_solver_export_no_norm,sim,06_3-7_TDS-Half-Plunger-Iris2DsweepSolverNonNorm-260604_85.s1p,,S11,f_2pi3,sim,dispersion_mode_1,2.8571160335532,2.857116,-3.355320021825037e-08,-4.7743939671647e-09,50.372441512346306,touchstone_ri,2.8571160335532,1.0,,,,85,2.0,56.84,18.8224
260605_iris2dsweep_solver_export_no_norm,sim,06_3-7_TDS-Half-Plunger-Iris2DsweepSolverNonNorm-260604_86.s1p,,S11,f_2pi3,sim,dispersion_mode_1,2.8571160335532,2.857116,-3.355320021825037e-08,-2.9250509733370574e-06,39.91488482015516,touchstone_ri,2.8571160335532,1.0,,,,86,2.0,56.84,19.0724
260605_iris2dsweep_solver_export_no_norm,sim,06_3-7_TDS-Half-Plunger-Iris2DsweepSolverNonNorm-260604_87.s1p,,S11,f_2pi3,sim,dispersion_mode_1,2.8571160335532,2.857116,-3.355320021825037e-08,-3.687185144001361e-09,30.067670959118832,touchstone_ri,2.8571160335532,1.0,,,,87,2.0,56.84,19.3224
260605_iris2dsweep_solver_export_no_norm,sim,06_3-7_TDS-Half-Plunger-Iris2DsweepSolverNonNorm-260604_88.s1p,,S11,f_2pi3,sim,dispersion_mode_1,2.8571160335532,2.857116,-3.355320021825037e-08,1.1903368948078176e-09,20.939573504517064,touchstone_ri,2.8571160335532,1.0,,,,88,2.0,56.84,19.5724
260605_iris2dsweep_solver_export_no_norm,sim,06_3-7_TDS-Half-Plunger-Iris2DsweepSolverNonNorm-260604_89.s1p,,S11,f_2pi3,sim,dispersion_mode_1,2.8571160335532,2.857116,-3.355320021825037e-08,-1.8628376550591378e-09,12.537751114961704,touchstone_ri,2.8571160335532,1.0,,,,89,2.0,56.84,19.8224
260605_iris2dsweep_solver_export_no_norm,sim,06_3-7_TDS-Half-Plunger-Iris2DsweepSolverNonNorm-260604_9.s1p,,S11,f_2pi3,sim,dispersion_mode_1,2.8571160335532,2.857116,-3.355320021825037e-08,-5.360353608195482e-07,141.87763649413208,touchstone_ri,2.8571160335532,1.0,,,,9,2.0,54.59,19.8224
260605_iris2dsweep_solver_export_no_norm,sim,06_3-7_TDS-Half-Plunger-Iris2DsweepSolverNonNorm-260604_90.s1p,,S11,f_2pi3,sim,dispersion_mode_1,2.8571160335532,2.857116,-3.355320021825037e-08,-1.2948497414834746e-09,4.843949994088041,touchstone_ri,2.8571160335532,1.0,,,,90,2.0,56.84,20.0724
260605_iris2dsweep_solver_export_no_norm,sim,06_3-7_TDS-Half-Plunger-Iris2DsweepSolverNonNorm-260604_91.s1p,,S11,f_2pi3,sim,dispersion_mode_1,2.8571160335532,2.857116,-3.355320021825037e-08,-3.9959897992700953e-10,-2.141756250055151,touchstone_ri,2.8571160335532,1.0,,,,91,2.0,56.84,20.3224
260605_iris2dsweep_solver_export_no_norm,sim,06_3-7_TDS-Half-Plunger-Iris2DsweepSolverNonNorm-260604_92.s1p,,S11,f_2pi3,sim,dispersion_mode_1,2.8571160335532,2.857116,-3.355320021825037e-08,1.8823498566136533e-09,32.77655925525485,touchstone_ri,2.8571160335532,1.0,,,,92,2.0,57.09,18.3224
260605_iris2dsweep_solver_export_no_norm,sim,06_3-7_TDS-Half-Plunger-Iris2DsweepSolverNonNorm-260604_93.s1p,,S11,f_2pi3,sim,dispersion_mode_1,2.8571160335532,2.857116,-3.355320021825037e-08,-4.584764756729632e-09,22.143687129772044,touchstone_ri,2.8571160335532,1.0,,,,93,2.0,57.09,18.5724
260605_iris2dsweep_solver_export_no_norm,sim,06_3-7_TDS-Half-Plunger-Iris2DsweepSolverNonNorm-260604_94.s1p,,S11,f_2pi3,sim,dispersion_mode_1,2.8571160335532,2.857116,-3.355320021825037e-08,-2.305513143014111e-09,12.481213489088264,touchstone_ri,2.8571160335532,1.0,,,,94,2.0,57.09,18.8224
260605_iris2dsweep_solver_export_no_norm,sim,06_3-7_TDS-Half-Plunger-Iris2DsweepSolverNonNorm-260604_95.s1p,,S11,f_2pi3,sim,dispersion_mode_1,2.8571160335532,2.857116,-3.355320021825037e-08,-3.015931499713799e-06,3.7351601256196605,touchstone_ri,2.8571160335532,1.0,,,,95,2.0,57.09,19.0724
260605_iris2dsweep_solver_export_no_norm,sim,06_3-7_TDS-Half-Plunger-Iris2DsweepSolverNonNorm-260604_96.s1p,,S11,f_2pi3,sim,dispersion_mode_1,2.8571160335532,2.857116,-3.355320021825037e-08,2.582245231073622e-09,-4.107061378138076,touchstone_ri,2.8571160335532,1.0,,,,96,2.0,57.09,19.3224
260605_iris2dsweep_solver_export_no_norm,sim,06_3-7_TDS-Half-Plunger-Iris2DsweepSolverNonNorm-260604_97.s1p,,S11,f_2pi3,sim,dispersion_mode_1,2.8571160335532,2.857116,-3.355320021825037e-08,-3.6197333306699865e-09,-11.103240938269192,touchstone_ri,2.8571160335532,1.0,,,,97,2.0,57.09,19.5724
260605_iris2dsweep_solver_export_no_norm,sim,06_3-7_TDS-Half-Plunger-Iris2DsweepSolverNonNorm-260604_98.s1p,,S11,f_2pi3,sim,dispersion_mode_1,2.8571160335532,2.857116,-3.355320021825037e-08,3.5580983391622224e-09,-17.399483425117097,touchstone_ri,2.8571160335532,1.0,,,,98,2.0,57.09,19.8224
260605_iris2dsweep_solver_export_no_norm,sim,06_3-7_TDS-Half-Plunger-Iris2DsweepSolverNonNorm-260604_99.s1p,,S11,f_2pi3,sim,dispersion_mode_1,2.8571160335532,2.857116,-3.355320021825037e-08,4.697933405229931e-10,-23.037865797554264,touchstone_ri,2.8571160335532,1.0,,,,99,2.0,57.09,20.0724
260605_iris2dsweep_solver_export_no_norm,sim,06_3-7_TDS-Half-Plunger-Iris2DsweepSolverNonNorm-260604_1.s1p,,S11,f_mean,sim,dispersion_mode_1,2.8672804543714,2.86728,-4.543714000604382e-07,-3.523772140106342e-09,177.38289591933793,touchstone_ri,2.8672804543714,1.0,,,,1,1.0,56.59,19.3224
260605_iris2dsweep_solver_export_no_norm,sim,06_3-7_TDS-Half-Plunger-Iris2DsweepSolverNonNorm-260604_10.s1p,,S11,f_mean,sim,dispersion_mode_1,2.8672804543714,2.86728,-4.543714000604382e-07,-3.657200876453853e-05,121.87674161527967,touchstone_ri,2.8672804543714,1.0,,,,10,2.0,54.59,20.0724
260605_iris2dsweep_solver_export_no_norm,sim,06_3-7_TDS-Half-Plunger-Iris2DsweepSolverNonNorm-260604_100.s1p,,S11,f_mean,sim,dispersion_mode_1,2.8672804543714,2.86728,-4.543714000604382e-07,-8.39267542619556e-06,-70.65483180336655,touchstone_ri,2.8672804543714,1.0,,,,100,2.0,57.09,20.3224
260605_iris2dsweep_solver_export_no_norm,sim,06_3-7_TDS-Half-Plunger-Iris2DsweepSolverNonNorm-260604_101.s1p,,S11,f_mean,sim,dispersion_mode_1,2.8672804543714,2.86728,-4.543714000604382e-07,-2.096790724111188e-05,-70.84812048999746,touchstone_ri,2.8672804543714,1.0,,,,101,2.0,57.34,18.3224
260605_iris2dsweep_solver_export_no_norm,sim,06_3-7_TDS-Half-Plunger-Iris2DsweepSolverNonNorm-260604_102.s1p,,S11,f_mean,sim,dispersion_mode_1,2.8672804543714,2.86728,-4.543714000604382e-07,-1.6983909965146802e-05,-73.2545186315118,touchstone_ri,2.8672804543714,1.0,,,,102,2.0,57.34,18.5724
260605_iris2dsweep_solver_export_no_norm,sim,06_3-7_TDS-Half-Plunger-Iris2DsweepSolverNonNorm-260604_103.s1p,,S11,f_mean,sim,dispersion_mode_1,2.8672804543714,2.86728,-4.543714000604382e-07,-1.0053823663714682e-05,-75.40157701992126,touchstone_ri,2.8672804543714,1.0,,,,103,2.0,57.34,18.8224
260605_iris2dsweep_solver_export_no_norm,sim,06_3-7_TDS-Half-Plunger-Iris2DsweepSolverNonNorm-260604_104.s1p,,S11,f_mean,sim,dispersion_mode_1,2.8672804543714,2.86728,-4.543714000604382e-07,-3.0906669075359506e-06,-77.3693765163955,touchstone_ri,2.8672804543714,1.0,,,,104,2.0,57.34,19.0724
260605_iris2dsweep_solver_export_no_norm,sim,06_3-7_TDS-Half-Plunger-Iris2DsweepSolverNonNorm-260604_105.s1p,,S11,f_mean,sim,dispersion_mode_1,2.8672804543714,2.86728,-4.543714000604382e-07,-6.339808015304249e-07,-79.14495638714473,touchstone_ri,2.8672804543714,1.0,,,,105,2.0,57.34,19.3224
260605_iris2dsweep_solver_export_no_norm,sim,06_3-7_TDS-Half-Plunger-Iris2DsweepSolverNonNorm-260604_106.s1p,,S11,f_mean,sim,dispersion_mode_1,2.8672804543714,2.86728,-4.543714000604382e-07,-1.351143202939787e-06,-80.77222617551264,touchstone_ri,2.8672804543714,1.0,,,,106,2.0,57.34,19.5724
260605_iris2dsweep_solver_export_no_norm,sim,06_3-7_TDS-Half-Plunger-Iris2DsweepSolverNonNorm-260604_107.s1p,,S11,f_mean,sim,dispersion_mode_1,2.8672804543714,2.86728,-4.543714000604382e-07,-2.780174709908796e-05,-82.25131987105732,touchstone_ri,2.8672804543714,1.0,,,,107,2.0,57.34,19.8224
260605_iris2dsweep_solver_export_no_norm,sim,06_3-7_TDS-Half-Plunger-Iris2DsweepSolverNonNorm-260604_108.s1p,,S11,f_mean,sim,dispersion_mode_1,2.8672804543714,2.86728,-4.543714000604382e-07,1.452396741113673e-09,-83.6260836063808,touchstone_ri,2.8672804543714,1.0,,,,108,2.0,57.34,20.0724
260605_iris2dsweep_solver_export_no_norm,sim,06_3-7_TDS-Half-Plunger-Iris2DsweepSolverNonNorm-260604_109.s1p,,S11,f_mean,sim,dispersion_mode_1,2.8672804543714,2.86728,-4.543714000604382e-07,-3.814156658332479e-05,-84.89703172169044,touchstone_ri,2.8672804543714,1.0,,,,109,2.0,57.34,20.3224
260605_iris2dsweep_solver_export_no_norm,sim,06_3-7_TDS-Half-Plunger-Iris2DsweepSolverNonNorm-260604_11.s1p,,S11,f_mean,sim,dispersion_mode_1,2.8672804543714,2.86728,-4.543714000604382e-07,-2.6361197118283692e-05,116.68471962880152,touchstone_ri,2.8672804543714,1.0,,,,11,2.0,54.59,20.3224
260605_iris2dsweep_solver_export_no_norm,sim,06_3-7_TDS-Half-Plunger-Iris2DsweepSolverNonNorm-260604_110.s1p,,S11,f_mean,sim,dispersion_mode_1,2.8672804543714,2.86728,-4.543714000604382e-07,-3.1850173041155396e-06,-88.55538655462415,touchstone_ri,2.8672804543714,1.0,,,,110,2.0,57.59,18.3224
260605_iris2dsweep_solver_export_no_norm,sim,06_3-7_TDS-Half-Plunger-Iris2DsweepSolverNonNorm-260604_111.s1p,,S11,f_mean,sim,dispersion_mode_1,2.8672804543714,2.86728,-4.543714000604382e-07,-3.239523913090069e-06,-89.70044582522125,touchstone_ri,2.8672804543714,1.0,,,,111,2.0,57.59,18.5724
260605_iris2dsweep_solver_export_no_norm,sim,06_3-7_TDS-Half-Plunger-Iris2DsweepSolverNonNorm-260604_112.s1p,,S11,f_mean,sim,dispersion_mode_1,2.8672804543714,2.86728,-4.543714000604382e-07,2.93886124271142e-09,-90.76631973800833,touchstone_ri,2.8672804543714,1.0,,,,112,2.0,57.59,18.8224
260605_iris2dsweep_solver_export_no_norm,sim,06_3-7_TDS-Half-Plunger-Iris2DsweepSolverNonNorm-260604_113.s1p,,S11,f_mean,sim,dispersion_mode_1,2.8672804543714,2.86728,-4.543714000604382e-07,-4.9032554783390215e-05,-91.74560683333569,touchstone_ri,2.8672804543714,1.0,,,,113,2.0,57.59,19.0724
260605_iris2dsweep_solver_export_no_norm,sim,06_3-7_TDS-Half-Plunger-Iris2DsweepSolverNonNorm-260604_114.s1p,,S11,f_mean,sim,dispersion_mode_1,2.8672804543714,2.86728,-4.543714000604382e-07,-4.605116200345992e-05,-92.66462313758828,touchstone_ri,2.8672804543714,1.0,,,,114,2.0,57.59,19.3224
260605_iris2dsweep_solver_export_no_norm,sim,06_3-7_TDS-Half-Plunger-Iris2DsweepSolverNonNorm-260604_115.s1p,,S11,f_mean,sim,dispersion_mode_1,2.8672804543714,2.86728,-4.543714000604382e-07,-2.5415310009981132e-05,-93.51525905115534,touchstone_ri,2.8672804543714,1.0,,,,115,2.0,57.59,19.5724
260605_iris2dsweep_solver_export_no_norm,sim,06_3-7_TDS-Half-Plunger-Iris2DsweepSolverNonNorm-260604_116.s1p,,S11,f_mean,sim,dispersion_mode_1,2.8672804543714,2.86728,-4.543714000604382e-07,1.0900468382994407e-09,-94.31369236177137,touchstone_ri,2.8672804543714,1.0,,,,116,2.0,57.59,19.8224
260605_iris2dsweep_solver_export_no_norm,sim,06_3-7_TDS-Half-Plunger-Iris2DsweepSolverNonNorm-260604_117.s1p,,S11,f_mean,sim,dispersion_mode_1,2.8672804543714,2.86728,-4.543714000604382e-07,2.908797370062629e-10,-95.07329500723108,touchstone_ri,2.8672804543714,1.0,,,,117,2.0,57.59,20.0724
260605_iris2dsweep_solver_export_no_norm,sim,06_3-7_TDS-Half-Plunger-Iris2DsweepSolverNonNorm-260604_118.s1p,,S11,f_mean,sim,dispersion_mode_1,2.8672804543714,2.86728,-4.543714000604382e-07,-2.1067671807619318e-09,-95.77736088763756,touchstone_ri,2.8672804543714,1.0,,,,118,2.0,57.59,20.3224
260605_iris2dsweep_solver_export_no_norm,sim,06_3-7_TDS-Half-Plunger-Iris2DsweepSolverNonNorm-260604_119.s1p,,S11,f_mean,sim,dispersion_mode_1,2.8672804543714,2.86728,-4.543714000604382e-07,-2.1024851329358972e-05,-100.46943554237295,touchstone_ri,2.8672804543714,1.0,,,,119,2.0,57.84,18.3224
260605_iris2dsweep_solver_export_no_norm,sim,06_3-7_TDS-Half-Plunger-Iris2DsweepSolverNonNorm-260604_12.s1p,,S11,f_mean,sim,dispersion_mode_1,2.8672804543714,2.86728,-4.543714000604382e-07,-1.5934372056544892e-05,149.52913228821336,touchstone_ri,2.8672804543714,1.0,,,,12,2.0,54.84,18.3224
260605_iris2dsweep_solver_export_no_norm,sim,06_3-7_TDS-Half-Plunger-Iris2DsweepSolverNonNorm-260604_120.s1p,,S11,f_mean,sim,dispersion_mode_1,2.8672804543714,2.86728,-4.543714000604382e-07,-1.245793539851526e-05,-101.0054776950184,touchstone_ri,2.8672804543714,1.0,,,,120,2.0,57.84,18.5724
260605_iris2dsweep_solver_export_no_norm,sim,06_3-7_TDS-Half-Plunger-Iris2DsweepSolverNonNorm-260604_121.s1p,,S11,f_mean,sim,dispersion_mode_1,2.8672804543714,2.86728,-4.543714000604382e-07,8.978795180965584e-10,-101.51114607442668,touchstone_ri,2.8672804543714,1.0,,,,121,2.0,57.84,18.8224
260605_iris2dsweep_solver_export_no_norm,sim,06_3-7_TDS-Half-Plunger-Iris2DsweepSolverNonNorm-260604_122.s1p,,S11,f_mean,sim,dispersion_mode_1,2.8672804543714,2.86728,-4.543714000604382e-07,-3.417655616989483e-09,-101.99416417154221,touchstone_ri,2.8672804543714,1.0,,,,122,2.0,57.84,19.0724
260605_iris2dsweep_solver_export_no_norm,sim,06_3-7_TDS-Half-Plunger-Iris2DsweepSolverNonNorm-260604_123.s1p,,S11,f_mean,sim,dispersion_mode_1,2.8672804543714,2.86728,-4.543714000604382e-07,-1.4335557113118848e-09,-102.46444100937825,touchstone_ri,2.8672804543714,1.0,,,,123,2.0,57.84,19.3224
260605_iris2dsweep_solver_export_no_norm,sim,06_3-7_TDS-Half-Plunger-Iris2DsweepSolverNonNorm-260604_124.s1p,,S11,f_mean,sim,dispersion_mode_1,2.8672804543714,2.86728,-4.543714000604382e-07,-4.0843800548584814e-10,-102.90141252929136,touchstone_ri,2.8672804543714,1.0,,,,124,2.0,57.84,19.5724
260605_iris2dsweep_solver_export_no_norm,sim,06_3-7_TDS-Half-Plunger-Iris2DsweepSolverNonNorm-260604_125.s1p,,S11,f_mean,sim,dispersion_mode_1,2.8672804543714,2.86728,-4.543714000604382e-07,4.480265409605416e-12,-103.32972679300161,touchstone_ri,2.8672804543714,1.0,,,,125,2.0,57.84,19.8224
260605_iris2dsweep_solver_export_no_norm,sim,06_3-7_TDS-Half-Plunger-Iris2DsweepSolverNonNorm-260604_126.s1p,,S11,f_mean,sim,dispersion_mode_1,2.8672804543714,2.86728,-4.543714000604382e-07,-1.9080848641271064e-09,-103.73412456251465,touchstone_ri,2.8672804543714,1.0,,,,126,2.0,57.84,20.0724
260605_iris2dsweep_solver_export_no_norm,sim,06_3-7_TDS-Half-Plunger-Iris2DsweepSolverNonNorm-260604_127.s1p,,S11,f_mean,sim,dispersion_mode_1,2.8672804543714,2.86728,-4.543714000604382e-07,-3.4922800980183924e-09,-104.12641389883281,touchstone_ri,2.8672804543714,1.0,,,,127,2.0,57.84,20.3224
260605_iris2dsweep_solver_export_no_norm,sim,06_3-7_TDS-Half-Plunger-Iris2DsweepSolverNonNorm-260604_128.s1p,,S11,f_mean,sim,dispersion_mode_1,2.8672804543714,2.86728,-4.543714000604382e-07,1.522555421603276e-09,-108.70022854916712,touchstone_ri,2.8672804543714,1.0,,,,128,2.0,58.09,18.3224
260605_iris2dsweep_solver_export_no_norm,sim,06_3-7_TDS-Half-Plunger-Iris2DsweepSolverNonNorm-260604_129.s1p,,S11,f_mean,sim,dispersion_mode_1,2.8672804543714,2.86728,-4.543714000604382e-07,1.07127523983785e-09,-108.9508788815083,touchstone_ri,2.8672804543714,1.0,,,,129,2.0,58.09,18.5724
260605_iris2dsweep_solver_export_no_norm,sim,06_3-7_TDS-Half-Plunger-Iris2DsweepSolverNonNorm-260604_13.s1p,,S11,f_mean,sim,dispersion_mode_1,2.8672804543714,2.86728,-4.543714000604382e-07,-2.080022149698588e-05,145.2895818284116,touchstone_ri,2.8672804543714,1.0,,,,13,2.0,54.84,18.5724
260605_iris2dsweep_solver_export_no_norm,sim,06_3-7_TDS-Half-Plunger-Iris2DsweepSolverNonNorm-260604_130.s1p,,S11,f_mean,sim,dispersion_mode_1,2.8672804543714,2.86728,-4.543714000604382e-07,3.6138326093961263e-09,-109.1915013224217,touchstone_ri,2.8672804543714,1.0,,,,130,2.0,58.09,18.8224
260605_iris2dsweep_solver_export_no_norm,sim,06_3-7_TDS-Half-Plunger-Iris2DsweepSolverNonNorm-260604_131.s1p,,S11,f_mean,sim,dispersion_mode_1,2.8672804543714,2.86728,-4.543714000604382e-07,4.402758552693969e-09,-109.4312591877904,touchstone_ri,2.8672804543714,1.0,,,,131,2.0,58.09,19.0724
260605_iris2dsweep_solver_export_no_norm,sim,06_3-7_TDS-Half-Plunger-Iris2DsweepSolverNonNorm-260604_132.s1p,,S11,f_mean,sim,dispersion_mode_1,2.8672804543714,2.86728,-4.543714000604382e-07,-8.895351926204301e-10,-109.66413656469403,touchstone_ri,2.8672804543714,1.0,,,,132,2.0,58.09,19.3224
260605_iris2dsweep_solver_export_no_norm,sim,06_3-7_TDS-Half-Plunger-Iris2DsweepSolverNonNorm-260604_133.s1p,,S11,f_mean,sim,dispersion_mode_1,2.8672804543714,2.86728,-4.543714000604382e-07,-2.2195240627991557e-09,-109.89049964827518,touchstone_ri,2.8672804543714,1.0,,,,133,2.0,58.09,19.5724
260605_iris2dsweep_solver_export_no_norm,sim,06_3-7_TDS-Half-Plunger-Iris2DsweepSolverNonNorm-260604_134.s1p,,S11,f_mean,sim,dispersion_mode_1,2.8672804543714,2.86728,-4.543714000604382e-07,-0.00012157631346617915,-110.1250312359314,touchstone_ri,2.8672804543714,1.0,,,,134,2.0,58.09,19.8224
260605_iris2dsweep_solver_export_no_norm,sim,06_3-7_TDS-Half-Plunger-Iris2DsweepSolverNonNorm-260604_135.s1p,,S11,f_mean,sim,dispersion_mode_1,2.8672804543714,2.86728,-4.543714000604382e-07,4.706033755948541e-10,-110.34530121596521,touchstone_ri,2.8672804543714,1.0,,,,135,2.0,58.09,20.0724
260605_iris2dsweep_solver_export_no_norm,sim,06_3-7_TDS-Half-Plunger-Iris2DsweepSolverNonNorm-260604_136.s1p,,S11,f_mean,sim,dispersion_mode_1,2.8672804543714,2.86728,-4.543714000604382e-07,-3.523200293918444e-09,-110.56178363349534,touchstone_ri,2.8672804543714,1.0,,,,136,2.0,58.09,20.3224
260605_iris2dsweep_solver_export_no_norm,sim,06_3-7_TDS-Half-Plunger-Iris2DsweepSolverNonNorm-260604_137.s1p,,S11,f_mean,sim,dispersion_mode_1,2.8672804543714,2.86728,-4.543714000604382e-07,-7.077044984928236e-10,-114.52462222059427,touchstone_ri,2.8672804543714,1.0,,,,137,2.0,58.34,18.3224
260605_iris2dsweep_solver_export_no_norm,sim,06_3-7_TDS-Half-Plunger-Iris2DsweepSolverNonNorm-260604_138.s1p,,S11,f_mean,sim,dispersion_mode_1,2.8672804543714,2.86728,-4.543714000604382e-07,-1.238566768889884e-09,-114.6566407509804,touchstone_ri,2.8672804543714,1.0,,,,138,2.0,58.34,18.5724
260605_iris2dsweep_solver_export_no_norm,sim,06_3-7_TDS-Half-Plunger-Iris2DsweepSolverNonNorm-260604_139.s1p,,S11,f_mean,sim,dispersion_mode_1,2.8672804543714,2.86728,-4.543714000604382e-07,4.9250132371669856e-11,-114.78539604133634,touchstone_ri,2.8672804543714,1.0,,,,139,2.0,58.34,18.8224
260605_iris2dsweep_solver_export_no_norm,sim,06_3-7_TDS-Half-Plunger-Iris2DsweepSolverNonNorm-260604_14.s1p,,S11,f_mean,sim,dispersion_mode_1,2.8672804543714,2.86728,-4.543714000604382e-07,-3.011079889491654e-05,140.81873076004504,touchstone_ri,2.8672804543714,1.0,,,,14,2.0,54.84,18.8224
260605_iris2dsweep_solver_export_no_norm,sim,06_3-7_TDS-Half-Plunger-Iris2DsweepSolverNonNorm-260604_140.s1p,,S11,f_mean,sim,dispersion_mode_1,2.8672804543714,2.86728,-4.543714000604382e-07,-2.578447709932447e-10,-114.91720297327,touchstone_ri,2.8672804543714,1.0,,,,140,2.0,58.34,19.0724
260605_iris2dsweep_solver_export_no_norm,sim,06_3-7_TDS-Half-Plunger-Iris2DsweepSolverNonNorm-260604_141.s1p,,S11,f_mean,sim,dispersion_mode_1,2.8672804543714,2.86728,-4.543714000604382e-07,-5.690441415329362e-09,-115.05218118929831,touchstone_ri,2.8672804543714,1.0,,,,141,2.0,58.34,19.3224
260605_iris2dsweep_solver_export_no_norm,sim,06_3-7_TDS-Half-Plunger-Iris2DsweepSolverNonNorm-260604_142.s1p,,S11,f_mean,sim,dispersion_mode_1,2.8672804543714,2.86728,-4.543714000604382e-07,2.2194922394256076e-09,-115.18423865009439,touchstone_ri,2.8672804543714,1.0,,,,142,2.0,58.34,19.5724
260605_iris2dsweep_solver_export_no_norm,sim,06_3-7_TDS-Half-Plunger-Iris2DsweepSolverNonNorm-260604_143.s1p,,S11,f_mean,sim,dispersion_mode_1,2.8672804543714,2.86728,-4.543714000604382e-07,-5.575901491760277e-09,-115.31268728123584,touchstone_ri,2.8672804543714,1.0,,,,143,2.0,58.34,19.8224
260605_iris2dsweep_solver_export_no_norm,sim,06_3-7_TDS-Half-Plunger-Iris2DsweepSolverNonNorm-260604_144.s1p,,S11,f_mean,sim,dispersion_mode_1,2.8672804543714,2.86728,-4.543714000604382e-07,1.915086845441048e-09,-115.4523104925983,touchstone_ri,2.8672804543714,1.0,,,,144,2.0,58.34,20.0724
260605_iris2dsweep_solver_export_no_norm,sim,06_3-7_TDS-Half-Plunger-Iris2DsweepSolverNonNorm-260604_145.s1p,,S11,f_mean,sim,dispersion_mode_1,2.8672804543714,2.86728,-4.543714000604382e-07,-2.0849386642237644e-09,-115.58839177585187,touchstone_ri,2.8672804543714,1.0,,,,145,2.0,58.34,20.3224
260605_iris2dsweep_solver_export_no_norm,sim,06_3-7_TDS-Half-Plunger-Iris2DsweepSolverNonNorm-260604_146.s1p,,S11,f_mean,sim,dispersion_mode_1,2.8672804543714,2.86728,-4.543714000604382e-07,1.3019751569397418e-09,-118.74529078179516,touchstone_ri,2.8672804543714,1.0,,,,146,2.0,58.59,18.3224
260605_iris2dsweep_solver_export_no_norm,sim,06_3-7_TDS-Half-Plunger-Iris2DsweepSolverNonNorm-260604_147.s1p,,S11,f_mean,sim,dispersion_mode_1,2.8672804543714,2.86728,-4.543714000604382e-07,1.208786407895367e-09,-118.83588208874943,touchstone_ri,2.8672804543714,1.0,,,,147,2.0,58.59,18.5724
260605_iris2dsweep_solver_export_no_norm,sim,06_3-7_TDS-Half-Plunger-Iris2DsweepSolverNonNorm-260604_148.s1p,,S11,f_mean,sim,dispersion_mode_1,2.8672804543714,2.86728,-4.543714000604382e-07,9.637970863932109e-10,-118.9316141067599,touchstone_ri,2.8672804543714,1.0,,,,148,2.0,58.59,18.8224
260605_iris2dsweep_solver_export_no_norm,sim,06_3-7_TDS-Half-Plunger-Iris2DsweepSolverNonNorm-260604_149.s1p,,S11,f_mean,sim,dispersion_mode_1,2.8672804543714,2.86728,-4.543714000604382e-07,-9.760257231048826e-10,-119.0276433951927,touchstone_ri,2.8672804543714,1.0,,,,149,2.0,58.59,19.0724
260605_iris2dsweep_solver_export_no_norm,sim,06_3-7_TDS-Half-Plunger-Iris2DsweepSolverNonNorm-260604_15.s1p,,S11,f_mean,sim,dispersion_mode_1,2.8672804543714,2.86728,-4.543714000604382e-07,-9.990702050068935e-07,136.1240371977303,touchstone_ri,2.8672804543714,1.0,,,,15,2.0,54.84,19.0724
260605_iris2dsweep_solver_export_no_norm,sim,06_3-7_TDS-Half-Plunger-Iris2DsweepSolverNonNorm-260604_150.s1p,,S11,f_mean,sim,dispersion_mode_1,2.8672804543714,2.86728,-4.543714000604382e-07,1.5280771606757904e-09,-119.12634987587718,touchstone_ri,2.8672804543714,1.0,,,,150,2.0,58.59,19.3224
260605_iris2dsweep_solver_export_no_norm,sim,06_3-7_TDS-Half-Plunger-Iris2DsweepSolverNonNorm-260604_151.s1p,,S11,f_mean,sim,dispersion_mode_1,2.8672804543714,2.86728,-4.543714000604382e-07,-1.023969191765032e-09,-119.22444892929853,touchstone_ri,2.8672804543714,1.0,,,,151,2.0,58.59,19.5724
260605_iris2dsweep_solver_export_no_norm,sim,06_3-7_TDS-Half-Plunger-Iris2DsweepSolverNonNorm-260604_152.s1p,,S11,f_mean,sim,dispersion_mode_1,2.8672804543714,2.86728,-4.543714000604382e-07,-2.7145143154672615e-10,-119.32736445195874,touchstone_ri,2.8672804543714,1.0,,,,152,2.0,58.59,19.8224
260605_iris2dsweep_solver_export_no_norm,sim,06_3-7_TDS-Half-Plunger-Iris2DsweepSolverNonNorm-260604_153.s1p,,S11,f_mean,sim,dispersion_mode_1,2.8672804543714,2.86728,-4.543714000604382e-07,-4.1638763191207525e-09,-119.42749609046032,touchstone_ri,2.8672804543714,1.0,,,,153,2.0,58.59,20.0724
260605_iris2dsweep_solver_export_no_norm,sim,06_3-7_TDS-Half-Plunger-Iris2DsweepSolverNonNorm-260604_154.s1p,,S11,f_mean,sim,dispersion_mode_1,2.8672804543714,2.86728,-4.543714000604382e-07,-2.4957633802880576e-09,-119.53217572663654,touchstone_ri,2.8672804543714,1.0,,,,154,2.0,58.59,20.3224
260605_iris2dsweep_solver_export_no_norm,sim,06_3-7_TDS-Half-Plunger-Iris2DsweepSolverNonNorm-260604_16.s1p,,S11,f_mean,sim,dispersion_mode_1,2.8672804543714,2.86728,-4.543714000604382e-07,-2.4359203231339528e-05,131.19015669043898,touchstone_ri,2.8672804543714,1.0,,,,16,2.0,54.84,19.3224
260605_iris2dsweep_solver_export_no_norm,sim,06_3-7_TDS-Half-Plunger-Iris2DsweepSolverNonNorm-260604_17.s1p,,S11,f_mean,sim,dispersion_mode_1,2.8672804543714,2.86728,-4.543714000604382e-07,-2.834262114035554e-05,126.02843336383484,touchstone_ri,2.8672804543714,1.0,,,,17,2.0,54.84,19.5724
260605_iris2dsweep_solver_export_no_norm,sim,06_3-7_TDS-Half-Plunger-Iris2DsweepSolverNonNorm-260604_18.s1p,,S11,f_mean,sim,dispersion_mode_1,2.8672804543714,2.86728,-4.543714000604382e-07,-3.1310988660571356e-05,120.6485122132867,touchstone_ri,2.8672804543714,1.0,,,,18,2.0,54.84,19.8224
260605_iris2dsweep_solver_export_no_norm,sim,06_3-7_TDS-Half-Plunger-Iris2DsweepSolverNonNorm-260604_19.s1p,,S11,f_mean,sim,dispersion_mode_1,2.8672804543714,2.86728,-4.543714000604382e-07,-3.2837167802295494e-05,115.04626963474378,touchstone_ri,2.8672804543714,1.0,,,,19,2.0,54.84,20.0724
260605_iris2dsweep_solver_export_no_norm,sim,06_3-7_TDS-Half-Plunger-Iris2DsweepSolverNonNorm-260604_2.s1p,,S11,f_mean,sim,dispersion_mode_1,2.8672804543714,2.86728,-4.543714000604382e-07,-1.9542717039394887e-05,-3.2843193990603954,touchstone_ri,2.8672804543714,1.0,,,,2,2.0,56.59,19.3224
260605_iris2dsweep_solver_export_no_norm,sim,06_3-7_TDS-Half-Plunger-Iris2DsweepSolverNonNorm-260604_20.s1p,,S11,f_mean,sim,dispersion_mode_1,2.8672804543714,2.86728,-4.543714000604382e-07,-4.143479673212934e-05,109.2458303663613,touchstone_ri,2.8672804543714,1.0,,,,20,2.0,54.84,20.3224
260605_iris2dsweep_solver_export_no_norm,sim,06_3-7_TDS-Half-Plunger-Iris2DsweepSolverNonNorm-260604_21.s1p,,S11,f_mean,sim,dispersion_mode_1,2.8672804543714,2.86728,-4.543714000604382e-07,-2.3932366667403868e-05,145.1898247501575,touchstone_ri,2.8672804543714,1.0,,,,21,2.0,55.09,18.3224
260605_iris2dsweep_solver_export_no_norm,sim,06_3-7_TDS-Half-Plunger-Iris2DsweepSolverNonNorm-260604_22.s1p,,S11,f_mean,sim,dispersion_mode_1,2.8672804543714,2.86728,-4.543714000604382e-07,-1.5452817272784405e-09,140.3889523875643,touchstone_ri,2.8672804543714,1.0,,,,22,2.0,55.09,18.5724
260605_iris2dsweep_solver_export_no_norm,sim,06_3-7_TDS-Half-Plunger-Iris2DsweepSolverNonNorm-260604_23.s1p,,S11,f_mean,sim,dispersion_mode_1,2.8672804543714,2.86728,-4.543714000604382e-07,-1.3039264132337865e-05,135.3318568770641,touchstone_ri,2.8672804543714,1.0,,,,23,2.0,55.09,18.8224
260605_iris2dsweep_solver_export_no_norm,sim,06_3-7_TDS-Half-Plunger-Iris2DsweepSolverNonNorm-260604_24.s1p,,S11,f_mean,sim,dispersion_mode_1,2.8672804543714,2.86728,-4.543714000604382e-07,-2.5472195755508035e-05,130.001282091283,touchstone_ri,2.8672804543714,1.0,,,,24,2.0,55.09,19.0724
260605_iris2dsweep_solver_export_no_norm,sim,06_3-7_TDS-Half-Plunger-Iris2DsweepSolverNonNorm-260604_25.s1p,,S11,f_mean,sim,dispersion_mode_1,2.8672804543714,2.86728,-4.543714000604382e-07,-3.371601350735158e-05,124.40490557647216,touchstone_ri,2.8672804543714,1.0,,,,25,2.0,55.09,19.3224
260605_iris2dsweep_solver_export_no_norm,sim,06_3-7_TDS-Half-Plunger-Iris2DsweepSolverNonNorm-260604_26.s1p,,S11,f_mean,sim,dispersion_mode_1,2.8672804543714,2.86728,-4.543714000604382e-07,3.835612498131011e-10,118.54902119543455,touchstone_ri,2.8672804543714,1.0,,,,26,2.0,55.09,19.5724
260605_iris2dsweep_solver_export_no_norm,sim,06_3-7_TDS-Half-Plunger-Iris2DsweepSolverNonNorm-260604_27.s1p,,S11,f_mean,sim,dispersion_mode_1,2.8672804543714,2.86728,-4.543714000604382e-07,-7.782048062022519e-05,112.45331301104893,touchstone_ri,2.8672804543714,1.0,,,,27,2.0,55.09,19.8224
260605_iris2dsweep_solver_export_no_norm,sim,06_3-7_TDS-Half-Plunger-Iris2DsweepSolverNonNorm-260604_28.s1p,,S11,f_mean,sim,dispersion_mode_1,2.8672804543714,2.86728,-4.543714000604382e-07,-3.458840247737864e-05,106.13646701720272,touchstone_ri,2.8672804543714,1.0,,,,28,2.0,55.09,20.0724
260605_iris2dsweep_solver_export_no_norm,sim,06_3-7_TDS-Half-Plunger-Iris2DsweepSolverNonNorm-260604_29.s1p,,S11,f_mean,sim,dispersion_mode_1,2.8672804543714,2.86728,-4.543714000604382e-07,9.456773733449984e-11,99.61029392980834,touchstone_ri,2.8672804543714,1.0,,,,29,2.0,55.09,20.3224
260605_iris2dsweep_solver_export_no_norm,sim,06_3-7_TDS-Half-Plunger-Iris2DsweepSolverNonNorm-260604_3.s1p,,S11,f_mean,sim,dispersion_mode_1,2.8672804543714,2.86728,-4.543714000604382e-07,-3.797293898434228e-05,152.72775177226544,touchstone_ri,2.8672804543714,1.0,,,,3,2.0,54.59,18.3224
260605_iris2dsweep_solver_export_no_norm,sim,06_3-7_TDS-Half-Plunger-Iris2DsweepSolverNonNorm-260604_30.s1p,,S11,f_mean,sim,dispersion_mode_1,2.8672804543714,2.86728,-4.543714000604382e-07,-2.4175645332414217e-05,139.2069141250408,touchstone_ri,2.8672804543714,1.0,,,,30,2.0,55.34,18.3224
260605_iris2dsweep_solver_export_no_norm,sim,06_3-7_TDS-Half-Plunger-Iris2DsweepSolverNonNorm-260604_31.s1p,,S11,f_mean,sim,dispersion_mode_1,2.8672804543714,2.86728,-4.543714000604382e-07,-3.2566091464888885e-05,133.67380055031782,touchstone_ri,2.8672804543714,1.0,,,,31,2.0,55.34,18.5724
260605_iris2dsweep_solver_export_no_norm,sim,06_3-7_TDS-Half-Plunger-Iris2DsweepSolverNonNorm-260604_32.s1p,,S11,f_mean,sim,dispersion_mode_1,2.8672804543714,2.86728,-4.543714000604382e-07,-2.9025402257161297e-05,127.8230645110153,touchstone_ri,2.8672804543714,1.0,,,,32,2.0,55.34,18.8224
260605_iris2dsweep_solver_export_no_norm,sim,06_3-7_TDS-Half-Plunger-Iris2DsweepSolverNonNorm-260604_33.s1p,,S11,f_mean,sim,dispersion_mode_1,2.8672804543714,2.86728,-4.543714000604382e-07,-7.193545386172108e-10,121.67867297960407,touchstone_ri,2.8672804543714,1.0,,,,33,2.0,55.34,19.0724
260605_iris2dsweep_solver_export_no_norm,sim,06_3-7_TDS-Half-Plunger-Iris2DsweepSolverNonNorm-260604_34.s1p,,S11,f_mean,sim,dispersion_mode_1,2.8672804543714,2.86728,-4.543714000604382e-07,-4.061035968721777e-05,115.22135009945897,touchstone_ri,2.8672804543714,1.0,,,,34,2.0,55.34,19.3224
260605_iris2dsweep_solver_export_no_norm,sim,06_3-7_TDS-Half-Plunger-Iris2DsweepSolverNonNorm-260604_35.s1p,,S11,f_mean,sim,dispersion_mode_1,2.8672804543714,2.86728,-4.543714000604382e-07,-6.261262795823705e-05,108.50602024851716,touchstone_ri,2.8672804543714,1.0,,,,35,2.0,55.34,19.5724
260605_iris2dsweep_solver_export_no_norm,sim,06_3-7_TDS-Half-Plunger-Iris2DsweepSolverNonNorm-260604_36.s1p,,S11,f_mean,sim,dispersion_mode_1,2.8672804543714,2.86728,-4.543714000604382e-07,-5.444811743827992e-05,101.54397805622519,touchstone_ri,2.8672804543714,1.0,,,,36,2.0,55.34,19.8224
260605_iris2dsweep_solver_export_no_norm,sim,06_3-7_TDS-Half-Plunger-Iris2DsweepSolverNonNorm-260604_37.s1p,,S11,f_mean,sim,dispersion_mode_1,2.8672804543714,2.86728,-4.543714000604382e-07,-4.324228052395621e-05,94.37405380485443,touchstone_ri,2.8672804543714,1.0,,,,37,2.0,55.34,20.0724
260605_iris2dsweep_solver_export_no_norm,sim,06_3-7_TDS-Half-Plunger-Iris2DsweepSolverNonNorm-260604_38.s1p,,S11,f_mean,sim,dispersion_mode_1,2.8672804543714,2.86728,-4.543714000604382e-07,-8.165369991590179e-05,87.04307325751724,touchstone_ri,2.8672804543714,1.0,,,,38,2.0,55.34,20.3224
260605_iris2dsweep_solver_export_no_norm,sim,06_3-7_TDS-Half-Plunger-Iris2DsweepSolverNonNorm-260604_39.s1p,,S11,f_mean,sim,dispersion_mode_1,2.8672804543714,2.86728,-4.543714000604382e-07,-3.411602055274875e-05,130.75652677080862,touchstone_ri,2.8672804543714,1.0,,,,39,2.0,55.59,18.3224
260605_iris2dsweep_solver_export_no_norm,sim,06_3-7_TDS-Half-Plunger-Iris2DsweepSolverNonNorm-260604_4.s1p,,S11,f_mean,sim,dispersion_mode_1,2.8672804543714,2.86728,-4.543714000604382e-07,-4.185809165031584e-05,148.91422250363829,touchstone_ri,2.8672804543714,1.0,,,,4,2.0,54.59,18.5724
260605_iris2dsweep_solver_export_no_norm,sim,06_3-7_TDS-Half-Plunger-Iris2DsweepSolverNonNorm-260604_40.s1p,,S11,f_mean,sim,dispersion_mode_1,2.8672804543714,2.86728,-4.543714000604382e-07,-1.7199267807839208e-05,124.24661174530547,touchstone_ri,2.8672804543714,1.0,,,,40,2.0,55.59,18.5724
260605_iris2dsweep_solver_export_no_norm,sim,06_3-7_TDS-Half-Plunger-Iris2DsweepSolverNonNorm-260604_41.s1p,,S11,f_mean,sim,dispersion_mode_1,2.8672804543714,2.86728,-4.543714000604382e-07,-6.614501956520556e-05,117.35843190816574,touchstone_ri,2.8672804543714,1.0,,,,41,2.0,55.59,18.8224
260605_iris2dsweep_solver_export_no_norm,sim,06_3-7_TDS-Half-Plunger-Iris2DsweepSolverNonNorm-260604_42.s1p,,S11,f_mean,sim,dispersion_mode_1,2.8672804543714,2.86728,-4.543714000604382e-07,-7.58679695700418e-05,110.14334584069054,touchstone_ri,2.8672804543714,1.0,,,,42,2.0,55.59,19.0724
260605_iris2dsweep_solver_export_no_norm,sim,06_3-7_TDS-Half-Plunger-Iris2DsweepSolverNonNorm-260604_43.s1p,,S11,f_mean,sim,dispersion_mode_1,2.8672804543714,2.86728,-4.543714000604382e-07,-8.606407597047768e-05,102.62758216971292,touchstone_ri,2.8672804543714,1.0,,,,43,2.0,55.59,19.3224
260605_iris2dsweep_solver_export_no_norm,sim,06_3-7_TDS-Half-Plunger-Iris2DsweepSolverNonNorm-260604_44.s1p,,S11,f_mean,sim,dispersion_mode_1,2.8672804543714,2.86728,-4.543714000604382e-07,-4.218781518354105e-05,94.85862292742438,touchstone_ri,2.8672804543714,1.0,,,,44,2.0,55.59,19.5724
260605_iris2dsweep_solver_export_no_norm,sim,06_3-7_TDS-Half-Plunger-Iris2DsweepSolverNonNorm-260604_45.s1p,,S11,f_mean,sim,dispersion_mode_1,2.8672804543714,2.86728,-4.543714000604382e-07,-4.846750007759077e-05,86.890656121424,touchstone_ri,2.8672804543714,1.0,,,,45,2.0,55.59,19.8224
260605_iris2dsweep_solver_export_no_norm,sim,06_3-7_TDS-Half-Plunger-Iris2DsweepSolverNonNorm-260604_46.s1p,,S11,f_mean,sim,dispersion_mode_1,2.8672804543714,2.86728,-4.543714000604382e-07,-4.079859936606277e-05,78.80320023156935,touchstone_ri,2.8672804543714,1.0,,,,46,2.0,55.59,20.0724
260605_iris2dsweep_solver_export_no_norm,sim,06_3-7_TDS-Half-Plunger-Iris2DsweepSolverNonNorm-260604_47.s1p,,S11,f_mean,sim,dispersion_mode_1,2.8672804543714,2.86728,-4.543714000604382e-07,-4.0405883341270854e-05,70.66778214141435,touchstone_ri,2.8672804543714,1.0,,,,47,2.0,55.59,20.3224
260605_iris2dsweep_solver_export_no_norm,sim,06_3-7_TDS-Half-Plunger-Iris2DsweepSolverNonNorm-260604_48.s1p,,S11,f_mean,sim,dispersion_mode_1,2.8672804543714,2.86728,-4.543714000604382e-07,-5.089622654009935e-05,118.5240293250671,touchstone_ri,2.8672804543714,1.0,,,,48,2.0,55.84,18.3224
260605_iris2dsweep_solver_export_no_norm,sim,06_3-7_TDS-Half-Plunger-Iris2DsweepSolverNonNorm-260604_49.s1p,,S11,f_mean,sim,dispersion_mode_1,2.8672804543714,2.86728,-4.543714000604382e-07,-1.2141952802426148e-06,110.67424465065719,touchstone_ri,2.8672804543714,1.0,,,,49,2.0,55.84,18.5724
260605_iris2dsweep_solver_export_no_norm,sim,06_3-7_TDS-Half-Plunger-Iris2DsweepSolverNonNorm-260604_5.s1p,,S11,f_mean,sim,dispersion_mode_1,2.8672804543714,2.86728,-4.543714000604382e-07,-4.672312848878135e-05,144.91116397442855,touchstone_ri,2.8672804543714,1.0,,,,5,2.0,54.59,18.8224
260605_iris2dsweep_solver_export_no_norm,sim,06_3-7_TDS-Half-Plunger-Iris2DsweepSolverNonNorm-260604_50.s1p,,S11,f_mean,sim,dispersion_mode_1,2.8672804543714,2.86728,-4.543714000604382e-07,-3.976166133678722e-06,102.46217911165213,touchstone_ri,2.8672804543714,1.0,,,,50,2.0,55.84,18.8224
260605_iris2dsweep_solver_export_no_norm,sim,06_3-7_TDS-Half-Plunger-Iris2DsweepSolverNonNorm-260604_51.s1p,,S11,f_mean,sim,dispersion_mode_1,2.8672804543714,2.86728,-4.543714000604382e-07,-2.2487953829053853e-05,93.92931228505671,touchstone_ri,2.8672804543714,1.0,,,,51,2.0,55.84,19.0724
260605_iris2dsweep_solver_export_no_norm,sim,06_3-7_TDS-Half-Plunger-Iris2DsweepSolverNonNorm-260604_52.s1p,,S11,f_mean,sim,dispersion_mode_1,2.8672804543714,2.86728,-4.543714000604382e-07,-2.0889651780282218e-05,85.16373986437459,touchstone_ri,2.8672804543714,1.0,,,,52,2.0,55.84,19.3224
260605_iris2dsweep_solver_export_no_norm,sim,06_3-7_TDS-Half-Plunger-Iris2DsweepSolverNonNorm-260604_53.s1p,,S11,f_mean,sim,dispersion_mode_1,2.8672804543714,2.86728,-4.543714000604382e-07,-5.138337700094929e-05,76.27582915526112,touchstone_ri,2.8672804543714,1.0,,,,53,2.0,55.84,19.5724
260605_iris2dsweep_solver_export_no_norm,sim,06_3-7_TDS-Half-Plunger-Iris2DsweepSolverNonNorm-260604_54.s1p,,S11,f_mean,sim,dispersion_mode_1,2.8672804543714,2.86728,-4.543714000604382e-07,-1.3647658438221826e-05,67.3587933185,touchstone_ri,2.8672804543714,1.0,,,,54,2.0,55.84,19.8224
260605_iris2dsweep_solver_export_no_norm,sim,06_3-7_TDS-Half-Plunger-Iris2DsweepSolverNonNorm-260604_55.s1p,,S11,f_mean,sim,dispersion_mode_1,2.8672804543714,2.86728,-4.543714000604382e-07,-1.0872539643993152e-05,58.506656391429246,touchstone_ri,2.8672804543714,1.0,,,,55,2.0,55.84,20.0724
260605_iris2dsweep_solver_export_no_norm,sim,06_3-7_TDS-Half-Plunger-Iris2DsweepSolverNonNorm-260604_56.s1p,,S11,f_mean,sim,dispersion_mode_1,2.8672804543714,2.86728,-4.543714000604382e-07,-2.1172910415366576e-05,49.82240613635599,touchstone_ri,2.8672804543714,1.0,,,,56,2.0,55.84,20.3224
260605_iris2dsweep_solver_export_no_norm,sim,06_3-7_TDS-Half-Plunger-Iris2DsweepSolverNonNorm-260604_57.s1p,,S11,f_mean,sim,dispersion_mode_1,2.8672804543714,2.86728,-4.543714000604382e-07,-5.550537134747746e-06,100.3226035733283,touchstone_ri,2.8672804543714,1.0,,,,57,2.0,56.09,18.3224
260605_iris2dsweep_solver_export_no_norm,sim,06_3-7_TDS-Half-Plunger-Iris2DsweepSolverNonNorm-260604_58.s1p,,S11,f_mean,sim,dispersion_mode_1,2.8672804543714,2.86728,-4.543714000604382e-07,-6.315000430495672e-06,90.80929021954503,touchstone_ri,2.8672804543714,1.0,,,,58,2.0,56.09,18.5724
260605_iris2dsweep_solver_export_no_norm,sim,06_3-7_TDS-Half-Plunger-Iris2DsweepSolverNonNorm-260604_59.s1p,,S11,f_mean,sim,dispersion_mode_1,2.8672804543714,2.86728,-4.543714000604382e-07,-1.008623561147988e-05,81.04627910608838,touchstone_ri,2.8672804543714,1.0,,,,59,2.0,56.09,18.8224
260605_iris2dsweep_solver_export_no_norm,sim,06_3-7_TDS-Half-Plunger-Iris2DsweepSolverNonNorm-260604_6.s1p,,S11,f_mean,sim,dispersion_mode_1,2.8672804543714,2.86728,-4.543714000604382e-07,-3.2357194574619995e-05,140.70463823527345,touchstone_ri,2.8672804543714,1.0,,,,6,2.0,54.59,19.0724
260605_iris2dsweep_solver_export_no_norm,sim,06_3-7_TDS-Half-Plunger-Iris2DsweepSolverNonNorm-260604_60.s1p,,S11,f_mean,sim,dispersion_mode_1,2.8672804543714,2.86728,-4.543714000604382e-07,-1.959122756859201e-05,71.15601949777138,touchstone_ri,2.8672804543714,1.0,,,,60,2.0,56.09,19.0724
260605_iris2dsweep_solver_export_no_norm,sim,06_3-7_TDS-Half-Plunger-Iris2DsweepSolverNonNorm-260604_61.s1p,,S11,f_mean,sim,dispersion_mode_1,2.8672804543714,2.86728,-4.543714000604382e-07,-2.3381267614405678e-05,61.32956707979716,touchstone_ri,2.8672804543714,1.0,,,,61,2.0,56.09,19.3224
260605_iris2dsweep_solver_export_no_norm,sim,06_3-7_TDS-Half-Plunger-Iris2DsweepSolverNonNorm-260604_62.s1p,,S11,f_mean,sim,dispersion_mode_1,2.8672804543714,2.86728,-4.543714000604382e-07,-2.0923174956055085e-05,51.625317110286424,touchstone_ri,2.8672804543714,1.0,,,,62,2.0,56.09,19.5724
260605_iris2dsweep_solver_export_no_norm,sim,06_3-7_TDS-Half-Plunger-Iris2DsweepSolverNonNorm-260604_63.s1p,,S11,f_mean,sim,dispersion_mode_1,2.8672804543714,2.86728,-4.543714000604382e-07,-2.5406423402615655e-05,42.24083618971203,touchstone_ri,2.8672804543714,1.0,,,,63,2.0,56.09,19.8224
260605_iris2dsweep_solver_export_no_norm,sim,06_3-7_TDS-Half-Plunger-Iris2DsweepSolverNonNorm-260604_64.s1p,,S11,f_mean,sim,dispersion_mode_1,2.8672804543714,2.86728,-4.543714000604382e-07,-2.2089654469520467e-05,33.250572756767475,touchstone_ri,2.8672804543714,1.0,,,,64,2.0,56.09,20.0724
260605_iris2dsweep_solver_export_no_norm,sim,06_3-7_TDS-Half-Plunger-Iris2DsweepSolverNonNorm-260604_65.s1p,,S11,f_mean,sim,dispersion_mode_1,2.8672804543714,2.86728,-4.543714000604382e-07,-9.527560191850376e-06,24.712877297338427,touchstone_ri,2.8672804543714,1.0,,,,65,2.0,56.09,20.3224
260605_iris2dsweep_solver_export_no_norm,sim,06_3-7_TDS-Half-Plunger-Iris2DsweepSolverNonNorm-260604_66.s1p,,S11,f_mean,sim,dispersion_mode_1,2.8672804543714,2.86728,-4.543714000604382e-07,-1.9867719791749124e-05,73.18250007619888,touchstone_ri,2.8672804543714,1.0,,,,66,2.0,56.34,18.3224
260605_iris2dsweep_solver_export_no_norm,sim,06_3-7_TDS-Half-Plunger-Iris2DsweepSolverNonNorm-260604_67.s1p,,S11,f_mean,sim,dispersion_mode_1,2.8672804543714,2.86728,-4.543714000604382e-07,-1.6435074130477782e-05,62.12697523861483,touchstone_ri,2.8672804543714,1.0,,,,67,2.0,56.34,18.5724
260605_iris2dsweep_solver_export_no_norm,sim,06_3-7_TDS-Half-Plunger-Iris2DsweepSolverNonNorm-260604_68.s1p,,S11,f_mean,sim,dispersion_mode_1,2.8672804543714,2.86728,-4.543714000604382e-07,-1.856568246429148e-06,51.26616182665888,touchstone_ri,2.8672804543714,1.0,,,,68,2.0,56.34,18.8224
260605_iris2dsweep_solver_export_no_norm,sim,06_3-7_TDS-Half-Plunger-Iris2DsweepSolverNonNorm-260604_69.s1p,,S11,f_mean,sim,dispersion_mode_1,2.8672804543714,2.86728,-4.543714000604382e-07,-1.094415847083296e-05,40.774601083001514,touchstone_ri,2.8672804543714,1.0,,,,69,2.0,56.34,19.0724
260605_iris2dsweep_solver_export_no_norm,sim,06_3-7_TDS-Half-Plunger-Iris2DsweepSolverNonNorm-260604_7.s1p,,S11,f_mean,sim,dispersion_mode_1,2.8672804543714,2.86728,-4.543714000604382e-07,-3.576814850677997e-05,136.2987865770334,touchstone_ri,2.8672804543714,1.0,,,,7,2.0,54.59,19.3224
260605_iris2dsweep_solver_export_no_norm,sim,06_3-7_TDS-Half-Plunger-Iris2DsweepSolverNonNorm-260604_70.s1p,,S11,f_mean,sim,dispersion_mode_1,2.8672804543714,2.86728,-4.543714000604382e-07,-4.814389407287584e-05,30.80430652662989,touchstone_ri,2.8672804543714,1.0,,,,70,2.0,56.34,19.3224
260605_iris2dsweep_solver_export_no_norm,sim,06_3-7_TDS-Half-Plunger-Iris2DsweepSolverNonNorm-260604_71.s1p,,S11,f_mean,sim,dispersion_mode_1,2.8672804543714,2.86728,-4.543714000604382e-07,3.0309506584257465e-09,21.40628041804096,touchstone_ri,2.8672804543714,1.0,,,,71,2.0,56.34,19.5724
260605_iris2dsweep_solver_export_no_norm,sim,06_3-7_TDS-Half-Plunger-Iris2DsweepSolverNonNorm-260604_72.s1p,,S11,f_mean,sim,dispersion_mode_1,2.8672804543714,2.86728,-4.543714000604382e-07,-2.9776369910082184e-05,12.697180501943583,touchstone_ri,2.8672804543714,1.0,,,,72,2.0,56.34,19.8224
260605_iris2dsweep_solver_export_no_norm,sim,06_3-7_TDS-Half-Plunger-Iris2DsweepSolverNonNorm-260604_73.s1p,,S11,f_mean,sim,dispersion_mode_1,2.8672804543714,2.86728,-4.543714000604382e-07,-2.5026282379861404e-05,4.669023402153794,touchstone_ri,2.8672804543714,1.0,,,,73,2.0,56.34,20.0724
260605_iris2dsweep_solver_export_no_norm,sim,06_3-7_TDS-Half-Plunger-Iris2DsweepSolverNonNorm-260604_74.s1p,,S11,f_mean,sim,dispersion_mode_1,2.8672804543714,2.86728,-4.543714000604382e-07,-2.2165679626368782e-05,-2.700526463865025,touchstone_ri,2.8672804543714,1.0,,,,74,2.0,56.34,20.3224
260605_iris2dsweep_solver_export_no_norm,sim,06_3-7_TDS-Half-Plunger-Iris2DsweepSolverNonNorm-260604_75.s1p,,S11,f_mean,sim,dispersion_mode_1,2.8672804543714,2.86728,-4.543714000604382e-07,-2.7623217060985776e-05,35.48284975955063,touchstone_ri,2.8672804543714,1.0,,,,75,2.0,56.59,18.3224
260605_iris2dsweep_solver_export_no_norm,sim,06_3-7_TDS-Half-Plunger-Iris2DsweepSolverNonNorm-260604_76.s1p,,S11,f_mean,sim,dispersion_mode_1,2.8672804543714,2.86728,-4.543714000604382e-07,-3.2217170886287956e-05,24.494742537884076,touchstone_ri,2.8672804543714,1.0,,,,76,2.0,56.59,18.5724
260605_iris2dsweep_solver_export_no_norm,sim,06_3-7_TDS-Half-Plunger-Iris2DsweepSolverNonNorm-260604_77.s1p,,S11,f_mean,sim,dispersion_mode_1,2.8672804543714,2.86728,-4.543714000604382e-07,-2.4093948379847908e-05,14.372991191253044,touchstone_ri,2.8672804543714,1.0,,,,77,2.0,56.59,18.8224
260605_iris2dsweep_solver_export_no_norm,sim,06_3-7_TDS-Half-Plunger-Iris2DsweepSolverNonNorm-260604_78.s1p,,S11,f_mean,sim,dispersion_mode_1,2.8672804543714,2.86728,-4.543714000604382e-07,-2.6952618167211974e-05,5.114660751515792,touchstone_ri,2.8672804543714,1.0,,,,78,2.0,56.59,19.0724
260605_iris2dsweep_solver_export_no_norm,sim,06_3-7_TDS-Half-Plunger-Iris2DsweepSolverNonNorm-260604_79.s1p,,S11,f_mean,sim,dispersion_mode_1,2.8672804543714,2.86728,-4.543714000604382e-07,-2.422304994833984e-05,-10.849971617659927,touchstone_ri,2.8672804543714,1.0,,,,79,2.0,56.59,19.5724
260605_iris2dsweep_solver_export_no_norm,sim,06_3-7_TDS-Half-Plunger-Iris2DsweepSolverNonNorm-260604_8.s1p,,S11,f_mean,sim,dispersion_mode_1,2.8672804543714,2.86728,-4.543714000604382e-07,-4.022328772154696e-05,131.6906779162449,touchstone_ri,2.8672804543714,1.0,,,,8,2.0,54.59,19.5724
260605_iris2dsweep_solver_export_no_norm,sim,06_3-7_TDS-Half-Plunger-Iris2DsweepSolverNonNorm-260604_80.s1p,,S11,f_mean,sim,dispersion_mode_1,2.8672804543714,2.86728,-4.543714000604382e-07,-2.2723487689949753e-05,-17.664364618687312,touchstone_ri,2.8672804543714,1.0,,,,80,2.0,56.59,19.8224
260605_iris2dsweep_solver_export_no_norm,sim,06_3-7_TDS-Half-Plunger-Iris2DsweepSolverNonNorm-260604_81.s1p,,S11,f_mean,sim,dispersion_mode_1,2.8672804543714,2.86728,-4.543714000604382e-07,-8.532586464308034e-06,-23.749865840695044,touchstone_ri,2.8672804543714,1.0,,,,81,2.0,56.59,20.0724
260605_iris2dsweep_solver_export_no_norm,sim,06_3-7_TDS-Half-Plunger-Iris2DsweepSolverNonNorm-260604_82.s1p,,S11,f_mean,sim,dispersion_mode_1,2.8672804543714,2.86728,-4.543714000604382e-07,-1.68247484504374e-05,-29.26484770732195,touchstone_ri,2.8672804543714,1.0,,,,82,2.0,56.59,20.3224
260605_iris2dsweep_solver_export_no_norm,sim,06_3-7_TDS-Half-Plunger-Iris2DsweepSolverNonNorm-260604_83.s1p,,S11,f_mean,sim,dispersion_mode_1,2.8672804543714,2.86728,-4.543714000604382e-07,-0.00019013431684855817,-7.35143361144061,touchstone_ri,2.8672804543714,1.0,,,,83,2.0,56.84,18.3224
260605_iris2dsweep_solver_export_no_norm,sim,06_3-7_TDS-Half-Plunger-Iris2DsweepSolverNonNorm-260604_84.s1p,,S11,f_mean,sim,dispersion_mode_1,2.8672804543714,2.86728,-4.543714000604382e-07,-2.445492642288327e-05,-15.599122178801542,touchstone_ri,2.8672804543714,1.0,,,,84,2.0,56.84,18.5724
260605_iris2dsweep_solver_export_no_norm,sim,06_3-7_TDS-Half-Plunger-Iris2DsweepSolverNonNorm-260604_85.s1p,,S11,f_mean,sim,dispersion_mode_1,2.8672804543714,2.86728,-4.543714000604382e-07,-1.1359247176633888e-09,-22.88694286202463,touchstone_ri,2.8672804543714,1.0,,,,85,2.0,56.84,18.8224
260605_iris2dsweep_solver_export_no_norm,sim,06_3-7_TDS-Half-Plunger-Iris2DsweepSolverNonNorm-260604_86.s1p,,S11,f_mean,sim,dispersion_mode_1,2.8672804543714,2.86728,-4.543714000604382e-07,-1.7715457381089057e-09,-29.31808883442797,touchstone_ri,2.8672804543714,1.0,,,,86,2.0,56.84,19.0724
260605_iris2dsweep_solver_export_no_norm,sim,06_3-7_TDS-Half-Plunger-Iris2DsweepSolverNonNorm-260604_87.s1p,,S11,f_mean,sim,dispersion_mode_1,2.8672804543714,2.86728,-4.543714000604382e-07,-8.362853228530449e-05,-35.02420213993831,touchstone_ri,2.8672804543714,1.0,,,,87,2.0,56.84,19.3224
260605_iris2dsweep_solver_export_no_norm,sim,06_3-7_TDS-Half-Plunger-Iris2DsweepSolverNonNorm-260604_88.s1p,,S11,f_mean,sim,dispersion_mode_1,2.8672804543714,2.86728,-4.543714000604382e-07,-2.0092915952766237e-05,-40.076952121343595,touchstone_ri,2.8672804543714,1.0,,,,88,2.0,56.84,19.5724
260605_iris2dsweep_solver_export_no_norm,sim,06_3-7_TDS-Half-Plunger-Iris2DsweepSolverNonNorm-260604_89.s1p,,S11,f_mean,sim,dispersion_mode_1,2.8672804543714,2.86728,-4.543714000604382e-07,-2.65528096331795e-05,-44.57594417274469,touchstone_ri,2.8672804543714,1.0,,,,89,2.0,56.84,19.8224
260605_iris2dsweep_solver_export_no_norm,sim,06_3-7_TDS-Half-Plunger-Iris2DsweepSolverNonNorm-260604_9.s1p,,S11,f_mean,sim,dispersion_mode_1,2.8672804543714,2.86728,-4.543714000604382e-07,-3.606159244764088e-05,126.88532809377016,touchstone_ri,2.8672804543714,1.0,,,,9,2.0,54.59,19.8224
260605_iris2dsweep_solver_export_no_norm,sim,06_3-7_TDS-Half-Plunger-Iris2DsweepSolverNonNorm-260604_90.s1p,,S11,f_mean,sim,dispersion_mode_1,2.8672804543714,2.86728,-4.543714000604382e-07,-1.0483797284044025e-06,-48.61456924004008,touchstone_ri,2.8672804543714,1.0,,,,90,2.0,56.84,20.0724
260605_iris2dsweep_solver_export_no_norm,sim,06_3-7_TDS-Half-Plunger-Iris2DsweepSolverNonNorm-260604_91.s1p,,S11,f_mean,sim,dispersion_mode_1,2.8672804543714,2.86728,-4.543714000604382e-07,-5.547657769705376e-06,-52.22191594468465,touchstone_ri,2.8672804543714,1.0,,,,91,2.0,56.84,20.3224
260605_iris2dsweep_solver_export_no_norm,sim,06_3-7_TDS-Half-Plunger-Iris2DsweepSolverNonNorm-260604_92.s1p,,S11,f_mean,sim,dispersion_mode_1,2.8672804543714,2.86728,-4.543714000604382e-07,-1.9080559277933742e-05,-44.39839394772645,touchstone_ri,2.8672804543714,1.0,,,,92,2.0,57.09,18.3224
260605_iris2dsweep_solver_export_no_norm,sim,06_3-7_TDS-Half-Plunger-Iris2DsweepSolverNonNorm-260604_93.s1p,,S11,f_mean,sim,dispersion_mode_1,2.8672804543714,2.86728,-4.543714000604382e-07,-1.2624611480663643e-05,-49.18162324662811,touchstone_ri,2.8672804543714,1.0,,,,93,2.0,57.09,18.5724
260605_iris2dsweep_solver_export_no_norm,sim,06_3-7_TDS-Half-Plunger-Iris2DsweepSolverNonNorm-260604_94.s1p,,S11,f_mean,sim,dispersion_mode_1,2.8672804543714,2.86728,-4.543714000604382e-07,-1.2398768074461357e-05,-53.37483471515333,touchstone_ri,2.8672804543714,1.0,,,,94,2.0,57.09,18.8224
260605_iris2dsweep_solver_export_no_norm,sim,06_3-7_TDS-Half-Plunger-Iris2DsweepSolverNonNorm-260604_95.s1p,,S11,f_mean,sim,dispersion_mode_1,2.8672804543714,2.86728,-4.543714000604382e-07,-1.1394046751954016e-05,-57.100959685941824,touchstone_ri,2.8672804543714,1.0,,,,95,2.0,57.09,19.0724
260605_iris2dsweep_solver_export_no_norm,sim,06_3-7_TDS-Half-Plunger-Iris2DsweepSolverNonNorm-260604_96.s1p,,S11,f_mean,sim,dispersion_mode_1,2.8672804543714,2.86728,-4.543714000604382e-07,-1.5540486083248465e-05,-60.41107755033189,touchstone_ri,2.8672804543714,1.0,,,,96,2.0,57.09,19.3224
260605_iris2dsweep_solver_export_no_norm,sim,06_3-7_TDS-Half-Plunger-Iris2DsweepSolverNonNorm-260604_97.s1p,,S11,f_mean,sim,dispersion_mode_1,2.8672804543714,2.86728,-4.543714000604382e-07,-1.00769086388983e-05,-63.360270241744296,touchstone_ri,2.8672804543714,1.0,,,,97,2.0,57.09,19.5724
260605_iris2dsweep_solver_export_no_norm,sim,06_3-7_TDS-Half-Plunger-Iris2DsweepSolverNonNorm-260604_98.s1p,,S11,f_mean,sim,dispersion_mode_1,2.8672804543714,2.86728,-4.543714000604382e-07,-1.5763741493461519e-06,-66.0384627635952,touchstone_ri,2.8672804543714,1.0,,,,98,2.0,57.09,19.8224
260605_iris2dsweep_solver_export_no_norm,sim,06_3-7_TDS-Half-Plunger-Iris2DsweepSolverNonNorm-260604_99.s1p,,S11,f_mean,sim,dispersion_mode_1,2.8672804543714,2.86728,-4.543714000604382e-07,-8.98899559854574e-07,-68.46229882927072,touchstone_ri,2.8672804543714,1.0,,,,99,2.0,57.09,20.0724
260605_iris2dsweep_solver_export_no_norm,sim,06_3-7_TDS-Half-Plunger-Iris2DsweepSolverNonNorm-260604_1.s1p,,S11,f_pi2,sim,dispersion_mode_1,2.8774448751896,2.877444,-8.75189599902626e-07,3.996689899999384e-09,171.12869138880046,touchstone_ri,2.8774448751896,1.0,,,,1,1.0,56.59,19.3224
260605_iris2dsweep_solver_export_no_norm,sim,06_3-7_TDS-Half-Plunger-Iris2DsweepSolverNonNorm-260604_10.s1p,,S11,f_pi2,sim,dispersion_mode_1,2.8774448751896,2.877444,-8.75189599902626e-07,7.942721751001654e-10,99.97632123559235,touchstone_ri,2.8774448751896,1.0,,,,10,2.0,54.59,20.0724
260605_iris2dsweep_solver_export_no_norm,sim,06_3-7_TDS-Half-Plunger-Iris2DsweepSolverNonNorm-260604_100.s1p,,S11,f_pi2,sim,dispersion_mode_1,2.8774448751896,2.877444,-8.75189599902626e-07,1.2391164353691272e-09,-101.80279472546772,touchstone_ri,2.8774448751896,1.0,,,,100,2.0,57.09,20.3224
260605_iris2dsweep_solver_export_no_norm,sim,06_3-7_TDS-Half-Plunger-Iris2DsweepSolverNonNorm-260604_101.s1p,,S11,f_pi2,sim,dispersion_mode_1,2.8774448751896,2.877444,-8.75189599902626e-07,-1.572158809964444e-06,-106.46488022155012,touchstone_ri,2.8774448751896,1.0,,,,101,2.0,57.34,18.3224
260605_iris2dsweep_solver_export_no_norm,sim,06_3-7_TDS-Half-Plunger-Iris2DsweepSolverNonNorm-260604_102.s1p,,S11,f_pi2,sim,dispersion_mode_1,2.8774448751896,2.877444,-8.75189599902626e-07,-2.5221260916166017e-06,-107.05081441813942,touchstone_ri,2.8774448751896,1.0,,,,102,2.0,57.34,18.5724
260605_iris2dsweep_solver_export_no_norm,sim,06_3-7_TDS-Half-Plunger-Iris2DsweepSolverNonNorm-260604_103.s1p,,S11,f_pi2,sim,dispersion_mode_1,2.8774448751896,2.877444,-8.75189599902626e-07,-4.877445228547922e-06,-107.59734516583268,touchstone_ri,2.8774448751896,1.0,,,,103,2.0,57.34,18.8224
260605_iris2dsweep_solver_export_no_norm,sim,06_3-7_TDS-Half-Plunger-Iris2DsweepSolverNonNorm-260604_104.s1p,,S11,f_pi2,sim,dispersion_mode_1,2.8774448751896,2.877444,-8.75189599902626e-07,-2.316114144232701e-06,-108.13009429684594,touchstone_ri,2.8774448751896,1.0,,,,104,2.0,57.34,19.0724
260605_iris2dsweep_solver_export_no_norm,sim,06_3-7_TDS-Half-Plunger-Iris2DsweepSolverNonNorm-260604_105.s1p,,S11,f_pi2,sim,dispersion_mode_1,2.8774448751896,2.877444,-8.75189599902626e-07,-2.5143702957457447e-06,-108.63029630686064,touchstone_ri,2.8774448751896,1.0,,,,105,2.0,57.34,19.3224
260605_iris2dsweep_solver_export_no_norm,sim,06_3-7_TDS-Half-Plunger-Iris2DsweepSolverNonNorm-260604_106.s1p,,S11,f_pi2,sim,dispersion_mode_1,2.8774448751896,2.877444,-8.75189599902626e-07,-2.626044985385285e-09,-109.11253141286211,touchstone_ri,2.8774448751896,1.0,,,,106,2.0,57.34,19.5724
260605_iris2dsweep_solver_export_no_norm,sim,06_3-7_TDS-Half-Plunger-Iris2DsweepSolverNonNorm-260604_107.s1p,,S11,f_pi2,sim,dispersion_mode_1,2.8774448751896,2.877444,-8.75189599902626e-07,2.3740507884140326e-09,-109.56282337243518,touchstone_ri,2.8774448751896,1.0,,,,107,2.0,57.34,19.8224
260605_iris2dsweep_solver_export_no_norm,sim,06_3-7_TDS-Half-Plunger-Iris2DsweepSolverNonNorm-260604_108.s1p,,S11,f_pi2,sim,dispersion_mode_1,2.8774448751896,2.877444,-8.75189599902626e-07,4.624804595027139e-09,-110.00120516389488,touchstone_ri,2.8774448751896,1.0,,,,108,2.0,57.34,20.0724
260605_iris2dsweep_solver_export_no_norm,sim,06_3-7_TDS-Half-Plunger-Iris2DsweepSolverNonNorm-260604_109.s1p,,S11,f_pi2,sim,dispersion_mode_1,2.8774448751896,2.877444,-8.75189599902626e-07,-5.263472891551299e-10,-110.42322546123917,touchstone_ri,2.8774448751896,1.0,,,,109,2.0,57.34,20.3224
260605_iris2dsweep_solver_export_no_norm,sim,06_3-7_TDS-Half-Plunger-Iris2DsweepSolverNonNorm-260604_11.s1p,,S11,f_pi2,sim,dispersion_mode_1,2.8774448751896,2.877444,-8.75189599902626e-07,-2.77872001531378e-06,93.58673456613592,touchstone_ri,2.8774448751896,1.0,,,,11,2.0,54.59,20.3224
260605_iris2dsweep_solver_export_no_norm,sim,06_3-7_TDS-Half-Plunger-Iris2DsweepSolverNonNorm-260604_110.s1p,,S11,f_pi2,sim,dispersion_mode_1,2.8774448751896,2.877444,-8.75189599902626e-07,-1.0170601458224911e-06,-115.052753204857,touchstone_ri,2.8774448751896,1.0,,,,110,2.0,57.59,18.3224
260605_iris2dsweep_solver_export_no_norm,sim,06_3-7_TDS-Half-Plunger-Iris2DsweepSolverNonNorm-260604_111.s1p,,S11,f_pi2,sim,dispersion_mode_1,2.8774448751896,2.877444,-8.75189599902626e-07,4.269212699227536e-09,-115.32398413376683,touchstone_ri,2.8774448751896,1.0,,,,111,2.0,57.59,18.5724
260605_iris2dsweep_solver_export_no_norm,sim,06_3-7_TDS-Half-Plunger-Iris2DsweepSolverNonNorm-260604_112.s1p,,S11,f_pi2,sim,dispersion_mode_1,2.8774448751896,2.877444,-8.75189599902626e-07,2.2433767021110633e-09,-115.59388044636376,touchstone_ri,2.8774448751896,1.0,,,,112,2.0,57.59,18.8224
260605_iris2dsweep_solver_export_no_norm,sim,06_3-7_TDS-Half-Plunger-Iris2DsweepSolverNonNorm-260604_113.s1p,,S11,f_pi2,sim,dispersion_mode_1,2.8774448751896,2.877444,-8.75189599902626e-07,3.0606403729408923e-10,-115.85176656840558,touchstone_ri,2.8774448751896,1.0,,,,113,2.0,57.59,19.0724
260605_iris2dsweep_solver_export_no_norm,sim,06_3-7_TDS-Half-Plunger-Iris2DsweepSolverNonNorm-260604_114.s1p,,S11,f_pi2,sim,dispersion_mode_1,2.8774448751896,2.877444,-8.75189599902626e-07,3.780863769806721e-09,-116.10918469116446,touchstone_ri,2.8774448751896,1.0,,,,114,2.0,57.59,19.3224
260605_iris2dsweep_solver_export_no_norm,sim,06_3-7_TDS-Half-Plunger-Iris2DsweepSolverNonNorm-260604_115.s1p,,S11,f_pi2,sim,dispersion_mode_1,2.8774448751896,2.877444,-8.75189599902626e-07,3.940608472684633e-10,-116.35579097814953,touchstone_ri,2.8774448751896,1.0,,,,115,2.0,57.59,19.5724
260605_iris2dsweep_solver_export_no_norm,sim,06_3-7_TDS-Half-Plunger-Iris2DsweepSolverNonNorm-260604_116.s1p,,S11,f_pi2,sim,dispersion_mode_1,2.8774448751896,2.877444,-8.75189599902626e-07,-4.9364173752031545e-09,-116.59833227590141,touchstone_ri,2.8774448751896,1.0,,,,116,2.0,57.59,19.8224
260605_iris2dsweep_solver_export_no_norm,sim,06_3-7_TDS-Half-Plunger-Iris2DsweepSolverNonNorm-260604_117.s1p,,S11,f_pi2,sim,dispersion_mode_1,2.8774448751896,2.877444,-8.75189599902626e-07,-2.7041130797915262e-09,-116.84278721368987,touchstone_ri,2.8774448751896,1.0,,,,117,2.0,57.59,20.0724
260605_iris2dsweep_solver_export_no_norm,sim,06_3-7_TDS-Half-Plunger-Iris2DsweepSolverNonNorm-260604_118.s1p,,S11,f_pi2,sim,dispersion_mode_1,2.8774448751896,2.877444,-8.75189599902626e-07,-2.3973335114217723e-09,-117.07213688401075,touchstone_ri,2.8774448751896,1.0,,,,118,2.0,57.59,20.3224
260605_iris2dsweep_solver_export_no_norm,sim,06_3-7_TDS-Half-Plunger-Iris2DsweepSolverNonNorm-260604_119.s1p,,S11,f_pi2,sim,dispersion_mode_1,2.8774448751896,2.877444,-8.75189599902626e-07,3.984203787968188e-09,-121.12124932945676,touchstone_ri,2.8774448751896,1.0,,,,119,2.0,57.84,18.3224
260605_iris2dsweep_solver_export_no_norm,sim,06_3-7_TDS-Half-Plunger-Iris2DsweepSolverNonNorm-260604_12.s1p,,S11,f_pi2,sim,dispersion_mode_1,2.8774448751896,2.877444,-8.75189599902626e-07,-5.641566404661245e-10,132.5290065610458,touchstone_ri,2.8774448751896,1.0,,,,12,2.0,54.84,18.3224
260605_iris2dsweep_solver_export_no_norm,sim,06_3-7_TDS-Half-Plunger-Iris2DsweepSolverNonNorm-260604_120.s1p,,S11,f_pi2,sim,dispersion_mode_1,2.8774448751896,2.877444,-8.75189599902626e-07,-1.5793302014736283e-09,-121.26106938664367,touchstone_ri,2.8774448751896,1.0,,,,120,2.0,57.84,18.5724
260605_iris2dsweep_solver_export_no_norm,sim,06_3-7_TDS-Half-Plunger-Iris2DsweepSolverNonNorm-260604_121.s1p,,S11,f_pi2,sim,dispersion_mode_1,2.8774448751896,2.877444,-8.75189599902626e-07,-3.726454487111102e-09,-121.40184085061645,touchstone_ri,2.8774448751896,1.0,,,,121,2.0,57.84,18.8224
260605_iris2dsweep_solver_export_no_norm,sim,06_3-7_TDS-Half-Plunger-Iris2DsweepSolverNonNorm-260604_122.s1p,,S11,f_pi2,sim,dispersion_mode_1,2.8774448751896,2.877444,-8.75189599902626e-07,-1.0396317984786513e-09,-121.54228430211057,touchstone_ri,2.8774448751896,1.0,,,,122,2.0,57.84,19.0724
260605_iris2dsweep_solver_export_no_norm,sim,06_3-7_TDS-Half-Plunger-Iris2DsweepSolverNonNorm-260604_123.s1p,,S11,f_pi2,sim,dispersion_mode_1,2.8774448751896,2.877444,-8.75189599902626e-07,3.909896570739225e-09,-121.68908621394264,touchstone_ri,2.8774448751896,1.0,,,,123,2.0,57.84,19.3224
260605_iris2dsweep_solver_export_no_norm,sim,06_3-7_TDS-Half-Plunger-Iris2DsweepSolverNonNorm-260604_124.s1p,,S11,f_pi2,sim,dispersion_mode_1,2.8774448751896,2.877444,-8.75189599902626e-07,5.216278705022072e-10,-121.82705384687239,touchstone_ri,2.8774448751896,1.0,,,,124,2.0,57.84,19.5724
260605_iris2dsweep_solver_export_no_norm,sim,06_3-7_TDS-Half-Plunger-Iris2DsweepSolverNonNorm-260604_125.s1p,,S11,f_pi2,sim,dispersion_mode_1,2.8774448751896,2.877444,-8.75189599902626e-07,-8.546005014860966e-10,-121.97319059667545,touchstone_ri,2.8774448751896,1.0,,,,125,2.0,57.84,19.8224
260605_iris2dsweep_solver_export_no_norm,sim,06_3-7_TDS-Half-Plunger-Iris2DsweepSolverNonNorm-260604_126.s1p,,S11,f_pi2,sim,dispersion_mode_1,2.8774448751896,2.877444,-8.75189599902626e-07,-1.0616155717363255e-09,-122.11350290194252,touchstone_ri,2.8774448751896,1.0,,,,126,2.0,57.84,20.0724
260605_iris2dsweep_solver_export_no_norm,sim,06_3-7_TDS-Half-Plunger-Iris2DsweepSolverNonNorm-260604_127.s1p,,S11,f_pi2,sim,dispersion_mode_1,2.8774448751896,2.877444,-8.75189599902626e-07,1.6261145482176633e-09,-122.25653046412349,touchstone_ri,2.8774448751896,1.0,,,,127,2.0,57.84,20.3224
260605_iris2dsweep_solver_export_no_norm,sim,06_3-7_TDS-Half-Plunger-Iris2DsweepSolverNonNorm-260604_128.s1p,,S11,f_pi2,sim,dispersion_mode_1,2.8774448751896,2.877444,-8.75189599902626e-07,1.924618258118354e-09,-125.51027366701506,touchstone_ri,2.8774448751896,1.0,,,,128,2.0,58.09,18.3224
260605_iris2dsweep_solver_export_no_norm,sim,06_3-7_TDS-Half-Plunger-Iris2DsweepSolverNonNorm-260604_129.s1p,,S11,f_pi2,sim,dispersion_mode_1,2.8774448751896,2.877444,-8.75189599902626e-07,-3.753657200626818e-09,-125.60609137098265,touchstone_ri,2.8774448751896,1.0,,,,129,2.0,58.09,18.5724
260605_iris2dsweep_solver_export_no_norm,sim,06_3-7_TDS-Half-Plunger-Iris2DsweepSolverNonNorm-260604_13.s1p,,S11,f_pi2,sim,dispersion_mode_1,2.8774448751896,2.877444,-8.75189599902626e-07,2.6764137368089775e-09,127.10562114616391,touchstone_ri,2.8774448751896,1.0,,,,13,2.0,54.84,18.5724
260605_iris2dsweep_solver_export_no_norm,sim,06_3-7_TDS-Half-Plunger-Iris2DsweepSolverNonNorm-260604_130.s1p,,S11,f_pi2,sim,dispersion_mode_1,2.8774448751896,2.877444,-8.75189599902626e-07,2.1357905440047003e-09,-125.70093100139314,touchstone_ri,2.8774448751896,1.0,,,,130,2.0,58.09,18.8224
260605_iris2dsweep_solver_export_no_norm,sim,06_3-7_TDS-Half-Plunger-Iris2DsweepSolverNonNorm-260604_131.s1p,,S11,f_pi2,sim,dispersion_mode_1,2.8774448751896,2.877444,-8.75189599902626e-07,3.0186863417103927e-09,-125.80005360440795,touchstone_ri,2.8774448751896,1.0,,,,131,2.0,58.09,19.0724
260605_iris2dsweep_solver_export_no_norm,sim,06_3-7_TDS-Half-Plunger-Iris2DsweepSolverNonNorm-260604_132.s1p,,S11,f_pi2,sim,dispersion_mode_1,2.8774448751896,2.877444,-8.75189599902626e-07,3.73015750298234e-09,-125.89951464010774,touchstone_ri,2.8774448751896,1.0,,,,132,2.0,58.09,19.3224
260605_iris2dsweep_solver_export_no_norm,sim,06_3-7_TDS-Half-Plunger-Iris2DsweepSolverNonNorm-260604_133.s1p,,S11,f_pi2,sim,dispersion_mode_1,2.8774448751896,2.877444,-8.75189599902626e-07,1.5737477094835992e-09,-125.99891131149474,touchstone_ri,2.8774448751896,1.0,,,,133,2.0,58.09,19.5724
260605_iris2dsweep_solver_export_no_norm,sim,06_3-7_TDS-Half-Plunger-Iris2DsweepSolverNonNorm-260604_134.s1p,,S11,f_pi2,sim,dispersion_mode_1,2.8774448751896,2.877444,-8.75189599902626e-07,-2.1401907707608396e-09,-126.10914583267733,touchstone_ri,2.8774448751896,1.0,,,,134,2.0,58.09,19.8224
260605_iris2dsweep_solver_export_no_norm,sim,06_3-7_TDS-Half-Plunger-Iris2DsweepSolverNonNorm-260604_135.s1p,,S11,f_pi2,sim,dispersion_mode_1,2.8774448751896,2.877444,-8.75189599902626e-07,-1.6512179209948886e-10,-126.21200283862682,touchstone_ri,2.8774448751896,1.0,,,,135,2.0,58.09,20.0724
260605_iris2dsweep_solver_export_no_norm,sim,06_3-7_TDS-Half-Plunger-Iris2DsweepSolverNonNorm-260604_136.s1p,,S11,f_pi2,sim,dispersion_mode_1,2.8774448751896,2.877444,-8.75189599902626e-07,-3.999153758516582e-09,-126.31586254412522,touchstone_ri,2.8774448751896,1.0,,,,136,2.0,58.09,20.3224
260605_iris2dsweep_solver_export_no_norm,sim,06_3-7_TDS-Half-Plunger-Iris2DsweepSolverNonNorm-260604_137.s1p,,S11,f_pi2,sim,dispersion_mode_1,2.8774448751896,2.877444,-8.75189599902626e-07,5.046827082609339e-10,-128.72087456548587,touchstone_ri,2.8774448751896,1.0,,,,137,2.0,58.34,18.3224
260605_iris2dsweep_solver_export_no_norm,sim,06_3-7_TDS-Half-Plunger-Iris2DsweepSolverNonNorm-260604_138.s1p,,S11,f_pi2,sim,dispersion_mode_1,2.8774448751896,2.877444,-8.75189599902626e-07,3.332333850092182e-09,-128.8204205942624,touchstone_ri,2.8774448751896,1.0,,,,138,2.0,58.34,18.5724
260605_iris2dsweep_solver_export_no_norm,sim,06_3-7_TDS-Half-Plunger-Iris2DsweepSolverNonNorm-260604_139.s1p,,S11,f_pi2,sim,dispersion_mode_1,2.8774448751896,2.877444,-8.75189599902626e-07,2.0174617779221027e-09,-128.9178745828908,touchstone_ri,2.8774448751896,1.0,,,,139,2.0,58.34,18.8224
260605_iris2dsweep_solver_export_no_norm,sim,06_3-7_TDS-Half-Plunger-Iris2DsweepSolverNonNorm-260604_14.s1p,,S11,f_pi2,sim,dispersion_mode_1,2.8774448751896,2.877444,-8.75189599902626e-07,-3.145047956199164e-10,121.3735819108491,touchstone_ri,2.8774448751896,1.0,,,,14,2.0,54.84,18.8224
260605_iris2dsweep_solver_export_no_norm,sim,06_3-7_TDS-Half-Plunger-Iris2DsweepSolverNonNorm-260604_140.s1p,,S11,f_pi2,sim,dispersion_mode_1,2.8774448751896,2.877444,-8.75189599902626e-07,-1.035185284529843e-09,-129.017763757956,touchstone_ri,2.8774448751896,1.0,,,,140,2.0,58.34,19.0724
260605_iris2dsweep_solver_export_no_norm,sim,06_3-7_TDS-Half-Plunger-Iris2DsweepSolverNonNorm-260604_141.s1p,,S11,f_pi2,sim,dispersion_mode_1,2.8774448751896,2.877444,-8.75189599902626e-07,2.2144719506360125e-09,-129.12070118747403,touchstone_ri,2.8774448751896,1.0,,,,141,2.0,58.34,19.3224
260605_iris2dsweep_solver_export_no_norm,sim,06_3-7_TDS-Half-Plunger-Iris2DsweepSolverNonNorm-260604_142.s1p,,S11,f_pi2,sim,dispersion_mode_1,2.8774448751896,2.877444,-8.75189599902626e-07,2.494177060888912e-09,-129.2218669805712,touchstone_ri,2.8774448751896,1.0,,,,142,2.0,58.34,19.5724
260605_iris2dsweep_solver_export_no_norm,sim,06_3-7_TDS-Half-Plunger-Iris2DsweepSolverNonNorm-260604_143.s1p,,S11,f_pi2,sim,dispersion_mode_1,2.8774448751896,2.877444,-8.75189599902626e-07,3.2881792240704672e-09,-129.32002181385195,touchstone_ri,2.8774448751896,1.0,,,,143,2.0,58.34,19.8224
260605_iris2dsweep_solver_export_no_norm,sim,06_3-7_TDS-Half-Plunger-Iris2DsweepSolverNonNorm-260604_144.s1p,,S11,f_pi2,sim,dispersion_mode_1,2.8774448751896,2.877444,-8.75189599902626e-07,-2.407699067362621e-09,-129.4280061506732,touchstone_ri,2.8774448751896,1.0,,,,144,2.0,58.34,20.0724
260605_iris2dsweep_solver_export_no_norm,sim,06_3-7_TDS-Half-Plunger-Iris2DsweepSolverNonNorm-260604_145.s1p,,S11,f_pi2,sim,dispersion_mode_1,2.8774448751896,2.877444,-8.75189599902626e-07,4.369763124115044e-09,-129.5324854836618,touchstone_ri,2.8774448751896,1.0,,,,145,2.0,58.34,20.3224
260605_iris2dsweep_solver_export_no_norm,sim,06_3-7_TDS-Half-Plunger-Iris2DsweepSolverNonNorm-260604_146.s1p,,S11,f_pi2,sim,dispersion_mode_1,2.8774448751896,2.877444,-8.75189599902626e-07,-2.2979923528268817e-10,-131.09698468849257,touchstone_ri,2.8774448751896,1.0,,,,146,2.0,58.59,18.3224
260605_iris2dsweep_solver_export_no_norm,sim,06_3-7_TDS-Half-Plunger-Iris2DsweepSolverNonNorm-260604_147.s1p,,S11,f_pi2,sim,dispersion_mode_1,2.8774448751896,2.877444,-8.75189599902626e-07,1.124965135858883e-09,-131.2192413709169,touchstone_ri,2.8774448751896,1.0,,,,147,2.0,58.59,18.5724
260605_iris2dsweep_solver_export_no_norm,sim,06_3-7_TDS-Half-Plunger-Iris2DsweepSolverNonNorm-260604_148.s1p,,S11,f_pi2,sim,dispersion_mode_1,2.8774448751896,2.877444,-8.75189599902626e-07,-1.786159156540047e-09,-131.34401361563022,touchstone_ri,2.8774448751896,1.0,,,,148,2.0,58.59,18.8224
260605_iris2dsweep_solver_export_no_norm,sim,06_3-7_TDS-Half-Plunger-Iris2DsweepSolverNonNorm-260604_149.s1p,,S11,f_pi2,sim,dispersion_mode_1,2.8774448751896,2.877444,-8.75189599902626e-07,-3.82486217646071e-09,-131.46692342227698,touchstone_ri,2.8774448751896,1.0,,,,149,2.0,58.59,19.0724
260605_iris2dsweep_solver_export_no_norm,sim,06_3-7_TDS-Half-Plunger-Iris2DsweepSolverNonNorm-260604_15.s1p,,S11,f_pi2,sim,dispersion_mode_1,2.8774448751896,2.877444,-8.75189599902626e-07,-1.9486178990084213e-06,115.35120820957722,touchstone_ri,2.8774448751896,1.0,,,,15,2.0,54.84,19.0724
260605_iris2dsweep_solver_export_no_norm,sim,06_3-7_TDS-Half-Plunger-Iris2DsweepSolverNonNorm-260604_150.s1p,,S11,f_pi2,sim,dispersion_mode_1,2.8774448751896,2.877444,-8.75189599902626e-07,-1.249901473933375e-09,-131.59060964058216,touchstone_ri,2.8774448751896,1.0,,,,150,2.0,58.59,19.3224
260605_iris2dsweep_solver_export_no_norm,sim,06_3-7_TDS-Half-Plunger-Iris2DsweepSolverNonNorm-260604_151.s1p,,S11,f_pi2,sim,dispersion_mode_1,2.8774448751896,2.877444,-8.75189599902626e-07,-1.909406957084042e-09,-131.71272858253516,touchstone_ri,2.8774448751896,1.0,,,,151,2.0,58.59,19.5724
260605_iris2dsweep_solver_export_no_norm,sim,06_3-7_TDS-Half-Plunger-Iris2DsweepSolverNonNorm-260604_152.s1p,,S11,f_pi2,sim,dispersion_mode_1,2.8774448751896,2.877444,-8.75189599902626e-07,1.752163720160319e-10,-131.83657045187869,touchstone_ri,2.8774448751896,1.0,,,,152,2.0,58.59,19.8224
260605_iris2dsweep_solver_export_no_norm,sim,06_3-7_TDS-Half-Plunger-Iris2DsweepSolverNonNorm-260604_153.s1p,,S11,f_pi2,sim,dispersion_mode_1,2.8774448751896,2.877444,-8.75189599902626e-07,4.51139582771025e-09,-131.95647435758775,touchstone_ri,2.8774448751896,1.0,,,,153,2.0,58.59,20.0724
260605_iris2dsweep_solver_export_no_norm,sim,06_3-7_TDS-Half-Plunger-Iris2DsweepSolverNonNorm-260604_154.s1p,,S11,f_pi2,sim,dispersion_mode_1,2.8774448751896,2.877444,-8.75189599902626e-07,6.129091798252467e-10,-132.07905962299844,touchstone_ri,2.8774448751896,1.0,,,,154,2.0,58.59,20.3224
260605_iris2dsweep_solver_export_no_norm,sim,06_3-7_TDS-Half-Plunger-Iris2DsweepSolverNonNorm-260604_16.s1p,,S11,f_pi2,sim,dispersion_mode_1,2.8774448751896,2.877444,-8.75189599902626e-07,-5.251855517521961e-07,109.02865987095346,touchstone_ri,2.8774448751896,1.0,,,,16,2.0,54.84,19.3224
260605_iris2dsweep_solver_export_no_norm,sim,06_3-7_TDS-Half-Plunger-Iris2DsweepSolverNonNorm-260604_17.s1p,,S11,f_pi2,sim,dispersion_mode_1,2.8774448751896,2.877444,-8.75189599902626e-07,-5.139045526006226e-06,102.43907570831912,touchstone_ri,2.8774448751896,1.0,,,,17,2.0,54.84,19.5724
260605_iris2dsweep_solver_export_no_norm,sim,06_3-7_TDS-Half-Plunger-Iris2DsweepSolverNonNorm-260604_18.s1p,,S11,f_pi2,sim,dispersion_mode_1,2.8774448751896,2.877444,-8.75189599902626e-07,-3.58661692440829e-06,95.62072224979046,touchstone_ri,2.8774448751896,1.0,,,,18,2.0,54.84,19.8224
260605_iris2dsweep_solver_export_no_norm,sim,06_3-7_TDS-Half-Plunger-Iris2DsweepSolverNonNorm-260604_19.s1p,,S11,f_pi2,sim,dispersion_mode_1,2.8774448751896,2.877444,-8.75189599902626e-07,-4.888134686875812e-06,88.58228421701007,touchstone_ri,2.8774448751896,1.0,,,,19,2.0,54.84,20.0724
260605_iris2dsweep_solver_export_no_norm,sim,06_3-7_TDS-Half-Plunger-Iris2DsweepSolverNonNorm-260604_2.s1p,,S11,f_pi2,sim,dispersion_mode_1,2.8774448751896,2.877444,-8.75189599902626e-07,-1.498654565607486e-09,-64.93305301622081,touchstone_ri,2.8774448751896,1.0,,,,2,2.0,56.59,19.3224
260605_iris2dsweep_solver_export_no_norm,sim,06_3-7_TDS-Half-Plunger-Iris2DsweepSolverNonNorm-260604_20.s1p,,S11,f_pi2,sim,dispersion_mode_1,2.8774448751896,2.877444,-8.75189599902626e-07,-3.4734091597994428e-06,81.38710531777744,touchstone_ri,2.8774448751896,1.0,,,,20,2.0,54.84,20.3224
260605_iris2dsweep_solver_export_no_norm,sim,06_3-7_TDS-Half-Plunger-Iris2DsweepSolverNonNorm-260604_21.s1p,,S11,f_pi2,sim,dispersion_mode_1,2.8774448751896,2.877444,-8.75189599902626e-07,-1.180760664343808e-06,124.40255607796591,touchstone_ri,2.8774448751896,1.0,,,,21,2.0,55.09,18.3224
260605_iris2dsweep_solver_export_no_norm,sim,06_3-7_TDS-Half-Plunger-Iris2DsweepSolverNonNorm-260604_22.s1p,,S11,f_pi2,sim,dispersion_mode_1,2.8774448751896,2.877444,-8.75189599902626e-07,-4.184323047087128e-06,118.01884136599443,touchstone_ri,2.8774448751896,1.0,,,,22,2.0,55.09,18.5724
260605_iris2dsweep_solver_export_no_norm,sim,06_3-7_TDS-Half-Plunger-Iris2DsweepSolverNonNorm-260604_23.s1p,,S11,f_pi2,sim,dispersion_mode_1,2.8774448751896,2.877444,-8.75189599902626e-07,-3.918079287846232e-06,111.30186387319397,touchstone_ri,2.8774448751896,1.0,,,,23,2.0,55.09,18.8224
260605_iris2dsweep_solver_export_no_norm,sim,06_3-7_TDS-Half-Plunger-Iris2DsweepSolverNonNorm-260604_24.s1p,,S11,f_pi2,sim,dispersion_mode_1,2.8774448751896,2.877444,-8.75189599902626e-07,-5.2370987871034364e-06,104.24434115992737,touchstone_ri,2.8774448751896,1.0,,,,24,2.0,55.09,19.0724
260605_iris2dsweep_solver_export_no_norm,sim,06_3-7_TDS-Half-Plunger-Iris2DsweepSolverNonNorm-260604_25.s1p,,S11,f_pi2,sim,dispersion_mode_1,2.8774448751896,2.877444,-8.75189599902626e-07,-3.929888218790899e-06,96.89128630650664,touchstone_ri,2.8774448751896,1.0,,,,25,2.0,55.09,19.3224
260605_iris2dsweep_solver_export_no_norm,sim,06_3-7_TDS-Half-Plunger-Iris2DsweepSolverNonNorm-260604_26.s1p,,S11,f_pi2,sim,dispersion_mode_1,2.8774448751896,2.877444,-8.75189599902626e-07,-3.201188648691508e-06,89.27570092375589,touchstone_ri,2.8774448751896,1.0,,,,26,2.0,55.09,19.5724
260605_iris2dsweep_solver_export_no_norm,sim,06_3-7_TDS-Half-Plunger-Iris2DsweepSolverNonNorm-260604_27.s1p,,S11,f_pi2,sim,dispersion_mode_1,2.8774448751896,2.877444,-8.75189599902626e-07,-3.9013719176910755e-09,81.46908050205401,touchstone_ri,2.8774448751896,1.0,,,,27,2.0,55.09,19.8224
260605_iris2dsweep_solver_export_no_norm,sim,06_3-7_TDS-Half-Plunger-Iris2DsweepSolverNonNorm-260604_28.s1p,,S11,f_pi2,sim,dispersion_mode_1,2.8774448751896,2.877444,-8.75189599902626e-07,-4.603259593220438e-09,73.53192927922802,touchstone_ri,2.8774448751896,1.0,,,,28,2.0,55.09,20.0724
260605_iris2dsweep_solver_export_no_norm,sim,06_3-7_TDS-Half-Plunger-Iris2DsweepSolverNonNorm-260604_29.s1p,,S11,f_pi2,sim,dispersion_mode_1,2.8774448751896,2.877444,-8.75189599902626e-07,-6.930450859719247e-06,65.51202889753428,touchstone_ri,2.8774448751896,1.0,,,,29,2.0,55.09,20.3224
260605_iris2dsweep_solver_export_no_norm,sim,06_3-7_TDS-Half-Plunger-Iris2DsweepSolverNonNorm-260604_3.s1p,,S11,f_pi2,sim,dispersion_mode_1,2.8774448751896,2.877444,-8.75189599902626e-07,-2.1668215576808886e-05,138.3112165188056,touchstone_ri,2.8774448751896,1.0,,,,3,2.0,54.59,18.3224
260605_iris2dsweep_solver_export_no_norm,sim,06_3-7_TDS-Half-Plunger-Iris2DsweepSolverNonNorm-260604_30.s1p,,S11,f_pi2,sim,dispersion_mode_1,2.8774448751896,2.877444,-8.75189599902626e-07,-1.1250416346370614e-06,112.67764426391382,touchstone_ri,2.8774448751896,1.0,,,,30,2.0,55.34,18.3224
260605_iris2dsweep_solver_export_no_norm,sim,06_3-7_TDS-Half-Plunger-Iris2DsweepSolverNonNorm-260604_31.s1p,,S11,f_pi2,sim,dispersion_mode_1,2.8774448751896,2.877444,-8.75189599902626e-07,-3.4326415547712233e-07,105.01596938160297,touchstone_ri,2.8774448751896,1.0,,,,31,2.0,55.34,18.5724
260605_iris2dsweep_solver_export_no_norm,sim,06_3-7_TDS-Half-Plunger-Iris2DsweepSolverNonNorm-260604_32.s1p,,S11,f_pi2,sim,dispersion_mode_1,2.8774448751896,2.877444,-8.75189599902626e-07,4.001407389963591e-09,96.97981897441241,touchstone_ri,2.8774448751896,1.0,,,,32,2.0,55.34,18.8224
260605_iris2dsweep_solver_export_no_norm,sim,06_3-7_TDS-Half-Plunger-Iris2DsweepSolverNonNorm-260604_33.s1p,,S11,f_pi2,sim,dispersion_mode_1,2.8774448751896,2.877444,-8.75189599902626e-07,2.754693983209434e-09,88.65842732755422,touchstone_ri,2.8774448751896,1.0,,,,33,2.0,55.34,19.0724
260605_iris2dsweep_solver_export_no_norm,sim,06_3-7_TDS-Half-Plunger-Iris2DsweepSolverNonNorm-260604_34.s1p,,S11,f_pi2,sim,dispersion_mode_1,2.8774448751896,2.877444,-8.75189599902626e-07,-2.5491167260455453e-09,80.0668297966687,touchstone_ri,2.8774448751896,1.0,,,,34,2.0,55.34,19.3224
260605_iris2dsweep_solver_export_no_norm,sim,06_3-7_TDS-Half-Plunger-Iris2DsweepSolverNonNorm-260604_35.s1p,,S11,f_pi2,sim,dispersion_mode_1,2.8774448751896,2.877444,-8.75189599902626e-07,4.022688168485659e-09,71.35547562486815,touchstone_ri,2.8774448751896,1.0,,,,35,2.0,55.34,19.5724
260605_iris2dsweep_solver_export_no_norm,sim,06_3-7_TDS-Half-Plunger-Iris2DsweepSolverNonNorm-260604_36.s1p,,S11,f_pi2,sim,dispersion_mode_1,2.8774448751896,2.877444,-8.75189599902626e-07,-7.566797975407938e-10,62.5821413211391,touchstone_ri,2.8774448751896,1.0,,,,36,2.0,55.34,19.8224
260605_iris2dsweep_solver_export_no_norm,sim,06_3-7_TDS-Half-Plunger-Iris2DsweepSolverNonNorm-260604_37.s1p,,S11,f_pi2,sim,dispersion_mode_1,2.8774448751896,2.877444,-8.75189599902626e-07,-1.3454929356929989e-05,53.849286051814104,touchstone_ri,2.8774448751896,1.0,,,,37,2.0,55.34,20.0724
260605_iris2dsweep_solver_export_no_norm,sim,06_3-7_TDS-Half-Plunger-Iris2DsweepSolverNonNorm-260604_38.s1p,,S11,f_pi2,sim,dispersion_mode_1,2.8774448751896,2.877444,-8.75189599902626e-07,-3.977965822209141e-06,45.254120285039015,touchstone_ri,2.8774448751896,1.0,,,,38,2.0,55.34,20.3224
260605_iris2dsweep_solver_export_no_norm,sim,06_3-7_TDS-Half-Plunger-Iris2DsweepSolverNonNorm-260604_39.s1p,,S11,f_pi2,sim,dispersion_mode_1,2.8774448751896,2.877444,-8.75189599902626e-07,-2.314702219445341e-09,95.27960877389357,touchstone_ri,2.8774448751896,1.0,,,,39,2.0,55.59,18.3224
260605_iris2dsweep_solver_export_no_norm,sim,06_3-7_TDS-Half-Plunger-Iris2DsweepSolverNonNorm-260604_4.s1p,,S11,f_pi2,sim,dispersion_mode_1,2.8774448751896,2.877444,-8.75189599902626e-07,-3.4938334588325503e-06,133.59450959753963,touchstone_ri,2.8774448751896,1.0,,,,4,2.0,54.59,18.5724
260605_iris2dsweep_solver_export_no_norm,sim,06_3-7_TDS-Half-Plunger-Iris2DsweepSolverNonNorm-260604_40.s1p,,S11,f_pi2,sim,dispersion_mode_1,2.8774448751896,2.877444,-8.75189599902626e-07,-2.5196015552681375e-09,86.02172498761657,touchstone_ri,2.8774448751896,1.0,,,,40,2.0,55.59,18.5724
260605_iris2dsweep_solver_export_no_norm,sim,06_3-7_TDS-Half-Plunger-Iris2DsweepSolverNonNorm-260604_41.s1p,,S11,f_pi2,sim,dispersion_mode_1,2.8774448751896,2.877444,-8.75189599902626e-07,5.699368192804539e-11,76.45816521930175,touchstone_ri,2.8774448751896,1.0,,,,41,2.0,55.59,18.8224
260605_iris2dsweep_solver_export_no_norm,sim,06_3-7_TDS-Half-Plunger-Iris2DsweepSolverNonNorm-260604_42.s1p,,S11,f_pi2,sim,dispersion_mode_1,2.8774448751896,2.877444,-8.75189599902626e-07,-3.898870452241712e-09,66.76463764820976,touchstone_ri,2.8774448751896,1.0,,,,42,2.0,55.59,19.0724
260605_iris2dsweep_solver_export_no_norm,sim,06_3-7_TDS-Half-Plunger-Iris2DsweepSolverNonNorm-260604_43.s1p,,S11,f_pi2,sim,dispersion_mode_1,2.8774448751896,2.877444,-8.75189599902626e-07,-4.727782234715885e-09,57.06530971835736,touchstone_ri,2.8774448751896,1.0,,,,43,2.0,55.59,19.3224
260605_iris2dsweep_solver_export_no_norm,sim,06_3-7_TDS-Half-Plunger-Iris2DsweepSolverNonNorm-260604_44.s1p,,S11,f_pi2,sim,dispersion_mode_1,2.8774448751896,2.877444,-8.75189599902626e-07,-4.559951595197745e-05,47.49136578446854,touchstone_ri,2.8774448751896,1.0,,,,44,2.0,55.59,19.5724
260605_iris2dsweep_solver_export_no_norm,sim,06_3-7_TDS-Half-Plunger-Iris2DsweepSolverNonNorm-260604_45.s1p,,S11,f_pi2,sim,dispersion_mode_1,2.8774448751896,2.877444,-8.75189599902626e-07,-5.60148714122506e-05,38.154139841344985,touchstone_ri,2.8774448751896,1.0,,,,45,2.0,55.59,19.8224
260605_iris2dsweep_solver_export_no_norm,sim,06_3-7_TDS-Half-Plunger-Iris2DsweepSolverNonNorm-260604_46.s1p,,S11,f_pi2,sim,dispersion_mode_1,2.8774448751896,2.877444,-8.75189599902626e-07,-3.120600115878562e-05,29.183306693432492,touchstone_ri,2.8774448751896,1.0,,,,46,2.0,55.59,20.0724
260605_iris2dsweep_solver_export_no_norm,sim,06_3-7_TDS-Half-Plunger-Iris2DsweepSolverNonNorm-260604_47.s1p,,S11,f_pi2,sim,dispersion_mode_1,2.8774448751896,2.877444,-8.75189599902626e-07,-2.3238120093692444e-05,20.643534582360868,touchstone_ri,2.8774448751896,1.0,,,,47,2.0,55.59,20.3224
260605_iris2dsweep_solver_export_no_norm,sim,06_3-7_TDS-Half-Plunger-Iris2DsweepSolverNonNorm-260604_48.s1p,,S11,f_pi2,sim,dispersion_mode_1,2.8774448751896,2.877444,-8.75189599902626e-07,-1.1458127154364103e-05,69.35992631157406,touchstone_ri,2.8774448751896,1.0,,,,48,2.0,55.84,18.3224
260605_iris2dsweep_solver_export_no_norm,sim,06_3-7_TDS-Half-Plunger-Iris2DsweepSolverNonNorm-260604_49.s1p,,S11,f_pi2,sim,dispersion_mode_1,2.8774448751896,2.877444,-8.75189599902626e-07,-4.05766888107023e-05,58.49446455925865,touchstone_ri,2.8774448751896,1.0,,,,49,2.0,55.84,18.5724
260605_iris2dsweep_solver_export_no_norm,sim,06_3-7_TDS-Half-Plunger-Iris2DsweepSolverNonNorm-260604_5.s1p,,S11,f_pi2,sim,dispersion_mode_1,2.8774448751896,2.877444,-8.75189599902626e-07,3.137040180293472e-09,128.62419744584375,touchstone_ri,2.8774448751896,1.0,,,,5,2.0,54.59,18.8224
260605_iris2dsweep_solver_export_no_norm,sim,06_3-7_TDS-Half-Plunger-Iris2DsweepSolverNonNorm-260604_50.s1p,,S11,f_pi2,sim,dispersion_mode_1,2.8774448751896,2.877444,-8.75189599902626e-07,-5.2997909001537054e-05,47.762349119730345,touchstone_ri,2.8774448751896,1.0,,,,50,2.0,55.84,18.8224
260605_iris2dsweep_solver_export_no_norm,sim,06_3-7_TDS-Half-Plunger-Iris2DsweepSolverNonNorm-260604_51.s1p,,S11,f_pi2,sim,dispersion_mode_1,2.8774448751896,2.877444,-8.75189599902626e-07,-4.306456342073162e-05,37.308281198844575,touchstone_ri,2.8774448751896,1.0,,,,51,2.0,55.84,19.0724
260605_iris2dsweep_solver_export_no_norm,sim,06_3-7_TDS-Half-Plunger-Iris2DsweepSolverNonNorm-260604_52.s1p,,S11,f_pi2,sim,dispersion_mode_1,2.8774448751896,2.877444,-8.75189599902626e-07,-8.301342072828033e-05,27.300027850266506,touchstone_ri,2.8774448751896,1.0,,,,52,2.0,55.84,19.3224
260605_iris2dsweep_solver_export_no_norm,sim,06_3-7_TDS-Half-Plunger-Iris2DsweepSolverNonNorm-260604_53.s1p,,S11,f_pi2,sim,dispersion_mode_1,2.8774448751896,2.877444,-8.75189599902626e-07,-8.225090804197085e-06,17.86303518963022,touchstone_ri,2.8774448751896,1.0,,,,53,2.0,55.84,19.5724
260605_iris2dsweep_solver_export_no_norm,sim,06_3-7_TDS-Half-Plunger-Iris2DsweepSolverNonNorm-260604_54.s1p,,S11,f_pi2,sim,dispersion_mode_1,2.8774448751896,2.877444,-8.75189599902626e-07,3.6778195940849455e-09,9.060158164184227,touchstone_ri,2.8774448751896,1.0,,,,54,2.0,55.84,19.8224
260605_iris2dsweep_solver_export_no_norm,sim,06_3-7_TDS-Half-Plunger-Iris2DsweepSolverNonNorm-260604_55.s1p,,S11,f_pi2,sim,dispersion_mode_1,2.8774448751896,2.877444,-8.75189599902626e-07,3.1062492042974914e-09,0.8997549834880748,touchstone_ri,2.8774448751896,1.0,,,,55,2.0,55.84,20.0724
260605_iris2dsweep_solver_export_no_norm,sim,06_3-7_TDS-Half-Plunger-Iris2DsweepSolverNonNorm-260604_56.s1p,,S11,f_pi2,sim,dispersion_mode_1,2.8774448751896,2.877444,-8.75189599902626e-07,-8.103185842177257e-10,-6.6120593829745635,touchstone_ri,2.8774448751896,1.0,,,,56,2.0,55.84,20.3224
260605_iris2dsweep_solver_export_no_norm,sim,06_3-7_TDS-Half-Plunger-Iris2DsweepSolverNonNorm-260604_57.s1p,,S11,f_pi2,sim,dispersion_mode_1,2.8774448751896,2.877444,-8.75189599902626e-07,-1.1291270618551093e-05,32.888205198656856,touchstone_ri,2.8774448751896,1.0,,,,57,2.0,56.09,18.3224
260605_iris2dsweep_solver_export_no_norm,sim,06_3-7_TDS-Half-Plunger-Iris2DsweepSolverNonNorm-260604_58.s1p,,S11,f_pi2,sim,dispersion_mode_1,2.8774448751896,2.877444,-8.75189599902626e-07,-2.3606300465605725e-05,21.829722186765828,touchstone_ri,2.8774448751896,1.0,,,,58,2.0,56.09,18.5724
260605_iris2dsweep_solver_export_no_norm,sim,06_3-7_TDS-Half-Plunger-Iris2DsweepSolverNonNorm-260604_59.s1p,,S11,f_pi2,sim,dispersion_mode_1,2.8774448751896,2.877444,-8.75189599902626e-07,-2.2910323112416918e-05,11.530101208741867,touchstone_ri,2.8774448751896,1.0,,,,59,2.0,56.09,18.8224
260605_iris2dsweep_solver_export_no_norm,sim,06_3-7_TDS-Half-Plunger-Iris2DsweepSolverNonNorm-260604_6.s1p,,S11,f_pi2,sim,dispersion_mode_1,2.8774448751896,2.877444,-8.75189599902626e-07,1.212138410168639e-09,123.38762231492858,touchstone_ri,2.8774448751896,1.0,,,,6,2.0,54.59,19.0724
260605_iris2dsweep_solver_export_no_norm,sim,06_3-7_TDS-Half-Plunger-Iris2DsweepSolverNonNorm-260604_60.s1p,,S11,f_pi2,sim,dispersion_mode_1,2.8774448751896,2.877444,-8.75189599902626e-07,-4.4047559612878986e-05,2.051130538162291,touchstone_ri,2.8774448751896,1.0,,,,60,2.0,56.09,19.0724
260605_iris2dsweep_solver_export_no_norm,sim,06_3-7_TDS-Half-Plunger-Iris2DsweepSolverNonNorm-260604_61.s1p,,S11,f_pi2,sim,dispersion_mode_1,2.8774448751896,2.877444,-8.75189599902626e-07,-3.9201629892721525e-05,-6.5342742449985955,touchstone_ri,2.8774448751896,1.0,,,,61,2.0,56.09,19.3224
260605_iris2dsweep_solver_export_no_norm,sim,06_3-7_TDS-Half-Plunger-Iris2DsweepSolverNonNorm-260604_62.s1p,,S11,f_pi2,sim,dispersion_mode_1,2.8774448751896,2.877444,-8.75189599902626e-07,-5.382626336365395e-06,-14.360762581268261,touchstone_ri,2.8774448751896,1.0,,,,62,2.0,56.09,19.5724
260605_iris2dsweep_solver_export_no_norm,sim,06_3-7_TDS-Half-Plunger-Iris2DsweepSolverNonNorm-260604_63.s1p,,S11,f_pi2,sim,dispersion_mode_1,2.8774448751896,2.877444,-8.75189599902626e-07,-3.775107700802126e-09,-21.37929159559369,touchstone_ri,2.8774448751896,1.0,,,,63,2.0,56.09,19.8224
260605_iris2dsweep_solver_export_no_norm,sim,06_3-7_TDS-Half-Plunger-Iris2DsweepSolverNonNorm-260604_64.s1p,,S11,f_pi2,sim,dispersion_mode_1,2.8774448751896,2.877444,-8.75189599902626e-07,2.376093233987634e-09,-27.703590431570007,touchstone_ri,2.8774448751896,1.0,,,,64,2.0,56.09,20.0724
260605_iris2dsweep_solver_export_no_norm,sim,06_3-7_TDS-Half-Plunger-Iris2DsweepSolverNonNorm-260604_65.s1p,,S11,f_pi2,sim,dispersion_mode_1,2.8774448751896,2.877444,-8.75189599902626e-07,-1.0186933561948987e-09,-33.41437928495864,touchstone_ri,2.8774448751896,1.0,,,,65,2.0,56.09,20.3224
260605_iris2dsweep_solver_export_no_norm,sim,06_3-7_TDS-Half-Plunger-Iris2DsweepSolverNonNorm-260604_66.s1p,,S11,f_pi2,sim,dispersion_mode_1,2.8774448751896,2.877444,-8.75189599902626e-07,-1.861477740456087e-05,-9.766180468032974,touchstone_ri,2.8774448751896,1.0,,,,66,2.0,56.34,18.3224
260605_iris2dsweep_solver_export_no_norm,sim,06_3-7_TDS-Half-Plunger-Iris2DsweepSolverNonNorm-260604_67.s1p,,S11,f_pi2,sim,dispersion_mode_1,2.8774448751896,2.877444,-8.75189599902626e-07,-3.5327425033328366e-05,-18.386693956828257,touchstone_ri,2.8774448751896,1.0,,,,67,2.0,56.34,18.5724
260605_iris2dsweep_solver_export_no_norm,sim,06_3-7_TDS-Half-Plunger-Iris2DsweepSolverNonNorm-260604_68.s1p,,S11,f_pi2,sim,dispersion_mode_1,2.8774448751896,2.877444,-8.75189599902626e-07,-2.7206934405374127e-05,-26.02058228909888,touchstone_ri,2.8774448751896,1.0,,,,68,2.0,56.34,18.8224
260605_iris2dsweep_solver_export_no_norm,sim,06_3-7_TDS-Half-Plunger-Iris2DsweepSolverNonNorm-260604_69.s1p,,S11,f_pi2,sim,dispersion_mode_1,2.8774448751896,2.877444,-8.75189599902626e-07,-2.387955396965743e-06,-32.77257195293445,touchstone_ri,2.8774448751896,1.0,,,,69,2.0,56.34,19.0724
260605_iris2dsweep_solver_export_no_norm,sim,06_3-7_TDS-Half-Plunger-Iris2DsweepSolverNonNorm-260604_7.s1p,,S11,f_pi2,sim,dispersion_mode_1,2.8774448751896,2.877444,-8.75189599902626e-07,-5.463891555005583e-07,117.8957630366414,touchstone_ri,2.8774448751896,1.0,,,,7,2.0,54.59,19.3224
260605_iris2dsweep_solver_export_no_norm,sim,06_3-7_TDS-Half-Plunger-Iris2DsweepSolverNonNorm-260604_70.s1p,,S11,f_pi2,sim,dispersion_mode_1,2.8774448751896,2.877444,-8.75189599902626e-07,1.3227255553619004e-09,-38.748851111649614,touchstone_ri,2.8774448751896,1.0,,,,70,2.0,56.34,19.3224
260605_iris2dsweep_solver_export_no_norm,sim,06_3-7_TDS-Half-Plunger-Iris2DsweepSolverNonNorm-260604_71.s1p,,S11,f_pi2,sim,dispersion_mode_1,2.8774448751896,2.877444,-8.75189599902626e-07,-2.0092746381977612e-09,-44.08611675379815,touchstone_ri,2.8774448751896,1.0,,,,71,2.0,56.34,19.5724
260605_iris2dsweep_solver_export_no_norm,sim,06_3-7_TDS-Half-Plunger-Iris2DsweepSolverNonNorm-260604_72.s1p,,S11,f_pi2,sim,dispersion_mode_1,2.8774448751896,2.877444,-8.75189599902626e-07,1.7915121379384773e-09,-48.815819318621976,touchstone_ri,2.8774448751896,1.0,,,,72,2.0,56.34,19.8224
260605_iris2dsweep_solver_export_no_norm,sim,06_3-7_TDS-Half-Plunger-Iris2DsweepSolverNonNorm-260604_73.s1p,,S11,f_pi2,sim,dispersion_mode_1,2.8774448751896,2.877444,-8.75189599902626e-07,2.2764801353742916e-09,-53.05444318658573,touchstone_ri,2.8774448751896,1.0,,,,73,2.0,56.34,20.0724
260605_iris2dsweep_solver_export_no_norm,sim,06_3-7_TDS-Half-Plunger-Iris2DsweepSolverNonNorm-260604_74.s1p,,S11,f_pi2,sim,dispersion_mode_1,2.8774448751896,2.877444,-8.75189599902626e-07,2.0828161789699265e-09,-56.864311359068154,touchstone_ri,2.8774448751896,1.0,,,,74,2.0,56.34,20.3224
260605_iris2dsweep_solver_export_no_norm,sim,06_3-7_TDS-Half-Plunger-Iris2DsweepSolverNonNorm-260604_75.s1p,,S11,f_pi2,sim,dispersion_mode_1,2.8774448751896,2.877444,-8.75189599902626e-07,-1.9164239177684766e-05,-47.81644622019872,touchstone_ri,2.8774448751896,1.0,,,,75,2.0,56.59,18.3224
260605_iris2dsweep_solver_export_no_norm,sim,06_3-7_TDS-Half-Plunger-Iris2DsweepSolverNonNorm-260604_76.s1p,,S11,f_pi2,sim,dispersion_mode_1,2.8774448751896,2.877444,-8.75189599902626e-07,-7.962965442118587e-06,-52.93849031901508,touchstone_ri,2.8774448751896,1.0,,,,76,2.0,56.59,18.5724
260605_iris2dsweep_solver_export_no_norm,sim,06_3-7_TDS-Half-Plunger-Iris2DsweepSolverNonNorm-260604_77.s1p,,S11,f_pi2,sim,dispersion_mode_1,2.8774448751896,2.877444,-8.75189599902626e-07,-3.453471703438905e-09,-57.41684465366226,touchstone_ri,2.8774448751896,1.0,,,,77,2.0,56.59,18.8224
260605_iris2dsweep_solver_export_no_norm,sim,06_3-7_TDS-Half-Plunger-Iris2DsweepSolverNonNorm-260604_78.s1p,,S11,f_pi2,sim,dispersion_mode_1,2.8774448751896,2.877444,-8.75189599902626e-07,-2.5859038902504948e-09,-61.393330234368136,touchstone_ri,2.8774448751896,1.0,,,,78,2.0,56.59,19.0724
260605_iris2dsweep_solver_export_no_norm,sim,06_3-7_TDS-Half-Plunger-Iris2DsweepSolverNonNorm-260604_79.s1p,,S11,f_pi2,sim,dispersion_mode_1,2.8774448751896,2.877444,-8.75189599902626e-07,4.7978203716724174e-09,-68.09637157585117,touchstone_ri,2.8774448751896,1.0,,,,79,2.0,56.59,19.5724
260605_iris2dsweep_solver_export_no_norm,sim,06_3-7_TDS-Half-Plunger-Iris2DsweepSolverNonNorm-260604_8.s1p,,S11,f_pi2,sim,dispersion_mode_1,2.8774448751896,2.877444,-8.75189599902626e-07,3.6964581153505755e-09,112.15301918339568,touchstone_ri,2.8774448751896,1.0,,,,8,2.0,54.59,19.5724
260605_iris2dsweep_solver_export_no_norm,sim,06_3-7_TDS-Half-Plunger-Iris2DsweepSolverNonNorm-260604_80.s1p,,S11,f_pi2,sim,dispersion_mode_1,2.8774448751896,2.877444,-8.75189599902626e-07,-1.1215235332525303e-06,-70.94809883749554,touchstone_ri,2.8774448751896,1.0,,,,80,2.0,56.59,19.8224
260605_iris2dsweep_solver_export_no_norm,sim,06_3-7_TDS-Half-Plunger-Iris2DsweepSolverNonNorm-260604_81.s1p,,S11,f_pi2,sim,dispersion_mode_1,2.8774448751896,2.877444,-8.75189599902626e-07,-1.6992120576708287e-06,-73.4982251700986,touchstone_ri,2.8774448751896,1.0,,,,81,2.0,56.59,20.0724
260605_iris2dsweep_solver_export_no_norm,sim,06_3-7_TDS-Half-Plunger-Iris2DsweepSolverNonNorm-260604_82.s1p,,S11,f_pi2,sim,dispersion_mode_1,2.8774448751896,2.877444,-8.75189599902626e-07,-1.1973859440834853e-06,-75.84319881414307,touchstone_ri,2.8774448751896,1.0,,,,82,2.0,56.59,20.3224
260605_iris2dsweep_solver_export_no_norm,sim,06_3-7_TDS-Half-Plunger-Iris2DsweepSolverNonNorm-260604_83.s1p,,S11,f_pi2,sim,dispersion_mode_1,2.8774448751896,2.877444,-8.75189599902626e-07,-5.366441570067378e-06,-75.43249666756374,touchstone_ri,2.8774448751896,1.0,,,,83,2.0,56.84,18.3224
260605_iris2dsweep_solver_export_no_norm,sim,06_3-7_TDS-Half-Plunger-Iris2DsweepSolverNonNorm-260604_84.s1p,,S11,f_pi2,sim,dispersion_mode_1,2.8774448751896,2.877444,-8.75189599902626e-07,-2.966162318620651e-09,-78.03630926716035,touchstone_ri,2.8774448751896,1.0,,,,84,2.0,56.84,18.5724
260605_iris2dsweep_solver_export_no_norm,sim,06_3-7_TDS-Half-Plunger-Iris2DsweepSolverNonNorm-260604_85.s1p,,S11,f_pi2,sim,dispersion_mode_1,2.8774448751896,2.877444,-8.75189599902626e-07,-4.702540389246783e-06,-80.37394088685951,touchstone_ri,2.8774448751896,1.0,,,,85,2.0,56.84,18.8224
260605_iris2dsweep_solver_export_no_norm,sim,06_3-7_TDS-Half-Plunger-Iris2DsweepSolverNonNorm-260604_86.s1p,,S11,f_pi2,sim,dispersion_mode_1,2.8774448751896,2.877444,-8.75189599902626e-07,5.068698029682598e-11,-82.47849904825613,touchstone_ri,2.8774448751896,1.0,,,,86,2.0,56.84,19.0724
260605_iris2dsweep_solver_export_no_norm,sim,06_3-7_TDS-Half-Plunger-Iris2DsweepSolverNonNorm-260604_87.s1p,,S11,f_pi2,sim,dispersion_mode_1,2.8774448751896,2.877444,-8.75189599902626e-07,-3.1524722498972945e-06,-84.39422261256782,touchstone_ri,2.8774448751896,1.0,,,,87,2.0,56.84,19.3224
260605_iris2dsweep_solver_export_no_norm,sim,06_3-7_TDS-Half-Plunger-Iris2DsweepSolverNonNorm-260604_88.s1p,,S11,f_pi2,sim,dispersion_mode_1,2.8774448751896,2.877444,-8.75189599902626e-07,-3.1243759929471796e-06,-86.13607458650702,touchstone_ri,2.8774448751896,1.0,,,,88,2.0,56.84,19.5724
260605_iris2dsweep_solver_export_no_norm,sim,06_3-7_TDS-Half-Plunger-Iris2DsweepSolverNonNorm-260604_89.s1p,,S11,f_pi2,sim,dispersion_mode_1,2.8774448751896,2.877444,-8.75189599902626e-07,-1.0217653874536167e-06,-87.72667889451435,touchstone_ri,2.8774448751896,1.0,,,,89,2.0,56.84,19.8224
260605_iris2dsweep_solver_export_no_norm,sim,06_3-7_TDS-Half-Plunger-Iris2DsweepSolverNonNorm-260604_9.s1p,,S11,f_pi2,sim,dispersion_mode_1,2.8774448751896,2.877444,-8.75189599902626e-07,-4.555280443349202e-10,106.18112043714795,touchstone_ri,2.8774448751896,1.0,,,,9,2.0,54.59,19.8224
260605_iris2dsweep_solver_export_no_norm,sim,06_3-7_TDS-Half-Plunger-Iris2DsweepSolverNonNorm-260604_90.s1p,,S11,f_pi2,sim,dispersion_mode_1,2.8774448751896,2.877444,-8.75189599902626e-07,-5.498371314494387e-06,-89.20132226977653,touchstone_ri,2.8774448751896,1.0,,,,90,2.0,56.84,20.0724
260605_iris2dsweep_solver_export_no_norm,sim,06_3-7_TDS-Half-Plunger-Iris2DsweepSolverNonNorm-260604_91.s1p,,S11,f_pi2,sim,dispersion_mode_1,2.8774448751896,2.877444,-8.75189599902626e-07,-2.9658304882864594e-06,-90.54594733923723,touchstone_ri,2.8774448751896,1.0,,,,91,2.0,56.84,20.3224
260605_iris2dsweep_solver_export_no_norm,sim,06_3-7_TDS-Half-Plunger-Iris2DsweepSolverNonNorm-260604_92.s1p,,S11,f_pi2,sim,dispersion_mode_1,2.8774448751896,2.877444,-8.75189599902626e-07,-3.6581266912645065e-06,-93.99229400328791,touchstone_ri,2.8774448751896,1.0,,,,92,2.0,57.09,18.3224
260605_iris2dsweep_solver_export_no_norm,sim,06_3-7_TDS-Half-Plunger-Iris2DsweepSolverNonNorm-260604_93.s1p,,S11,f_pi2,sim,dispersion_mode_1,2.8774448751896,2.877444,-8.75189599902626e-07,-5.513244749143668e-06,-95.2479773878998,touchstone_ri,2.8774448751896,1.0,,,,93,2.0,57.09,18.5724
260605_iris2dsweep_solver_export_no_norm,sim,06_3-7_TDS-Half-Plunger-Iris2DsweepSolverNonNorm-260604_94.s1p,,S11,f_pi2,sim,dispersion_mode_1,2.8774448751896,2.877444,-8.75189599902626e-07,-5.522560525797389e-06,-96.3965301916815,touchstone_ri,2.8774448751896,1.0,,,,94,2.0,57.09,18.8224
260605_iris2dsweep_solver_export_no_norm,sim,06_3-7_TDS-Half-Plunger-Iris2DsweepSolverNonNorm-260604_95.s1p,,S11,f_pi2,sim,dispersion_mode_1,2.8774448751896,2.877444,-8.75189599902626e-07,-4.411000487533781e-06,-97.46527640439862,touchstone_ri,2.8774448751896,1.0,,,,95,2.0,57.09,19.0724
260605_iris2dsweep_solver_export_no_norm,sim,06_3-7_TDS-Half-Plunger-Iris2DsweepSolverNonNorm-260604_96.s1p,,S11,f_pi2,sim,dispersion_mode_1,2.8774448751896,2.877444,-8.75189599902626e-07,-3.010955953991178e-06,-98.45342736406485,touchstone_ri,2.8774448751896,1.0,,,,96,2.0,57.09,19.3224
260605_iris2dsweep_solver_export_no_norm,sim,06_3-7_TDS-Half-Plunger-Iris2DsweepSolverNonNorm-260604_97.s1p,,S11,f_pi2,sim,dispersion_mode_1,2.8774448751896,2.877444,-8.75189599902626e-07,-2.6848088146560466e-06,-99.36648601604445,touchstone_ri,2.8774448751896,1.0,,,,97,2.0,57.09,19.5724
260605_iris2dsweep_solver_export_no_norm,sim,06_3-7_TDS-Half-Plunger-Iris2DsweepSolverNonNorm-260604_98.s1p,,S11,f_pi2,sim,dispersion_mode_1,2.8774448751896,2.877444,-8.75189599902626e-07,-3.9850697260057495e-06,-100.23288993807536,touchstone_ri,2.8774448751896,1.0,,,,98,2.0,57.09,19.8224
260605_iris2dsweep_solver_export_no_norm,sim,06_3-7_TDS-Half-Plunger-Iris2DsweepSolverNonNorm-260604_99.s1p,,S11,f_pi2,sim,dispersion_mode_1,2.8774448751896,2.877444,-8.75189599902626e-07,-3.7257668732225456e-06,-101.04598648998001,touchstone_ri,2.8774448751896,1.0,,,,99,2.0,57.09,20.0724
