dataset_id,data_layer,marker_name,marker_role,s_name,position_family,from_source_file,to_source_file,from_tune_position,to_tune_position,target_freq_ghz,from_freq_ghz,to_freq_ghz,from_s_db,to_s_db,from_phase_deg,to_phase_deg,signed_phase_step_deg,phase_advance_0to360_deg,phase_error_from_240_deg
260605_iris2dsweep_solver_export_no_norm,sim,f_2pi3,sim,S11,offset_nan,06_3-7_TDS-Half-Plunger-Iris2DsweepSolverNonNorm-260604_1.s1p,06_3-7_TDS-Half-Plunger-Iris2DsweepSolverNonNorm-260604_10.s1p,,,2.8571160335532,2.857116,2.857116,1.9944259234063977e-09,-8.326156620120452e-07,-176.39440834258227,137.64997445337872,-45.955617204039015,314.044382795961,74.04438279596098
260605_iris2dsweep_solver_export_no_norm,sim,f_2pi3,sim,S11,offset_nan,06_3-7_TDS-Half-Plunger-Iris2DsweepSolverNonNorm-260604_10.s1p,06_3-7_TDS-Half-Plunger-Iris2DsweepSolverNonNorm-260604_100.s1p,,,2.8571160335532,2.857116,2.857116,-8.326156620120452e-07,-4.7983796842534975e-09,137.64997445337872,-28.081332838032694,-165.7313072914114,194.2686927085886,-45.73130729141141
260605_iris2dsweep_solver_export_no_norm,sim,f_2pi3,sim,S11,offset_nan,06_3-7_TDS-Half-Plunger-Iris2DsweepSolverNonNorm-260604_100.s1p,06_3-7_TDS-Half-Plunger-Iris2DsweepSolverNonNorm-260604_101.s1p,,,2.8571160335532,2.857116,2.857116,-4.7983796842534975e-09,-4.080657307161861e-06,-28.081332838032694,-9.781769590926466,18.29956324710622,18.29956324710622,-221.70043675289378
260605_iris2dsweep_solver_export_no_norm,sim,f_2pi3,sim,S11,offset_nan,06_3-7_TDS-Half-Plunger-Iris2DsweepSolverNonNorm-260604_101.s1p,06_3-7_TDS-Half-Plunger-Iris2DsweepSolverNonNorm-260604_102.s1p,,,2.8571160335532,2.857116,2.857116,-4.080657307161861e-06,3.2079278923339124e-09,-9.781769590926466,-17.225353990448806,-7.4435843995223365,352.55641560047764,112.55641560047764
260605_iris2dsweep_solver_export_no_norm,sim,f_2pi3,sim,S11,offset_nan,06_3-7_TDS-Half-Plunger-Iris2DsweepSolverNonNorm-260604_102.s1p,06_3-7_TDS-Half-Plunger-Iris2DsweepSolverNonNorm-260604_103.s1p,,,2.8571160335532,2.857116,2.857116,3.2079278923339124e-09,-1.4012410488091554e-06,-17.225353990448806,-23.736905802911863,-6.511551812463068,353.48844818753696,113.48844818753696
260605_iris2dsweep_solver_export_no_norm,sim,f_2pi3,sim,S11,offset_nan,06_3-7_TDS-Half-Plunger-Iris2DsweepSolverNonNorm-260604_103.s1p,06_3-7_TDS-Half-Plunger-Iris2DsweepSolverNonNorm-260604_104.s1p,,,2.8571160335532,2.857116,2.857116,-1.4012410488091554e-06,-2.471631085430661e-09,-23.736905802911863,-29.521745757736415,-5.784839954824548,354.2151600451755,114.21516004517548
260605_iris2dsweep_solver_export_no_norm,sim,f_2pi3,sim,S11,offset_nan,06_3-7_TDS-Half-Plunger-Iris2DsweepSolverNonNorm-260604_104.s1p,06_3-7_TDS-Half-Plunger-Iris2DsweepSolverNonNorm-260604_105.s1p,,,2.8571160335532,2.857116,2.857116,-2.471631085430661e-09,-1.009894832389039e-09,-29.521745757736415,-34.61212643733687,-5.090380679600457,354.90961932039954,114.90961932039954
260605_iris2dsweep_solver_export_no_norm,sim,f_2pi3,sim,S11,offset_nan,06_3-7_TDS-Half-Plunger-Iris2DsweepSolverNonNorm-260604_105.s1p,06_3-7_TDS-Half-Plunger-Iris2DsweepSolverNonNorm-260604_106.s1p,,,2.8571160335532,2.857116,2.857116,-1.009894832389039e-09,5.295062328927194e-09,-34.61212643733687,-39.134281728763305,-4.522155291426429,355.47784470857357,115.47784470857357
260605_iris2dsweep_solver_export_no_norm,sim,f_2pi3,sim,S11,offset_nan,06_3-7_TDS-Half-Plunger-Iris2DsweepSolverNonNorm-260604_106.s1p,06_3-7_TDS-Half-Plunger-Iris2DsweepSolverNonNorm-260604_107.s1p,,,2.8571160335532,2.857116,2.857116,5.295062328927194e-09,-3.1372369037197994e-10,-39.134281728763305,-43.1488157021916,-4.014533973428286,355.9854660265717,115.98546602657171
260605_iris2dsweep_solver_export_no_norm,sim,f_2pi3,sim,S11,offset_nan,06_3-7_TDS-Half-Plunger-Iris2DsweepSolverNonNorm-260604_107.s1p,06_3-7_TDS-Half-Plunger-Iris2DsweepSolverNonNorm-260604_108.s1p,,,2.8571160335532,2.857116,2.857116,-3.1372369037197994e-10,3.6299060196019346e-09,-43.1488157021916,-46.76215485080829,-3.6133391486166886,356.38666085138334,116.38666085138334
260605_iris2dsweep_solver_export_no_norm,sim,f_2pi3,sim,S11,offset_nan,06_3-7_TDS-Half-Plunger-Iris2DsweepSolverNonNorm-260604_108.s1p,06_3-7_TDS-Half-Plunger-Iris2DsweepSolverNonNorm-260604_109.s1p,,,2.8571160335532,2.857116,2.857116,3.6299060196019346e-09,2.946992451906643e-09,-46.76215485080829,-50.01270786270543,-3.2505530118971535,356.7494469881028,116.74944698810282
260605_iris2dsweep_solver_export_no_norm,sim,f_2pi3,sim,S11,offset_nan,06_3-7_TDS-Half-Plunger-Iris2DsweepSolverNonNorm-260604_109.s1p,06_3-7_TDS-Half-Plunger-Iris2DsweepSolverNonNorm-260604_11.s1p,,,2.8571160335532,2.857116,2.857116,2.946992451906643e-09,1.8110011960334775e-09,-50.01270786270543,133.2630265180629,-176.7242656192317,183.2757343807683,-56.72426561923169
260605_iris2dsweep_solver_export_no_norm,sim,f_2pi3,sim,S11,offset_nan,06_3-7_TDS-Half-Plunger-Iris2DsweepSolverNonNorm-260604_11.s1p,06_3-7_TDS-Half-Plunger-Iris2DsweepSolverNonNorm-260604_110.s1p,,,2.8571160335532,2.857116,2.857116,1.8110011960334775e-09,-1.4766842928202667e-10,133.2630265180629,-44.514794799725024,-177.77782131778793,182.22217868221207,-57.777821317787925
260605_iris2dsweep_solver_export_no_norm,sim,f_2pi3,sim,S11,offset_nan,06_3-7_TDS-Half-Plunger-Iris2DsweepSolverNonNorm-260604_110.s1p,06_3-7_TDS-Half-Plunger-Iris2DsweepSolverNonNorm-260604_111.s1p,,,2.8571160335532,2.857116,2.857116,-1.4766842928202667e-10,-1.8460795721652342e-10,-44.514794799725024,-48.62651168405612,-4.111716884331088,355.8882831156689,115.88828311566891
260605_iris2dsweep_solver_export_no_norm,sim,f_2pi3,sim,S11,offset_nan,06_3-7_TDS-Half-Plunger-Iris2DsweepSolverNonNorm-260604_111.s1p,06_3-7_TDS-Half-Plunger-Iris2DsweepSolverNonNorm-260604_112.s1p,,,2.8571160335532,2.857116,2.857116,-1.8460795721652342e-10,2.116829937361971e-09,-48.62651168405612,-52.27020299810183,-3.643691314045725,356.3563086859543,116.35630868595428
260605_iris2dsweep_solver_export_no_norm,sim,f_2pi3,sim,S11,offset_nan,06_3-7_TDS-Half-Plunger-Iris2DsweepSolverNonNorm-260604_112.s1p,06_3-7_TDS-Half-Plunger-Iris2DsweepSolverNonNorm-260604_113.s1p,,,2.8571160335532,2.857116,2.857116,2.116829937361971e-09,2.6826047195151706e-10,-52.27020299810183,-55.49023699532276,-3.2200339972209235,356.7799660027791,116.77996600277908
260605_iris2dsweep_solver_export_no_norm,sim,f_2pi3,sim,S11,offset_nan,06_3-7_TDS-Half-Plunger-Iris2DsweepSolverNonNorm-260604_113.s1p,06_3-7_TDS-Half-Plunger-Iris2DsweepSolverNonNorm-260604_114.s1p,,,2.8571160335532,2.857116,2.857116,2.6826047195151706e-10,-3.1689729205931927e-11,-55.49023699532276,-58.38195485394847,-2.891717858625725,357.1082821413743,117.10828214137427
260605_iris2dsweep_solver_export_no_norm,sim,f_2pi3,sim,S11,offset_nan,06_3-7_TDS-Half-Plunger-Iris2DsweepSolverNonNorm-260604_114.s1p,06_3-7_TDS-Half-Plunger-Iris2DsweepSolverNonNorm-260604_115.s1p,,,2.8571160335532,2.857116,2.857116,-3.1689729205931927e-11,2.111767218163799e-09,-58.38195485394847,-60.965950114970006,-2.5839952610215278,357.4160047389785,117.41600473897847
260605_iris2dsweep_solver_export_no_norm,sim,f_2pi3,sim,S11,offset_nan,06_3-7_TDS-Half-Plunger-Iris2DsweepSolverNonNorm-260604_115.s1p,06_3-7_TDS-Half-Plunger-Iris2DsweepSolverNonNorm-260604_116.s1p,,,2.8571160335532,2.857116,2.857116,2.111767218163799e-09,-3.474126633453247e-09,-60.965950114970006,-63.308522200290994,-2.3425720853209953,357.65742791467903,117.65742791467903
260605_iris2dsweep_solver_export_no_norm,sim,f_2pi3,sim,S11,offset_nan,06_3-7_TDS-Half-Plunger-Iris2DsweepSolverNonNorm-260604_116.s1p,06_3-7_TDS-Half-Plunger-Iris2DsweepSolverNonNorm-260604_117.s1p,,,2.8571160335532,2.857116,2.857116,-3.474126633453247e-09,-4.496028172012397e-07,-63.308522200290994,-65.44178116340417,-2.133258963113178,357.8667410368868,117.86674103688682
260605_iris2dsweep_solver_export_no_norm,sim,f_2pi3,sim,S11,offset_nan,06_3-7_TDS-Half-Plunger-Iris2DsweepSolverNonNorm-260604_117.s1p,06_3-7_TDS-Half-Plunger-Iris2DsweepSolverNonNorm-260604_118.s1p,,,2.8571160335532,2.857116,2.857116,-4.496028172012397e-07,1.8653545493467848e-09,-65.44178116340417,-67.37366869434507,-1.9318875309409123,358.0681124690591,118.06811246905909
260605_iris2dsweep_solver_export_no_norm,sim,f_2pi3,sim,S11,offset_nan,06_3-7_TDS-Half-Plunger-Iris2DsweepSolverNonNorm-260604_118.s1p,06_3-7_TDS-Half-Plunger-Iris2DsweepSolverNonNorm-260604_119.s1p,,,2.8571160335532,2.857116,2.857116,1.8653545493467848e-09,4.521993786562159e-09,-67.37366869434507,-68.66452240392081,-1.2908537095757424,358.70914629042426,118.70914629042426
260605_iris2dsweep_solver_export_no_norm,sim,f_2pi3,sim,S11,offset_nan,06_3-7_TDS-Half-Plunger-Iris2DsweepSolverNonNorm-260604_119.s1p,06_3-7_TDS-Half-Plunger-Iris2DsweepSolverNonNorm-260604_12.s1p,,,2.8571160335532,2.857116,2.857116,4.521993786562159e-09,-7.817144053504907e-07,-68.66452240392081,161.92646693159756,-129.40901066448163,230.59098933551837,-9.409010664481627
260605_iris2dsweep_solver_export_no_norm,sim,f_2pi3,sim,S11,offset_nan,06_3-7_TDS-Half-Plunger-Iris2DsweepSolverNonNorm-260604_12.s1p,06_3-7_TDS-Half-Plunger-Iris2DsweepSolverNonNorm-260604_120.s1p,,,2.8571160335532,2.857116,2.857116,-7.817144053504907e-07,-4.017438371618337e-09,161.92646693159756,-70.70019083752305,127.37334223087942,127.37334223087942,-112.62665776912058
260605_iris2dsweep_solver_export_no_norm,sim,f_2pi3,sim,S11,offset_nan,06_3-7_TDS-Half-Plunger-Iris2DsweepSolverNonNorm-260604_120.s1p,06_3-7_TDS-Half-Plunger-Iris2DsweepSolverNonNorm-260604_121.s1p,,,2.8571160335532,2.857116,2.857116,-4.017438371618337e-09,-1.1103941479830892e-09,-70.70019083752305,-72.5367976004213,-1.836606762898242,358.1633932371018,118.16339323710179
260605_iris2dsweep_solver_export_no_norm,sim,f_2pi3,sim,S11,offset_nan,06_3-7_TDS-Half-Plunger-Iris2DsweepSolverNonNorm-260604_121.s1p,06_3-7_TDS-Half-Plunger-Iris2DsweepSolverNonNorm-260604_122.s1p,,,2.8571160335532,2.857116,2.857116,-1.1103941479830892e-09,-4.304609305330678e-09,-72.5367976004213,-74.20440298111747,-1.667605380696159,358.33239461930384,118.33239461930384
260605_iris2dsweep_solver_export_no_norm,sim,f_2pi3,sim,S11,offset_nan,06_3-7_TDS-Half-Plunger-Iris2DsweepSolverNonNorm-260604_122.s1p,06_3-7_TDS-Half-Plunger-Iris2DsweepSolverNonNorm-260604_123.s1p,,,2.8571160335532,2.857116,2.857116,-4.304609305330678e-09,-3.8178486227933815e-09,-74.20440298111747,-75.74407751289198,-1.5396745317744944,358.4603254682255,118.4603254682255
260605_iris2dsweep_solver_export_no_norm,sim,f_2pi3,sim,S11,offset_nan,06_3-7_TDS-Half-Plunger-Iris2DsweepSolverNonNorm-260604_123.s1p,06_3-7_TDS-Half-Plunger-Iris2DsweepSolverNonNorm-260604_124.s1p,,,2.8571160335532,2.857116,2.857116,-3.8178486227933815e-09,1.2477934539119317e-09,-75.74407751289198,-77.13842778246102,-1.3943502695690313,358.60564973043097,118.60564973043097
260605_iris2dsweep_solver_export_no_norm,sim,f_2pi3,sim,S11,offset_nan,06_3-7_TDS-Half-Plunger-Iris2DsweepSolverNonNorm-260604_124.s1p,06_3-7_TDS-Half-Plunger-Iris2DsweepSolverNonNorm-260604_125.s1p,,,2.8571160335532,2.857116,2.857116,1.2477934539119317e-09,4.4801882632937035e-10,-77.13842778246102,-78.43544173477707,-1.2970139523160356,358.70298604768396,118.70298604768396
260605_iris2dsweep_solver_export_no_norm,sim,f_2pi3,sim,S11,offset_nan,06_3-7_TDS-Half-Plunger-Iris2DsweepSolverNonNorm-260604_125.s1p,06_3-7_TDS-Half-Plunger-Iris2DsweepSolverNonNorm-260604_126.s1p,,,2.8571160335532,2.857116,2.857116,4.4801882632937035e-10,-3.112404099957941e-07,-78.43544173477707,-79.62720174897582,-1.191760014198735,358.80823998580126,118.80823998580126
260605_iris2dsweep_solver_export_no_norm,sim,f_2pi3,sim,S11,offset_nan,06_3-7_TDS-Half-Plunger-Iris2DsweepSolverNonNorm-260604_126.s1p,06_3-7_TDS-Half-Plunger-Iris2DsweepSolverNonNorm-260604_127.s1p,,,2.8571160335532,2.857116,2.857116,-3.112404099957941e-07,-5.59661679360173e-07,-79.62720174897582,-80.73812549479142,-1.1109237458155974,358.8890762541844,118.88907625418437
260605_iris2dsweep_solver_export_no_norm,sim,f_2pi3,sim,S11,offset_nan,06_3-7_TDS-Half-Plunger-Iris2DsweepSolverNonNorm-260604_127.s1p,06_3-7_TDS-Half-Plunger-Iris2DsweepSolverNonNorm-260604_128.s1p,,,2.8571160335532,2.857116,2.857116,-5.59661679360173e-07,4.2216539972553074e-09,-80.73812549479142,-84.77893285969593,-4.040807364904509,355.9591926350955,115.95919263509552
260605_iris2dsweep_solver_export_no_norm,sim,f_2pi3,sim,S11,offset_nan,06_3-7_TDS-Half-Plunger-Iris2DsweepSolverNonNorm-260604_128.s1p,06_3-7_TDS-Half-Plunger-Iris2DsweepSolverNonNorm-260604_129.s1p,,,2.8571160335532,2.857116,2.857116,4.2216539972553074e-09,1.1741631945409874e-09,-84.77893285969593,-85.74147990432044,-0.9625470446245004,359.0374529553755,119.0374529553755
260605_iris2dsweep_solver_export_no_norm,sim,f_2pi3,sim,S11,offset_nan,06_3-7_TDS-Half-Plunger-Iris2DsweepSolverNonNorm-260604_129.s1p,06_3-7_TDS-Half-Plunger-Iris2DsweepSolverNonNorm-260604_13.s1p,,,2.8571160335532,2.857116,2.857116,1.1741631945409874e-09,-1.77324277950445e-07,-85.74147990432044,158.37846683856495,-115.88005325711458,244.11994674288542,4.119946742885418
260605_iris2dsweep_solver_export_no_norm,sim,f_2pi3,sim,S11,offset_nan,06_3-7_TDS-Half-Plunger-Iris2DsweepSolverNonNorm-260604_13.s1p,06_3-7_TDS-Half-Plunger-Iris2DsweepSolverNonNorm-260604_130.s1p,,,2.8571160335532,2.857116,2.857116,-1.77324277950445e-07,-1.075027438142798e-09,158.37846683856495,-86.6301260229097,114.99140713852535,114.99140713852535,-125.00859286147465
260605_iris2dsweep_solver_export_no_norm,sim,f_2pi3,sim,S11,offset_nan,06_3-7_TDS-Half-Plunger-Iris2DsweepSolverNonNorm-260604_130.s1p,06_3-7_TDS-Half-Plunger-Iris2DsweepSolverNonNorm-260604_131.s1p,,,2.8571160335532,2.857116,2.857116,-1.075027438142798e-09,-1.0090080522960006e-07,-86.6301260229097,-87.46264730828656,-0.8325212853768562,359.16747871462314,119.16747871462314
260605_iris2dsweep_solver_export_no_norm,sim,f_2pi3,sim,S11,offset_nan,06_3-7_TDS-Half-Plunger-Iris2DsweepSolverNonNorm-260604_131.s1p,06_3-7_TDS-Half-Plunger-Iris2DsweepSolverNonNorm-260604_132.s1p,,,2.8571160335532,2.857116,2.857116,-1.0090080522960006e-07,-1.6508186895649157e-09,-87.46264730828656,-88.23893427439491,-0.77628696610833,359.22371303389167,119.22371303389167
260605_iris2dsweep_solver_export_no_norm,sim,f_2pi3,sim,S11,offset_nan,06_3-7_TDS-Half-Plunger-Iris2DsweepSolverNonNorm-260604_132.s1p,06_3-7_TDS-Half-Plunger-Iris2DsweepSolverNonNorm-260604_133.s1p,,,2.8571160335532,2.857116,2.857116,-1.6508186895649157e-09,-2.223074622659557e-08,-88.23893427439491,-88.96503495597342,-0.7261006815785152,359.2738993184215,119.27389931842151
260605_iris2dsweep_solver_export_no_norm,sim,f_2pi3,sim,S11,offset_nan,06_3-7_TDS-Half-Plunger-Iris2DsweepSolverNonNorm-260604_133.s1p,06_3-7_TDS-Half-Plunger-Iris2DsweepSolverNonNorm-260604_134.s1p,,,2.8571160335532,2.857116,2.857116,-2.223074622659557e-08,-3.549255944198925e-07,-88.96503495597342,-89.66747526057979,-0.7024403046063696,359.2975596953936,119.2975596953936
260605_iris2dsweep_solver_export_no_norm,sim,f_2pi3,sim,S11,offset_nan,06_3-7_TDS-Half-Plunger-Iris2DsweepSolverNonNorm-260604_134.s1p,06_3-7_TDS-Half-Plunger-Iris2DsweepSolverNonNorm-260604_135.s1p,,,2.8571160335532,2.857116,2.857116,-3.549255944198925e-07,-2.471924475688686e-06,-89.66747526057979,-90.31538140878638,-0.6479061482065731,359.3520938517934,119.35209385179343
260605_iris2dsweep_solver_export_no_norm,sim,f_2pi3,sim,S11,offset_nan,06_3-7_TDS-Half-Plunger-Iris2DsweepSolverNonNorm-260604_135.s1p,06_3-7_TDS-Half-Plunger-Iris2DsweepSolverNonNorm-260604_136.s1p,,,2.8571160335532,2.857116,2.857116,-2.471924475688686e-06,-4.273361238089055e-09,-90.31538140878638,-90.93001975776895,-0.6146383489825666,359.38536165101743,119.38536165101743
260605_iris2dsweep_solver_export_no_norm,sim,f_2pi3,sim,S11,offset_nan,06_3-7_TDS-Half-Plunger-Iris2DsweepSolverNonNorm-260604_136.s1p,06_3-7_TDS-Half-Plunger-Iris2DsweepSolverNonNorm-260604_137.s1p,,,2.8571160335532,2.857116,2.857116,-4.273361238089055e-09,-5.829407751883565e-10,-90.93001975776895,-95.6539855772117,-4.723965819442753,355.27603418055725,115.27603418055725
260605_iris2dsweep_solver_export_no_norm,sim,f_2pi3,sim,S11,offset_nan,06_3-7_TDS-Half-Plunger-Iris2DsweepSolverNonNorm-260604_137.s1p,06_3-7_TDS-Half-Plunger-Iris2DsweepSolverNonNorm-260604_138.s1p,,,2.8571160335532,2.857116,2.857116,-5.829407751883565e-10,-8.49535853631262e-10,-95.6539855772117,-96.1035495105619,-0.4495639333501913,359.5504360666498,119.55043606664981
260605_iris2dsweep_solver_export_no_norm,sim,f_2pi3,sim,S11,offset_nan,06_3-7_TDS-Half-Plunger-Iris2DsweepSolverNonNorm-260604_138.s1p,06_3-7_TDS-Half-Plunger-Iris2DsweepSolverNonNorm-260604_139.s1p,,,2.8571160335532,2.857116,2.857116,-8.49535853631262e-10,-3.2164856547880047e-07,-96.1035495105619,-96.52735474422076,-0.423805233658868,359.57619476634113,119.57619476634113
260605_iris2dsweep_solver_export_no_norm,sim,f_2pi3,sim,S11,offset_nan,06_3-7_TDS-Half-Plunger-Iris2DsweepSolverNonNorm-260604_139.s1p,06_3-7_TDS-Half-Plunger-Iris2DsweepSolverNonNorm-260604_14.s1p,,,2.8571160335532,2.857116,2.857116,-3.2164856547880047e-07,-1.337856620867099e-06,-96.52735474422076,154.65149240970692,-108.82115284607232,251.17884715392768,11.178847153927677
260605_iris2dsweep_solver_export_no_norm,sim,f_2pi3,sim,S11,offset_nan,06_3-7_TDS-Half-Plunger-Iris2DsweepSolverNonNorm-260604_14.s1p,06_3-7_TDS-Half-Plunger-Iris2DsweepSolverNonNorm-260604_140.s1p,,,2.8571160335532,2.857116,2.857116,-1.337856620867099e-06,2.428276850498267e-09,154.65149240970692,-96.93636154983852,108.41214604045456,108.41214604045456,-131.58785395954544
260605_iris2dsweep_solver_export_no_norm,sim,f_2pi3,sim,S11,offset_nan,06_3-7_TDS-Half-Plunger-Iris2DsweepSolverNonNorm-260604_140.s1p,06_3-7_TDS-Half-Plunger-Iris2DsweepSolverNonNorm-260604_141.s1p,,,2.8571160335532,2.857116,2.857116,2.428276850498267e-09,-3.853030324235772e-07,-96.93636154983852,-97.33172147349872,-0.39535992366018036,359.6046400763398,119.60464007633982
260605_iris2dsweep_solver_export_no_norm,sim,f_2pi3,sim,S11,offset_nan,06_3-7_TDS-Half-Plunger-Iris2DsweepSolverNonNorm-260604_141.s1p,06_3-7_TDS-Half-Plunger-Iris2DsweepSolverNonNorm-260604_142.s1p,,,2.8571160335532,2.857116,2.857116,-3.853030324235772e-07,-1.1395096317072374e-07,-97.33172147349872,-97.70651328227169,-0.3747918087729545,359.62520819122705,119.62520819122705
260605_iris2dsweep_solver_export_no_norm,sim,f_2pi3,sim,S11,offset_nan,06_3-7_TDS-Half-Plunger-Iris2DsweepSolverNonNorm-260604_142.s1p,06_3-7_TDS-Half-Plunger-Iris2DsweepSolverNonNorm-260604_143.s1p,,,2.8571160335532,2.857116,2.857116,-1.1395096317072374e-07,1.1730657899554902e-10,-97.70651328227169,-98.06406990697613,-0.3575566247044435,359.64244337529556,119.64244337529556
260605_iris2dsweep_solver_export_no_norm,sim,f_2pi3,sim,S11,offset_nan,06_3-7_TDS-Half-Plunger-Iris2DsweepSolverNonNorm-260604_143.s1p,06_3-7_TDS-Half-Plunger-Iris2DsweepSolverNonNorm-260604_144.s1p,,,2.8571160335532,2.857116,2.857116,1.1730657899554902e-10,4.061022113918247e-09,-98.06406990697613,-98.42121430155065,-0.35714439457450453,359.6428556054255,119.6428556054255
260605_iris2dsweep_solver_export_no_norm,sim,f_2pi3,sim,S11,offset_nan,06_3-7_TDS-Half-Plunger-Iris2DsweepSolverNonNorm-260604_144.s1p,06_3-7_TDS-Half-Plunger-Iris2DsweepSolverNonNorm-260604_145.s1p,,,2.8571160335532,2.857116,2.857116,4.061022113918247e-09,-3.012539867638065e-07,-98.42121430155065,-98.76299738534392,-0.34178308379327405,359.6582169162067,119.6582169162067
260605_iris2dsweep_solver_export_no_norm,sim,f_2pi3,sim,S11,offset_nan,06_3-7_TDS-Half-Plunger-Iris2DsweepSolverNonNorm-260604_145.s1p,06_3-7_TDS-Half-Plunger-Iris2DsweepSolverNonNorm-260604_146.s1p,,,2.8571160335532,2.857116,2.857116,-3.012539867638065e-07,-2.9507473236706466e-07,-98.76299738534392,-103.21502990522987,-4.452032519885961,355.54796748011404,115.54796748011404
260605_iris2dsweep_solver_export_no_norm,sim,f_2pi3,sim,S11,offset_nan,06_3-7_TDS-Half-Plunger-Iris2DsweepSolverNonNorm-260604_146.s1p,06_3-7_TDS-Half-Plunger-Iris2DsweepSolverNonNorm-260604_147.s1p,,,2.8571160335532,2.857116,2.857116,-2.9507473236706466e-07,-7.990590232097288e-08,-103.21502990522987,-103.42244818302272,-0.20741827779283994,359.79258172220716,119.79258172220716
260605_iris2dsweep_solver_export_no_norm,sim,f_2pi3,sim,S11,offset_nan,06_3-7_TDS-Half-Plunger-Iris2DsweepSolverNonNorm-260604_147.s1p,06_3-7_TDS-Half-Plunger-Iris2DsweepSolverNonNorm-260604_148.s1p,,,2.8571160335532,2.857116,2.857116,-7.990590232097288e-08,-1.4752330776560843e-08,-103.42244818302272,-103.63080368901736,-0.20835550599463204,359.79164449400537,119.79164449400537
260605_iris2dsweep_solver_export_no_norm,sim,f_2pi3,sim,S11,offset_nan,06_3-7_TDS-Half-Plunger-Iris2DsweepSolverNonNorm-260604_148.s1p,06_3-7_TDS-Half-Plunger-Iris2DsweepSolverNonNorm-260604_149.s1p,,,2.8571160335532,2.857116,2.857116,-1.4752330776560843e-08,-4.965527505031591e-07,-103.63080368901736,-103.83450914271224,-0.20370545369488013,359.79629454630515,119.79629454630515
260605_iris2dsweep_solver_export_no_norm,sim,f_2pi3,sim,S11,offset_nan,06_3-7_TDS-Half-Plunger-Iris2DsweepSolverNonNorm-260604_149.s1p,06_3-7_TDS-Half-Plunger-Iris2DsweepSolverNonNorm-260604_15.s1p,,,2.8571160335532,2.857116,2.857116,-4.965527505031591e-07,-3.0952942981775983e-06,-103.83450914271224,150.74903271788503,-105.41645813940272,254.58354186059728,14.583541860597279
260605_iris2dsweep_solver_export_no_norm,sim,f_2pi3,sim,S11,offset_nan,06_3-7_TDS-Half-Plunger-Iris2DsweepSolverNonNorm-260604_15.s1p,06_3-7_TDS-Half-Plunger-Iris2DsweepSolverNonNorm-260604_150.s1p,,,2.8571160335532,2.857116,2.857116,-3.0952942981775983e-06,-3.235273043622395e-08,150.74903271788503,-104.03688708746351,105.21408019465144,105.21408019465144,-134.78591980534856
260605_iris2dsweep_solver_export_no_norm,sim,f_2pi3,sim,S11,offset_nan,06_3-7_TDS-Half-Plunger-Iris2DsweepSolverNonNorm-260604_150.s1p,06_3-7_TDS-Half-Plunger-Iris2DsweepSolverNonNorm-260604_151.s1p,,,2.8571160335532,2.857116,2.857116,-3.235273043622395e-08,-1.0588425580624721e-07,-104.03688708746351,-104.23304902597027,-0.1961619385067479,359.80383806149325,119.80383806149325
260605_iris2dsweep_solver_export_no_norm,sim,f_2pi3,sim,S11,offset_nan,06_3-7_TDS-Half-Plunger-Iris2DsweepSolverNonNorm-260604_151.s1p,06_3-7_TDS-Half-Plunger-Iris2DsweepSolverNonNorm-260604_152.s1p,,,2.8571160335532,2.857116,2.857116,-1.0588425580624721e-07,-1.2844249370228682e-07,-104.23304902597027,-104.4321448568564,-0.19909583088610816,359.8009041691139,119.80090416911389
260605_iris2dsweep_solver_export_no_norm,sim,f_2pi3,sim,S11,offset_nan,06_3-7_TDS-Half-Plunger-Iris2DsweepSolverNonNorm-260604_152.s1p,06_3-7_TDS-Half-Plunger-Iris2DsweepSolverNonNorm-260604_153.s1p,,,2.8571160335532,2.857116,2.857116,-1.2844249370228682e-07,-7.601838669867132e-07,-104.4321448568564,-104.62422678483108,-0.19208192797469792,359.8079180720253,119.8079180720253
260605_iris2dsweep_solver_export_no_norm,sim,f_2pi3,sim,S11,offset_nan,06_3-7_TDS-Half-Plunger-Iris2DsweepSolverNonNorm-260604_153.s1p,06_3-7_TDS-Half-Plunger-Iris2DsweepSolverNonNorm-260604_154.s1p,,,2.8571160335532,2.857116,2.857116,-7.601838669867132e-07,1.531101291610369e-09,-104.62422678483108,-104.81749623888257,-0.19326945405148876,359.80673054594854,119.80673054594854
260605_iris2dsweep_solver_export_no_norm,sim,f_2pi3,sim,S11,offset_nan,06_3-7_TDS-Half-Plunger-Iris2DsweepSolverNonNorm-260604_154.s1p,06_3-7_TDS-Half-Plunger-Iris2DsweepSolverNonNorm-260604_16.s1p,,,2.8571160335532,2.857116,2.857116,1.531101291610369e-09,-1.9246878684371215e-06,-104.81749623888257,146.65772740638033,-108.52477635473713,251.47522364526287,11.475223645262872
260605_iris2dsweep_solver_export_no_norm,sim,f_2pi3,sim,S11,offset_nan,06_3-7_TDS-Half-Plunger-Iris2DsweepSolverNonNorm-260604_16.s1p,06_3-7_TDS-Half-Plunger-Iris2DsweepSolverNonNorm-260604_17.s1p,,,2.8571160335532,2.857116,2.857116,-1.9246878684371215e-06,-4.679821137576625e-07,146.65772740638033,142.3828084051932,-4.274919001187129,355.72508099881287,115.72508099881287
260605_iris2dsweep_solver_export_no_norm,sim,f_2pi3,sim,S11,offset_nan,06_3-7_TDS-Half-Plunger-Iris2DsweepSolverNonNorm-260604_17.s1p,06_3-7_TDS-Half-Plunger-Iris2DsweepSolverNonNorm-260604_18.s1p,,,2.8571160335532,2.857116,2.857116,-4.679821137576625e-07,-5.225672896962738e-07,142.3828084051932,137.92557180636115,-4.457236598832054,355.5427634011679,115.54276340116792
260605_iris2dsweep_solver_export_no_norm,sim,f_2pi3,sim,S11,offset_nan,06_3-7_TDS-Half-Plunger-Iris2DsweepSolverNonNorm-260604_18.s1p,06_3-7_TDS-Half-Plunger-Iris2DsweepSolverNonNorm-260604_19.s1p,,,2.8571160335532,2.857116,2.857116,-5.225672896962738e-07,-2.86606258033047e-07,137.92557180636115,133.27944941240108,-4.64612239396007,355.35387760603993,115.35387760603993
260605_iris2dsweep_solver_export_no_norm,sim,f_2pi3,sim,S11,offset_nan,06_3-7_TDS-Half-Plunger-Iris2DsweepSolverNonNorm-260604_19.s1p,06_3-7_TDS-Half-Plunger-Iris2DsweepSolverNonNorm-260604_2.s1p,,,2.8571160335532,2.857116,2.857116,-2.86606258033047e-07,3.227825825271401e-09,133.27944941240108,61.978731011911556,-71.30071840048953,288.69928159951047,48.69928159951047
260605_iris2dsweep_solver_export_no_norm,sim,f_2pi3,sim,S11,offset_nan,06_3-7_TDS-Half-Plunger-Iris2DsweepSolverNonNorm-260604_2.s1p,06_3-7_TDS-Half-Plunger-Iris2DsweepSolverNonNorm-260604_20.s1p,,,2.8571160335532,2.857116,2.857116,3.227825825271401e-09,-1.920921026846058e-10,61.978731011911556,128.4544075305951,66.47567651868354,66.47567651868354,-173.52432348131646
260605_iris2dsweep_solver_export_no_norm,sim,f_2pi3,sim,S11,offset_nan,06_3-7_TDS-Half-Plunger-Iris2DsweepSolverNonNorm-260604_20.s1p,06_3-7_TDS-Half-Plunger-Iris2DsweepSolverNonNorm-260604_21.s1p,,,2.8571160335532,2.857116,2.857116,-1.920921026846058e-10,-1.5135935194095458e-06,128.4544075305951,159.39425433992182,30.939846809326724,30.939846809326724,-209.06015319067328
260605_iris2dsweep_solver_export_no_norm,sim,f_2pi3,sim,S11,offset_nan,06_3-7_TDS-Half-Plunger-Iris2DsweepSolverNonNorm-260604_21.s1p,06_3-7_TDS-Half-Plunger-Iris2DsweepSolverNonNorm-260604_22.s1p,,,2.8571160335532,2.857116,2.857116,-1.5135935194095458e-06,-4.596558251153944e-06,159.39425433992182,155.48371435472262,-3.9105399851991933,356.0894600148008,116.0894600148008
260605_iris2dsweep_solver_export_no_norm,sim,f_2pi3,sim,S11,offset_nan,06_3-7_TDS-Half-Plunger-Iris2DsweepSolverNonNorm-260604_22.s1p,06_3-7_TDS-Half-Plunger-Iris2DsweepSolverNonNorm-260604_23.s1p,,,2.8571160335532,2.857116,2.857116,-4.596558251153944e-06,-1.3974885539837081e-06,155.48371435472262,151.37725209880384,-4.106462255918785,355.8935377440812,115.89353774408119
260605_iris2dsweep_solver_export_no_norm,sim,f_2pi3,sim,S11,offset_nan,06_3-7_TDS-Half-Plunger-Iris2DsweepSolverNonNorm-260604_23.s1p,06_3-7_TDS-Half-Plunger-Iris2DsweepSolverNonNorm-260604_24.s1p,,,2.8571160335532,2.857116,2.857116,-1.3974885539837081e-06,-1.8943325141413046e-07,151.37725209880384,147.05991124218332,-4.317340856620518,355.6826591433795,115.68265914337951
260605_iris2dsweep_solver_export_no_norm,sim,f_2pi3,sim,S11,offset_nan,06_3-7_TDS-Half-Plunger-Iris2DsweepSolverNonNorm-260604_24.s1p,06_3-7_TDS-Half-Plunger-Iris2DsweepSolverNonNorm-260604_25.s1p,,,2.8571160335532,2.857116,2.857116,-1.8943325141413046e-07,-3.380838558629537e-09,147.05991124218332,142.53019769452757,-4.529713547655746,355.4702864523442,115.47028645234423
260605_iris2dsweep_solver_export_no_norm,sim,f_2pi3,sim,S11,offset_nan,06_3-7_TDS-Half-Plunger-Iris2DsweepSolverNonNorm-260604_25.s1p,06_3-7_TDS-Half-Plunger-Iris2DsweepSolverNonNorm-260604_26.s1p,,,2.8571160335532,2.857116,2.857116,-3.380838558629537e-09,-1.1589520262574152e-07,142.53019769452757,137.788677675681,-4.741520018846586,355.2584799811534,115.25847998115341
260605_iris2dsweep_solver_export_no_norm,sim,f_2pi3,sim,S11,offset_nan,06_3-7_TDS-Half-Plunger-Iris2DsweepSolverNonNorm-260604_26.s1p,06_3-7_TDS-Half-Plunger-Iris2DsweepSolverNonNorm-260604_27.s1p,,,2.8571160335532,2.857116,2.857116,-1.1589520262574152e-07,2.2066705416858563e-10,137.788677675681,132.8406278697379,-4.9480498059431,355.0519501940569,115.05195019405687
260605_iris2dsweep_solver_export_no_norm,sim,f_2pi3,sim,S11,offset_nan,06_3-7_TDS-Half-Plunger-Iris2DsweepSolverNonNorm-260604_27.s1p,06_3-7_TDS-Half-Plunger-Iris2DsweepSolverNonNorm-260604_28.s1p,,,2.8571160335532,2.857116,2.857116,2.2066705416858563e-10,-1.2602660655453875e-09,132.8406278697379,127.68900928106437,-5.1516185886735,354.8483814113265,114.8483814113265
260605_iris2dsweep_solver_export_no_norm,sim,f_2pi3,sim,S11,offset_nan,06_3-7_TDS-Half-Plunger-Iris2DsweepSolverNonNorm-260604_28.s1p,06_3-7_TDS-Half-Plunger-Iris2DsweepSolverNonNorm-260604_29.s1p,,,2.8571160335532,2.857116,2.857116,-1.2602660655453875e-09,-2.0552973805439974e-06,127.68900928106437,122.33300548958802,-5.356003791476354,354.6439962085236,114.64399620852362
260605_iris2dsweep_solver_export_no_norm,sim,f_2pi3,sim,S11,offset_nan,06_3-7_TDS-Half-Plunger-Iris2DsweepSolverNonNorm-260604_29.s1p,06_3-7_TDS-Half-Plunger-Iris2DsweepSolverNonNorm-260604_3.s1p,,,2.8571160335532,2.857116,2.857116,-2.0552973805439974e-06,-2.563337975486435e-06,122.33300548958802,163.81595193331475,41.482946443726746,41.482946443726746,-198.51705355627325
260605_iris2dsweep_solver_export_no_norm,sim,f_2pi3,sim,S11,offset_nan,06_3-7_TDS-Half-Plunger-Iris2DsweepSolverNonNorm-260604_3.s1p,06_3-7_TDS-Half-Plunger-Iris2DsweepSolverNonNorm-260604_30.s1p,,,2.8571160335532,2.857116,2.857116,-2.563337975486435e-06,-1.006017368419902e-06,163.81595193331475,155.98193599522602,-7.834015938088726,352.1659840619113,112.16598406191127
260605_iris2dsweep_solver_export_no_norm,sim,f_2pi3,sim,S11,offset_nan,06_3-7_TDS-Half-Plunger-Iris2DsweepSolverNonNorm-260604_30.s1p,06_3-7_TDS-Half-Plunger-Iris2DsweepSolverNonNorm-260604_31.s1p,,,2.8571160335532,2.857116,2.857116,-1.006017368419902e-06,-1.463143333613363e-06,155.98193599522602,151.61844308721626,-4.363492908009761,355.6365070919902,115.63650709199021
260605_iris2dsweep_solver_export_no_norm,sim,f_2pi3,sim,S11,offset_nan,06_3-7_TDS-Half-Plunger-Iris2DsweepSolverNonNorm-260604_31.s1p,06_3-7_TDS-Half-Plunger-Iris2DsweepSolverNonNorm-260604_32.s1p,,,2.8571160335532,2.857116,2.857116,-1.463143333613363e-06,-3.665328159928789e-07,151.61844308721626,147.01468585694175,-4.6037572302745104,355.3962427697255,115.39624276972552
260605_iris2dsweep_solver_export_no_norm,sim,f_2pi3,sim,S11,offset_nan,06_3-7_TDS-Half-Plunger-Iris2DsweepSolverNonNorm-260604_32.s1p,06_3-7_TDS-Half-Plunger-Iris2DsweepSolverNonNorm-260604_33.s1p,,,2.8571160335532,2.857116,2.857116,-3.665328159928789e-07,3.026210024601823e-09,147.01468585694175,142.1790327579521,-4.835653098989667,355.16434690101033,115.16434690101033
260605_iris2dsweep_solver_export_no_norm,sim,f_2pi3,sim,S11,offset_nan,06_3-7_TDS-Half-Plunger-Iris2DsweepSolverNonNorm-260604_33.s1p,06_3-7_TDS-Half-Plunger-Iris2DsweepSolverNonNorm-260604_34.s1p,,,2.8571160335532,2.857116,2.857116,3.026210024601823e-09,-4.499428526187306e-09,142.1790327579521,137.08948018263246,-5.08955257531963,354.91044742468034,114.91044742468034
260605_iris2dsweep_solver_export_no_norm,sim,f_2pi3,sim,S11,offset_nan,06_3-7_TDS-Half-Plunger-Iris2DsweepSolverNonNorm-260604_34.s1p,06_3-7_TDS-Half-Plunger-Iris2DsweepSolverNonNorm-260604_35.s1p,,,2.8571160335532,2.857116,2.857116,-4.499428526187306e-09,-1.1613906774034958e-09,137.08948018263246,131.77010106016826,-5.319379122464198,354.68062087753583,114.68062087753583
260605_iris2dsweep_solver_export_no_norm,sim,f_2pi3,sim,S11,offset_nan,06_3-7_TDS-Half-Plunger-Iris2DsweepSolverNonNorm-260604_35.s1p,06_3-7_TDS-Half-Plunger-Iris2DsweepSolverNonNorm-260604_36.s1p,,,2.8571160335532,2.857116,2.857116,-1.1613906774034958e-09,-2.9464591798173278e-09,131.77010106016826,126.21620444125645,-5.553896618911807,354.44610338108816,114.44610338108816
260605_iris2dsweep_solver_export_no_norm,sim,f_2pi3,sim,S11,offset_nan,06_3-7_TDS-Half-Plunger-Iris2DsweepSolverNonNorm-260604_36.s1p,06_3-7_TDS-Half-Plunger-Iris2DsweepSolverNonNorm-260604_37.s1p,,,2.8571160335532,2.857116,2.857116,-2.9464591798173278e-09,-2.832292535303087e-07,126.21620444125645,120.43907238597463,-5.777132055281811,354.2228679447182,114.22286794471819
260605_iris2dsweep_solver_export_no_norm,sim,f_2pi3,sim,S11,offset_nan,06_3-7_TDS-Half-Plunger-Iris2DsweepSolverNonNorm-260604_37.s1p,06_3-7_TDS-Half-Plunger-Iris2DsweepSolverNonNorm-260604_38.s1p,,,2.8571160335532,2.857116,2.857116,-2.832292535303087e-07,-3.3745935739537087e-09,120.43907238597463,114.45488583758625,-5.984186548388379,354.0158134516116,114.01581345161162
260605_iris2dsweep_solver_export_no_norm,sim,f_2pi3,sim,S11,offset_nan,06_3-7_TDS-Half-Plunger-Iris2DsweepSolverNonNorm-260604_38.s1p,06_3-7_TDS-Half-Plunger-Iris2DsweepSolverNonNorm-260604_39.s1p,,,2.8571160335532,2.857116,2.857116,-3.3745935739537087e-09,-2.759084407914044e-07,114.45488583758625,151.32594184427063,36.8710560066844,36.8710560066844,-203.1289439933156
260605_iris2dsweep_solver_export_no_norm,sim,f_2pi3,sim,S11,offset_nan,06_3-7_TDS-Half-Plunger-Iris2DsweepSolverNonNorm-260604_39.s1p,06_3-7_TDS-Half-Plunger-Iris2DsweepSolverNonNorm-260604_4.s1p,,,2.8571160335532,2.857116,2.857116,-2.759084407914044e-07,-2.8504012590353576e-06,151.32594184427063,160.55259251593756,9.226650671666931,9.226650671666931,-230.77334932833307
260605_iris2dsweep_solver_export_no_norm,sim,f_2pi3,sim,S11,offset_nan,06_3-7_TDS-Half-Plunger-Iris2DsweepSolverNonNorm-260604_4.s1p,06_3-7_TDS-Half-Plunger-Iris2DsweepSolverNonNorm-260604_40.s1p,,,2.8571160335532,2.857116,2.857116,-2.8504012590353576e-06,-6.829864024940884e-07,160.55259251593756,146.37764603783975,-14.174946478097809,345.8250535219022,105.82505352190219
260605_iris2dsweep_solver_export_no_norm,sim,f_2pi3,sim,S11,offset_nan,06_3-7_TDS-Half-Plunger-Iris2DsweepSolverNonNorm-260604_40.s1p,06_3-7_TDS-Half-Plunger-Iris2DsweepSolverNonNorm-260604_41.s1p,,,2.8571160335532,2.857116,2.857116,-6.829864024940884e-07,-7.653018821929618e-06,146.37764603783975,141.13768567922895,-5.2399603586108014,354.7600396413892,114.7600396413892
260605_iris2dsweep_solver_export_no_norm,sim,f_2pi3,sim,S11,offset_nan,06_3-7_TDS-Half-Plunger-Iris2DsweepSolverNonNorm-260604_41.s1p,06_3-7_TDS-Half-Plunger-Iris2DsweepSolverNonNorm-260604_42.s1p,,,2.8571160335532,2.857116,2.857116,-7.653018821929618e-06,-9.762870251911572e-06,141.13768567922895,135.6238113380224,-5.513874341206559,354.4861256587934,114.48612565879341
260605_iris2dsweep_solver_export_no_norm,sim,f_2pi3,sim,S11,offset_nan,06_3-7_TDS-Half-Plunger-Iris2DsweepSolverNonNorm-260604_42.s1p,06_3-7_TDS-Half-Plunger-Iris2DsweepSolverNonNorm-260604_43.s1p,,,2.8571160335532,2.857116,2.857116,-9.762870251911572e-06,-1.2722348209127415e-05,135.6238113380224,129.83289504989733,-5.790916288125061,354.20908371187494,114.20908371187494
260605_iris2dsweep_solver_export_no_norm,sim,f_2pi3,sim,S11,offset_nan,06_3-7_TDS-Half-Plunger-Iris2DsweepSolverNonNorm-260604_43.s1p,06_3-7_TDS-Half-Plunger-Iris2DsweepSolverNonNorm-260604_44.s1p,,,2.8571160335532,2.857116,2.857116,-1.2722348209127415e-05,-1.4651867409664605e-06,129.83289504989733,123.77603253730946,-6.056862512587884,353.9431374874121,113.94313748741212
260605_iris2dsweep_solver_export_no_norm,sim,f_2pi3,sim,S11,offset_nan,06_3-7_TDS-Half-Plunger-Iris2DsweepSolverNonNorm-260604_44.s1p,06_3-7_TDS-Half-Plunger-Iris2DsweepSolverNonNorm-260604_45.s1p,,,2.8571160335532,2.857116,2.857116,-1.4651867409664605e-06,-1.1016705547134293e-06,123.77603253730946,117.4669183379807,-6.3091141993287465,353.69088580067125,113.69088580067125
260605_iris2dsweep_solver_export_no_norm,sim,f_2pi3,sim,S11,offset_nan,06_3-7_TDS-Half-Plunger-Iris2DsweepSolverNonNorm-260604_45.s1p,06_3-7_TDS-Half-Plunger-Iris2DsweepSolverNonNorm-260604_46.s1p,,,2.8571160335532,2.857116,2.857116,-1.1016705547134293e-06,4.173782853183804e-09,117.4669183379807,110.93230855955541,-6.534609778425306,353.4653902215747,113.4653902215747
260605_iris2dsweep_solver_export_no_norm,sim,f_2pi3,sim,S11,offset_nan,06_3-7_TDS-Half-Plunger-Iris2DsweepSolverNonNorm-260604_46.s1p,06_3-7_TDS-Half-Plunger-Iris2DsweepSolverNonNorm-260604_47.s1p,,,2.8571160335532,2.857116,2.857116,4.173782853183804e-09,-2.1077768316196578e-09,110.93230855955541,104.20186833843732,-6.730440221118101,353.2695597788819,113.2695597788819
260605_iris2dsweep_solver_export_no_norm,sim,f_2pi3,sim,S11,offset_nan,06_3-7_TDS-Half-Plunger-Iris2DsweepSolverNonNorm-260604_47.s1p,06_3-7_TDS-Half-Plunger-Iris2DsweepSolverNonNorm-260604_48.s1p,,,2.8571160335532,2.857116,2.857116,-2.1077768316196578e-09,2.5378225220124716e-09,104.20186833843732,144.87728154862023,40.67541321018291,40.67541321018291,-199.3245867898171
260605_iris2dsweep_solver_export_no_norm,sim,f_2pi3,sim,S11,offset_nan,06_3-7_TDS-Half-Plunger-Iris2DsweepSolverNonNorm-260604_48.s1p,06_3-7_TDS-Half-Plunger-Iris2DsweepSolverNonNorm-260604_49.s1p,,,2.8571160335532,2.857116,2.857116,2.5378225220124716e-09,-9.134873826963888e-07,144.87728154862023,139.1341723757694,-5.743109172850836,354.25689082714916,114.25689082714916
260605_iris2dsweep_solver_export_no_norm,sim,f_2pi3,sim,S11,offset_nan,06_3-7_TDS-Half-Plunger-Iris2DsweepSolverNonNorm-260604_49.s1p,06_3-7_TDS-Half-Plunger-Iris2DsweepSolverNonNorm-260604_5.s1p,,,2.8571160335532,2.857116,2.857116,-9.134873826963888e-07,-3.263197224893534e-06,139.1341723757694,157.1400083123696,18.005835936600192,18.005835936600192,-221.9941640633998
260605_iris2dsweep_solver_export_no_norm,sim,f_2pi3,sim,S11,offset_nan,06_3-7_TDS-Half-Plunger-Iris2DsweepSolverNonNorm-260604_5.s1p,06_3-7_TDS-Half-Plunger-Iris2DsweepSolverNonNorm-260604_50.s1p,,,2.8571160335532,2.857116,2.857116,-3.263197224893534e-06,-1.9108144515928278e-06,157.1400083123696,133.0681088307874,-24.071899481582193,335.9281005184178,95.9281005184178
260605_iris2dsweep_solver_export_no_norm,sim,f_2pi3,sim,S11,offset_nan,06_3-7_TDS-Half-Plunger-Iris2DsweepSolverNonNorm-260604_50.s1p,06_3-7_TDS-Half-Plunger-Iris2DsweepSolverNonNorm-260604_51.s1p,,,2.8571160335532,2.857116,2.857116,-1.9108144515928278e-06,-5.079153725178633e-07,133.0681088307874,126.6732281786196,-6.394880652167785,353.6051193478322,113.60511934783221
260605_iris2dsweep_solver_export_no_norm,sim,f_2pi3,sim,S11,offset_nan,06_3-7_TDS-Half-Plunger-Iris2DsweepSolverNonNorm-260604_51.s1p,06_3-7_TDS-Half-Plunger-Iris2DsweepSolverNonNorm-260604_52.s1p,,,2.8571160335532,2.857116,2.857116,-5.079153725178633e-07,-1.0223906545635231e-06,126.6732281786196,119.97067675211314,-6.70255142650646,353.2974485734935,113.29744857349351
260605_iris2dsweep_solver_export_no_norm,sim,f_2pi3,sim,S11,offset_nan,06_3-7_TDS-Half-Plunger-Iris2DsweepSolverNonNorm-260604_52.s1p,06_3-7_TDS-Half-Plunger-Iris2DsweepSolverNonNorm-260604_53.s1p,,,2.8571160335532,2.857116,2.857116,-1.0223906545635231e-06,-1.4583320540283488e-07,119.97067675211314,112.9979554956442,-6.97272125646893,353.02727874353104,113.02727874353104
260605_iris2dsweep_solver_export_no_norm,sim,f_2pi3,sim,S11,offset_nan,06_3-7_TDS-Half-Plunger-Iris2DsweepSolverNonNorm-260604_53.s1p,06_3-7_TDS-Half-Plunger-Iris2DsweepSolverNonNorm-260604_54.s1p,,,2.8571160335532,2.857116,2.857116,-1.4583320540283488e-07,3.732684040943624e-09,112.9979554956442,105.78099085333578,-7.216964642308426,352.7830353576916,112.78303535769157
260605_iris2dsweep_solver_export_no_norm,sim,f_2pi3,sim,S11,offset_nan,06_3-7_TDS-Half-Plunger-Iris2DsweepSolverNonNorm-260604_54.s1p,06_3-7_TDS-Half-Plunger-Iris2DsweepSolverNonNorm-260604_55.s1p,,,2.8571160335532,2.857116,2.857116,3.732684040943624e-09,8.834146060997423e-10,105.78099085333578,98.36175392053605,-7.41923693279972,352.5807630672003,112.58076306720028
260605_iris2dsweep_solver_export_no_norm,sim,f_2pi3,sim,S11,offset_nan,06_3-7_TDS-Half-Plunger-Iris2DsweepSolverNonNorm-260604_55.s1p,06_3-7_TDS-Half-Plunger-Iris2DsweepSolverNonNorm-260604_56.s1p,,,2.8571160335532,2.857116,2.857116,8.834146060997423e-10,-1.1769202069269603e-09,98.36175392053605,90.79598012571005,-7.565773794825986,352.434226205174,112.43422620517401
260605_iris2dsweep_solver_export_no_norm,sim,f_2pi3,sim,S11,offset_nan,06_3-7_TDS-Half-Plunger-Iris2DsweepSolverNonNorm-260604_56.s1p,06_3-7_TDS-Half-Plunger-Iris2DsweepSolverNonNorm-260604_57.s1p,,,2.8571160335532,2.857116,2.857116,-1.1769202069269603e-09,2.479490353577511e-09,90.79598012571005,135.71193460547974,44.91595447976971,44.91595447976971,-195.0840455202303
260605_iris2dsweep_solver_export_no_norm,sim,f_2pi3,sim,S11,offset_nan,06_3-7_TDS-Half-Plunger-Iris2DsweepSolverNonNorm-260604_57.s1p,06_3-7_TDS-Half-Plunger-Iris2DsweepSolverNonNorm-260604_58.s1p,,,2.8571160335532,2.857116,2.857116,2.479490353577511e-09,1.8461586468016761e-09,135.71193460547974,128.90326618175405,-6.808668423725692,353.1913315762743,113.19133157627431
260605_iris2dsweep_solver_export_no_norm,sim,f_2pi3,sim,S11,offset_nan,06_3-7_TDS-Half-Plunger-Iris2DsweepSolverNonNorm-260604_58.s1p,06_3-7_TDS-Half-Plunger-Iris2DsweepSolverNonNorm-260604_59.s1p,,,2.8571160335532,2.857116,2.857116,1.8461586468016761e-09,-1.424636646572266e-09,128.90326618175405,121.72333571181181,-7.179930469942235,352.82006953005776,112.82006953005776
260605_iris2dsweep_solver_export_no_norm,sim,f_2pi3,sim,S11,offset_nan,06_3-7_TDS-Half-Plunger-Iris2DsweepSolverNonNorm-260604_59.s1p,06_3-7_TDS-Half-Plunger-Iris2DsweepSolverNonNorm-260604_6.s1p,,,2.8571160335532,2.857116,2.857116,-1.424636646572266e-09,-3.1932498651448687e-09,121.72333571181181,153.56631940054868,31.842983688736865,31.842983688736865,-208.15701631126313
260605_iris2dsweep_solver_export_no_norm,sim,f_2pi3,sim,S11,offset_nan,06_3-7_TDS-Half-Plunger-Iris2DsweepSolverNonNorm-260604_6.s1p,06_3-7_TDS-Half-Plunger-Iris2DsweepSolverNonNorm-260604_60.s1p,,,2.8571160335532,2.857116,2.857116,-3.1932498651448687e-09,-2.7648936757000482e-09,153.56631940054868,114.19231388993279,-39.37400551061589,320.6259944893841,80.62599448938408
260605_iris2dsweep_solver_export_no_norm,sim,f_2pi3,sim,S11,offset_nan,06_3-7_TDS-Half-Plunger-Iris2DsweepSolverNonNorm-260604_60.s1p,06_3-7_TDS-Half-Plunger-Iris2DsweepSolverNonNorm-260604_61.s1p,,,2.8571160335532,2.857116,2.857116,-2.7648936757000482e-09,-2.614039108423075e-09,114.19231388993279,106.38173714402868,-7.810576745904115,352.1894232540959,112.18942325409591
260605_iris2dsweep_solver_export_no_norm,sim,f_2pi3,sim,S11,offset_nan,06_3-7_TDS-Half-Plunger-Iris2DsweepSolverNonNorm-260604_61.s1p,06_3-7_TDS-Half-Plunger-Iris2DsweepSolverNonNorm-260604_62.s1p,,,2.8571160335532,2.857116,2.857116,-2.614039108423075e-09,-2.0756955854546373e-09,106.38173714402868,98.30274805281636,-8.078989091212321,351.9210109087877,111.92101090878771
260605_iris2dsweep_solver_export_no_norm,sim,f_2pi3,sim,S11,offset_nan,06_3-7_TDS-Half-Plunger-Iris2DsweepSolverNonNorm-260604_62.s1p,06_3-7_TDS-Half-Plunger-Iris2DsweepSolverNonNorm-260604_63.s1p,,,2.8571160335532,2.857116,2.857116,-2.0756955854546373e-09,-1.488320832474124e-09,98.30274805281636,90.06138026586511,-8.24136778695123,351.75863221304877,111.75863221304877
260605_iris2dsweep_solver_export_no_norm,sim,f_2pi3,sim,S11,offset_nan,06_3-7_TDS-Half-Plunger-Iris2DsweepSolverNonNorm-260604_63.s1p,06_3-7_TDS-Half-Plunger-Iris2DsweepSolverNonNorm-260604_64.s1p,,,2.8571160335532,2.857116,2.857116,-1.488320832474124e-09,-1.6831361959577183e-09,90.06138026586511,81.72666980128183,-8.334710464583281,351.6652895354167,111.66528953541672
260605_iris2dsweep_solver_export_no_norm,sim,f_2pi3,sim,S11,offset_nan,06_3-7_TDS-Half-Plunger-Iris2DsweepSolverNonNorm-260604_64.s1p,06_3-7_TDS-Half-Plunger-Iris2DsweepSolverNonNorm-260604_65.s1p,,,2.8571160335532,2.857116,2.857116,-1.6831361959577183e-09,-1.7320825651871862e-09,81.72666980128183,73.3683800762371,-8.358289725044727,351.64171027495524,111.64171027495524
260605_iris2dsweep_solver_export_no_norm,sim,f_2pi3,sim,S11,offset_nan,06_3-7_TDS-Half-Plunger-Iris2DsweepSolverNonNorm-260604_65.s1p,06_3-7_TDS-Half-Plunger-Iris2DsweepSolverNonNorm-260604_66.s1p,,,2.8571160335532,2.857116,2.857116,-1.7320825651871862e-09,-2.336637776332902e-09,73.3683800762371,122.32564261416672,48.95726253792964,48.95726253792964,-191.04273746207036
260605_iris2dsweep_solver_export_no_norm,sim,f_2pi3,sim,S11,offset_nan,06_3-7_TDS-Half-Plunger-Iris2DsweepSolverNonNorm-260604_66.s1p,06_3-7_TDS-Half-Plunger-Iris2DsweepSolverNonNorm-260604_67.s1p,,,2.8571160335532,2.857116,2.857116,-2.336637776332902e-09,-6.834275545204004e-10,122.32564261416672,114.08827973550763,-8.237362878659098,351.7626371213409,111.7626371213409
260605_iris2dsweep_solver_export_no_norm,sim,f_2pi3,sim,S11,offset_nan,06_3-7_TDS-Half-Plunger-Iris2DsweepSolverNonNorm-260604_67.s1p,06_3-7_TDS-Half-Plunger-Iris2DsweepSolverNonNorm-260604_68.s1p,,,2.8571160335532,2.857116,2.857116,-6.834275545204004e-10,-6.92863498781372e-10,114.08827973550763,105.49032594972554,-8.597953785782067,351.40204621421793,111.40204621421793
260605_iris2dsweep_solver_export_no_norm,sim,f_2pi3,sim,S11,offset_nan,06_3-7_TDS-Half-Plunger-Iris2DsweepSolverNonNorm-260604_68.s1p,06_3-7_TDS-Half-Plunger-Iris2DsweepSolverNonNorm-260604_69.s1p,,,2.8571160335532,2.857116,2.857116,-6.92863498781372e-10,-2.5630637941984104e-09,105.49032594972554,96.60286040810107,-8.887465541624465,351.11253445837553,111.11253445837553
260605_iris2dsweep_solver_export_no_norm,sim,f_2pi3,sim,S11,offset_nan,06_3-7_TDS-Half-Plunger-Iris2DsweepSolverNonNorm-260604_69.s1p,06_3-7_TDS-Half-Plunger-Iris2DsweepSolverNonNorm-260604_7.s1p,,,2.8571160335532,2.857116,2.857116,-2.5630637941984104e-09,3.5971420296119505e-09,96.60286040810107,149.8333001343051,53.230439726204025,53.230439726204025,-186.76956027379597
260605_iris2dsweep_solver_export_no_norm,sim,f_2pi3,sim,S11,offset_nan,06_3-7_TDS-Half-Plunger-Iris2DsweepSolverNonNorm-260604_7.s1p,06_3-7_TDS-Half-Plunger-Iris2DsweepSolverNonNorm-260604_70.s1p,,,2.8571160335532,2.857116,2.857116,3.5971420296119505e-09,1.0386173258595228e-09,149.8333001343051,87.53019835258408,-62.30310178172101,297.696898218279,57.69689821827899
260605_iris2dsweep_solver_export_no_norm,sim,f_2pi3,sim,S11,offset_nan,06_3-7_TDS-Half-Plunger-Iris2DsweepSolverNonNorm-260604_70.s1p,06_3-7_TDS-Half-Plunger-Iris2DsweepSolverNonNorm-260604_71.s1p,,,2.8571160335532,2.857116,2.857116,1.0386173258595228e-09,-3.1609236797992455e-09,87.53019835258408,78.34383580921892,-9.186362543365163,350.81363745663486,110.81363745663486
260605_iris2dsweep_solver_export_no_norm,sim,f_2pi3,sim,S11,offset_nan,06_3-7_TDS-Half-Plunger-Iris2DsweepSolverNonNorm-260604_71.s1p,06_3-7_TDS-Half-Plunger-Iris2DsweepSolverNonNorm-260604_72.s1p,,,2.8571160335532,2.857116,2.857116,-3.1609236797992455e-09,3.8641527330562745e-09,78.34383580921892,69.19556083293708,-9.14827497628184,350.85172502371813,110.85172502371813
260605_iris2dsweep_solver_export_no_norm,sim,f_2pi3,sim,S11,offset_nan,06_3-7_TDS-Half-Plunger-Iris2DsweepSolverNonNorm-260604_72.s1p,06_3-7_TDS-Half-Plunger-Iris2DsweepSolverNonNorm-260604_73.s1p,,,2.8571160335532,2.857116,2.857116,3.8641527330562745e-09,-5.626627045188625e-09,69.19556083293708,60.1900749992856,-9.005485833651477,350.9945141663485,110.9945141663485
260605_iris2dsweep_solver_export_no_norm,sim,f_2pi3,sim,S11,offset_nan,06_3-7_TDS-Half-Plunger-Iris2DsweepSolverNonNorm-260604_73.s1p,06_3-7_TDS-Half-Plunger-Iris2DsweepSolverNonNorm-260604_74.s1p,,,2.8571160335532,2.857116,2.857116,-5.626627045188625e-09,-2.9904084036572173e-10,60.1900749992856,51.40701021110542,-8.783064788180184,351.2169352118198,111.21693521181982
260605_iris2dsweep_solver_export_no_norm,sim,f_2pi3,sim,S11,offset_nan,06_3-7_TDS-Half-Plunger-Iris2DsweepSolverNonNorm-260604_74.s1p,06_3-7_TDS-Half-Plunger-Iris2DsweepSolverNonNorm-260604_75.s1p,,,2.8571160335532,2.857116,2.857116,-2.9904084036572173e-10,4.392048732855234e-10,51.40701021110542,102.30767485007202,50.90066463896659,50.90066463896659,-189.0993353610334
260605_iris2dsweep_solver_export_no_norm,sim,f_2pi3,sim,S11,offset_nan,06_3-7_TDS-Half-Plunger-Iris2DsweepSolverNonNorm-260604_75.s1p,06_3-7_TDS-Half-Plunger-Iris2DsweepSolverNonNorm-260604_76.s1p,,,2.8571160335532,2.857116,2.857116,4.392048732855234e-10,-2.535894832147763e-09,102.30767485007202,92.34651774185308,-9.961157108218941,350.0388428917811,110.03884289178109
260605_iris2dsweep_solver_export_no_norm,sim,f_2pi3,sim,S11,offset_nan,06_3-7_TDS-Half-Plunger-Iris2DsweepSolverNonNorm-260604_76.s1p,06_3-7_TDS-Half-Plunger-Iris2DsweepSolverNonNorm-260604_77.s1p,,,2.8571160335532,2.857116,2.857116,-2.535894832147763e-09,9.745531949539459e-10,92.34651774185308,82.21547295945042,-10.131044782402654,349.8689552175973,109.86895521759732
260605_iris2dsweep_solver_export_no_norm,sim,f_2pi3,sim,S11,offset_nan,06_3-7_TDS-Half-Plunger-Iris2DsweepSolverNonNorm-260604_77.s1p,06_3-7_TDS-Half-Plunger-Iris2DsweepSolverNonNorm-260604_78.s1p,,,2.8571160335532,2.857116,2.857116,9.745531949539459e-10,3.164861027693442e-09,82.21547295945042,72.04385053877276,-10.171622420677664,349.82837757932236,109.82837757932236
260605_iris2dsweep_solver_export_no_norm,sim,f_2pi3,sim,S11,offset_nan,06_3-7_TDS-Half-Plunger-Iris2DsweepSolverNonNorm-260604_78.s1p,06_3-7_TDS-Half-Plunger-Iris2DsweepSolverNonNorm-260604_79.s1p,,,2.8571160335532,2.857116,2.857116,3.164861027693442e-09,1.4257928749708088e-09,72.04385053877276,52.184588470571825,-19.859262068200934,340.1407379317991,100.1407379317991
260605_iris2dsweep_solver_export_no_norm,sim,f_2pi3,sim,S11,offset_nan,06_3-7_TDS-Half-Plunger-Iris2DsweepSolverNonNorm-260604_79.s1p,06_3-7_TDS-Half-Plunger-Iris2DsweepSolverNonNorm-260604_8.s1p,,,2.8571160335532,2.857116,2.857116,1.4257928749708088e-09,-1.7673697068853752e-07,52.184588470571825,145.9370307961637,93.75244232559186,93.75244232559186,-146.24755767440814
260605_iris2dsweep_solver_export_no_norm,sim,f_2pi3,sim,S11,offset_nan,06_3-7_TDS-Half-Plunger-Iris2DsweepSolverNonNorm-260604_8.s1p,06_3-7_TDS-Half-Plunger-Iris2DsweepSolverNonNorm-260604_80.s1p,,,2.8571160335532,2.857116,2.857116,-1.7673697068853752e-07,4.768215518465534e-09,145.9370307961637,42.76302505732552,-103.17400573883818,256.82599426116184,16.82599426116184
260605_iris2dsweep_solver_export_no_norm,sim,f_2pi3,sim,S11,offset_nan,06_3-7_TDS-Half-Plunger-Iris2DsweepSolverNonNorm-260604_80.s1p,06_3-7_TDS-Half-Plunger-Iris2DsweepSolverNonNorm-260604_81.s1p,,,2.8571160335532,2.857116,2.857116,4.768215518465534e-09,1.6443461232968873e-09,42.76302505732552,33.85350602427721,-8.909519033048298,351.0904809669517,111.0904809669517
260605_iris2dsweep_solver_export_no_norm,sim,f_2pi3,sim,S11,offset_nan,06_3-7_TDS-Half-Plunger-Iris2DsweepSolverNonNorm-260604_81.s1p,06_3-7_TDS-Half-Plunger-Iris2DsweepSolverNonNorm-260604_82.s1p,,,2.8571160335532,2.857116,2.857116,1.6443461232968873e-09,2.503505964797665e-09,33.85350602427721,25.434042005099354,-8.419464019177866,351.5805359808221,111.5805359808221
260605_iris2dsweep_solver_export_no_norm,sim,f_2pi3,sim,S11,offset_nan,06_3-7_TDS-Half-Plunger-Iris2DsweepSolverNonNorm-260604_82.s1p,06_3-7_TDS-Half-Plunger-Iris2DsweepSolverNonNorm-260604_83.s1p,,,2.8571160335532,2.857116,2.857116,2.503505964797665e-09,1.6326430451650044e-09,25.434042005099354,72.64140242483751,47.207360419738166,47.207360419738166,-192.79263958026183
260605_iris2dsweep_solver_export_no_norm,sim,f_2pi3,sim,S11,offset_nan,06_3-7_TDS-Half-Plunger-Iris2DsweepSolverNonNorm-260604_83.s1p,06_3-7_TDS-Half-Plunger-Iris2DsweepSolverNonNorm-260604_84.s1p,,,2.8571160335532,2.857116,2.857116,1.6326430451650044e-09,7.717493427933772e-10,72.64140242483751,61.34036349842707,-11.301038926410456,348.69896107358954,108.69896107358954
260605_iris2dsweep_solver_export_no_norm,sim,f_2pi3,sim,S11,offset_nan,06_3-7_TDS-Half-Plunger-Iris2DsweepSolverNonNorm-260604_84.s1p,06_3-7_TDS-Half-Plunger-Iris2DsweepSolverNonNorm-260604_85.s1p,,,2.8571160335532,2.857116,2.857116,7.717493427933772e-10,-4.7743939671647e-09,61.34036349842707,50.372441512346306,-10.967921986080768,349.0320780139192,109.0320780139192
260605_iris2dsweep_solver_export_no_norm,sim,f_2pi3,sim,S11,offset_nan,06_3-7_TDS-Half-Plunger-Iris2DsweepSolverNonNorm-260604_85.s1p,06_3-7_TDS-Half-Plunger-Iris2DsweepSolverNonNorm-260604_86.s1p,,,2.8571160335532,2.857116,2.857116,-4.7743939671647e-09,-2.9250509733370574e-06,50.372441512346306,39.91488482015516,-10.457556692191133,349.54244330780887,109.54244330780887
260605_iris2dsweep_solver_export_no_norm,sim,f_2pi3,sim,S11,offset_nan,06_3-7_TDS-Half-Plunger-Iris2DsweepSolverNonNorm-260604_86.s1p,06_3-7_TDS-Half-Plunger-Iris2DsweepSolverNonNorm-260604_87.s1p,,,2.8571160335532,2.857116,2.857116,-2.9250509733370574e-06,-3.687185144001361e-09,39.91488482015516,30.067670959118832,-9.847213861036323,350.1527861389637,110.15278613896368
260605_iris2dsweep_solver_export_no_norm,sim,f_2pi3,sim,S11,offset_nan,06_3-7_TDS-Half-Plunger-Iris2DsweepSolverNonNorm-260604_87.s1p,06_3-7_TDS-Half-Plunger-Iris2DsweepSolverNonNorm-260604_88.s1p,,,2.8571160335532,2.857116,2.857116,-3.687185144001361e-09,1.1903368948078176e-09,30.067670959118832,20.939573504517064,-9.128097454601772,350.87190254539826,110.87190254539826
260605_iris2dsweep_solver_export_no_norm,sim,f_2pi3,sim,S11,offset_nan,06_3-7_TDS-Half-Plunger-Iris2DsweepSolverNonNorm-260604_88.s1p,06_3-7_TDS-Half-Plunger-Iris2DsweepSolverNonNorm-260604_89.s1p,,,2.8571160335532,2.857116,2.857116,1.1903368948078176e-09,-1.8628376550591378e-09,20.939573504517064,12.537751114961704,-8.401822389555349,351.5981776104446,111.59817761044462
260605_iris2dsweep_solver_export_no_norm,sim,f_2pi3,sim,S11,offset_nan,06_3-7_TDS-Half-Plunger-Iris2DsweepSolverNonNorm-260604_89.s1p,06_3-7_TDS-Half-Plunger-Iris2DsweepSolverNonNorm-260604_9.s1p,,,2.8571160335532,2.857116,2.857116,-1.8628376550591378e-09,-5.360353608195482e-07,12.537751114961704,141.87763649413208,129.33988537917037,129.33988537917037,-110.66011462082963
260605_iris2dsweep_solver_export_no_norm,sim,f_2pi3,sim,S11,offset_nan,06_3-7_TDS-Half-Plunger-Iris2DsweepSolverNonNorm-260604_9.s1p,06_3-7_TDS-Half-Plunger-Iris2DsweepSolverNonNorm-260604_90.s1p,,,2.8571160335532,2.857116,2.857116,-5.360353608195482e-07,-1.2948497414834746e-09,141.87763649413208,4.843949994088041,-137.03368650004404,222.96631349995596,-17.03368650004404
260605_iris2dsweep_solver_export_no_norm,sim,f_2pi3,sim,S11,offset_nan,06_3-7_TDS-Half-Plunger-Iris2DsweepSolverNonNorm-260604_90.s1p,06_3-7_TDS-Half-Plunger-Iris2DsweepSolverNonNorm-260604_91.s1p,,,2.8571160335532,2.857116,2.857116,-1.2948497414834746e-09,-3.9959897992700953e-10,4.843949994088041,-2.141756250055151,-6.985706244143188,353.0142937558568,113.01429375585678
260605_iris2dsweep_solver_export_no_norm,sim,f_2pi3,sim,S11,offset_nan,06_3-7_TDS-Half-Plunger-Iris2DsweepSolverNonNorm-260604_91.s1p,06_3-7_TDS-Half-Plunger-Iris2DsweepSolverNonNorm-260604_92.s1p,,,2.8571160335532,2.857116,2.857116,-3.9959897992700953e-10,1.8823498566136533e-09,-2.141756250055151,32.77655925525485,34.918315505310005,34.918315505310005,-205.08168449469
260605_iris2dsweep_solver_export_no_norm,sim,f_2pi3,sim,S11,offset_nan,06_3-7_TDS-Half-Plunger-Iris2DsweepSolverNonNorm-260604_92.s1p,06_3-7_TDS-Half-Plunger-Iris2DsweepSolverNonNorm-260604_93.s1p,,,2.8571160335532,2.857116,2.857116,1.8823498566136533e-09,-4.584764756729632e-09,32.77655925525485,22.143687129772044,-10.632872125482805,349.3671278745172,109.36712787451722
260605_iris2dsweep_solver_export_no_norm,sim,f_2pi3,sim,S11,offset_nan,06_3-7_TDS-Half-Plunger-Iris2DsweepSolverNonNorm-260604_93.s1p,06_3-7_TDS-Half-Plunger-Iris2DsweepSolverNonNorm-260604_94.s1p,,,2.8571160335532,2.857116,2.857116,-4.584764756729632e-09,-2.305513143014111e-09,22.143687129772044,12.481213489088264,-9.662473640683771,350.33752635931626,110.33752635931626
260605_iris2dsweep_solver_export_no_norm,sim,f_2pi3,sim,S11,offset_nan,06_3-7_TDS-Half-Plunger-Iris2DsweepSolverNonNorm-260604_94.s1p,06_3-7_TDS-Half-Plunger-Iris2DsweepSolverNonNorm-260604_95.s1p,,,2.8571160335532,2.857116,2.857116,-2.305513143014111e-09,-3.015931499713799e-06,12.481213489088264,3.7351601256196605,-8.746053363468604,351.2539466365314,111.2539466365314
260605_iris2dsweep_solver_export_no_norm,sim,f_2pi3,sim,S11,offset_nan,06_3-7_TDS-Half-Plunger-Iris2DsweepSolverNonNorm-260604_95.s1p,06_3-7_TDS-Half-Plunger-Iris2DsweepSolverNonNorm-260604_96.s1p,,,2.8571160335532,2.857116,2.857116,-3.015931499713799e-06,2.582245231073622e-09,3.7351601256196605,-4.107061378138076,-7.842221503757742,352.15777849624226,112.15777849624226
260605_iris2dsweep_solver_export_no_norm,sim,f_2pi3,sim,S11,offset_nan,06_3-7_TDS-Half-Plunger-Iris2DsweepSolverNonNorm-260604_96.s1p,06_3-7_TDS-Half-Plunger-Iris2DsweepSolverNonNorm-260604_97.s1p,,,2.8571160335532,2.857116,2.857116,2.582245231073622e-09,-3.6197333306699865e-09,-4.107061378138076,-11.103240938269192,-6.996179560131111,353.0038204398689,113.00382043986889
260605_iris2dsweep_solver_export_no_norm,sim,f_2pi3,sim,S11,offset_nan,06_3-7_TDS-Half-Plunger-Iris2DsweepSolverNonNorm-260604_97.s1p,06_3-7_TDS-Half-Plunger-Iris2DsweepSolverNonNorm-260604_98.s1p,,,2.8571160335532,2.857116,2.857116,-3.6197333306699865e-09,3.5580983391622224e-09,-11.103240938269192,-17.399483425117097,-6.296242486847916,353.7037575131521,113.70375751315208
260605_iris2dsweep_solver_export_no_norm,sim,f_2pi3,sim,S11,offset_nan,06_3-7_TDS-Half-Plunger-Iris2DsweepSolverNonNorm-260604_98.s1p,06_3-7_TDS-Half-Plunger-Iris2DsweepSolverNonNorm-260604_99.s1p,,,2.8571160335532,2.857116,2.857116,3.5580983391622224e-09,4.697933405229931e-10,-17.399483425117097,-23.037865797554264,-5.638382372437178,354.36161762756285,114.36161762756285
260605_iris2dsweep_solver_export_no_norm,sim,f_mean,sim,S11,offset_nan,06_3-7_TDS-Half-Plunger-Iris2DsweepSolverNonNorm-260604_1.s1p,06_3-7_TDS-Half-Plunger-Iris2DsweepSolverNonNorm-260604_10.s1p,,,2.8672804543714,2.86728,2.86728,-3.523772140106342e-09,-3.657200876453853e-05,177.38289591933793,121.87674161527967,-55.506154304058256,304.49384569594173,64.49384569594173
260605_iris2dsweep_solver_export_no_norm,sim,f_mean,sim,S11,offset_nan,06_3-7_TDS-Half-Plunger-Iris2DsweepSolverNonNorm-260604_10.s1p,06_3-7_TDS-Half-Plunger-Iris2DsweepSolverNonNorm-260604_100.s1p,,,2.8672804543714,2.86728,2.86728,-3.657200876453853e-05,-8.39267542619556e-06,121.87674161527967,-70.65483180336655,167.4684265813538,167.4684265813538,-72.53157341864619
260605_iris2dsweep_solver_export_no_norm,sim,f_mean,sim,S11,offset_nan,06_3-7_TDS-Half-Plunger-Iris2DsweepSolverNonNorm-260604_100.s1p,06_3-7_TDS-Half-Plunger-Iris2DsweepSolverNonNorm-260604_101.s1p,,,2.8672804543714,2.86728,2.86728,-8.39267542619556e-06,-2.096790724111188e-05,-70.65483180336655,-70.84812048999746,-0.1932886866309218,359.8067113133691,119.80671131336908
260605_iris2dsweep_solver_export_no_norm,sim,f_mean,sim,S11,offset_nan,06_3-7_TDS-Half-Plunger-Iris2DsweepSolverNonNorm-260604_101.s1p,06_3-7_TDS-Half-Plunger-Iris2DsweepSolverNonNorm-260604_102.s1p,,,2.8672804543714,2.86728,2.86728,-2.096790724111188e-05,-1.6983909965146802e-05,-70.84812048999746,-73.2545186315118,-2.4063981415143303,357.59360185848567,117.59360185848567
260605_iris2dsweep_solver_export_no_norm,sim,f_mean,sim,S11,offset_nan,06_3-7_TDS-Half-Plunger-Iris2DsweepSolverNonNorm-260604_102.s1p,06_3-7_TDS-Half-Plunger-Iris2DsweepSolverNonNorm-260604_103.s1p,,,2.8672804543714,2.86728,2.86728,-1.6983909965146802e-05,-1.0053823663714682e-05,-73.2545186315118,-75.40157701992126,-2.147058388409448,357.85294161159055,117.85294161159055
260605_iris2dsweep_solver_export_no_norm,sim,f_mean,sim,S11,offset_nan,06_3-7_TDS-Half-Plunger-Iris2DsweepSolverNonNorm-260604_103.s1p,06_3-7_TDS-Half-Plunger-Iris2DsweepSolverNonNorm-260604_104.s1p,,,2.8672804543714,2.86728,2.86728,-1.0053823663714682e-05,-3.0906669075359506e-06,-75.40157701992126,-77.3693765163955,-1.9677994964742425,358.03220050352576,118.03220050352576
260605_iris2dsweep_solver_export_no_norm,sim,f_mean,sim,S11,offset_nan,06_3-7_TDS-Half-Plunger-Iris2DsweepSolverNonNorm-260604_104.s1p,06_3-7_TDS-Half-Plunger-Iris2DsweepSolverNonNorm-260604_105.s1p,,,2.8672804543714,2.86728,2.86728,-3.0906669075359506e-06,-6.339808015304249e-07,-77.3693765163955,-79.14495638714473,-1.775579870749226,358.2244201292508,118.2244201292508
260605_iris2dsweep_solver_export_no_norm,sim,f_mean,sim,S11,offset_nan,06_3-7_TDS-Half-Plunger-Iris2DsweepSolverNonNorm-260604_105.s1p,06_3-7_TDS-Half-Plunger-Iris2DsweepSolverNonNorm-260604_106.s1p,,,2.8672804543714,2.86728,2.86728,-6.339808015304249e-07,-1.351143202939787e-06,-79.14495638714473,-80.77222617551264,-1.6272697883679257,358.3727302116321,118.37273021163207
260605_iris2dsweep_solver_export_no_norm,sim,f_mean,sim,S11,offset_nan,06_3-7_TDS-Half-Plunger-Iris2DsweepSolverNonNorm-260604_106.s1p,06_3-7_TDS-Half-Plunger-Iris2DsweepSolverNonNorm-260604_107.s1p,,,2.8672804543714,2.86728,2.86728,-1.351143202939787e-06,-2.780174709908796e-05,-80.77222617551264,-82.25131987105732,-1.479093695544691,358.5209063044553,118.52090630445531
260605_iris2dsweep_solver_export_no_norm,sim,f_mean,sim,S11,offset_nan,06_3-7_TDS-Half-Plunger-Iris2DsweepSolverNonNorm-260604_107.s1p,06_3-7_TDS-Half-Plunger-Iris2DsweepSolverNonNorm-260604_108.s1p,,,2.8672804543714,2.86728,2.86728,-2.780174709908796e-05,1.452396741113673e-09,-82.25131987105732,-83.6260836063808,-1.3747637353234836,358.6252362646765,118.62523626467652
260605_iris2dsweep_solver_export_no_norm,sim,f_mean,sim,S11,offset_nan,06_3-7_TDS-Half-Plunger-Iris2DsweepSolverNonNorm-260604_108.s1p,06_3-7_TDS-Half-Plunger-Iris2DsweepSolverNonNorm-260604_109.s1p,,,2.8672804543714,2.86728,2.86728,1.452396741113673e-09,-3.814156658332479e-05,-83.6260836063808,-84.89703172169044,-1.2709481153096363,358.72905188469036,118.72905188469036
260605_iris2dsweep_solver_export_no_norm,sim,f_mean,sim,S11,offset_nan,06_3-7_TDS-Half-Plunger-Iris2DsweepSolverNonNorm-260604_109.s1p,06_3-7_TDS-Half-Plunger-Iris2DsweepSolverNonNorm-260604_11.s1p,,,2.8672804543714,2.86728,2.86728,-3.814156658332479e-05,-2.6361197118283692e-05,-84.89703172169044,116.68471962880152,-158.41824864950803,201.58175135049197,-38.41824864950803
260605_iris2dsweep_solver_export_no_norm,sim,f_mean,sim,S11,offset_nan,06_3-7_TDS-Half-Plunger-Iris2DsweepSolverNonNorm-260604_11.s1p,06_3-7_TDS-Half-Plunger-Iris2DsweepSolverNonNorm-260604_110.s1p,,,2.8672804543714,2.86728,2.86728,-2.6361197118283692e-05,-3.1850173041155396e-06,116.68471962880152,-88.55538655462415,154.75989381657433,154.75989381657433,-85.24010618342567
260605_iris2dsweep_solver_export_no_norm,sim,f_mean,sim,S11,offset_nan,06_3-7_TDS-Half-Plunger-Iris2DsweepSolverNonNorm-260604_110.s1p,06_3-7_TDS-Half-Plunger-Iris2DsweepSolverNonNorm-260604_111.s1p,,,2.8672804543714,2.86728,2.86728,-3.1850173041155396e-06,-3.239523913090069e-06,-88.55538655462415,-89.70044582522125,-1.1450592705971019,358.85494072940287,118.85494072940287
260605_iris2dsweep_solver_export_no_norm,sim,f_mean,sim,S11,offset_nan,06_3-7_TDS-Half-Plunger-Iris2DsweepSolverNonNorm-260604_111.s1p,06_3-7_TDS-Half-Plunger-Iris2DsweepSolverNonNorm-260604_112.s1p,,,2.8672804543714,2.86728,2.86728,-3.239523913090069e-06,2.93886124271142e-09,-89.70044582522125,-90.76631973800833,-1.065873912787083,358.9341260872129,118.93412608721292
260605_iris2dsweep_solver_export_no_norm,sim,f_mean,sim,S11,offset_nan,06_3-7_TDS-Half-Plunger-Iris2DsweepSolverNonNorm-260604_112.s1p,06_3-7_TDS-Half-Plunger-Iris2DsweepSolverNonNorm-260604_113.s1p,,,2.8672804543714,2.86728,2.86728,2.93886124271142e-09,-4.9032554783390215e-05,-90.76631973800833,-91.74560683333569,-0.9792870953273507,359.0207129046727,119.02071290467268
260605_iris2dsweep_solver_export_no_norm,sim,f_mean,sim,S11,offset_nan,06_3-7_TDS-Half-Plunger-Iris2DsweepSolverNonNorm-260604_113.s1p,06_3-7_TDS-Half-Plunger-Iris2DsweepSolverNonNorm-260604_114.s1p,,,2.8672804543714,2.86728,2.86728,-4.9032554783390215e-05,-4.605116200345992e-05,-91.74560683333569,-92.66462313758828,-0.9190163042525796,359.0809836957474,119.08098369574742
260605_iris2dsweep_solver_export_no_norm,sim,f_mean,sim,S11,offset_nan,06_3-7_TDS-Half-Plunger-Iris2DsweepSolverNonNorm-260604_114.s1p,06_3-7_TDS-Half-Plunger-Iris2DsweepSolverNonNorm-260604_115.s1p,,,2.8672804543714,2.86728,2.86728,-4.605116200345992e-05,-2.5415310009981132e-05,-92.66462313758828,-93.51525905115534,-0.8506359135670607,359.1493640864329,119.14936408643291
260605_iris2dsweep_solver_export_no_norm,sim,f_mean,sim,S11,offset_nan,06_3-7_TDS-Half-Plunger-Iris2DsweepSolverNonNorm-260604_115.s1p,06_3-7_TDS-Half-Plunger-Iris2DsweepSolverNonNorm-260604_116.s1p,,,2.8672804543714,2.86728,2.86728,-2.5415310009981132e-05,1.0900468382994407e-09,-93.51525905115534,-94.31369236177137,-0.7984333106160193,359.201566689384,119.20156668938398
260605_iris2dsweep_solver_export_no_norm,sim,f_mean,sim,S11,offset_nan,06_3-7_TDS-Half-Plunger-Iris2DsweepSolverNonNorm-260604_116.s1p,06_3-7_TDS-Half-Plunger-Iris2DsweepSolverNonNorm-260604_117.s1p,,,2.8672804543714,2.86728,2.86728,1.0900468382994407e-09,2.908797370062629e-10,-94.31369236177137,-95.07329500723108,-0.7596026454597222,359.2403973545403,119.24039735454028
260605_iris2dsweep_solver_export_no_norm,sim,f_mean,sim,S11,offset_nan,06_3-7_TDS-Half-Plunger-Iris2DsweepSolverNonNorm-260604_117.s1p,06_3-7_TDS-Half-Plunger-Iris2DsweepSolverNonNorm-260604_118.s1p,,,2.8672804543714,2.86728,2.86728,2.908797370062629e-10,-2.1067671807619318e-09,-95.07329500723108,-95.77736088763756,-0.7040658804064606,359.29593411959354,119.29593411959354
260605_iris2dsweep_solver_export_no_norm,sim,f_mean,sim,S11,offset_nan,06_3-7_TDS-Half-Plunger-Iris2DsweepSolverNonNorm-260604_118.s1p,06_3-7_TDS-Half-Plunger-Iris2DsweepSolverNonNorm-260604_119.s1p,,,2.8672804543714,2.86728,2.86728,-2.1067671807619318e-09,-2.1024851329358972e-05,-95.77736088763756,-100.46943554237295,-4.692074654735393,355.3079253452646,115.30792534526461
260605_iris2dsweep_solver_export_no_norm,sim,f_mean,sim,S11,offset_nan,06_3-7_TDS-Half-Plunger-Iris2DsweepSolverNonNorm-260604_119.s1p,06_3-7_TDS-Half-Plunger-Iris2DsweepSolverNonNorm-260604_12.s1p,,,2.8672804543714,2.86728,2.86728,-2.1024851329358972e-05,-1.5934372056544892e-05,-100.46943554237295,149.52913228821336,-110.0014321694137,249.9985678305863,9.998567830586296
260605_iris2dsweep_solver_export_no_norm,sim,f_mean,sim,S11,offset_nan,06_3-7_TDS-Half-Plunger-Iris2DsweepSolverNonNorm-260604_12.s1p,06_3-7_TDS-Half-Plunger-Iris2DsweepSolverNonNorm-260604_120.s1p,,,2.8672804543714,2.86728,2.86728,-1.5934372056544892e-05,-1.245793539851526e-05,149.52913228821336,-101.0054776950184,109.46539001676825,109.46539001676825,-130.53460998323175
260605_iris2dsweep_solver_export_no_norm,sim,f_mean,sim,S11,offset_nan,06_3-7_TDS-Half-Plunger-Iris2DsweepSolverNonNorm-260604_120.s1p,06_3-7_TDS-Half-Plunger-Iris2DsweepSolverNonNorm-260604_121.s1p,,,2.8672804543714,2.86728,2.86728,-1.245793539851526e-05,8.978795180965584e-10,-101.0054776950184,-101.51114607442668,-0.5056683794082915,359.4943316205917,119.49433162059171
260605_iris2dsweep_solver_export_no_norm,sim,f_mean,sim,S11,offset_nan,06_3-7_TDS-Half-Plunger-Iris2DsweepSolverNonNorm-260604_121.s1p,06_3-7_TDS-Half-Plunger-Iris2DsweepSolverNonNorm-260604_122.s1p,,,2.8672804543714,2.86728,2.86728,8.978795180965584e-10,-3.417655616989483e-09,-101.51114607442668,-101.99416417154221,-0.4830180971155187,359.5169819028845,119.51698190288448
260605_iris2dsweep_solver_export_no_norm,sim,f_mean,sim,S11,offset_nan,06_3-7_TDS-Half-Plunger-Iris2DsweepSolverNonNorm-260604_122.s1p,06_3-7_TDS-Half-Plunger-Iris2DsweepSolverNonNorm-260604_123.s1p,,,2.8672804543714,2.86728,2.86728,-3.417655616989483e-09,-1.4335557113118848e-09,-101.99416417154221,-102.46444100937825,-0.4702768378360247,359.529723162164,119.52972316216398
260605_iris2dsweep_solver_export_no_norm,sim,f_mean,sim,S11,offset_nan,06_3-7_TDS-Half-Plunger-Iris2DsweepSolverNonNorm-260604_123.s1p,06_3-7_TDS-Half-Plunger-Iris2DsweepSolverNonNorm-260604_124.s1p,,,2.8672804543714,2.86728,2.86728,-1.4335557113118848e-09,-4.0843800548584814e-10,-102.46444100937825,-102.90141252929136,-0.4369715199131292,359.56302848008687,119.56302848008687
260605_iris2dsweep_solver_export_no_norm,sim,f_mean,sim,S11,offset_nan,06_3-7_TDS-Half-Plunger-Iris2DsweepSolverNonNorm-260604_124.s1p,06_3-7_TDS-Half-Plunger-Iris2DsweepSolverNonNorm-260604_125.s1p,,,2.8672804543714,2.86728,2.86728,-4.0843800548584814e-10,4.480265409605416e-12,-102.90141252929136,-103.32972679300161,-0.4283142637102628,359.57168573628974,119.57168573628974
260605_iris2dsweep_solver_export_no_norm,sim,f_mean,sim,S11,offset_nan,06_3-7_TDS-Half-Plunger-Iris2DsweepSolverNonNorm-260604_125.s1p,06_3-7_TDS-Half-Plunger-Iris2DsweepSolverNonNorm-260604_126.s1p,,,2.8672804543714,2.86728,2.86728,4.480265409605416e-12,-1.9080848641271064e-09,-103.32972679300161,-103.73412456251465,-0.4043977695130252,359.595602230487,119.59560223048697
260605_iris2dsweep_solver_export_no_norm,sim,f_mean,sim,S11,offset_nan,06_3-7_TDS-Half-Plunger-Iris2DsweepSolverNonNorm-260604_126.s1p,06_3-7_TDS-Half-Plunger-Iris2DsweepSolverNonNorm-260604_127.s1p,,,2.8672804543714,2.86728,2.86728,-1.9080848641271064e-09,-3.4922800980183924e-09,-103.73412456251465,-104.12641389883281,-0.3922893363181572,359.6077106636818,119.60771066368181
260605_iris2dsweep_solver_export_no_norm,sim,f_mean,sim,S11,offset_nan,06_3-7_TDS-Half-Plunger-Iris2DsweepSolverNonNorm-260604_127.s1p,06_3-7_TDS-Half-Plunger-Iris2DsweepSolverNonNorm-260604_128.s1p,,,2.8672804543714,2.86728,2.86728,-3.4922800980183924e-09,1.522555421603276e-09,-104.12641389883281,-108.70022854916712,-4.573814650334327,355.4261853496657,115.42618534966567
260605_iris2dsweep_solver_export_no_norm,sim,f_mean,sim,S11,offset_nan,06_3-7_TDS-Half-Plunger-Iris2DsweepSolverNonNorm-260604_128.s1p,06_3-7_TDS-Half-Plunger-Iris2DsweepSolverNonNorm-260604_129.s1p,,,2.8672804543714,2.86728,2.86728,1.522555421603276e-09,1.07127523983785e-09,-108.70022854916712,-108.9508788815083,-0.2506503323411948,359.7493496676588,119.7493496676588
260605_iris2dsweep_solver_export_no_norm,sim,f_mean,sim,S11,offset_nan,06_3-7_TDS-Half-Plunger-Iris2DsweepSolverNonNorm-260604_129.s1p,06_3-7_TDS-Half-Plunger-Iris2DsweepSolverNonNorm-260604_13.s1p,,,2.8672804543714,2.86728,2.86728,1.07127523983785e-09,-2.080022149698588e-05,-108.9508788815083,145.2895818284116,-105.75953929008011,254.2404607099199,14.240460709919887
260605_iris2dsweep_solver_export_no_norm,sim,f_mean,sim,S11,offset_nan,06_3-7_TDS-Half-Plunger-Iris2DsweepSolverNonNorm-260604_13.s1p,06_3-7_TDS-Half-Plunger-Iris2DsweepSolverNonNorm-260604_130.s1p,,,2.8672804543714,2.86728,2.86728,-2.080022149698588e-05,3.6138326093961263e-09,145.2895818284116,-109.1915013224217,105.51891684916671,105.51891684916671,-134.48108315083329
260605_iris2dsweep_solver_export_no_norm,sim,f_mean,sim,S11,offset_nan,06_3-7_TDS-Half-Plunger-Iris2DsweepSolverNonNorm-260604_130.s1p,06_3-7_TDS-Half-Plunger-Iris2DsweepSolverNonNorm-260604_131.s1p,,,2.8672804543714,2.86728,2.86728,3.6138326093961263e-09,4.402758552693969e-09,-109.1915013224217,-109.4312591877904,-0.23975786536868782,359.7602421346313,119.76024213463131
260605_iris2dsweep_solver_export_no_norm,sim,f_mean,sim,S11,offset_nan,06_3-7_TDS-Half-Plunger-Iris2DsweepSolverNonNorm-260604_131.s1p,06_3-7_TDS-Half-Plunger-Iris2DsweepSolverNonNorm-260604_132.s1p,,,2.8672804543714,2.86728,2.86728,4.402758552693969e-09,-8.895351926204301e-10,-109.4312591877904,-109.66413656469403,-0.2328773769036161,359.7671226230964,119.76712262309638
260605_iris2dsweep_solver_export_no_norm,sim,f_mean,sim,S11,offset_nan,06_3-7_TDS-Half-Plunger-Iris2DsweepSolverNonNorm-260604_132.s1p,06_3-7_TDS-Half-Plunger-Iris2DsweepSolverNonNorm-260604_133.s1p,,,2.8672804543714,2.86728,2.86728,-8.895351926204301e-10,-2.2195240627991557e-09,-109.66413656469403,-109.89049964827518,-0.2263630835811341,359.77363691641887,119.77363691641887
260605_iris2dsweep_solver_export_no_norm,sim,f_mean,sim,S11,offset_nan,06_3-7_TDS-Half-Plunger-Iris2DsweepSolverNonNorm-260604_133.s1p,06_3-7_TDS-Half-Plunger-Iris2DsweepSolverNonNorm-260604_134.s1p,,,2.8672804543714,2.86728,2.86728,-2.2195240627991557e-09,-0.00012157631346617915,-109.89049964827518,-110.1250312359314,-0.23453158765622106,359.7654684123438,119.76546841234381
260605_iris2dsweep_solver_export_no_norm,sim,f_mean,sim,S11,offset_nan,06_3-7_TDS-Half-Plunger-Iris2DsweepSolverNonNorm-260604_134.s1p,06_3-7_TDS-Half-Plunger-Iris2DsweepSolverNonNorm-260604_135.s1p,,,2.8672804543714,2.86728,2.86728,-0.00012157631346617915,4.706033755948541e-10,-110.1250312359314,-110.34530121596521,-0.22026998003380527,359.7797300199662,119.77973001996622
260605_iris2dsweep_solver_export_no_norm,sim,f_mean,sim,S11,offset_nan,06_3-7_TDS-Half-Plunger-Iris2DsweepSolverNonNorm-260604_135.s1p,06_3-7_TDS-Half-Plunger-Iris2DsweepSolverNonNorm-260604_136.s1p,,,2.8672804543714,2.86728,2.86728,4.706033755948541e-10,-3.523200293918444e-09,-110.34530121596521,-110.56178363349534,-0.21648241753013053,359.78351758246987,119.78351758246987
260605_iris2dsweep_solver_export_no_norm,sim,f_mean,sim,S11,offset_nan,06_3-7_TDS-Half-Plunger-Iris2DsweepSolverNonNorm-260604_136.s1p,06_3-7_TDS-Half-Plunger-Iris2DsweepSolverNonNorm-260604_137.s1p,,,2.8672804543714,2.86728,2.86728,-3.523200293918444e-09,-7.077044984928236e-10,-110.56178363349534,-114.52462222059427,-3.962838587098929,356.03716141290107,116.03716141290107
260605_iris2dsweep_solver_export_no_norm,sim,f_mean,sim,S11,offset_nan,06_3-7_TDS-Half-Plunger-Iris2DsweepSolverNonNorm-260604_137.s1p,06_3-7_TDS-Half-Plunger-Iris2DsweepSolverNonNorm-260604_138.s1p,,,2.8672804543714,2.86728,2.86728,-7.077044984928236e-10,-1.238566768889884e-09,-114.52462222059427,-114.6566407509804,-0.13201853038611944,359.8679814696139,119.86798146961388
260605_iris2dsweep_solver_export_no_norm,sim,f_mean,sim,S11,offset_nan,06_3-7_TDS-Half-Plunger-Iris2DsweepSolverNonNorm-260604_138.s1p,06_3-7_TDS-Half-Plunger-Iris2DsweepSolverNonNorm-260604_139.s1p,,,2.8672804543714,2.86728,2.86728,-1.238566768889884e-09,4.9250132371669856e-11,-114.6566407509804,-114.78539604133634,-0.12875529035594013,359.8712447096441,119.87124470964409
260605_iris2dsweep_solver_export_no_norm,sim,f_mean,sim,S11,offset_nan,06_3-7_TDS-Half-Plunger-Iris2DsweepSolverNonNorm-260604_139.s1p,06_3-7_TDS-Half-Plunger-Iris2DsweepSolverNonNorm-260604_14.s1p,,,2.8672804543714,2.86728,2.86728,4.9250132371669856e-11,-3.011079889491654e-05,-114.78539604133634,140.81873076004504,-104.39587319861863,255.60412680138137,15.60412680138137
260605_iris2dsweep_solver_export_no_norm,sim,f_mean,sim,S11,offset_nan,06_3-7_TDS-Half-Plunger-Iris2DsweepSolverNonNorm-260604_14.s1p,06_3-7_TDS-Half-Plunger-Iris2DsweepSolverNonNorm-260604_140.s1p,,,2.8672804543714,2.86728,2.86728,-3.011079889491654e-05,-2.578447709932447e-10,140.81873076004504,-114.91720297327,104.26406626668495,104.26406626668495,-135.73593373331505
260605_iris2dsweep_solver_export_no_norm,sim,f_mean,sim,S11,offset_nan,06_3-7_TDS-Half-Plunger-Iris2DsweepSolverNonNorm-260604_140.s1p,06_3-7_TDS-Half-Plunger-Iris2DsweepSolverNonNorm-260604_141.s1p,,,2.8672804543714,2.86728,2.86728,-2.578447709932447e-10,-5.690441415329362e-09,-114.91720297327,-115.05218118929831,-0.1349782160283155,359.86502178397166,119.86502178397166
260605_iris2dsweep_solver_export_no_norm,sim,f_mean,sim,S11,offset_nan,06_3-7_TDS-Half-Plunger-Iris2DsweepSolverNonNorm-260604_141.s1p,06_3-7_TDS-Half-Plunger-Iris2DsweepSolverNonNorm-260604_142.s1p,,,2.8672804543714,2.86728,2.86728,-5.690441415329362e-09,2.2194922394256076e-09,-115.05218118929831,-115.18423865009439,-0.1320574607960907,359.8679425392039,119.86794253920391
260605_iris2dsweep_solver_export_no_norm,sim,f_mean,sim,S11,offset_nan,06_3-7_TDS-Half-Plunger-Iris2DsweepSolverNonNorm-260604_142.s1p,06_3-7_TDS-Half-Plunger-Iris2DsweepSolverNonNorm-260604_143.s1p,,,2.8672804543714,2.86728,2.86728,2.2194922394256076e-09,-5.575901491760277e-09,-115.18423865009439,-115.31268728123584,-0.12844863114145255,359.87155136885855,119.87155136885855
260605_iris2dsweep_solver_export_no_norm,sim,f_mean,sim,S11,offset_nan,06_3-7_TDS-Half-Plunger-Iris2DsweepSolverNonNorm-260604_143.s1p,06_3-7_TDS-Half-Plunger-Iris2DsweepSolverNonNorm-260604_144.s1p,,,2.8672804543714,2.86728,2.86728,-5.575901491760277e-09,1.915086845441048e-09,-115.31268728123584,-115.4523104925983,-0.13962321136244782,359.86037678863755,119.86037678863755
260605_iris2dsweep_solver_export_no_norm,sim,f_mean,sim,S11,offset_nan,06_3-7_TDS-Half-Plunger-Iris2DsweepSolverNonNorm-260604_144.s1p,06_3-7_TDS-Half-Plunger-Iris2DsweepSolverNonNorm-260604_145.s1p,,,2.8672804543714,2.86728,2.86728,1.915086845441048e-09,-2.0849386642237644e-09,-115.4523104925983,-115.58839177585187,-0.13608128325358848,359.8639187167464,119.86391871674641
260605_iris2dsweep_solver_export_no_norm,sim,f_mean,sim,S11,offset_nan,06_3-7_TDS-Half-Plunger-Iris2DsweepSolverNonNorm-260604_145.s1p,06_3-7_TDS-Half-Plunger-Iris2DsweepSolverNonNorm-260604_146.s1p,,,2.8672804543714,2.86728,2.86728,-2.0849386642237644e-09,1.3019751569397418e-09,-115.58839177585187,-118.74529078179516,-3.1568990059432736,356.8431009940567,116.84310099405673
260605_iris2dsweep_solver_export_no_norm,sim,f_mean,sim,S11,offset_nan,06_3-7_TDS-Half-Plunger-Iris2DsweepSolverNonNorm-260604_146.s1p,06_3-7_TDS-Half-Plunger-Iris2DsweepSolverNonNorm-260604_147.s1p,,,2.8672804543714,2.86728,2.86728,1.3019751569397418e-09,1.208786407895367e-09,-118.74529078179516,-118.83588208874943,-0.0905913069542521,359.90940869304575,119.90940869304575
260605_iris2dsweep_solver_export_no_norm,sim,f_mean,sim,S11,offset_nan,06_3-7_TDS-Half-Plunger-Iris2DsweepSolverNonNorm-260604_147.s1p,06_3-7_TDS-Half-Plunger-Iris2DsweepSolverNonNorm-260604_148.s1p,,,2.8672804543714,2.86728,2.86728,1.208786407895367e-09,9.637970863932109e-10,-118.83588208874943,-118.9316141067599,-0.09573201801046594,359.9042679819895,119.9042679819895
260605_iris2dsweep_solver_export_no_norm,sim,f_mean,sim,S11,offset_nan,06_3-7_TDS-Half-Plunger-Iris2DsweepSolverNonNorm-260604_148.s1p,06_3-7_TDS-Half-Plunger-Iris2DsweepSolverNonNorm-260604_149.s1p,,,2.8672804543714,2.86728,2.86728,9.637970863932109e-10,-9.760257231048826e-10,-118.9316141067599,-119.0276433951927,-0.09602928843281688,359.9039707115672,119.90397071156718
260605_iris2dsweep_solver_export_no_norm,sim,f_mean,sim,S11,offset_nan,06_3-7_TDS-Half-Plunger-Iris2DsweepSolverNonNorm-260604_149.s1p,06_3-7_TDS-Half-Plunger-Iris2DsweepSolverNonNorm-260604_15.s1p,,,2.8672804543714,2.86728,2.86728,-9.760257231048826e-10,-9.990702050068935e-07,-119.0276433951927,136.1240371977303,-104.84831940707699,255.15168059292301,15.151680592923015
260605_iris2dsweep_solver_export_no_norm,sim,f_mean,sim,S11,offset_nan,06_3-7_TDS-Half-Plunger-Iris2DsweepSolverNonNorm-260604_15.s1p,06_3-7_TDS-Half-Plunger-Iris2DsweepSolverNonNorm-260604_150.s1p,,,2.8672804543714,2.86728,2.86728,-9.990702050068935e-07,1.5280771606757904e-09,136.1240371977303,-119.12634987587718,104.7496129263925,104.7496129263925,-135.2503870736075
260605_iris2dsweep_solver_export_no_norm,sim,f_mean,sim,S11,offset_nan,06_3-7_TDS-Half-Plunger-Iris2DsweepSolverNonNorm-260604_150.s1p,06_3-7_TDS-Half-Plunger-Iris2DsweepSolverNonNorm-260604_151.s1p,,,2.8672804543714,2.86728,2.86728,1.5280771606757904e-09,-1.023969191765032e-09,-119.12634987587718,-119.22444892929853,-0.09809905342135039,359.9019009465786,119.90190094657862
260605_iris2dsweep_solver_export_no_norm,sim,f_mean,sim,S11,offset_nan,06_3-7_TDS-Half-Plunger-Iris2DsweepSolverNonNorm-260604_151.s1p,06_3-7_TDS-Half-Plunger-Iris2DsweepSolverNonNorm-260604_152.s1p,,,2.8672804543714,2.86728,2.86728,-1.023969191765032e-09,-2.7145143154672615e-10,-119.22444892929853,-119.32736445195874,-0.10291552266022563,359.8970844773398,119.89708447733977
260605_iris2dsweep_solver_export_no_norm,sim,f_mean,sim,S11,offset_nan,06_3-7_TDS-Half-Plunger-Iris2DsweepSolverNonNorm-260604_152.s1p,06_3-7_TDS-Half-Plunger-Iris2DsweepSolverNonNorm-260604_153.s1p,,,2.8672804543714,2.86728,2.86728,-2.7145143154672615e-10,-4.1638763191207525e-09,-119.32736445195874,-119.42749609046032,-0.1001316385015798,359.8998683614984,119.89986836149842
260605_iris2dsweep_solver_export_no_norm,sim,f_mean,sim,S11,offset_nan,06_3-7_TDS-Half-Plunger-Iris2DsweepSolverNonNorm-260604_153.s1p,06_3-7_TDS-Half-Plunger-Iris2DsweepSolverNonNorm-260604_154.s1p,,,2.8672804543714,2.86728,2.86728,-4.1638763191207525e-09,-2.4957633802880576e-09,-119.42749609046032,-119.53217572663654,-0.104679636176229,359.89532036382377,119.89532036382377
260605_iris2dsweep_solver_export_no_norm,sim,f_mean,sim,S11,offset_nan,06_3-7_TDS-Half-Plunger-Iris2DsweepSolverNonNorm-260604_154.s1p,06_3-7_TDS-Half-Plunger-Iris2DsweepSolverNonNorm-260604_16.s1p,,,2.8672804543714,2.86728,2.86728,-2.4957633802880576e-09,-2.4359203231339528e-05,-119.53217572663654,131.19015669043898,-109.2776675829245,250.7223324170755,10.722332417075506
260605_iris2dsweep_solver_export_no_norm,sim,f_mean,sim,S11,offset_nan,06_3-7_TDS-Half-Plunger-Iris2DsweepSolverNonNorm-260604_16.s1p,06_3-7_TDS-Half-Plunger-Iris2DsweepSolverNonNorm-260604_17.s1p,,,2.8672804543714,2.86728,2.86728,-2.4359203231339528e-05,-2.834262114035554e-05,131.19015669043898,126.02843336383484,-5.161723326604147,354.83827667339585,114.83827667339585
260605_iris2dsweep_solver_export_no_norm,sim,f_mean,sim,S11,offset_nan,06_3-7_TDS-Half-Plunger-Iris2DsweepSolverNonNorm-260604_17.s1p,06_3-7_TDS-Half-Plunger-Iris2DsweepSolverNonNorm-260604_18.s1p,,,2.8672804543714,2.86728,2.86728,-2.834262114035554e-05,-3.1310988660571356e-05,126.02843336383484,120.6485122132867,-5.379921150548142,354.62007884945183,114.62007884945183
260605_iris2dsweep_solver_export_no_norm,sim,f_mean,sim,S11,offset_nan,06_3-7_TDS-Half-Plunger-Iris2DsweepSolverNonNorm-260604_18.s1p,06_3-7_TDS-Half-Plunger-Iris2DsweepSolverNonNorm-260604_19.s1p,,,2.8672804543714,2.86728,2.86728,-3.1310988660571356e-05,-3.2837167802295494e-05,120.6485122132867,115.04626963474378,-5.602242578542928,354.3977574214571,114.39775742145707
260605_iris2dsweep_solver_export_no_norm,sim,f_mean,sim,S11,offset_nan,06_3-7_TDS-Half-Plunger-Iris2DsweepSolverNonNorm-260604_19.s1p,06_3-7_TDS-Half-Plunger-Iris2DsweepSolverNonNorm-260604_2.s1p,,,2.8672804543714,2.86728,2.86728,-3.2837167802295494e-05,-1.9542717039394887e-05,115.04626963474378,-3.2843193990603954,-118.33058903380417,241.6694109661958,1.6694109661958123
260605_iris2dsweep_solver_export_no_norm,sim,f_mean,sim,S11,offset_nan,06_3-7_TDS-Half-Plunger-Iris2DsweepSolverNonNorm-260604_2.s1p,06_3-7_TDS-Half-Plunger-Iris2DsweepSolverNonNorm-260604_20.s1p,,,2.8672804543714,2.86728,2.86728,-1.9542717039394887e-05,-4.143479673212934e-05,-3.2843193990603954,109.2458303663613,112.5301497654217,112.5301497654217,-127.4698502345783
260605_iris2dsweep_solver_export_no_norm,sim,f_mean,sim,S11,offset_nan,06_3-7_TDS-Half-Plunger-Iris2DsweepSolverNonNorm-260604_20.s1p,06_3-7_TDS-Half-Plunger-Iris2DsweepSolverNonNorm-260604_21.s1p,,,2.8672804543714,2.86728,2.86728,-4.143479673212934e-05,-2.3932366667403868e-05,109.2458303663613,145.1898247501575,35.943994383796195,35.943994383796195,-204.0560056162038
260605_iris2dsweep_solver_export_no_norm,sim,f_mean,sim,S11,offset_nan,06_3-7_TDS-Half-Plunger-Iris2DsweepSolverNonNorm-260604_21.s1p,06_3-7_TDS-Half-Plunger-Iris2DsweepSolverNonNorm-260604_22.s1p,,,2.8672804543714,2.86728,2.86728,-2.3932366667403868e-05,-1.5452817272784405e-09,145.1898247501575,140.3889523875643,-4.800872362593196,355.19912763740683,115.19912763740683
260605_iris2dsweep_solver_export_no_norm,sim,f_mean,sim,S11,offset_nan,06_3-7_TDS-Half-Plunger-Iris2DsweepSolverNonNorm-260604_22.s1p,06_3-7_TDS-Half-Plunger-Iris2DsweepSolverNonNorm-260604_23.s1p,,,2.8672804543714,2.86728,2.86728,-1.5452817272784405e-09,-1.3039264132337865e-05,140.3889523875643,135.3318568770641,-5.057095510500204,354.9429044894998,114.94290448949982
260605_iris2dsweep_solver_export_no_norm,sim,f_mean,sim,S11,offset_nan,06_3-7_TDS-Half-Plunger-Iris2DsweepSolverNonNorm-260604_23.s1p,06_3-7_TDS-Half-Plunger-Iris2DsweepSolverNonNorm-260604_24.s1p,,,2.8672804543714,2.86728,2.86728,-1.3039264132337865e-05,-2.5472195755508035e-05,135.3318568770641,130.001282091283,-5.330574785781096,354.6694252142189,114.6694252142189
260605_iris2dsweep_solver_export_no_norm,sim,f_mean,sim,S11,offset_nan,06_3-7_TDS-Half-Plunger-Iris2DsweepSolverNonNorm-260604_24.s1p,06_3-7_TDS-Half-Plunger-Iris2DsweepSolverNonNorm-260604_25.s1p,,,2.8672804543714,2.86728,2.86728,-2.5472195755508035e-05,-3.371601350735158e-05,130.001282091283,124.40490557647216,-5.596376514810856,354.40362348518914,114.40362348518914
260605_iris2dsweep_solver_export_no_norm,sim,f_mean,sim,S11,offset_nan,06_3-7_TDS-Half-Plunger-Iris2DsweepSolverNonNorm-260604_25.s1p,06_3-7_TDS-Half-Plunger-Iris2DsweepSolverNonNorm-260604_26.s1p,,,2.8672804543714,2.86728,2.86728,-3.371601350735158e-05,3.835612498131011e-10,124.40490557647216,118.54902119543455,-5.855884381037612,354.14411561896236,114.14411561896236
260605_iris2dsweep_solver_export_no_norm,sim,f_mean,sim,S11,offset_nan,06_3-7_TDS-Half-Plunger-Iris2DsweepSolverNonNorm-260604_26.s1p,06_3-7_TDS-Half-Plunger-Iris2DsweepSolverNonNorm-260604_27.s1p,,,2.8672804543714,2.86728,2.86728,3.835612498131011e-10,-7.782048062022519e-05,118.54902119543455,112.45331301104893,-6.0957081843856145,353.9042918156144,113.90429181561439
260605_iris2dsweep_solver_export_no_norm,sim,f_mean,sim,S11,offset_nan,06_3-7_TDS-Half-Plunger-Iris2DsweepSolverNonNorm-260604_27.s1p,06_3-7_TDS-Half-Plunger-Iris2DsweepSolverNonNorm-260604_28.s1p,,,2.8672804543714,2.86728,2.86728,-7.782048062022519e-05,-3.458840247737864e-05,112.45331301104893,106.13646701720272,-6.316845993846215,353.6831540061538,113.68315400615381
260605_iris2dsweep_solver_export_no_norm,sim,f_mean,sim,S11,offset_nan,06_3-7_TDS-Half-Plunger-Iris2DsweepSolverNonNorm-260604_28.s1p,06_3-7_TDS-Half-Plunger-Iris2DsweepSolverNonNorm-260604_29.s1p,,,2.8672804543714,2.86728,2.86728,-3.458840247737864e-05,9.456773733449984e-11,106.13646701720272,99.61029392980834,-6.5261730873943975,353.4738269126056,113.4738269126056
260605_iris2dsweep_solver_export_no_norm,sim,f_mean,sim,S11,offset_nan,06_3-7_TDS-Half-Plunger-Iris2DsweepSolverNonNorm-260604_29.s1p,06_3-7_TDS-Half-Plunger-Iris2DsweepSolverNonNorm-260604_3.s1p,,,2.8672804543714,2.86728,2.86728,9.456773733449984e-11,-3.797293898434228e-05,99.61029392980834,152.72775177226544,53.1174578424571,53.1174578424571,-186.8825421575429
260605_iris2dsweep_solver_export_no_norm,sim,f_mean,sim,S11,offset_nan,06_3-7_TDS-Half-Plunger-Iris2DsweepSolverNonNorm-260604_3.s1p,06_3-7_TDS-Half-Plunger-Iris2DsweepSolverNonNorm-260604_30.s1p,,,2.8672804543714,2.86728,2.86728,-3.797293898434228e-05,-2.4175645332414217e-05,152.72775177226544,139.2069141250408,-13.520837647224624,346.47916235277535,106.47916235277535
260605_iris2dsweep_solver_export_no_norm,sim,f_mean,sim,S11,offset_nan,06_3-7_TDS-Half-Plunger-Iris2DsweepSolverNonNorm-260604_30.s1p,06_3-7_TDS-Half-Plunger-Iris2DsweepSolverNonNorm-260604_31.s1p,,,2.8672804543714,2.86728,2.86728,-2.4175645332414217e-05,-3.2566091464888885e-05,139.2069141250408,133.67380055031782,-5.533113574722989,354.46688642527704,114.46688642527704
260605_iris2dsweep_solver_export_no_norm,sim,f_mean,sim,S11,offset_nan,06_3-7_TDS-Half-Plunger-Iris2DsweepSolverNonNorm-260604_31.s1p,06_3-7_TDS-Half-Plunger-Iris2DsweepSolverNonNorm-260604_32.s1p,,,2.8672804543714,2.86728,2.86728,-3.2566091464888885e-05,-2.9025402257161297e-05,133.67380055031782,127.8230645110153,-5.850736039302518,354.14926396069745,114.14926396069745
260605_iris2dsweep_solver_export_no_norm,sim,f_mean,sim,S11,offset_nan,06_3-7_TDS-Half-Plunger-Iris2DsweepSolverNonNorm-260604_32.s1p,06_3-7_TDS-Half-Plunger-Iris2DsweepSolverNonNorm-260604_33.s1p,,,2.8672804543714,2.86728,2.86728,-2.9025402257161297e-05,-7.193545386172108e-10,127.8230645110153,121.67867297960407,-6.14439153141123,353.8556084685888,113.8556084685888
260605_iris2dsweep_solver_export_no_norm,sim,f_mean,sim,S11,offset_nan,06_3-7_TDS-Half-Plunger-Iris2DsweepSolverNonNorm-260604_33.s1p,06_3-7_TDS-Half-Plunger-Iris2DsweepSolverNonNorm-260604_34.s1p,,,2.8672804543714,2.86728,2.86728,-7.193545386172108e-10,-4.061035968721777e-05,121.67867297960407,115.22135009945897,-6.457322880145114,353.5426771198549,113.54267711985489
260605_iris2dsweep_solver_export_no_norm,sim,f_mean,sim,S11,offset_nan,06_3-7_TDS-Half-Plunger-Iris2DsweepSolverNonNorm-260604_34.s1p,06_3-7_TDS-Half-Plunger-Iris2DsweepSolverNonNorm-260604_35.s1p,,,2.8672804543714,2.86728,2.86728,-4.061035968721777e-05,-6.261262795823705e-05,115.22135009945897,108.50602024851716,-6.715329850941828,353.2846701490582,113.28467014905817
260605_iris2dsweep_solver_export_no_norm,sim,f_mean,sim,S11,offset_nan,06_3-7_TDS-Half-Plunger-Iris2DsweepSolverNonNorm-260604_35.s1p,06_3-7_TDS-Half-Plunger-Iris2DsweepSolverNonNorm-260604_36.s1p,,,2.8672804543714,2.86728,2.86728,-6.261262795823705e-05,-5.444811743827992e-05,108.50602024851716,101.54397805622519,-6.96204219229196,353.03795780770804,113.03795780770804
260605_iris2dsweep_solver_export_no_norm,sim,f_mean,sim,S11,offset_nan,06_3-7_TDS-Half-Plunger-Iris2DsweepSolverNonNorm-260604_36.s1p,06_3-7_TDS-Half-Plunger-Iris2DsweepSolverNonNorm-260604_37.s1p,,,2.8672804543714,2.86728,2.86728,-5.444811743827992e-05,-4.324228052395621e-05,101.54397805622519,94.37405380485443,-7.169924251370759,352.83007574862927,112.83007574862927
260605_iris2dsweep_solver_export_no_norm,sim,f_mean,sim,S11,offset_nan,06_3-7_TDS-Half-Plunger-Iris2DsweepSolverNonNorm-260604_37.s1p,06_3-7_TDS-Half-Plunger-Iris2DsweepSolverNonNorm-260604_38.s1p,,,2.8672804543714,2.86728,2.86728,-4.324228052395621e-05,-8.165369991590179e-05,94.37405380485443,87.04307325751724,-7.330980547337191,352.66901945266284,112.66901945266284
260605_iris2dsweep_solver_export_no_norm,sim,f_mean,sim,S11,offset_nan,06_3-7_TDS-Half-Plunger-Iris2DsweepSolverNonNorm-260604_38.s1p,06_3-7_TDS-Half-Plunger-Iris2DsweepSolverNonNorm-260604_39.s1p,,,2.8672804543714,2.86728,2.86728,-8.165369991590179e-05,-3.411602055274875e-05,87.04307325751724,130.75652677080862,43.71345351329137,43.71345351329137,-196.28654648670863
260605_iris2dsweep_solver_export_no_norm,sim,f_mean,sim,S11,offset_nan,06_3-7_TDS-Half-Plunger-Iris2DsweepSolverNonNorm-260604_39.s1p,06_3-7_TDS-Half-Plunger-Iris2DsweepSolverNonNorm-260604_4.s1p,,,2.8672804543714,2.86728,2.86728,-3.411602055274875e-05,-4.185809165031584e-05,130.75652677080862,148.91422250363829,18.157695732829666,18.157695732829666,-221.84230426717033
260605_iris2dsweep_solver_export_no_norm,sim,f_mean,sim,S11,offset_nan,06_3-7_TDS-Half-Plunger-Iris2DsweepSolverNonNorm-260604_4.s1p,06_3-7_TDS-Half-Plunger-Iris2DsweepSolverNonNorm-260604_40.s1p,,,2.8672804543714,2.86728,2.86728,-4.185809165031584e-05,-1.7199267807839208e-05,148.91422250363829,124.24661174530547,-24.667610758332813,335.3323892416672,95.33238924166722
260605_iris2dsweep_solver_export_no_norm,sim,f_mean,sim,S11,offset_nan,06_3-7_TDS-Half-Plunger-Iris2DsweepSolverNonNorm-260604_40.s1p,06_3-7_TDS-Half-Plunger-Iris2DsweepSolverNonNorm-260604_41.s1p,,,2.8672804543714,2.86728,2.86728,-1.7199267807839208e-05,-6.614501956520556e-05,124.24661174530547,117.35843190816574,-6.888179837139717,353.1118201628603,113.11182016286028
260605_iris2dsweep_solver_export_no_norm,sim,f_mean,sim,S11,offset_nan,06_3-7_TDS-Half-Plunger-Iris2DsweepSolverNonNorm-260604_41.s1p,06_3-7_TDS-Half-Plunger-Iris2DsweepSolverNonNorm-260604_42.s1p,,,2.8672804543714,2.86728,2.86728,-6.614501956520556e-05,-7.58679695700418e-05,117.35843190816574,110.14334584069054,-7.215086067475198,352.7849139325248,112.78491393252477
260605_iris2dsweep_solver_export_no_norm,sim,f_mean,sim,S11,offset_nan,06_3-7_TDS-Half-Plunger-Iris2DsweepSolverNonNorm-260604_42.s1p,06_3-7_TDS-Half-Plunger-Iris2DsweepSolverNonNorm-260604_43.s1p,,,2.8672804543714,2.86728,2.86728,-7.58679695700418e-05,-8.606407597047768e-05,110.14334584069054,102.62758216971292,-7.515763670977606,352.4842363290224,112.4842363290224
260605_iris2dsweep_solver_export_no_norm,sim,f_mean,sim,S11,offset_nan,06_3-7_TDS-Half-Plunger-Iris2DsweepSolverNonNorm-260604_43.s1p,06_3-7_TDS-Half-Plunger-Iris2DsweepSolverNonNorm-260604_44.s1p,,,2.8672804543714,2.86728,2.86728,-8.606407597047768e-05,-4.218781518354105e-05,102.62758216971292,94.85862292742438,-7.768959242288531,352.23104075771147,112.23104075771147
260605_iris2dsweep_solver_export_no_norm,sim,f_mean,sim,S11,offset_nan,06_3-7_TDS-Half-Plunger-Iris2DsweepSolverNonNorm-260604_44.s1p,06_3-7_TDS-Half-Plunger-Iris2DsweepSolverNonNorm-260604_45.s1p,,,2.8672804543714,2.86728,2.86728,-4.218781518354105e-05,-4.846750007759077e-05,94.85862292742438,86.890656121424,-7.9679668060003905,352.0320331939996,112.03203319399961
260605_iris2dsweep_solver_export_no_norm,sim,f_mean,sim,S11,offset_nan,06_3-7_TDS-Half-Plunger-Iris2DsweepSolverNonNorm-260604_45.s1p,06_3-7_TDS-Half-Plunger-Iris2DsweepSolverNonNorm-260604_46.s1p,,,2.8672804543714,2.86728,2.86728,-4.846750007759077e-05,-4.079859936606277e-05,86.890656121424,78.80320023156935,-8.087455889854652,351.91254411014535,111.91254411014535
260605_iris2dsweep_solver_export_no_norm,sim,f_mean,sim,S11,offset_nan,06_3-7_TDS-Half-Plunger-Iris2DsweepSolverNonNorm-260604_46.s1p,06_3-7_TDS-Half-Plunger-Iris2DsweepSolverNonNorm-260604_47.s1p,,,2.8672804543714,2.86728,2.86728,-4.079859936606277e-05,-4.0405883341270854e-05,78.80320023156935,70.66778214141435,-8.135418090154985,351.864581909845,111.86458190984501
260605_iris2dsweep_solver_export_no_norm,sim,f_mean,sim,S11,offset_nan,06_3-7_TDS-Half-Plunger-Iris2DsweepSolverNonNorm-260604_47.s1p,06_3-7_TDS-Half-Plunger-Iris2DsweepSolverNonNorm-260604_48.s1p,,,2.8672804543714,2.86728,2.86728,-4.0405883341270854e-05,-5.089622654009935e-05,70.66778214141435,118.5240293250671,47.856247183652755,47.856247183652755,-192.14375281634725
260605_iris2dsweep_solver_export_no_norm,sim,f_mean,sim,S11,offset_nan,06_3-7_TDS-Half-Plunger-Iris2DsweepSolverNonNorm-260604_48.s1p,06_3-7_TDS-Half-Plunger-Iris2DsweepSolverNonNorm-260604_49.s1p,,,2.8672804543714,2.86728,2.86728,-5.089622654009935e-05,-1.2141952802426148e-06,118.5240293250671,110.67424465065719,-7.849784674409932,352.15021532559007,112.15021532559007
260605_iris2dsweep_solver_export_no_norm,sim,f_mean,sim,S11,offset_nan,06_3-7_TDS-Half-Plunger-Iris2DsweepSolverNonNorm-260604_49.s1p,06_3-7_TDS-Half-Plunger-Iris2DsweepSolverNonNorm-260604_5.s1p,,,2.8672804543714,2.86728,2.86728,-1.2141952802426148e-06,-4.672312848878135e-05,110.67424465065719,144.91116397442855,34.23691932377136,34.23691932377136,-205.76308067622864
260605_iris2dsweep_solver_export_no_norm,sim,f_mean,sim,S11,offset_nan,06_3-7_TDS-Half-Plunger-Iris2DsweepSolverNonNorm-260604_5.s1p,06_3-7_TDS-Half-Plunger-Iris2DsweepSolverNonNorm-260604_50.s1p,,,2.8672804543714,2.86728,2.86728,-4.672312848878135e-05,-3.976166133678722e-06,144.91116397442855,102.46217911165213,-42.4489848627764,317.5510151372236,77.5510151372236
260605_iris2dsweep_solver_export_no_norm,sim,f_mean,sim,S11,offset_nan,06_3-7_TDS-Half-Plunger-Iris2DsweepSolverNonNorm-260604_50.s1p,06_3-7_TDS-Half-Plunger-Iris2DsweepSolverNonNorm-260604_51.s1p,,,2.8672804543714,2.86728,2.86728,-3.976166133678722e-06,-2.2487953829053853e-05,102.46217911165213,93.92931228505671,-8.53286682659541,351.4671331734046,111.46713317340459
260605_iris2dsweep_solver_export_no_norm,sim,f_mean,sim,S11,offset_nan,06_3-7_TDS-Half-Plunger-Iris2DsweepSolverNonNorm-260604_51.s1p,06_3-7_TDS-Half-Plunger-Iris2DsweepSolverNonNorm-260604_52.s1p,,,2.8672804543714,2.86728,2.86728,-2.2487953829053853e-05,-2.0889651780282218e-05,93.92931228505671,85.16373986437459,-8.765572420682133,351.23442757931787,111.23442757931787
260605_iris2dsweep_solver_export_no_norm,sim,f_mean,sim,S11,offset_nan,06_3-7_TDS-Half-Plunger-Iris2DsweepSolverNonNorm-260604_52.s1p,06_3-7_TDS-Half-Plunger-Iris2DsweepSolverNonNorm-260604_53.s1p,,,2.8672804543714,2.86728,2.86728,-2.0889651780282218e-05,-5.138337700094929e-05,85.16373986437459,76.27582915526112,-8.88791070911347,351.1120892908865,111.1120892908865
260605_iris2dsweep_solver_export_no_norm,sim,f_mean,sim,S11,offset_nan,06_3-7_TDS-Half-Plunger-Iris2DsweepSolverNonNorm-260604_53.s1p,06_3-7_TDS-Half-Plunger-Iris2DsweepSolverNonNorm-260604_54.s1p,,,2.8672804543714,2.86728,2.86728,-5.138337700094929e-05,-1.3647658438221826e-05,76.27582915526112,67.3587933185,-8.917035836761102,351.0829641632389,111.0829641632389
260605_iris2dsweep_solver_export_no_norm,sim,f_mean,sim,S11,offset_nan,06_3-7_TDS-Half-Plunger-Iris2DsweepSolverNonNorm-260604_54.s1p,06_3-7_TDS-Half-Plunger-Iris2DsweepSolverNonNorm-260604_55.s1p,,,2.8672804543714,2.86728,2.86728,-1.3647658438221826e-05,-1.0872539643993152e-05,67.3587933185,58.506656391429246,-8.852136927070774,351.1478630729292,111.14786307292923
260605_iris2dsweep_solver_export_no_norm,sim,f_mean,sim,S11,offset_nan,06_3-7_TDS-Half-Plunger-Iris2DsweepSolverNonNorm-260604_55.s1p,06_3-7_TDS-Half-Plunger-Iris2DsweepSolverNonNorm-260604_56.s1p,,,2.8672804543714,2.86728,2.86728,-1.0872539643993152e-05,-2.1172910415366576e-05,58.506656391429246,49.82240613635599,-8.684250255073266,351.31574974492673,111.31574974492673
260605_iris2dsweep_solver_export_no_norm,sim,f_mean,sim,S11,offset_nan,06_3-7_TDS-Half-Plunger-Iris2DsweepSolverNonNorm-260604_56.s1p,06_3-7_TDS-Half-Plunger-Iris2DsweepSolverNonNorm-260604_57.s1p,,,2.8672804543714,2.86728,2.86728,-2.1172910415366576e-05,-5.550537134747746e-06,49.82240613635599,100.3226035733283,50.500197436972314,50.500197436972314,-189.49980256302769
260605_iris2dsweep_solver_export_no_norm,sim,f_mean,sim,S11,offset_nan,06_3-7_TDS-Half-Plunger-Iris2DsweepSolverNonNorm-260604_57.s1p,06_3-7_TDS-Half-Plunger-Iris2DsweepSolverNonNorm-260604_58.s1p,,,2.8672804543714,2.86728,2.86728,-5.550537134747746e-06,-6.315000430495672e-06,100.3226035733283,90.80929021954503,-9.513313353783246,350.48668664621675,110.48668664621675
260605_iris2dsweep_solver_export_no_norm,sim,f_mean,sim,S11,offset_nan,06_3-7_TDS-Half-Plunger-Iris2DsweepSolverNonNorm-260604_58.s1p,06_3-7_TDS-Half-Plunger-Iris2DsweepSolverNonNorm-260604_59.s1p,,,2.8672804543714,2.86728,2.86728,-6.315000430495672e-06,-1.008623561147988e-05,90.80929021954503,81.04627910608838,-9.763011113456656,350.2369888865434,110.23698888654337
260605_iris2dsweep_solver_export_no_norm,sim,f_mean,sim,S11,offset_nan,06_3-7_TDS-Half-Plunger-Iris2DsweepSolverNonNorm-260604_59.s1p,06_3-7_TDS-Half-Plunger-Iris2DsweepSolverNonNorm-260604_6.s1p,,,2.8672804543714,2.86728,2.86728,-1.008623561147988e-05,-3.2357194574619995e-05,81.04627910608838,140.70463823527345,59.65835912918507,59.65835912918507,-180.34164087081493
260605_iris2dsweep_solver_export_no_norm,sim,f_mean,sim,S11,offset_nan,06_3-7_TDS-Half-Plunger-Iris2DsweepSolverNonNorm-260604_6.s1p,06_3-7_TDS-Half-Plunger-Iris2DsweepSolverNonNorm-260604_60.s1p,,,2.8672804543714,2.86728,2.86728,-3.2357194574619995e-05,-1.959122756859201e-05,140.70463823527345,71.15601949777138,-69.54861873750207,290.45138126249793,50.45138126249793
260605_iris2dsweep_solver_export_no_norm,sim,f_mean,sim,S11,offset_nan,06_3-7_TDS-Half-Plunger-Iris2DsweepSolverNonNorm-260604_60.s1p,06_3-7_TDS-Half-Plunger-Iris2DsweepSolverNonNorm-260604_61.s1p,,,2.8672804543714,2.86728,2.86728,-1.959122756859201e-05,-2.3381267614405678e-05,71.15601949777138,61.32956707979716,-9.826452417974224,350.1735475820258,110.17354758202578
260605_iris2dsweep_solver_export_no_norm,sim,f_mean,sim,S11,offset_nan,06_3-7_TDS-Half-Plunger-Iris2DsweepSolverNonNorm-260604_61.s1p,06_3-7_TDS-Half-Plunger-Iris2DsweepSolverNonNorm-260604_62.s1p,,,2.8672804543714,2.86728,2.86728,-2.3381267614405678e-05,-2.0923174956055085e-05,61.32956707979716,51.625317110286424,-9.704249969510727,350.2957500304893,110.29575003048927
260605_iris2dsweep_solver_export_no_norm,sim,f_mean,sim,S11,offset_nan,06_3-7_TDS-Half-Plunger-Iris2DsweepSolverNonNorm-260604_62.s1p,06_3-7_TDS-Half-Plunger-Iris2DsweepSolverNonNorm-260604_63.s1p,,,2.8672804543714,2.86728,2.86728,-2.0923174956055085e-05,-2.5406423402615655e-05,51.625317110286424,42.24083618971203,-9.38448092057439,350.6155190794256,110.61551907942561
260605_iris2dsweep_solver_export_no_norm,sim,f_mean,sim,S11,offset_nan,06_3-7_TDS-Half-Plunger-Iris2DsweepSolverNonNorm-260604_63.s1p,06_3-7_TDS-Half-Plunger-Iris2DsweepSolverNonNorm-260604_64.s1p,,,2.8672804543714,2.86728,2.86728,-2.5406423402615655e-05,-2.2089654469520467e-05,42.24083618971203,33.250572756767475,-8.990263432944545,351.0097365670555,111.00973656705548
260605_iris2dsweep_solver_export_no_norm,sim,f_mean,sim,S11,offset_nan,06_3-7_TDS-Half-Plunger-Iris2DsweepSolverNonNorm-260604_64.s1p,06_3-7_TDS-Half-Plunger-Iris2DsweepSolverNonNorm-260604_65.s1p,,,2.8672804543714,2.86728,2.86728,-2.2089654469520467e-05,-9.527560191850376e-06,33.250572756767475,24.712877297338427,-8.537695459429045,351.4623045405709,111.46230454057093
260605_iris2dsweep_solver_export_no_norm,sim,f_mean,sim,S11,offset_nan,06_3-7_TDS-Half-Plunger-Iris2DsweepSolverNonNorm-260604_65.s1p,06_3-7_TDS-Half-Plunger-Iris2DsweepSolverNonNorm-260604_66.s1p,,,2.8672804543714,2.86728,2.86728,-9.527560191850376e-06,-1.9867719791749124e-05,24.712877297338427,73.18250007619888,48.46962277886047,48.46962277886047,-191.53037722113953
260605_iris2dsweep_solver_export_no_norm,sim,f_mean,sim,S11,offset_nan,06_3-7_TDS-Half-Plunger-Iris2DsweepSolverNonNorm-260604_66.s1p,06_3-7_TDS-Half-Plunger-Iris2DsweepSolverNonNorm-260604_67.s1p,,,2.8672804543714,2.86728,2.86728,-1.9867719791749124e-05,-1.6435074130477782e-05,73.18250007619888,62.12697523861483,-11.055524837584045,348.944475162416,108.94447516241598
260605_iris2dsweep_solver_export_no_norm,sim,f_mean,sim,S11,offset_nan,06_3-7_TDS-Half-Plunger-Iris2DsweepSolverNonNorm-260604_67.s1p,06_3-7_TDS-Half-Plunger-Iris2DsweepSolverNonNorm-260604_68.s1p,,,2.8672804543714,2.86728,2.86728,-1.6435074130477782e-05,-1.856568246429148e-06,62.12697523861483,51.26616182665888,-10.860813411955945,349.139186588044,109.13918658804403
260605_iris2dsweep_solver_export_no_norm,sim,f_mean,sim,S11,offset_nan,06_3-7_TDS-Half-Plunger-Iris2DsweepSolverNonNorm-260604_68.s1p,06_3-7_TDS-Half-Plunger-Iris2DsweepSolverNonNorm-260604_69.s1p,,,2.8672804543714,2.86728,2.86728,-1.856568246429148e-06,-1.094415847083296e-05,51.26616182665888,40.774601083001514,-10.491560743657374,349.5084392563426,109.50843925634263
260605_iris2dsweep_solver_export_no_norm,sim,f_mean,sim,S11,offset_nan,06_3-7_TDS-Half-Plunger-Iris2DsweepSolverNonNorm-260604_69.s1p,06_3-7_TDS-Half-Plunger-Iris2DsweepSolverNonNorm-260604_7.s1p,,,2.8672804543714,2.86728,2.86728,-1.094415847083296e-05,-3.576814850677997e-05,40.774601083001514,136.2987865770334,95.52418549403188,95.52418549403188,-144.47581450596812
260605_iris2dsweep_solver_export_no_norm,sim,f_mean,sim,S11,offset_nan,06_3-7_TDS-Half-Plunger-Iris2DsweepSolverNonNorm-260604_7.s1p,06_3-7_TDS-Half-Plunger-Iris2DsweepSolverNonNorm-260604_70.s1p,,,2.8672804543714,2.86728,2.86728,-3.576814850677997e-05,-4.814389407287584e-05,136.2987865770334,30.80430652662989,-105.49448005040352,254.50551994959648,14.505519949596476
260605_iris2dsweep_solver_export_no_norm,sim,f_mean,sim,S11,offset_nan,06_3-7_TDS-Half-Plunger-Iris2DsweepSolverNonNorm-260604_70.s1p,06_3-7_TDS-Half-Plunger-Iris2DsweepSolverNonNorm-260604_71.s1p,,,2.8672804543714,2.86728,2.86728,-4.814389407287584e-05,3.0309506584257465e-09,30.80430652662989,21.40628041804096,-9.398026108588937,350.60197389141103,110.60197389141103
260605_iris2dsweep_solver_export_no_norm,sim,f_mean,sim,S11,offset_nan,06_3-7_TDS-Half-Plunger-Iris2DsweepSolverNonNorm-260604_71.s1p,06_3-7_TDS-Half-Plunger-Iris2DsweepSolverNonNorm-260604_72.s1p,,,2.8672804543714,2.86728,2.86728,3.0309506584257465e-09,-2.9776369910082184e-05,21.40628041804096,12.697180501943583,-8.709099916097387,351.2909000839026,111.29090008390261
260605_iris2dsweep_solver_export_no_norm,sim,f_mean,sim,S11,offset_nan,06_3-7_TDS-Half-Plunger-Iris2DsweepSolverNonNorm-260604_72.s1p,06_3-7_TDS-Half-Plunger-Iris2DsweepSolverNonNorm-260604_73.s1p,,,2.8672804543714,2.86728,2.86728,-2.9776369910082184e-05,-2.5026282379861404e-05,12.697180501943583,4.669023402153794,-8.02815709978978,351.9718429002102,111.97184290021022
260605_iris2dsweep_solver_export_no_norm,sim,f_mean,sim,S11,offset_nan,06_3-7_TDS-Half-Plunger-Iris2DsweepSolverNonNorm-260604_73.s1p,06_3-7_TDS-Half-Plunger-Iris2DsweepSolverNonNorm-260604_74.s1p,,,2.8672804543714,2.86728,2.86728,-2.5026282379861404e-05,-2.2165679626368782e-05,4.669023402153794,-2.700526463865025,-7.369549866018815,352.6304501339812,112.63045013398118
260605_iris2dsweep_solver_export_no_norm,sim,f_mean,sim,S11,offset_nan,06_3-7_TDS-Half-Plunger-Iris2DsweepSolverNonNorm-260604_74.s1p,06_3-7_TDS-Half-Plunger-Iris2DsweepSolverNonNorm-260604_75.s1p,,,2.8672804543714,2.86728,2.86728,-2.2165679626368782e-05,-2.7623217060985776e-05,-2.700526463865025,35.48284975955063,38.18337622341565,38.18337622341565,-201.81662377658435
260605_iris2dsweep_solver_export_no_norm,sim,f_mean,sim,S11,offset_nan,06_3-7_TDS-Half-Plunger-Iris2DsweepSolverNonNorm-260604_75.s1p,06_3-7_TDS-Half-Plunger-Iris2DsweepSolverNonNorm-260604_76.s1p,,,2.8672804543714,2.86728,2.86728,-2.7623217060985776e-05,-3.2217170886287956e-05,35.48284975955063,24.494742537884076,-10.988107221666553,349.01189277833345,109.01189277833345
260605_iris2dsweep_solver_export_no_norm,sim,f_mean,sim,S11,offset_nan,06_3-7_TDS-Half-Plunger-Iris2DsweepSolverNonNorm-260604_76.s1p,06_3-7_TDS-Half-Plunger-Iris2DsweepSolverNonNorm-260604_77.s1p,,,2.8672804543714,2.86728,2.86728,-3.2217170886287956e-05,-2.4093948379847908e-05,24.494742537884076,14.372991191253044,-10.121751346631044,349.8782486533689,109.87824865336893
260605_iris2dsweep_solver_export_no_norm,sim,f_mean,sim,S11,offset_nan,06_3-7_TDS-Half-Plunger-Iris2DsweepSolverNonNorm-260604_77.s1p,06_3-7_TDS-Half-Plunger-Iris2DsweepSolverNonNorm-260604_78.s1p,,,2.8672804543714,2.86728,2.86728,-2.4093948379847908e-05,-2.6952618167211974e-05,14.372991191253044,5.114660751515792,-9.25833043973725,350.7416695602627,110.74166956026272
260605_iris2dsweep_solver_export_no_norm,sim,f_mean,sim,S11,offset_nan,06_3-7_TDS-Half-Plunger-Iris2DsweepSolverNonNorm-260604_78.s1p,06_3-7_TDS-Half-Plunger-Iris2DsweepSolverNonNorm-260604_79.s1p,,,2.8672804543714,2.86728,2.86728,-2.6952618167211974e-05,-2.422304994833984e-05,5.114660751515792,-10.849971617659927,-15.964632369175717,344.0353676308243,104.03536763082428
260605_iris2dsweep_solver_export_no_norm,sim,f_mean,sim,S11,offset_nan,06_3-7_TDS-Half-Plunger-Iris2DsweepSolverNonNorm-260604_79.s1p,06_3-7_TDS-Half-Plunger-Iris2DsweepSolverNonNorm-260604_8.s1p,,,2.8672804543714,2.86728,2.86728,-2.422304994833984e-05,-4.022328772154696e-05,-10.849971617659927,131.6906779162449,142.5406495339048,142.5406495339048,-97.4593504660952
260605_iris2dsweep_solver_export_no_norm,sim,f_mean,sim,S11,offset_nan,06_3-7_TDS-Half-Plunger-Iris2DsweepSolverNonNorm-260604_8.s1p,06_3-7_TDS-Half-Plunger-Iris2DsweepSolverNonNorm-260604_80.s1p,,,2.8672804543714,2.86728,2.86728,-4.022328772154696e-05,-2.2723487689949753e-05,131.6906779162449,-17.664364618687312,-149.3550425349322,210.6449574650678,-29.35504253493221
260605_iris2dsweep_solver_export_no_norm,sim,f_mean,sim,S11,offset_nan,06_3-7_TDS-Half-Plunger-Iris2DsweepSolverNonNorm-260604_80.s1p,06_3-7_TDS-Half-Plunger-Iris2DsweepSolverNonNorm-260604_81.s1p,,,2.8672804543714,2.86728,2.86728,-2.2723487689949753e-05,-8.532586464308034e-06,-17.664364618687312,-23.749865840695044,-6.085501222007736,353.91449877799226,113.91449877799226
260605_iris2dsweep_solver_export_no_norm,sim,f_mean,sim,S11,offset_nan,06_3-7_TDS-Half-Plunger-Iris2DsweepSolverNonNorm-260604_81.s1p,06_3-7_TDS-Half-Plunger-Iris2DsweepSolverNonNorm-260604_82.s1p,,,2.8672804543714,2.86728,2.86728,-8.532586464308034e-06,-1.68247484504374e-05,-23.749865840695044,-29.26484770732195,-5.514981866626897,354.4850181333731,114.4850181333731
260605_iris2dsweep_solver_export_no_norm,sim,f_mean,sim,S11,offset_nan,06_3-7_TDS-Half-Plunger-Iris2DsweepSolverNonNorm-260604_82.s1p,06_3-7_TDS-Half-Plunger-Iris2DsweepSolverNonNorm-260604_83.s1p,,,2.8672804543714,2.86728,2.86728,-1.68247484504374e-05,-0.00019013431684855817,-29.26484770732195,-7.35143361144061,21.913414095881336,21.913414095881336,-218.08658590411866
260605_iris2dsweep_solver_export_no_norm,sim,f_mean,sim,S11,offset_nan,06_3-7_TDS-Half-Plunger-Iris2DsweepSolverNonNorm-260604_83.s1p,06_3-7_TDS-Half-Plunger-Iris2DsweepSolverNonNorm-260604_84.s1p,,,2.8672804543714,2.86728,2.86728,-0.00019013431684855817,-2.445492642288327e-05,-7.35143361144061,-15.599122178801542,-8.247688567360939,351.7523114326391,111.75231143263909
260605_iris2dsweep_solver_export_no_norm,sim,f_mean,sim,S11,offset_nan,06_3-7_TDS-Half-Plunger-Iris2DsweepSolverNonNorm-260604_84.s1p,06_3-7_TDS-Half-Plunger-Iris2DsweepSolverNonNorm-260604_85.s1p,,,2.8672804543714,2.86728,2.86728,-2.445492642288327e-05,-1.1359247176633888e-09,-15.599122178801542,-22.88694286202463,-7.287820683223089,352.7121793167769,112.71217931677688
260605_iris2dsweep_solver_export_no_norm,sim,f_mean,sim,S11,offset_nan,06_3-7_TDS-Half-Plunger-Iris2DsweepSolverNonNorm-260604_85.s1p,06_3-7_TDS-Half-Plunger-Iris2DsweepSolverNonNorm-260604_86.s1p,,,2.8672804543714,2.86728,2.86728,-1.1359247176633888e-09,-1.7715457381089057e-09,-22.88694286202463,-29.31808883442797,-6.431145972403328,353.5688540275967,113.56885402759667
260605_iris2dsweep_solver_export_no_norm,sim,f_mean,sim,S11,offset_nan,06_3-7_TDS-Half-Plunger-Iris2DsweepSolverNonNorm-260604_86.s1p,06_3-7_TDS-Half-Plunger-Iris2DsweepSolverNonNorm-260604_87.s1p,,,2.8672804543714,2.86728,2.86728,-1.7715457381089057e-09,-8.362853228530449e-05,-29.31808883442797,-35.02420213993831,-5.706113305510343,354.29388669448963,114.29388669448963
260605_iris2dsweep_solver_export_no_norm,sim,f_mean,sim,S11,offset_nan,06_3-7_TDS-Half-Plunger-Iris2DsweepSolverNonNorm-260604_87.s1p,06_3-7_TDS-Half-Plunger-Iris2DsweepSolverNonNorm-260604_88.s1p,,,2.8672804543714,2.86728,2.86728,-8.362853228530449e-05,-2.0092915952766237e-05,-35.02420213993831,-40.076952121343595,-5.05274998140527,354.94725001859473,114.94725001859473
260605_iris2dsweep_solver_export_no_norm,sim,f_mean,sim,S11,offset_nan,06_3-7_TDS-Half-Plunger-Iris2DsweepSolverNonNorm-260604_88.s1p,06_3-7_TDS-Half-Plunger-Iris2DsweepSolverNonNorm-260604_89.s1p,,,2.8672804543714,2.86728,2.86728,-2.0092915952766237e-05,-2.65528096331795e-05,-40.076952121343595,-44.57594417274469,-4.498992051401103,355.5010079485989,115.5010079485989
260605_iris2dsweep_solver_export_no_norm,sim,f_mean,sim,S11,offset_nan,06_3-7_TDS-Half-Plunger-Iris2DsweepSolverNonNorm-260604_89.s1p,06_3-7_TDS-Half-Plunger-Iris2DsweepSolverNonNorm-260604_9.s1p,,,2.8672804543714,2.86728,2.86728,-2.65528096331795e-05,-3.606159244764088e-05,-44.57594417274469,126.88532809377016,171.4612722665148,171.4612722665148,-68.53872773348519
260605_iris2dsweep_solver_export_no_norm,sim,f_mean,sim,S11,offset_nan,06_3-7_TDS-Half-Plunger-Iris2DsweepSolverNonNorm-260604_9.s1p,06_3-7_TDS-Half-Plunger-Iris2DsweepSolverNonNorm-260604_90.s1p,,,2.8672804543714,2.86728,2.86728,-3.606159244764088e-05,-1.0483797284044025e-06,126.88532809377016,-48.61456924004008,-175.49989733381022,184.50010266618978,-55.499897333810225
260605_iris2dsweep_solver_export_no_norm,sim,f_mean,sim,S11,offset_nan,06_3-7_TDS-Half-Plunger-Iris2DsweepSolverNonNorm-260604_90.s1p,06_3-7_TDS-Half-Plunger-Iris2DsweepSolverNonNorm-260604_91.s1p,,,2.8672804543714,2.86728,2.86728,-1.0483797284044025e-06,-5.547657769705376e-06,-48.61456924004008,-52.22191594468465,-3.6073467046445558,356.39265329535544,116.39265329535544
260605_iris2dsweep_solver_export_no_norm,sim,f_mean,sim,S11,offset_nan,06_3-7_TDS-Half-Plunger-Iris2DsweepSolverNonNorm-260604_91.s1p,06_3-7_TDS-Half-Plunger-Iris2DsweepSolverNonNorm-260604_92.s1p,,,2.8672804543714,2.86728,2.86728,-5.547657769705376e-06,-1.9080559277933742e-05,-52.22191594468465,-44.39839394772645,7.82352199695822,7.82352199695822,-232.17647800304178
260605_iris2dsweep_solver_export_no_norm,sim,f_mean,sim,S11,offset_nan,06_3-7_TDS-Half-Plunger-Iris2DsweepSolverNonNorm-260604_92.s1p,06_3-7_TDS-Half-Plunger-Iris2DsweepSolverNonNorm-260604_93.s1p,,,2.8672804543714,2.86728,2.86728,-1.9080559277933742e-05,-1.2624611480663643e-05,-44.39839394772645,-49.18162324662811,-4.783229298901659,355.2167707010983,115.21677070109831
260605_iris2dsweep_solver_export_no_norm,sim,f_mean,sim,S11,offset_nan,06_3-7_TDS-Half-Plunger-Iris2DsweepSolverNonNorm-260604_93.s1p,06_3-7_TDS-Half-Plunger-Iris2DsweepSolverNonNorm-260604_94.s1p,,,2.8672804543714,2.86728,2.86728,-1.2624611480663643e-05,-1.2398768074461357e-05,-49.18162324662811,-53.37483471515333,-4.19321146852522,355.8067885314748,115.80678853147481
260605_iris2dsweep_solver_export_no_norm,sim,f_mean,sim,S11,offset_nan,06_3-7_TDS-Half-Plunger-Iris2DsweepSolverNonNorm-260604_94.s1p,06_3-7_TDS-Half-Plunger-Iris2DsweepSolverNonNorm-260604_95.s1p,,,2.8672804543714,2.86728,2.86728,-1.2398768074461357e-05,-1.1394046751954016e-05,-53.37483471515333,-57.100959685941824,-3.7261249707885042,356.27387502921147,116.27387502921147
260605_iris2dsweep_solver_export_no_norm,sim,f_mean,sim,S11,offset_nan,06_3-7_TDS-Half-Plunger-Iris2DsweepSolverNonNorm-260604_95.s1p,06_3-7_TDS-Half-Plunger-Iris2DsweepSolverNonNorm-260604_96.s1p,,,2.8672804543714,2.86728,2.86728,-1.1394046751954016e-05,-1.5540486083248465e-05,-57.100959685941824,-60.41107755033189,-3.3101178643900653,356.68988213560993,116.68988213560993
260605_iris2dsweep_solver_export_no_norm,sim,f_mean,sim,S11,offset_nan,06_3-7_TDS-Half-Plunger-Iris2DsweepSolverNonNorm-260604_96.s1p,06_3-7_TDS-Half-Plunger-Iris2DsweepSolverNonNorm-260604_97.s1p,,,2.8672804543714,2.86728,2.86728,-1.5540486083248465e-05,-1.00769086388983e-05,-60.41107755033189,-63.360270241744296,-2.9491926914124065,357.0508073085876,117.0508073085876
260605_iris2dsweep_solver_export_no_norm,sim,f_mean,sim,S11,offset_nan,06_3-7_TDS-Half-Plunger-Iris2DsweepSolverNonNorm-260604_97.s1p,06_3-7_TDS-Half-Plunger-Iris2DsweepSolverNonNorm-260604_98.s1p,,,2.8672804543714,2.86728,2.86728,-1.00769086388983e-05,-1.5763741493461519e-06,-63.360270241744296,-66.0384627635952,-2.6781925218509173,357.3218074781491,117.32180747814908
260605_iris2dsweep_solver_export_no_norm,sim,f_mean,sim,S11,offset_nan,06_3-7_TDS-Half-Plunger-Iris2DsweepSolverNonNorm-260604_98.s1p,06_3-7_TDS-Half-Plunger-Iris2DsweepSolverNonNorm-260604_99.s1p,,,2.8672804543714,2.86728,2.86728,-1.5763741493461519e-06,-8.98899559854574e-07,-66.0384627635952,-68.46229882927072,-2.4238360656755162,357.5761639343245,117.57616393432448
260605_iris2dsweep_solver_export_no_norm,sim,f_pi2,sim,S11,offset_nan,06_3-7_TDS-Half-Plunger-Iris2DsweepSolverNonNorm-260604_1.s1p,06_3-7_TDS-Half-Plunger-Iris2DsweepSolverNonNorm-260604_10.s1p,,,2.8774448751896,2.877444,2.877444,3.996689899999384e-09,7.942721751001654e-10,171.12869138880046,99.97632123559235,-71.15237015320811,288.8476298467919,48.847629846791904
260605_iris2dsweep_solver_export_no_norm,sim,f_pi2,sim,S11,offset_nan,06_3-7_TDS-Half-Plunger-Iris2DsweepSolverNonNorm-260604_10.s1p,06_3-7_TDS-Half-Plunger-Iris2DsweepSolverNonNorm-260604_100.s1p,,,2.8774448751896,2.877444,2.877444,7.942721751001654e-10,1.2391164353691272e-09,99.97632123559235,-101.80279472546772,158.22088403893991,158.22088403893991,-81.77911596106009
260605_iris2dsweep_solver_export_no_norm,sim,f_pi2,sim,S11,offset_nan,06_3-7_TDS-Half-Plunger-Iris2DsweepSolverNonNorm-260604_100.s1p,06_3-7_TDS-Half-Plunger-Iris2DsweepSolverNonNorm-260604_101.s1p,,,2.8774448751896,2.877444,2.877444,1.2391164353691272e-09,-1.572158809964444e-06,-101.80279472546772,-106.46488022155012,-4.662085496082398,355.3379145039176,115.3379145039176
260605_iris2dsweep_solver_export_no_norm,sim,f_pi2,sim,S11,offset_nan,06_3-7_TDS-Half-Plunger-Iris2DsweepSolverNonNorm-260604_101.s1p,06_3-7_TDS-Half-Plunger-Iris2DsweepSolverNonNorm-260604_102.s1p,,,2.8774448751896,2.877444,2.877444,-1.572158809964444e-06,-2.5221260916166017e-06,-106.46488022155012,-107.05081441813942,-0.5859341965893066,359.4140658034107,119.41406580341072
260605_iris2dsweep_solver_export_no_norm,sim,f_pi2,sim,S11,offset_nan,06_3-7_TDS-Half-Plunger-Iris2DsweepSolverNonNorm-260604_102.s1p,06_3-7_TDS-Half-Plunger-Iris2DsweepSolverNonNorm-260604_103.s1p,,,2.8774448751896,2.877444,2.877444,-2.5221260916166017e-06,-4.877445228547922e-06,-107.05081441813942,-107.59734516583268,-0.5465307476932537,359.4534692523067,119.45346925230672
260605_iris2dsweep_solver_export_no_norm,sim,f_pi2,sim,S11,offset_nan,06_3-7_TDS-Half-Plunger-Iris2DsweepSolverNonNorm-260604_103.s1p,06_3-7_TDS-Half-Plunger-Iris2DsweepSolverNonNorm-260604_104.s1p,,,2.8774448751896,2.877444,2.877444,-4.877445228547922e-06,-2.316114144232701e-06,-107.59734516583268,-108.13009429684594,-0.5327491310132473,359.46725086898675,119.46725086898675
260605_iris2dsweep_solver_export_no_norm,sim,f_pi2,sim,S11,offset_nan,06_3-7_TDS-Half-Plunger-Iris2DsweepSolverNonNorm-260604_104.s1p,06_3-7_TDS-Half-Plunger-Iris2DsweepSolverNonNorm-260604_105.s1p,,,2.8774448751896,2.877444,2.877444,-2.316114144232701e-06,-2.5143702957457447e-06,-108.13009429684594,-108.63029630686064,-0.5002020100147035,359.49979798998527,119.49979798998527
260605_iris2dsweep_solver_export_no_norm,sim,f_pi2,sim,S11,offset_nan,06_3-7_TDS-Half-Plunger-Iris2DsweepSolverNonNorm-260604_105.s1p,06_3-7_TDS-Half-Plunger-Iris2DsweepSolverNonNorm-260604_106.s1p,,,2.8774448751896,2.877444,2.877444,-2.5143702957457447e-06,-2.626044985385285e-09,-108.63029630686064,-109.11253141286211,-0.48223510600146824,359.51776489399856,119.51776489399856
260605_iris2dsweep_solver_export_no_norm,sim,f_pi2,sim,S11,offset_nan,06_3-7_TDS-Half-Plunger-Iris2DsweepSolverNonNorm-260604_106.s1p,06_3-7_TDS-Half-Plunger-Iris2DsweepSolverNonNorm-260604_107.s1p,,,2.8774448751896,2.877444,2.877444,-2.626044985385285e-09,2.3740507884140326e-09,-109.11253141286211,-109.56282337243518,-0.45029195957306456,359.54970804042694,119.54970804042694
260605_iris2dsweep_solver_export_no_norm,sim,f_pi2,sim,S11,offset_nan,06_3-7_TDS-Half-Plunger-Iris2DsweepSolverNonNorm-260604_107.s1p,06_3-7_TDS-Half-Plunger-Iris2DsweepSolverNonNorm-260604_108.s1p,,,2.8774448751896,2.877444,2.877444,2.3740507884140326e-09,4.624804595027139e-09,-109.56282337243518,-110.00120516389488,-0.4383817914597046,359.56161820854027,119.56161820854027
260605_iris2dsweep_solver_export_no_norm,sim,f_pi2,sim,S11,offset_nan,06_3-7_TDS-Half-Plunger-Iris2DsweepSolverNonNorm-260604_108.s1p,06_3-7_TDS-Half-Plunger-Iris2DsweepSolverNonNorm-260604_109.s1p,,,2.8774448751896,2.877444,2.877444,4.624804595027139e-09,-5.263472891551299e-10,-110.00120516389488,-110.42322546123917,-0.4220202973442895,359.57797970265574,119.57797970265574
260605_iris2dsweep_solver_export_no_norm,sim,f_pi2,sim,S11,offset_nan,06_3-7_TDS-Half-Plunger-Iris2DsweepSolverNonNorm-260604_109.s1p,06_3-7_TDS-Half-Plunger-Iris2DsweepSolverNonNorm-260604_11.s1p,,,2.8774448751896,2.877444,2.877444,-5.263472891551299e-10,-2.77872001531378e-06,-110.42322546123917,93.58673456613592,-155.9900399726249,204.0099600273751,-35.99003997262491
260605_iris2dsweep_solver_export_no_norm,sim,f_pi2,sim,S11,offset_nan,06_3-7_TDS-Half-Plunger-Iris2DsweepSolverNonNorm-260604_11.s1p,06_3-7_TDS-Half-Plunger-Iris2DsweepSolverNonNorm-260604_110.s1p,,,2.8774448751896,2.877444,2.877444,-2.77872001531378e-06,-1.0170601458224911e-06,93.58673456613592,-115.052753204857,151.3605122290071,151.3605122290071,-88.6394877709929
260605_iris2dsweep_solver_export_no_norm,sim,f_pi2,sim,S11,offset_nan,06_3-7_TDS-Half-Plunger-Iris2DsweepSolverNonNorm-260604_110.s1p,06_3-7_TDS-Half-Plunger-Iris2DsweepSolverNonNorm-260604_111.s1p,,,2.8774448751896,2.877444,2.877444,-1.0170601458224911e-06,4.269212699227536e-09,-115.052753204857,-115.32398413376683,-0.27123092890983,359.72876907109014,119.72876907109014
260605_iris2dsweep_solver_export_no_norm,sim,f_pi2,sim,S11,offset_nan,06_3-7_TDS-Half-Plunger-Iris2DsweepSolverNonNorm-260604_111.s1p,06_3-7_TDS-Half-Plunger-Iris2DsweepSolverNonNorm-260604_112.s1p,,,2.8774448751896,2.877444,2.877444,4.269212699227536e-09,2.2433767021110633e-09,-115.32398413376683,-115.59388044636376,-0.26989631259692715,359.7301036874031,119.73010368740307
260605_iris2dsweep_solver_export_no_norm,sim,f_pi2,sim,S11,offset_nan,06_3-7_TDS-Half-Plunger-Iris2DsweepSolverNonNorm-260604_112.s1p,06_3-7_TDS-Half-Plunger-Iris2DsweepSolverNonNorm-260604_113.s1p,,,2.8774448751896,2.877444,2.877444,2.2433767021110633e-09,3.0606403729408923e-10,-115.59388044636376,-115.85176656840558,-0.2578861220418389,359.74211387795816,119.74211387795816
260605_iris2dsweep_solver_export_no_norm,sim,f_pi2,sim,S11,offset_nan,06_3-7_TDS-Half-Plunger-Iris2DsweepSolverNonNorm-260604_113.s1p,06_3-7_TDS-Half-Plunger-Iris2DsweepSolverNonNorm-260604_114.s1p,,,2.8774448751896,2.877444,2.877444,3.0606403729408923e-10,3.780863769806721e-09,-115.85176656840558,-116.10918469116446,-0.2574181227588781,359.74258187724115,119.74258187724115
260605_iris2dsweep_solver_export_no_norm,sim,f_pi2,sim,S11,offset_nan,06_3-7_TDS-Half-Plunger-Iris2DsweepSolverNonNorm-260604_114.s1p,06_3-7_TDS-Half-Plunger-Iris2DsweepSolverNonNorm-260604_115.s1p,,,2.8774448751896,2.877444,2.877444,3.780863769806721e-09,3.940608472684633e-10,-116.10918469116446,-116.35579097814953,-0.24660628698507026,359.75339371301493,119.75339371301493
260605_iris2dsweep_solver_export_no_norm,sim,f_pi2,sim,S11,offset_nan,06_3-7_TDS-Half-Plunger-Iris2DsweepSolverNonNorm-260604_115.s1p,06_3-7_TDS-Half-Plunger-Iris2DsweepSolverNonNorm-260604_116.s1p,,,2.8774448751896,2.877444,2.877444,3.940608472684633e-10,-4.9364173752031545e-09,-116.35579097814953,-116.59833227590141,-0.2425412977518704,359.75745870224813,119.75745870224813
260605_iris2dsweep_solver_export_no_norm,sim,f_pi2,sim,S11,offset_nan,06_3-7_TDS-Half-Plunger-Iris2DsweepSolverNonNorm-260604_116.s1p,06_3-7_TDS-Half-Plunger-Iris2DsweepSolverNonNorm-260604_117.s1p,,,2.8774448751896,2.877444,2.877444,-4.9364173752031545e-09,-2.7041130797915262e-09,-116.59833227590141,-116.84278721368987,-0.2444549377884755,359.7555450622115,119.75554506221152
260605_iris2dsweep_solver_export_no_norm,sim,f_pi2,sim,S11,offset_nan,06_3-7_TDS-Half-Plunger-Iris2DsweepSolverNonNorm-260604_117.s1p,06_3-7_TDS-Half-Plunger-Iris2DsweepSolverNonNorm-260604_118.s1p,,,2.8774448751896,2.877444,2.877444,-2.7041130797915262e-09,-2.3973335114217723e-09,-116.84278721368987,-117.07213688401075,-0.2293496703208575,359.77065032967914,119.77065032967914
260605_iris2dsweep_solver_export_no_norm,sim,f_pi2,sim,S11,offset_nan,06_3-7_TDS-Half-Plunger-Iris2DsweepSolverNonNorm-260604_118.s1p,06_3-7_TDS-Half-Plunger-Iris2DsweepSolverNonNorm-260604_119.s1p,,,2.8774448751896,2.877444,2.877444,-2.3973335114217723e-09,3.984203787968188e-09,-117.07213688401075,-121.12124932945676,-4.0491124454460135,355.950887554554,115.95088755455401
260605_iris2dsweep_solver_export_no_norm,sim,f_pi2,sim,S11,offset_nan,06_3-7_TDS-Half-Plunger-Iris2DsweepSolverNonNorm-260604_119.s1p,06_3-7_TDS-Half-Plunger-Iris2DsweepSolverNonNorm-260604_12.s1p,,,2.8774448751896,2.877444,2.877444,3.984203787968188e-09,-5.641566404661245e-10,-121.12124932945676,132.5290065610458,-106.34974410949746,253.65025589050254,13.650255890502535
260605_iris2dsweep_solver_export_no_norm,sim,f_pi2,sim,S11,offset_nan,06_3-7_TDS-Half-Plunger-Iris2DsweepSolverNonNorm-260604_12.s1p,06_3-7_TDS-Half-Plunger-Iris2DsweepSolverNonNorm-260604_120.s1p,,,2.8774448751896,2.877444,2.877444,-5.641566404661245e-10,-1.5793302014736283e-09,132.5290065610458,-121.26106938664367,106.2099240523105,106.2099240523105,-133.7900759476895
260605_iris2dsweep_solver_export_no_norm,sim,f_pi2,sim,S11,offset_nan,06_3-7_TDS-Half-Plunger-Iris2DsweepSolverNonNorm-260604_120.s1p,06_3-7_TDS-Half-Plunger-Iris2DsweepSolverNonNorm-260604_121.s1p,,,2.8774448751896,2.877444,2.877444,-1.5793302014736283e-09,-3.726454487111102e-09,-121.26106938664367,-121.40184085061645,-0.14077146397278284,359.8592285360272,119.85922853602722
260605_iris2dsweep_solver_export_no_norm,sim,f_pi2,sim,S11,offset_nan,06_3-7_TDS-Half-Plunger-Iris2DsweepSolverNonNorm-260604_121.s1p,06_3-7_TDS-Half-Plunger-Iris2DsweepSolverNonNorm-260604_122.s1p,,,2.8774448751896,2.877444,2.877444,-3.726454487111102e-09,-1.0396317984786513e-09,-121.40184085061645,-121.54228430211057,-0.14044345149412152,359.8595565485059,119.8595565485059
260605_iris2dsweep_solver_export_no_norm,sim,f_pi2,sim,S11,offset_nan,06_3-7_TDS-Half-Plunger-Iris2DsweepSolverNonNorm-260604_122.s1p,06_3-7_TDS-Half-Plunger-Iris2DsweepSolverNonNorm-260604_123.s1p,,,2.8774448751896,2.877444,2.877444,-1.0396317984786513e-09,3.909896570739225e-09,-121.54228430211057,-121.68908621394264,-0.14680191183208535,359.8531980881679,119.85319808816791
260605_iris2dsweep_solver_export_no_norm,sim,f_pi2,sim,S11,offset_nan,06_3-7_TDS-Half-Plunger-Iris2DsweepSolverNonNorm-260604_123.s1p,06_3-7_TDS-Half-Plunger-Iris2DsweepSolverNonNorm-260604_124.s1p,,,2.8774448751896,2.877444,2.877444,3.909896570739225e-09,5.216278705022072e-10,-121.68908621394264,-121.82705384687239,-0.1379676329297581,359.86203236707024,119.86203236707024
260605_iris2dsweep_solver_export_no_norm,sim,f_pi2,sim,S11,offset_nan,06_3-7_TDS-Half-Plunger-Iris2DsweepSolverNonNorm-260604_124.s1p,06_3-7_TDS-Half-Plunger-Iris2DsweepSolverNonNorm-260604_125.s1p,,,2.8774448751896,2.877444,2.877444,5.216278705022072e-10,-8.546005014860966e-10,-121.82705384687239,-121.97319059667545,-0.14613674980307678,359.8538632501969,119.85386325019692
260605_iris2dsweep_solver_export_no_norm,sim,f_pi2,sim,S11,offset_nan,06_3-7_TDS-Half-Plunger-Iris2DsweepSolverNonNorm-260604_125.s1p,06_3-7_TDS-Half-Plunger-Iris2DsweepSolverNonNorm-260604_126.s1p,,,2.8774448751896,2.877444,2.877444,-8.546005014860966e-10,-1.0616155717363255e-09,-121.97319059667545,-122.11350290194252,-0.1403123052670594,359.85968769473294,119.85968769473294
260605_iris2dsweep_solver_export_no_norm,sim,f_pi2,sim,S11,offset_nan,06_3-7_TDS-Half-Plunger-Iris2DsweepSolverNonNorm-260604_126.s1p,06_3-7_TDS-Half-Plunger-Iris2DsweepSolverNonNorm-260604_127.s1p,,,2.8774448751896,2.877444,2.877444,-1.0616155717363255e-09,1.6261145482176633e-09,-122.11350290194252,-122.25653046412349,-0.14302756218097556,359.856972437819,119.85697243781902
260605_iris2dsweep_solver_export_no_norm,sim,f_pi2,sim,S11,offset_nan,06_3-7_TDS-Half-Plunger-Iris2DsweepSolverNonNorm-260604_127.s1p,06_3-7_TDS-Half-Plunger-Iris2DsweepSolverNonNorm-260604_128.s1p,,,2.8774448751896,2.877444,2.877444,1.6261145482176633e-09,1.924618258118354e-09,-122.25653046412349,-125.51027366701506,-3.2537432028915703,356.74625679710846,116.74625679710846
260605_iris2dsweep_solver_export_no_norm,sim,f_pi2,sim,S11,offset_nan,06_3-7_TDS-Half-Plunger-Iris2DsweepSolverNonNorm-260604_128.s1p,06_3-7_TDS-Half-Plunger-Iris2DsweepSolverNonNorm-260604_129.s1p,,,2.8774448751896,2.877444,2.877444,1.924618258118354e-09,-3.753657200626818e-09,-125.51027366701506,-125.60609137098265,-0.09581770396761158,359.9041822960324,119.90418229603239
260605_iris2dsweep_solver_export_no_norm,sim,f_pi2,sim,S11,offset_nan,06_3-7_TDS-Half-Plunger-Iris2DsweepSolverNonNorm-260604_129.s1p,06_3-7_TDS-Half-Plunger-Iris2DsweepSolverNonNorm-260604_13.s1p,,,2.8774448751896,2.877444,2.877444,-3.753657200626818e-09,2.6764137368089775e-09,-125.60609137098265,127.10562114616391,-107.28828748285343,252.71171251714657,12.711712517146566
260605_iris2dsweep_solver_export_no_norm,sim,f_pi2,sim,S11,offset_nan,06_3-7_TDS-Half-Plunger-Iris2DsweepSolverNonNorm-260604_13.s1p,06_3-7_TDS-Half-Plunger-Iris2DsweepSolverNonNorm-260604_130.s1p,,,2.8774448751896,2.877444,2.877444,2.6764137368089775e-09,2.1357905440047003e-09,127.10562114616391,-125.70093100139314,107.19344785244294,107.19344785244294,-132.80655214755706
260605_iris2dsweep_solver_export_no_norm,sim,f_pi2,sim,S11,offset_nan,06_3-7_TDS-Half-Plunger-Iris2DsweepSolverNonNorm-260604_130.s1p,06_3-7_TDS-Half-Plunger-Iris2DsweepSolverNonNorm-260604_131.s1p,,,2.8774448751896,2.877444,2.877444,2.1357905440047003e-09,3.0186863417103927e-09,-125.70093100139314,-125.80005360440795,-0.09912260301479137,359.9008773969852,119.90087739698521
260605_iris2dsweep_solver_export_no_norm,sim,f_pi2,sim,S11,offset_nan,06_3-7_TDS-Half-Plunger-Iris2DsweepSolverNonNorm-260604_131.s1p,06_3-7_TDS-Half-Plunger-Iris2DsweepSolverNonNorm-260604_132.s1p,,,2.8774448751896,2.877444,2.877444,3.0186863417103927e-09,3.73015750298234e-09,-125.80005360440795,-125.89951464010774,-0.09946103569978959,359.9005389643002,119.90053896430021
260605_iris2dsweep_solver_export_no_norm,sim,f_pi2,sim,S11,offset_nan,06_3-7_TDS-Half-Plunger-Iris2DsweepSolverNonNorm-260604_132.s1p,06_3-7_TDS-Half-Plunger-Iris2DsweepSolverNonNorm-260604_133.s1p,,,2.8774448751896,2.877444,2.877444,3.73015750298234e-09,1.5737477094835992e-09,-125.89951464010774,-125.99891131149474,-0.09939667138701225,359.900603328613,119.90060332861299
260605_iris2dsweep_solver_export_no_norm,sim,f_pi2,sim,S11,offset_nan,06_3-7_TDS-Half-Plunger-Iris2DsweepSolverNonNorm-260604_133.s1p,06_3-7_TDS-Half-Plunger-Iris2DsweepSolverNonNorm-260604_134.s1p,,,2.8774448751896,2.877444,2.877444,1.5737477094835992e-09,-2.1401907707608396e-09,-125.99891131149474,-126.10914583267733,-0.11023452118257637,359.8897654788174,119.88976547881742
260605_iris2dsweep_solver_export_no_norm,sim,f_pi2,sim,S11,offset_nan,06_3-7_TDS-Half-Plunger-Iris2DsweepSolverNonNorm-260604_134.s1p,06_3-7_TDS-Half-Plunger-Iris2DsweepSolverNonNorm-260604_135.s1p,,,2.8774448751896,2.877444,2.877444,-2.1401907707608396e-09,-1.6512179209948886e-10,-126.10914583267733,-126.21200283862682,-0.10285700594948821,359.8971429940505,119.89714299405051
260605_iris2dsweep_solver_export_no_norm,sim,f_pi2,sim,S11,offset_nan,06_3-7_TDS-Half-Plunger-Iris2DsweepSolverNonNorm-260604_135.s1p,06_3-7_TDS-Half-Plunger-Iris2DsweepSolverNonNorm-260604_136.s1p,,,2.8774448751896,2.877444,2.877444,-1.6512179209948886e-10,-3.999153758516582e-09,-126.21200283862682,-126.31586254412522,-0.10385970549839385,359.8961402945016,119.8961402945016
260605_iris2dsweep_solver_export_no_norm,sim,f_pi2,sim,S11,offset_nan,06_3-7_TDS-Half-Plunger-Iris2DsweepSolverNonNorm-260604_136.s1p,06_3-7_TDS-Half-Plunger-Iris2DsweepSolverNonNorm-260604_137.s1p,,,2.8774448751896,2.877444,2.877444,-3.999153758516582e-09,5.046827082609339e-10,-126.31586254412522,-128.72087456548587,-2.4050120213606476,357.5949879786393,117.59498797863932
260605_iris2dsweep_solver_export_no_norm,sim,f_pi2,sim,S11,offset_nan,06_3-7_TDS-Half-Plunger-Iris2DsweepSolverNonNorm-260604_137.s1p,06_3-7_TDS-Half-Plunger-Iris2DsweepSolverNonNorm-260604_138.s1p,,,2.8774448751896,2.877444,2.877444,5.046827082609339e-10,3.332333850092182e-09,-128.72087456548587,-128.8204205942624,-0.09954602877652974,359.90045397122344,119.90045397122344
260605_iris2dsweep_solver_export_no_norm,sim,f_pi2,sim,S11,offset_nan,06_3-7_TDS-Half-Plunger-Iris2DsweepSolverNonNorm-260604_138.s1p,06_3-7_TDS-Half-Plunger-Iris2DsweepSolverNonNorm-260604_139.s1p,,,2.8774448751896,2.877444,2.877444,3.332333850092182e-09,2.0174617779221027e-09,-128.8204205942624,-128.9178745828908,-0.09745398862838783,359.9025460113716,119.90254601137161
260605_iris2dsweep_solver_export_no_norm,sim,f_pi2,sim,S11,offset_nan,06_3-7_TDS-Half-Plunger-Iris2DsweepSolverNonNorm-260604_139.s1p,06_3-7_TDS-Half-Plunger-Iris2DsweepSolverNonNorm-260604_14.s1p,,,2.8774448751896,2.877444,2.877444,2.0174617779221027e-09,-3.145047956199164e-10,-128.9178745828908,121.3735819108491,-109.70854350626013,250.29145649373987,10.291456493739872
260605_iris2dsweep_solver_export_no_norm,sim,f_pi2,sim,S11,offset_nan,06_3-7_TDS-Half-Plunger-Iris2DsweepSolverNonNorm-260604_14.s1p,06_3-7_TDS-Half-Plunger-Iris2DsweepSolverNonNorm-260604_140.s1p,,,2.8774448751896,2.877444,2.877444,-3.145047956199164e-10,-1.035185284529843e-09,121.3735819108491,-129.017763757956,109.60865433119488,109.60865433119488,-130.39134566880512
260605_iris2dsweep_solver_export_no_norm,sim,f_pi2,sim,S11,offset_nan,06_3-7_TDS-Half-Plunger-Iris2DsweepSolverNonNorm-260604_140.s1p,06_3-7_TDS-Half-Plunger-Iris2DsweepSolverNonNorm-260604_141.s1p,,,2.8774448751896,2.877444,2.877444,-1.035185284529843e-09,2.2144719506360125e-09,-129.017763757956,-129.12070118747403,-0.10293742951802187,359.897062570482,119.89706257048198
260605_iris2dsweep_solver_export_no_norm,sim,f_pi2,sim,S11,offset_nan,06_3-7_TDS-Half-Plunger-Iris2DsweepSolverNonNorm-260604_141.s1p,06_3-7_TDS-Half-Plunger-Iris2DsweepSolverNonNorm-260604_142.s1p,,,2.8774448751896,2.877444,2.877444,2.2144719506360125e-09,2.494177060888912e-09,-129.12070118747403,-129.2218669805712,-0.10116579309718077,359.89883420690285,119.89883420690285
260605_iris2dsweep_solver_export_no_norm,sim,f_pi2,sim,S11,offset_nan,06_3-7_TDS-Half-Plunger-Iris2DsweepSolverNonNorm-260604_142.s1p,06_3-7_TDS-Half-Plunger-Iris2DsweepSolverNonNorm-260604_143.s1p,,,2.8774448751896,2.877444,2.877444,2.494177060888912e-09,3.2881792240704672e-09,-129.2218669805712,-129.32002181385195,-0.09815483328074492,359.9018451667192,119.90184516671923
260605_iris2dsweep_solver_export_no_norm,sim,f_pi2,sim,S11,offset_nan,06_3-7_TDS-Half-Plunger-Iris2DsweepSolverNonNorm-260604_143.s1p,06_3-7_TDS-Half-Plunger-Iris2DsweepSolverNonNorm-260604_144.s1p,,,2.8774448751896,2.877444,2.877444,3.2881792240704672e-09,-2.407699067362621e-09,-129.32002181385195,-129.4280061506732,-0.10798433682126074,359.89201566317877,119.89201566317877
260605_iris2dsweep_solver_export_no_norm,sim,f_pi2,sim,S11,offset_nan,06_3-7_TDS-Half-Plunger-Iris2DsweepSolverNonNorm-260604_144.s1p,06_3-7_TDS-Half-Plunger-Iris2DsweepSolverNonNorm-260604_145.s1p,,,2.8774448751896,2.877444,2.877444,-2.407699067362621e-09,4.369763124115044e-09,-129.4280061506732,-129.5324854836618,-0.10447933298857492,359.8955206670114,119.8955206670114
260605_iris2dsweep_solver_export_no_norm,sim,f_pi2,sim,S11,offset_nan,06_3-7_TDS-Half-Plunger-Iris2DsweepSolverNonNorm-260604_145.s1p,06_3-7_TDS-Half-Plunger-Iris2DsweepSolverNonNorm-260604_146.s1p,,,2.8774448751896,2.877444,2.877444,4.369763124115044e-09,-2.2979923528268817e-10,-129.5324854836618,-131.09698468849257,-1.5644992048307813,358.4355007951692,118.43550079516922
260605_iris2dsweep_solver_export_no_norm,sim,f_pi2,sim,S11,offset_nan,06_3-7_TDS-Half-Plunger-Iris2DsweepSolverNonNorm-260604_146.s1p,06_3-7_TDS-Half-Plunger-Iris2DsweepSolverNonNorm-260604_147.s1p,,,2.8774448751896,2.877444,2.877444,-2.2979923528268817e-10,1.124965135858883e-09,-131.09698468849257,-131.2192413709169,-0.12225668242433585,359.87774331757566,119.87774331757566
260605_iris2dsweep_solver_export_no_norm,sim,f_pi2,sim,S11,offset_nan,06_3-7_TDS-Half-Plunger-Iris2DsweepSolverNonNorm-260604_147.s1p,06_3-7_TDS-Half-Plunger-Iris2DsweepSolverNonNorm-260604_148.s1p,,,2.8774448751896,2.877444,2.877444,1.124965135858883e-09,-1.786159156540047e-09,-131.2192413709169,-131.34401361563022,-0.12477224471331283,359.8752277552867,119.87522775528669
260605_iris2dsweep_solver_export_no_norm,sim,f_pi2,sim,S11,offset_nan,06_3-7_TDS-Half-Plunger-Iris2DsweepSolverNonNorm-260604_148.s1p,06_3-7_TDS-Half-Plunger-Iris2DsweepSolverNonNorm-260604_149.s1p,,,2.8774448751896,2.877444,2.877444,-1.786159156540047e-09,-3.82486217646071e-09,-131.34401361563022,-131.46692342227698,-0.12290980664675999,359.87709019335324,119.87709019335324
260605_iris2dsweep_solver_export_no_norm,sim,f_pi2,sim,S11,offset_nan,06_3-7_TDS-Half-Plunger-Iris2DsweepSolverNonNorm-260604_149.s1p,06_3-7_TDS-Half-Plunger-Iris2DsweepSolverNonNorm-260604_15.s1p,,,2.8774448751896,2.877444,2.877444,-3.82486217646071e-09,-1.9486178990084213e-06,-131.46692342227698,115.35120820957722,-113.18186836814579,246.81813163185421,6.8181316318542144
260605_iris2dsweep_solver_export_no_norm,sim,f_pi2,sim,S11,offset_nan,06_3-7_TDS-Half-Plunger-Iris2DsweepSolverNonNorm-260604_15.s1p,06_3-7_TDS-Half-Plunger-Iris2DsweepSolverNonNorm-260604_150.s1p,,,2.8774448751896,2.877444,2.877444,-1.9486178990084213e-06,-1.249901473933375e-09,115.35120820957722,-131.59060964058216,113.0581821498406,113.0581821498406,-126.9418178501594
260605_iris2dsweep_solver_export_no_norm,sim,f_pi2,sim,S11,offset_nan,06_3-7_TDS-Half-Plunger-Iris2DsweepSolverNonNorm-260604_150.s1p,06_3-7_TDS-Half-Plunger-Iris2DsweepSolverNonNorm-260604_151.s1p,,,2.8774448751896,2.877444,2.877444,-1.249901473933375e-09,-1.909406957084042e-09,-131.59060964058216,-131.71272858253516,-0.12211894195300488,359.877881058047,119.87788105804702
260605_iris2dsweep_solver_export_no_norm,sim,f_pi2,sim,S11,offset_nan,06_3-7_TDS-Half-Plunger-Iris2DsweepSolverNonNorm-260604_151.s1p,06_3-7_TDS-Half-Plunger-Iris2DsweepSolverNonNorm-260604_152.s1p,,,2.8774448751896,2.877444,2.877444,-1.909406957084042e-09,1.752163720160319e-10,-131.71272858253516,-131.83657045187869,-0.12384186934352215,359.87615813065645,119.87615813065645
260605_iris2dsweep_solver_export_no_norm,sim,f_pi2,sim,S11,offset_nan,06_3-7_TDS-Half-Plunger-Iris2DsweepSolverNonNorm-260604_152.s1p,06_3-7_TDS-Half-Plunger-Iris2DsweepSolverNonNorm-260604_153.s1p,,,2.8774448751896,2.877444,2.877444,1.752163720160319e-10,4.51139582771025e-09,-131.83657045187869,-131.95647435758775,-0.11990390570906584,359.88009609429093,119.88009609429093
260605_iris2dsweep_solver_export_no_norm,sim,f_pi2,sim,S11,offset_nan,06_3-7_TDS-Half-Plunger-Iris2DsweepSolverNonNorm-260604_153.s1p,06_3-7_TDS-Half-Plunger-Iris2DsweepSolverNonNorm-260604_154.s1p,,,2.8774448751896,2.877444,2.877444,4.51139582771025e-09,6.129091798252467e-10,-131.95647435758775,-132.07905962299844,-0.12258526541069159,359.8774147345893,119.87741473458931
260605_iris2dsweep_solver_export_no_norm,sim,f_pi2,sim,S11,offset_nan,06_3-7_TDS-Half-Plunger-Iris2DsweepSolverNonNorm-260604_154.s1p,06_3-7_TDS-Half-Plunger-Iris2DsweepSolverNonNorm-260604_16.s1p,,,2.8774448751896,2.877444,2.877444,6.129091798252467e-10,-5.251855517521961e-07,-132.07905962299844,109.02865987095346,-118.89228050604811,241.1077194939519,1.1077194939518904
260605_iris2dsweep_solver_export_no_norm,sim,f_pi2,sim,S11,offset_nan,06_3-7_TDS-Half-Plunger-Iris2DsweepSolverNonNorm-260604_16.s1p,06_3-7_TDS-Half-Plunger-Iris2DsweepSolverNonNorm-260604_17.s1p,,,2.8774448751896,2.877444,2.877444,-5.251855517521961e-07,-5.139045526006226e-06,109.02865987095346,102.43907570831912,-6.589584162634338,353.4104158373657,113.41041583736569
260605_iris2dsweep_solver_export_no_norm,sim,f_pi2,sim,S11,offset_nan,06_3-7_TDS-Half-Plunger-Iris2DsweepSolverNonNorm-260604_17.s1p,06_3-7_TDS-Half-Plunger-Iris2DsweepSolverNonNorm-260604_18.s1p,,,2.8774448751896,2.877444,2.877444,-5.139045526006226e-06,-3.58661692440829e-06,102.43907570831912,95.62072224979046,-6.818353458528662,353.1816465414713,113.18164654147131
260605_iris2dsweep_solver_export_no_norm,sim,f_pi2,sim,S11,offset_nan,06_3-7_TDS-Half-Plunger-Iris2DsweepSolverNonNorm-260604_18.s1p,06_3-7_TDS-Half-Plunger-Iris2DsweepSolverNonNorm-260604_19.s1p,,,2.8774448751896,2.877444,2.877444,-3.58661692440829e-06,-4.888134686875812e-06,95.62072224979046,88.58228421701007,-7.038438032780391,352.9615619672196,112.96156196721961
260605_iris2dsweep_solver_export_no_norm,sim,f_pi2,sim,S11,offset_nan,06_3-7_TDS-Half-Plunger-Iris2DsweepSolverNonNorm-260604_19.s1p,06_3-7_TDS-Half-Plunger-Iris2DsweepSolverNonNorm-260604_2.s1p,,,2.8774448751896,2.877444,2.877444,-4.888134686875812e-06,-1.498654565607486e-09,88.58228421701007,-64.93305301622081,-153.51533723323087,206.48466276676913,-33.515337233230866
260605_iris2dsweep_solver_export_no_norm,sim,f_pi2,sim,S11,offset_nan,06_3-7_TDS-Half-Plunger-Iris2DsweepSolverNonNorm-260604_2.s1p,06_3-7_TDS-Half-Plunger-Iris2DsweepSolverNonNorm-260604_20.s1p,,,2.8774448751896,2.877444,2.877444,-1.498654565607486e-09,-3.4734091597994428e-06,-64.93305301622081,81.38710531777744,146.32015833399828,146.32015833399828,-93.67984166600172
260605_iris2dsweep_solver_export_no_norm,sim,f_pi2,sim,S11,offset_nan,06_3-7_TDS-Half-Plunger-Iris2DsweepSolverNonNorm-260604_20.s1p,06_3-7_TDS-Half-Plunger-Iris2DsweepSolverNonNorm-260604_21.s1p,,,2.8774448751896,2.877444,2.877444,-3.4734091597994428e-06,-1.180760664343808e-06,81.38710531777744,124.40255607796591,43.01545076018846,43.01545076018846,-196.98454923981154
260605_iris2dsweep_solver_export_no_norm,sim,f_pi2,sim,S11,offset_nan,06_3-7_TDS-Half-Plunger-Iris2DsweepSolverNonNorm-260604_21.s1p,06_3-7_TDS-Half-Plunger-Iris2DsweepSolverNonNorm-260604_22.s1p,,,2.8774448751896,2.877444,2.877444,-1.180760664343808e-06,-4.184323047087128e-06,124.40255607796591,118.01884136599443,-6.383714711971493,353.6162852880285,113.61628528802851
260605_iris2dsweep_solver_export_no_norm,sim,f_pi2,sim,S11,offset_nan,06_3-7_TDS-Half-Plunger-Iris2DsweepSolverNonNorm-260604_22.s1p,06_3-7_TDS-Half-Plunger-Iris2DsweepSolverNonNorm-260604_23.s1p,,,2.8774448751896,2.877444,2.877444,-4.184323047087128e-06,-3.918079287846232e-06,118.01884136599443,111.30186387319397,-6.716977492800481,353.2830225071995,113.28302250719952
260605_iris2dsweep_solver_export_no_norm,sim,f_pi2,sim,S11,offset_nan,06_3-7_TDS-Half-Plunger-Iris2DsweepSolverNonNorm-260604_23.s1p,06_3-7_TDS-Half-Plunger-Iris2DsweepSolverNonNorm-260604_24.s1p,,,2.8774448751896,2.877444,2.877444,-3.918079287846232e-06,-5.2370987871034364e-06,111.30186387319397,104.24434115992737,-7.057522713266593,352.9424772867334,112.94247728673338
260605_iris2dsweep_solver_export_no_norm,sim,f_pi2,sim,S11,offset_nan,06_3-7_TDS-Half-Plunger-Iris2DsweepSolverNonNorm-260604_24.s1p,06_3-7_TDS-Half-Plunger-Iris2DsweepSolverNonNorm-260604_25.s1p,,,2.8774448751896,2.877444,2.877444,-5.2370987871034364e-06,-3.929888218790899e-06,104.24434115992737,96.89128630650664,-7.35305485342073,352.64694514657924,112.64694514657924
260605_iris2dsweep_solver_export_no_norm,sim,f_pi2,sim,S11,offset_nan,06_3-7_TDS-Half-Plunger-Iris2DsweepSolverNonNorm-260604_25.s1p,06_3-7_TDS-Half-Plunger-Iris2DsweepSolverNonNorm-260604_26.s1p,,,2.8774448751896,2.877444,2.877444,-3.929888218790899e-06,-3.201188648691508e-06,96.89128630650664,89.27570092375589,-7.615585382750737,352.38441461724926,112.38441461724926
260605_iris2dsweep_solver_export_no_norm,sim,f_pi2,sim,S11,offset_nan,06_3-7_TDS-Half-Plunger-Iris2DsweepSolverNonNorm-260604_26.s1p,06_3-7_TDS-Half-Plunger-Iris2DsweepSolverNonNorm-260604_27.s1p,,,2.8774448751896,2.877444,2.877444,-3.201188648691508e-06,-3.9013719176910755e-09,89.27570092375589,81.46908050205401,-7.8066204217018935,352.1933795782981,112.1933795782981
260605_iris2dsweep_solver_export_no_norm,sim,f_pi2,sim,S11,offset_nan,06_3-7_TDS-Half-Plunger-Iris2DsweepSolverNonNorm-260604_27.s1p,06_3-7_TDS-Half-Plunger-Iris2DsweepSolverNonNorm-260604_28.s1p,,,2.8774448751896,2.877444,2.877444,-3.9013719176910755e-09,-4.603259593220438e-09,81.46908050205401,73.53192927922802,-7.937151222826003,352.062848777174,112.062848777174
260605_iris2dsweep_solver_export_no_norm,sim,f_pi2,sim,S11,offset_nan,06_3-7_TDS-Half-Plunger-Iris2DsweepSolverNonNorm-260604_28.s1p,06_3-7_TDS-Half-Plunger-Iris2DsweepSolverNonNorm-260604_29.s1p,,,2.8774448751896,2.877444,2.877444,-4.603259593220438e-09,-6.930450859719247e-06,73.53192927922802,65.51202889753428,-8.01990038169373,351.98009961830627,111.98009961830627
260605_iris2dsweep_solver_export_no_norm,sim,f_pi2,sim,S11,offset_nan,06_3-7_TDS-Half-Plunger-Iris2DsweepSolverNonNorm-260604_29.s1p,06_3-7_TDS-Half-Plunger-Iris2DsweepSolverNonNorm-260604_3.s1p,,,2.8774448751896,2.877444,2.877444,-6.930450859719247e-06,-2.1668215576808886e-05,65.51202889753428,138.3112165188056,72.7991876212713,72.7991876212713,-167.2008123787287
260605_iris2dsweep_solver_export_no_norm,sim,f_pi2,sim,S11,offset_nan,06_3-7_TDS-Half-Plunger-Iris2DsweepSolverNonNorm-260604_3.s1p,06_3-7_TDS-Half-Plunger-Iris2DsweepSolverNonNorm-260604_30.s1p,,,2.8774448751896,2.877444,2.877444,-2.1668215576808886e-05,-1.1250416346370614e-06,138.3112165188056,112.67764426391382,-25.63357225489176,334.36642774510824,94.36642774510824
260605_iris2dsweep_solver_export_no_norm,sim,f_pi2,sim,S11,offset_nan,06_3-7_TDS-Half-Plunger-Iris2DsweepSolverNonNorm-260604_30.s1p,06_3-7_TDS-Half-Plunger-Iris2DsweepSolverNonNorm-260604_31.s1p,,,2.8774448751896,2.877444,2.877444,-1.1250416346370614e-06,-3.4326415547712233e-07,112.67764426391382,105.01596938160297,-7.661674882310848,352.3383251176891,112.33832511768912
260605_iris2dsweep_solver_export_no_norm,sim,f_pi2,sim,S11,offset_nan,06_3-7_TDS-Half-Plunger-Iris2DsweepSolverNonNorm-260604_31.s1p,06_3-7_TDS-Half-Plunger-Iris2DsweepSolverNonNorm-260604_32.s1p,,,2.8774448751896,2.877444,2.877444,-3.4326415547712233e-07,4.001407389963591e-09,105.01596938160297,96.97981897441241,-8.036150407190576,351.9638495928094,111.96384959280942
260605_iris2dsweep_solver_export_no_norm,sim,f_pi2,sim,S11,offset_nan,06_3-7_TDS-Half-Plunger-Iris2DsweepSolverNonNorm-260604_32.s1p,06_3-7_TDS-Half-Plunger-Iris2DsweepSolverNonNorm-260604_33.s1p,,,2.8774448751896,2.877444,2.877444,4.001407389963591e-09,2.754693983209434e-09,96.97981897441241,88.65842732755422,-8.321391646858189,351.67860835314184,111.67860835314184
260605_iris2dsweep_solver_export_no_norm,sim,f_pi2,sim,S11,offset_nan,06_3-7_TDS-Half-Plunger-Iris2DsweepSolverNonNorm-260604_33.s1p,06_3-7_TDS-Half-Plunger-Iris2DsweepSolverNonNorm-260604_34.s1p,,,2.8774448751896,2.877444,2.877444,2.754693983209434e-09,-2.5491167260455453e-09,88.65842732755422,80.0668297966687,-8.591597530885508,351.4084024691145,111.40840246911449
260605_iris2dsweep_solver_export_no_norm,sim,f_pi2,sim,S11,offset_nan,06_3-7_TDS-Half-Plunger-Iris2DsweepSolverNonNorm-260604_34.s1p,06_3-7_TDS-Half-Plunger-Iris2DsweepSolverNonNorm-260604_35.s1p,,,2.8774448751896,2.877444,2.877444,-2.5491167260455453e-09,4.022688168485659e-09,80.0668297966687,71.35547562486815,-8.711354171800565,351.28864582819944,111.28864582819944
260605_iris2dsweep_solver_export_no_norm,sim,f_pi2,sim,S11,offset_nan,06_3-7_TDS-Half-Plunger-Iris2DsweepSolverNonNorm-260604_35.s1p,06_3-7_TDS-Half-Plunger-Iris2DsweepSolverNonNorm-260604_36.s1p,,,2.8774448751896,2.877444,2.877444,4.022688168485659e-09,-7.566797975407938e-10,71.35547562486815,62.5821413211391,-8.773334303729058,351.22666569627097,111.22666569627097
260605_iris2dsweep_solver_export_no_norm,sim,f_pi2,sim,S11,offset_nan,06_3-7_TDS-Half-Plunger-Iris2DsweepSolverNonNorm-260604_36.s1p,06_3-7_TDS-Half-Plunger-Iris2DsweepSolverNonNorm-260604_37.s1p,,,2.8774448751896,2.877444,2.877444,-7.566797975407938e-10,-1.3454929356929989e-05,62.5821413211391,53.849286051814104,-8.732855269325,351.267144730675,111.267144730675
260605_iris2dsweep_solver_export_no_norm,sim,f_pi2,sim,S11,offset_nan,06_3-7_TDS-Half-Plunger-Iris2DsweepSolverNonNorm-260604_37.s1p,06_3-7_TDS-Half-Plunger-Iris2DsweepSolverNonNorm-260604_38.s1p,,,2.8774448751896,2.877444,2.877444,-1.3454929356929989e-05,-3.977965822209141e-06,53.849286051814104,45.254120285039015,-8.595165766775096,351.4048342332249,111.4048342332249
260605_iris2dsweep_solver_export_no_norm,sim,f_pi2,sim,S11,offset_nan,06_3-7_TDS-Half-Plunger-Iris2DsweepSolverNonNorm-260604_38.s1p,06_3-7_TDS-Half-Plunger-Iris2DsweepSolverNonNorm-260604_39.s1p,,,2.8774448751896,2.877444,2.877444,-3.977965822209141e-06,-2.314702219445341e-09,45.254120285039015,95.27960877389357,50.02548848885456,50.02548848885456,-189.97451151114544
260605_iris2dsweep_solver_export_no_norm,sim,f_pi2,sim,S11,offset_nan,06_3-7_TDS-Half-Plunger-Iris2DsweepSolverNonNorm-260604_39.s1p,06_3-7_TDS-Half-Plunger-Iris2DsweepSolverNonNorm-260604_4.s1p,,,2.8774448751896,2.877444,2.877444,-2.314702219445341e-09,-3.4938334588325503e-06,95.27960877389357,133.59450959753963,38.31490082364604,38.31490082364604,-201.68509917635396
260605_iris2dsweep_solver_export_no_norm,sim,f_pi2,sim,S11,offset_nan,06_3-7_TDS-Half-Plunger-Iris2DsweepSolverNonNorm-260604_4.s1p,06_3-7_TDS-Half-Plunger-Iris2DsweepSolverNonNorm-260604_40.s1p,,,2.8774448751896,2.877444,2.877444,-3.4938334588325503e-06,-2.5196015552681375e-09,133.59450959753963,86.02172498761657,-47.572784609923076,312.4272153900769,72.42721539007692
260605_iris2dsweep_solver_export_no_norm,sim,f_pi2,sim,S11,offset_nan,06_3-7_TDS-Half-Plunger-Iris2DsweepSolverNonNorm-260604_40.s1p,06_3-7_TDS-Half-Plunger-Iris2DsweepSolverNonNorm-260604_41.s1p,,,2.8774448751896,2.877444,2.877444,-2.5196015552681375e-09,5.699368192804539e-11,86.02172498761657,76.45816521930175,-9.563559768314803,350.4364402316852,110.4364402316852
260605_iris2dsweep_solver_export_no_norm,sim,f_pi2,sim,S11,offset_nan,06_3-7_TDS-Half-Plunger-Iris2DsweepSolverNonNorm-260604_41.s1p,06_3-7_TDS-Half-Plunger-Iris2DsweepSolverNonNorm-260604_42.s1p,,,2.8774448751896,2.877444,2.877444,5.699368192804539e-11,-3.898870452241712e-09,76.45816521930175,66.76463764820976,-9.693527571091977,350.306472428908,110.30647242890802
260605_iris2dsweep_solver_export_no_norm,sim,f_pi2,sim,S11,offset_nan,06_3-7_TDS-Half-Plunger-Iris2DsweepSolverNonNorm-260604_42.s1p,06_3-7_TDS-Half-Plunger-Iris2DsweepSolverNonNorm-260604_43.s1p,,,2.8774448751896,2.877444,2.877444,-3.898870452241712e-09,-4.727782234715885e-09,66.76463764820976,57.06530971835736,-9.699327929852387,350.3006720701476,110.30067207014758
260605_iris2dsweep_solver_export_no_norm,sim,f_pi2,sim,S11,offset_nan,06_3-7_TDS-Half-Plunger-Iris2DsweepSolverNonNorm-260604_43.s1p,06_3-7_TDS-Half-Plunger-Iris2DsweepSolverNonNorm-260604_44.s1p,,,2.8774448751896,2.877444,2.877444,-4.727782234715885e-09,-4.559951595197745e-05,57.06530971835736,47.49136578446854,-9.573943933888813,350.4260560661112,110.42605606611119
260605_iris2dsweep_solver_export_no_norm,sim,f_pi2,sim,S11,offset_nan,06_3-7_TDS-Half-Plunger-Iris2DsweepSolverNonNorm-260604_44.s1p,06_3-7_TDS-Half-Plunger-Iris2DsweepSolverNonNorm-260604_45.s1p,,,2.8774448751896,2.877444,2.877444,-4.559951595197745e-05,-5.60148714122506e-05,47.49136578446854,38.154139841344985,-9.337225943123542,350.66277405687646,110.66277405687646
260605_iris2dsweep_solver_export_no_norm,sim,f_pi2,sim,S11,offset_nan,06_3-7_TDS-Half-Plunger-Iris2DsweepSolverNonNorm-260604_45.s1p,06_3-7_TDS-Half-Plunger-Iris2DsweepSolverNonNorm-260604_46.s1p,,,2.8774448751896,2.877444,2.877444,-5.60148714122506e-05,-3.120600115878562e-05,38.154139841344985,29.183306693432492,-8.970833147912487,351.02916685208754,111.02916685208754
260605_iris2dsweep_solver_export_no_norm,sim,f_pi2,sim,S11,offset_nan,06_3-7_TDS-Half-Plunger-Iris2DsweepSolverNonNorm-260604_46.s1p,06_3-7_TDS-Half-Plunger-Iris2DsweepSolverNonNorm-260604_47.s1p,,,2.8774448751896,2.877444,2.877444,-3.120600115878562e-05,-2.3238120093692444e-05,29.183306693432492,20.643534582360868,-8.539772111071613,351.4602278889284,111.46022788892839
260605_iris2dsweep_solver_export_no_norm,sim,f_pi2,sim,S11,offset_nan,06_3-7_TDS-Half-Plunger-Iris2DsweepSolverNonNorm-260604_47.s1p,06_3-7_TDS-Half-Plunger-Iris2DsweepSolverNonNorm-260604_48.s1p,,,2.8774448751896,2.877444,2.877444,-2.3238120093692444e-05,-1.1458127154364103e-05,20.643534582360868,69.35992631157406,48.71639172921317,48.71639172921317,-191.28360827078683
260605_iris2dsweep_solver_export_no_norm,sim,f_pi2,sim,S11,offset_nan,06_3-7_TDS-Half-Plunger-Iris2DsweepSolverNonNorm-260604_48.s1p,06_3-7_TDS-Half-Plunger-Iris2DsweepSolverNonNorm-260604_49.s1p,,,2.8774448751896,2.877444,2.877444,-1.1458127154364103e-05,-4.05766888107023e-05,69.35992631157406,58.49446455925865,-10.865461752315412,349.1345382476846,109.13453824768459
260605_iris2dsweep_solver_export_no_norm,sim,f_pi2,sim,S11,offset_nan,06_3-7_TDS-Half-Plunger-Iris2DsweepSolverNonNorm-260604_49.s1p,06_3-7_TDS-Half-Plunger-Iris2DsweepSolverNonNorm-260604_5.s1p,,,2.8774448751896,2.877444,2.877444,-4.05766888107023e-05,3.137040180293472e-09,58.49446455925865,128.62419744584375,70.12973288658509,70.12973288658509,-169.8702671134149
260605_iris2dsweep_solver_export_no_norm,sim,f_pi2,sim,S11,offset_nan,06_3-7_TDS-Half-Plunger-Iris2DsweepSolverNonNorm-260604_5.s1p,06_3-7_TDS-Half-Plunger-Iris2DsweepSolverNonNorm-260604_50.s1p,,,2.8774448751896,2.877444,2.877444,3.137040180293472e-09,-5.2997909001537054e-05,128.62419744584375,47.762349119730345,-80.8618483261134,279.13815167388657,39.13815167388657
260605_iris2dsweep_solver_export_no_norm,sim,f_pi2,sim,S11,offset_nan,06_3-7_TDS-Half-Plunger-Iris2DsweepSolverNonNorm-260604_50.s1p,06_3-7_TDS-Half-Plunger-Iris2DsweepSolverNonNorm-260604_51.s1p,,,2.8774448751896,2.877444,2.877444,-5.2997909001537054e-05,-4.306456342073162e-05,47.762349119730345,37.308281198844575,-10.454067920885763,349.5459320791142,109.54593207911421
260605_iris2dsweep_solver_export_no_norm,sim,f_pi2,sim,S11,offset_nan,06_3-7_TDS-Half-Plunger-Iris2DsweepSolverNonNorm-260604_51.s1p,06_3-7_TDS-Half-Plunger-Iris2DsweepSolverNonNorm-260604_52.s1p,,,2.8774448751896,2.877444,2.877444,-4.306456342073162e-05,-8.301342072828033e-05,37.308281198844575,27.300027850266506,-10.00825334857808,349.9917466514219,109.99174665142192
260605_iris2dsweep_solver_export_no_norm,sim,f_pi2,sim,S11,offset_nan,06_3-7_TDS-Half-Plunger-Iris2DsweepSolverNonNorm-260604_52.s1p,06_3-7_TDS-Half-Plunger-Iris2DsweepSolverNonNorm-260604_53.s1p,,,2.8774448751896,2.877444,2.877444,-8.301342072828033e-05,-8.225090804197085e-06,27.300027850266506,17.86303518963022,-9.436992660636292,350.5630073393637,110.56300733936371
260605_iris2dsweep_solver_export_no_norm,sim,f_pi2,sim,S11,offset_nan,06_3-7_TDS-Half-Plunger-Iris2DsweepSolverNonNorm-260604_53.s1p,06_3-7_TDS-Half-Plunger-Iris2DsweepSolverNonNorm-260604_54.s1p,,,2.8774448751896,2.877444,2.877444,-8.225090804197085e-06,3.6778195940849455e-09,17.86303518963022,9.060158164184227,-8.80287702544598,351.197122974554,111.19712297455402
260605_iris2dsweep_solver_export_no_norm,sim,f_pi2,sim,S11,offset_nan,06_3-7_TDS-Half-Plunger-Iris2DsweepSolverNonNorm-260604_54.s1p,06_3-7_TDS-Half-Plunger-Iris2DsweepSolverNonNorm-260604_55.s1p,,,2.8774448751896,2.877444,2.877444,3.6778195940849455e-09,3.1062492042974914e-09,9.060158164184227,0.8997549834880748,-8.160403180696164,351.83959681930384,111.83959681930384
260605_iris2dsweep_solver_export_no_norm,sim,f_pi2,sim,S11,offset_nan,06_3-7_TDS-Half-Plunger-Iris2DsweepSolverNonNorm-260604_55.s1p,06_3-7_TDS-Half-Plunger-Iris2DsweepSolverNonNorm-260604_56.s1p,,,2.8774448751896,2.877444,2.877444,3.1062492042974914e-09,-8.103185842177257e-10,0.8997549834880748,-6.6120593829745635,-7.51181436646263,352.48818563353734,112.48818563353734
260605_iris2dsweep_solver_export_no_norm,sim,f_pi2,sim,S11,offset_nan,06_3-7_TDS-Half-Plunger-Iris2DsweepSolverNonNorm-260604_56.s1p,06_3-7_TDS-Half-Plunger-Iris2DsweepSolverNonNorm-260604_57.s1p,,,2.8774448751896,2.877444,2.877444,-8.103185842177257e-10,-1.1291270618551093e-05,-6.6120593829745635,32.888205198656856,39.50026458163143,39.50026458163143,-200.49973541836857
260605_iris2dsweep_solver_export_no_norm,sim,f_pi2,sim,S11,offset_nan,06_3-7_TDS-Half-Plunger-Iris2DsweepSolverNonNorm-260604_57.s1p,06_3-7_TDS-Half-Plunger-Iris2DsweepSolverNonNorm-260604_58.s1p,,,2.8774448751896,2.877444,2.877444,-1.1291270618551093e-05,-2.3606300465605725e-05,32.888205198656856,21.829722186765828,-11.058483011891042,348.94151698810896,108.94151698810896
260605_iris2dsweep_solver_export_no_norm,sim,f_pi2,sim,S11,offset_nan,06_3-7_TDS-Half-Plunger-Iris2DsweepSolverNonNorm-260604_58.s1p,06_3-7_TDS-Half-Plunger-Iris2DsweepSolverNonNorm-260604_59.s1p,,,2.8774448751896,2.877444,2.877444,-2.3606300465605725e-05,-2.2910323112416918e-05,21.829722186765828,11.530101208741867,-10.299620978023967,349.700379021976,109.700379021976
260605_iris2dsweep_solver_export_no_norm,sim,f_pi2,sim,S11,offset_nan,06_3-7_TDS-Half-Plunger-Iris2DsweepSolverNonNorm-260604_59.s1p,06_3-7_TDS-Half-Plunger-Iris2DsweepSolverNonNorm-260604_6.s1p,,,2.8774448751896,2.877444,2.877444,-2.2910323112416918e-05,1.212138410168639e-09,11.530101208741867,123.38762231492858,111.85752110618671,111.85752110618671,-128.1424788938133
260605_iris2dsweep_solver_export_no_norm,sim,f_pi2,sim,S11,offset_nan,06_3-7_TDS-Half-Plunger-Iris2DsweepSolverNonNorm-260604_6.s1p,06_3-7_TDS-Half-Plunger-Iris2DsweepSolverNonNorm-260604_60.s1p,,,2.8774448751896,2.877444,2.877444,1.212138410168639e-09,-4.4047559612878986e-05,123.38762231492858,2.051130538162291,-121.33649177676628,238.66350822323372,-1.3364917767662803
260605_iris2dsweep_solver_export_no_norm,sim,f_pi2,sim,S11,offset_nan,06_3-7_TDS-Half-Plunger-Iris2DsweepSolverNonNorm-260604_60.s1p,06_3-7_TDS-Half-Plunger-Iris2DsweepSolverNonNorm-260604_61.s1p,,,2.8774448751896,2.877444,2.877444,-4.4047559612878986e-05,-3.9201629892721525e-05,2.051130538162291,-6.5342742449985955,-8.585404783160897,351.4145952168391,111.41459521683907
260605_iris2dsweep_solver_export_no_norm,sim,f_pi2,sim,S11,offset_nan,06_3-7_TDS-Half-Plunger-Iris2DsweepSolverNonNorm-260604_61.s1p,06_3-7_TDS-Half-Plunger-Iris2DsweepSolverNonNorm-260604_62.s1p,,,2.8774448751896,2.877444,2.877444,-3.9201629892721525e-05,-5.382626336365395e-06,-6.5342742449985955,-14.360762581268261,-7.826488336269676,352.1735116637303,112.17351166373032
260605_iris2dsweep_solver_export_no_norm,sim,f_pi2,sim,S11,offset_nan,06_3-7_TDS-Half-Plunger-Iris2DsweepSolverNonNorm-260604_62.s1p,06_3-7_TDS-Half-Plunger-Iris2DsweepSolverNonNorm-260604_63.s1p,,,2.8774448751896,2.877444,2.877444,-5.382626336365395e-06,-3.775107700802126e-09,-14.360762581268261,-21.37929159559369,-7.0185290143254235,352.9814709856746,112.9814709856746
260605_iris2dsweep_solver_export_no_norm,sim,f_pi2,sim,S11,offset_nan,06_3-7_TDS-Half-Plunger-Iris2DsweepSolverNonNorm-260604_63.s1p,06_3-7_TDS-Half-Plunger-Iris2DsweepSolverNonNorm-260604_64.s1p,,,2.8774448751896,2.877444,2.877444,-3.775107700802126e-09,2.376093233987634e-09,-21.37929159559369,-27.703590431570007,-6.324298835976322,353.6757011640237,113.67570116402368
260605_iris2dsweep_solver_export_no_norm,sim,f_pi2,sim,S11,offset_nan,06_3-7_TDS-Half-Plunger-Iris2DsweepSolverNonNorm-260604_64.s1p,06_3-7_TDS-Half-Plunger-Iris2DsweepSolverNonNorm-260604_65.s1p,,,2.8774448751896,2.877444,2.877444,2.376093233987634e-09,-1.0186933561948987e-09,-27.703590431570007,-33.41437928495864,-5.710788853388635,354.28921114661136,114.28921114661136
260605_iris2dsweep_solver_export_no_norm,sim,f_pi2,sim,S11,offset_nan,06_3-7_TDS-Half-Plunger-Iris2DsweepSolverNonNorm-260604_65.s1p,06_3-7_TDS-Half-Plunger-Iris2DsweepSolverNonNorm-260604_66.s1p,,,2.8774448751896,2.877444,2.877444,-1.0186933561948987e-09,-1.861477740456087e-05,-33.41437928495864,-9.766180468032974,23.648198816925657,23.648198816925657,-216.35180118307434
260605_iris2dsweep_solver_export_no_norm,sim,f_pi2,sim,S11,offset_nan,06_3-7_TDS-Half-Plunger-Iris2DsweepSolverNonNorm-260604_66.s1p,06_3-7_TDS-Half-Plunger-Iris2DsweepSolverNonNorm-260604_67.s1p,,,2.8774448751896,2.877444,2.877444,-1.861477740456087e-05,-3.5327425033328366e-05,-9.766180468032974,-18.386693956828257,-8.620513488795268,351.37948651120473,111.37948651120473
260605_iris2dsweep_solver_export_no_norm,sim,f_pi2,sim,S11,offset_nan,06_3-7_TDS-Half-Plunger-Iris2DsweepSolverNonNorm-260604_67.s1p,06_3-7_TDS-Half-Plunger-Iris2DsweepSolverNonNorm-260604_68.s1p,,,2.8774448751896,2.877444,2.877444,-3.5327425033328366e-05,-2.7206934405374127e-05,-18.386693956828257,-26.02058228909888,-7.6338883322706295,352.36611166772934,112.36611166772934
260605_iris2dsweep_solver_export_no_norm,sim,f_pi2,sim,S11,offset_nan,06_3-7_TDS-Half-Plunger-Iris2DsweepSolverNonNorm-260604_68.s1p,06_3-7_TDS-Half-Plunger-Iris2DsweepSolverNonNorm-260604_69.s1p,,,2.8774448751896,2.877444,2.877444,-2.7206934405374127e-05,-2.387955396965743e-06,-26.02058228909888,-32.77257195293445,-6.751989663835559,353.24801033616444,113.24801033616444
260605_iris2dsweep_solver_export_no_norm,sim,f_pi2,sim,S11,offset_nan,06_3-7_TDS-Half-Plunger-Iris2DsweepSolverNonNorm-260604_69.s1p,06_3-7_TDS-Half-Plunger-Iris2DsweepSolverNonNorm-260604_7.s1p,,,2.8774448751896,2.877444,2.877444,-2.387955396965743e-06,-5.463891555005583e-07,-32.77257195293445,117.8957630366414,150.66833498957584,150.66833498957584,-89.33166501042416
260605_iris2dsweep_solver_export_no_norm,sim,f_pi2,sim,S11,offset_nan,06_3-7_TDS-Half-Plunger-Iris2DsweepSolverNonNorm-260604_7.s1p,06_3-7_TDS-Half-Plunger-Iris2DsweepSolverNonNorm-260604_70.s1p,,,2.8774448751896,2.877444,2.877444,-5.463891555005583e-07,1.3227255553619004e-09,117.8957630366414,-38.748851111649614,-156.644614148291,203.355385851709,-36.644614148291
260605_iris2dsweep_solver_export_no_norm,sim,f_pi2,sim,S11,offset_nan,06_3-7_TDS-Half-Plunger-Iris2DsweepSolverNonNorm-260604_70.s1p,06_3-7_TDS-Half-Plunger-Iris2DsweepSolverNonNorm-260604_71.s1p,,,2.8774448751896,2.877444,2.877444,1.3227255553619004e-09,-2.0092746381977612e-09,-38.748851111649614,-44.08611675379815,-5.337265642148537,354.6627343578515,114.66273435785149
260605_iris2dsweep_solver_export_no_norm,sim,f_pi2,sim,S11,offset_nan,06_3-7_TDS-Half-Plunger-Iris2DsweepSolverNonNorm-260604_71.s1p,06_3-7_TDS-Half-Plunger-Iris2DsweepSolverNonNorm-260604_72.s1p,,,2.8774448751896,2.877444,2.877444,-2.0092746381977612e-09,1.7915121379384773e-09,-44.08611675379815,-48.815819318621976,-4.7297025648238105,355.2702974351762,115.27029743517619
260605_iris2dsweep_solver_export_no_norm,sim,f_pi2,sim,S11,offset_nan,06_3-7_TDS-Half-Plunger-Iris2DsweepSolverNonNorm-260604_72.s1p,06_3-7_TDS-Half-Plunger-Iris2DsweepSolverNonNorm-260604_73.s1p,,,2.8774448751896,2.877444,2.877444,1.7915121379384773e-09,2.2764801353742916e-09,-48.815819318621976,-53.05444318658573,-4.238623867963753,355.7613761320363,115.76137613203628
260605_iris2dsweep_solver_export_no_norm,sim,f_pi2,sim,S11,offset_nan,06_3-7_TDS-Half-Plunger-Iris2DsweepSolverNonNorm-260604_73.s1p,06_3-7_TDS-Half-Plunger-Iris2DsweepSolverNonNorm-260604_74.s1p,,,2.8774448751896,2.877444,2.877444,2.2764801353742916e-09,2.0828161789699265e-09,-53.05444318658573,-56.864311359068154,-3.8098681724824246,356.1901318275176,116.19013182751758
260605_iris2dsweep_solver_export_no_norm,sim,f_pi2,sim,S11,offset_nan,06_3-7_TDS-Half-Plunger-Iris2DsweepSolverNonNorm-260604_74.s1p,06_3-7_TDS-Half-Plunger-Iris2DsweepSolverNonNorm-260604_75.s1p,,,2.8774448751896,2.877444,2.877444,2.0828161789699265e-09,-1.9164239177684766e-05,-56.864311359068154,-47.81644622019872,9.04786513886944,9.04786513886944,-230.95213486113056
260605_iris2dsweep_solver_export_no_norm,sim,f_pi2,sim,S11,offset_nan,06_3-7_TDS-Half-Plunger-Iris2DsweepSolverNonNorm-260604_75.s1p,06_3-7_TDS-Half-Plunger-Iris2DsweepSolverNonNorm-260604_76.s1p,,,2.8774448751896,2.877444,2.877444,-1.9164239177684766e-05,-7.962965442118587e-06,-47.81644622019872,-52.93849031901508,-5.12204409881636,354.87795590118367,114.87795590118367
260605_iris2dsweep_solver_export_no_norm,sim,f_pi2,sim,S11,offset_nan,06_3-7_TDS-Half-Plunger-Iris2DsweepSolverNonNorm-260604_76.s1p,06_3-7_TDS-Half-Plunger-Iris2DsweepSolverNonNorm-260604_77.s1p,,,2.8774448751896,2.877444,2.877444,-7.962965442118587e-06,-3.453471703438905e-09,-52.93849031901508,-57.41684465366226,-4.478354334647179,355.5216456653528,115.52164566535282
260605_iris2dsweep_solver_export_no_norm,sim,f_pi2,sim,S11,offset_nan,06_3-7_TDS-Half-Plunger-Iris2DsweepSolverNonNorm-260604_77.s1p,06_3-7_TDS-Half-Plunger-Iris2DsweepSolverNonNorm-260604_78.s1p,,,2.8774448751896,2.877444,2.877444,-3.453471703438905e-09,-2.5859038902504948e-09,-57.41684465366226,-61.393330234368136,-3.9764855807058836,356.0235144192941,116.02351441929409
260605_iris2dsweep_solver_export_no_norm,sim,f_pi2,sim,S11,offset_nan,06_3-7_TDS-Half-Plunger-Iris2DsweepSolverNonNorm-260604_78.s1p,06_3-7_TDS-Half-Plunger-Iris2DsweepSolverNonNorm-260604_79.s1p,,,2.8774448751896,2.877444,2.877444,-2.5859038902504948e-09,4.7978203716724174e-09,-61.393330234368136,-68.09637157585117,-6.703041341483015,353.296958658517,113.29695865851698
260605_iris2dsweep_solver_export_no_norm,sim,f_pi2,sim,S11,offset_nan,06_3-7_TDS-Half-Plunger-Iris2DsweepSolverNonNorm-260604_79.s1p,06_3-7_TDS-Half-Plunger-Iris2DsweepSolverNonNorm-260604_8.s1p,,,2.8774448751896,2.877444,2.877444,4.7978203716724174e-09,3.6964581153505755e-09,-68.09637157585117,112.15301918339568,-179.75060924075314,180.24939075924686,-59.750609240753136
260605_iris2dsweep_solver_export_no_norm,sim,f_pi2,sim,S11,offset_nan,06_3-7_TDS-Half-Plunger-Iris2DsweepSolverNonNorm-260604_8.s1p,06_3-7_TDS-Half-Plunger-Iris2DsweepSolverNonNorm-260604_80.s1p,,,2.8774448751896,2.877444,2.877444,3.6964581153505755e-09,-1.1215235332525303e-06,112.15301918339568,-70.94809883749554,176.89888197910875,176.89888197910875,-63.10111802089125
260605_iris2dsweep_solver_export_no_norm,sim,f_pi2,sim,S11,offset_nan,06_3-7_TDS-Half-Plunger-Iris2DsweepSolverNonNorm-260604_80.s1p,06_3-7_TDS-Half-Plunger-Iris2DsweepSolverNonNorm-260604_81.s1p,,,2.8774448751896,2.877444,2.877444,-1.1215235332525303e-06,-1.6992120576708287e-06,-70.94809883749554,-73.4982251700986,-2.550126332603071,357.4498736673969,117.4498736673969
260605_iris2dsweep_solver_export_no_norm,sim,f_pi2,sim,S11,offset_nan,06_3-7_TDS-Half-Plunger-Iris2DsweepSolverNonNorm-260604_81.s1p,06_3-7_TDS-Half-Plunger-Iris2DsweepSolverNonNorm-260604_82.s1p,,,2.8774448751896,2.877444,2.877444,-1.6992120576708287e-06,-1.1973859440834853e-06,-73.4982251700986,-75.84319881414307,-2.344973644044444,357.65502635595556,117.65502635595556
260605_iris2dsweep_solver_export_no_norm,sim,f_pi2,sim,S11,offset_nan,06_3-7_TDS-Half-Plunger-Iris2DsweepSolverNonNorm-260604_82.s1p,06_3-7_TDS-Half-Plunger-Iris2DsweepSolverNonNorm-260604_83.s1p,,,2.8774448751896,2.877444,2.877444,-1.1973859440834853e-06,-5.366441570067378e-06,-75.84319881414307,-75.43249666756374,0.41070214657932524,0.41070214657932524,-239.58929785342067
260605_iris2dsweep_solver_export_no_norm,sim,f_pi2,sim,S11,offset_nan,06_3-7_TDS-Half-Plunger-Iris2DsweepSolverNonNorm-260604_83.s1p,06_3-7_TDS-Half-Plunger-Iris2DsweepSolverNonNorm-260604_84.s1p,,,2.8774448751896,2.877444,2.877444,-5.366441570067378e-06,-2.966162318620651e-09,-75.43249666756374,-78.03630926716035,-2.6038125995966084,357.3961874004034,117.39618740040339
260605_iris2dsweep_solver_export_no_norm,sim,f_pi2,sim,S11,offset_nan,06_3-7_TDS-Half-Plunger-Iris2DsweepSolverNonNorm-260604_84.s1p,06_3-7_TDS-Half-Plunger-Iris2DsweepSolverNonNorm-260604_85.s1p,,,2.8774448751896,2.877444,2.877444,-2.966162318620651e-09,-4.702540389246783e-06,-78.03630926716035,-80.37394088685951,-2.3376316196991525,357.66236838030085,117.66236838030085
260605_iris2dsweep_solver_export_no_norm,sim,f_pi2,sim,S11,offset_nan,06_3-7_TDS-Half-Plunger-Iris2DsweepSolverNonNorm-260604_85.s1p,06_3-7_TDS-Half-Plunger-Iris2DsweepSolverNonNorm-260604_86.s1p,,,2.8774448751896,2.877444,2.877444,-4.702540389246783e-06,5.068698029682598e-11,-80.37394088685951,-82.47849904825613,-2.1045581613965965,357.8954418386034,117.8954418386034
260605_iris2dsweep_solver_export_no_norm,sim,f_pi2,sim,S11,offset_nan,06_3-7_TDS-Half-Plunger-Iris2DsweepSolverNonNorm-260604_86.s1p,06_3-7_TDS-Half-Plunger-Iris2DsweepSolverNonNorm-260604_87.s1p,,,2.8774448751896,2.877444,2.877444,5.068698029682598e-11,-3.1524722498972945e-06,-82.47849904825613,-84.39422261256782,-1.9157235643116906,358.0842764356883,118.08427643568831
260605_iris2dsweep_solver_export_no_norm,sim,f_pi2,sim,S11,offset_nan,06_3-7_TDS-Half-Plunger-Iris2DsweepSolverNonNorm-260604_87.s1p,06_3-7_TDS-Half-Plunger-Iris2DsweepSolverNonNorm-260604_88.s1p,,,2.8774448751896,2.877444,2.877444,-3.1524722498972945e-06,-3.1243759929471796e-06,-84.39422261256782,-86.13607458650702,-1.7418519739392195,358.2581480260608,118.25814802606078
260605_iris2dsweep_solver_export_no_norm,sim,f_pi2,sim,S11,offset_nan,06_3-7_TDS-Half-Plunger-Iris2DsweepSolverNonNorm-260604_88.s1p,06_3-7_TDS-Half-Plunger-Iris2DsweepSolverNonNorm-260604_89.s1p,,,2.8774448751896,2.877444,2.877444,-3.1243759929471796e-06,-1.0217653874536167e-06,-86.13607458650702,-87.72667889451435,-1.5906043080073289,358.4093956919927,118.4093956919927
260605_iris2dsweep_solver_export_no_norm,sim,f_pi2,sim,S11,offset_nan,06_3-7_TDS-Half-Plunger-Iris2DsweepSolverNonNorm-260604_89.s1p,06_3-7_TDS-Half-Plunger-Iris2DsweepSolverNonNorm-260604_9.s1p,,,2.8774448751896,2.877444,2.877444,-1.0217653874536167e-06,-4.555280443349202e-10,-87.72667889451435,106.18112043714795,-166.09220066833768,193.90779933166232,-46.09220066833768
260605_iris2dsweep_solver_export_no_norm,sim,f_pi2,sim,S11,offset_nan,06_3-7_TDS-Half-Plunger-Iris2DsweepSolverNonNorm-260604_9.s1p,06_3-7_TDS-Half-Plunger-Iris2DsweepSolverNonNorm-260604_90.s1p,,,2.8774448751896,2.877444,2.877444,-4.555280443349202e-10,-5.498371314494387e-06,106.18112043714795,-89.20132226977653,164.6175572930755,164.6175572930755,-75.38244270692451
260605_iris2dsweep_solver_export_no_norm,sim,f_pi2,sim,S11,offset_nan,06_3-7_TDS-Half-Plunger-Iris2DsweepSolverNonNorm-260604_90.s1p,06_3-7_TDS-Half-Plunger-Iris2DsweepSolverNonNorm-260604_91.s1p,,,2.8774448751896,2.877444,2.877444,-5.498371314494387e-06,-2.9658304882864594e-06,-89.20132226977653,-90.54594733923723,-1.3446250694607045,358.6553749305393,118.65537493053932
260605_iris2dsweep_solver_export_no_norm,sim,f_pi2,sim,S11,offset_nan,06_3-7_TDS-Half-Plunger-Iris2DsweepSolverNonNorm-260604_91.s1p,06_3-7_TDS-Half-Plunger-Iris2DsweepSolverNonNorm-260604_92.s1p,,,2.8774448751896,2.877444,2.877444,-2.9658304882864594e-06,-3.6581266912645065e-06,-90.54594733923723,-93.99229400328791,-3.4463466640506795,356.5536533359493,116.55365333594932
260605_iris2dsweep_solver_export_no_norm,sim,f_pi2,sim,S11,offset_nan,06_3-7_TDS-Half-Plunger-Iris2DsweepSolverNonNorm-260604_92.s1p,06_3-7_TDS-Half-Plunger-Iris2DsweepSolverNonNorm-260604_93.s1p,,,2.8774448751896,2.877444,2.877444,-3.6581266912645065e-06,-5.513244749143668e-06,-93.99229400328791,-95.2479773878998,-1.2556833846118707,358.74431661538813,118.74431661538813
260605_iris2dsweep_solver_export_no_norm,sim,f_pi2,sim,S11,offset_nan,06_3-7_TDS-Half-Plunger-Iris2DsweepSolverNonNorm-260604_93.s1p,06_3-7_TDS-Half-Plunger-Iris2DsweepSolverNonNorm-260604_94.s1p,,,2.8774448751896,2.877444,2.877444,-5.513244749143668e-06,-5.522560525797389e-06,-95.2479773878998,-96.3965301916815,-1.1485528037817119,358.85144719621826,118.85144719621826
260605_iris2dsweep_solver_export_no_norm,sim,f_pi2,sim,S11,offset_nan,06_3-7_TDS-Half-Plunger-Iris2DsweepSolverNonNorm-260604_94.s1p,06_3-7_TDS-Half-Plunger-Iris2DsweepSolverNonNorm-260604_95.s1p,,,2.8774448751896,2.877444,2.877444,-5.522560525797389e-06,-4.411000487533781e-06,-96.3965301916815,-97.46527640439862,-1.068746212717116,358.9312537872829,118.93125378728291
260605_iris2dsweep_solver_export_no_norm,sim,f_pi2,sim,S11,offset_nan,06_3-7_TDS-Half-Plunger-Iris2DsweepSolverNonNorm-260604_95.s1p,06_3-7_TDS-Half-Plunger-Iris2DsweepSolverNonNorm-260604_96.s1p,,,2.8774448751896,2.877444,2.877444,-4.411000487533781e-06,-3.010955953991178e-06,-97.46527640439862,-98.45342736406485,-0.9881509596662283,359.0118490403338,119.0118490403338
260605_iris2dsweep_solver_export_no_norm,sim,f_pi2,sim,S11,offset_nan,06_3-7_TDS-Half-Plunger-Iris2DsweepSolverNonNorm-260604_96.s1p,06_3-7_TDS-Half-Plunger-Iris2DsweepSolverNonNorm-260604_97.s1p,,,2.8774448751896,2.877444,2.877444,-3.010955953991178e-06,-2.6848088146560466e-06,-98.45342736406485,-99.36648601604445,-0.9130586519796111,359.0869413480204,119.08694134802039
260605_iris2dsweep_solver_export_no_norm,sim,f_pi2,sim,S11,offset_nan,06_3-7_TDS-Half-Plunger-Iris2DsweepSolverNonNorm-260604_97.s1p,06_3-7_TDS-Half-Plunger-Iris2DsweepSolverNonNorm-260604_98.s1p,,,2.8774448751896,2.877444,2.877444,-2.6848088146560466e-06,-3.9850697260057495e-06,-99.36648601604445,-100.23288993807536,-0.8664039220309121,359.13359607796906,119.13359607796906
260605_iris2dsweep_solver_export_no_norm,sim,f_pi2,sim,S11,offset_nan,06_3-7_TDS-Half-Plunger-Iris2DsweepSolverNonNorm-260604_98.s1p,06_3-7_TDS-Half-Plunger-Iris2DsweepSolverNonNorm-260604_99.s1p,,,2.8774448751896,2.877444,2.877444,-3.9850697260057495e-06,-3.7257668732225456e-06,-100.23288993807536,-101.04598648998001,-0.813096551904664,359.18690344809534,119.18690344809534
