dataset_id,data_layer,source_file,tune_position,s_name,marker_name,marker_role,marker_source,target_freq_ghz,freq_ghz,freq_error_ghz,s_db,s_phase_deg,source_format,uncorrected_freq_ghz,frequency_scale_factor,temp_op_C,temp_meas_C,humidity_fraction
260519_2dsweep,sim,07_3_TDS-body_Novel-2Dsweep-260516_1.s2p,,S11,f_2pi3,sim,dispersion_mode_1,2.8571160335532,2.85711,-6.03355320016874e-06,-5.124229593386099,76.54531403547323,touchstone_ri,2.8571160335532,1.0,,,
260519_2dsweep,sim,07_3_TDS-body_Novel-2Dsweep-260516_1.s2p,,S12,f_2pi3,sim,dispersion_mode_1,2.8571160335532,2.85711,-6.03355320016874e-06,-1.5952181383792983,166.62256554915825,touchstone_ri,2.8571160335532,1.0,,,
260519_2dsweep,sim,07_3_TDS-body_Novel-2Dsweep-260516_1.s2p,,S21,f_2pi3,sim,dispersion_mode_1,2.8571160335532,2.85711,-6.03355320016874e-06,-1.5949057225061978,166.62257302808078,touchstone_ri,2.8571160335532,1.0,,,
260519_2dsweep,sim,07_3_TDS-body_Novel-2Dsweep-260516_1.s2p,,S22,f_2pi3,sim,dispersion_mode_1,2.8571160335532,2.85711,-6.03355320016874e-06,-5.123830825828292,76.69394889656398,touchstone_ri,2.8571160335532,1.0,,,
260519_2dsweep,sim,07_3_TDS-body_Novel-2Dsweep-260516_10.s2p,,S11,f_2pi3,sim,dispersion_mode_1,2.8571160335532,2.85711,-6.03355320016874e-06,-2.363318092252433,55.8351231925039,touchstone_ri,2.8571160335532,1.0,,,
260519_2dsweep,sim,07_3_TDS-body_Novel-2Dsweep-260516_10.s2p,,S12,f_2pi3,sim,dispersion_mode_1,2.8571160335532,2.85711,-6.03355320016874e-06,-3.770627501709785,145.82022724087156,touchstone_ri,2.8571160335532,1.0,,,
260519_2dsweep,sim,07_3_TDS-body_Novel-2Dsweep-260516_10.s2p,,S21,f_2pi3,sim,dispersion_mode_1,2.8571160335532,2.85711,-6.03355320016874e-06,-3.7712792954721204,145.8212948668253,touchstone_ri,2.8571160335532,1.0,,,
260519_2dsweep,sim,07_3_TDS-body_Novel-2Dsweep-260516_10.s2p,,S22,f_2pi3,sim,dispersion_mode_1,2.8571160335532,2.85711,-6.03355320016874e-06,-2.363506547374423,55.803992465290285,touchstone_ri,2.8571160335532,1.0,,,
260519_2dsweep,sim,07_3_TDS-body_Novel-2Dsweep-260516_100.s2p,,S11,f_2pi3,sim,dispersion_mode_1,2.8571160335532,2.85711,-6.03355320016874e-06,-1.46830909247764,43.216593756993866,touchstone_ri,2.8571160335532,1.0,,,
260519_2dsweep,sim,07_3_TDS-body_Novel-2Dsweep-260516_100.s2p,,S12,f_2pi3,sim,dispersion_mode_1,2.8571160335532,2.85711,-6.03355320016874e-06,-5.423244439979912,133.2145742006794,touchstone_ri,2.8571160335532,1.0,,,
260519_2dsweep,sim,07_3_TDS-body_Novel-2Dsweep-260516_100.s2p,,S21,f_2pi3,sim,dispersion_mode_1,2.8571160335532,2.85711,-6.03355320016874e-06,-5.423203043957377,133.2128557038753,touchstone_ri,2.8571160335532,1.0,,,
260519_2dsweep,sim,07_3_TDS-body_Novel-2Dsweep-260516_100.s2p,,S22,f_2pi3,sim,dispersion_mode_1,2.8571160335532,2.85711,-6.03355320016874e-06,-1.4684043391437795,43.20825391226984,touchstone_ri,2.8571160335532,1.0,,,
260519_2dsweep,sim,07_3_TDS-body_Novel-2Dsweep-260516_101.s2p,,S11,f_2pi3,sim,dispersion_mode_1,2.8571160335532,2.85711,-6.03355320016874e-06,-1.3704253618104918,41.848402963118865,touchstone_ri,2.8571160335532,1.0,,,
260519_2dsweep,sim,07_3_TDS-body_Novel-2Dsweep-260516_101.s2p,,S12,f_2pi3,sim,dispersion_mode_1,2.8571160335532,2.85711,-6.03355320016874e-06,-5.676713563903942,131.83759823845853,touchstone_ri,2.8571160335532,1.0,,,
260519_2dsweep,sim,07_3_TDS-body_Novel-2Dsweep-260516_101.s2p,,S21,f_2pi3,sim,dispersion_mode_1,2.8571160335532,2.85711,-6.03355320016874e-06,-5.6764739771981,131.8360633159989,touchstone_ri,2.8571160335532,1.0,,,
260519_2dsweep,sim,07_3_TDS-body_Novel-2Dsweep-260516_101.s2p,,S22,f_2pi3,sim,dispersion_mode_1,2.8571160335532,2.85711,-6.03355320016874e-06,-1.3704254023463578,41.82372304140186,touchstone_ri,2.8571160335532,1.0,,,
260519_2dsweep,sim,07_3_TDS-body_Novel-2Dsweep-260516_103.s2p,,S11,f_2pi3,sim,dispersion_mode_1,2.8571160335532,2.85711,-6.03355320016874e-06,-6.128407398430426,69.88604163017399,touchstone_ri,2.8571160335532,1.0,,,
260519_2dsweep,sim,07_3_TDS-body_Novel-2Dsweep-260516_103.s2p,,S12,f_2pi3,sim,dispersion_mode_1,2.8571160335532,2.85711,-6.03355320016874e-06,-1.2136854530609955,159.9627353042758,touchstone_ri,2.8571160335532,1.0,,,
260519_2dsweep,sim,07_3_TDS-body_Novel-2Dsweep-260516_103.s2p,,S21,f_2pi3,sim,dispersion_mode_1,2.8571160335532,2.85711,-6.03355320016874e-06,-1.213643139891898,159.96285091551732,touchstone_ri,2.8571160335532,1.0,,,
260519_2dsweep,sim,07_3_TDS-body_Novel-2Dsweep-260516_103.s2p,,S22,f_2pi3,sim,dispersion_mode_1,2.8571160335532,2.85711,-6.03355320016874e-06,-6.128110973015563,70.0501399734058,touchstone_ri,2.8571160335532,1.0,,,
260519_2dsweep,sim,07_3_TDS-body_Novel-2Dsweep-260516_104.s2p,,S11,f_2pi3,sim,dispersion_mode_1,2.8571160335532,2.85711,-6.03355320016874e-06,-2.450765534682346,47.503074243863594,touchstone_ri,2.8571160335532,1.0,,,
260519_2dsweep,sim,07_3_TDS-body_Novel-2Dsweep-260516_104.s2p,,S12,f_2pi3,sim,dispersion_mode_1,2.8571160335532,2.85711,-6.03355320016874e-06,-3.6527688626179615,137.50101525401115,touchstone_ri,2.8571160335532,1.0,,,
260519_2dsweep,sim,07_3_TDS-body_Novel-2Dsweep-260516_104.s2p,,S21,f_2pi3,sim,dispersion_mode_1,2.8571160335532,2.85711,-6.03355320016874e-06,-3.652786385012373,137.50141855032834,touchstone_ri,2.8571160335532,1.0,,,
260519_2dsweep,sim,07_3_TDS-body_Novel-2Dsweep-260516_104.s2p,,S22,f_2pi3,sim,dispersion_mode_1,2.8571160335532,2.85711,-6.03355320016874e-06,-2.4507405020496313,47.498582685846266,touchstone_ri,2.8571160335532,1.0,,,
260519_2dsweep,sim,07_3_TDS-body_Novel-2Dsweep-260516_105.s2p,,S11,f_2pi3,sim,dispersion_mode_1,2.8571160335532,2.85711,-6.03355320016874e-06,-1.1934968699287876,33.41331047903319,touchstone_ri,2.8571160335532,1.0,,,
260519_2dsweep,sim,07_3_TDS-body_Novel-2Dsweep-260516_105.s2p,,S12,f_2pi3,sim,dispersion_mode_1,2.8571160335532,2.85711,-6.03355320016874e-06,-6.192018772478296,123.43057444451865,touchstone_ri,2.8571160335532,1.0,,,
260519_2dsweep,sim,07_3_TDS-body_Novel-2Dsweep-260516_105.s2p,,S21,f_2pi3,sim,dispersion_mode_1,2.8571160335532,2.85711,-6.03355320016874e-06,-6.192325900318024,123.43269185075175,touchstone_ri,2.8571160335532,1.0,,,
260519_2dsweep,sim,07_3_TDS-body_Novel-2Dsweep-260516_105.s2p,,S22,f_2pi3,sim,dispersion_mode_1,2.8571160335532,2.85711,-6.03355320016874e-06,-1.1933338517820788,33.45525223989946,touchstone_ri,2.8571160335532,1.0,,,
260519_2dsweep,sim,07_3_TDS-body_Novel-2Dsweep-260516_106.s2p,,S11,f_2pi3,sim,dispersion_mode_1,2.8571160335532,2.85711,-6.03355320016874e-06,-0.6680468852041294,24.41131504245877,touchstone_ri,2.8571160335532,1.0,,,
260519_2dsweep,sim,07_3_TDS-body_Novel-2Dsweep-260516_106.s2p,,S12,f_2pi3,sim,dispersion_mode_1,2.8571160335532,2.85711,-6.03355320016874e-06,-8.45698324414395,114.39473234120737,touchstone_ri,2.8571160335532,1.0,,,
260519_2dsweep,sim,07_3_TDS-body_Novel-2Dsweep-260516_106.s2p,,S21,f_2pi3,sim,dispersion_mode_1,2.8571160335532,2.85711,-6.03355320016874e-06,-8.45715019743915,114.39807567189729,touchstone_ri,2.8571160335532,1.0,,,
260519_2dsweep,sim,07_3_TDS-body_Novel-2Dsweep-260516_106.s2p,,S22,f_2pi3,sim,dispersion_mode_1,2.8571160335532,2.85711,-6.03355320016874e-06,-0.6681242460808222,24.392767118039636,touchstone_ri,2.8571160335532,1.0,,,
260519_2dsweep,sim,07_3_TDS-body_Novel-2Dsweep-260516_107.s2p,,S11,f_2pi3,sim,dispersion_mode_1,2.8571160335532,2.85711,-6.03355320016874e-06,-0.4203878717554127,18.395111930255165,touchstone_ri,2.8571160335532,1.0,,,
260519_2dsweep,sim,07_3_TDS-body_Novel-2Dsweep-260516_107.s2p,,S12,f_2pi3,sim,dispersion_mode_1,2.8571160335532,2.85711,-6.03355320016874e-06,-10.347978916175048,108.39840369209301,touchstone_ri,2.8571160335532,1.0,,,
260519_2dsweep,sim,07_3_TDS-body_Novel-2Dsweep-260516_107.s2p,,S21,f_2pi3,sim,dispersion_mode_1,2.8571160335532,2.85711,-6.03355320016874e-06,-10.347801790587067,108.3978550292658,touchstone_ri,2.8571160335532,1.0,,,
260519_2dsweep,sim,07_3_TDS-body_Novel-2Dsweep-260516_107.s2p,,S22,f_2pi3,sim,dispersion_mode_1,2.8571160335532,2.85711,-6.03355320016874e-06,-0.4204287551960573,18.40841594929128,touchstone_ri,2.8571160335532,1.0,,,
260519_2dsweep,sim,07_3_TDS-body_Novel-2Dsweep-260516_108.s2p,,S11,f_2pi3,sim,dispersion_mode_1,2.8571160335532,2.85711,-6.03355320016874e-06,-5.226576509555576,57.242412154775565,touchstone_ri,2.8571160335532,1.0,,,
260519_2dsweep,sim,07_3_TDS-body_Novel-2Dsweep-260516_108.s2p,,S12,f_2pi3,sim,dispersion_mode_1,2.8571160335532,2.85711,-6.03355320016874e-06,-1.550456120855367,147.27465714113424,touchstone_ri,2.8571160335532,1.0,,,
260519_2dsweep,sim,07_3_TDS-body_Novel-2Dsweep-260516_108.s2p,,S21,f_2pi3,sim,dispersion_mode_1,2.8571160335532,2.85711,-6.03355320016874e-06,-1.550336112252778,147.27382258185128,touchstone_ri,2.8571160335532,1.0,,,
260519_2dsweep,sim,07_3_TDS-body_Novel-2Dsweep-260516_108.s2p,,S22,f_2pi3,sim,dispersion_mode_1,2.8571160335532,2.85711,-6.03355320016874e-06,-5.22649850983925,57.297671729010396,touchstone_ri,2.8571160335532,1.0,,,
260519_2dsweep,sim,07_3_TDS-body_Novel-2Dsweep-260516_109.s2p,,S11,f_2pi3,sim,dispersion_mode_1,2.8571160335532,2.85711,-6.03355320016874e-06,-2.132883393800435,37.53902655682317,touchstone_ri,2.8571160335532,1.0,,,
260519_2dsweep,sim,07_3_TDS-body_Novel-2Dsweep-260516_109.s2p,,S12,f_2pi3,sim,dispersion_mode_1,2.8571160335532,2.85711,-6.03355320016874e-06,-4.106828270301935,127.49354156808486,touchstone_ri,2.8571160335532,1.0,,,
260519_2dsweep,sim,07_3_TDS-body_Novel-2Dsweep-260516_109.s2p,,S21,f_2pi3,sim,dispersion_mode_1,2.8571160335532,2.85711,-6.03355320016874e-06,-4.10672445299315,127.49311133791058,touchstone_ri,2.8571160335532,1.0,,,
260519_2dsweep,sim,07_3_TDS-body_Novel-2Dsweep-260516_109.s2p,,S22,f_2pi3,sim,dispersion_mode_1,2.8571160335532,2.85711,-6.03355320016874e-06,-2.13559740489959,37.47299233720998,touchstone_ri,2.8571160335532,1.0,,,
260519_2dsweep,sim,07_3_TDS-body_Novel-2Dsweep-260516_11.s2p,,S11,f_2pi3,sim,dispersion_mode_1,2.8571160335532,2.85711,-6.03355320016874e-06,-2.202607954711726,54.11648563406371,touchstone_ri,2.8571160335532,1.0,,,
260519_2dsweep,sim,07_3_TDS-body_Novel-2Dsweep-260516_11.s2p,,S12,f_2pi3,sim,dispersion_mode_1,2.8571160335532,2.85711,-6.03355320016874e-06,-4.004006253211075,144.12134364266214,touchstone_ri,2.8571160335532,1.0,,,
260519_2dsweep,sim,07_3_TDS-body_Novel-2Dsweep-260516_11.s2p,,S21,f_2pi3,sim,dispersion_mode_1,2.8571160335532,2.85711,-6.03355320016874e-06,-4.003831440963607,144.12027398827692,touchstone_ri,2.8571160335532,1.0,,,
260519_2dsweep,sim,07_3_TDS-body_Novel-2Dsweep-260516_11.s2p,,S22,f_2pi3,sim,dispersion_mode_1,2.8571160335532,2.85711,-6.03355320016874e-06,-2.2028364831893605,54.11833300884867,touchstone_ri,2.8571160335532,1.0,,,
260519_2dsweep,sim,07_3_TDS-body_Novel-2Dsweep-260516_110.s2p,,S11,f_2pi3,sim,dispersion_mode_1,2.8571160335532,2.85711,-6.03355320016874e-06,-1.0566565246987323,25.375535998594735,touchstone_ri,2.8571160335532,1.0,,,
260519_2dsweep,sim,07_3_TDS-body_Novel-2Dsweep-260516_110.s2p,,S12,f_2pi3,sim,dispersion_mode_1,2.8571160335532,2.85711,-6.03355320016874e-06,-6.655021388845769,115.38210265565836,touchstone_ri,2.8571160335532,1.0,,,
260519_2dsweep,sim,07_3_TDS-body_Novel-2Dsweep-260516_110.s2p,,S21,f_2pi3,sim,dispersion_mode_1,2.8571160335532,2.85711,-6.03355320016874e-06,-6.655159667614264,115.38109808892942,touchstone_ri,2.8571160335532,1.0,,,
260519_2dsweep,sim,07_3_TDS-body_Novel-2Dsweep-260516_110.s2p,,S22,f_2pi3,sim,dispersion_mode_1,2.8571160335532,2.85711,-6.03355320016874e-06,-1.0566232772768285,25.39574012538429,touchstone_ri,2.8571160335532,1.0,,,
260519_2dsweep,sim,07_3_TDS-body_Novel-2Dsweep-260516_111.s2p,,S11,f_2pi3,sim,dispersion_mode_1,2.8571160335532,2.85711,-6.03355320016874e-06,-0.6162090602718496,17.97258035285416,touchstone_ri,2.8571160335532,1.0,,,
260519_2dsweep,sim,07_3_TDS-body_Novel-2Dsweep-260516_111.s2p,,S12,f_2pi3,sim,dispersion_mode_1,2.8571160335532,2.85711,-6.03355320016874e-06,-8.789118605251806,107.97138574676059,touchstone_ri,2.8571160335532,1.0,,,
260519_2dsweep,sim,07_3_TDS-body_Novel-2Dsweep-260516_111.s2p,,S21,f_2pi3,sim,dispersion_mode_1,2.8571160335532,2.85711,-6.03355320016874e-06,-8.788283546128696,107.9818190060444,touchstone_ri,2.8571160335532,1.0,,,
260519_2dsweep,sim,07_3_TDS-body_Novel-2Dsweep-260516_111.s2p,,S22,f_2pi3,sim,dispersion_mode_1,2.8571160335532,2.85711,-6.03355320016874e-06,-0.6162015282679899,17.961862306378634,touchstone_ri,2.8571160335532,1.0,,,
260519_2dsweep,sim,07_3_TDS-body_Novel-2Dsweep-260516_112.s2p,,S11,f_2pi3,sim,dispersion_mode_1,2.8571160335532,2.85711,-6.03355320016874e-06,-0.4006259652980864,13.04825211786665,touchstone_ri,2.8571160335532,1.0,,,
260519_2dsweep,sim,07_3_TDS-body_Novel-2Dsweep-260516_112.s2p,,S12,f_2pi3,sim,dispersion_mode_1,2.8571160335532,2.85711,-6.03355320016874e-06,-10.54626451772242,103.0474470620151,touchstone_ri,2.8571160335532,1.0,,,
260519_2dsweep,sim,07_3_TDS-body_Novel-2Dsweep-260516_112.s2p,,S21,f_2pi3,sim,dispersion_mode_1,2.8571160335532,2.85711,-6.03355320016874e-06,-10.546520546251912,103.04767613372995,touchstone_ri,2.8571160335532,1.0,,,
260519_2dsweep,sim,07_3_TDS-body_Novel-2Dsweep-260516_112.s2p,,S22,f_2pi3,sim,dispersion_mode_1,2.8571160335532,2.85711,-6.03355320016874e-06,-0.4007072666239755,13.054238484863749,touchstone_ri,2.8571160335532,1.0,,,
260519_2dsweep,sim,07_3_TDS-body_Novel-2Dsweep-260516_113.s2p,,S11,f_2pi3,sim,dispersion_mode_1,2.8571160335532,2.85711,-6.03355320016874e-06,-3.5100765602463686,41.77279961526357,touchstone_ri,2.8571160335532,1.0,,,
260519_2dsweep,sim,07_3_TDS-body_Novel-2Dsweep-260516_113.s2p,,S12,f_2pi3,sim,dispersion_mode_1,2.8571160335532,2.85711,-6.03355320016874e-06,-2.5598461106587056,131.7318314336664,touchstone_ri,2.8571160335532,1.0,,,
260519_2dsweep,sim,07_3_TDS-body_Novel-2Dsweep-260516_113.s2p,,S21,f_2pi3,sim,dispersion_mode_1,2.8571160335532,2.85711,-6.03355320016874e-06,-2.559526591861918,131.7338007904579,touchstone_ri,2.8571160335532,1.0,,,
260519_2dsweep,sim,07_3_TDS-body_Novel-2Dsweep-260516_113.s2p,,S22,f_2pi3,sim,dispersion_mode_1,2.8571160335532,2.85711,-6.03355320016874e-06,-3.5102166571732347,41.729532426851385,touchstone_ri,2.8571160335532,1.0,,,
260519_2dsweep,sim,07_3_TDS-body_Novel-2Dsweep-260516_114.s2p,,S11,f_2pi3,sim,dispersion_mode_1,2.8571160335532,2.85711,-6.03355320016874e-06,-1.525074490457645,25.909282480993323,touchstone_ri,2.8571160335532,1.0,,,
260519_2dsweep,sim,07_3_TDS-body_Novel-2Dsweep-260516_114.s2p,,S12,f_2pi3,sim,dispersion_mode_1,2.8571160335532,2.85711,-6.03355320016874e-06,-5.283558079113035,115.9076307292638,touchstone_ri,2.8571160335532,1.0,,,
260519_2dsweep,sim,07_3_TDS-body_Novel-2Dsweep-260516_114.s2p,,S21,f_2pi3,sim,dispersion_mode_1,2.8571160335532,2.85711,-6.03355320016874e-06,-5.283613054190197,115.90933754312863,touchstone_ri,2.8571160335532,1.0,,,
260519_2dsweep,sim,07_3_TDS-body_Novel-2Dsweep-260516_114.s2p,,S22,f_2pi3,sim,dispersion_mode_1,2.8571160335532,2.85711,-6.03355320016874e-06,-1.5251075715986375,25.92176039309427,touchstone_ri,2.8571160335532,1.0,,,
260519_2dsweep,sim,07_3_TDS-body_Novel-2Dsweep-260516_115.s2p,,S11,f_2pi3,sim,dispersion_mode_1,2.8571160335532,2.85711,-6.03355320016874e-06,-0.8412087208530532,17.197935876771446,touchstone_ri,2.8571160335532,1.0,,,
260519_2dsweep,sim,07_3_TDS-body_Novel-2Dsweep-260516_115.s2p,,S12,f_2pi3,sim,dispersion_mode_1,2.8571160335532,2.85711,-6.03355320016874e-06,-7.543997127993923,107.19496032022286,touchstone_ri,2.8571160335532,1.0,,,
260519_2dsweep,sim,07_3_TDS-body_Novel-2Dsweep-260516_115.s2p,,S21,f_2pi3,sim,dispersion_mode_1,2.8571160335532,2.85711,-6.03355320016874e-06,-7.544015562462993,107.19486300650323,touchstone_ri,2.8571160335532,1.0,,,
260519_2dsweep,sim,07_3_TDS-body_Novel-2Dsweep-260516_115.s2p,,S22,f_2pi3,sim,dispersion_mode_1,2.8571160335532,2.85711,-6.03355320016874e-06,-0.8408959921366,17.19030966854929,touchstone_ri,2.8571160335532,1.0,,,
260519_2dsweep,sim,07_3_TDS-body_Novel-2Dsweep-260516_116.s2p,,S11,f_2pi3,sim,dispersion_mode_1,2.8571160335532,2.85711,-6.03355320016874e-06,-0.5165261254246027,11.46406850076309,touchstone_ri,2.8571160335532,1.0,,,
260519_2dsweep,sim,07_3_TDS-body_Novel-2Dsweep-260516_116.s2p,,S12,f_2pi3,sim,dispersion_mode_1,2.8571160335532,2.85711,-6.03355320016874e-06,-9.50201035643656,101.45018397869676,touchstone_ri,2.8571160335532,1.0,,,
260519_2dsweep,sim,07_3_TDS-body_Novel-2Dsweep-260516_116.s2p,,S21,f_2pi3,sim,dispersion_mode_1,2.8571160335532,2.85711,-6.03355320016874e-06,-9.501890202630605,101.45049200148733,touchstone_ri,2.8571160335532,1.0,,,
260519_2dsweep,sim,07_3_TDS-body_Novel-2Dsweep-260516_116.s2p,,S22,f_2pi3,sim,dispersion_mode_1,2.8571160335532,2.85711,-6.03355320016874e-06,-0.5166047779961359,11.438180212902095,touchstone_ri,2.8571160335532,1.0,,,
260519_2dsweep,sim,07_3_TDS-body_Novel-2Dsweep-260516_117.s2p,,S11,f_2pi3,sim,dispersion_mode_1,2.8571160335532,2.85711,-6.03355320016874e-06,-0.3535078435649008,7.702886041798546,touchstone_ri,2.8571160335532,1.0,,,
260519_2dsweep,sim,07_3_TDS-body_Novel-2Dsweep-260516_117.s2p,,S12,f_2pi3,sim,dispersion_mode_1,2.8571160335532,2.85711,-6.03355320016874e-06,-11.069151919427501,97.6948516023823,touchstone_ri,2.8571160335532,1.0,,,
260519_2dsweep,sim,07_3_TDS-body_Novel-2Dsweep-260516_117.s2p,,S21,f_2pi3,sim,dispersion_mode_1,2.8571160335532,2.85711,-6.03355320016874e-06,-11.069004536705213,97.69493676180883,touchstone_ri,2.8571160335532,1.0,,,
260519_2dsweep,sim,07_3_TDS-body_Novel-2Dsweep-260516_117.s2p,,S22,f_2pi3,sim,dispersion_mode_1,2.8571160335532,2.85711,-6.03355320016874e-06,-0.35353125002211633,7.686509941766666,touchstone_ri,2.8571160335532,1.0,,,
260519_2dsweep,sim,07_3_TDS-body_Novel-2Dsweep-260516_118.s2p,,S11,f_2pi3,sim,dispersion_mode_1,2.8571160335532,2.85711,-6.03355320016874e-06,-1.8341546097767498,24.547791850268577,touchstone_ri,2.8571160335532,1.0,,,
260519_2dsweep,sim,07_3_TDS-body_Novel-2Dsweep-260516_118.s2p,,S12,f_2pi3,sim,dispersion_mode_1,2.8571160335532,2.85711,-6.03355320016874e-06,-4.627180111338627,114.52072060919558,touchstone_ri,2.8571160335532,1.0,,,
260519_2dsweep,sim,07_3_TDS-body_Novel-2Dsweep-260516_118.s2p,,S21,f_2pi3,sim,dispersion_mode_1,2.8571160335532,2.85711,-6.03355320016874e-06,-4.627175318900406,114.52130590076112,touchstone_ri,2.8571160335532,1.0,,,
260519_2dsweep,sim,07_3_TDS-body_Novel-2Dsweep-260516_118.s2p,,S22,f_2pi3,sim,dispersion_mode_1,2.8571160335532,2.85711,-6.03355320016874e-06,-1.834269713476242,24.51122212575899,touchstone_ri,2.8571160335532,1.0,,,
260519_2dsweep,sim,07_3_TDS-body_Novel-2Dsweep-260516_119.s2p,,S11,f_2pi3,sim,dispersion_mode_1,2.8571160335532,2.85711,-6.03355320016874e-06,-0.9257002760502824,14.363588015378909,touchstone_ri,2.8571160335532,1.0,,,
260519_2dsweep,sim,07_3_TDS-body_Novel-2Dsweep-260516_119.s2p,,S12,f_2pi3,sim,dispersion_mode_1,2.8571160335532,2.85711,-6.03355320016874e-06,-7.159709918343076,104.33865612246056,touchstone_ri,2.8571160335532,1.0,,,
260519_2dsweep,sim,07_3_TDS-body_Novel-2Dsweep-260516_119.s2p,,S21,f_2pi3,sim,dispersion_mode_1,2.8571160335532,2.85711,-6.03355320016874e-06,-7.1595237240421925,104.33836496429346,touchstone_ri,2.8571160335532,1.0,,,
260519_2dsweep,sim,07_3_TDS-body_Novel-2Dsweep-260516_119.s2p,,S22,f_2pi3,sim,dispersion_mode_1,2.8571160335532,2.85711,-6.03355320016874e-06,-0.926232703428978,14.366517966633705,touchstone_ri,2.8571160335532,1.0,,,
260519_2dsweep,sim,07_3_TDS-body_Novel-2Dsweep-260516_12.s2p,,S11,f_2pi3,sim,dispersion_mode_1,2.8571160335532,2.85711,-6.03355320016874e-06,-2.0173341979513006,52.09153383475081,touchstone_ri,2.8571160335532,1.0,,,
260519_2dsweep,sim,07_3_TDS-body_Novel-2Dsweep-260516_12.s2p,,S12,f_2pi3,sim,dispersion_mode_1,2.8571160335532,2.85711,-6.03355320016874e-06,-4.299930997959568,142.10165560463855,touchstone_ri,2.8571160335532,1.0,,,
260519_2dsweep,sim,07_3_TDS-body_Novel-2Dsweep-260516_12.s2p,,S21,f_2pi3,sim,dispersion_mode_1,2.8571160335532,2.85711,-6.03355320016874e-06,-4.299819100582911,142.10078085470295,touchstone_ri,2.8571160335532,1.0,,,
260519_2dsweep,sim,07_3_TDS-body_Novel-2Dsweep-260516_12.s2p,,S22,f_2pi3,sim,dispersion_mode_1,2.8571160335532,2.85711,-6.03355320016874e-06,-2.01728545302093,52.11090159105767,touchstone_ri,2.8571160335532,1.0,,,
260519_2dsweep,sim,07_3_TDS-body_Novel-2Dsweep-260516_120.s2p,,S11,f_2pi3,sim,dispersion_mode_1,2.8571160335532,2.85711,-6.03355320016874e-06,-0.6238312614002974,9.687519237813714,touchstone_ri,2.8571160335532,1.0,,,
260519_2dsweep,sim,07_3_TDS-body_Novel-2Dsweep-260516_120.s2p,,S12,f_2pi3,sim,dispersion_mode_1,2.8571160335532,2.85711,-6.03355320016874e-06,-8.73356755360008,99.68043063823505,touchstone_ri,2.8571160335532,1.0,,,
260519_2dsweep,sim,07_3_TDS-body_Novel-2Dsweep-260516_120.s2p,,S21,f_2pi3,sim,dispersion_mode_1,2.8571160335532,2.85711,-6.03355320016874e-06,-8.733506474097013,99.67766906018824,touchstone_ri,2.8571160335532,1.0,,,
260519_2dsweep,sim,07_3_TDS-body_Novel-2Dsweep-260516_120.s2p,,S22,f_2pi3,sim,dispersion_mode_1,2.8571160335532,2.85711,-6.03355320016874e-06,-0.6240393654835403,9.677583048670407,touchstone_ri,2.8571160335532,1.0,,,
260519_2dsweep,sim,07_3_TDS-body_Novel-2Dsweep-260516_121.s2p,,S11,f_2pi3,sim,dispersion_mode_1,2.8571160335532,2.85711,-6.03355320016874e-06,-0.4180872111602645,5.653401648637236,touchstone_ri,2.8571160335532,1.0,,,
260519_2dsweep,sim,07_3_TDS-body_Novel-2Dsweep-260516_121.s2p,,S12,f_2pi3,sim,dispersion_mode_1,2.8571160335532,2.85711,-6.03355320016874e-06,-10.373849427750654,95.65946661221025,touchstone_ri,2.8571160335532,1.0,,,
260519_2dsweep,sim,07_3_TDS-body_Novel-2Dsweep-260516_121.s2p,,S21,f_2pi3,sim,dispersion_mode_1,2.8571160335532,2.85711,-6.03355320016874e-06,-10.374379296058402,95.65559121943525,touchstone_ri,2.8571160335532,1.0,,,
260519_2dsweep,sim,07_3_TDS-body_Novel-2Dsweep-260516_121.s2p,,S22,f_2pi3,sim,dispersion_mode_1,2.8571160335532,2.85711,-6.03355320016874e-06,-0.41826679778851467,5.65301713784069,touchstone_ri,2.8571160335532,1.0,,,
260519_2dsweep,sim,07_3_TDS-body_Novel-2Dsweep-260516_122.s2p,,S11,f_2pi3,sim,dispersion_mode_1,2.8571160335532,2.85711,-6.03355320016874e-06,-0.30199823449477503,2.856774328344094,touchstone_ri,2.8571160335532,1.0,,,
260519_2dsweep,sim,07_3_TDS-body_Novel-2Dsweep-260516_122.s2p,,S12,f_2pi3,sim,dispersion_mode_1,2.8571160335532,2.85711,-6.03355320016874e-06,-11.729159696941704,92.85973834971843,touchstone_ri,2.8571160335532,1.0,,,
260519_2dsweep,sim,07_3_TDS-body_Novel-2Dsweep-260516_122.s2p,,S21,f_2pi3,sim,dispersion_mode_1,2.8571160335532,2.85711,-6.03355320016874e-06,-11.729155352011226,92.85991768993463,touchstone_ri,2.8571160335532,1.0,,,
260519_2dsweep,sim,07_3_TDS-body_Novel-2Dsweep-260516_122.s2p,,S22,f_2pi3,sim,dispersion_mode_1,2.8571160335532,2.85711,-6.03355320016874e-06,-0.30204005392269456,2.8575546605167372,touchstone_ri,2.8571160335532,1.0,,,
260519_2dsweep,sim,07_3_TDS-body_Novel-2Dsweep-260516_13.s2p,,S11,f_2pi3,sim,dispersion_mode_1,2.8571160335532,2.85711,-6.03355320016874e-06,-1.8844372915431769,50.474257574967055,touchstone_ri,2.8571160335532,1.0,,,
260519_2dsweep,sim,07_3_TDS-body_Novel-2Dsweep-260516_13.s2p,,S12,f_2pi3,sim,dispersion_mode_1,2.8571160335532,2.85711,-6.03355320016874e-06,-4.536340577433451,140.52262368063035,touchstone_ri,2.8571160335532,1.0,,,
260519_2dsweep,sim,07_3_TDS-body_Novel-2Dsweep-260516_13.s2p,,S21,f_2pi3,sim,dispersion_mode_1,2.8571160335532,2.85711,-6.03355320016874e-06,-4.536052854648296,140.5201367822119,touchstone_ri,2.8571160335532,1.0,,,
260519_2dsweep,sim,07_3_TDS-body_Novel-2Dsweep-260516_13.s2p,,S22,f_2pi3,sim,dispersion_mode_1,2.8571160335532,2.85711,-6.03355320016874e-06,-1.8843892394716377,50.55008392740433,touchstone_ri,2.8571160335532,1.0,,,
260519_2dsweep,sim,07_3_TDS-body_Novel-2Dsweep-260516_14.s2p,,S11,f_2pi3,sim,dispersion_mode_1,2.8571160335532,2.85711,-6.03355320016874e-06,-1.7509847097914402,48.855640469440644,touchstone_ri,2.8571160335532,1.0,,,
260519_2dsweep,sim,07_3_TDS-body_Novel-2Dsweep-260516_14.s2p,,S12,f_2pi3,sim,dispersion_mode_1,2.8571160335532,2.85711,-6.03355320016874e-06,-4.791308517171894,138.88431557708898,touchstone_ri,2.8571160335532,1.0,,,
260519_2dsweep,sim,07_3_TDS-body_Novel-2Dsweep-260516_14.s2p,,S21,f_2pi3,sim,dispersion_mode_1,2.8571160335532,2.85711,-6.03355320016874e-06,-4.791281648462544,138.88342578562037,touchstone_ri,2.8571160335532,1.0,,,
260519_2dsweep,sim,07_3_TDS-body_Novel-2Dsweep-260516_14.s2p,,S22,f_2pi3,sim,dispersion_mode_1,2.8571160335532,2.85711,-6.03355320016874e-06,-1.750762633026643,48.912995984331765,touchstone_ri,2.8571160335532,1.0,,,
260519_2dsweep,sim,07_3_TDS-body_Novel-2Dsweep-260516_15.s2p,,S11,f_2pi3,sim,dispersion_mode_1,2.8571160335532,2.85711,-6.03355320016874e-06,-1.6099068532194378,47.114388390589895,touchstone_ri,2.8571160335532,1.0,,,
260519_2dsweep,sim,07_3_TDS-body_Novel-2Dsweep-260516_15.s2p,,S12,f_2pi3,sim,dispersion_mode_1,2.8571160335532,2.85711,-6.03355320016874e-06,-5.090817314585474,137.11081576888313,touchstone_ri,2.8571160335532,1.0,,,
260519_2dsweep,sim,07_3_TDS-body_Novel-2Dsweep-260516_15.s2p,,S21,f_2pi3,sim,dispersion_mode_1,2.8571160335532,2.85711,-6.03355320016874e-06,-5.09060492077965,137.10994878812073,touchstone_ri,2.8571160335532,1.0,,,
260519_2dsweep,sim,07_3_TDS-body_Novel-2Dsweep-260516_15.s2p,,S22,f_2pi3,sim,dispersion_mode_1,2.8571160335532,2.85711,-6.03355320016874e-06,-1.609901989722966,47.09880401258105,touchstone_ri,2.8571160335532,1.0,,,
260519_2dsweep,sim,07_3_TDS-body_Novel-2Dsweep-260516_16.s2p,,S11,f_2pi3,sim,dispersion_mode_1,2.8571160335532,2.85711,-6.03355320016874e-06,-1.5175840992484815,45.78786728435884,touchstone_ri,2.8571160335532,1.0,,,
260519_2dsweep,sim,07_3_TDS-body_Novel-2Dsweep-260516_16.s2p,,S12,f_2pi3,sim,dispersion_mode_1,2.8571160335532,2.85711,-6.03355320016874e-06,-5.304207205736002,135.81595341134036,touchstone_ri,2.8571160335532,1.0,,,
260519_2dsweep,sim,07_3_TDS-body_Novel-2Dsweep-260516_16.s2p,,S21,f_2pi3,sim,dispersion_mode_1,2.8571160335532,2.85711,-6.03355320016874e-06,-5.304025910807662,135.81559924812223,touchstone_ri,2.8571160335532,1.0,,,
260519_2dsweep,sim,07_3_TDS-body_Novel-2Dsweep-260516_16.s2p,,S22,f_2pi3,sim,dispersion_mode_1,2.8571160335532,2.85711,-6.03355320016874e-06,-1.5174829069042133,45.836102347110575,touchstone_ri,2.8571160335532,1.0,,,
260519_2dsweep,sim,07_3_TDS-body_Novel-2Dsweep-260516_17.s2p,,S11,f_2pi3,sim,dispersion_mode_1,2.8571160335532,2.85711,-6.03355320016874e-06,-1.4032774229334044,44.223201657260795,touchstone_ri,2.8571160335532,1.0,,,
260519_2dsweep,sim,07_3_TDS-body_Novel-2Dsweep-260516_17.s2p,,S12,f_2pi3,sim,dispersion_mode_1,2.8571160335532,2.85711,-6.03355320016874e-06,-5.590066062389769,134.23606036596743,touchstone_ri,2.8571160335532,1.0,,,
260519_2dsweep,sim,07_3_TDS-body_Novel-2Dsweep-260516_17.s2p,,S21,f_2pi3,sim,dispersion_mode_1,2.8571160335532,2.85711,-6.03355320016874e-06,-5.590417746450724,134.23942649065188,touchstone_ri,2.8571160335532,1.0,,,
260519_2dsweep,sim,07_3_TDS-body_Novel-2Dsweep-260516_17.s2p,,S22,f_2pi3,sim,dispersion_mode_1,2.8571160335532,2.85711,-6.03355320016874e-06,-1.403301581282013,44.243430364222554,touchstone_ri,2.8571160335532,1.0,,,
260519_2dsweep,sim,07_3_TDS-body_Novel-2Dsweep-260516_18.s2p,,S11,f_2pi3,sim,dispersion_mode_1,2.8571160335532,2.85711,-6.03355320016874e-06,-1.3072749349366062,42.80380434139289,touchstone_ri,2.8571160335532,1.0,,,
260519_2dsweep,sim,07_3_TDS-body_Novel-2Dsweep-260516_18.s2p,,S12,f_2pi3,sim,dispersion_mode_1,2.8571160335532,2.85711,-6.03355320016874e-06,-5.851872922951174,132.8246631572105,touchstone_ri,2.8571160335532,1.0,,,
260519_2dsweep,sim,07_3_TDS-body_Novel-2Dsweep-260516_18.s2p,,S21,f_2pi3,sim,dispersion_mode_1,2.8571160335532,2.85711,-6.03355320016874e-06,-5.852150708401145,132.8255253996164,touchstone_ri,2.8571160335532,1.0,,,
260519_2dsweep,sim,07_3_TDS-body_Novel-2Dsweep-260516_18.s2p,,S22,f_2pi3,sim,dispersion_mode_1,2.8571160335532,2.85711,-6.03355320016874e-06,-1.3074361304276347,42.83917012244332,touchstone_ri,2.8571160335532,1.0,,,
260519_2dsweep,sim,07_3_TDS-body_Novel-2Dsweep-260516_19.s2p,,S11,f_2pi3,sim,dispersion_mode_1,2.8571160335532,2.85711,-6.03355320016874e-06,-1.2283826759523977,41.50630632284951,touchstone_ri,2.8571160335532,1.0,,,
260519_2dsweep,sim,07_3_TDS-body_Novel-2Dsweep-260516_19.s2p,,S12,f_2pi3,sim,dispersion_mode_1,2.8571160335532,2.85711,-6.03355320016874e-06,-6.084289100969108,131.55780262996998,touchstone_ri,2.8571160335532,1.0,,,
260519_2dsweep,sim,07_3_TDS-body_Novel-2Dsweep-260516_19.s2p,,S21,f_2pi3,sim,dispersion_mode_1,2.8571160335532,2.85711,-6.03355320016874e-06,-6.084331390336785,131.55720640889726,touchstone_ri,2.8571160335532,1.0,,,
260519_2dsweep,sim,07_3_TDS-body_Novel-2Dsweep-260516_19.s2p,,S22,f_2pi3,sim,dispersion_mode_1,2.8571160335532,2.85711,-6.03355320016874e-06,-1.228375715678764,41.60868925953659,touchstone_ri,2.8571160335532,1.0,,,
260519_2dsweep,sim,07_3_TDS-body_Novel-2Dsweep-260516_2.s2p,,S11,f_2pi3,sim,dispersion_mode_1,2.8571160335532,2.85711,-6.03355320016874e-06,-4.746788209244584,74.29407496920648,touchstone_ri,2.8571160335532,1.0,,,
260519_2dsweep,sim,07_3_TDS-body_Novel-2Dsweep-260516_2.s2p,,S12,f_2pi3,sim,dispersion_mode_1,2.8571160335532,2.85711,-6.03355320016874e-06,-1.7749416859188711,164.3413204121082,touchstone_ri,2.8571160335532,1.0,,,
260519_2dsweep,sim,07_3_TDS-body_Novel-2Dsweep-260516_2.s2p,,S21,f_2pi3,sim,dispersion_mode_1,2.8571160335532,2.85711,-6.03355320016874e-06,-1.7748622363273618,164.34085722758397,touchstone_ri,2.8571160335532,1.0,,,
260519_2dsweep,sim,07_3_TDS-body_Novel-2Dsweep-260516_2.s2p,,S22,f_2pi3,sim,dispersion_mode_1,2.8571160335532,2.85711,-6.03355320016874e-06,-4.747651362522133,74.35379653261678,touchstone_ri,2.8571160335532,1.0,,,
260519_2dsweep,sim,07_3_TDS-body_Novel-2Dsweep-260516_20.s2p,,S11,f_2pi3,sim,dispersion_mode_1,2.8571160335532,2.85711,-6.03355320016874e-06,-1.1484575603950247,40.299734918446696,touchstone_ri,2.8571160335532,1.0,,,
260519_2dsweep,sim,07_3_TDS-body_Novel-2Dsweep-260516_20.s2p,,S12,f_2pi3,sim,dispersion_mode_1,2.8571160335532,2.85711,-6.03355320016874e-06,-6.338679832386229,130.28135038660736,touchstone_ri,2.8571160335532,1.0,,,
260519_2dsweep,sim,07_3_TDS-body_Novel-2Dsweep-260516_20.s2p,,S21,f_2pi3,sim,dispersion_mode_1,2.8571160335532,2.85711,-6.03355320016874e-06,-6.339112531972045,130.28281475348228,touchstone_ri,2.8571160335532,1.0,,,
260519_2dsweep,sim,07_3_TDS-body_Novel-2Dsweep-260516_20.s2p,,S22,f_2pi3,sim,dispersion_mode_1,2.8571160335532,2.85711,-6.03355320016874e-06,-1.1485619387877808,40.25982091149431,touchstone_ri,2.8571160335532,1.0,,,
260519_2dsweep,sim,07_3_TDS-body_Novel-2Dsweep-260516_21.s2p,,S11,f_2pi3,sim,dispersion_mode_1,2.8571160335532,2.85711,-6.03355320016874e-06,-1.079247377262721,39.07449632930353,touchstone_ri,2.8571160335532,1.0,,,
260519_2dsweep,sim,07_3_TDS-body_Novel-2Dsweep-260516_21.s2p,,S12,f_2pi3,sim,dispersion_mode_1,2.8571160335532,2.85711,-6.03355320016874e-06,-6.57585021478506,129.0846217102904,touchstone_ri,2.8571160335532,1.0,,,
260519_2dsweep,sim,07_3_TDS-body_Novel-2Dsweep-260516_21.s2p,,S21,f_2pi3,sim,dispersion_mode_1,2.8571160335532,2.85711,-6.03355320016874e-06,-6.575747474980876,129.08389909019942,touchstone_ri,2.8571160335532,1.0,,,
260519_2dsweep,sim,07_3_TDS-body_Novel-2Dsweep-260516_21.s2p,,S22,f_2pi3,sim,dispersion_mode_1,2.8571160335532,2.85711,-6.03355320016874e-06,-1.0791921380506178,39.08938668247151,touchstone_ri,2.8571160335532,1.0,,,
260519_2dsweep,sim,07_3_TDS-body_Novel-2Dsweep-260516_22.s2p,,S11,f_2pi3,sim,dispersion_mode_1,2.8571160335532,2.85711,-6.03355320016874e-06,-1.0058560746598353,37.8204322127294,touchstone_ri,2.8571160335532,1.0,,,
260519_2dsweep,sim,07_3_TDS-body_Novel-2Dsweep-260516_22.s2p,,S12,f_2pi3,sim,dispersion_mode_1,2.8571160335532,2.85711,-6.03355320016874e-06,-6.845992122658969,127.83380466809751,touchstone_ri,2.8571160335532,1.0,,,
260519_2dsweep,sim,07_3_TDS-body_Novel-2Dsweep-260516_22.s2p,,S21,f_2pi3,sim,dispersion_mode_1,2.8571160335532,2.85711,-6.03355320016874e-06,-6.845659843684651,127.83208667860647,touchstone_ri,2.8571160335532,1.0,,,
260519_2dsweep,sim,07_3_TDS-body_Novel-2Dsweep-260516_22.s2p,,S22,f_2pi3,sim,dispersion_mode_1,2.8571160335532,2.85711,-6.03355320016874e-06,-1.0058001472009674,37.84538885926983,touchstone_ri,2.8571160335532,1.0,,,
260519_2dsweep,sim,07_3_TDS-body_Novel-2Dsweep-260516_23.s2p,,S11,f_2pi3,sim,dispersion_mode_1,2.8571160335532,2.85711,-6.03355320016874e-06,-0.9474473686372064,36.78656165119805,touchstone_ri,2.8571160335532,1.0,,,
260519_2dsweep,sim,07_3_TDS-body_Novel-2Dsweep-260516_23.s2p,,S12,f_2pi3,sim,dispersion_mode_1,2.8571160335532,2.85711,-6.03355320016874e-06,-7.077985410815259,126.73732742296342,touchstone_ri,2.8571160335532,1.0,,,
260519_2dsweep,sim,07_3_TDS-body_Novel-2Dsweep-260516_23.s2p,,S21,f_2pi3,sim,dispersion_mode_1,2.8571160335532,2.85711,-6.03355320016874e-06,-7.078068378125857,126.73687719785958,touchstone_ri,2.8571160335532,1.0,,,
260519_2dsweep,sim,07_3_TDS-body_Novel-2Dsweep-260516_23.s2p,,S22,f_2pi3,sim,dispersion_mode_1,2.8571160335532,2.85711,-6.03355320016874e-06,-0.9474144011106117,36.68465896145386,touchstone_ri,2.8571160335532,1.0,,,
260519_2dsweep,sim,07_3_TDS-body_Novel-2Dsweep-260516_24.s2p,,S11,f_2pi3,sim,dispersion_mode_1,2.8571160335532,2.85711,-6.03355320016874e-06,-0.889352255084239,35.58480240782421,touchstone_ri,2.8571160335532,1.0,,,
260519_2dsweep,sim,07_3_TDS-body_Novel-2Dsweep-260516_24.s2p,,S12,f_2pi3,sim,dispersion_mode_1,2.8571160335532,2.85711,-6.03355320016874e-06,-7.3225864018700895,125.63091045861376,touchstone_ri,2.8571160335532,1.0,,,
260519_2dsweep,sim,07_3_TDS-body_Novel-2Dsweep-260516_24.s2p,,S21,f_2pi3,sim,dispersion_mode_1,2.8571160335532,2.85711,-6.03355320016874e-06,-7.322944167228652,125.63258923486111,touchstone_ri,2.8571160335532,1.0,,,
260519_2dsweep,sim,07_3_TDS-body_Novel-2Dsweep-260516_24.s2p,,S22,f_2pi3,sim,dispersion_mode_1,2.8571160335532,2.85711,-6.03355320016874e-06,-0.889458474879392,35.68652626609558,touchstone_ri,2.8571160335532,1.0,,,
260519_2dsweep,sim,07_3_TDS-body_Novel-2Dsweep-260516_25.s2p,,S11,f_2pi3,sim,dispersion_mode_1,2.8571160335532,2.85711,-6.03355320016874e-06,-0.8430474777456969,34.71299301989701,touchstone_ri,2.8571160335532,1.0,,,
260519_2dsweep,sim,07_3_TDS-body_Novel-2Dsweep-260516_25.s2p,,S12,f_2pi3,sim,dispersion_mode_1,2.8571160335532,2.85711,-6.03355320016874e-06,-7.533981743211565,124.69454257846473,touchstone_ri,2.8571160335532,1.0,,,
260519_2dsweep,sim,07_3_TDS-body_Novel-2Dsweep-260516_25.s2p,,S21,f_2pi3,sim,dispersion_mode_1,2.8571160335532,2.85711,-6.03355320016874e-06,-7.534063217635793,124.69480365785175,touchstone_ri,2.8571160335532,1.0,,,
260519_2dsweep,sim,07_3_TDS-body_Novel-2Dsweep-260516_25.s2p,,S22,f_2pi3,sim,dispersion_mode_1,2.8571160335532,2.85711,-6.03355320016874e-06,-0.84316991170593,34.67473468203987,touchstone_ri,2.8571160335532,1.0,,,
260519_2dsweep,sim,07_3_TDS-body_Novel-2Dsweep-260516_26.s2p,,S11,f_2pi3,sim,dispersion_mode_1,2.8571160335532,2.85711,-6.03355320016874e-06,-0.7981846825792915,33.74293836819257,touchstone_ri,2.8571160335532,1.0,,,
260519_2dsweep,sim,07_3_TDS-body_Novel-2Dsweep-260516_26.s2p,,S12,f_2pi3,sim,dispersion_mode_1,2.8571160335532,2.85711,-6.03355320016874e-06,-7.749815668349198,123.74686563222242,touchstone_ri,2.8571160335532,1.0,,,
260519_2dsweep,sim,07_3_TDS-body_Novel-2Dsweep-260516_26.s2p,,S21,f_2pi3,sim,dispersion_mode_1,2.8571160335532,2.85711,-6.03355320016874e-06,-7.750348856356952,123.7500779927827,touchstone_ri,2.8571160335532,1.0,,,
260519_2dsweep,sim,07_3_TDS-body_Novel-2Dsweep-260516_26.s2p,,S22,f_2pi3,sim,dispersion_mode_1,2.8571160335532,2.85711,-6.03355320016874e-06,-0.7984044310390501,33.750453893916145,touchstone_ri,2.8571160335532,1.0,,,
260519_2dsweep,sim,07_3_TDS-body_Novel-2Dsweep-260516_27.s2p,,S11,f_2pi3,sim,dispersion_mode_1,2.8571160335532,2.85711,-6.03355320016874e-06,-0.7533986824757084,32.77457761710124,touchstone_ri,2.8571160335532,1.0,,,
260519_2dsweep,sim,07_3_TDS-body_Novel-2Dsweep-260516_27.s2p,,S12,f_2pi3,sim,dispersion_mode_1,2.8571160335532,2.85711,-6.03355320016874e-06,-7.978416847153311,122.78457214589012,touchstone_ri,2.8571160335532,1.0,,,
260519_2dsweep,sim,07_3_TDS-body_Novel-2Dsweep-260516_27.s2p,,S21,f_2pi3,sim,dispersion_mode_1,2.8571160335532,2.85711,-6.03355320016874e-06,-7.979270996623215,122.78764883244577,touchstone_ri,2.8571160335532,1.0,,,
260519_2dsweep,sim,07_3_TDS-body_Novel-2Dsweep-260516_27.s2p,,S22,f_2pi3,sim,dispersion_mode_1,2.8571160335532,2.85711,-6.03355320016874e-06,-0.7535956541179967,32.795170743196145,touchstone_ri,2.8571160335532,1.0,,,
260519_2dsweep,sim,07_3_TDS-body_Novel-2Dsweep-260516_28.s2p,,S11,f_2pi3,sim,dispersion_mode_1,2.8571160335532,2.85711,-6.03355320016874e-06,-0.7098262061832618,31.832571806393958,touchstone_ri,2.8571160335532,1.0,,,
260519_2dsweep,sim,07_3_TDS-body_Novel-2Dsweep-260516_28.s2p,,S12,f_2pi3,sim,dispersion_mode_1,2.8571160335532,2.85711,-6.03355320016874e-06,-8.216140280795019,121.84156602428844,touchstone_ri,2.8571160335532,1.0,,,
260519_2dsweep,sim,07_3_TDS-body_Novel-2Dsweep-260516_28.s2p,,S21,f_2pi3,sim,dispersion_mode_1,2.8571160335532,2.85711,-6.03355320016874e-06,-8.216445171824445,121.84196866394143,touchstone_ri,2.8571160335532,1.0,,,
260519_2dsweep,sim,07_3_TDS-body_Novel-2Dsweep-260516_28.s2p,,S22,f_2pi3,sim,dispersion_mode_1,2.8571160335532,2.85711,-6.03355320016874e-06,-0.7098977016824636,31.849573625277884,touchstone_ri,2.8571160335532,1.0,,,
260519_2dsweep,sim,07_3_TDS-body_Novel-2Dsweep-260516_29.s2p,,S11,f_2pi3,sim,dispersion_mode_1,2.8571160335532,2.85711,-6.03355320016874e-06,-0.6755886970767457,31.012490034360177,touchstone_ri,2.8571160335532,1.0,,,
260519_2dsweep,sim,07_3_TDS-body_Novel-2Dsweep-260516_29.s2p,,S12,f_2pi3,sim,dispersion_mode_1,2.8571160335532,2.85711,-6.03355320016874e-06,-8.41539831753757,121.03816804364773,touchstone_ri,2.8571160335532,1.0,,,
260519_2dsweep,sim,07_3_TDS-body_Novel-2Dsweep-260516_29.s2p,,S21,f_2pi3,sim,dispersion_mode_1,2.8571160335532,2.85711,-6.03355320016874e-06,-8.414850279969134,121.03669936719476,touchstone_ri,2.8571160335532,1.0,,,
260519_2dsweep,sim,07_3_TDS-body_Novel-2Dsweep-260516_29.s2p,,S22,f_2pi3,sim,dispersion_mode_1,2.8571160335532,2.85711,-6.03355320016874e-06,-0.6754731717888195,31.060844472270162,touchstone_ri,2.8571160335532,1.0,,,
260519_2dsweep,sim,07_3_TDS-body_Novel-2Dsweep-260516_3.s2p,,S11,f_2pi3,sim,dispersion_mode_1,2.8571160335532,2.85711,-6.03355320016874e-06,-4.302391004437835,71.51612230611073,touchstone_ri,2.8571160335532,1.0,,,
260519_2dsweep,sim,07_3_TDS-body_Novel-2Dsweep-260516_3.s2p,,S12,f_2pi3,sim,dispersion_mode_1,2.8571160335532,2.85711,-6.03355320016874e-06,-2.0176417220175993,161.5729927821329,touchstone_ri,2.8571160335532,1.0,,,
260519_2dsweep,sim,07_3_TDS-body_Novel-2Dsweep-260516_3.s2p,,S21,f_2pi3,sim,dispersion_mode_1,2.8571160335532,2.85711,-6.03355320016874e-06,-2.0178217305036465,161.57095298533199,touchstone_ri,2.8571160335532,1.0,,,
260519_2dsweep,sim,07_3_TDS-body_Novel-2Dsweep-260516_3.s2p,,S22,f_2pi3,sim,dispersion_mode_1,2.8571160335532,2.85711,-6.03355320016874e-06,-4.30233513618627,71.59499987729096,touchstone_ri,2.8571160335532,1.0,,,
260519_2dsweep,sim,07_3_TDS-body_Novel-2Dsweep-260516_30.s2p,,S11,f_2pi3,sim,dispersion_mode_1,2.8571160335532,2.85711,-6.03355320016874e-06,-0.6378575010806443,30.133119629745547,touchstone_ri,2.8571160335532,1.0,,,
260519_2dsweep,sim,07_3_TDS-body_Novel-2Dsweep-260516_30.s2p,,S12,f_2pi3,sim,dispersion_mode_1,2.8571160335532,2.85711,-6.03355320016874e-06,-8.646180249762804,120.1344838604732,touchstone_ri,2.8571160335532,1.0,,,
260519_2dsweep,sim,07_3_TDS-body_Novel-2Dsweep-260516_30.s2p,,S21,f_2pi3,sim,dispersion_mode_1,2.8571160335532,2.85711,-6.03355320016874e-06,-8.646242737688357,120.13372033232406,touchstone_ri,2.8571160335532,1.0,,,
260519_2dsweep,sim,07_3_TDS-body_Novel-2Dsweep-260516_30.s2p,,S22,f_2pi3,sim,dispersion_mode_1,2.8571160335532,2.85711,-6.03355320016874e-06,-0.6378006425046595,30.133845246453355,touchstone_ri,2.8571160335532,1.0,,,
260519_2dsweep,sim,07_3_TDS-body_Novel-2Dsweep-260516_31.s2p,,S11,f_2pi3,sim,dispersion_mode_1,2.8571160335532,2.85711,-6.03355320016874e-06,-0.6025683543243686,29.274337534221146,touchstone_ri,2.8571160335532,1.0,,,
260519_2dsweep,sim,07_3_TDS-body_Novel-2Dsweep-260516_31.s2p,,S12,f_2pi3,sim,dispersion_mode_1,2.8571160335532,2.85711,-6.03355320016874e-06,-8.876061400791592,119.27150773892981,touchstone_ri,2.8571160335532,1.0,,,
260519_2dsweep,sim,07_3_TDS-body_Novel-2Dsweep-260516_31.s2p,,S21,f_2pi3,sim,dispersion_mode_1,2.8571160335532,2.85711,-6.03355320016874e-06,-8.876225657120214,119.27159366916563,touchstone_ri,2.8571160335532,1.0,,,
260519_2dsweep,sim,07_3_TDS-body_Novel-2Dsweep-260516_31.s2p,,S22,f_2pi3,sim,dispersion_mode_1,2.8571160335532,2.85711,-6.03355320016874e-06,-0.6025715098186427,29.265234391823352,touchstone_ri,2.8571160335532,1.0,,,
260519_2dsweep,sim,07_3_TDS-body_Novel-2Dsweep-260516_32.s2p,,S11,f_2pi3,sim,dispersion_mode_1,2.8571160335532,2.85711,-6.03355320016874e-06,-0.5753041812132921,28.537990130976425,touchstone_ri,2.8571160335532,1.0,,,
260519_2dsweep,sim,07_3_TDS-body_Novel-2Dsweep-260516_32.s2p,,S12,f_2pi3,sim,dispersion_mode_1,2.8571160335532,2.85711,-6.03355320016874e-06,-9.063308206150968,118.5489594019008,touchstone_ri,2.8571160335532,1.0,,,
260519_2dsweep,sim,07_3_TDS-body_Novel-2Dsweep-260516_32.s2p,,S21,f_2pi3,sim,dispersion_mode_1,2.8571160335532,2.85711,-6.03355320016874e-06,-9.063036530312331,118.54978466412622,touchstone_ri,2.8571160335532,1.0,,,
260519_2dsweep,sim,07_3_TDS-body_Novel-2Dsweep-260516_32.s2p,,S22,f_2pi3,sim,dispersion_mode_1,2.8571160335532,2.85711,-6.03355320016874e-06,-0.5752607797015518,28.562950519566353,touchstone_ri,2.8571160335532,1.0,,,
260519_2dsweep,sim,07_3_TDS-body_Novel-2Dsweep-260516_33.s2p,,S11,f_2pi3,sim,dispersion_mode_1,2.8571160335532,2.85711,-6.03355320016874e-06,-0.5457495917456461,27.765257441791164,touchstone_ri,2.8571160335532,1.0,,,
260519_2dsweep,sim,07_3_TDS-body_Novel-2Dsweep-260516_33.s2p,,S12,f_2pi3,sim,dispersion_mode_1,2.8571160335532,2.85711,-6.03355320016874e-06,-9.278382321888547,117.77858102658497,touchstone_ri,2.8571160335532,1.0,,,
260519_2dsweep,sim,07_3_TDS-body_Novel-2Dsweep-260516_33.s2p,,S21,f_2pi3,sim,dispersion_mode_1,2.8571160335532,2.85711,-6.03355320016874e-06,-9.278335108788765,117.7784105659859,touchstone_ri,2.8571160335532,1.0,,,
260519_2dsweep,sim,07_3_TDS-body_Novel-2Dsweep-260516_33.s2p,,S22,f_2pi3,sim,dispersion_mode_1,2.8571160335532,2.85711,-6.03355320016874e-06,-0.545748054321711,27.789177316605283,touchstone_ri,2.8571160335532,1.0,,,
260519_2dsweep,sim,07_3_TDS-body_Novel-2Dsweep-260516_34.s2p,,S11,f_2pi3,sim,dispersion_mode_1,2.8571160335532,2.85711,-6.03355320016874e-06,-0.511540750614916,26.86165781034074,touchstone_ri,2.8571160335532,1.0,,,
260519_2dsweep,sim,07_3_TDS-body_Novel-2Dsweep-260516_34.s2p,,S12,f_2pi3,sim,dispersion_mode_1,2.8571160335532,2.85711,-6.03355320016874e-06,-9.542005505356316,116.88858051608679,touchstone_ri,2.8571160335532,1.0,,,
260519_2dsweep,sim,07_3_TDS-body_Novel-2Dsweep-260516_34.s2p,,S21,f_2pi3,sim,dispersion_mode_1,2.8571160335532,2.85711,-6.03355320016874e-06,-9.54254397801182,116.89091866828356,touchstone_ri,2.8571160335532,1.0,,,
260519_2dsweep,sim,07_3_TDS-body_Novel-2Dsweep-260516_34.s2p,,S22,f_2pi3,sim,dispersion_mode_1,2.8571160335532,2.85711,-6.03355320016874e-06,-0.51176056084584,26.913750607724243,touchstone_ri,2.8571160335532,1.0,,,
260519_2dsweep,sim,07_3_TDS-body_Novel-2Dsweep-260516_35.s2p,,S11,f_2pi3,sim,dispersion_mode_1,2.8571160335532,2.85711,-6.03355320016874e-06,-0.49204256339315794,26.290984519402173,touchstone_ri,2.8571160335532,1.0,,,
260519_2dsweep,sim,07_3_TDS-body_Novel-2Dsweep-260516_35.s2p,,S12,f_2pi3,sim,dispersion_mode_1,2.8571160335532,2.85711,-6.03355320016874e-06,-9.701971076742586,116.28723299508772,touchstone_ri,2.8571160335532,1.0,,,
260519_2dsweep,sim,07_3_TDS-body_Novel-2Dsweep-260516_35.s2p,,S21,f_2pi3,sim,dispersion_mode_1,2.8571160335532,2.85711,-6.03355320016874e-06,-9.701762802511345,116.28571612526856,touchstone_ri,2.8571160335532,1.0,,,
260519_2dsweep,sim,07_3_TDS-body_Novel-2Dsweep-260516_35.s2p,,S22,f_2pi3,sim,dispersion_mode_1,2.8571160335532,2.85711,-6.03355320016874e-06,-0.49195403288312894,26.2816990874303,touchstone_ri,2.8571160335532,1.0,,,
260519_2dsweep,sim,07_3_TDS-body_Novel-2Dsweep-260516_36.s2p,,S11,f_2pi3,sim,dispersion_mode_1,2.8571160335532,2.85711,-6.03355320016874e-06,-0.466854214879312,25.556147819521833,touchstone_ri,2.8571160335532,1.0,,,
260519_2dsweep,sim,07_3_TDS-body_Novel-2Dsweep-260516_36.s2p,,S12,f_2pi3,sim,dispersion_mode_1,2.8571160335532,2.85711,-6.03355320016874e-06,-9.918820343449038,115.57080307324004,touchstone_ri,2.8571160335532,1.0,,,
260519_2dsweep,sim,07_3_TDS-body_Novel-2Dsweep-260516_36.s2p,,S21,f_2pi3,sim,dispersion_mode_1,2.8571160335532,2.85711,-6.03355320016874e-06,-9.917619764075347,115.56481570507563,touchstone_ri,2.8571160335532,1.0,,,
260519_2dsweep,sim,07_3_TDS-body_Novel-2Dsweep-260516_36.s2p,,S22,f_2pi3,sim,dispersion_mode_1,2.8571160335532,2.85711,-6.03355320016874e-06,-0.4668470230353586,25.580493034057707,touchstone_ri,2.8571160335532,1.0,,,
260519_2dsweep,sim,07_3_TDS-body_Novel-2Dsweep-260516_37.s2p,,S11,f_2pi3,sim,dispersion_mode_1,2.8571160335532,2.85711,-6.03355320016874e-06,-0.44622526014993835,24.93623022418459,touchstone_ri,2.8571160335532,1.0,,,
260519_2dsweep,sim,07_3_TDS-body_Novel-2Dsweep-260516_37.s2p,,S12,f_2pi3,sim,dispersion_mode_1,2.8571160335532,2.85711,-6.03355320016874e-06,-10.104293475714341,114.92864584951128,touchstone_ri,2.8571160335532,1.0,,,
260519_2dsweep,sim,07_3_TDS-body_Novel-2Dsweep-260516_37.s2p,,S21,f_2pi3,sim,dispersion_mode_1,2.8571160335532,2.85711,-6.03355320016874e-06,-10.104190338505223,114.92667212896643,touchstone_ri,2.8571160335532,1.0,,,
260519_2dsweep,sim,07_3_TDS-body_Novel-2Dsweep-260516_37.s2p,,S22,f_2pi3,sim,dispersion_mode_1,2.8571160335532,2.85711,-6.03355320016874e-06,-0.44613237082675233,24.918468772778628,touchstone_ri,2.8571160335532,1.0,,,
260519_2dsweep,sim,07_3_TDS-body_Novel-2Dsweep-260516_38.s2p,,S11,f_2pi3,sim,dispersion_mode_1,2.8571160335532,2.85711,-6.03355320016874e-06,-0.4259345634593053,24.305732557590996,touchstone_ri,2.8571160335532,1.0,,,
260519_2dsweep,sim,07_3_TDS-body_Novel-2Dsweep-260516_38.s2p,,S12,f_2pi3,sim,dispersion_mode_1,2.8571160335532,2.85711,-6.03355320016874e-06,-10.296056764725597,114.30941209331475,touchstone_ri,2.8571160335532,1.0,,,
260519_2dsweep,sim,07_3_TDS-body_Novel-2Dsweep-260516_38.s2p,,S21,f_2pi3,sim,dispersion_mode_1,2.8571160335532,2.85711,-6.03355320016874e-06,-10.297307573679031,114.31069094636644,touchstone_ri,2.8571160335532,1.0,,,
260519_2dsweep,sim,07_3_TDS-body_Novel-2Dsweep-260516_38.s2p,,S22,f_2pi3,sim,dispersion_mode_1,2.8571160335532,2.85711,-6.03355320016874e-06,-0.42621112632834324,24.304905027596867,touchstone_ri,2.8571160335532,1.0,,,
260519_2dsweep,sim,07_3_TDS-body_Novel-2Dsweep-260516_39.s2p,,S11,f_2pi3,sim,dispersion_mode_1,2.8571160335532,2.85711,-6.03355320016874e-06,-0.4059282796895031,23.69402985980561,touchstone_ri,2.8571160335532,1.0,,,
260519_2dsweep,sim,07_3_TDS-body_Novel-2Dsweep-260516_39.s2p,,S12,f_2pi3,sim,dispersion_mode_1,2.8571160335532,2.85711,-6.03355320016874e-06,-10.494210313621505,113.68330271062734,touchstone_ri,2.8571160335532,1.0,,,
260519_2dsweep,sim,07_3_TDS-body_Novel-2Dsweep-260516_39.s2p,,S21,f_2pi3,sim,dispersion_mode_1,2.8571160335532,2.85711,-6.03355320016874e-06,-10.493000872483458,113.6887356007506,touchstone_ri,2.8571160335532,1.0,,,
260519_2dsweep,sim,07_3_TDS-body_Novel-2Dsweep-260516_39.s2p,,S22,f_2pi3,sim,dispersion_mode_1,2.8571160335532,2.85711,-6.03355320016874e-06,-0.40616189373922496,23.677125644291017,touchstone_ri,2.8571160335532,1.0,,,
260519_2dsweep,sim,07_3_TDS-body_Novel-2Dsweep-260516_4.s2p,,S11,f_2pi3,sim,dispersion_mode_1,2.8571160335532,2.85711,-6.03355320016874e-06,-3.929873007604235,69.05430549124674,touchstone_ri,2.8571160335532,1.0,,,
260519_2dsweep,sim,07_3_TDS-body_Novel-2Dsweep-260516_4.s2p,,S12,f_2pi3,sim,dispersion_mode_1,2.8571160335532,2.85711,-6.03355320016874e-06,-2.2523814154887387,159.01809314315486,touchstone_ri,2.8571160335532,1.0,,,
260519_2dsweep,sim,07_3_TDS-body_Novel-2Dsweep-260516_4.s2p,,S21,f_2pi3,sim,dispersion_mode_1,2.8571160335532,2.85711,-6.03355320016874e-06,-2.2524413573312194,159.0193508816366,touchstone_ri,2.8571160335532,1.0,,,
260519_2dsweep,sim,07_3_TDS-body_Novel-2Dsweep-260516_4.s2p,,S22,f_2pi3,sim,dispersion_mode_1,2.8571160335532,2.85711,-6.03355320016874e-06,-3.929751635947894,68.97529990505689,touchstone_ri,2.8571160335532,1.0,,,
260519_2dsweep,sim,07_3_TDS-body_Novel-2Dsweep-260516_40.s2p,,S11,f_2pi3,sim,dispersion_mode_1,2.8571160335532,2.85711,-6.03355320016874e-06,-0.38868107832709853,23.099204846607567,touchstone_ri,2.8571160335532,1.0,,,
260519_2dsweep,sim,07_3_TDS-body_Novel-2Dsweep-260516_40.s2p,,S12,f_2pi3,sim,dispersion_mode_1,2.8571160335532,2.85711,-6.03355320016874e-06,-10.673866232106086,113.09452615153204,touchstone_ri,2.8571160335532,1.0,,,
260519_2dsweep,sim,07_3_TDS-body_Novel-2Dsweep-260516_40.s2p,,S21,f_2pi3,sim,dispersion_mode_1,2.8571160335532,2.85711,-6.03355320016874e-06,-10.674110523686316,113.09719300393922,touchstone_ri,2.8571160335532,1.0,,,
260519_2dsweep,sim,07_3_TDS-body_Novel-2Dsweep-260516_40.s2p,,S22,f_2pi3,sim,dispersion_mode_1,2.8571160335532,2.85711,-6.03355320016874e-06,-0.3887867820076947,23.093831159511716,touchstone_ri,2.8571160335532,1.0,,,
260519_2dsweep,sim,07_3_TDS-body_Novel-2Dsweep-260516_41.s2p,,S11,f_2pi3,sim,dispersion_mode_1,2.8571160335532,2.85711,-6.03355320016874e-06,-0.37262639068464376,22.53055389760214,touchstone_ri,2.8571160335532,1.0,,,
260519_2dsweep,sim,07_3_TDS-body_Novel-2Dsweep-260516_41.s2p,,S12,f_2pi3,sim,dispersion_mode_1,2.8571160335532,2.85711,-6.03355320016874e-06,-10.8531354707437,112.52427452181165,touchstone_ri,2.8571160335532,1.0,,,
260519_2dsweep,sim,07_3_TDS-body_Novel-2Dsweep-260516_41.s2p,,S21,f_2pi3,sim,dispersion_mode_1,2.8571160335532,2.85711,-6.03355320016874e-06,-10.854634476059434,112.52808429618852,touchstone_ri,2.8571160335532,1.0,,,
260519_2dsweep,sim,07_3_TDS-body_Novel-2Dsweep-260516_41.s2p,,S22,f_2pi3,sim,dispersion_mode_1,2.8571160335532,2.85711,-6.03355320016874e-06,-0.3725096674813622,22.508525735214615,touchstone_ri,2.8571160335532,1.0,,,
260519_2dsweep,sim,07_3_TDS-body_Novel-2Dsweep-260516_42.s2p,,S11,f_2pi3,sim,dispersion_mode_1,2.8571160335532,2.85711,-6.03355320016874e-06,-5.2235133054383525,75.81142203157353,touchstone_ri,2.8571160335532,1.0,,,
260519_2dsweep,sim,07_3_TDS-body_Novel-2Dsweep-260516_42.s2p,,S12,f_2pi3,sim,dispersion_mode_1,2.8571160335532,2.85711,-6.03355320016874e-06,-1.551334625269335,165.87429898330907,touchstone_ri,2.8571160335532,1.0,,,
260519_2dsweep,sim,07_3_TDS-body_Novel-2Dsweep-260516_42.s2p,,S21,f_2pi3,sim,dispersion_mode_1,2.8571160335532,2.85711,-6.03355320016874e-06,-1.5520595191338036,165.8749458843388,touchstone_ri,2.8571160335532,1.0,,,
260519_2dsweep,sim,07_3_TDS-body_Novel-2Dsweep-260516_42.s2p,,S22,f_2pi3,sim,dispersion_mode_1,2.8571160335532,2.85711,-6.03355320016874e-06,-5.223261844149981,75.92971045140631,touchstone_ri,2.8571160335532,1.0,,,
260519_2dsweep,sim,07_3_TDS-body_Novel-2Dsweep-260516_43.s2p,,S11,f_2pi3,sim,dispersion_mode_1,2.8571160335532,2.85711,-6.03355320016874e-06,-4.726525790881234,73.04519712497735,touchstone_ri,2.8571160335532,1.0,,,
260519_2dsweep,sim,07_3_TDS-body_Novel-2Dsweep-260516_43.s2p,,S12,f_2pi3,sim,dispersion_mode_1,2.8571160335532,2.85711,-6.03355320016874e-06,-1.782741116745764,163.0574235095539,touchstone_ri,2.8571160335532,1.0,,,
260519_2dsweep,sim,07_3_TDS-body_Novel-2Dsweep-260516_43.s2p,,S21,f_2pi3,sim,dispersion_mode_1,2.8571160335532,2.85711,-6.03355320016874e-06,-1.7831695128157967,163.0610016823017,touchstone_ri,2.8571160335532,1.0,,,
260519_2dsweep,sim,07_3_TDS-body_Novel-2Dsweep-260516_43.s2p,,S22,f_2pi3,sim,dispersion_mode_1,2.8571160335532,2.85711,-6.03355320016874e-06,-4.72701321634937,73.0806046646551,touchstone_ri,2.8571160335532,1.0,,,
260519_2dsweep,sim,07_3_TDS-body_Novel-2Dsweep-260516_44.s2p,,S11,f_2pi3,sim,dispersion_mode_1,2.8571160335532,2.85711,-6.03355320016874e-06,-4.33563412819449,70.54163140211945,touchstone_ri,2.8571160335532,1.0,,,
260519_2dsweep,sim,07_3_TDS-body_Novel-2Dsweep-260516_44.s2p,,S12,f_2pi3,sim,dispersion_mode_1,2.8571160335532,2.85711,-6.03355320016874e-06,-1.996634365149938,160.58207201945746,touchstone_ri,2.8571160335532,1.0,,,
260519_2dsweep,sim,07_3_TDS-body_Novel-2Dsweep-260516_44.s2p,,S21,f_2pi3,sim,dispersion_mode_1,2.8571160335532,2.85711,-6.03355320016874e-06,-1.9965140931491507,160.5831461574756,touchstone_ri,2.8571160335532,1.0,,,
260519_2dsweep,sim,07_3_TDS-body_Novel-2Dsweep-260516_44.s2p,,S22,f_2pi3,sim,dispersion_mode_1,2.8571160335532,2.85711,-6.03355320016874e-06,-4.335673389265638,70.61963823085173,touchstone_ri,2.8571160335532,1.0,,,
260519_2dsweep,sim,07_3_TDS-body_Novel-2Dsweep-260516_45.s2p,,S11,f_2pi3,sim,dispersion_mode_1,2.8571160335532,2.85711,-6.03355320016874e-06,-3.932851009686863,67.96840228947318,touchstone_ri,2.8571160335532,1.0,,,
260519_2dsweep,sim,07_3_TDS-body_Novel-2Dsweep-260516_45.s2p,,S12,f_2pi3,sim,dispersion_mode_1,2.8571160335532,2.85711,-6.03355320016874e-06,-2.2497193713695083,157.92056642266377,touchstone_ri,2.8571160335532,1.0,,,
260519_2dsweep,sim,07_3_TDS-body_Novel-2Dsweep-260516_45.s2p,,S21,f_2pi3,sim,dispersion_mode_1,2.8571160335532,2.85711,-6.03355320016874e-06,-2.249708395959825,157.92126935222853,touchstone_ri,2.8571160335532,1.0,,,
260519_2dsweep,sim,07_3_TDS-body_Novel-2Dsweep-260516_45.s2p,,S22,f_2pi3,sim,dispersion_mode_1,2.8571160335532,2.85711,-6.03355320016874e-06,-3.932768269252076,67.87660355176325,touchstone_ri,2.8571160335532,1.0,,,
260519_2dsweep,sim,07_3_TDS-body_Novel-2Dsweep-260516_46.s2p,,S11,f_2pi3,sim,dispersion_mode_1,2.8571160335532,2.85711,-6.03355320016874e-06,-3.6136429082228565,65.62594088957661,touchstone_ri,2.8571160335532,1.0,,,
260519_2dsweep,sim,07_3_TDS-body_Novel-2Dsweep-260516_46.s2p,,S12,f_2pi3,sim,dispersion_mode_1,2.8571160335532,2.85711,-6.03355320016874e-06,-2.4817196898025387,155.60116018199312,touchstone_ri,2.8571160335532,1.0,,,
260519_2dsweep,sim,07_3_TDS-body_Novel-2Dsweep-260516_46.s2p,,S21,f_2pi3,sim,dispersion_mode_1,2.8571160335532,2.85711,-6.03355320016874e-06,-2.4819389495271507,155.60079975257008,touchstone_ri,2.8571160335532,1.0,,,
260519_2dsweep,sim,07_3_TDS-body_Novel-2Dsweep-260516_46.s2p,,S22,f_2pi3,sim,dispersion_mode_1,2.8571160335532,2.85711,-6.03355320016874e-06,-3.613560262837294,65.5593540652783,touchstone_ri,2.8571160335532,1.0,,,
260519_2dsweep,sim,07_3_TDS-body_Novel-2Dsweep-260516_47.s2p,,S11,f_2pi3,sim,dispersion_mode_1,2.8571160335532,2.85711,-6.03355320016874e-06,-3.357813036390838,63.53601324905442,touchstone_ri,2.8571160335532,1.0,,,
260519_2dsweep,sim,07_3_TDS-body_Novel-2Dsweep-260516_47.s2p,,S12,f_2pi3,sim,dispersion_mode_1,2.8571160335532,2.85711,-6.03355320016874e-06,-2.6889357439900357,153.58841186183926,touchstone_ri,2.8571160335532,1.0,,,
260519_2dsweep,sim,07_3_TDS-body_Novel-2Dsweep-260516_47.s2p,,S21,f_2pi3,sim,dispersion_mode_1,2.8571160335532,2.85711,-6.03355320016874e-06,-2.688470069480569,153.5844807215333,touchstone_ri,2.8571160335532,1.0,,,
260519_2dsweep,sim,07_3_TDS-body_Novel-2Dsweep-260516_47.s2p,,S22,f_2pi3,sim,dispersion_mode_1,2.8571160335532,2.85711,-6.03355320016874e-06,-3.3573612941835504,63.638798573195814,touchstone_ri,2.8571160335532,1.0,,,
260519_2dsweep,sim,07_3_TDS-body_Novel-2Dsweep-260516_48.s2p,,S11,f_2pi3,sim,dispersion_mode_1,2.8571160335532,2.85711,-6.03355320016874e-06,-3.0505112895168978,61.08930747348846,touchstone_ri,2.8571160335532,1.0,,,
260519_2dsweep,sim,07_3_TDS-body_Novel-2Dsweep-260516_48.s2p,,S12,f_2pi3,sim,dispersion_mode_1,2.8571160335532,2.85711,-6.03355320016874e-06,-2.9702046865119742,151.12443242133003,touchstone_ri,2.8571160335532,1.0,,,
260519_2dsweep,sim,07_3_TDS-body_Novel-2Dsweep-260516_48.s2p,,S21,f_2pi3,sim,dispersion_mode_1,2.8571160335532,2.85711,-6.03355320016874e-06,-2.970295800732976,151.12361758355118,touchstone_ri,2.8571160335532,1.0,,,
260519_2dsweep,sim,07_3_TDS-body_Novel-2Dsweep-260516_48.s2p,,S22,f_2pi3,sim,dispersion_mode_1,2.8571160335532,2.85711,-6.03355320016874e-06,-3.0505490116184997,61.16252630598028,touchstone_ri,2.8571160335532,1.0,,,
260519_2dsweep,sim,07_3_TDS-body_Novel-2Dsweep-260516_49.s2p,,S11,f_2pi3,sim,dispersion_mode_1,2.8571160335532,2.85711,-6.03355320016874e-06,-2.7834095416512445,58.767569233901696,touchstone_ri,2.8571160335532,1.0,,,
260519_2dsweep,sim,07_3_TDS-body_Novel-2Dsweep-260516_49.s2p,,S12,f_2pi3,sim,dispersion_mode_1,2.8571160335532,2.85711,-6.03355320016874e-06,-3.25237137093987,148.84168396915177,touchstone_ri,2.8571160335532,1.0,,,
260519_2dsweep,sim,07_3_TDS-body_Novel-2Dsweep-260516_49.s2p,,S21,f_2pi3,sim,dispersion_mode_1,2.8571160335532,2.85711,-6.03355320016874e-06,-3.253227879631658,148.8439391281434,touchstone_ri,2.8571160335532,1.0,,,
260519_2dsweep,sim,07_3_TDS-body_Novel-2Dsweep-260516_49.s2p,,S22,f_2pi3,sim,dispersion_mode_1,2.8571160335532,2.85711,-6.03355320016874e-06,-2.783201566533119,58.87916056795996,touchstone_ri,2.8571160335532,1.0,,,
260519_2dsweep,sim,07_3_TDS-body_Novel-2Dsweep-260516_5.s2p,,S11,f_2pi3,sim,dispersion_mode_1,2.8571160335532,2.85711,-6.03355320016874e-06,-3.611257593031075,66.64462970937981,touchstone_ri,2.8571160335532,1.0,,,
260519_2dsweep,sim,07_3_TDS-body_Novel-2Dsweep-260516_5.s2p,,S12,f_2pi3,sim,dispersion_mode_1,2.8571160335532,2.85711,-6.03355320016874e-06,-2.4831439416632684,156.6792475254272,touchstone_ri,2.8571160335532,1.0,,,
260519_2dsweep,sim,07_3_TDS-body_Novel-2Dsweep-260516_5.s2p,,S21,f_2pi3,sim,dispersion_mode_1,2.8571160335532,2.85711,-6.03355320016874e-06,-2.4830933303832645,156.6782192410933,touchstone_ri,2.8571160335532,1.0,,,
260519_2dsweep,sim,07_3_TDS-body_Novel-2Dsweep-260516_5.s2p,,S22,f_2pi3,sim,dispersion_mode_1,2.8571160335532,2.85711,-6.03355320016874e-06,-3.611124248590793,66.70559775426177,touchstone_ri,2.8571160335532,1.0,,,
260519_2dsweep,sim,07_3_TDS-body_Novel-2Dsweep-260516_50.s2p,,S11,f_2pi3,sim,dispersion_mode_1,2.8571160335532,2.85711,-6.03355320016874e-06,-2.6163965463494163,57.23650134691204,touchstone_ri,2.8571160335532,1.0,,,
260519_2dsweep,sim,07_3_TDS-body_Novel-2Dsweep-260516_50.s2p,,S12,f_2pi3,sim,dispersion_mode_1,2.8571160335532,2.85711,-6.03355320016874e-06,-3.443982291468651,147.23149115097405,touchstone_ri,2.8571160335532,1.0,,,
260519_2dsweep,sim,07_3_TDS-body_Novel-2Dsweep-260516_50.s2p,,S21,f_2pi3,sim,dispersion_mode_1,2.8571160335532,2.85711,-6.03355320016874e-06,-3.4440514531627207,147.2350428813241,touchstone_ri,2.8571160335532,1.0,,,
260519_2dsweep,sim,07_3_TDS-body_Novel-2Dsweep-260516_50.s2p,,S22,f_2pi3,sim,dispersion_mode_1,2.8571160335532,2.85711,-6.03355320016874e-06,-2.6166593729770584,57.22153707964077,touchstone_ri,2.8571160335532,1.0,,,
260519_2dsweep,sim,07_3_TDS-body_Novel-2Dsweep-260516_51.s2p,,S11,f_2pi3,sim,dispersion_mode_1,2.8571160335532,2.85711,-6.03355320016874e-06,-2.392593584359362,55.101974640282414,touchstone_ri,2.8571160335532,1.0,,,
260519_2dsweep,sim,07_3_TDS-body_Novel-2Dsweep-260516_51.s2p,,S12,f_2pi3,sim,dispersion_mode_1,2.8571160335532,2.85711,-6.03355320016874e-06,-3.7310148976040542,145.11368078421208,touchstone_ri,2.8571160335532,1.0,,,
260519_2dsweep,sim,07_3_TDS-body_Novel-2Dsweep-260516_51.s2p,,S21,f_2pi3,sim,dispersion_mode_1,2.8571160335532,2.85711,-6.03355320016874e-06,-3.7307918478473114,145.11344249668045,touchstone_ri,2.8571160335532,1.0,,,
260519_2dsweep,sim,07_3_TDS-body_Novel-2Dsweep-260516_51.s2p,,S22,f_2pi3,sim,dispersion_mode_1,2.8571160335532,2.85711,-6.03355320016874e-06,-2.392423951276562,55.12468283128918,touchstone_ri,2.8571160335532,1.0,,,
260519_2dsweep,sim,07_3_TDS-body_Novel-2Dsweep-260516_52.s2p,,S11,f_2pi3,sim,dispersion_mode_1,2.8571160335532,2.85711,-6.03355320016874e-06,-2.201504754103678,53.14737828960308,touchstone_ri,2.8571160335532,1.0,,,
260519_2dsweep,sim,07_3_TDS-body_Novel-2Dsweep-260516_52.s2p,,S12,f_2pi3,sim,dispersion_mode_1,2.8571160335532,2.85711,-6.03355320016874e-06,-4.006210375860146,143.1530973131522,touchstone_ri,2.8571160335532,1.0,,,
260519_2dsweep,sim,07_3_TDS-body_Novel-2Dsweep-260516_52.s2p,,S21,f_2pi3,sim,dispersion_mode_1,2.8571160335532,2.85711,-6.03355320016874e-06,-4.006018958972523,143.15151498472798,touchstone_ri,2.8571160335532,1.0,,,
260519_2dsweep,sim,07_3_TDS-body_Novel-2Dsweep-260516_52.s2p,,S22,f_2pi3,sim,dispersion_mode_1,2.8571160335532,2.85711,-6.03355320016874e-06,-2.201816995638964,53.14323274372363,touchstone_ri,2.8571160335532,1.0,,,
260519_2dsweep,sim,07_3_TDS-body_Novel-2Dsweep-260516_53.s2p,,S11,f_2pi3,sim,dispersion_mode_1,2.8571160335532,2.85711,-6.03355320016874e-06,-2.0450407370172514,51.41894680304194,touchstone_ri,2.8571160335532,1.0,,,
260519_2dsweep,sim,07_3_TDS-body_Novel-2Dsweep-260516_53.s2p,,S12,f_2pi3,sim,dispersion_mode_1,2.8571160335532,2.85711,-6.03355320016874e-06,-4.254025111935346,141.43418939955797,touchstone_ri,2.8571160335532,1.0,,,
260519_2dsweep,sim,07_3_TDS-body_Novel-2Dsweep-260516_53.s2p,,S21,f_2pi3,sim,dispersion_mode_1,2.8571160335532,2.85711,-6.03355320016874e-06,-4.25407926765447,141.43397991017505,touchstone_ri,2.8571160335532,1.0,,,
260519_2dsweep,sim,07_3_TDS-body_Novel-2Dsweep-260516_53.s2p,,S22,f_2pi3,sim,dispersion_mode_1,2.8571160335532,2.85711,-6.03355320016874e-06,-2.0449974654643794,51.442098677166605,touchstone_ri,2.8571160335532,1.0,,,
260519_2dsweep,sim,07_3_TDS-body_Novel-2Dsweep-260516_54.s2p,,S11,f_2pi3,sim,dispersion_mode_1,2.8571160335532,2.85711,-6.03355320016874e-06,-1.8975505331167892,49.706372065002874,touchstone_ri,2.8571160335532,1.0,,,
260519_2dsweep,sim,07_3_TDS-body_Novel-2Dsweep-260516_54.s2p,,S12,f_2pi3,sim,dispersion_mode_1,2.8571160335532,2.85711,-6.03355320016874e-06,-4.510408526366473,139.75520446271946,touchstone_ri,2.8571160335532,1.0,,,
260519_2dsweep,sim,07_3_TDS-body_Novel-2Dsweep-260516_54.s2p,,S21,f_2pi3,sim,dispersion_mode_1,2.8571160335532,2.85711,-6.03355320016874e-06,-4.510188629931703,139.75421279392012,touchstone_ri,2.8571160335532,1.0,,,
260519_2dsweep,sim,07_3_TDS-body_Novel-2Dsweep-260516_54.s2p,,S22,f_2pi3,sim,dispersion_mode_1,2.8571160335532,2.85711,-6.03355320016874e-06,-1.8975728382748542,49.80244876911445,touchstone_ri,2.8571160335532,1.0,,,
260519_2dsweep,sim,07_3_TDS-body_Novel-2Dsweep-260516_55.s2p,,S11,f_2pi3,sim,dispersion_mode_1,2.8571160335532,2.85711,-6.03355320016874e-06,-1.749478271399115,47.98305093593906,touchstone_ri,2.8571160335532,1.0,,,
260519_2dsweep,sim,07_3_TDS-body_Novel-2Dsweep-260516_55.s2p,,S12,f_2pi3,sim,dispersion_mode_1,2.8571160335532,2.85711,-6.03355320016874e-06,-4.794994181727208,138.0095473575083,touchstone_ri,2.8571160335532,1.0,,,
260519_2dsweep,sim,07_3_TDS-body_Novel-2Dsweep-260516_55.s2p,,S21,f_2pi3,sim,dispersion_mode_1,2.8571160335532,2.85711,-6.03355320016874e-06,-4.795289694939458,138.00953879265006,touchstone_ri,2.8571160335532,1.0,,,
260519_2dsweep,sim,07_3_TDS-body_Novel-2Dsweep-260516_55.s2p,,S22,f_2pi3,sim,dispersion_mode_1,2.8571160335532,2.85711,-6.03355320016874e-06,-1.7496735306539433,48.02539193806531,touchstone_ri,2.8571160335532,1.0,,,
260519_2dsweep,sim,07_3_TDS-body_Novel-2Dsweep-260516_56.s2p,,S11,f_2pi3,sim,dispersion_mode_1,2.8571160335532,2.85711,-6.03355320016874e-06,-1.6295256838932872,46.444634034853564,touchstone_ri,2.8571160335532,1.0,,,
260519_2dsweep,sim,07_3_TDS-body_Novel-2Dsweep-260516_56.s2p,,S12,f_2pi3,sim,dispersion_mode_1,2.8571160335532,2.85711,-6.03355320016874e-06,-5.046197430797452,136.4632854424566,touchstone_ri,2.8571160335532,1.0,,,
260519_2dsweep,sim,07_3_TDS-body_Novel-2Dsweep-260516_56.s2p,,S21,f_2pi3,sim,dispersion_mode_1,2.8571160335532,2.85711,-6.03355320016874e-06,-5.046303882596593,136.46568959300302,touchstone_ri,2.8571160335532,1.0,,,
260519_2dsweep,sim,07_3_TDS-body_Novel-2Dsweep-260516_56.s2p,,S22,f_2pi3,sim,dispersion_mode_1,2.8571160335532,2.85711,-6.03355320016874e-06,-1.6292614801833827,46.49042960286258,touchstone_ri,2.8571160335532,1.0,,,
260519_2dsweep,sim,07_3_TDS-body_Novel-2Dsweep-260516_57.s2p,,S11,f_2pi3,sim,dispersion_mode_1,2.8571160335532,2.85711,-6.03355320016874e-06,-1.521962845219726,44.9866383256317,touchstone_ri,2.8571160335532,1.0,,,
260519_2dsweep,sim,07_3_TDS-body_Novel-2Dsweep-260516_57.s2p,,S12,f_2pi3,sim,dispersion_mode_1,2.8571160335532,2.85711,-6.03355320016874e-06,-5.294139415385951,135.03169029397552,touchstone_ri,2.8571160335532,1.0,,,
260519_2dsweep,sim,07_3_TDS-body_Novel-2Dsweep-260516_57.s2p,,S21,f_2pi3,sim,dispersion_mode_1,2.8571160335532,2.85711,-6.03355320016874e-06,-5.294068113070666,135.0304552777041,touchstone_ri,2.8571160335532,1.0,,,
260519_2dsweep,sim,07_3_TDS-body_Novel-2Dsweep-260516_57.s2p,,S22,f_2pi3,sim,dispersion_mode_1,2.8571160335532,2.85711,-6.03355320016874e-06,-1.5217587588183215,45.0660449869351,touchstone_ri,2.8571160335532,1.0,,,
260519_2dsweep,sim,07_3_TDS-body_Novel-2Dsweep-260516_58.s2p,,S11,f_2pi3,sim,dispersion_mode_1,2.8571160335532,2.85711,-6.03355320016874e-06,-1.4087488920541011,43.479051473775705,touchstone_ri,2.8571160335532,1.0,,,
260519_2dsweep,sim,07_3_TDS-body_Novel-2Dsweep-260516_58.s2p,,S12,f_2pi3,sim,dispersion_mode_1,2.8571160335532,2.85711,-6.03355320016874e-06,-5.577338113936459,133.479023480252,touchstone_ri,2.8571160335532,1.0,,,
260519_2dsweep,sim,07_3_TDS-body_Novel-2Dsweep-260516_58.s2p,,S21,f_2pi3,sim,dispersion_mode_1,2.8571160335532,2.85711,-6.03355320016874e-06,-5.577753503782636,133.4757328777692,touchstone_ri,2.8571160335532,1.0,,,
260519_2dsweep,sim,07_3_TDS-body_Novel-2Dsweep-260516_58.s2p,,S22,f_2pi3,sim,dispersion_mode_1,2.8571160335532,2.85711,-6.03355320016874e-06,-1.4084966264063303,43.45614596324674,touchstone_ri,2.8571160335532,1.0,,,
260519_2dsweep,sim,07_3_TDS-body_Novel-2Dsweep-260516_59.s2p,,S11,f_2pi3,sim,dispersion_mode_1,2.8571160335532,2.85711,-6.03355320016874e-06,-1.3153427713071,42.06874429618321,touchstone_ri,2.8571160335532,1.0,,,
260519_2dsweep,sim,07_3_TDS-body_Novel-2Dsweep-260516_59.s2p,,S12,f_2pi3,sim,dispersion_mode_1,2.8571160335532,2.85711,-6.03355320016874e-06,-5.830012724037822,132.10236746116945,touchstone_ri,2.8571160335532,1.0,,,
260519_2dsweep,sim,07_3_TDS-body_Novel-2Dsweep-260516_59.s2p,,S21,f_2pi3,sim,dispersion_mode_1,2.8571160335532,2.85711,-6.03355320016874e-06,-5.8296952149582655,132.09997542556428,touchstone_ri,2.8571160335532,1.0,,,
260519_2dsweep,sim,07_3_TDS-body_Novel-2Dsweep-260516_59.s2p,,S22,f_2pi3,sim,dispersion_mode_1,2.8571160335532,2.85711,-6.03355320016874e-06,-1.3149822171319578,42.127473606798304,touchstone_ri,2.8571160335532,1.0,,,
260519_2dsweep,sim,07_3_TDS-body_Novel-2Dsweep-260516_6.s2p,,S11,f_2pi3,sim,dispersion_mode_1,2.8571160335532,2.85711,-6.03355320016874e-06,-3.295141287282109,64.28618717961618,touchstone_ri,2.8571160335532,1.0,,,
260519_2dsweep,sim,07_3_TDS-body_Novel-2Dsweep-260516_6.s2p,,S12,f_2pi3,sim,dispersion_mode_1,2.8571160335532,2.85711,-6.03355320016874e-06,-2.741993788203162,154.2211900281915,touchstone_ri,2.8571160335532,1.0,,,
260519_2dsweep,sim,07_3_TDS-body_Novel-2Dsweep-260516_6.s2p,,S21,f_2pi3,sim,dispersion_mode_1,2.8571160335532,2.85711,-6.03355320016874e-06,-2.741289788037253,154.22036576365085,touchstone_ri,2.8571160335532,1.0,,,
260519_2dsweep,sim,07_3_TDS-body_Novel-2Dsweep-260516_6.s2p,,S22,f_2pi3,sim,dispersion_mode_1,2.8571160335532,2.85711,-6.03355320016874e-06,-3.295423838661296,64.17580485316194,touchstone_ri,2.8571160335532,1.0,,,
260519_2dsweep,sim,07_3_TDS-body_Novel-2Dsweep-260516_60.s2p,,S11,f_2pi3,sim,dispersion_mode_1,2.8571160335532,2.85711,-6.03355320016874e-06,-1.2308816539462188,40.81616590483724,touchstone_ri,2.8571160335532,1.0,,,
260519_2dsweep,sim,07_3_TDS-body_Novel-2Dsweep-260516_60.s2p,,S12,f_2pi3,sim,dispersion_mode_1,2.8571160335532,2.85711,-6.03355320016874e-06,-6.076251891457908,130.81006453632574,touchstone_ri,2.8571160335532,1.0,,,
260519_2dsweep,sim,07_3_TDS-body_Novel-2Dsweep-260516_60.s2p,,S21,f_2pi3,sim,dispersion_mode_1,2.8571160335532,2.85711,-6.03355320016874e-06,-6.076521750796199,130.81221363575142,touchstone_ri,2.8571160335532,1.0,,,
260519_2dsweep,sim,07_3_TDS-body_Novel-2Dsweep-260516_60.s2p,,S22,f_2pi3,sim,dispersion_mode_1,2.8571160335532,2.85711,-6.03355320016874e-06,-1.2310671054907616,40.80491923239589,touchstone_ri,2.8571160335532,1.0,,,
260519_2dsweep,sim,07_3_TDS-body_Novel-2Dsweep-260516_61.s2p,,S11,f_2pi3,sim,dispersion_mode_1,2.8571160335532,2.85711,-6.03355320016874e-06,-1.1538945718161895,39.60235411523994,touchstone_ri,2.8571160335532,1.0,,,
260519_2dsweep,sim,07_3_TDS-body_Novel-2Dsweep-260516_61.s2p,,S12,f_2pi3,sim,dispersion_mode_1,2.8571160335532,2.85711,-6.03355320016874e-06,-6.319725267136339,129.59093165158717,touchstone_ri,2.8571160335532,1.0,,,
260519_2dsweep,sim,07_3_TDS-body_Novel-2Dsweep-260516_61.s2p,,S21,f_2pi3,sim,dispersion_mode_1,2.8571160335532,2.85711,-6.03355320016874e-06,-6.320129844326692,129.59107642271547,touchstone_ri,2.8571160335532,1.0,,,
260519_2dsweep,sim,07_3_TDS-body_Novel-2Dsweep-260516_61.s2p,,S22,f_2pi3,sim,dispersion_mode_1,2.8571160335532,2.85711,-6.03355320016874e-06,-1.1539277377398915,39.58395893267698,touchstone_ri,2.8571160335532,1.0,,,
260519_2dsweep,sim,07_3_TDS-body_Novel-2Dsweep-260516_62.s2p,,S11,f_2pi3,sim,dispersion_mode_1,2.8571160335532,2.85711,-6.03355320016874e-06,-1.0840886344524172,38.39542716192825,touchstone_ri,2.8571160335532,1.0,,,
260519_2dsweep,sim,07_3_TDS-body_Novel-2Dsweep-260516_62.s2p,,S12,f_2pi3,sim,dispersion_mode_1,2.8571160335532,2.85711,-6.03355320016874e-06,-6.557295059784099,128.3976185206316,touchstone_ri,2.8571160335532,1.0,,,
260519_2dsweep,sim,07_3_TDS-body_Novel-2Dsweep-260516_62.s2p,,S21,f_2pi3,sim,dispersion_mode_1,2.8571160335532,2.85711,-6.03355320016874e-06,-6.557390407766928,128.3949170323502,touchstone_ri,2.8571160335532,1.0,,,
260519_2dsweep,sim,07_3_TDS-body_Novel-2Dsweep-260516_62.s2p,,S22,f_2pi3,sim,dispersion_mode_1,2.8571160335532,2.85711,-6.03355320016874e-06,-1.0840233931086782,38.403072220013044,touchstone_ri,2.8571160335532,1.0,,,
260519_2dsweep,sim,07_3_TDS-body_Novel-2Dsweep-260516_63.s2p,,S11,f_2pi3,sim,dispersion_mode_1,2.8571160335532,2.85711,-6.03355320016874e-06,-1.0130189908968068,37.16168510706589,touchstone_ri,2.8571160335532,1.0,,,
260519_2dsweep,sim,07_3_TDS-body_Novel-2Dsweep-260516_63.s2p,,S12,f_2pi3,sim,dispersion_mode_1,2.8571160335532,2.85711,-6.03355320016874e-06,-6.819623936697321,127.19048809803836,touchstone_ri,2.8571160335532,1.0,,,
260519_2dsweep,sim,07_3_TDS-body_Novel-2Dsweep-260516_63.s2p,,S21,f_2pi3,sim,dispersion_mode_1,2.8571160335532,2.85711,-6.03355320016874e-06,-6.819400104642574,127.18455449179886,touchstone_ri,2.8571160335532,1.0,,,
260519_2dsweep,sim,07_3_TDS-body_Novel-2Dsweep-260516_63.s2p,,S22,f_2pi3,sim,dispersion_mode_1,2.8571160335532,2.85711,-6.03355320016874e-06,-1.0126119981042607,37.207882870755306,touchstone_ri,2.8571160335532,1.0,,,
260519_2dsweep,sim,07_3_TDS-body_Novel-2Dsweep-260516_64.s2p,,S11,f_2pi3,sim,dispersion_mode_1,2.8571160335532,2.85711,-6.03355320016874e-06,-0.9497795545524029,36.03181214581719,touchstone_ri,2.8571160335532,1.0,,,
260519_2dsweep,sim,07_3_TDS-body_Novel-2Dsweep-260516_64.s2p,,S12,f_2pi3,sim,dispersion_mode_1,2.8571160335532,2.85711,-6.03355320016874e-06,-7.0697579398482455,126.0621616331552,touchstone_ri,2.8571160335532,1.0,,,
260519_2dsweep,sim,07_3_TDS-body_Novel-2Dsweep-260516_64.s2p,,S21,f_2pi3,sim,dispersion_mode_1,2.8571160335532,2.85711,-6.03355320016874e-06,-7.068966269033724,126.06022231785884,touchstone_ri,2.8571160335532,1.0,,,
260519_2dsweep,sim,07_3_TDS-body_Novel-2Dsweep-260516_64.s2p,,S22,f_2pi3,sim,dispersion_mode_1,2.8571160335532,2.85711,-6.03355320016874e-06,-0.9495187510421366,36.08514863158582,touchstone_ri,2.8571160335532,1.0,,,
260519_2dsweep,sim,07_3_TDS-body_Novel-2Dsweep-260516_65.s2p,,S11,f_2pi3,sim,dispersion_mode_1,2.8571160335532,2.85711,-6.03355320016874e-06,-0.901724030962538,35.097956691449106,touchstone_ri,2.8571160335532,1.0,,,
260519_2dsweep,sim,07_3_TDS-body_Novel-2Dsweep-260516_65.s2p,,S12,f_2pi3,sim,dispersion_mode_1,2.8571160335532,2.85711,-6.03355320016874e-06,-7.270734714774209,125.09731847274045,touchstone_ri,2.8571160335532,1.0,,,
260519_2dsweep,sim,07_3_TDS-body_Novel-2Dsweep-260516_65.s2p,,S21,f_2pi3,sim,dispersion_mode_1,2.8571160335532,2.85711,-6.03355320016874e-06,-7.270670269603078,125.09803156213358,touchstone_ri,2.8571160335532,1.0,,,
260519_2dsweep,sim,07_3_TDS-body_Novel-2Dsweep-260516_65.s2p,,S22,f_2pi3,sim,dispersion_mode_1,2.8571160335532,2.85711,-6.03355320016874e-06,-0.9018183666313935,35.09213776815809,touchstone_ri,2.8571160335532,1.0,,,
260519_2dsweep,sim,07_3_TDS-body_Novel-2Dsweep-260516_66.s2p,,S11,f_2pi3,sim,dispersion_mode_1,2.8571160335532,2.85711,-6.03355320016874e-06,-0.8448185981304813,34.01206936335329,touchstone_ri,2.8571160335532,1.0,,,
260519_2dsweep,sim,07_3_TDS-body_Novel-2Dsweep-260516_66.s2p,,S12,f_2pi3,sim,dispersion_mode_1,2.8571160335532,2.85711,-6.03355320016874e-06,-7.525850167532195,124.01751441052998,touchstone_ri,2.8571160335532,1.0,,,
260519_2dsweep,sim,07_3_TDS-body_Novel-2Dsweep-260516_66.s2p,,S21,f_2pi3,sim,dispersion_mode_1,2.8571160335532,2.85711,-6.03355320016874e-06,-7.5258750520145155,124.01826114959087,touchstone_ri,2.8571160335532,1.0,,,
260519_2dsweep,sim,07_3_TDS-body_Novel-2Dsweep-260516_66.s2p,,S22,f_2pi3,sim,dispersion_mode_1,2.8571160335532,2.85711,-6.03355320016874e-06,-0.8448293739950972,34.02333319135755,touchstone_ri,2.8571160335532,1.0,,,
260519_2dsweep,sim,07_3_TDS-body_Novel-2Dsweep-260516_67.s2p,,S11,f_2pi3,sim,dispersion_mode_1,2.8571160335532,2.85711,-6.03355320016874e-06,-0.7977054660541931,33.00562091926693,touchstone_ri,2.8571160335532,1.0,,,
260519_2dsweep,sim,07_3_TDS-body_Novel-2Dsweep-260516_67.s2p,,S12,f_2pi3,sim,dispersion_mode_1,2.8571160335532,2.85711,-6.03355320016874e-06,-7.7531703942448305,123.02665600510237,touchstone_ri,2.8571160335532,1.0,,,
260519_2dsweep,sim,07_3_TDS-body_Novel-2Dsweep-260516_67.s2p,,S21,f_2pi3,sim,dispersion_mode_1,2.8571160335532,2.85711,-6.03355320016874e-06,-7.75267269769102,123.02391779926273,touchstone_ri,2.8571160335532,1.0,,,
260519_2dsweep,sim,07_3_TDS-body_Novel-2Dsweep-260516_67.s2p,,S22,f_2pi3,sim,dispersion_mode_1,2.8571160335532,2.85711,-6.03355320016874e-06,-0.7975630426669451,33.04384747251565,touchstone_ri,2.8571160335532,1.0,,,
260519_2dsweep,sim,07_3_TDS-body_Novel-2Dsweep-260516_68.s2p,,S11,f_2pi3,sim,dispersion_mode_1,2.8571160335532,2.85711,-6.03355320016874e-06,-0.7547472626303697,32.12402991123825,touchstone_ri,2.8571160335532,1.0,,,
260519_2dsweep,sim,07_3_TDS-body_Novel-2Dsweep-260516_68.s2p,,S12,f_2pi3,sim,dispersion_mode_1,2.8571160335532,2.85711,-6.03355320016874e-06,-7.969368525996609,122.13036405010239,touchstone_ri,2.8571160335532,1.0,,,
260519_2dsweep,sim,07_3_TDS-body_Novel-2Dsweep-260516_68.s2p,,S21,f_2pi3,sim,dispersion_mode_1,2.8571160335532,2.85711,-6.03355320016874e-06,-7.968998065094476,122.13124876655925,touchstone_ri,2.8571160335532,1.0,,,
260519_2dsweep,sim,07_3_TDS-body_Novel-2Dsweep-260516_68.s2p,,S22,f_2pi3,sim,dispersion_mode_1,2.8571160335532,2.85711,-6.03355320016874e-06,-0.754893741874272,32.151895820199,touchstone_ri,2.8571160335532,1.0,,,
260519_2dsweep,sim,07_3_TDS-body_Novel-2Dsweep-260516_69.s2p,,S11,f_2pi3,sim,dispersion_mode_1,2.8571160335532,2.85711,-6.03355320016874e-06,-0.7102604666340312,31.1443620198196,touchstone_ri,2.8571160335532,1.0,,,
260519_2dsweep,sim,07_3_TDS-body_Novel-2Dsweep-260516_69.s2p,,S12,f_2pi3,sim,dispersion_mode_1,2.8571160335532,2.85711,-6.03355320016874e-06,-8.2147225303144,121.1757641202258,touchstone_ri,2.8571160335532,1.0,,,
260519_2dsweep,sim,07_3_TDS-body_Novel-2Dsweep-260516_69.s2p,,S21,f_2pi3,sim,dispersion_mode_1,2.8571160335532,2.85711,-6.03355320016874e-06,-8.21506671119219,121.1740789160422,touchstone_ri,2.8571160335532,1.0,,,
260519_2dsweep,sim,07_3_TDS-body_Novel-2Dsweep-260516_69.s2p,,S22,f_2pi3,sim,dispersion_mode_1,2.8571160335532,2.85711,-6.03355320016874e-06,-0.7103280654086925,31.199273517251026,touchstone_ri,2.8571160335532,1.0,,,
260519_2dsweep,sim,07_3_TDS-body_Novel-2Dsweep-260516_7.s2p,,S11,f_2pi3,sim,dispersion_mode_1,2.8571160335532,2.85711,-6.03355320016874e-06,-3.05904559034609,62.184074875196124,touchstone_ri,2.8571160335532,1.0,,,
260519_2dsweep,sim,07_3_TDS-body_Novel-2Dsweep-260516_7.s2p,,S12,f_2pi3,sim,dispersion_mode_1,2.8571160335532,2.85711,-6.03355320016874e-06,-2.962237577729749,152.21605554573466,touchstone_ri,2.8571160335532,1.0,,,
260519_2dsweep,sim,07_3_TDS-body_Novel-2Dsweep-260516_7.s2p,,S21,f_2pi3,sim,dispersion_mode_1,2.8571160335532,2.85711,-6.03355320016874e-06,-2.9621571831293805,152.2166069258393,touchstone_ri,2.8571160335532,1.0,,,
260519_2dsweep,sim,07_3_TDS-body_Novel-2Dsweep-260516_7.s2p,,S22,f_2pi3,sim,dispersion_mode_1,2.8571160335532,2.85711,-6.03355320016874e-06,-3.0590201375533397,62.24875901115199,touchstone_ri,2.8571160335532,1.0,,,
260519_2dsweep,sim,07_3_TDS-body_Novel-2Dsweep-260516_70.s2p,,S11,f_2pi3,sim,dispersion_mode_1,2.8571160335532,2.85711,-6.03355320016874e-06,-0.676858954771684,30.389030734001054,touchstone_ri,2.8571160335532,1.0,,,
260519_2dsweep,sim,07_3_TDS-body_Novel-2Dsweep-260516_70.s2p,,S12,f_2pi3,sim,dispersion_mode_1,2.8571160335532,2.85711,-6.03355320016874e-06,-8.407280029277945,120.38249330313465,touchstone_ri,2.8571160335532,1.0,,,
260519_2dsweep,sim,07_3_TDS-body_Novel-2Dsweep-260516_70.s2p,,S21,f_2pi3,sim,dispersion_mode_1,2.8571160335532,2.85711,-6.03355320016874e-06,-8.407362742802778,120.38253099419966,touchstone_ri,2.8571160335532,1.0,,,
260519_2dsweep,sim,07_3_TDS-body_Novel-2Dsweep-260516_70.s2p,,S22,f_2pi3,sim,dispersion_mode_1,2.8571160335532,2.85711,-6.03355320016874e-06,-0.6768091192568886,30.373950781014695,touchstone_ri,2.8571160335532,1.0,,,
260519_2dsweep,sim,07_3_TDS-body_Novel-2Dsweep-260516_71.s2p,,S11,f_2pi3,sim,dispersion_mode_1,2.8571160335532,2.85711,-6.03355320016874e-06,-0.6402101196802397,29.52523492818171,touchstone_ri,2.8571160335532,1.0,,,
260519_2dsweep,sim,07_3_TDS-body_Novel-2Dsweep-260516_71.s2p,,S12,f_2pi3,sim,dispersion_mode_1,2.8571160335532,2.85711,-6.03355320016874e-06,-8.631799034616357,119.52813338486413,touchstone_ri,2.8571160335532,1.0,,,
260519_2dsweep,sim,07_3_TDS-body_Novel-2Dsweep-260516_71.s2p,,S21,f_2pi3,sim,dispersion_mode_1,2.8571160335532,2.85711,-6.03355320016874e-06,-8.630699034961664,119.52214988916278,touchstone_ri,2.8571160335532,1.0,,,
260519_2dsweep,sim,07_3_TDS-body_Novel-2Dsweep-260516_71.s2p,,S22,f_2pi3,sim,dispersion_mode_1,2.8571160335532,2.85711,-6.03355320016874e-06,-0.63964290909027,29.531902870156788,touchstone_ri,2.8571160335532,1.0,,,
260519_2dsweep,sim,07_3_TDS-body_Novel-2Dsweep-260516_72.s2p,,S11,f_2pi3,sim,dispersion_mode_1,2.8571160335532,2.85711,-6.03355320016874e-06,-0.6067161067013614,28.724756690942844,touchstone_ri,2.8571160335532,1.0,,,
260519_2dsweep,sim,07_3_TDS-body_Novel-2Dsweep-260516_72.s2p,,S12,f_2pi3,sim,dispersion_mode_1,2.8571160335532,2.85711,-6.03355320016874e-06,-8.847858425958519,118.71972276385289,touchstone_ri,2.8571160335532,1.0,,,
260519_2dsweep,sim,07_3_TDS-body_Novel-2Dsweep-260516_72.s2p,,S21,f_2pi3,sim,dispersion_mode_1,2.8571160335532,2.85711,-6.03355320016874e-06,-8.84722100083092,118.72003002767713,touchstone_ri,2.8571160335532,1.0,,,
260519_2dsweep,sim,07_3_TDS-body_Novel-2Dsweep-260516_72.s2p,,S22,f_2pi3,sim,dispersion_mode_1,2.8571160335532,2.85711,-6.03355320016874e-06,-0.6067220347174372,28.714876916031415,touchstone_ri,2.8571160335532,1.0,,,
260519_2dsweep,sim,07_3_TDS-body_Novel-2Dsweep-260516_73.s2p,,S11,f_2pi3,sim,dispersion_mode_1,2.8571160335532,2.85711,-6.03355320016874e-06,-0.5765658424931123,27.933543098390025,touchstone_ri,2.8571160335532,1.0,,,
260519_2dsweep,sim,07_3_TDS-body_Novel-2Dsweep-260516_73.s2p,,S12,f_2pi3,sim,dispersion_mode_1,2.8571160335532,2.85711,-6.03355320016874e-06,-9.055167610208494,117.94073367953229,touchstone_ri,2.8571160335532,1.0,,,
260519_2dsweep,sim,07_3_TDS-body_Novel-2Dsweep-260516_73.s2p,,S21,f_2pi3,sim,dispersion_mode_1,2.8571160335532,2.85711,-6.03355320016874e-06,-9.054221405175776,117.93921642903449,touchstone_ri,2.8571160335532,1.0,,,
260519_2dsweep,sim,07_3_TDS-body_Novel-2Dsweep-260516_73.s2p,,S22,f_2pi3,sim,dispersion_mode_1,2.8571160335532,2.85711,-6.03355320016874e-06,-0.5763134002655266,27.94954038086812,touchstone_ri,2.8571160335532,1.0,,,
260519_2dsweep,sim,07_3_TDS-body_Novel-2Dsweep-260516_74.s2p,,S11,f_2pi3,sim,dispersion_mode_1,2.8571160335532,2.85711,-6.03355320016874e-06,-0.5477275022621665,27.182140814218545,touchstone_ri,2.8571160335532,1.0,,,
260519_2dsweep,sim,07_3_TDS-body_Novel-2Dsweep-260516_74.s2p,,S12,f_2pi3,sim,dispersion_mode_1,2.8571160335532,2.85711,-6.03355320016874e-06,-9.26246735694503,117.19730769789751,touchstone_ri,2.8571160335532,1.0,,,
260519_2dsweep,sim,07_3_TDS-body_Novel-2Dsweep-260516_74.s2p,,S21,f_2pi3,sim,dispersion_mode_1,2.8571160335532,2.85711,-6.03355320016874e-06,-9.262868294983233,117.19941272416119,touchstone_ri,2.8571160335532,1.0,,,
260519_2dsweep,sim,07_3_TDS-body_Novel-2Dsweep-260516_74.s2p,,S22,f_2pi3,sim,dispersion_mode_1,2.8571160335532,2.85711,-6.03355320016874e-06,-0.5478880760543404,27.21279226334102,touchstone_ri,2.8571160335532,1.0,,,
260519_2dsweep,sim,07_3_TDS-body_Novel-2Dsweep-260516_75.s2p,,S11,f_2pi3,sim,dispersion_mode_1,2.8571160335532,2.85711,-6.03355320016874e-06,-0.5145644282240364,26.32392050123581,touchstone_ri,2.8571160335532,1.0,,,
260519_2dsweep,sim,07_3_TDS-body_Novel-2Dsweep-260516_75.s2p,,S12,f_2pi3,sim,dispersion_mode_1,2.8571160335532,2.85711,-6.03355320016874e-06,-9.518438932809593,116.34202566020835,touchstone_ri,2.8571160335532,1.0,,,
260519_2dsweep,sim,07_3_TDS-body_Novel-2Dsweep-260516_75.s2p,,S21,f_2pi3,sim,dispersion_mode_1,2.8571160335532,2.85711,-6.03355320016874e-06,-9.517547973919887,116.33779294376733,touchstone_ri,2.8571160335532,1.0,,,
260519_2dsweep,sim,07_3_TDS-body_Novel-2Dsweep-260516_75.s2p,,S22,f_2pi3,sim,dispersion_mode_1,2.8571160335532,2.85711,-6.03355320016874e-06,-0.5144681728123396,26.358188660372402,touchstone_ri,2.8571160335532,1.0,,,
260519_2dsweep,sim,07_3_TDS-body_Novel-2Dsweep-260516_76.s2p,,S11,f_2pi3,sim,dispersion_mode_1,2.8571160335532,2.85711,-6.03355320016874e-06,-0.49411839219062254,25.73696907826743,touchstone_ri,2.8571160335532,1.0,,,
260519_2dsweep,sim,07_3_TDS-body_Novel-2Dsweep-260516_76.s2p,,S12,f_2pi3,sim,dispersion_mode_1,2.8571160335532,2.85711,-6.03355320016874e-06,-9.684866631970024,115.73490599958124,touchstone_ri,2.8571160335532,1.0,,,
260519_2dsweep,sim,07_3_TDS-body_Novel-2Dsweep-260516_76.s2p,,S21,f_2pi3,sim,dispersion_mode_1,2.8571160335532,2.85711,-6.03355320016874e-06,-9.684995834861542,115.73573502080092,touchstone_ri,2.8571160335532,1.0,,,
260519_2dsweep,sim,07_3_TDS-body_Novel-2Dsweep-260516_76.s2p,,S22,f_2pi3,sim,dispersion_mode_1,2.8571160335532,2.85711,-6.03355320016874e-06,-0.49418566214981674,25.729384732691013,touchstone_ri,2.8571160335532,1.0,,,
260519_2dsweep,sim,07_3_TDS-body_Novel-2Dsweep-260516_77.s2p,,S11,f_2pi3,sim,dispersion_mode_1,2.8571160335532,2.85711,-6.03355320016874e-06,-0.46938382929743383,25.05055632356733,touchstone_ri,2.8571160335532,1.0,,,
260519_2dsweep,sim,07_3_TDS-body_Novel-2Dsweep-260516_77.s2p,,S12,f_2pi3,sim,dispersion_mode_1,2.8571160335532,2.85711,-6.03355320016874e-06,-9.891780616328328,115.02824652766617,touchstone_ri,2.8571160335532,1.0,,,
260519_2dsweep,sim,07_3_TDS-body_Novel-2Dsweep-260516_77.s2p,,S21,f_2pi3,sim,dispersion_mode_1,2.8571160335532,2.85711,-6.03355320016874e-06,-9.89276532313198,115.04009152337915,touchstone_ri,2.8571160335532,1.0,,,
260519_2dsweep,sim,07_3_TDS-body_Novel-2Dsweep-260516_77.s2p,,S22,f_2pi3,sim,dispersion_mode_1,2.8571160335532,2.85711,-6.03355320016874e-06,-0.4698874018230371,25.019462713562596,touchstone_ri,2.8571160335532,1.0,,,
260519_2dsweep,sim,07_3_TDS-body_Novel-2Dsweep-260516_78.s2p,,S11,f_2pi3,sim,dispersion_mode_1,2.8571160335532,2.85711,-6.03355320016874e-06,-0.4487395358476036,24.37972635169811,touchstone_ri,2.8571160335532,1.0,,,
260519_2dsweep,sim,07_3_TDS-body_Novel-2Dsweep-260516_78.s2p,,S12,f_2pi3,sim,dispersion_mode_1,2.8571160335532,2.85711,-6.03355320016874e-06,-10.080477474132302,114.39351226705514,touchstone_ri,2.8571160335532,1.0,,,
260519_2dsweep,sim,07_3_TDS-body_Novel-2Dsweep-260516_78.s2p,,S21,f_2pi3,sim,dispersion_mode_1,2.8571160335532,2.85711,-6.03355320016874e-06,-10.08146241425542,114.39516990414448,touchstone_ri,2.8571160335532,1.0,,,
260519_2dsweep,sim,07_3_TDS-body_Novel-2Dsweep-260516_78.s2p,,S22,f_2pi3,sim,dispersion_mode_1,2.8571160335532,2.85711,-6.03355320016874e-06,-0.4488703310336868,24.405223403043674,touchstone_ri,2.8571160335532,1.0,,,
260519_2dsweep,sim,07_3_TDS-body_Novel-2Dsweep-260516_79.s2p,,S11,f_2pi3,sim,dispersion_mode_1,2.8571160335532,2.85711,-6.03355320016874e-06,-0.4287686329528929,23.804452074648786,touchstone_ri,2.8571160335532,1.0,,,
260519_2dsweep,sim,07_3_TDS-body_Novel-2Dsweep-260516_79.s2p,,S12,f_2pi3,sim,dispersion_mode_1,2.8571160335532,2.85711,-6.03355320016874e-06,-10.268477932790175,113.79631430528273,touchstone_ri,2.8571160335532,1.0,,,
260519_2dsweep,sim,07_3_TDS-body_Novel-2Dsweep-260516_79.s2p,,S21,f_2pi3,sim,dispersion_mode_1,2.8571160335532,2.85711,-6.03355320016874e-06,-10.268509002399648,113.79518907058439,touchstone_ri,2.8571160335532,1.0,,,
260519_2dsweep,sim,07_3_TDS-body_Novel-2Dsweep-260516_79.s2p,,S22,f_2pi3,sim,dispersion_mode_1,2.8571160335532,2.85711,-6.03355320016874e-06,-0.4287364540935629,23.787974666640945,touchstone_ri,2.8571160335532,1.0,,,
260519_2dsweep,sim,07_3_TDS-body_Novel-2Dsweep-260516_8.s2p,,S11,f_2pi3,sim,dispersion_mode_1,2.8571160335532,2.85711,-6.03355320016874e-06,-2.780460822967033,59.87710531480739,touchstone_ri,2.8571160335532,1.0,,,
260519_2dsweep,sim,07_3_TDS-body_Novel-2Dsweep-260516_8.s2p,,S12,f_2pi3,sim,dispersion_mode_1,2.8571160335532,2.85711,-6.03355320016874e-06,-3.2536780194460677,149.80747595113505,touchstone_ri,2.8571160335532,1.0,,,
260519_2dsweep,sim,07_3_TDS-body_Novel-2Dsweep-260516_8.s2p,,S21,f_2pi3,sim,dispersion_mode_1,2.8571160335532,2.85711,-6.03355320016874e-06,-3.2528320072868415,149.80454640989552,touchstone_ri,2.8571160335532,1.0,,,
260519_2dsweep,sim,07_3_TDS-body_Novel-2Dsweep-260516_8.s2p,,S22,f_2pi3,sim,dispersion_mode_1,2.8571160335532,2.85711,-6.03355320016874e-06,-2.780138535132016,59.73525157839875,touchstone_ri,2.8571160335532,1.0,,,
260519_2dsweep,sim,07_3_TDS-body_Novel-2Dsweep-260516_80.s2p,,S11,f_2pi3,sim,dispersion_mode_1,2.8571160335532,2.85711,-6.03355320016874e-06,-0.4095019366310052,23.170326130472713,touchstone_ri,2.8571160335532,1.0,,,
260519_2dsweep,sim,07_3_TDS-body_Novel-2Dsweep-260516_80.s2p,,S12,f_2pi3,sim,dispersion_mode_1,2.8571160335532,2.85711,-6.03355320016874e-06,-10.459701786429125,113.187140024364,touchstone_ri,2.8571160335532,1.0,,,
260519_2dsweep,sim,07_3_TDS-body_Novel-2Dsweep-260516_80.s2p,,S21,f_2pi3,sim,dispersion_mode_1,2.8571160335532,2.85711,-6.03355320016874e-06,-10.460293893708632,113.17600452779921,touchstone_ri,2.8571160335532,1.0,,,
260519_2dsweep,sim,07_3_TDS-body_Novel-2Dsweep-260516_80.s2p,,S22,f_2pi3,sim,dispersion_mode_1,2.8571160335532,2.85711,-6.03355320016874e-06,-0.4092855988508628,23.192244965594014,touchstone_ri,2.8571160335532,1.0,,,
260519_2dsweep,sim,07_3_TDS-body_Novel-2Dsweep-260516_81.s2p,,S11,f_2pi3,sim,dispersion_mode_1,2.8571160335532,2.85711,-6.03355320016874e-06,-0.39152423633658373,22.589626960531564,touchstone_ri,2.8571160335532,1.0,,,
260519_2dsweep,sim,07_3_TDS-body_Novel-2Dsweep-260516_81.s2p,,S12,f_2pi3,sim,dispersion_mode_1,2.8571160335532,2.85711,-6.03355320016874e-06,-10.645066959532974,112.59045587938658,touchstone_ri,2.8571160335532,1.0,,,
260519_2dsweep,sim,07_3_TDS-body_Novel-2Dsweep-260516_81.s2p,,S21,f_2pi3,sim,dispersion_mode_1,2.8571160335532,2.85711,-6.03355320016874e-06,-10.644025510958457,112.59124537384166,touchstone_ri,2.8571160335532,1.0,,,
260519_2dsweep,sim,07_3_TDS-body_Novel-2Dsweep-260516_81.s2p,,S22,f_2pi3,sim,dispersion_mode_1,2.8571160335532,2.85711,-6.03355320016874e-06,-0.39157904000845356,22.58695084141259,touchstone_ri,2.8571160335532,1.0,,,
260519_2dsweep,sim,07_3_TDS-body_Novel-2Dsweep-260516_82.s2p,,S11,f_2pi3,sim,dispersion_mode_1,2.8571160335532,2.85711,-6.03355320016874e-06,-0.37543685530241344,22.05394319696939,touchstone_ri,2.8571160335532,1.0,,,
260519_2dsweep,sim,07_3_TDS-body_Novel-2Dsweep-260516_82.s2p,,S12,f_2pi3,sim,dispersion_mode_1,2.8571160335532,2.85711,-6.03355320016874e-06,-10.817895221629572,112.04816162314475,touchstone_ri,2.8571160335532,1.0,,,
260519_2dsweep,sim,07_3_TDS-body_Novel-2Dsweep-260516_82.s2p,,S21,f_2pi3,sim,dispersion_mode_1,2.8571160335532,2.85711,-6.03355320016874e-06,-10.817863353436508,112.05289304738133,touchstone_ri,2.8571160335532,1.0,,,
260519_2dsweep,sim,07_3_TDS-body_Novel-2Dsweep-260516_82.s2p,,S22,f_2pi3,sim,dispersion_mode_1,2.8571160335532,2.85711,-6.03355320016874e-06,-0.37570641609882166,22.046409806107697,touchstone_ri,2.8571160335532,1.0,,,
260519_2dsweep,sim,07_3_TDS-body_Novel-2Dsweep-260516_83.s2p,,S11,f_2pi3,sim,dispersion_mode_1,2.8571160335532,2.85711,-6.03355320016874e-06,-5.62703351587453,76.58346241511362,touchstone_ri,2.8571160335532,1.0,,,
260519_2dsweep,sim,07_3_TDS-body_Novel-2Dsweep-260516_83.s2p,,S12,f_2pi3,sim,dispersion_mode_1,2.8571160335532,2.85711,-6.03355320016874e-06,-1.3878060709283915,166.5898619252984,touchstone_ri,2.8571160335532,1.0,,,
260519_2dsweep,sim,07_3_TDS-body_Novel-2Dsweep-260516_83.s2p,,S21,f_2pi3,sim,dispersion_mode_1,2.8571160335532,2.85711,-6.03355320016874e-06,-1.387910949973519,166.59068396721267,touchstone_ri,2.8571160335532,1.0,,,
260519_2dsweep,sim,07_3_TDS-body_Novel-2Dsweep-260516_83.s2p,,S22,f_2pi3,sim,dispersion_mode_1,2.8571160335532,2.85711,-6.03355320016874e-06,-5.627147785109747,76.62071870587624,touchstone_ri,2.8571160335532,1.0,,,
260519_2dsweep,sim,07_3_TDS-body_Novel-2Dsweep-260516_84.s2p,,S11,f_2pi3,sim,dispersion_mode_1,2.8571160335532,2.85711,-6.03355320016874e-06,-5.4309670112389625,75.4547409418747,touchstone_ri,2.8571160335532,1.0,,,
260519_2dsweep,sim,07_3_TDS-body_Novel-2Dsweep-260516_84.s2p,,S12,f_2pi3,sim,dispersion_mode_1,2.8571160335532,2.85711,-6.03355320016874e-06,-1.4648900780627807,165.41918277075993,touchstone_ri,2.8571160335532,1.0,,,
260519_2dsweep,sim,07_3_TDS-body_Novel-2Dsweep-260516_84.s2p,,S21,f_2pi3,sim,dispersion_mode_1,2.8571160335532,2.85711,-6.03355320016874e-06,-1.4649822194020192,165.419045409774,touchstone_ri,2.8571160335532,1.0,,,
260519_2dsweep,sim,07_3_TDS-body_Novel-2Dsweep-260516_84.s2p,,S22,f_2pi3,sim,dispersion_mode_1,2.8571160335532,2.85711,-6.03355320016874e-06,-5.431024804452127,75.38751613414725,touchstone_ri,2.8571160335532,1.0,,,
260519_2dsweep,sim,07_3_TDS-body_Novel-2Dsweep-260516_85.s2p,,S11,f_2pi3,sim,dispersion_mode_1,2.8571160335532,2.85711,-6.03355320016874e-06,-4.956421016109074,72.7611649577976,touchstone_ri,2.8571160335532,1.0,,,
260519_2dsweep,sim,07_3_TDS-body_Novel-2Dsweep-260516_85.s2p,,S12,f_2pi3,sim,dispersion_mode_1,2.8571160335532,2.85711,-6.03355320016874e-06,-1.670816393276108,162.79752507631363,touchstone_ri,2.8571160335532,1.0,,,
260519_2dsweep,sim,07_3_TDS-body_Novel-2Dsweep-260516_85.s2p,,S21,f_2pi3,sim,dispersion_mode_1,2.8571160335532,2.85711,-6.03355320016874e-06,-1.6702016795175325,162.7980073091199,touchstone_ri,2.8571160335532,1.0,,,
260519_2dsweep,sim,07_3_TDS-body_Novel-2Dsweep-260516_85.s2p,,S22,f_2pi3,sim,dispersion_mode_1,2.8571160335532,2.85711,-6.03355320016874e-06,-4.956884658349954,72.84378718354453,touchstone_ri,2.8571160335532,1.0,,,
260519_2dsweep,sim,07_3_TDS-body_Novel-2Dsweep-260516_86.s2p,,S11,f_2pi3,sim,dispersion_mode_1,2.8571160335532,2.85711,-6.03355320016874e-06,-4.514803496412464,70.18868827883833,touchstone_ri,2.8571160335532,1.0,,,
260519_2dsweep,sim,07_3_TDS-body_Novel-2Dsweep-260516_86.s2p,,S12,f_2pi3,sim,dispersion_mode_1,2.8571160335532,2.85711,-6.03355320016874e-06,-1.8943921149546052,160.20079957741592,touchstone_ri,2.8571160335532,1.0,,,
260519_2dsweep,sim,07_3_TDS-body_Novel-2Dsweep-260516_86.s2p,,S21,f_2pi3,sim,dispersion_mode_1,2.8571160335532,2.85711,-6.03355320016874e-06,-1.8940059230617057,160.19931152649664,touchstone_ri,2.8571160335532,1.0,,,
260519_2dsweep,sim,07_3_TDS-body_Novel-2Dsweep-260516_86.s2p,,S22,f_2pi3,sim,dispersion_mode_1,2.8571160335532,2.85711,-6.03355320016874e-06,-4.514058854918739,70.23003286361829,touchstone_ri,2.8571160335532,1.0,,,
260519_2dsweep,sim,07_3_TDS-body_Novel-2Dsweep-260516_87.s2p,,S11,f_2pi3,sim,dispersion_mode_1,2.8571160335532,2.85711,-6.03355320016874e-06,-4.126142665974488,67.69431115181195,touchstone_ri,2.8571160335532,1.0,,,
260519_2dsweep,sim,07_3_TDS-body_Novel-2Dsweep-260516_87.s2p,,S12,f_2pi3,sim,dispersion_mode_1,2.8571160335532,2.85711,-6.03355320016874e-06,-2.123419866638796,157.71589903511534,touchstone_ri,2.8571160335532,1.0,,,
260519_2dsweep,sim,07_3_TDS-body_Novel-2Dsweep-260516_87.s2p,,S21,f_2pi3,sim,dispersion_mode_1,2.8571160335532,2.85711,-6.03355320016874e-06,-2.122592263748267,157.713992385463,touchstone_ri,2.8571160335532,1.0,,,
260519_2dsweep,sim,07_3_TDS-body_Novel-2Dsweep-260516_87.s2p,,S22,f_2pi3,sim,dispersion_mode_1,2.8571160335532,2.85711,-6.03355320016874e-06,-4.125816052375074,67.74246575328715,touchstone_ri,2.8571160335532,1.0,,,
260519_2dsweep,sim,07_3_TDS-body_Novel-2Dsweep-260516_88.s2p,,S11,f_2pi3,sim,dispersion_mode_1,2.8571160335532,2.85711,-6.03355320016874e-06,-3.7630722075600587,65.19485736740106,touchstone_ri,2.8571160335532,1.0,,,
260519_2dsweep,sim,07_3_TDS-body_Novel-2Dsweep-260516_88.s2p,,S12,f_2pi3,sim,dispersion_mode_1,2.8571160335532,2.85711,-6.03355320016874e-06,-2.368651909366364,155.250709032834,touchstone_ri,2.8571160335532,1.0,,,
260519_2dsweep,sim,07_3_TDS-body_Novel-2Dsweep-260516_88.s2p,,S21,f_2pi3,sim,dispersion_mode_1,2.8571160335532,2.85711,-6.03355320016874e-06,-2.3684356281026413,155.2471936718564,touchstone_ri,2.8571160335532,1.0,,,
260519_2dsweep,sim,07_3_TDS-body_Novel-2Dsweep-260516_88.s2p,,S22,f_2pi3,sim,dispersion_mode_1,2.8571160335532,2.85711,-6.03355320016874e-06,-3.76265644136529,65.3085158585337,touchstone_ri,2.8571160335532,1.0,,,
260519_2dsweep,sim,07_3_TDS-body_Novel-2Dsweep-260516_89.s2p,,S11,f_2pi3,sim,dispersion_mode_1,2.8571160335532,2.85711,-6.03355320016874e-06,-3.4379682174734585,62.83436919813826,touchstone_ri,2.8571160335532,1.0,,,
260519_2dsweep,sim,07_3_TDS-body_Novel-2Dsweep-260516_89.s2p,,S12,f_2pi3,sim,dispersion_mode_1,2.8571160335532,2.85711,-6.03355320016874e-06,-2.619990507146539,152.88146982943456,touchstone_ri,2.8571160335532,1.0,,,
260519_2dsweep,sim,07_3_TDS-body_Novel-2Dsweep-260516_89.s2p,,S21,f_2pi3,sim,dispersion_mode_1,2.8571160335532,2.85711,-6.03355320016874e-06,-2.6197811028874964,152.88594007383153,touchstone_ri,2.8571160335532,1.0,,,
260519_2dsweep,sim,07_3_TDS-body_Novel-2Dsweep-260516_89.s2p,,S22,f_2pi3,sim,dispersion_mode_1,2.8571160335532,2.85711,-6.03355320016874e-06,-3.438725062025531,62.94085012891263,touchstone_ri,2.8571160335532,1.0,,,
260519_2dsweep,sim,07_3_TDS-body_Novel-2Dsweep-260516_9.s2p,,S11,f_2pi3,sim,dispersion_mode_1,2.8571160335532,2.85711,-6.03355320016874e-06,-2.570591472360846,57.85799493402186,touchstone_ri,2.8571160335532,1.0,,,
260519_2dsweep,sim,07_3_TDS-body_Novel-2Dsweep-260516_9.s2p,,S12,f_2pi3,sim,dispersion_mode_1,2.8571160335532,2.85711,-6.03355320016874e-06,-3.499490074933128,147.88340608494883,touchstone_ri,2.8571160335532,1.0,,,
260519_2dsweep,sim,07_3_TDS-body_Novel-2Dsweep-260516_9.s2p,,S21,f_2pi3,sim,dispersion_mode_1,2.8571160335532,2.85711,-6.03355320016874e-06,-3.4993336596992215,147.8814647645085,touchstone_ri,2.8571160335532,1.0,,,
260519_2dsweep,sim,07_3_TDS-body_Novel-2Dsweep-260516_9.s2p,,S22,f_2pi3,sim,dispersion_mode_1,2.8571160335532,2.85711,-6.03355320016874e-06,-2.5709510358106797,57.90756750349564,touchstone_ri,2.8571160335532,1.0,,,
260519_2dsweep,sim,07_3_TDS-body_Novel-2Dsweep-260516_90.s2p,,S11,f_2pi3,sim,dispersion_mode_1,2.8571160335532,2.85711,-6.03355320016874e-06,-3.1839618484726917,60.88368592555661,touchstone_ri,2.8571160335532,1.0,,,
260519_2dsweep,sim,07_3_TDS-body_Novel-2Dsweep-260516_90.s2p,,S12,f_2pi3,sim,dispersion_mode_1,2.8571160335532,2.85711,-6.03355320016874e-06,-2.842457778755867,150.8580697875222,touchstone_ri,2.8571160335532,1.0,,,
260519_2dsweep,sim,07_3_TDS-body_Novel-2Dsweep-260516_90.s2p,,S21,f_2pi3,sim,dispersion_mode_1,2.8571160335532,2.85711,-6.03355320016874e-06,-2.8430105659080263,150.86378843066674,touchstone_ri,2.8571160335532,1.0,,,
260519_2dsweep,sim,07_3_TDS-body_Novel-2Dsweep-260516_90.s2p,,S22,f_2pi3,sim,dispersion_mode_1,2.8571160335532,2.85711,-6.03355320016874e-06,-3.184830674226893,60.84024475856955,touchstone_ri,2.8571160335532,1.0,,,
260519_2dsweep,sim,07_3_TDS-body_Novel-2Dsweep-260516_91.s2p,,S11,f_2pi3,sim,dispersion_mode_1,2.8571160335532,2.85711,-6.03355320016874e-06,-2.9185285547260733,58.65085763104451,touchstone_ri,2.8571160335532,1.0,,,
260519_2dsweep,sim,07_3_TDS-body_Novel-2Dsweep-260516_91.s2p,,S12,f_2pi3,sim,dispersion_mode_1,2.8571160335532,2.85711,-6.03355320016874e-06,-3.1031792343780316,148.6712307010247,touchstone_ri,2.8571160335532,1.0,,,
260519_2dsweep,sim,07_3_TDS-body_Novel-2Dsweep-260516_91.s2p,,S21,f_2pi3,sim,dispersion_mode_1,2.8571160335532,2.85711,-6.03355320016874e-06,-3.103373146290384,148.67175396400503,touchstone_ri,2.8571160335532,1.0,,,
260519_2dsweep,sim,07_3_TDS-body_Novel-2Dsweep-260516_91.s2p,,S22,f_2pi3,sim,dispersion_mode_1,2.8571160335532,2.85711,-6.03355320016874e-06,-2.918596790428798,58.69980512993766,touchstone_ri,2.8571160335532,1.0,,,
260519_2dsweep,sim,07_3_TDS-body_Novel-2Dsweep-260516_92.s2p,,S11,f_2pi3,sim,dispersion_mode_1,2.8571160335532,2.85711,-6.03355320016874e-06,-2.692094115726864,56.655045462783,touchstone_ri,2.8571160335532,1.0,,,
260519_2dsweep,sim,07_3_TDS-body_Novel-2Dsweep-260516_92.s2p,,S12,f_2pi3,sim,dispersion_mode_1,2.8571160335532,2.85711,-6.03355320016874e-06,-3.352412048522091,146.67029120757664,touchstone_ri,2.8571160335532,1.0,,,
260519_2dsweep,sim,07_3_TDS-body_Novel-2Dsweep-260516_92.s2p,,S21,f_2pi3,sim,dispersion_mode_1,2.8571160335532,2.85711,-6.03355320016874e-06,-3.3527784165409003,146.67220400829672,touchstone_ri,2.8571160335532,1.0,,,
260519_2dsweep,sim,07_3_TDS-body_Novel-2Dsweep-260516_92.s2p,,S22,f_2pi3,sim,dispersion_mode_1,2.8571160335532,2.85711,-6.03355320016874e-06,-2.6923496319558033,56.695879509259065,touchstone_ri,2.8571160335532,1.0,,,
260519_2dsweep,sim,07_3_TDS-body_Novel-2Dsweep-260516_93.s2p,,S11,f_2pi3,sim,dispersion_mode_1,2.8571160335532,2.85711,-6.03355320016874e-06,-2.49550120488133,54.822820416832265,touchstone_ri,2.8571160335532,1.0,,,
260519_2dsweep,sim,07_3_TDS-body_Novel-2Dsweep-260516_93.s2p,,S12,f_2pi3,sim,dispersion_mode_1,2.8571160335532,2.85711,-6.03355320016874e-06,-3.5945031012927817,144.83464749075776,touchstone_ri,2.8571160335532,1.0,,,
260519_2dsweep,sim,07_3_TDS-body_Novel-2Dsweep-260516_93.s2p,,S21,f_2pi3,sim,dispersion_mode_1,2.8571160335532,2.85711,-6.03355320016874e-06,-3.5941544754037564,144.83185894567953,touchstone_ri,2.8571160335532,1.0,,,
260519_2dsweep,sim,07_3_TDS-body_Novel-2Dsweep-260516_93.s2p,,S22,f_2pi3,sim,dispersion_mode_1,2.8571160335532,2.85711,-6.03355320016874e-06,-2.495573208839916,54.8448928280885,touchstone_ri,2.8571160335532,1.0,,,
260519_2dsweep,sim,07_3_TDS-body_Novel-2Dsweep-260516_94.s2p,,S11,f_2pi3,sim,dispersion_mode_1,2.8571160335532,2.85711,-6.03355320016874e-06,-2.2836590268424466,52.81404105006167,touchstone_ri,2.8571160335532,1.0,,,
260519_2dsweep,sim,07_3_TDS-body_Novel-2Dsweep-260516_94.s2p,,S12,f_2pi3,sim,dispersion_mode_1,2.8571160335532,2.85711,-6.03355320016874e-06,-3.8826952570462154,142.7891394332819,touchstone_ri,2.8571160335532,1.0,,,
260519_2dsweep,sim,07_3_TDS-body_Novel-2Dsweep-260516_94.s2p,,S21,f_2pi3,sim,dispersion_mode_1,2.8571160335532,2.85711,-6.03355320016874e-06,-3.882878456065991,142.787841779363,touchstone_ri,2.8571160335532,1.0,,,
260519_2dsweep,sim,07_3_TDS-body_Novel-2Dsweep-260516_94.s2p,,S22,f_2pi3,sim,dispersion_mode_1,2.8571160335532,2.85711,-6.03355320016874e-06,-2.2837174988390134,52.76960339394396,touchstone_ri,2.8571160335532,1.0,,,
260519_2dsweep,sim,07_3_TDS-body_Novel-2Dsweep-260516_95.s2p,,S11,f_2pi3,sim,dispersion_mode_1,2.8571160335532,2.85711,-6.03355320016874e-06,-2.114450838570091,51.0053778576338,touchstone_ri,2.8571160335532,1.0,,,
260519_2dsweep,sim,07_3_TDS-body_Novel-2Dsweep-260516_95.s2p,,S12,f_2pi3,sim,dispersion_mode_1,2.8571160335532,2.85711,-6.03355320016874e-06,-4.139604825491299,141.00082552021394,touchstone_ri,2.8571160335532,1.0,,,
260519_2dsweep,sim,07_3_TDS-body_Novel-2Dsweep-260516_95.s2p,,S21,f_2pi3,sim,dispersion_mode_1,2.8571160335532,2.85711,-6.03355320016874e-06,-4.139678921929223,140.99807137211815,touchstone_ri,2.8571160335532,1.0,,,
260519_2dsweep,sim,07_3_TDS-body_Novel-2Dsweep-260516_95.s2p,,S22,f_2pi3,sim,dispersion_mode_1,2.8571160335532,2.85711,-6.03355320016874e-06,-2.1142212244046434,51.00044651950484,touchstone_ri,2.8571160335532,1.0,,,
260519_2dsweep,sim,07_3_TDS-body_Novel-2Dsweep-260516_96.s2p,,S11,f_2pi3,sim,dispersion_mode_1,2.8571160335532,2.85711,-6.03355320016874e-06,-1.9657702558903507,49.380112156352425,touchstone_ri,2.8571160335532,1.0,,,
260519_2dsweep,sim,07_3_TDS-body_Novel-2Dsweep-260516_96.s2p,,S12,f_2pi3,sim,dispersion_mode_1,2.8571160335532,2.85711,-6.03355320016874e-06,-4.387983896804722,139.34904442409854,touchstone_ri,2.8571160335532,1.0,,,
260519_2dsweep,sim,07_3_TDS-body_Novel-2Dsweep-260516_96.s2p,,S21,f_2pi3,sim,dispersion_mode_1,2.8571160335532,2.85711,-6.03355320016874e-06,-4.387675896873228,139.3500060667004,touchstone_ri,2.8571160335532,1.0,,,
260519_2dsweep,sim,07_3_TDS-body_Novel-2Dsweep-260516_96.s2p,,S22,f_2pi3,sim,dispersion_mode_1,2.8571160335532,2.85711,-6.03355320016874e-06,-1.9657862692954575,49.32407843871899,touchstone_ri,2.8571160335532,1.0,,,
260519_2dsweep,sim,07_3_TDS-body_Novel-2Dsweep-260516_97.s2p,,S11,f_2pi3,sim,dispersion_mode_1,2.8571160335532,2.85711,-6.03355320016874e-06,-1.8216788795977126,47.713448393845255,touchstone_ri,2.8571160335532,1.0,,,
260519_2dsweep,sim,07_3_TDS-body_Novel-2Dsweep-260516_97.s2p,,S12,f_2pi3,sim,dispersion_mode_1,2.8571160335532,2.85711,-6.03355320016874e-06,-4.651233587461318,137.70308204464072,touchstone_ri,2.8571160335532,1.0,,,
260519_2dsweep,sim,07_3_TDS-body_Novel-2Dsweep-260516_97.s2p,,S21,f_2pi3,sim,dispersion_mode_1,2.8571160335532,2.85711,-6.03355320016874e-06,-4.651679765154912,137.70229257733453,touchstone_ri,2.8571160335532,1.0,,,
260519_2dsweep,sim,07_3_TDS-body_Novel-2Dsweep-260516_97.s2p,,S22,f_2pi3,sim,dispersion_mode_1,2.8571160335532,2.85711,-6.03355320016874e-06,-1.8213180675603535,47.70069551197447,touchstone_ri,2.8571160335532,1.0,,,
260519_2dsweep,sim,07_3_TDS-body_Novel-2Dsweep-260516_98.s2p,,S11,f_2pi3,sim,dispersion_mode_1,2.8571160335532,2.85711,-6.03355320016874e-06,-1.697680415586653,46.14826575537137,touchstone_ri,2.8571160335532,1.0,,,
260519_2dsweep,sim,07_3_TDS-body_Novel-2Dsweep-260516_98.s2p,,S12,f_2pi3,sim,dispersion_mode_1,2.8571160335532,2.85711,-6.03355320016874e-06,-4.899284038783476,136.174855122787,touchstone_ri,2.8571160335532,1.0,,,
260519_2dsweep,sim,07_3_TDS-body_Novel-2Dsweep-260516_98.s2p,,S21,f_2pi3,sim,dispersion_mode_1,2.8571160335532,2.85711,-6.03355320016874e-06,-4.899931428541468,136.1726168001337,touchstone_ri,2.8571160335532,1.0,,,
260519_2dsweep,sim,07_3_TDS-body_Novel-2Dsweep-260516_98.s2p,,S22,f_2pi3,sim,dispersion_mode_1,2.8571160335532,2.85711,-6.03355320016874e-06,-1.6973926457269317,46.209157794939905,touchstone_ri,2.8571160335532,1.0,,,
260519_2dsweep,sim,07_3_TDS-body_Novel-2Dsweep-260516_99.s2p,,S11,f_2pi3,sim,dispersion_mode_1,2.8571160335532,2.85711,-6.03355320016874e-06,-1.5680307711858208,44.57670178776119,touchstone_ri,2.8571160335532,1.0,,,
260519_2dsweep,sim,07_3_TDS-body_Novel-2Dsweep-260516_99.s2p,,S12,f_2pi3,sim,dispersion_mode_1,2.8571160335532,2.85711,-6.03355320016874e-06,-5.184398491941025,134.56160735351048,touchstone_ri,2.8571160335532,1.0,,,
260519_2dsweep,sim,07_3_TDS-body_Novel-2Dsweep-260516_99.s2p,,S21,f_2pi3,sim,dispersion_mode_1,2.8571160335532,2.85711,-6.03355320016874e-06,-5.184463395021023,134.56037255241617,touchstone_ri,2.8571160335532,1.0,,,
260519_2dsweep,sim,07_3_TDS-body_Novel-2Dsweep-260516_99.s2p,,S22,f_2pi3,sim,dispersion_mode_1,2.8571160335532,2.85711,-6.03355320016874e-06,-1.5680055272724998,44.54649737261036,touchstone_ri,2.8571160335532,1.0,,,
260519_2dsweep,sim,07_3_TDS-body_Novel-2Dsweep-260516_1.s2p,,S11,f_mean,sim,dispersion_mode_1,2.8672804543714,2.86728,-4.543714000604382e-07,-21.27767917586827,-67.01713295251942,touchstone_ri,2.8672804543714,1.0,,,
260519_2dsweep,sim,07_3_TDS-body_Novel-2Dsweep-260516_1.s2p,,S12,f_mean,sim,dispersion_mode_1,2.8672804543714,2.86728,-4.543714000604382e-07,-0.029037200219683843,23.255282680438654,touchstone_ri,2.8672804543714,1.0,,,
260519_2dsweep,sim,07_3_TDS-body_Novel-2Dsweep-260516_1.s2p,,S21,f_mean,sim,dispersion_mode_1,2.8672804543714,2.86728,-4.543714000604382e-07,-0.02918163937014365,23.25392197178633,touchstone_ri,2.8672804543714,1.0,,,
260519_2dsweep,sim,07_3_TDS-body_Novel-2Dsweep-260516_1.s2p,,S22,f_mean,sim,dispersion_mode_1,2.8672804543714,2.86728,-4.543714000604382e-07,-21.26604837641414,-66.99979500351857,touchstone_ri,2.8672804543714,1.0,,,
260519_2dsweep,sim,07_3_TDS-body_Novel-2Dsweep-260516_10.s2p,,S11,f_mean,sim,dispersion_mode_1,2.8672804543714,2.86728,-4.543714000604382e-07,-15.967829458018127,94.99575463465419,touchstone_ri,2.8672804543714,1.0,,,
260519_2dsweep,sim,07_3_TDS-body_Novel-2Dsweep-260516_10.s2p,,S12,f_mean,sim,dispersion_mode_1,2.8672804543714,2.86728,-4.543714000604382e-07,-0.11092956057883274,4.947659022300228,touchstone_ri,2.8672804543714,1.0,,,
260519_2dsweep,sim,07_3_TDS-body_Novel-2Dsweep-260516_10.s2p,,S21,f_mean,sim,dispersion_mode_1,2.8672804543714,2.86728,-4.543714000604382e-07,-0.11068196376656256,4.948036768309125,touchstone_ri,2.8672804543714,1.0,,,
260519_2dsweep,sim,07_3_TDS-body_Novel-2Dsweep-260516_10.s2p,,S22,f_mean,sim,dispersion_mode_1,2.8672804543714,2.86728,-4.543714000604382e-07,-15.96656975442948,94.9430932495725,touchstone_ri,2.8672804543714,1.0,,,
260519_2dsweep,sim,07_3_TDS-body_Novel-2Dsweep-260516_100.s2p,,S11,f_mean,sim,dispersion_mode_1,2.8672804543714,2.86728,-4.543714000604382e-07,-10.594967338116412,82.68047662146206,touchstone_ri,2.8672804543714,1.0,,,
260519_2dsweep,sim,07_3_TDS-body_Novel-2Dsweep-260516_100.s2p,,S12,f_mean,sim,dispersion_mode_1,2.8672804543714,2.86728,-4.543714000604382e-07,-0.39670510486138094,-7.2676698217684095,touchstone_ri,2.8672804543714,1.0,,,
260519_2dsweep,sim,07_3_TDS-body_Novel-2Dsweep-260516_100.s2p,,S21,f_mean,sim,dispersion_mode_1,2.8672804543714,2.86728,-4.543714000604382e-07,-0.3969626849439401,-7.2707464995334945,touchstone_ri,2.8672804543714,1.0,,,
260519_2dsweep,sim,07_3_TDS-body_Novel-2Dsweep-260516_100.s2p,,S22,f_mean,sim,dispersion_mode_1,2.8672804543714,2.86728,-4.543714000604382e-07,-10.598655839188545,82.74642462779133,touchstone_ri,2.8672804543714,1.0,,,
260519_2dsweep,sim,07_3_TDS-body_Novel-2Dsweep-260516_101.s2p,,S11,f_mean,sim,dispersion_mode_1,2.8672804543714,2.86728,-4.543714000604382e-07,-9.80293635294178,80.60921409940958,touchstone_ri,2.8672804543714,1.0,,,
260519_2dsweep,sim,07_3_TDS-body_Novel-2Dsweep-260516_101.s2p,,S12,f_mean,sim,dispersion_mode_1,2.8672804543714,2.86728,-4.543714000604382e-07,-0.4902213489736017,-9.29181668254813,touchstone_ri,2.8672804543714,1.0,,,
260519_2dsweep,sim,07_3_TDS-body_Novel-2Dsweep-260516_101.s2p,,S21,f_mean,sim,dispersion_mode_1,2.8672804543714,2.86728,-4.543714000604382e-07,-0.49364480027507546,-9.279924788907744,touchstone_ri,2.8672804543714,1.0,,,
260519_2dsweep,sim,07_3_TDS-body_Novel-2Dsweep-260516_101.s2p,,S22,f_mean,sim,dispersion_mode_1,2.8672804543714,2.86728,-4.543714000604382e-07,-9.798056515280004,80.38703730907709,touchstone_ri,2.8672804543714,1.0,,,
260519_2dsweep,sim,07_3_TDS-body_Novel-2Dsweep-260516_103.s2p,,S11,f_mean,sim,dispersion_mode_1,2.8672804543714,2.86728,-4.543714000604382e-07,-9.206117970728224,-60.89910330742312,touchstone_ri,2.8672804543714,1.0,,,
260519_2dsweep,sim,07_3_TDS-body_Novel-2Dsweep-260516_103.s2p,,S12,f_mean,sim,dispersion_mode_1,2.8672804543714,2.86728,-4.543714000604382e-07,-0.5549881495537977,29.075165724743055,touchstone_ri,2.8672804543714,1.0,,,
260519_2dsweep,sim,07_3_TDS-body_Novel-2Dsweep-260516_103.s2p,,S21,f_mean,sim,dispersion_mode_1,2.8672804543714,2.86728,-4.543714000604382e-07,-0.555068747151009,29.076073171965916,touchstone_ri,2.8672804543714,1.0,,,
260519_2dsweep,sim,07_3_TDS-body_Novel-2Dsweep-260516_103.s2p,,S22,f_mean,sim,dispersion_mode_1,2.8672804543714,2.86728,-4.543714000604382e-07,-9.204301381961583,-60.96924850517533,touchstone_ri,2.8672804543714,1.0,,,
260519_2dsweep,sim,07_3_TDS-body_Novel-2Dsweep-260516_104.s2p,,S11,f_mean,sim,dispersion_mode_1,2.8672804543714,2.86728,-4.543714000604382e-07,-21.443544682278652,-79.23262626953289,touchstone_ri,2.8672804543714,1.0,,,
260519_2dsweep,sim,07_3_TDS-body_Novel-2Dsweep-260516_104.s2p,,S12,f_mean,sim,dispersion_mode_1,2.8672804543714,2.86728,-4.543714000604382e-07,-0.0327651770688594,10.743187827793216,touchstone_ri,2.8672804543714,1.0,,,
260519_2dsweep,sim,07_3_TDS-body_Novel-2Dsweep-260516_104.s2p,,S21,f_mean,sim,dispersion_mode_1,2.8672804543714,2.86728,-4.543714000604382e-07,-0.032413258621169824,10.743808824203082,touchstone_ri,2.8672804543714,1.0,,,
260519_2dsweep,sim,07_3_TDS-body_Novel-2Dsweep-260516_104.s2p,,S22,f_mean,sim,dispersion_mode_1,2.8672804543714,2.86728,-4.543714000604382e-07,-21.439871289274098,-79.08390437271389,touchstone_ri,2.8672804543714,1.0,,,
260519_2dsweep,sim,07_3_TDS-body_Novel-2Dsweep-260516_105.s2p,,S11,f_mean,sim,dispersion_mode_1,2.8672804543714,2.86728,-4.543714000604382e-07,-12.731067531255341,82.9558073592136,touchstone_ri,2.8672804543714,1.0,,,
260519_2dsweep,sim,07_3_TDS-body_Novel-2Dsweep-260516_105.s2p,,S12,f_mean,sim,dispersion_mode_1,2.8672804543714,2.86728,-4.543714000604382e-07,-0.1488086149696113,-9.675871079918002,touchstone_ri,2.8672804543714,1.0,,,
260519_2dsweep,sim,07_3_TDS-body_Novel-2Dsweep-260516_105.s2p,,S21,f_mean,sim,dispersion_mode_1,2.8672804543714,2.86728,-4.543714000604382e-07,-0.150272246571437,-9.658184946435759,touchstone_ri,2.8672804543714,1.0,,,
260519_2dsweep,sim,07_3_TDS-body_Novel-2Dsweep-260516_105.s2p,,S22,f_mean,sim,dispersion_mode_1,2.8672804543714,2.86728,-4.543714000604382e-07,-12.802149743018504,82.59633293334606,touchstone_ri,2.8672804543714,1.0,,,
260519_2dsweep,sim,07_3_TDS-body_Novel-2Dsweep-260516_106.s2p,,S11,f_mean,sim,dispersion_mode_1,2.8672804543714,2.86728,-4.543714000604382e-07,-5.991292973627439,61.72777019658104,touchstone_ri,2.8672804543714,1.0,,,
260519_2dsweep,sim,07_3_TDS-body_Novel-2Dsweep-260516_106.s2p,,S12,f_mean,sim,dispersion_mode_1,2.8672804543714,2.86728,-4.543714000604382e-07,-1.2480384032625689,-28.335763286132764,touchstone_ri,2.8672804543714,1.0,,,
260519_2dsweep,sim,07_3_TDS-body_Novel-2Dsweep-260516_106.s2p,,S21,f_mean,sim,dispersion_mode_1,2.8672804543714,2.86728,-4.543714000604382e-07,-1.2482340740278903,-28.32434527558598,touchstone_ri,2.8672804543714,1.0,,,
260519_2dsweep,sim,07_3_TDS-body_Novel-2Dsweep-260516_106.s2p,,S22,f_mean,sim,dispersion_mode_1,2.8672804543714,2.86728,-4.543714000604382e-07,-5.988662138473283,61.875526119365226,touchstone_ri,2.8672804543714,1.0,,,
260519_2dsweep,sim,07_3_TDS-body_Novel-2Dsweep-260516_107.s2p,,S11,f_mean,sim,dispersion_mode_1,2.8672804543714,2.86728,-4.543714000604382e-07,-3.362511112406759,47.52985913949834,touchstone_ri,2.8672804543714,1.0,,,
260519_2dsweep,sim,07_3_TDS-body_Novel-2Dsweep-260516_107.s2p,,S12,f_mean,sim,dispersion_mode_1,2.8672804543714,2.86728,-4.543714000604382e-07,-2.6844967490430944,-42.47928904578144,touchstone_ri,2.8672804543714,1.0,,,
260519_2dsweep,sim,07_3_TDS-body_Novel-2Dsweep-260516_107.s2p,,S21,f_mean,sim,dispersion_mode_1,2.8672804543714,2.86728,-4.543714000604382e-07,-2.6829540025260257,-42.49411652378413,touchstone_ri,2.8672804543714,1.0,,,
260519_2dsweep,sim,07_3_TDS-body_Novel-2Dsweep-260516_107.s2p,,S22,f_mean,sim,dispersion_mode_1,2.8672804543714,2.86728,-4.543714000604382e-07,-3.3545550640507127,47.55712209918182,touchstone_ri,2.8672804543714,1.0,,,
260519_2dsweep,sim,07_3_TDS-body_Novel-2Dsweep-260516_108.s2p,,S11,f_mean,sim,dispersion_mode_1,2.8672804543714,2.86728,-4.543714000604382e-07,-5.52210707928491,-58.17247234633131,touchstone_ri,2.8672804543714,1.0,,,
260519_2dsweep,sim,07_3_TDS-body_Novel-2Dsweep-260516_108.s2p,,S12,f_mean,sim,dispersion_mode_1,2.8672804543714,2.86728,-4.543714000604382e-07,-1.4014454895411506,32.10774009997949,touchstone_ri,2.8672804543714,1.0,,,
260519_2dsweep,sim,07_3_TDS-body_Novel-2Dsweep-260516_108.s2p,,S21,f_mean,sim,dispersion_mode_1,2.8672804543714,2.86728,-4.543714000604382e-07,-1.3987523884551656,32.10001358327871,touchstone_ri,2.8672804543714,1.0,,,
260519_2dsweep,sim,07_3_TDS-body_Novel-2Dsweep-260516_108.s2p,,S22,f_mean,sim,dispersion_mode_1,2.8672804543714,2.86728,-4.543714000604382e-07,-5.531159029403679,-58.19347282810494,touchstone_ri,2.8672804543714,1.0,,,
260519_2dsweep,sim,07_3_TDS-body_Novel-2Dsweep-260516_109.s2p,,S11,f_mean,sim,dispersion_mode_1,2.8672804543714,2.86728,-4.543714000604382e-07,-10.943818209692322,-74.05816841049847,touchstone_ri,2.8672804543714,1.0,,,
260519_2dsweep,sim,07_3_TDS-body_Novel-2Dsweep-260516_109.s2p,,S12,f_mean,sim,dispersion_mode_1,2.8672804543714,2.86728,-4.543714000604382e-07,-0.41279751675209575,15.062007699699551,touchstone_ri,2.8672804543714,1.0,,,
260519_2dsweep,sim,07_3_TDS-body_Novel-2Dsweep-260516_109.s2p,,S21,f_mean,sim,dispersion_mode_1,2.8672804543714,2.86728,-4.543714000604382e-07,-0.4140455510194485,15.059058159096365,touchstone_ri,2.8672804543714,1.0,,,
260519_2dsweep,sim,07_3_TDS-body_Novel-2Dsweep-260516_109.s2p,,S22,f_mean,sim,dispersion_mode_1,2.8672804543714,2.86728,-4.543714000604382e-07,-10.948100117298882,-73.64740745640331,touchstone_ri,2.8672804543714,1.0,,,
260519_2dsweep,sim,07_3_TDS-body_Novel-2Dsweep-260516_11.s2p,,S11,f_mean,sim,dispersion_mode_1,2.8672804543714,2.86728,-4.543714000604382e-07,-14.71923681160198,92.98548401560299,touchstone_ri,2.8672804543714,1.0,,,
260519_2dsweep,sim,07_3_TDS-body_Novel-2Dsweep-260516_11.s2p,,S12,f_mean,sim,dispersion_mode_1,2.8672804543714,2.86728,-4.543714000604382e-07,-0.1504145900388852,3.1368658472852893,touchstone_ri,2.8672804543714,1.0,,,
260519_2dsweep,sim,07_3_TDS-body_Novel-2Dsweep-260516_11.s2p,,S21,f_mean,sim,dispersion_mode_1,2.8672804543714,2.86728,-4.543714000604382e-07,-0.15012266105025052,3.138108399989179,touchstone_ri,2.8672804543714,1.0,,,
260519_2dsweep,sim,07_3_TDS-body_Novel-2Dsweep-260516_11.s2p,,S22,f_mean,sim,dispersion_mode_1,2.8672804543714,2.86728,-4.543714000604382e-07,-14.721114131473849,93.19766171374317,touchstone_ri,2.8672804543714,1.0,,,
260519_2dsweep,sim,07_3_TDS-body_Novel-2Dsweep-260516_110.s2p,,S11,f_mean,sim,dispersion_mode_1,2.8672804543714,2.86728,-4.543714000604382e-07,-28.727294329713224,85.34074435304147,touchstone_ri,2.8672804543714,1.0,,,
260519_2dsweep,sim,07_3_TDS-body_Novel-2Dsweep-260516_110.s2p,,S12,f_mean,sim,dispersion_mode_1,2.8672804543714,2.86728,-4.543714000604382e-07,-0.007864550530346744,-4.802918154009389,touchstone_ri,2.8672804543714,1.0,,,
260519_2dsweep,sim,07_3_TDS-body_Novel-2Dsweep-260516_110.s2p,,S21,f_mean,sim,dispersion_mode_1,2.8672804543714,2.86728,-4.543714000604382e-07,-0.0078931519539089,-4.80308916121306,touchstone_ri,2.8672804543714,1.0,,,
260519_2dsweep,sim,07_3_TDS-body_Novel-2Dsweep-260516_110.s2p,,S22,f_mean,sim,dispersion_mode_1,2.8672804543714,2.86728,-4.543714000604382e-07,-28.726038092982385,84.30624491993083,touchstone_ri,2.8672804543714,1.0,,,
260519_2dsweep,sim,07_3_TDS-body_Novel-2Dsweep-260516_111.s2p,,S11,f_mean,sim,dispersion_mode_1,2.8672804543714,2.86728,-4.543714000604382e-07,-8.733968194313807,64.56453032346485,touchstone_ri,2.8672804543714,1.0,,,
260519_2dsweep,sim,07_3_TDS-body_Novel-2Dsweep-260516_111.s2p,,S12,f_mean,sim,dispersion_mode_1,2.8672804543714,2.86728,-4.543714000604382e-07,-0.6290032848697078,-25.247034130684405,touchstone_ri,2.8672804543714,1.0,,,
260519_2dsweep,sim,07_3_TDS-body_Novel-2Dsweep-260516_111.s2p,,S21,f_mean,sim,dispersion_mode_1,2.8672804543714,2.86728,-4.543714000604382e-07,-0.6297851432399931,-25.242190317864544,touchstone_ri,2.8672804543714,1.0,,,
260519_2dsweep,sim,07_3_TDS-body_Novel-2Dsweep-260516_111.s2p,,S22,f_mean,sim,dispersion_mode_1,2.8672804543714,2.86728,-4.543714000604382e-07,-8.724458290106647,64.78554378629158,touchstone_ri,2.8672804543714,1.0,,,
260519_2dsweep,sim,07_3_TDS-body_Novel-2Dsweep-260516_112.s2p,,S11,f_mean,sim,dispersion_mode_1,2.8672804543714,2.86728,-4.543714000604382e-07,-4.401000001157548,49.38918745566642,touchstone_ri,2.8672804543714,1.0,,,
260519_2dsweep,sim,07_3_TDS-body_Novel-2Dsweep-260516_112.s2p,,S12,f_mean,sim,dispersion_mode_1,2.8672804543714,2.86728,-4.543714000604382e-07,-1.8143742342713278,-41.736625249941476,touchstone_ri,2.8672804543714,1.0,,,
260519_2dsweep,sim,07_3_TDS-body_Novel-2Dsweep-260516_112.s2p,,S21,f_mean,sim,dispersion_mode_1,2.8672804543714,2.86728,-4.543714000604382e-07,-1.8256310260246653,-41.76622793963413,touchstone_ri,2.8672804543714,1.0,,,
260519_2dsweep,sim,07_3_TDS-body_Novel-2Dsweep-260516_112.s2p,,S22,f_mean,sim,dispersion_mode_1,2.8672804543714,2.86728,-4.543714000604382e-07,-4.38389122832252,49.58557447033821,touchstone_ri,2.8672804543714,1.0,,,
260519_2dsweep,sim,07_3_TDS-body_Novel-2Dsweep-260516_113.s2p,,S11,f_mean,sim,dispersion_mode_1,2.8672804543714,2.86728,-4.543714000604382e-07,-3.6208598117386486,-55.636708879241304,touchstone_ri,2.8672804543714,1.0,,,
260519_2dsweep,sim,07_3_TDS-body_Novel-2Dsweep-260516_113.s2p,,S12,f_mean,sim,dispersion_mode_1,2.8672804543714,2.86728,-4.543714000604382e-07,-2.4753289249834056,34.32743564988686,touchstone_ri,2.8672804543714,1.0,,,
260519_2dsweep,sim,07_3_TDS-body_Novel-2Dsweep-260516_113.s2p,,S21,f_mean,sim,dispersion_mode_1,2.8672804543714,2.86728,-4.543714000604382e-07,-2.4757408507030796,34.32857486377053,touchstone_ri,2.8672804543714,1.0,,,
260519_2dsweep,sim,07_3_TDS-body_Novel-2Dsweep-260516_113.s2p,,S22,f_mean,sim,dispersion_mode_1,2.8672804543714,2.86728,-4.543714000604382e-07,-3.621552312101911,-55.6949416663828,touchstone_ri,2.8672804543714,1.0,,,
260519_2dsweep,sim,07_3_TDS-body_Novel-2Dsweep-260516_114.s2p,,S11,f_mean,sim,dispersion_mode_1,2.8672804543714,2.86728,-4.543714000604382e-07,-6.870541276600446,-70.6852112977711,touchstone_ri,2.8672804543714,1.0,,,
260519_2dsweep,sim,07_3_TDS-body_Novel-2Dsweep-260516_114.s2p,,S12,f_mean,sim,dispersion_mode_1,2.8672804543714,2.86728,-4.543714000604382e-07,-0.9989627422660617,19.336684589394796,touchstone_ri,2.8672804543714,1.0,,,
260519_2dsweep,sim,07_3_TDS-body_Novel-2Dsweep-260516_114.s2p,,S21,f_mean,sim,dispersion_mode_1,2.8672804543714,2.86728,-4.543714000604382e-07,-0.9985737735586238,19.338935776053553,touchstone_ri,2.8672804543714,1.0,,,
260519_2dsweep,sim,07_3_TDS-body_Novel-2Dsweep-260516_114.s2p,,S22,f_mean,sim,dispersion_mode_1,2.8672804543714,2.86728,-4.543714000604382e-07,-6.869385373150317,-70.6534907061019,touchstone_ri,2.8672804543714,1.0,,,
260519_2dsweep,sim,07_3_TDS-body_Novel-2Dsweep-260516_115.s2p,,S11,f_mean,sim,dispersion_mode_1,2.8672804543714,2.86728,-4.543714000604382e-07,-17.477441671938163,-97.50007710041342,touchstone_ri,2.8672804543714,1.0,,,
260519_2dsweep,sim,07_3_TDS-body_Novel-2Dsweep-260516_115.s2p,,S12,f_mean,sim,dispersion_mode_1,2.8672804543714,2.86728,-4.543714000604382e-07,0.07421339406747396,-0.5866522455522903,touchstone_ri,2.8672804543714,1.0,,,
260519_2dsweep,sim,07_3_TDS-body_Novel-2Dsweep-260516_115.s2p,,S21,f_mean,sim,dispersion_mode_1,2.8672804543714,2.86728,-4.543714000604382e-07,0.06942281472928297,-0.5147028159266158,touchstone_ri,2.8672804543714,1.0,,,
260519_2dsweep,sim,07_3_TDS-body_Novel-2Dsweep-260516_115.s2p,,S22,f_mean,sim,dispersion_mode_1,2.8672804543714,2.86728,-4.543714000604382e-07,-17.303384805345193,-99.19684392773772,touchstone_ri,2.8672804543714,1.0,,,
260519_2dsweep,sim,07_3_TDS-body_Novel-2Dsweep-260516_116.s2p,,S11,f_mean,sim,dispersion_mode_1,2.8672804543714,2.86728,-4.543714000604382e-07,-13.008432050302561,68.37522861279422,touchstone_ri,2.8672804543714,1.0,,,
260519_2dsweep,sim,07_3_TDS-body_Novel-2Dsweep-260516_116.s2p,,S12,f_mean,sim,dispersion_mode_1,2.8672804543714,2.86728,-4.543714000604382e-07,-0.2178860765853894,-21.698899894346095,touchstone_ri,2.8672804543714,1.0,,,
260519_2dsweep,sim,07_3_TDS-body_Novel-2Dsweep-260516_116.s2p,,S21,f_mean,sim,dispersion_mode_1,2.8672804543714,2.86728,-4.543714000604382e-07,-0.21782862237634784,-21.69907289229277,touchstone_ri,2.8672804543714,1.0,,,
260519_2dsweep,sim,07_3_TDS-body_Novel-2Dsweep-260516_116.s2p,,S22,f_mean,sim,dispersion_mode_1,2.8672804543714,2.86728,-4.543714000604382e-07,-13.008736160469052,68.50484889442892,touchstone_ri,2.8672804543714,1.0,,,
260519_2dsweep,sim,07_3_TDS-body_Novel-2Dsweep-260516_117.s2p,,S11,f_mean,sim,dispersion_mode_1,2.8672804543714,2.86728,-4.543714000604382e-07,-5.925481164841965,49.93607486375839,touchstone_ri,2.8672804543714,1.0,,,
260519_2dsweep,sim,07_3_TDS-body_Novel-2Dsweep-260516_117.s2p,,S12,f_mean,sim,dispersion_mode_1,2.8672804543714,2.86728,-4.543714000604382e-07,-1.3190440559343897,-39.58062138543375,touchstone_ri,2.8672804543714,1.0,,,
260519_2dsweep,sim,07_3_TDS-body_Novel-2Dsweep-260516_117.s2p,,S21,f_mean,sim,dispersion_mode_1,2.8672804543714,2.86728,-4.543714000604382e-07,-1.321319057382726,-39.64312672992244,touchstone_ri,2.8672804543714,1.0,,,
260519_2dsweep,sim,07_3_TDS-body_Novel-2Dsweep-260516_117.s2p,,S22,f_mean,sim,dispersion_mode_1,2.8672804543714,2.86728,-4.543714000604382e-07,-5.922991044114067,49.95846087951889,touchstone_ri,2.8672804543714,1.0,,,
260519_2dsweep,sim,07_3_TDS-body_Novel-2Dsweep-260516_118.s2p,,S11,f_mean,sim,dispersion_mode_1,2.8672804543714,2.86728,-4.543714000604382e-07,-2.5898698097492625,-54.31806744204599,touchstone_ri,2.8672804543714,1.0,,,
260519_2dsweep,sim,07_3_TDS-body_Novel-2Dsweep-260516_118.s2p,,S12,f_mean,sim,dispersion_mode_1,2.8672804543714,2.86728,-4.543714000604382e-07,-3.4817985919555423,35.612385271181374,touchstone_ri,2.8672804543714,1.0,,,
260519_2dsweep,sim,07_3_TDS-body_Novel-2Dsweep-260516_118.s2p,,S21,f_mean,sim,dispersion_mode_1,2.8672804543714,2.86728,-4.543714000604382e-07,-3.481888271820251,35.61344163676047,touchstone_ri,2.8672804543714,1.0,,,
260519_2dsweep,sim,07_3_TDS-body_Novel-2Dsweep-260516_118.s2p,,S22,f_mean,sim,dispersion_mode_1,2.8672804543714,2.86728,-4.543714000604382e-07,-2.589401328110955,-54.389387848920286,touchstone_ri,2.8672804543714,1.0,,,
260519_2dsweep,sim,07_3_TDS-body_Novel-2Dsweep-260516_119.s2p,,S11,f_mean,sim,dispersion_mode_1,2.8672804543714,2.86728,-4.543714000604382e-07,-5.069897413519105,-68.35650039829703,touchstone_ri,2.8672804543714,1.0,,,
260519_2dsweep,sim,07_3_TDS-body_Novel-2Dsweep-260516_119.s2p,,S12,f_mean,sim,dispersion_mode_1,2.8672804543714,2.86728,-4.543714000604382e-07,-1.6492833020568636,21.329303276698976,touchstone_ri,2.8672804543714,1.0,,,
260519_2dsweep,sim,07_3_TDS-body_Novel-2Dsweep-260516_119.s2p,,S21,f_mean,sim,dispersion_mode_1,2.8672804543714,2.86728,-4.543714000604382e-07,-1.6490531924777696,21.324784436355667,touchstone_ri,2.8672804543714,1.0,,,
260519_2dsweep,sim,07_3_TDS-body_Novel-2Dsweep-260516_119.s2p,,S22,f_mean,sim,dispersion_mode_1,2.8672804543714,2.86728,-4.543714000604382e-07,-5.0753553838837515,-68.39252219879297,touchstone_ri,2.8672804543714,1.0,,,
260519_2dsweep,sim,07_3_TDS-body_Novel-2Dsweep-260516_12.s2p,,S11,f_mean,sim,dispersion_mode_1,2.8672804543714,2.86728,-4.543714000604382e-07,-13.344603650198694,90.94642133269741,touchstone_ri,2.8672804543714,1.0,,,
260519_2dsweep,sim,07_3_TDS-body_Novel-2Dsweep-260516_12.s2p,,S12,f_mean,sim,dispersion_mode_1,2.8672804543714,2.86728,-4.543714000604382e-07,-0.20484025464791428,0.8753693233531648,touchstone_ri,2.8672804543714,1.0,,,
260519_2dsweep,sim,07_3_TDS-body_Novel-2Dsweep-260516_12.s2p,,S21,f_mean,sim,dispersion_mode_1,2.8672804543714,2.86728,-4.543714000604382e-07,-0.2052486464022318,0.8755361740655527,touchstone_ri,2.8672804543714,1.0,,,
260519_2dsweep,sim,07_3_TDS-body_Novel-2Dsweep-260516_12.s2p,,S22,f_mean,sim,dispersion_mode_1,2.8672804543714,2.86728,-4.543714000604382e-07,-13.341535184790157,90.85974725114644,touchstone_ri,2.8672804543714,1.0,,,
260519_2dsweep,sim,07_3_TDS-body_Novel-2Dsweep-260516_120.s2p,,S11,f_mean,sim,dispersion_mode_1,2.8672804543714,2.86728,-4.543714000604382e-07,-10.092191530932757,-84.62701416808831,touchstone_ri,2.8672804543714,1.0,,,
260519_2dsweep,sim,07_3_TDS-body_Novel-2Dsweep-260516_120.s2p,,S12,f_mean,sim,dispersion_mode_1,2.8672804543714,2.86728,-4.543714000604382e-07,-0.45072076939299044,5.459037748419739,touchstone_ri,2.8672804543714,1.0,,,
260519_2dsweep,sim,07_3_TDS-body_Novel-2Dsweep-260516_120.s2p,,S21,f_mean,sim,dispersion_mode_1,2.8672804543714,2.86728,-4.543714000604382e-07,-0.4516903829772568,5.453308953789717,touchstone_ri,2.8672804543714,1.0,,,
260519_2dsweep,sim,07_3_TDS-body_Novel-2Dsweep-260516_120.s2p,,S22,f_mean,sim,dispersion_mode_1,2.8672804543714,2.86728,-4.543714000604382e-07,-10.092746918575992,-84.30375320524706,touchstone_ri,2.8672804543714,1.0,,,
260519_2dsweep,sim,07_3_TDS-body_Novel-2Dsweep-260516_121.s2p,,S11,f_mean,sim,dispersion_mode_1,2.8672804543714,2.86728,-4.543714000604382e-07,-23.92876972925139,73.44632751982209,touchstone_ri,2.8672804543714,1.0,,,
260519_2dsweep,sim,07_3_TDS-body_Novel-2Dsweep-260516_121.s2p,,S12,f_mean,sim,dispersion_mode_1,2.8672804543714,2.86728,-4.543714000604382e-07,-0.02079977652223666,-16.65339840394206,touchstone_ri,2.8672804543714,1.0,,,
260519_2dsweep,sim,07_3_TDS-body_Novel-2Dsweep-260516_121.s2p,,S21,f_mean,sim,dispersion_mode_1,2.8672804543714,2.86728,-4.543714000604382e-07,-0.020432960260518468,-16.65392304344299,touchstone_ri,2.8672804543714,1.0,,,
260519_2dsweep,sim,07_3_TDS-body_Novel-2Dsweep-260516_121.s2p,,S22,f_mean,sim,dispersion_mode_1,2.8672804543714,2.86728,-4.543714000604382e-07,-23.916645688253023,72.66074121186912,touchstone_ri,2.8672804543714,1.0,,,
260519_2dsweep,sim,07_3_TDS-body_Novel-2Dsweep-260516_122.s2p,,S11,f_mean,sim,dispersion_mode_1,2.8672804543714,2.86728,-4.543714000604382e-07,-7.811300682751305,52.8136535765072,touchstone_ri,2.8672804543714,1.0,,,
260519_2dsweep,sim,07_3_TDS-body_Novel-2Dsweep-260516_122.s2p,,S12,f_mean,sim,dispersion_mode_1,2.8672804543714,2.86728,-4.543714000604382e-07,-0.7838263423660934,-37.21328165599041,touchstone_ri,2.8672804543714,1.0,,,
260519_2dsweep,sim,07_3_TDS-body_Novel-2Dsweep-260516_122.s2p,,S21,f_mean,sim,dispersion_mode_1,2.8672804543714,2.86728,-4.543714000604382e-07,-0.7841344822158729,-37.21597525767738,touchstone_ri,2.8672804543714,1.0,,,
260519_2dsweep,sim,07_3_TDS-body_Novel-2Dsweep-260516_122.s2p,,S22,f_mean,sim,dispersion_mode_1,2.8672804543714,2.86728,-4.543714000604382e-07,-7.813000857815475,52.80406885456083,touchstone_ri,2.8672804543714,1.0,,,
260519_2dsweep,sim,07_3_TDS-body_Novel-2Dsweep-260516_13.s2p,,S11,f_mean,sim,dispersion_mode_1,2.8672804543714,2.86728,-4.543714000604382e-07,-12.43160578594013,88.18040445962566,touchstone_ri,2.8672804543714,1.0,,,
260519_2dsweep,sim,07_3_TDS-body_Novel-2Dsweep-260516_13.s2p,,S12,f_mean,sim,dispersion_mode_1,2.8672804543714,2.86728,-4.543714000604382e-07,-0.283077954483934,-0.8716117881995867,touchstone_ri,2.8672804543714,1.0,,,
260519_2dsweep,sim,07_3_TDS-body_Novel-2Dsweep-260516_13.s2p,,S21,f_mean,sim,dispersion_mode_1,2.8672804543714,2.86728,-4.543714000604382e-07,-0.278174289310931,-0.9066886224263813,touchstone_ri,2.8672804543714,1.0,,,
260519_2dsweep,sim,07_3_TDS-body_Novel-2Dsweep-260516_13.s2p,,S22,f_mean,sim,dispersion_mode_1,2.8672804543714,2.86728,-4.543714000604382e-07,-12.420597152279587,88.6740380293767,touchstone_ri,2.8672804543714,1.0,,,
260519_2dsweep,sim,07_3_TDS-body_Novel-2Dsweep-260516_14.s2p,,S11,f_mean,sim,dispersion_mode_1,2.8672804543714,2.86728,-4.543714000604382e-07,-11.456538675947996,87.01570452787934,touchstone_ri,2.8672804543714,1.0,,,
260519_2dsweep,sim,07_3_TDS-body_Novel-2Dsweep-260516_14.s2p,,S12,f_mean,sim,dispersion_mode_1,2.8672804543714,2.86728,-4.543714000604382e-07,-0.323016043862449,-2.9524430301865396,touchstone_ri,2.8672804543714,1.0,,,
260519_2dsweep,sim,07_3_TDS-body_Novel-2Dsweep-260516_14.s2p,,S21,f_mean,sim,dispersion_mode_1,2.8672804543714,2.86728,-4.543714000604382e-07,-0.32294779560021347,-2.9588350883349572,touchstone_ri,2.8672804543714,1.0,,,
260519_2dsweep,sim,07_3_TDS-body_Novel-2Dsweep-260516_14.s2p,,S22,f_mean,sim,dispersion_mode_1,2.8672804543714,2.86728,-4.543714000604382e-07,-11.445946109333258,87.04256306206258,touchstone_ri,2.8672804543714,1.0,,,
260519_2dsweep,sim,07_3_TDS-body_Novel-2Dsweep-260516_15.s2p,,S11,f_mean,sim,dispersion_mode_1,2.8672804543714,2.86728,-4.543714000604382e-07,-10.311914127907716,84.76428656950073,touchstone_ri,2.8672804543714,1.0,,,
260519_2dsweep,sim,07_3_TDS-body_Novel-2Dsweep-260516_15.s2p,,S12,f_mean,sim,dispersion_mode_1,2.8672804543714,2.86728,-4.543714000604382e-07,-0.4099750061546419,-5.569415065306435,touchstone_ri,2.8672804543714,1.0,,,
260519_2dsweep,sim,07_3_TDS-body_Novel-2Dsweep-260516_15.s2p,,S21,f_mean,sim,dispersion_mode_1,2.8672804543714,2.86728,-4.543714000604382e-07,-0.3974745740289073,-5.572526442696622,touchstone_ri,2.8672804543714,1.0,,,
260519_2dsweep,sim,07_3_TDS-body_Novel-2Dsweep-260516_15.s2p,,S22,f_mean,sim,dispersion_mode_1,2.8672804543714,2.86728,-4.543714000604382e-07,-10.319373566899994,84.89970884848024,touchstone_ri,2.8672804543714,1.0,,,
260519_2dsweep,sim,07_3_TDS-body_Novel-2Dsweep-260516_16.s2p,,S11,f_mean,sim,dispersion_mode_1,2.8672804543714,2.86728,-4.543714000604382e-07,-9.852605473370758,82.59264221874045,touchstone_ri,2.8672804543714,1.0,,,
260519_2dsweep,sim,07_3_TDS-body_Novel-2Dsweep-260516_16.s2p,,S12,f_mean,sim,dispersion_mode_1,2.8672804543714,2.86728,-4.543714000604382e-07,-0.5024421786292097,-6.927173354986395,touchstone_ri,2.8672804543714,1.0,,,
260519_2dsweep,sim,07_3_TDS-body_Novel-2Dsweep-260516_16.s2p,,S21,f_mean,sim,dispersion_mode_1,2.8672804543714,2.86728,-4.543714000604382e-07,-0.4989977281714842,-6.927161946693237,touchstone_ri,2.8672804543714,1.0,,,
260519_2dsweep,sim,07_3_TDS-body_Novel-2Dsweep-260516_16.s2p,,S22,f_mean,sim,dispersion_mode_1,2.8672804543714,2.86728,-4.543714000604382e-07,-9.83610451910404,82.55058189014794,touchstone_ri,2.8672804543714,1.0,,,
260519_2dsweep,sim,07_3_TDS-body_Novel-2Dsweep-260516_17.s2p,,S11,f_mean,sim,dispersion_mode_1,2.8672804543714,2.86728,-4.543714000604382e-07,-9.032899617211198,80.84744190069019,touchstone_ri,2.8672804543714,1.0,,,
260519_2dsweep,sim,07_3_TDS-body_Novel-2Dsweep-260516_17.s2p,,S12,f_mean,sim,dispersion_mode_1,2.8672804543714,2.86728,-4.543714000604382e-07,-0.5757714303738901,-9.19263283923763,touchstone_ri,2.8672804543714,1.0,,,
260519_2dsweep,sim,07_3_TDS-body_Novel-2Dsweep-260516_17.s2p,,S21,f_mean,sim,dispersion_mode_1,2.8672804543714,2.86728,-4.543714000604382e-07,-0.57517543373846,-9.196692407730673,touchstone_ri,2.8672804543714,1.0,,,
260519_2dsweep,sim,07_3_TDS-body_Novel-2Dsweep-260516_17.s2p,,S22,f_mean,sim,dispersion_mode_1,2.8672804543714,2.86728,-4.543714000604382e-07,-9.030643988583275,80.91178063075692,touchstone_ri,2.8672804543714,1.0,,,
260519_2dsweep,sim,07_3_TDS-body_Novel-2Dsweep-260516_18.s2p,,S11,f_mean,sim,dispersion_mode_1,2.8672804543714,2.86728,-4.543714000604382e-07,-8.407548754382946,78.94085073887766,touchstone_ri,2.8672804543714,1.0,,,
260519_2dsweep,sim,07_3_TDS-body_Novel-2Dsweep-260516_18.s2p,,S12,f_mean,sim,dispersion_mode_1,2.8672804543714,2.86728,-4.543714000604382e-07,-0.6716806335934431,-11.151954671726683,touchstone_ri,2.8672804543714,1.0,,,
260519_2dsweep,sim,07_3_TDS-body_Novel-2Dsweep-260516_18.s2p,,S21,f_mean,sim,dispersion_mode_1,2.8672804543714,2.86728,-4.543714000604382e-07,-0.6698671536092882,-11.1463824947803,touchstone_ri,2.8672804543714,1.0,,,
260519_2dsweep,sim,07_3_TDS-body_Novel-2Dsweep-260516_18.s2p,,S22,f_mean,sim,dispersion_mode_1,2.8672804543714,2.86728,-4.543714000604382e-07,-8.406675353099125,78.95292299798025,touchstone_ri,2.8672804543714,1.0,,,
260519_2dsweep,sim,07_3_TDS-body_Novel-2Dsweep-260516_19.s2p,,S11,f_mean,sim,dispersion_mode_1,2.8672804543714,2.86728,-4.543714000604382e-07,-7.822768538355351,76.75480496786564,touchstone_ri,2.8672804543714,1.0,,,
260519_2dsweep,sim,07_3_TDS-body_Novel-2Dsweep-260516_19.s2p,,S12,f_mean,sim,dispersion_mode_1,2.8672804543714,2.86728,-4.543714000604382e-07,-0.7875997868455853,-13.12294052189988,touchstone_ri,2.8672804543714,1.0,,,
260519_2dsweep,sim,07_3_TDS-body_Novel-2Dsweep-260516_19.s2p,,S21,f_mean,sim,dispersion_mode_1,2.8672804543714,2.86728,-4.543714000604382e-07,-0.7879782710503401,-13.127989052010776,touchstone_ri,2.8672804543714,1.0,,,
260519_2dsweep,sim,07_3_TDS-body_Novel-2Dsweep-260516_19.s2p,,S22,f_mean,sim,dispersion_mode_1,2.8672804543714,2.86728,-4.543714000604382e-07,-7.821643072021342,76.87617787512742,touchstone_ri,2.8672804543714,1.0,,,
260519_2dsweep,sim,07_3_TDS-body_Novel-2Dsweep-260516_2.s2p,,S11,f_mean,sim,dispersion_mode_1,2.8672804543714,2.86728,-4.543714000604382e-07,-23.535441642401366,-67.40574042834457,touchstone_ri,2.8672804543714,1.0,,,
260519_2dsweep,sim,07_3_TDS-body_Novel-2Dsweep-260516_2.s2p,,S12,f_mean,sim,dispersion_mode_1,2.8672804543714,2.86728,-4.543714000604382e-07,-0.018032005499490238,21.615414877567634,touchstone_ri,2.8672804543714,1.0,,,
260519_2dsweep,sim,07_3_TDS-body_Novel-2Dsweep-260516_2.s2p,,S21,f_mean,sim,dispersion_mode_1,2.8672804543714,2.86728,-4.543714000604382e-07,-0.018676631610244906,21.612326749440165,touchstone_ri,2.8672804543714,1.0,,,
260519_2dsweep,sim,07_3_TDS-body_Novel-2Dsweep-260516_2.s2p,,S22,f_mean,sim,dispersion_mode_1,2.8672804543714,2.86728,-4.543714000604382e-07,-23.536024369126856,-69.53771122173968,touchstone_ri,2.8672804543714,1.0,,,
260519_2dsweep,sim,07_3_TDS-body_Novel-2Dsweep-260516_20.s2p,,S11,f_mean,sim,dispersion_mode_1,2.8672804543714,2.86728,-4.543714000604382e-07,-7.333814197984301,75.06509779000048,touchstone_ri,2.8672804543714,1.0,,,
260519_2dsweep,sim,07_3_TDS-body_Novel-2Dsweep-260516_20.s2p,,S12,f_mean,sim,dispersion_mode_1,2.8672804543714,2.86728,-4.543714000604382e-07,-0.8860535829672006,-14.922659583278236,touchstone_ri,2.8672804543714,1.0,,,
260519_2dsweep,sim,07_3_TDS-body_Novel-2Dsweep-260516_20.s2p,,S21,f_mean,sim,dispersion_mode_1,2.8672804543714,2.86728,-4.543714000604382e-07,-0.8855559525187939,-14.924777840958349,touchstone_ri,2.8672804543714,1.0,,,
260519_2dsweep,sim,07_3_TDS-body_Novel-2Dsweep-260516_20.s2p,,S22,f_mean,sim,dispersion_mode_1,2.8672804543714,2.86728,-4.543714000604382e-07,-7.333844355877296,75.13058047497373,touchstone_ri,2.8672804543714,1.0,,,
260519_2dsweep,sim,07_3_TDS-body_Novel-2Dsweep-260516_21.s2p,,S11,f_mean,sim,dispersion_mode_1,2.8672804543714,2.86728,-4.543714000604382e-07,-6.838572340552027,73.0270292837157,touchstone_ri,2.8672804543714,1.0,,,
260519_2dsweep,sim,07_3_TDS-body_Novel-2Dsweep-260516_21.s2p,,S12,f_mean,sim,dispersion_mode_1,2.8672804543714,2.86728,-4.543714000604382e-07,-1.0094728953161223,-16.846853999489575,touchstone_ri,2.8672804543714,1.0,,,
260519_2dsweep,sim,07_3_TDS-body_Novel-2Dsweep-260516_21.s2p,,S21,f_mean,sim,dispersion_mode_1,2.8672804543714,2.86728,-4.543714000604382e-07,-1.0093573602893737,-16.846277936871093,touchstone_ri,2.8672804543714,1.0,,,
260519_2dsweep,sim,07_3_TDS-body_Novel-2Dsweep-260516_21.s2p,,S22,f_mean,sim,dispersion_mode_1,2.8672804543714,2.86728,-4.543714000604382e-07,-6.838586281658355,73.23551093795614,touchstone_ri,2.8672804543714,1.0,,,
260519_2dsweep,sim,07_3_TDS-body_Novel-2Dsweep-260516_22.s2p,,S11,f_mean,sim,dispersion_mode_1,2.8672804543714,2.86728,-4.543714000604382e-07,-6.392088838253779,71.18989619247203,touchstone_ri,2.8672804543714,1.0,,,
260519_2dsweep,sim,07_3_TDS-body_Novel-2Dsweep-260516_22.s2p,,S12,f_mean,sim,dispersion_mode_1,2.8672804543714,2.86728,-4.543714000604382e-07,-1.1327136565285636,-18.704697015564715,touchstone_ri,2.8672804543714,1.0,,,
260519_2dsweep,sim,07_3_TDS-body_Novel-2Dsweep-260516_22.s2p,,S21,f_mean,sim,dispersion_mode_1,2.8672804543714,2.86728,-4.543714000604382e-07,-1.1327271043057388,-18.707118270390644,touchstone_ri,2.8672804543714,1.0,,,
260519_2dsweep,sim,07_3_TDS-body_Novel-2Dsweep-260516_22.s2p,,S22,f_mean,sim,dispersion_mode_1,2.8672804543714,2.86728,-4.543714000604382e-07,-6.391679178987966,71.3902170241379,touchstone_ri,2.8672804543714,1.0,,,
260519_2dsweep,sim,07_3_TDS-body_Novel-2Dsweep-260516_23.s2p,,S11,f_mean,sim,dispersion_mode_1,2.8672804543714,2.86728,-4.543714000604382e-07,-5.979852471194906,69.49184555254116,touchstone_ri,2.8672804543714,1.0,,,
260519_2dsweep,sim,07_3_TDS-body_Novel-2Dsweep-260516_23.s2p,,S12,f_mean,sim,dispersion_mode_1,2.8672804543714,2.86728,-4.543714000604382e-07,-1.2615739352179565,-20.53115386893608,touchstone_ri,2.8672804543714,1.0,,,
260519_2dsweep,sim,07_3_TDS-body_Novel-2Dsweep-260516_23.s2p,,S21,f_mean,sim,dispersion_mode_1,2.8672804543714,2.86728,-4.543714000604382e-07,-1.2618443850736272,-20.534030499655422,touchstone_ri,2.8672804543714,1.0,,,
260519_2dsweep,sim,07_3_TDS-body_Novel-2Dsweep-260516_23.s2p,,S22,f_mean,sim,dispersion_mode_1,2.8672804543714,2.86728,-4.543714000604382e-07,-5.9797459057682545,69.4733906189568,touchstone_ri,2.8672804543714,1.0,,,
260519_2dsweep,sim,07_3_TDS-body_Novel-2Dsweep-260516_24.s2p,,S11,f_mean,sim,dispersion_mode_1,2.8672804543714,2.86728,-4.543714000604382e-07,-5.572288749690239,67.48099939526719,touchstone_ri,2.8672804543714,1.0,,,
260519_2dsweep,sim,07_3_TDS-body_Novel-2Dsweep-260516_24.s2p,,S12,f_mean,sim,dispersion_mode_1,2.8672804543714,2.86728,-4.543714000604382e-07,-1.4222851799738057,-22.42649138446049,touchstone_ri,2.8672804543714,1.0,,,
260519_2dsweep,sim,07_3_TDS-body_Novel-2Dsweep-260516_24.s2p,,S21,f_mean,sim,dispersion_mode_1,2.8672804543714,2.86728,-4.543714000604382e-07,-1.4220961827665781,-22.430669050587476,touchstone_ri,2.8672804543714,1.0,,,
260519_2dsweep,sim,07_3_TDS-body_Novel-2Dsweep-260516_24.s2p,,S22,f_mean,sim,dispersion_mode_1,2.8672804543714,2.86728,-4.543714000604382e-07,-5.572038168239085,67.39915684499,touchstone_ri,2.8672804543714,1.0,,,
260519_2dsweep,sim,07_3_TDS-body_Novel-2Dsweep-260516_25.s2p,,S11,f_mean,sim,dispersion_mode_1,2.8672804543714,2.86728,-4.543714000604382e-07,-5.287316257938396,66.09862871377005,touchstone_ri,2.8672804543714,1.0,,,
260519_2dsweep,sim,07_3_TDS-body_Novel-2Dsweep-260516_25.s2p,,S12,f_mean,sim,dispersion_mode_1,2.8672804543714,2.86728,-4.543714000604382e-07,-1.5241361721306905,-23.891629630147065,touchstone_ri,2.8672804543714,1.0,,,
260519_2dsweep,sim,07_3_TDS-body_Novel-2Dsweep-260516_25.s2p,,S21,f_mean,sim,dispersion_mode_1,2.8672804543714,2.86728,-4.543714000604382e-07,-1.5242290311614213,-23.89801633531229,touchstone_ri,2.8672804543714,1.0,,,
260519_2dsweep,sim,07_3_TDS-body_Novel-2Dsweep-260516_25.s2p,,S22,f_mean,sim,dispersion_mode_1,2.8672804543714,2.86728,-4.543714000604382e-07,-5.2870053029235295,66.1166703490953,touchstone_ri,2.8672804543714,1.0,,,
260519_2dsweep,sim,07_3_TDS-body_Novel-2Dsweep-260516_26.s2p,,S11,f_mean,sim,dispersion_mode_1,2.8672804543714,2.86728,-4.543714000604382e-07,-4.949536609318361,64.35799970630559,touchstone_ri,2.8672804543714,1.0,,,
260519_2dsweep,sim,07_3_TDS-body_Novel-2Dsweep-260516_26.s2p,,S12,f_mean,sim,dispersion_mode_1,2.8672804543714,2.86728,-4.543714000604382e-07,-1.6693097349801258,-25.64425774898573,touchstone_ri,2.8672804543714,1.0,,,
260519_2dsweep,sim,07_3_TDS-body_Novel-2Dsweep-260516_26.s2p,,S21,f_mean,sim,dispersion_mode_1,2.8672804543714,2.86728,-4.543714000604382e-07,-1.6690955886350438,-25.6419483163697,touchstone_ri,2.8672804543714,1.0,,,
260519_2dsweep,sim,07_3_TDS-body_Novel-2Dsweep-260516_26.s2p,,S22,f_mean,sim,dispersion_mode_1,2.8672804543714,2.86728,-4.543714000604382e-07,-4.950041335903324,64.45252058806058,touchstone_ri,2.8672804543714,1.0,,,
260519_2dsweep,sim,07_3_TDS-body_Novel-2Dsweep-260516_27.s2p,,S11,f_mean,sim,dispersion_mode_1,2.8672804543714,2.86728,-4.543714000604382e-07,-4.655985667852281,62.73834807716104,touchstone_ri,2.8672804543714,1.0,,,
260519_2dsweep,sim,07_3_TDS-body_Novel-2Dsweep-260516_27.s2p,,S12,f_mean,sim,dispersion_mode_1,2.8672804543714,2.86728,-4.543714000604382e-07,-1.8180185014933106,-27.27551662828278,touchstone_ri,2.8672804543714,1.0,,,
260519_2dsweep,sim,07_3_TDS-body_Novel-2Dsweep-260516_27.s2p,,S21,f_mean,sim,dispersion_mode_1,2.8672804543714,2.86728,-4.543714000604382e-07,-1.817213172963918,-27.2775837828858,touchstone_ri,2.8672804543714,1.0,,,
260519_2dsweep,sim,07_3_TDS-body_Novel-2Dsweep-260516_27.s2p,,S22,f_mean,sim,dispersion_mode_1,2.8672804543714,2.86728,-4.543714000604382e-07,-4.6570083304608225,62.741699545984424,touchstone_ri,2.8672804543714,1.0,,,
260519_2dsweep,sim,07_3_TDS-body_Novel-2Dsweep-260516_28.s2p,,S11,f_mean,sim,dispersion_mode_1,2.8672804543714,2.86728,-4.543714000604382e-07,-4.414063145564895,61.24907557875398,touchstone_ri,2.8672804543714,1.0,,,
260519_2dsweep,sim,07_3_TDS-body_Novel-2Dsweep-260516_28.s2p,,S12,f_mean,sim,dispersion_mode_1,2.8672804543714,2.86728,-4.543714000604382e-07,-1.95260463257541,-28.726656557392683,touchstone_ri,2.8672804543714,1.0,,,
260519_2dsweep,sim,07_3_TDS-body_Novel-2Dsweep-260516_28.s2p,,S21,f_mean,sim,dispersion_mode_1,2.8672804543714,2.86728,-4.543714000604382e-07,-1.9544280904408757,-28.72949895073019,touchstone_ri,2.8672804543714,1.0,,,
260519_2dsweep,sim,07_3_TDS-body_Novel-2Dsweep-260516_28.s2p,,S22,f_mean,sim,dispersion_mode_1,2.8672804543714,2.86728,-4.543714000604382e-07,-4.4110117017348385,61.268199869793335,touchstone_ri,2.8672804543714,1.0,,,
260519_2dsweep,sim,07_3_TDS-body_Novel-2Dsweep-260516_29.s2p,,S11,f_mean,sim,dispersion_mode_1,2.8672804543714,2.86728,-4.543714000604382e-07,-4.208701877384614,59.82055076920462,touchstone_ri,2.8672804543714,1.0,,,
260519_2dsweep,sim,07_3_TDS-body_Novel-2Dsweep-260516_29.s2p,,S12,f_mean,sim,dispersion_mode_1,2.8672804543714,2.86728,-4.543714000604382e-07,-2.090615926537632,-30.0269996015591,touchstone_ri,2.8672804543714,1.0,,,
260519_2dsweep,sim,07_3_TDS-body_Novel-2Dsweep-260516_29.s2p,,S21,f_mean,sim,dispersion_mode_1,2.8672804543714,2.86728,-4.543714000604382e-07,-2.080911989027054,-29.959253781535683,touchstone_ri,2.8672804543714,1.0,,,
260519_2dsweep,sim,07_3_TDS-body_Novel-2Dsweep-260516_29.s2p,,S22,f_mean,sim,dispersion_mode_1,2.8672804543714,2.86728,-4.543714000604382e-07,-4.208866168465132,59.93570040659759,touchstone_ri,2.8672804543714,1.0,,,
260519_2dsweep,sim,07_3_TDS-body_Novel-2Dsweep-260516_3.s2p,,S11,f_mean,sim,dispersion_mode_1,2.8672804543714,2.86728,-4.543714000604382e-07,-27.97754797821502,-69.52564550130519,touchstone_ri,2.8672804543714,1.0,,,
260519_2dsweep,sim,07_3_TDS-body_Novel-2Dsweep-260516_3.s2p,,S12,f_mean,sim,dispersion_mode_1,2.8672804543714,2.86728,-4.543714000604382e-07,-0.006785934999859872,19.560339425614572,touchstone_ri,2.8672804543714,1.0,,,
260519_2dsweep,sim,07_3_TDS-body_Novel-2Dsweep-260516_3.s2p,,S21,f_mean,sim,dispersion_mode_1,2.8672804543714,2.86728,-4.543714000604382e-07,-0.006330785207545329,19.563360336640223,touchstone_ri,2.8672804543714,1.0,,,
260519_2dsweep,sim,07_3_TDS-body_Novel-2Dsweep-260516_3.s2p,,S22,f_mean,sim,dispersion_mode_1,2.8672804543714,2.86728,-4.543714000604382e-07,-27.983083609641962,-71.45886934055198,touchstone_ri,2.8672804543714,1.0,,,
260519_2dsweep,sim,07_3_TDS-body_Novel-2Dsweep-260516_30.s2p,,S11,f_mean,sim,dispersion_mode_1,2.8672804543714,2.86728,-4.543714000604382e-07,-3.8956486754254356,58.06192302855728,touchstone_ri,2.8672804543714,1.0,,,
260519_2dsweep,sim,07_3_TDS-body_Novel-2Dsweep-260516_30.s2p,,S12,f_mean,sim,dispersion_mode_1,2.8672804543714,2.86728,-4.543714000604382e-07,-2.2740693743805425,-31.918479686283256,touchstone_ri,2.8672804543714,1.0,,,
260519_2dsweep,sim,07_3_TDS-body_Novel-2Dsweep-260516_30.s2p,,S21,f_mean,sim,dispersion_mode_1,2.8672804543714,2.86728,-4.543714000604382e-07,-2.2751578355459317,-31.921922767986125,touchstone_ri,2.8672804543714,1.0,,,
260519_2dsweep,sim,07_3_TDS-body_Novel-2Dsweep-260516_30.s2p,,S22,f_mean,sim,dispersion_mode_1,2.8672804543714,2.86728,-4.543714000604382e-07,-3.8958391961230445,58.1068626502214,touchstone_ri,2.8672804543714,1.0,,,
260519_2dsweep,sim,07_3_TDS-body_Novel-2Dsweep-260516_31.s2p,,S11,f_mean,sim,dispersion_mode_1,2.8672804543714,2.86728,-4.543714000604382e-07,-3.6940671536770924,56.6971127009318,touchstone_ri,2.8672804543714,1.0,,,
260519_2dsweep,sim,07_3_TDS-body_Novel-2Dsweep-260516_31.s2p,,S12,f_mean,sim,dispersion_mode_1,2.8672804543714,2.86728,-4.543714000604382e-07,-2.4209824534997475,-33.327459638632526,touchstone_ri,2.8672804543714,1.0,,,
260519_2dsweep,sim,07_3_TDS-body_Novel-2Dsweep-260516_31.s2p,,S21,f_mean,sim,dispersion_mode_1,2.8672804543714,2.86728,-4.543714000604382e-07,-2.415105680586872,-33.26345729356087,touchstone_ri,2.8672804543714,1.0,,,
260519_2dsweep,sim,07_3_TDS-body_Novel-2Dsweep-260516_31.s2p,,S22,f_mean,sim,dispersion_mode_1,2.8672804543714,2.86728,-4.543714000604382e-07,-3.6948293862631303,56.719413929413534,touchstone_ri,2.8672804543714,1.0,,,
260519_2dsweep,sim,07_3_TDS-body_Novel-2Dsweep-260516_32.s2p,,S11,f_mean,sim,dispersion_mode_1,2.8672804543714,2.86728,-4.543714000604382e-07,-3.494934301525437,55.2489464158522,touchstone_ri,2.8672804543714,1.0,,,
260519_2dsweep,sim,07_3_TDS-body_Novel-2Dsweep-260516_32.s2p,,S12,f_mean,sim,dispersion_mode_1,2.8672804543714,2.86728,-4.543714000604382e-07,-2.5790151423560514,-34.70109792332742,touchstone_ri,2.8672804543714,1.0,,,
260519_2dsweep,sim,07_3_TDS-body_Novel-2Dsweep-260516_32.s2p,,S21,f_mean,sim,dispersion_mode_1,2.8672804543714,2.86728,-4.543714000604382e-07,-2.5781523746475896,-34.69342445685795,touchstone_ri,2.8672804543714,1.0,,,
260519_2dsweep,sim,07_3_TDS-body_Novel-2Dsweep-260516_32.s2p,,S22,f_mean,sim,dispersion_mode_1,2.8672804543714,2.86728,-4.543714000604382e-07,-3.492808486240099,55.3067290408339,touchstone_ri,2.8672804543714,1.0,,,
260519_2dsweep,sim,07_3_TDS-body_Novel-2Dsweep-260516_33.s2p,,S11,f_mean,sim,dispersion_mode_1,2.8672804543714,2.86728,-4.543714000604382e-07,-3.30601311670899,53.87570026164387,touchstone_ri,2.8672804543714,1.0,,,
260519_2dsweep,sim,07_3_TDS-body_Novel-2Dsweep-260516_33.s2p,,S12,f_mean,sim,dispersion_mode_1,2.8672804543714,2.86728,-4.543714000604382e-07,-2.734823428132257,-36.07227950478083,touchstone_ri,2.8672804543714,1.0,,,
260519_2dsweep,sim,07_3_TDS-body_Novel-2Dsweep-260516_33.s2p,,S21,f_mean,sim,dispersion_mode_1,2.8672804543714,2.86728,-4.543714000604382e-07,-2.734777123617673,-36.068563632564626,touchstone_ri,2.8672804543714,1.0,,,
260519_2dsweep,sim,07_3_TDS-body_Novel-2Dsweep-260516_33.s2p,,S22,f_mean,sim,dispersion_mode_1,2.8672804543714,2.86728,-4.543714000604382e-07,-3.3053337986930424,53.96811474402455,touchstone_ri,2.8672804543714,1.0,,,
260519_2dsweep,sim,07_3_TDS-body_Novel-2Dsweep-260516_34.s2p,,S11,f_mean,sim,dispersion_mode_1,2.8672804543714,2.86728,-4.543714000604382e-07,-3.0760902939836616,52.19141209147096,touchstone_ri,2.8672804543714,1.0,,,
260519_2dsweep,sim,07_3_TDS-body_Novel-2Dsweep-260516_34.s2p,,S12,f_mean,sim,dispersion_mode_1,2.8672804543714,2.86728,-4.543714000604382e-07,-2.9427445038115603,-37.76282605676938,touchstone_ri,2.8672804543714,1.0,,,
260519_2dsweep,sim,07_3_TDS-body_Novel-2Dsweep-260516_34.s2p,,S21,f_mean,sim,dispersion_mode_1,2.8672804543714,2.86728,-4.543714000604382e-07,-2.942668940245319,-37.76471867699295,touchstone_ri,2.8672804543714,1.0,,,
260519_2dsweep,sim,07_3_TDS-body_Novel-2Dsweep-260516_34.s2p,,S22,f_mean,sim,dispersion_mode_1,2.8672804543714,2.86728,-4.543714000604382e-07,-3.077499258850331,52.3066265787447,touchstone_ri,2.8672804543714,1.0,,,
260519_2dsweep,sim,07_3_TDS-body_Novel-2Dsweep-260516_35.s2p,,S11,f_mean,sim,dispersion_mode_1,2.8672804543714,2.86728,-4.543714000604382e-07,-2.938313509789955,51.088945044445865,touchstone_ri,2.8672804543714,1.0,,,
260519_2dsweep,sim,07_3_TDS-body_Novel-2Dsweep-260516_35.s2p,,S12,f_mean,sim,dispersion_mode_1,2.8672804543714,2.86728,-4.543714000604382e-07,-3.07827971065993,-38.89913190020233,touchstone_ri,2.8672804543714,1.0,,,
260519_2dsweep,sim,07_3_TDS-body_Novel-2Dsweep-260516_35.s2p,,S21,f_mean,sim,dispersion_mode_1,2.8672804543714,2.86728,-4.543714000604382e-07,-3.078071712625113,-38.89359695830962,touchstone_ri,2.8672804543714,1.0,,,
260519_2dsweep,sim,07_3_TDS-body_Novel-2Dsweep-260516_35.s2p,,S22,f_mean,sim,dispersion_mode_1,2.8672804543714,2.86728,-4.543714000604382e-07,-2.9387160291972942,51.19502763954054,touchstone_ri,2.8672804543714,1.0,,,
260519_2dsweep,sim,07_3_TDS-body_Novel-2Dsweep-260516_36.s2p,,S11,f_mean,sim,dispersion_mode_1,2.8672804543714,2.86728,-4.543714000604382e-07,-2.8055808713883,49.84339493233465,touchstone_ri,2.8672804543714,1.0,,,
260519_2dsweep,sim,07_3_TDS-body_Novel-2Dsweep-260516_36.s2p,,S12,f_mean,sim,dispersion_mode_1,2.8672804543714,2.86728,-4.543714000604382e-07,-3.2364408104838027,-40.019481239594406,touchstone_ri,2.8672804543714,1.0,,,
260519_2dsweep,sim,07_3_TDS-body_Novel-2Dsweep-260516_36.s2p,,S21,f_mean,sim,dispersion_mode_1,2.8672804543714,2.86728,-4.543714000604382e-07,-3.2354937266710166,-40.02587118459349,touchstone_ri,2.8672804543714,1.0,,,
260519_2dsweep,sim,07_3_TDS-body_Novel-2Dsweep-260516_36.s2p,,S22,f_mean,sim,dispersion_mode_1,2.8672804543714,2.86728,-4.543714000604382e-07,-2.806973098599059,49.965966280480444,touchstone_ri,2.8672804543714,1.0,,,
260519_2dsweep,sim,07_3_TDS-body_Novel-2Dsweep-260516_37.s2p,,S11,f_mean,sim,dispersion_mode_1,2.8672804543714,2.86728,-4.543714000604382e-07,-2.655989380225685,48.65764671005096,touchstone_ri,2.8672804543714,1.0,,,
260519_2dsweep,sim,07_3_TDS-body_Novel-2Dsweep-260516_37.s2p,,S12,f_mean,sim,dispersion_mode_1,2.8672804543714,2.86728,-4.543714000604382e-07,-3.3968008405950108,-41.300110448397675,touchstone_ri,2.8672804543714,1.0,,,
260519_2dsweep,sim,07_3_TDS-body_Novel-2Dsweep-260516_37.s2p,,S21,f_mean,sim,dispersion_mode_1,2.8672804543714,2.86728,-4.543714000604382e-07,-3.3968375676845675,-41.29999153352093,touchstone_ri,2.8672804543714,1.0,,,
260519_2dsweep,sim,07_3_TDS-body_Novel-2Dsweep-260516_37.s2p,,S22,f_mean,sim,dispersion_mode_1,2.8672804543714,2.86728,-4.543714000604382e-07,-2.6560630978367215,48.73310297985857,touchstone_ri,2.8672804543714,1.0,,,
260519_2dsweep,sim,07_3_TDS-body_Novel-2Dsweep-260516_38.s2p,,S11,f_mean,sim,dispersion_mode_1,2.8672804543714,2.86728,-4.543714000604382e-07,-2.4991798094893407,47.41201629109219,touchstone_ri,2.8672804543714,1.0,,,
260519_2dsweep,sim,07_3_TDS-body_Novel-2Dsweep-260516_38.s2p,,S12,f_mean,sim,dispersion_mode_1,2.8672804543714,2.86728,-4.543714000604382e-07,-3.5796805870364548,-42.63585876011956,touchstone_ri,2.8672804543714,1.0,,,
260519_2dsweep,sim,07_3_TDS-body_Novel-2Dsweep-260516_38.s2p,,S21,f_mean,sim,dispersion_mode_1,2.8672804543714,2.86728,-4.543714000604382e-07,-3.5800176082904676,-42.621444249458726,touchstone_ri,2.8672804543714,1.0,,,
260519_2dsweep,sim,07_3_TDS-body_Novel-2Dsweep-260516_38.s2p,,S22,f_mean,sim,dispersion_mode_1,2.8672804543714,2.86728,-4.543714000604382e-07,-2.5020974289826974,47.40968938461411,touchstone_ri,2.8672804543714,1.0,,,
260519_2dsweep,sim,07_3_TDS-body_Novel-2Dsweep-260516_39.s2p,,S11,f_mean,sim,dispersion_mode_1,2.8672804543714,2.86728,-4.543714000604382e-07,-2.4063046087189113,46.41972840537996,touchstone_ri,2.8672804543714,1.0,,,
260519_2dsweep,sim,07_3_TDS-body_Novel-2Dsweep-260516_39.s2p,,S12,f_mean,sim,dispersion_mode_1,2.8672804543714,2.86728,-4.543714000604382e-07,-3.709291900724714,-43.539363438926394,touchstone_ri,2.8672804543714,1.0,,,
260519_2dsweep,sim,07_3_TDS-body_Novel-2Dsweep-260516_39.s2p,,S21,f_mean,sim,dispersion_mode_1,2.8672804543714,2.86728,-4.543714000604382e-07,-3.7125076257244416,-43.56295065124741,touchstone_ri,2.8672804543714,1.0,,,
260519_2dsweep,sim,07_3_TDS-body_Novel-2Dsweep-260516_39.s2p,,S22,f_mean,sim,dispersion_mode_1,2.8672804543714,2.86728,-4.543714000604382e-07,-2.4079303160012206,46.483394401518474,touchstone_ri,2.8672804543714,1.0,,,
260519_2dsweep,sim,07_3_TDS-body_Novel-2Dsweep-260516_4.s2p,,S11,f_mean,sim,dispersion_mode_1,2.8672804543714,2.86728,-4.543714000604382e-07,-38.699021674929,-72.9032337898716,touchstone_ri,2.8672804543714,1.0,,,
260519_2dsweep,sim,07_3_TDS-body_Novel-2Dsweep-260516_4.s2p,,S12,f_mean,sim,dispersion_mode_1,2.8672804543714,2.86728,-4.543714000604382e-07,-0.001208745954103873,17.442844523471713,touchstone_ri,2.8672804543714,1.0,,,
260519_2dsweep,sim,07_3_TDS-body_Novel-2Dsweep-260516_4.s2p,,S21,f_mean,sim,dispersion_mode_1,2.8672804543714,2.86728,-4.543714000604382e-07,-0.0011769510001198615,17.440772086285577,touchstone_ri,2.8672804543714,1.0,,,
260519_2dsweep,sim,07_3_TDS-body_Novel-2Dsweep-260516_4.s2p,,S22,f_mean,sim,dispersion_mode_1,2.8672804543714,2.86728,-4.543714000604382e-07,-38.705432975702514,-71.52906604684713,touchstone_ri,2.8672804543714,1.0,,,
260519_2dsweep,sim,07_3_TDS-body_Novel-2Dsweep-260516_40.s2p,,S11,f_mean,sim,dispersion_mode_1,2.8672804543714,2.86728,-4.543714000604382e-07,-2.2890511761829986,45.398625150698805,touchstone_ri,2.8672804543714,1.0,,,
260519_2dsweep,sim,07_3_TDS-body_Novel-2Dsweep-260516_40.s2p,,S12,f_mean,sim,dispersion_mode_1,2.8672804543714,2.86728,-4.543714000604382e-07,-3.8541612036889097,-44.672064143149,touchstone_ri,2.8672804543714,1.0,,,
260519_2dsweep,sim,07_3_TDS-body_Novel-2Dsweep-260516_40.s2p,,S21,f_mean,sim,dispersion_mode_1,2.8672804543714,2.86728,-4.543714000604382e-07,-3.8541186830420635,-44.6690980580417,touchstone_ri,2.8672804543714,1.0,,,
260519_2dsweep,sim,07_3_TDS-body_Novel-2Dsweep-260516_40.s2p,,S22,f_mean,sim,dispersion_mode_1,2.8672804543714,2.86728,-4.543714000604382e-07,-2.291104581743821,45.4885383311887,touchstone_ri,2.8672804543714,1.0,,,
260519_2dsweep,sim,07_3_TDS-body_Novel-2Dsweep-260516_41.s2p,,S11,f_mean,sim,dispersion_mode_1,2.8672804543714,2.86728,-4.543714000604382e-07,-2.153559167893113,44.27039729973446,touchstone_ri,2.8672804543714,1.0,,,
260519_2dsweep,sim,07_3_TDS-body_Novel-2Dsweep-260516_41.s2p,,S12,f_mean,sim,dispersion_mode_1,2.8672804543714,2.86728,-4.543714000604382e-07,-4.023130492544497,-45.93600840127364,touchstone_ri,2.8672804543714,1.0,,,
260519_2dsweep,sim,07_3_TDS-body_Novel-2Dsweep-260516_41.s2p,,S21,f_mean,sim,dispersion_mode_1,2.8672804543714,2.86728,-4.543714000604382e-07,-4.023093897208147,-45.93292518693978,touchstone_ri,2.8672804543714,1.0,,,
260519_2dsweep,sim,07_3_TDS-body_Novel-2Dsweep-260516_41.s2p,,S22,f_mean,sim,dispersion_mode_1,2.8672804543714,2.86728,-4.543714000604382e-07,-2.1627839786178096,44.393516448854086,touchstone_ri,2.8672804543714,1.0,,,
260519_2dsweep,sim,07_3_TDS-body_Novel-2Dsweep-260516_42.s2p,,S11,f_mean,sim,dispersion_mode_1,2.8672804543714,2.86728,-4.543714000604382e-07,-19.18752799625434,-65.65564114232407,touchstone_ri,2.8672804543714,1.0,,,
260519_2dsweep,sim,07_3_TDS-body_Novel-2Dsweep-260516_42.s2p,,S12,f_mean,sim,dispersion_mode_1,2.8672804543714,2.86728,-4.543714000604382e-07,-0.053882206087621794,23.619748247975092,touchstone_ri,2.8672804543714,1.0,,,
260519_2dsweep,sim,07_3_TDS-body_Novel-2Dsweep-260516_42.s2p,,S21,f_mean,sim,dispersion_mode_1,2.8672804543714,2.86728,-4.543714000604382e-07,-0.052876700139281516,23.62244147535061,touchstone_ri,2.8672804543714,1.0,,,
260519_2dsweep,sim,07_3_TDS-body_Novel-2Dsweep-260516_42.s2p,,S22,f_mean,sim,dispersion_mode_1,2.8672804543714,2.86728,-4.543714000604382e-07,-19.187736490959363,-67.05084262830223,touchstone_ri,2.8672804543714,1.0,,,
260519_2dsweep,sim,07_3_TDS-body_Novel-2Dsweep-260516_43.s2p,,S11,f_mean,sim,dispersion_mode_1,2.8672804543714,2.86728,-4.543714000604382e-07,-21.356531852415443,-68.87956162051205,touchstone_ri,2.8672804543714,1.0,,,
260519_2dsweep,sim,07_3_TDS-body_Novel-2Dsweep-260516_43.s2p,,S12,f_mean,sim,dispersion_mode_1,2.8672804543714,2.86728,-4.543714000604382e-07,-0.024313471681691023,21.71456583911747,touchstone_ri,2.8672804543714,1.0,,,
260519_2dsweep,sim,07_3_TDS-body_Novel-2Dsweep-260516_43.s2p,,S21,f_mean,sim,dispersion_mode_1,2.8672804543714,2.86728,-4.543714000604382e-07,-0.024404310149342533,21.715494052873673,touchstone_ri,2.8672804543714,1.0,,,
260519_2dsweep,sim,07_3_TDS-body_Novel-2Dsweep-260516_43.s2p,,S22,f_mean,sim,dispersion_mode_1,2.8672804543714,2.86728,-4.543714000604382e-07,-21.35820193083824,-68.85671294537727,touchstone_ri,2.8672804543714,1.0,,,
260519_2dsweep,sim,07_3_TDS-body_Novel-2Dsweep-260516_44.s2p,,S11,f_mean,sim,dispersion_mode_1,2.8672804543714,2.86728,-4.543714000604382e-07,-24.28600608739281,-70.10328924624538,touchstone_ri,2.8672804543714,1.0,,,
260519_2dsweep,sim,07_3_TDS-body_Novel-2Dsweep-260516_44.s2p,,S12,f_mean,sim,dispersion_mode_1,2.8672804543714,2.86728,-4.543714000604382e-07,-0.016603541391240668,19.815101586780848,touchstone_ri,2.8672804543714,1.0,,,
260519_2dsweep,sim,07_3_TDS-body_Novel-2Dsweep-260516_44.s2p,,S21,f_mean,sim,dispersion_mode_1,2.8672804543714,2.86728,-4.543714000604382e-07,-0.017433052784683843,19.815083348805466,touchstone_ri,2.8672804543714,1.0,,,
260519_2dsweep,sim,07_3_TDS-body_Novel-2Dsweep-260516_44.s2p,,S22,f_mean,sim,dispersion_mode_1,2.8672804543714,2.86728,-4.543714000604382e-07,-24.27788816692551,-70.11980784077508,touchstone_ri,2.8672804543714,1.0,,,
260519_2dsweep,sim,07_3_TDS-body_Novel-2Dsweep-260516_45.s2p,,S11,f_mean,sim,dispersion_mode_1,2.8672804543714,2.86728,-4.543714000604382e-07,-30.093040450277208,-72.20729438130778,touchstone_ri,2.8672804543714,1.0,,,
260519_2dsweep,sim,07_3_TDS-body_Novel-2Dsweep-260516_45.s2p,,S12,f_mean,sim,dispersion_mode_1,2.8672804543714,2.86728,-4.543714000604382e-07,-0.005208475995584451,17.623409635438318,touchstone_ri,2.8672804543714,1.0,,,
260519_2dsweep,sim,07_3_TDS-body_Novel-2Dsweep-260516_45.s2p,,S21,f_mean,sim,dispersion_mode_1,2.8672804543714,2.86728,-4.543714000604382e-07,-0.0050869525378995995,17.62217733388699,touchstone_ri,2.8672804543714,1.0,,,
260519_2dsweep,sim,07_3_TDS-body_Novel-2Dsweep-260516_45.s2p,,S22,f_mean,sim,dispersion_mode_1,2.8672804543714,2.86728,-4.543714000604382e-07,-30.10129094168913,-72.14696598809773,touchstone_ri,2.8672804543714,1.0,,,
260519_2dsweep,sim,07_3_TDS-body_Novel-2Dsweep-260516_46.s2p,,S11,f_mean,sim,dispersion_mode_1,2.8672804543714,2.86728,-4.543714000604382e-07,-45.78739226175993,-69.38177401829486,touchstone_ri,2.8672804543714,1.0,,,
260519_2dsweep,sim,07_3_TDS-body_Novel-2Dsweep-260516_46.s2p,,S12,f_mean,sim,dispersion_mode_1,2.8672804543714,2.86728,-4.543714000604382e-07,-0.0009987111507208171,15.663363573385775,touchstone_ri,2.8672804543714,1.0,,,
260519_2dsweep,sim,07_3_TDS-body_Novel-2Dsweep-260516_46.s2p,,S21,f_mean,sim,dispersion_mode_1,2.8672804543714,2.86728,-4.543714000604382e-07,-0.0010195613352018721,15.665175381667916,touchstone_ri,2.8672804543714,1.0,,,
260519_2dsweep,sim,07_3_TDS-body_Novel-2Dsweep-260516_46.s2p,,S22,f_mean,sim,dispersion_mode_1,2.8672804543714,2.86728,-4.543714000604382e-07,-45.81054723302829,-76.99618248483772,touchstone_ri,2.8672804543714,1.0,,,
260519_2dsweep,sim,07_3_TDS-body_Novel-2Dsweep-260516_47.s2p,,S11,f_mean,sim,dispersion_mode_1,2.8672804543714,2.86728,-4.543714000604382e-07,-34.77836614098286,100.3581436835148,touchstone_ri,2.8672804543714,1.0,,,
260519_2dsweep,sim,07_3_TDS-body_Novel-2Dsweep-260516_47.s2p,,S12,f_mean,sim,dispersion_mode_1,2.8672804543714,2.86728,-4.543714000604382e-07,-0.0009234436264438251,13.900815985822845,touchstone_ri,2.8672804543714,1.0,,,
260519_2dsweep,sim,07_3_TDS-body_Novel-2Dsweep-260516_47.s2p,,S21,f_mean,sim,dispersion_mode_1,2.8672804543714,2.86728,-4.543714000604382e-07,-0.0006316961636233904,13.901547961845974,touchstone_ri,2.8672804543714,1.0,,,
260519_2dsweep,sim,07_3_TDS-body_Novel-2Dsweep-260516_47.s2p,,S22,f_mean,sim,dispersion_mode_1,2.8672804543714,2.86728,-4.543714000604382e-07,-34.76624211183825,107.95072897780621,touchstone_ri,2.8672804543714,1.0,,,
260519_2dsweep,sim,07_3_TDS-body_Novel-2Dsweep-260516_48.s2p,,S11,f_mean,sim,dispersion_mode_1,2.8672804543714,2.86728,-4.543714000604382e-07,-26.190862189727152,103.17810943668141,touchstone_ri,2.8672804543714,1.0,,,
260519_2dsweep,sim,07_3_TDS-body_Novel-2Dsweep-260516_48.s2p,,S12,f_mean,sim,dispersion_mode_1,2.8672804543714,2.86728,-4.543714000604382e-07,-0.006400487072379496,11.68803492582984,touchstone_ri,2.8672804543714,1.0,,,
260519_2dsweep,sim,07_3_TDS-body_Novel-2Dsweep-260516_48.s2p,,S21,f_mean,sim,dispersion_mode_1,2.8672804543714,2.86728,-4.543714000604382e-07,-0.007099303410189051,11.688115088748923,touchstone_ri,2.8672804543714,1.0,,,
260519_2dsweep,sim,07_3_TDS-body_Novel-2Dsweep-260516_48.s2p,,S22,f_mean,sim,dispersion_mode_1,2.8672804543714,2.86728,-4.543714000604382e-07,-26.251541930381464,101.24263805030716,touchstone_ri,2.8672804543714,1.0,,,
260519_2dsweep,sim,07_3_TDS-body_Novel-2Dsweep-260516_49.s2p,,S11,f_mean,sim,dispersion_mode_1,2.8672804543714,2.86728,-4.543714000604382e-07,-21.81749382215406,99.32525656268436,touchstone_ri,2.8672804543714,1.0,,,
260519_2dsweep,sim,07_3_TDS-body_Novel-2Dsweep-260516_49.s2p,,S12,f_mean,sim,dispersion_mode_1,2.8672804543714,2.86728,-4.543714000604382e-07,-0.02791960730441185,9.40864003764877,touchstone_ri,2.8672804543714,1.0,,,
260519_2dsweep,sim,07_3_TDS-body_Novel-2Dsweep-260516_49.s2p,,S21,f_mean,sim,dispersion_mode_1,2.8672804543714,2.86728,-4.543714000604382e-07,-0.02781023959165644,9.401818882359445,touchstone_ri,2.8672804543714,1.0,,,
260519_2dsweep,sim,07_3_TDS-body_Novel-2Dsweep-260516_49.s2p,,S22,f_mean,sim,dispersion_mode_1,2.8672804543714,2.86728,-4.543714000604382e-07,-21.801626479985188,99.64450038763789,touchstone_ri,2.8672804543714,1.0,,,
260519_2dsweep,sim,07_3_TDS-body_Novel-2Dsweep-260516_5.s2p,,S11,f_mean,sim,dispersion_mode_1,2.8672804543714,2.86728,-4.543714000604382e-07,-35.08487784858721,104.03426653742757,touchstone_ri,2.8672804543714,1.0,,,
260519_2dsweep,sim,07_3_TDS-body_Novel-2Dsweep-260516_5.s2p,,S12,f_mean,sim,dispersion_mode_1,2.8672804543714,2.86728,-4.543714000604382e-07,-0.0019961974185244416,15.305039297539151,touchstone_ri,2.8672804543714,1.0,,,
260519_2dsweep,sim,07_3_TDS-body_Novel-2Dsweep-260516_5.s2p,,S21,f_mean,sim,dispersion_mode_1,2.8672804543714,2.86728,-4.543714000604382e-07,-0.002450642190117898,15.302404823512441,touchstone_ri,2.8672804543714,1.0,,,
260519_2dsweep,sim,07_3_TDS-body_Novel-2Dsweep-260516_5.s2p,,S22,f_mean,sim,dispersion_mode_1,2.8672804543714,2.86728,-4.543714000604382e-07,-35.03787640082499,106.0802924003347,touchstone_ri,2.8672804543714,1.0,,,
260519_2dsweep,sim,07_3_TDS-body_Novel-2Dsweep-260516_50.s2p,,S11,f_mean,sim,dispersion_mode_1,2.8672804543714,2.86728,-4.543714000604382e-07,-19.712206025117442,98.48936867542152,touchstone_ri,2.8672804543714,1.0,,,
260519_2dsweep,sim,07_3_TDS-body_Novel-2Dsweep-260516_50.s2p,,S12,f_mean,sim,dispersion_mode_1,2.8672804543714,2.86728,-4.543714000604382e-07,-0.03190562966398517,7.751694393840736,touchstone_ri,2.8672804543714,1.0,,,
260519_2dsweep,sim,07_3_TDS-body_Novel-2Dsweep-260516_50.s2p,,S21,f_mean,sim,dispersion_mode_1,2.8672804543714,2.86728,-4.543714000604382e-07,-0.032855952430209015,7.752673024480942,touchstone_ri,2.8672804543714,1.0,,,
260519_2dsweep,sim,07_3_TDS-body_Novel-2Dsweep-260516_50.s2p,,S22,f_mean,sim,dispersion_mode_1,2.8672804543714,2.86728,-4.543714000604382e-07,-19.695243462168545,98.72695512162663,touchstone_ri,2.8672804543714,1.0,,,
260519_2dsweep,sim,07_3_TDS-body_Novel-2Dsweep-260516_51.s2p,,S11,f_mean,sim,dispersion_mode_1,2.8672804543714,2.86728,-4.543714000604382e-07,-17.61759190816148,95.6957440025534,touchstone_ri,2.8672804543714,1.0,,,
260519_2dsweep,sim,07_3_TDS-body_Novel-2Dsweep-260516_51.s2p,,S12,f_mean,sim,dispersion_mode_1,2.8672804543714,2.86728,-4.543714000604382e-07,-0.07163785951741186,5.712148947948352,touchstone_ri,2.8672804543714,1.0,,,
260519_2dsweep,sim,07_3_TDS-body_Novel-2Dsweep-260516_51.s2p,,S21,f_mean,sim,dispersion_mode_1,2.8672804543714,2.86728,-4.543714000604382e-07,-0.07282013818384046,5.717816300653417,touchstone_ri,2.8672804543714,1.0,,,
260519_2dsweep,sim,07_3_TDS-body_Novel-2Dsweep-260516_51.s2p,,S22,f_mean,sim,dispersion_mode_1,2.8672804543714,2.86728,-4.543714000604382e-07,-17.61032922875437,96.08291717802264,touchstone_ri,2.8672804543714,1.0,,,
260519_2dsweep,sim,07_3_TDS-body_Novel-2Dsweep-260516_52.s2p,,S11,f_mean,sim,dispersion_mode_1,2.8672804543714,2.86728,-4.543714000604382e-07,-15.72822459136188,93.77026776528689,touchstone_ri,2.8672804543714,1.0,,,
260519_2dsweep,sim,07_3_TDS-body_Novel-2Dsweep-260516_52.s2p,,S12,f_mean,sim,dispersion_mode_1,2.8672804543714,2.86728,-4.543714000604382e-07,-0.11337529331429921,3.498452471252255,touchstone_ri,2.8672804543714,1.0,,,
260519_2dsweep,sim,07_3_TDS-body_Novel-2Dsweep-260516_52.s2p,,S21,f_mean,sim,dispersion_mode_1,2.8672804543714,2.86728,-4.543714000604382e-07,-0.11277104780116823,3.4759607661334013,touchstone_ri,2.8672804543714,1.0,,,
260519_2dsweep,sim,07_3_TDS-body_Novel-2Dsweep-260516_52.s2p,,S22,f_mean,sim,dispersion_mode_1,2.8672804543714,2.86728,-4.543714000604382e-07,-15.747559436716989,93.57055222168256,touchstone_ri,2.8672804543714,1.0,,,
260519_2dsweep,sim,07_3_TDS-body_Novel-2Dsweep-260516_53.s2p,,S11,f_mean,sim,dispersion_mode_1,2.8672804543714,2.86728,-4.543714000604382e-07,-14.26359758178293,91.56141256217558,touchstone_ri,2.8672804543714,1.0,,,
260519_2dsweep,sim,07_3_TDS-body_Novel-2Dsweep-260516_53.s2p,,S12,f_mean,sim,dispersion_mode_1,2.8672804543714,2.86728,-4.543714000604382e-07,-0.15268900236338767,1.3618202369194126,touchstone_ri,2.8672804543714,1.0,,,
260519_2dsweep,sim,07_3_TDS-body_Novel-2Dsweep-260516_53.s2p,,S21,f_mean,sim,dispersion_mode_1,2.8672804543714,2.86728,-4.543714000604382e-07,-0.15182064972694595,1.3602636692407697,touchstone_ri,2.8672804543714,1.0,,,
260519_2dsweep,sim,07_3_TDS-body_Novel-2Dsweep-260516_53.s2p,,S22,f_mean,sim,dispersion_mode_1,2.8672804543714,2.86728,-4.543714000604382e-07,-14.262470382374508,92.06795257341108,touchstone_ri,2.8672804543714,1.0,,,
260519_2dsweep,sim,07_3_TDS-body_Novel-2Dsweep-260516_54.s2p,,S11,f_mean,sim,dispersion_mode_1,2.8672804543714,2.86728,-4.543714000604382e-07,-13.106387407971066,89.47102593546974,touchstone_ri,2.8672804543714,1.0,,,
260519_2dsweep,sim,07_3_TDS-body_Novel-2Dsweep-260516_54.s2p,,S12,f_mean,sim,dispersion_mode_1,2.8672804543714,2.86728,-4.543714000604382e-07,-0.21242349561778906,-0.6234664719302075,touchstone_ri,2.8672804543714,1.0,,,
260519_2dsweep,sim,07_3_TDS-body_Novel-2Dsweep-260516_54.s2p,,S21,f_mean,sim,dispersion_mode_1,2.8672804543714,2.86728,-4.543714000604382e-07,-0.21308931531197794,-0.6097489052794002,touchstone_ri,2.8672804543714,1.0,,,
260519_2dsweep,sim,07_3_TDS-body_Novel-2Dsweep-260516_54.s2p,,S22,f_mean,sim,dispersion_mode_1,2.8672804543714,2.86728,-4.543714000604382e-07,-13.110180948662048,89.58424444830085,touchstone_ri,2.8672804543714,1.0,,,
260519_2dsweep,sim,07_3_TDS-body_Novel-2Dsweep-260516_55.s2p,,S11,f_mean,sim,dispersion_mode_1,2.8672804543714,2.86728,-4.543714000604382e-07,-12.018219700477568,87.29216783201892,touchstone_ri,2.8672804543714,1.0,,,
260519_2dsweep,sim,07_3_TDS-body_Novel-2Dsweep-260516_55.s2p,,S12,f_mean,sim,dispersion_mode_1,2.8672804543714,2.86728,-4.543714000604382e-07,-0.2785291924897152,-2.7196842110876442,touchstone_ri,2.8672804543714,1.0,,,
260519_2dsweep,sim,07_3_TDS-body_Novel-2Dsweep-260516_55.s2p,,S21,f_mean,sim,dispersion_mode_1,2.8672804543714,2.86728,-4.543714000604382e-07,-0.2778830902297275,-2.7185685580291463,touchstone_ri,2.8672804543714,1.0,,,
260519_2dsweep,sim,07_3_TDS-body_Novel-2Dsweep-260516_55.s2p,,S22,f_mean,sim,dispersion_mode_1,2.8672804543714,2.86728,-4.543714000604382e-07,-12.013848423352435,87.46126692910428,touchstone_ri,2.8672804543714,1.0,,,
260519_2dsweep,sim,07_3_TDS-body_Novel-2Dsweep-260516_56.s2p,,S11,f_mean,sim,dispersion_mode_1,2.8672804543714,2.86728,-4.543714000604382e-07,-11.099328758178544,85.2232213680503,touchstone_ri,2.8672804543714,1.0,,,
260519_2dsweep,sim,07_3_TDS-body_Novel-2Dsweep-260516_56.s2p,,S12,f_mean,sim,dispersion_mode_1,2.8672804543714,2.86728,-4.543714000604382e-07,-0.3534414204502411,-4.730526870831813,touchstone_ri,2.8672804543714,1.0,,,
260519_2dsweep,sim,07_3_TDS-body_Novel-2Dsweep-260516_56.s2p,,S21,f_mean,sim,dispersion_mode_1,2.8672804543714,2.86728,-4.543714000604382e-07,-0.3534377224191746,-4.730588653569195,touchstone_ri,2.8672804543714,1.0,,,
260519_2dsweep,sim,07_3_TDS-body_Novel-2Dsweep-260516_56.s2p,,S22,f_mean,sim,dispersion_mode_1,2.8672804543714,2.86728,-4.543714000604382e-07,-11.099799038331605,85.20151273825087,touchstone_ri,2.8672804543714,1.0,,,
260519_2dsweep,sim,07_3_TDS-body_Novel-2Dsweep-260516_57.s2p,,S11,f_mean,sim,dispersion_mode_1,2.8672804543714,2.86728,-4.543714000604382e-07,-10.314557356565949,83.25563746237766,touchstone_ri,2.8672804543714,1.0,,,
260519_2dsweep,sim,07_3_TDS-body_Novel-2Dsweep-260516_57.s2p,,S12,f_mean,sim,dispersion_mode_1,2.8672804543714,2.86728,-4.543714000604382e-07,-0.42477678957508147,-6.638148154803163,touchstone_ri,2.8672804543714,1.0,,,
260519_2dsweep,sim,07_3_TDS-body_Novel-2Dsweep-260516_57.s2p,,S21,f_mean,sim,dispersion_mode_1,2.8672804543714,2.86728,-4.543714000604382e-07,-0.42463812118002564,-6.639399800977366,touchstone_ri,2.8672804543714,1.0,,,
260519_2dsweep,sim,07_3_TDS-body_Novel-2Dsweep-260516_57.s2p,,S22,f_mean,sim,dispersion_mode_1,2.8672804543714,2.86728,-4.543714000604382e-07,-10.314745387716952,83.43230511790577,touchstone_ri,2.8672804543714,1.0,,,
260519_2dsweep,sim,07_3_TDS-body_Novel-2Dsweep-260516_58.s2p,,S11,f_mean,sim,dispersion_mode_1,2.8672804543714,2.86728,-4.543714000604382e-07,-9.463465042849753,81.14688758056823,touchstone_ri,2.8672804543714,1.0,,,
260519_2dsweep,sim,07_3_TDS-body_Novel-2Dsweep-260516_58.s2p,,S12,f_mean,sim,dispersion_mode_1,2.8672804543714,2.86728,-4.543714000604382e-07,-0.5194579680808764,-8.875443799900454,touchstone_ri,2.8672804543714,1.0,,,
260519_2dsweep,sim,07_3_TDS-body_Novel-2Dsweep-260516_58.s2p,,S21,f_mean,sim,dispersion_mode_1,2.8672804543714,2.86728,-4.543714000604382e-07,-0.5196162919424238,-8.872450206945828,touchstone_ri,2.8672804543714,1.0,,,
260519_2dsweep,sim,07_3_TDS-body_Novel-2Dsweep-260516_58.s2p,,S22,f_mean,sim,dispersion_mode_1,2.8672804543714,2.86728,-4.543714000604382e-07,-9.463730404191269,81.17434393429203,touchstone_ri,2.8672804543714,1.0,,,
260519_2dsweep,sim,07_3_TDS-body_Novel-2Dsweep-260516_59.s2p,,S11,f_mean,sim,dispersion_mode_1,2.8672804543714,2.86728,-4.543714000604382e-07,-8.83591016104209,78.91267569176416,touchstone_ri,2.8672804543714,1.0,,,
260519_2dsweep,sim,07_3_TDS-body_Novel-2Dsweep-260516_59.s2p,,S12,f_mean,sim,dispersion_mode_1,2.8672804543714,2.86728,-4.543714000604382e-07,-0.6232003567713109,-10.767596722043704,touchstone_ri,2.8672804543714,1.0,,,
260519_2dsweep,sim,07_3_TDS-body_Novel-2Dsweep-260516_59.s2p,,S21,f_mean,sim,dispersion_mode_1,2.8672804543714,2.86728,-4.543714000604382e-07,-0.6233548352446027,-10.765324578307608,touchstone_ri,2.8672804543714,1.0,,,
260519_2dsweep,sim,07_3_TDS-body_Novel-2Dsweep-260516_59.s2p,,S22,f_mean,sim,dispersion_mode_1,2.8672804543714,2.86728,-4.543714000604382e-07,-8.819622525497643,79.09597488020529,touchstone_ri,2.8672804543714,1.0,,,
260519_2dsweep,sim,07_3_TDS-body_Novel-2Dsweep-260516_6.s2p,,S11,f_mean,sim,dispersion_mode_1,2.8672804543714,2.86728,-4.543714000604382e-07,-26.91103346126717,103.77027292989528,touchstone_ri,2.8672804543714,1.0,,,
260519_2dsweep,sim,07_3_TDS-body_Novel-2Dsweep-260516_6.s2p,,S12,f_mean,sim,dispersion_mode_1,2.8672804543714,2.86728,-4.543714000604382e-07,-0.0045826729669801,13.217491974547968,touchstone_ri,2.8672804543714,1.0,,,
260519_2dsweep,sim,07_3_TDS-body_Novel-2Dsweep-260516_6.s2p,,S21,f_mean,sim,dispersion_mode_1,2.8672804543714,2.86728,-4.543714000604382e-07,-0.004098620329035048,13.209008313580672,touchstone_ri,2.8672804543714,1.0,,,
260519_2dsweep,sim,07_3_TDS-body_Novel-2Dsweep-260516_6.s2p,,S22,f_mean,sim,dispersion_mode_1,2.8672804543714,2.86728,-4.543714000604382e-07,-26.763409107908966,104.00876946265281,touchstone_ri,2.8672804543714,1.0,,,
260519_2dsweep,sim,07_3_TDS-body_Novel-2Dsweep-260516_60.s2p,,S11,f_mean,sim,dispersion_mode_1,2.8672804543714,2.86728,-4.543714000604382e-07,-8.220124682882506,77.32775721458695,touchstone_ri,2.8672804543714,1.0,,,
260519_2dsweep,sim,07_3_TDS-body_Novel-2Dsweep-260516_60.s2p,,S12,f_mean,sim,dispersion_mode_1,2.8672804543714,2.86728,-4.543714000604382e-07,-0.7112005681443061,-12.695946411599442,touchstone_ri,2.8672804543714,1.0,,,
260519_2dsweep,sim,07_3_TDS-body_Novel-2Dsweep-260516_60.s2p,,S21,f_mean,sim,dispersion_mode_1,2.8672804543714,2.86728,-4.543714000604382e-07,-0.711510820030903,-12.69800086546446,touchstone_ri,2.8672804543714,1.0,,,
260519_2dsweep,sim,07_3_TDS-body_Novel-2Dsweep-260516_60.s2p,,S22,f_mean,sim,dispersion_mode_1,2.8672804543714,2.86728,-4.543714000604382e-07,-8.218375830640902,77.20722259053854,touchstone_ri,2.8672804543714,1.0,,,
260519_2dsweep,sim,07_3_TDS-body_Novel-2Dsweep-260516_61.s2p,,S11,f_mean,sim,dispersion_mode_1,2.8672804543714,2.86728,-4.543714000604382e-07,-7.697408089316288,75.5399123058501,touchstone_ri,2.8672804543714,1.0,,,
260519_2dsweep,sim,07_3_TDS-body_Novel-2Dsweep-260516_61.s2p,,S12,f_mean,sim,dispersion_mode_1,2.8672804543714,2.86728,-4.543714000604382e-07,-0.8026846394898207,-14.489534314317591,touchstone_ri,2.8672804543714,1.0,,,
260519_2dsweep,sim,07_3_TDS-body_Novel-2Dsweep-260516_61.s2p,,S21,f_mean,sim,dispersion_mode_1,2.8672804543714,2.86728,-4.543714000604382e-07,-0.8027304945211808,-14.494731563448319,touchstone_ri,2.8672804543714,1.0,,,
260519_2dsweep,sim,07_3_TDS-body_Novel-2Dsweep-260516_61.s2p,,S22,f_mean,sim,dispersion_mode_1,2.8672804543714,2.86728,-4.543714000604382e-07,-7.698607263633513,75.65239770935361,touchstone_ri,2.8672804543714,1.0,,,
260519_2dsweep,sim,07_3_TDS-body_Novel-2Dsweep-260516_62.s2p,,S11,f_mean,sim,dispersion_mode_1,2.8672804543714,2.86728,-4.543714000604382e-07,-7.1527903497207665,73.49602573149508,touchstone_ri,2.8672804543714,1.0,,,
260519_2dsweep,sim,07_3_TDS-body_Novel-2Dsweep-260516_62.s2p,,S12,f_mean,sim,dispersion_mode_1,2.8672804543714,2.86728,-4.543714000604382e-07,-0.9268522379316756,-16.479910740277823,touchstone_ri,2.8672804543714,1.0,,,
260519_2dsweep,sim,07_3_TDS-body_Novel-2Dsweep-260516_62.s2p,,S21,f_mean,sim,dispersion_mode_1,2.8672804543714,2.86728,-4.543714000604382e-07,-0.9281914284397514,-16.47913394070566,touchstone_ri,2.8672804543714,1.0,,,
260519_2dsweep,sim,07_3_TDS-body_Novel-2Dsweep-260516_62.s2p,,S22,f_mean,sim,dispersion_mode_1,2.8672804543714,2.86728,-4.543714000604382e-07,-7.155047130640304,73.5871055966484,touchstone_ri,2.8672804543714,1.0,,,
260519_2dsweep,sim,07_3_TDS-body_Novel-2Dsweep-260516_63.s2p,,S11,f_mean,sim,dispersion_mode_1,2.8672804543714,2.86728,-4.543714000604382e-07,-6.61641464855361,71.7705699965228,touchstone_ri,2.8672804543714,1.0,,,
260519_2dsweep,sim,07_3_TDS-body_Novel-2Dsweep-260516_63.s2p,,S12,f_mean,sim,dispersion_mode_1,2.8672804543714,2.86728,-4.543714000604382e-07,-1.04250273510385,-18.577334535717053,touchstone_ri,2.8672804543714,1.0,,,
260519_2dsweep,sim,07_3_TDS-body_Novel-2Dsweep-260516_63.s2p,,S21,f_mean,sim,dispersion_mode_1,2.8672804543714,2.86728,-4.543714000604382e-07,-1.0427596434658128,-18.583318561598816,touchstone_ri,2.8672804543714,1.0,,,
260519_2dsweep,sim,07_3_TDS-body_Novel-2Dsweep-260516_63.s2p,,S22,f_mean,sim,dispersion_mode_1,2.8672804543714,2.86728,-4.543714000604382e-07,-6.608647401492821,71.7025619259598,touchstone_ri,2.8672804543714,1.0,,,
260519_2dsweep,sim,07_3_TDS-body_Novel-2Dsweep-260516_64.s2p,,S11,f_mean,sim,dispersion_mode_1,2.8672804543714,2.86728,-4.543714000604382e-07,-6.242766512549847,69.63832518507485,touchstone_ri,2.8672804543714,1.0,,,
260519_2dsweep,sim,07_3_TDS-body_Novel-2Dsweep-260516_64.s2p,,S12,f_mean,sim,dispersion_mode_1,2.8672804543714,2.86728,-4.543714000604382e-07,-1.1844654794413638,-20.197244380871393,touchstone_ri,2.8672804543714,1.0,,,
260519_2dsweep,sim,07_3_TDS-body_Novel-2Dsweep-260516_64.s2p,,S21,f_mean,sim,dispersion_mode_1,2.8672804543714,2.86728,-4.543714000604382e-07,-1.184045960041604,-20.196268221372804,touchstone_ri,2.8672804543714,1.0,,,
260519_2dsweep,sim,07_3_TDS-body_Novel-2Dsweep-260516_64.s2p,,S22,f_mean,sim,dispersion_mode_1,2.8672804543714,2.86728,-4.543714000604382e-07,-6.240149528021925,69.82092578027545,touchstone_ri,2.8672804543714,1.0,,,
260519_2dsweep,sim,07_3_TDS-body_Novel-2Dsweep-260516_65.s2p,,S11,f_mean,sim,dispersion_mode_1,2.8672804543714,2.86728,-4.543714000604382e-07,-5.8476412565031355,67.95169096879694,touchstone_ri,2.8672804543714,1.0,,,
260519_2dsweep,sim,07_3_TDS-body_Novel-2Dsweep-260516_65.s2p,,S12,f_mean,sim,dispersion_mode_1,2.8672804543714,2.86728,-4.543714000604382e-07,-1.312443603778105,-21.969838787719297,touchstone_ri,2.8672804543714,1.0,,,
260519_2dsweep,sim,07_3_TDS-body_Novel-2Dsweep-260516_65.s2p,,S21,f_mean,sim,dispersion_mode_1,2.8672804543714,2.86728,-4.543714000604382e-07,-1.3124613780572707,-21.96982443077006,touchstone_ri,2.8672804543714,1.0,,,
260519_2dsweep,sim,07_3_TDS-body_Novel-2Dsweep-260516_65.s2p,,S22,f_mean,sim,dispersion_mode_1,2.8672804543714,2.86728,-4.543714000604382e-07,-5.847043564739271,68.01997490883593,touchstone_ri,2.8672804543714,1.0,,,
260519_2dsweep,sim,07_3_TDS-body_Novel-2Dsweep-260516_66.s2p,,S11,f_mean,sim,dispersion_mode_1,2.8672804543714,2.86728,-4.543714000604382e-07,-5.507233809380047,66.3719099149619,touchstone_ri,2.8672804543714,1.0,,,
260519_2dsweep,sim,07_3_TDS-body_Novel-2Dsweep-260516_66.s2p,,S12,f_mean,sim,dispersion_mode_1,2.8672804543714,2.86728,-4.543714000604382e-07,-1.4359136373254184,-23.611649141412332,touchstone_ri,2.8672804543714,1.0,,,
260519_2dsweep,sim,07_3_TDS-body_Novel-2Dsweep-260516_66.s2p,,S21,f_mean,sim,dispersion_mode_1,2.8672804543714,2.86728,-4.543714000604382e-07,-1.435832655664162,-23.61192981557088,touchstone_ri,2.8672804543714,1.0,,,
260519_2dsweep,sim,07_3_TDS-body_Novel-2Dsweep-260516_66.s2p,,S22,f_mean,sim,dispersion_mode_1,2.8672804543714,2.86728,-4.543714000604382e-07,-5.507139581879032,66.38441795265999,touchstone_ri,2.8672804543714,1.0,,,
260519_2dsweep,sim,07_3_TDS-body_Novel-2Dsweep-260516_67.s2p,,S11,f_mean,sim,dispersion_mode_1,2.8672804543714,2.86728,-4.543714000604382e-07,-5.122961403442307,64.3918433049785,touchstone_ri,2.8672804543714,1.0,,,
260519_2dsweep,sim,07_3_TDS-body_Novel-2Dsweep-260516_67.s2p,,S12,f_mean,sim,dispersion_mode_1,2.8672804543714,2.86728,-4.543714000604382e-07,-1.6001489368587714,-25.513398801340422,touchstone_ri,2.8672804543714,1.0,,,
260519_2dsweep,sim,07_3_TDS-body_Novel-2Dsweep-260516_67.s2p,,S21,f_mean,sim,dispersion_mode_1,2.8672804543714,2.86728,-4.543714000604382e-07,-1.6006407832636658,-25.519874405334086,touchstone_ri,2.8672804543714,1.0,,,
260519_2dsweep,sim,07_3_TDS-body_Novel-2Dsweep-260516_67.s2p,,S22,f_mean,sim,dispersion_mode_1,2.8672804543714,2.86728,-4.543714000604382e-07,-5.124392108230627,64.46599665627633,touchstone_ri,2.8672804543714,1.0,,,
260519_2dsweep,sim,07_3_TDS-body_Novel-2Dsweep-260516_68.s2p,,S11,f_mean,sim,dispersion_mode_1,2.8672804543714,2.86728,-4.543714000604382e-07,-4.855811876633766,62.994559351565286,touchstone_ri,2.8672804543714,1.0,,,
260519_2dsweep,sim,07_3_TDS-body_Novel-2Dsweep-260516_68.s2p,,S12,f_mean,sim,dispersion_mode_1,2.8672804543714,2.86728,-4.543714000604382e-07,-1.7152743957152838,-26.965238660068483,touchstone_ri,2.8672804543714,1.0,,,
260519_2dsweep,sim,07_3_TDS-body_Novel-2Dsweep-260516_68.s2p,,S21,f_mean,sim,dispersion_mode_1,2.8672804543714,2.86728,-4.543714000604382e-07,-1.7153906310098102,-26.964817502776604,touchstone_ri,2.8672804543714,1.0,,,
260519_2dsweep,sim,07_3_TDS-body_Novel-2Dsweep-260516_68.s2p,,S22,f_mean,sim,dispersion_mode_1,2.8672804543714,2.86728,-4.543714000604382e-07,-4.856948149622253,63.14068310425216,touchstone_ri,2.8672804543714,1.0,,,
260519_2dsweep,sim,07_3_TDS-body_Novel-2Dsweep-260516_69.s2p,,S11,f_mean,sim,dispersion_mode_1,2.8672804543714,2.86728,-4.543714000604382e-07,-4.539170881500109,61.267732914299174,touchstone_ri,2.8672804543714,1.0,,,
260519_2dsweep,sim,07_3_TDS-body_Novel-2Dsweep-260516_69.s2p,,S12,f_mean,sim,dispersion_mode_1,2.8672804543714,2.86728,-4.543714000604382e-07,-1.8838586468661607,-28.719715717982613,touchstone_ri,2.8672804543714,1.0,,,
260519_2dsweep,sim,07_3_TDS-body_Novel-2Dsweep-260516_69.s2p,,S21,f_mean,sim,dispersion_mode_1,2.8672804543714,2.86728,-4.543714000604382e-07,-1.8838697926139591,-28.718136040018027,touchstone_ri,2.8672804543714,1.0,,,
260519_2dsweep,sim,07_3_TDS-body_Novel-2Dsweep-260516_69.s2p,,S22,f_mean,sim,dispersion_mode_1,2.8672804543714,2.86728,-4.543714000604382e-07,-4.539655552238233,61.2539753471465,touchstone_ri,2.8672804543714,1.0,,,
260519_2dsweep,sim,07_3_TDS-body_Novel-2Dsweep-260516_7.s2p,,S11,f_mean,sim,dispersion_mode_1,2.8672804543714,2.86728,-4.543714000604382e-07,-22.910999303084377,100.28399251112691,touchstone_ri,2.8672804543714,1.0,,,
260519_2dsweep,sim,07_3_TDS-body_Novel-2Dsweep-260516_7.s2p,,S12,f_mean,sim,dispersion_mode_1,2.8672804543714,2.86728,-4.543714000604382e-07,-0.028342320221022874,11.288730285531718,touchstone_ri,2.8672804543714,1.0,,,
260519_2dsweep,sim,07_3_TDS-body_Novel-2Dsweep-260516_7.s2p,,S21,f_mean,sim,dispersion_mode_1,2.8672804543714,2.86728,-4.543714000604382e-07,-0.02773580086056973,11.291947569704876,touchstone_ri,2.8672804543714,1.0,,,
260519_2dsweep,sim,07_3_TDS-body_Novel-2Dsweep-260516_7.s2p,,S22,f_mean,sim,dispersion_mode_1,2.8672804543714,2.86728,-4.543714000604382e-07,-22.916634607470737,101.2521877777311,touchstone_ri,2.8672804543714,1.0,,,
260519_2dsweep,sim,07_3_TDS-body_Novel-2Dsweep-260516_70.s2p,,S11,f_mean,sim,dispersion_mode_1,2.8672804543714,2.86728,-4.543714000604382e-07,-4.291305014090615,60.01196105683716,touchstone_ri,2.8672804543714,1.0,,,
260519_2dsweep,sim,07_3_TDS-body_Novel-2Dsweep-260516_70.s2p,,S12,f_mean,sim,dispersion_mode_1,2.8672804543714,2.86728,-4.543714000604382e-07,-2.003832674945989,-30.19502782759275,touchstone_ri,2.8672804543714,1.0,,,
260519_2dsweep,sim,07_3_TDS-body_Novel-2Dsweep-260516_70.s2p,,S21,f_mean,sim,dispersion_mode_1,2.8672804543714,2.86728,-4.543714000604382e-07,-2.001886930077566,-30.17296651235893,touchstone_ri,2.8672804543714,1.0,,,
260519_2dsweep,sim,07_3_TDS-body_Novel-2Dsweep-260516_70.s2p,,S22,f_mean,sim,dispersion_mode_1,2.8672804543714,2.86728,-4.543714000604382e-07,-4.295361408898344,59.94382980110857,touchstone_ri,2.8672804543714,1.0,,,
260519_2dsweep,sim,07_3_TDS-body_Novel-2Dsweep-260516_71.s2p,,S11,f_mean,sim,dispersion_mode_1,2.8672804543714,2.86728,-4.543714000604382e-07,-4.043873696840347,58.30525963564215,touchstone_ri,2.8672804543714,1.0,,,
260519_2dsweep,sim,07_3_TDS-body_Novel-2Dsweep-260516_71.s2p,,S12,f_mean,sim,dispersion_mode_1,2.8672804543714,2.86728,-4.543714000604382e-07,-2.1692417991436965,-31.73102598618326,touchstone_ri,2.8672804543714,1.0,,,
260519_2dsweep,sim,07_3_TDS-body_Novel-2Dsweep-260516_71.s2p,,S21,f_mean,sim,dispersion_mode_1,2.8672804543714,2.86728,-4.543714000604382e-07,-2.169464210249612,-31.731983627579996,touchstone_ri,2.8672804543714,1.0,,,
260519_2dsweep,sim,07_3_TDS-body_Novel-2Dsweep-260516_71.s2p,,S22,f_mean,sim,dispersion_mode_1,2.8672804543714,2.86728,-4.543714000604382e-07,-4.0383554915043,58.36972614195819,touchstone_ri,2.8672804543714,1.0,,,
260519_2dsweep,sim,07_3_TDS-body_Novel-2Dsweep-260516_72.s2p,,S11,f_mean,sim,dispersion_mode_1,2.8672804543714,2.86728,-4.543714000604382e-07,-3.8395307851367377,56.94774747004394,touchstone_ri,2.8672804543714,1.0,,,
260519_2dsweep,sim,07_3_TDS-body_Novel-2Dsweep-260516_72.s2p,,S12,f_mean,sim,dispersion_mode_1,2.8672804543714,2.86728,-4.543714000604382e-07,-2.3109993179338018,-33.072814772870544,touchstone_ri,2.8672804543714,1.0,,,
260519_2dsweep,sim,07_3_TDS-body_Novel-2Dsweep-260516_72.s2p,,S21,f_mean,sim,dispersion_mode_1,2.8672804543714,2.86728,-4.543714000604382e-07,-2.3109612327521956,-33.07491351170094,touchstone_ri,2.8672804543714,1.0,,,
260519_2dsweep,sim,07_3_TDS-body_Novel-2Dsweep-260516_72.s2p,,S22,f_mean,sim,dispersion_mode_1,2.8672804543714,2.86728,-4.543714000604382e-07,-3.837268319960015,56.96277420517438,touchstone_ri,2.8672804543714,1.0,,,
260519_2dsweep,sim,07_3_TDS-body_Novel-2Dsweep-260516_73.s2p,,S11,f_mean,sim,dispersion_mode_1,2.8672804543714,2.86728,-4.543714000604382e-07,-3.5823381759834,55.33411947252091,touchstone_ri,2.8672804543714,1.0,,,
260519_2dsweep,sim,07_3_TDS-body_Novel-2Dsweep-260516_73.s2p,,S12,f_mean,sim,dispersion_mode_1,2.8672804543714,2.86728,-4.543714000604382e-07,-2.4930232941331143,-34.74402677025169,touchstone_ri,2.8672804543714,1.0,,,
260519_2dsweep,sim,07_3_TDS-body_Novel-2Dsweep-260516_73.s2p,,S21,f_mean,sim,dispersion_mode_1,2.8672804543714,2.86728,-4.543714000604382e-07,-2.493108107018253,-34.74527784631079,touchstone_ri,2.8672804543714,1.0,,,
260519_2dsweep,sim,07_3_TDS-body_Novel-2Dsweep-260516_73.s2p,,S22,f_mean,sim,dispersion_mode_1,2.8672804543714,2.86728,-4.543714000604382e-07,-3.5855683105362197,55.33250320631816,touchstone_ri,2.8672804543714,1.0,,,
260519_2dsweep,sim,07_3_TDS-body_Novel-2Dsweep-260516_74.s2p,,S11,f_mean,sim,dispersion_mode_1,2.8672804543714,2.86728,-4.543714000604382e-07,-3.4203693384899445,53.845758973162845,touchstone_ri,2.8672804543714,1.0,,,
260519_2dsweep,sim,07_3_TDS-body_Novel-2Dsweep-260516_74.s2p,,S12,f_mean,sim,dispersion_mode_1,2.8672804543714,2.86728,-4.543714000604382e-07,-2.6646147098449857,-35.95203937658793,touchstone_ri,2.8672804543714,1.0,,,
260519_2dsweep,sim,07_3_TDS-body_Novel-2Dsweep-260516_74.s2p,,S21,f_mean,sim,dispersion_mode_1,2.8672804543714,2.86728,-4.543714000604382e-07,-2.6642781354338925,-35.95198375513734,touchstone_ri,2.8672804543714,1.0,,,
260519_2dsweep,sim,07_3_TDS-body_Novel-2Dsweep-260516_74.s2p,,S22,f_mean,sim,dispersion_mode_1,2.8672804543714,2.86728,-4.543714000604382e-07,-3.4174786965013757,53.844962473449606,touchstone_ri,2.8672804543714,1.0,,,
260519_2dsweep,sim,07_3_TDS-body_Novel-2Dsweep-260516_75.s2p,,S11,f_mean,sim,dispersion_mode_1,2.8672804543714,2.86728,-4.543714000604382e-07,-3.2043508827551066,52.38529075084361,touchstone_ri,2.8672804543714,1.0,,,
260519_2dsweep,sim,07_3_TDS-body_Novel-2Dsweep-260516_75.s2p,,S12,f_mean,sim,dispersion_mode_1,2.8672804543714,2.86728,-4.543714000604382e-07,-2.830843698617764,-37.51898393380136,touchstone_ri,2.8672804543714,1.0,,,
260519_2dsweep,sim,07_3_TDS-body_Novel-2Dsweep-260516_75.s2p,,S21,f_mean,sim,dispersion_mode_1,2.8672804543714,2.86728,-4.543714000604382e-07,-2.8306534328469457,-37.51460420871001,touchstone_ri,2.8672804543714,1.0,,,
260519_2dsweep,sim,07_3_TDS-body_Novel-2Dsweep-260516_75.s2p,,S22,f_mean,sim,dispersion_mode_1,2.8672804543714,2.86728,-4.543714000604382e-07,-3.2038910138823846,52.49868439573867,touchstone_ri,2.8672804543714,1.0,,,
260519_2dsweep,sim,07_3_TDS-body_Novel-2Dsweep-260516_76.s2p,,S11,f_mean,sim,dispersion_mode_1,2.8672804543714,2.86728,-4.543714000604382e-07,-3.057285498568058,51.3118368473942,touchstone_ri,2.8672804543714,1.0,,,
260519_2dsweep,sim,07_3_TDS-body_Novel-2Dsweep-260516_76.s2p,,S12,f_mean,sim,dispersion_mode_1,2.8672804543714,2.86728,-4.543714000604382e-07,-2.9626678722815813,-38.66819923616648,touchstone_ri,2.8672804543714,1.0,,,
260519_2dsweep,sim,07_3_TDS-body_Novel-2Dsweep-260516_76.s2p,,S21,f_mean,sim,dispersion_mode_1,2.8672804543714,2.86728,-4.543714000604382e-07,-2.9628296507093097,-38.66737177928746,touchstone_ri,2.8672804543714,1.0,,,
260519_2dsweep,sim,07_3_TDS-body_Novel-2Dsweep-260516_76.s2p,,S22,f_mean,sim,dispersion_mode_1,2.8672804543714,2.86728,-4.543714000604382e-07,-3.057430055753537,51.366791468996325,touchstone_ri,2.8672804543714,1.0,,,
260519_2dsweep,sim,07_3_TDS-body_Novel-2Dsweep-260516_77.s2p,,S11,f_mean,sim,dispersion_mode_1,2.8672804543714,2.86728,-4.543714000604382e-07,-2.879825032990941,49.925236275435786,touchstone_ri,2.8672804543714,1.0,,,
260519_2dsweep,sim,07_3_TDS-body_Novel-2Dsweep-260516_77.s2p,,S12,f_mean,sim,dispersion_mode_1,2.8672804543714,2.86728,-4.543714000604382e-07,-3.1424453800648724,-40.06402362628682,touchstone_ri,2.8672804543714,1.0,,,
260519_2dsweep,sim,07_3_TDS-body_Novel-2Dsweep-260516_77.s2p,,S21,f_mean,sim,dispersion_mode_1,2.8672804543714,2.86728,-4.543714000604382e-07,-3.142345279020271,-40.066769681121826,touchstone_ri,2.8672804543714,1.0,,,
260519_2dsweep,sim,07_3_TDS-body_Novel-2Dsweep-260516_77.s2p,,S22,f_mean,sim,dispersion_mode_1,2.8672804543714,2.86728,-4.543714000604382e-07,-2.87972531002163,49.974855289269996,touchstone_ri,2.8672804543714,1.0,,,
260519_2dsweep,sim,07_3_TDS-body_Novel-2Dsweep-260516_78.s2p,,S11,f_mean,sim,dispersion_mode_1,2.8672804543714,2.86728,-4.543714000604382e-07,-2.731054028003786,48.77830143291826,touchstone_ri,2.8672804543714,1.0,,,
260519_2dsweep,sim,07_3_TDS-body_Novel-2Dsweep-260516_78.s2p,,S12,f_mean,sim,dispersion_mode_1,2.8672804543714,2.86728,-4.543714000604382e-07,-3.284014102044142,-41.30770115976822,touchstone_ri,2.8672804543714,1.0,,,
260519_2dsweep,sim,07_3_TDS-body_Novel-2Dsweep-260516_78.s2p,,S21,f_mean,sim,dispersion_mode_1,2.8672804543714,2.86728,-4.543714000604382e-07,-3.2848856778857978,-41.31125608881872,touchstone_ri,2.8672804543714,1.0,,,
260519_2dsweep,sim,07_3_TDS-body_Novel-2Dsweep-260516_78.s2p,,S22,f_mean,sim,dispersion_mode_1,2.8672804543714,2.86728,-4.543714000604382e-07,-2.7312231499149195,48.90443087891921,touchstone_ri,2.8672804543714,1.0,,,
260519_2dsweep,sim,07_3_TDS-body_Novel-2Dsweep-260516_79.s2p,,S11,f_mean,sim,dispersion_mode_1,2.8672804543714,2.86728,-4.543714000604382e-07,-2.6086717279679683,47.58266773690763,touchstone_ri,2.8672804543714,1.0,,,
260519_2dsweep,sim,07_3_TDS-body_Novel-2Dsweep-260516_79.s2p,,S12,f_mean,sim,dispersion_mode_1,2.8672804543714,2.86728,-4.543714000604382e-07,-3.4539771693492045,-42.37407507031964,touchstone_ri,2.8672804543714,1.0,,,
260519_2dsweep,sim,07_3_TDS-body_Novel-2Dsweep-260516_79.s2p,,S21,f_mean,sim,dispersion_mode_1,2.8672804543714,2.86728,-4.543714000604382e-07,-3.454183693379442,-42.37555607844514,touchstone_ri,2.8672804543714,1.0,,,
260519_2dsweep,sim,07_3_TDS-body_Novel-2Dsweep-260516_79.s2p,,S22,f_mean,sim,dispersion_mode_1,2.8672804543714,2.86728,-4.543714000604382e-07,-2.6086261473388728,47.654828618816715,touchstone_ri,2.8672804543714,1.0,,,
260519_2dsweep,sim,07_3_TDS-body_Novel-2Dsweep-260516_8.s2p,,S11,f_mean,sim,dispersion_mode_1,2.8672804543714,2.86728,-4.543714000604382e-07,-19.60982273421156,99.21217113082218,touchstone_ri,2.8672804543714,1.0,,,
260519_2dsweep,sim,07_3_TDS-body_Novel-2Dsweep-260516_8.s2p,,S12,f_mean,sim,dispersion_mode_1,2.8672804543714,2.86728,-4.543714000604382e-07,-0.048851184237081936,8.924609113749144,touchstone_ri,2.8672804543714,1.0,,,
260519_2dsweep,sim,07_3_TDS-body_Novel-2Dsweep-260516_8.s2p,,S21,f_mean,sim,dispersion_mode_1,2.8672804543714,2.86728,-4.543714000604382e-07,-0.04889353820672917,8.925656767822089,touchstone_ri,2.8672804543714,1.0,,,
260519_2dsweep,sim,07_3_TDS-body_Novel-2Dsweep-260516_8.s2p,,S22,f_mean,sim,dispersion_mode_1,2.8672804543714,2.86728,-4.543714000604382e-07,-19.609898731086584,98.50257619402993,touchstone_ri,2.8672804543714,1.0,,,
260519_2dsweep,sim,07_3_TDS-body_Novel-2Dsweep-260516_80.s2p,,S11,f_mean,sim,dispersion_mode_1,2.8672804543714,2.86728,-4.543714000604382e-07,-2.4825871862911635,46.3562665014247,touchstone_ri,2.8672804543714,1.0,,,
260519_2dsweep,sim,07_3_TDS-body_Novel-2Dsweep-260516_80.s2p,,S12,f_mean,sim,dispersion_mode_1,2.8672804543714,2.86728,-4.543714000604382e-07,-3.6258928567022197,-43.518689020471996,touchstone_ri,2.8672804543714,1.0,,,
260519_2dsweep,sim,07_3_TDS-body_Novel-2Dsweep-260516_80.s2p,,S21,f_mean,sim,dispersion_mode_1,2.8672804543714,2.86728,-4.543714000604382e-07,-3.6335063217198114,-43.50443201065949,touchstone_ri,2.8672804543714,1.0,,,
260519_2dsweep,sim,07_3_TDS-body_Novel-2Dsweep-260516_80.s2p,,S22,f_mean,sim,dispersion_mode_1,2.8672804543714,2.86728,-4.543714000604382e-07,-2.483697339513014,46.40987212952241,touchstone_ri,2.8672804543714,1.0,,,
260519_2dsweep,sim,07_3_TDS-body_Novel-2Dsweep-260516_81.s2p,,S11,f_mean,sim,dispersion_mode_1,2.8672804543714,2.86728,-4.543714000604382e-07,-2.3513823814961405,45.253578292137654,touchstone_ri,2.8672804543714,1.0,,,
260519_2dsweep,sim,07_3_TDS-body_Novel-2Dsweep-260516_81.s2p,,S12,f_mean,sim,dispersion_mode_1,2.8672804543714,2.86728,-4.543714000604382e-07,-3.7854102935992935,-44.71503602685766,touchstone_ri,2.8672804543714,1.0,,,
260519_2dsweep,sim,07_3_TDS-body_Novel-2Dsweep-260516_81.s2p,,S21,f_mean,sim,dispersion_mode_1,2.8672804543714,2.86728,-4.543714000604382e-07,-3.785610555436059,-44.715151365767625,touchstone_ri,2.8672804543714,1.0,,,
260519_2dsweep,sim,07_3_TDS-body_Novel-2Dsweep-260516_81.s2p,,S22,f_mean,sim,dispersion_mode_1,2.8672804543714,2.86728,-4.543714000604382e-07,-2.3514151136439128,45.339164656259804,touchstone_ri,2.8672804543714,1.0,,,
260519_2dsweep,sim,07_3_TDS-body_Novel-2Dsweep-260516_82.s2p,,S11,f_mean,sim,dispersion_mode_1,2.8672804543714,2.86728,-4.543714000604382e-07,-2.2393625382600573,44.17775649084368,touchstone_ri,2.8672804543714,1.0,,,
260519_2dsweep,sim,07_3_TDS-body_Novel-2Dsweep-260516_82.s2p,,S12,f_mean,sim,dispersion_mode_1,2.8672804543714,2.86728,-4.543714000604382e-07,-3.954870696100567,-45.765629367953125,touchstone_ri,2.8672804543714,1.0,,,
260519_2dsweep,sim,07_3_TDS-body_Novel-2Dsweep-260516_82.s2p,,S21,f_mean,sim,dispersion_mode_1,2.8672804543714,2.86728,-4.543714000604382e-07,-3.9527336760139438,-45.74919322142686,touchstone_ri,2.8672804543714,1.0,,,
260519_2dsweep,sim,07_3_TDS-body_Novel-2Dsweep-260516_82.s2p,,S22,f_mean,sim,dispersion_mode_1,2.8672804543714,2.86728,-4.543714000604382e-07,-2.2451122661178338,44.20100578597162,touchstone_ri,2.8672804543714,1.0,,,
260519_2dsweep,sim,07_3_TDS-body_Novel-2Dsweep-260516_83.s2p,,S11,f_mean,sim,dispersion_mode_1,2.8672804543714,2.86728,-4.543714000604382e-07,-16.17107244234031,-64.42810070014708,touchstone_ri,2.8672804543714,1.0,,,
260519_2dsweep,sim,07_3_TDS-body_Novel-2Dsweep-260516_83.s2p,,S12,f_mean,sim,dispersion_mode_1,2.8672804543714,2.86728,-4.543714000604382e-07,-0.10775535992090088,25.352074264949998,touchstone_ri,2.8672804543714,1.0,,,
260519_2dsweep,sim,07_3_TDS-body_Novel-2Dsweep-260516_83.s2p,,S21,f_mean,sim,dispersion_mode_1,2.8672804543714,2.86728,-4.543714000604382e-07,-0.1086513425053697,25.357323262692937,touchstone_ri,2.8672804543714,1.0,,,
260519_2dsweep,sim,07_3_TDS-body_Novel-2Dsweep-260516_83.s2p,,S22,f_mean,sim,dispersion_mode_1,2.8672804543714,2.86728,-4.543714000604382e-07,-16.1663430244261,-64.67047204706427,touchstone_ri,2.8672804543714,1.0,,,
260519_2dsweep,sim,07_3_TDS-body_Novel-2Dsweep-260516_84.s2p,,S11,f_mean,sim,dispersion_mode_1,2.8672804543714,2.86728,-4.543714000604382e-07,-16.54878293263086,-65.17639380474166,touchstone_ri,2.8672804543714,1.0,,,
260519_2dsweep,sim,07_3_TDS-body_Novel-2Dsweep-260516_84.s2p,,S12,f_mean,sim,dispersion_mode_1,2.8672804543714,2.86728,-4.543714000604382e-07,-0.09790036623920854,24.62636643639624,touchstone_ri,2.8672804543714,1.0,,,
260519_2dsweep,sim,07_3_TDS-body_Novel-2Dsweep-260516_84.s2p,,S21,f_mean,sim,dispersion_mode_1,2.8672804543714,2.86728,-4.543714000604382e-07,-0.09773230068605317,24.626483432501708,touchstone_ri,2.8672804543714,1.0,,,
260519_2dsweep,sim,07_3_TDS-body_Novel-2Dsweep-260516_84.s2p,,S22,f_mean,sim,dispersion_mode_1,2.8672804543714,2.86728,-4.543714000604382e-07,-16.549257670043875,-65.51768378537514,touchstone_ri,2.8672804543714,1.0,,,
260519_2dsweep,sim,07_3_TDS-body_Novel-2Dsweep-260516_85.s2p,,S11,f_mean,sim,dispersion_mode_1,2.8672804543714,2.86728,-4.543714000604382e-07,-18.061903692024718,-67.20503607647599,touchstone_ri,2.8672804543714,1.0,,,
260519_2dsweep,sim,07_3_TDS-body_Novel-2Dsweep-260516_85.s2p,,S12,f_mean,sim,dispersion_mode_1,2.8672804543714,2.86728,-4.543714000604382e-07,-0.06727608010330002,22.762085678392356,touchstone_ri,2.8672804543714,1.0,,,
260519_2dsweep,sim,07_3_TDS-body_Novel-2Dsweep-260516_85.s2p,,S21,f_mean,sim,dispersion_mode_1,2.8672804543714,2.86728,-4.543714000604382e-07,-0.0688562700378696,22.77006081209291,touchstone_ri,2.8672804543714,1.0,,,
260519_2dsweep,sim,07_3_TDS-body_Novel-2Dsweep-260516_85.s2p,,S22,f_mean,sim,dispersion_mode_1,2.8672804543714,2.86728,-4.543714000604382e-07,-18.060648911802282,-67.29639108448644,touchstone_ri,2.8672804543714,1.0,,,
260519_2dsweep,sim,07_3_TDS-body_Novel-2Dsweep-260516_86.s2p,,S11,f_mean,sim,dispersion_mode_1,2.8672804543714,2.86728,-4.543714000604382e-07,-19.96158835579075,-69.28437309227867,touchstone_ri,2.8672804543714,1.0,,,
260519_2dsweep,sim,07_3_TDS-body_Novel-2Dsweep-260516_86.s2p,,S12,f_mean,sim,dispersion_mode_1,2.8672804543714,2.86728,-4.543714000604382e-07,-0.0370009972692334,20.873809324705217,touchstone_ri,2.8672804543714,1.0,,,
260519_2dsweep,sim,07_3_TDS-body_Novel-2Dsweep-260516_86.s2p,,S21,f_mean,sim,dispersion_mode_1,2.8672804543714,2.86728,-4.543714000604382e-07,-0.04011604477918145,20.86266120839869,touchstone_ri,2.8672804543714,1.0,,,
260519_2dsweep,sim,07_3_TDS-body_Novel-2Dsweep-260516_86.s2p,,S22,f_mean,sim,dispersion_mode_1,2.8672804543714,2.86728,-4.543714000604382e-07,-20.02495720205293,-69.45987650353007,touchstone_ri,2.8672804543714,1.0,,,
260519_2dsweep,sim,07_3_TDS-body_Novel-2Dsweep-260516_87.s2p,,S11,f_mean,sim,dispersion_mode_1,2.8672804543714,2.86728,-4.543714000604382e-07,-22.781531003745748,-71.26955840111587,touchstone_ri,2.8672804543714,1.0,,,
260519_2dsweep,sim,07_3_TDS-body_Novel-2Dsweep-260516_87.s2p,,S12,f_mean,sim,dispersion_mode_1,2.8672804543714,2.86728,-4.543714000604382e-07,-0.016387228078612752,18.84088852945789,touchstone_ri,2.8672804543714,1.0,,,
260519_2dsweep,sim,07_3_TDS-body_Novel-2Dsweep-260516_87.s2p,,S21,f_mean,sim,dispersion_mode_1,2.8672804543714,2.86728,-4.543714000604382e-07,-0.01673071208478686,18.842634432480438,touchstone_ri,2.8672804543714,1.0,,,
260519_2dsweep,sim,07_3_TDS-body_Novel-2Dsweep-260516_87.s2p,,S22,f_mean,sim,dispersion_mode_1,2.8672804543714,2.86728,-4.543714000604382e-07,-22.780338071174853,-72.19307358978344,touchstone_ri,2.8672804543714,1.0,,,
260519_2dsweep,sim,07_3_TDS-body_Novel-2Dsweep-260516_88.s2p,,S11,f_mean,sim,dispersion_mode_1,2.8672804543714,2.86728,-4.543714000604382e-07,-26.606216298788688,-72.64549463866523,touchstone_ri,2.8672804543714,1.0,,,
260519_2dsweep,sim,07_3_TDS-body_Novel-2Dsweep-260516_88.s2p,,S12,f_mean,sim,dispersion_mode_1,2.8672804543714,2.86728,-4.543714000604382e-07,-0.010055117601124909,16.914580380833662,touchstone_ri,2.8672804543714,1.0,,,
260519_2dsweep,sim,07_3_TDS-body_Novel-2Dsweep-260516_88.s2p,,S21,f_mean,sim,dispersion_mode_1,2.8672804543714,2.86728,-4.543714000604382e-07,-0.008528092861593962,16.91314762833522,touchstone_ri,2.8672804543714,1.0,,,
260519_2dsweep,sim,07_3_TDS-body_Novel-2Dsweep-260516_88.s2p,,S22,f_mean,sim,dispersion_mode_1,2.8672804543714,2.86728,-4.543714000604382e-07,-26.60951077084548,-73.62086489186133,touchstone_ri,2.8672804543714,1.0,,,
260519_2dsweep,sim,07_3_TDS-body_Novel-2Dsweep-260516_89.s2p,,S11,f_mean,sim,dispersion_mode_1,2.8672804543714,2.86728,-4.543714000604382e-07,-34.43569021910684,-71.85708767517912,touchstone_ri,2.8672804543714,1.0,,,
260519_2dsweep,sim,07_3_TDS-body_Novel-2Dsweep-260516_89.s2p,,S12,f_mean,sim,dispersion_mode_1,2.8672804543714,2.86728,-4.543714000604382e-07,-0.004305545638895239,14.89526431333722,touchstone_ri,2.8672804543714,1.0,,,
260519_2dsweep,sim,07_3_TDS-body_Novel-2Dsweep-260516_89.s2p,,S21,f_mean,sim,dispersion_mode_1,2.8672804543714,2.86728,-4.543714000604382e-07,-0.004659230879399807,14.89543827892944,touchstone_ri,2.8672804543714,1.0,,,
260519_2dsweep,sim,07_3_TDS-body_Novel-2Dsweep-260516_89.s2p,,S22,f_mean,sim,dispersion_mode_1,2.8672804543714,2.86728,-4.543714000604382e-07,-34.38377081360518,-76.33022976355991,touchstone_ri,2.8672804543714,1.0,,,
260519_2dsweep,sim,07_3_TDS-body_Novel-2Dsweep-260516_9.s2p,,S11,f_mean,sim,dispersion_mode_1,2.8672804543714,2.86728,-4.543714000604382e-07,-17.7005035011014,93.2175818679999,touchstone_ri,2.8672804543714,1.0,,,
260519_2dsweep,sim,07_3_TDS-body_Novel-2Dsweep-260516_9.s2p,,S12,f_mean,sim,dispersion_mode_1,2.8672804543714,2.86728,-4.543714000604382e-07,-0.1413260426270332,6.979796985396003,touchstone_ri,2.8672804543714,1.0,,,
260519_2dsweep,sim,07_3_TDS-body_Novel-2Dsweep-260516_9.s2p,,S21,f_mean,sim,dispersion_mode_1,2.8672804543714,2.86728,-4.543714000604382e-07,-0.1407613873472913,6.969819801170186,touchstone_ri,2.8672804543714,1.0,,,
260519_2dsweep,sim,07_3_TDS-body_Novel-2Dsweep-260516_9.s2p,,S22,f_mean,sim,dispersion_mode_1,2.8672804543714,2.86728,-4.543714000604382e-07,-17.581430233255745,94.00288726381365,touchstone_ri,2.8672804543714,1.0,,,
260519_2dsweep,sim,07_3_TDS-body_Novel-2Dsweep-260516_90.s2p,,S11,f_mean,sim,dispersion_mode_1,2.8672804543714,2.86728,-4.543714000604382e-07,-41.999798518415794,104.41281943782215,touchstone_ri,2.8672804543714,1.0,,,
260519_2dsweep,sim,07_3_TDS-body_Novel-2Dsweep-260516_90.s2p,,S12,f_mean,sim,dispersion_mode_1,2.8672804543714,2.86728,-4.543714000604382e-07,0.0014303361027095574,12.959890106851601,touchstone_ri,2.8672804543714,1.0,,,
260519_2dsweep,sim,07_3_TDS-body_Novel-2Dsweep-260516_90.s2p,,S21,f_mean,sim,dispersion_mode_1,2.8672804543714,2.86728,-4.543714000604382e-07,0.00029958594448647677,12.964413190630161,touchstone_ri,2.8672804543714,1.0,,,
260519_2dsweep,sim,07_3_TDS-body_Novel-2Dsweep-260516_90.s2p,,S22,f_mean,sim,dispersion_mode_1,2.8672804543714,2.86728,-4.543714000604382e-07,-42.118305171026776,103.33500593164462,touchstone_ri,2.8672804543714,1.0,,,
260519_2dsweep,sim,07_3_TDS-body_Novel-2Dsweep-260516_91.s2p,,S11,f_mean,sim,dispersion_mode_1,2.8672804543714,2.86728,-4.543714000604382e-07,-28.8995302515017,99.88973537565256,touchstone_ri,2.8672804543714,1.0,,,
260519_2dsweep,sim,07_3_TDS-body_Novel-2Dsweep-260516_91.s2p,,S12,f_mean,sim,dispersion_mode_1,2.8672804543714,2.86728,-4.543714000604382e-07,-0.004427736786256014,10.95576005311585,touchstone_ri,2.8672804543714,1.0,,,
260519_2dsweep,sim,07_3_TDS-body_Novel-2Dsweep-260516_91.s2p,,S21,f_mean,sim,dispersion_mode_1,2.8672804543714,2.86728,-4.543714000604382e-07,-0.004690232184770074,10.957300556178202,touchstone_ri,2.8672804543714,1.0,,,
260519_2dsweep,sim,07_3_TDS-body_Novel-2Dsweep-260516_91.s2p,,S22,f_mean,sim,dispersion_mode_1,2.8672804543714,2.86728,-4.543714000604382e-07,-28.89774085919528,102.46775967351203,touchstone_ri,2.8672804543714,1.0,,,
260519_2dsweep,sim,07_3_TDS-body_Novel-2Dsweep-260516_92.s2p,,S11,f_mean,sim,dispersion_mode_1,2.8672804543714,2.86728,-4.543714000604382e-07,-23.692908245020327,98.71529985238956,touchstone_ri,2.8672804543714,1.0,,,
260519_2dsweep,sim,07_3_TDS-body_Novel-2Dsweep-260516_92.s2p,,S12,f_mean,sim,dispersion_mode_1,2.8672804543714,2.86728,-4.543714000604382e-07,-0.02172772103672529,8.879722944798571,touchstone_ri,2.8672804543714,1.0,,,
260519_2dsweep,sim,07_3_TDS-body_Novel-2Dsweep-260516_92.s2p,,S21,f_mean,sim,dispersion_mode_1,2.8672804543714,2.86728,-4.543714000604382e-07,-0.02029630302389899,8.890398676016636,touchstone_ri,2.8672804543714,1.0,,,
260519_2dsweep,sim,07_3_TDS-body_Novel-2Dsweep-260516_92.s2p,,S22,f_mean,sim,dispersion_mode_1,2.8672804543714,2.86728,-4.543714000604382e-07,-23.69332787846119,98.50240245828039,touchstone_ri,2.8672804543714,1.0,,,
260519_2dsweep,sim,07_3_TDS-body_Novel-2Dsweep-260516_93.s2p,,S11,f_mean,sim,dispersion_mode_1,2.8672804543714,2.86728,-4.543714000604382e-07,-20.94748976563267,97.13856574588634,touchstone_ri,2.8672804543714,1.0,,,
260519_2dsweep,sim,07_3_TDS-body_Novel-2Dsweep-260516_93.s2p,,S12,f_mean,sim,dispersion_mode_1,2.8672804543714,2.86728,-4.543714000604382e-07,-0.03537311489482444,7.1199802516025255,touchstone_ri,2.8672804543714,1.0,,,
260519_2dsweep,sim,07_3_TDS-body_Novel-2Dsweep-260516_93.s2p,,S21,f_mean,sim,dispersion_mode_1,2.8672804543714,2.86728,-4.543714000604382e-07,-0.03557196277899044,7.117821561709097,touchstone_ri,2.8672804543714,1.0,,,
260519_2dsweep,sim,07_3_TDS-body_Novel-2Dsweep-260516_93.s2p,,S22,f_mean,sim,dispersion_mode_1,2.8672804543714,2.86728,-4.543714000604382e-07,-20.944783034098542,97.03753715052875,touchstone_ri,2.8672804543714,1.0,,,
260519_2dsweep,sim,07_3_TDS-body_Novel-2Dsweep-260516_94.s2p,,S11,f_mean,sim,dispersion_mode_1,2.8672804543714,2.86728,-4.543714000604382e-07,-18.2160779499383,94.18483759449201,touchstone_ri,2.8672804543714,1.0,,,
260519_2dsweep,sim,07_3_TDS-body_Novel-2Dsweep-260516_94.s2p,,S12,f_mean,sim,dispersion_mode_1,2.8672804543714,2.86728,-4.543714000604382e-07,-0.07375618835500594,4.840769709112331,touchstone_ri,2.8672804543714,1.0,,,
260519_2dsweep,sim,07_3_TDS-body_Novel-2Dsweep-260516_94.s2p,,S21,f_mean,sim,dispersion_mode_1,2.8672804543714,2.86728,-4.543714000604382e-07,-0.07574466692587765,4.841719766790834,touchstone_ri,2.8672804543714,1.0,,,
260519_2dsweep,sim,07_3_TDS-body_Novel-2Dsweep-260516_94.s2p,,S22,f_mean,sim,dispersion_mode_1,2.8672804543714,2.86728,-4.543714000604382e-07,-18.215166076385504,94.52291853456123,touchstone_ri,2.8672804543714,1.0,,,
260519_2dsweep,sim,07_3_TDS-body_Novel-2Dsweep-260516_95.s2p,,S11,f_mean,sim,dispersion_mode_1,2.8672804543714,2.86728,-4.543714000604382e-07,-16.25079662648876,92.78950352133188,touchstone_ri,2.8672804543714,1.0,,,
260519_2dsweep,sim,07_3_TDS-body_Novel-2Dsweep-260516_95.s2p,,S12,f_mean,sim,dispersion_mode_1,2.8672804543714,2.86728,-4.543714000604382e-07,-0.10568602430985913,2.674813990112902,touchstone_ri,2.8672804543714,1.0,,,
260519_2dsweep,sim,07_3_TDS-body_Novel-2Dsweep-260516_95.s2p,,S21,f_mean,sim,dispersion_mode_1,2.8672804543714,2.86728,-4.543714000604382e-07,-0.10596550604553508,2.673298263290644,touchstone_ri,2.8672804543714,1.0,,,
260519_2dsweep,sim,07_3_TDS-body_Novel-2Dsweep-260516_95.s2p,,S22,f_mean,sim,dispersion_mode_1,2.8672804543714,2.86728,-4.543714000604382e-07,-16.254882933605618,92.41305346578814,touchstone_ri,2.8672804543714,1.0,,,
260519_2dsweep,sim,07_3_TDS-body_Novel-2Dsweep-260516_96.s2p,,S11,f_mean,sim,dispersion_mode_1,2.8672804543714,2.86728,-4.543714000604382e-07,-14.815098501398277,90.38102749991249,touchstone_ri,2.8672804543714,1.0,,,
260519_2dsweep,sim,07_3_TDS-body_Novel-2Dsweep-260516_96.s2p,,S12,f_mean,sim,dispersion_mode_1,2.8672804543714,2.86728,-4.543714000604382e-07,-0.14951502892647514,0.7218143655413726,touchstone_ri,2.8672804543714,1.0,,,
260519_2dsweep,sim,07_3_TDS-body_Novel-2Dsweep-260516_96.s2p,,S21,f_mean,sim,dispersion_mode_1,2.8672804543714,2.86728,-4.543714000604382e-07,-0.14943434716412457,0.7239563906204429,touchstone_ri,2.8672804543714,1.0,,,
260519_2dsweep,sim,07_3_TDS-body_Novel-2Dsweep-260516_96.s2p,,S22,f_mean,sim,dispersion_mode_1,2.8672804543714,2.86728,-4.543714000604382e-07,-14.815111520875286,90.79234221961462,touchstone_ri,2.8672804543714,1.0,,,
260519_2dsweep,sim,07_3_TDS-body_Novel-2Dsweep-260516_97.s2p,,S11,f_mean,sim,dispersion_mode_1,2.8672804543714,2.86728,-4.543714000604382e-07,-13.535083763257202,88.55508111203126,touchstone_ri,2.8672804543714,1.0,,,
260519_2dsweep,sim,07_3_TDS-body_Novel-2Dsweep-260516_97.s2p,,S12,f_mean,sim,dispersion_mode_1,2.8672804543714,2.86728,-4.543714000604382e-07,-0.20309969188499322,-1.2965187620178948,touchstone_ri,2.8672804543714,1.0,,,
260519_2dsweep,sim,07_3_TDS-body_Novel-2Dsweep-260516_97.s2p,,S21,f_mean,sim,dispersion_mode_1,2.8672804543714,2.86728,-4.543714000604382e-07,-0.20092371353854888,-1.3058454441704817,touchstone_ri,2.8672804543714,1.0,,,
260519_2dsweep,sim,07_3_TDS-body_Novel-2Dsweep-260516_97.s2p,,S22,f_mean,sim,dispersion_mode_1,2.8672804543714,2.86728,-4.543714000604382e-07,-13.520965327382491,88.52638081801994,touchstone_ri,2.8672804543714,1.0,,,
260519_2dsweep,sim,07_3_TDS-body_Novel-2Dsweep-260516_98.s2p,,S11,f_mean,sim,dispersion_mode_1,2.8672804543714,2.86728,-4.543714000604382e-07,-12.327250711543638,84.94009980064274,touchstone_ri,2.8672804543714,1.0,,,
260519_2dsweep,sim,07_3_TDS-body_Novel-2Dsweep-260516_98.s2p,,S12,f_mean,sim,dispersion_mode_1,2.8672804543714,2.86728,-4.543714000604382e-07,-0.31888116825101054,-3.4433074968206805,touchstone_ri,2.8672804543714,1.0,,,
260519_2dsweep,sim,07_3_TDS-body_Novel-2Dsweep-260516_98.s2p,,S21,f_mean,sim,dispersion_mode_1,2.8672804543714,2.86728,-4.543714000604382e-07,-0.3222076049526513,-3.4945769598502765,touchstone_ri,2.8672804543714,1.0,,,
260519_2dsweep,sim,07_3_TDS-body_Novel-2Dsweep-260516_98.s2p,,S22,f_mean,sim,dispersion_mode_1,2.8672804543714,2.86728,-4.543714000604382e-07,-12.31590872437306,85.0875347293109,touchstone_ri,2.8672804543714,1.0,,,
260519_2dsweep,sim,07_3_TDS-body_Novel-2Dsweep-260516_99.s2p,,S11,f_mean,sim,dispersion_mode_1,2.8672804543714,2.86728,-4.543714000604382e-07,-11.43491290238009,84.64185193151826,touchstone_ri,2.8672804543714,1.0,,,
260519_2dsweep,sim,07_3_TDS-body_Novel-2Dsweep-260516_99.s2p,,S12,f_mean,sim,dispersion_mode_1,2.8672804543714,2.86728,-4.543714000604382e-07,-0.3241891597032135,-5.348761258225497,touchstone_ri,2.8672804543714,1.0,,,
260519_2dsweep,sim,07_3_TDS-body_Novel-2Dsweep-260516_99.s2p,,S21,f_mean,sim,dispersion_mode_1,2.8672804543714,2.86728,-4.543714000604382e-07,-0.32418850152090684,-5.348412048544379,touchstone_ri,2.8672804543714,1.0,,,
260519_2dsweep,sim,07_3_TDS-body_Novel-2Dsweep-260516_99.s2p,,S22,f_mean,sim,dispersion_mode_1,2.8672804543714,2.86728,-4.543714000604382e-07,-11.435424311885667,84.64461830588571,touchstone_ri,2.8672804543714,1.0,,,
260519_2dsweep,sim,07_3_TDS-body_Novel-2Dsweep-260516_1.s2p,,S11,f_pi2,sim,dispersion_mode_1,2.8774448751896,2.87745,5.124810400047863e-06,-0.9651125849159572,2.1498133608335706,touchstone_ri,2.8774448751896,1.0,,,
260519_2dsweep,sim,07_3_TDS-body_Novel-2Dsweep-260516_1.s2p,,S12,f_pi2,sim,dispersion_mode_1,2.8774448751896,2.87745,5.124810400047863e-06,-7.006563702299765,-87.84838354729756,touchstone_ri,2.8774448751896,1.0,,,
260519_2dsweep,sim,07_3_TDS-body_Novel-2Dsweep-260516_1.s2p,,S21,f_pi2,sim,dispersion_mode_1,2.8774448751896,2.87745,5.124810400047863e-06,-7.006592582183235,-87.85151778265008,touchstone_ri,2.8774448751896,1.0,,,
260519_2dsweep,sim,07_3_TDS-body_Novel-2Dsweep-260516_1.s2p,,S22,f_pi2,sim,dispersion_mode_1,2.8774448751896,2.87745,5.124810400047863e-06,-0.9651278607091449,2.1491447849042222,touchstone_ri,2.8774448751896,1.0,,,
260519_2dsweep,sim,07_3_TDS-body_Novel-2Dsweep-260516_10.s2p,,S11,f_pi2,sim,dispersion_mode_1,2.8774448751896,2.87745,5.124810400047863e-06,-0.765806103445533,-0.7573199887213017,touchstone_ri,2.8774448751896,1.0,,,
260519_2dsweep,sim,07_3_TDS-body_Novel-2Dsweep-260516_10.s2p,,S12,f_pi2,sim,dispersion_mode_1,2.8774448751896,2.87745,5.124810400047863e-06,-7.913626645788543,-90.75911313437915,touchstone_ri,2.8774448751896,1.0,,,
260519_2dsweep,sim,07_3_TDS-body_Novel-2Dsweep-260516_10.s2p,,S21,f_pi2,sim,dispersion_mode_1,2.8774448751896,2.87745,5.124810400047863e-06,-7.9135821099774954,-90.75827878684622,touchstone_ri,2.8774448751896,1.0,,,
260519_2dsweep,sim,07_3_TDS-body_Novel-2Dsweep-260516_10.s2p,,S22,f_pi2,sim,dispersion_mode_1,2.8774448751896,2.87745,5.124810400047863e-06,-0.7658990371022932,-0.7605159648840046,touchstone_ri,2.8774448751896,1.0,,,
260519_2dsweep,sim,07_3_TDS-body_Novel-2Dsweep-260516_100.s2p,,S11,f_pi2,sim,dispersion_mode_1,2.8774448751896,2.87745,5.124810400047863e-06,-0.6247551709513572,-3.546293919858677,touchstone_ri,2.8774448751896,1.0,,,
260519_2dsweep,sim,07_3_TDS-body_Novel-2Dsweep-260516_100.s2p,,S12,f_pi2,sim,dispersion_mode_1,2.8774448751896,2.87745,5.124810400047863e-06,-8.742274821420306,-93.54104220151048,touchstone_ri,2.8774448751896,1.0,,,
260519_2dsweep,sim,07_3_TDS-body_Novel-2Dsweep-260516_100.s2p,,S21,f_pi2,sim,dispersion_mode_1,2.8774448751896,2.87745,5.124810400047863e-06,-8.741823302000796,-93.59121759409149,touchstone_ri,2.8774448751896,1.0,,,
260519_2dsweep,sim,07_3_TDS-body_Novel-2Dsweep-260516_100.s2p,,S22,f_pi2,sim,dispersion_mode_1,2.8774448751896,2.87745,5.124810400047863e-06,-0.6227674639773736,-3.5535219026260085,touchstone_ri,2.8774448751896,1.0,,,
260519_2dsweep,sim,07_3_TDS-body_Novel-2Dsweep-260516_101.s2p,,S11,f_pi2,sim,dispersion_mode_1,2.8774448751896,2.87745,5.124810400047863e-06,-0.6078767788620689,-3.7733288467850445,touchstone_ri,2.8774448751896,1.0,,,
260519_2dsweep,sim,07_3_TDS-body_Novel-2Dsweep-260516_101.s2p,,S12,f_pi2,sim,dispersion_mode_1,2.8774448751896,2.87745,5.124810400047863e-06,-8.827522276902544,-93.80743849190715,touchstone_ri,2.8774448751896,1.0,,,
260519_2dsweep,sim,07_3_TDS-body_Novel-2Dsweep-260516_101.s2p,,S21,f_pi2,sim,dispersion_mode_1,2.8774448751896,2.87745,5.124810400047863e-06,-8.818833705924678,-93.72657699938549,touchstone_ri,2.8774448751896,1.0,,,
260519_2dsweep,sim,07_3_TDS-body_Novel-2Dsweep-260516_101.s2p,,S22,f_pi2,sim,dispersion_mode_1,2.8774448751896,2.87745,5.124810400047863e-06,-0.6132410287796107,-3.7505129387092615,touchstone_ri,2.8774448751896,1.0,,,
260519_2dsweep,sim,07_3_TDS-body_Novel-2Dsweep-260516_103.s2p,,S11,f_pi2,sim,dispersion_mode_1,2.8774448751896,2.87745,5.124810400047863e-06,-0.808941543505798,-4.058975144063,touchstone_ri,2.8774448751896,1.0,,,
260519_2dsweep,sim,07_3_TDS-body_Novel-2Dsweep-260516_103.s2p,,S12,f_pi2,sim,dispersion_mode_1,2.8774448751896,2.87745,5.124810400047863e-06,-7.696309947458473,-94.05874942165653,touchstone_ri,2.8774448751896,1.0,,,
260519_2dsweep,sim,07_3_TDS-body_Novel-2Dsweep-260516_103.s2p,,S21,f_pi2,sim,dispersion_mode_1,2.8774448751896,2.87745,5.124810400047863e-06,-7.696347776734481,-94.0575985503656,touchstone_ri,2.8774448751896,1.0,,,
260519_2dsweep,sim,07_3_TDS-body_Novel-2Dsweep-260516_103.s2p,,S22,f_pi2,sim,dispersion_mode_1,2.8774448751896,2.87745,5.124810400047863e-06,-0.8089453089320985,-4.061911370883983,touchstone_ri,2.8774448751896,1.0,,,
260519_2dsweep,sim,07_3_TDS-body_Novel-2Dsweep-260516_104.s2p,,S11,f_pi2,sim,dispersion_mode_1,2.8774448751896,2.87745,5.124810400047863e-06,-0.6574900246386559,-6.552183320363699,touchstone_ri,2.8774448751896,1.0,,,
260519_2dsweep,sim,07_3_TDS-body_Novel-2Dsweep-260516_104.s2p,,S12,f_pi2,sim,dispersion_mode_1,2.8774448751896,2.87745,5.124810400047863e-06,-8.52254808472463,-96.54994388150926,touchstone_ri,2.8774448751896,1.0,,,
260519_2dsweep,sim,07_3_TDS-body_Novel-2Dsweep-260516_104.s2p,,S21,f_pi2,sim,dispersion_mode_1,2.8774448751896,2.87745,5.124810400047863e-06,-8.52293150927903,-96.55038291543504,touchstone_ri,2.8774448751896,1.0,,,
260519_2dsweep,sim,07_3_TDS-body_Novel-2Dsweep-260516_104.s2p,,S22,f_pi2,sim,dispersion_mode_1,2.8774448751896,2.87745,5.124810400047863e-06,-0.6575429877368468,-6.548956111503233,touchstone_ri,2.8774448751896,1.0,,,
260519_2dsweep,sim,07_3_TDS-body_Novel-2Dsweep-260516_105.s2p,,S11,f_pi2,sim,dispersion_mode_1,2.8774448751896,2.87745,5.124810400047863e-06,-0.5557601470853077,-8.424612118506088,touchstone_ri,2.8774448751896,1.0,,,
260519_2dsweep,sim,07_3_TDS-body_Novel-2Dsweep-260516_105.s2p,,S12,f_pi2,sim,dispersion_mode_1,2.8774448751896,2.87745,5.124810400047863e-06,-9.224427396554024,-98.48840623983669,touchstone_ri,2.8774448751896,1.0,,,
260519_2dsweep,sim,07_3_TDS-body_Novel-2Dsweep-260516_105.s2p,,S21,f_pi2,sim,dispersion_mode_1,2.8774448751896,2.87745,5.124810400047863e-06,-9.225978004305901,-98.42976478118307,touchstone_ri,2.8774448751896,1.0,,,
260519_2dsweep,sim,07_3_TDS-body_Novel-2Dsweep-260516_105.s2p,,S22,f_pi2,sim,dispersion_mode_1,2.8774448751896,2.87745,5.124810400047863e-06,-0.5560474707128505,-8.400079999995755,touchstone_ri,2.8774448751896,1.0,,,
260519_2dsweep,sim,07_3_TDS-body_Novel-2Dsweep-260516_106.s2p,,S11,f_pi2,sim,dispersion_mode_1,2.8774448751896,2.87745,5.124810400047863e-06,-0.4832821740285282,-9.983143163802106,touchstone_ri,2.8774448751896,1.0,,,
260519_2dsweep,sim,07_3_TDS-body_Novel-2Dsweep-260516_106.s2p,,S12,f_pi2,sim,dispersion_mode_1,2.8774448751896,2.87745,5.124810400047863e-06,-9.790734894348144,-99.99209792425896,touchstone_ri,2.8774448751896,1.0,,,
260519_2dsweep,sim,07_3_TDS-body_Novel-2Dsweep-260516_106.s2p,,S21,f_pi2,sim,dispersion_mode_1,2.8774448751896,2.87745,5.124810400047863e-06,-9.791215727125401,-100.02600793911212,touchstone_ri,2.8774448751896,1.0,,,
260519_2dsweep,sim,07_3_TDS-body_Novel-2Dsweep-260516_106.s2p,,S22,f_pi2,sim,dispersion_mode_1,2.8774448751896,2.87745,5.124810400047863e-06,-0.48375569256415557,-9.979647770473086,touchstone_ri,2.8774448751896,1.0,,,
260519_2dsweep,sim,07_3_TDS-body_Novel-2Dsweep-260516_107.s2p,,S11,f_pi2,sim,dispersion_mode_1,2.8774448751896,2.87745,5.124810400047863e-06,-0.4279582559288687,-11.176869991151735,touchstone_ri,2.8774448751896,1.0,,,
260519_2dsweep,sim,07_3_TDS-body_Novel-2Dsweep-260516_107.s2p,,S12,f_pi2,sim,dispersion_mode_1,2.8774448751896,2.87745,5.124810400047863e-06,-10.292833390910946,-101.19342155073923,touchstone_ri,2.8774448751896,1.0,,,
260519_2dsweep,sim,07_3_TDS-body_Novel-2Dsweep-260516_107.s2p,,S21,f_pi2,sim,dispersion_mode_1,2.8774448751896,2.87745,5.124810400047863e-06,-10.294329550703289,-101.21072633191984,touchstone_ri,2.8774448751896,1.0,,,
260519_2dsweep,sim,07_3_TDS-body_Novel-2Dsweep-260516_107.s2p,,S22,f_pi2,sim,dispersion_mode_1,2.8774448751896,2.87745,5.124810400047863e-06,-0.4279960980427451,-11.18076423389137,touchstone_ri,2.8774448751896,1.0,,,
260519_2dsweep,sim,07_3_TDS-body_Novel-2Dsweep-260516_108.s2p,,S11,f_pi2,sim,dispersion_mode_1,2.8774448751896,2.87745,5.124810400047863e-06,-0.6212442825325295,-10.159179511845917,touchstone_ri,2.8774448751896,1.0,,,
260519_2dsweep,sim,07_3_TDS-body_Novel-2Dsweep-260516_108.s2p,,S12,f_pi2,sim,dispersion_mode_1,2.8774448751896,2.87745,5.124810400047863e-06,-8.7501421053801,-100.15943856684797,touchstone_ri,2.8774448751896,1.0,,,
260519_2dsweep,sim,07_3_TDS-body_Novel-2Dsweep-260516_108.s2p,,S21,f_pi2,sim,dispersion_mode_1,2.8774448751896,2.87745,5.124810400047863e-06,-8.750142573115319,-100.16884872863294,touchstone_ri,2.8774448751896,1.0,,,
260519_2dsweep,sim,07_3_TDS-body_Novel-2Dsweep-260516_108.s2p,,S22,f_pi2,sim,dispersion_mode_1,2.8774448751896,2.87745,5.124810400047863e-06,-0.6220157994778222,-10.156732048184516,touchstone_ri,2.8774448751896,1.0,,,
260519_2dsweep,sim,07_3_TDS-body_Novel-2Dsweep-260516_109.s2p,,S11,f_pi2,sim,dispersion_mode_1,2.8774448751896,2.87745,5.124810400047863e-06,-0.537090964892434,-11.967636017149992,touchstone_ri,2.8774448751896,1.0,,,
260519_2dsweep,sim,07_3_TDS-body_Novel-2Dsweep-260516_109.s2p,,S12,f_pi2,sim,dispersion_mode_1,2.8774448751896,2.87745,5.124810400047863e-06,-9.34290752890764,-101.96704799872673,touchstone_ri,2.8774448751896,1.0,,,
260519_2dsweep,sim,07_3_TDS-body_Novel-2Dsweep-260516_109.s2p,,S21,f_pi2,sim,dispersion_mode_1,2.8774448751896,2.87745,5.124810400047863e-06,-9.342922908320135,-101.96707327919565,touchstone_ri,2.8774448751896,1.0,,,
260519_2dsweep,sim,07_3_TDS-body_Novel-2Dsweep-260516_109.s2p,,S22,f_pi2,sim,dispersion_mode_1,2.8774448751896,2.87745,5.124810400047863e-06,-0.5370970943571713,-11.966958488640225,touchstone_ri,2.8774448751896,1.0,,,
260519_2dsweep,sim,07_3_TDS-body_Novel-2Dsweep-260516_11.s2p,,S11,f_pi2,sim,dispersion_mode_1,2.8774448751896,2.87745,5.124810400047863e-06,-0.7467676227470982,-1.0049945358146206,touchstone_ri,2.8774448751896,1.0,,,
260519_2dsweep,sim,07_3_TDS-body_Novel-2Dsweep-260516_11.s2p,,S12,f_pi2,sim,dispersion_mode_1,2.8774448751896,2.87745,5.124810400047863e-06,-8.013956721821948,-90.99778865695234,touchstone_ri,2.8774448751896,1.0,,,
260519_2dsweep,sim,07_3_TDS-body_Novel-2Dsweep-260516_11.s2p,,S21,f_pi2,sim,dispersion_mode_1,2.8774448751896,2.87745,5.124810400047863e-06,-8.013952098991556,-90.99880227853593,touchstone_ri,2.8774448751896,1.0,,,
260519_2dsweep,sim,07_3_TDS-body_Novel-2Dsweep-260516_11.s2p,,S22,f_pi2,sim,dispersion_mode_1,2.8774448751896,2.87745,5.124810400047863e-06,-0.7467695233966563,-0.9951646058477109,touchstone_ri,2.8774448751896,1.0,,,
260519_2dsweep,sim,07_3_TDS-body_Novel-2Dsweep-260516_110.s2p,,S11,f_pi2,sim,dispersion_mode_1,2.8774448751896,2.87745,5.124810400047863e-06,-0.47740746858595773,-13.350349155448697,touchstone_ri,2.8774448751896,1.0,,,
260519_2dsweep,sim,07_3_TDS-body_Novel-2Dsweep-260516_110.s2p,,S12,f_pi2,sim,dispersion_mode_1,2.8774448751896,2.87745,5.124810400047863e-06,-9.831852098022207,-103.37706966265465,touchstone_ri,2.8774448751896,1.0,,,
260519_2dsweep,sim,07_3_TDS-body_Novel-2Dsweep-260516_110.s2p,,S21,f_pi2,sim,dispersion_mode_1,2.8774448751896,2.87745,5.124810400047863e-06,-9.832013226471409,-103.37549369662415,touchstone_ri,2.8774448751896,1.0,,,
260519_2dsweep,sim,07_3_TDS-body_Novel-2Dsweep-260516_110.s2p,,S22,f_pi2,sim,dispersion_mode_1,2.8774448751896,2.87745,5.124810400047863e-06,-0.4776034489481859,-13.361024389290666,touchstone_ri,2.8774448751896,1.0,,,
260519_2dsweep,sim,07_3_TDS-body_Novel-2Dsweep-260516_111.s2p,,S11,f_pi2,sim,dispersion_mode_1,2.8774448751896,2.87745,5.124810400047863e-06,-0.43294034777794277,-14.561515089869664,touchstone_ri,2.8774448751896,1.0,,,
260519_2dsweep,sim,07_3_TDS-body_Novel-2Dsweep-260516_111.s2p,,S12,f_pi2,sim,dispersion_mode_1,2.8774448751896,2.87745,5.124810400047863e-06,-10.230054502880302,-104.56164715006716,touchstone_ri,2.8774448751896,1.0,,,
260519_2dsweep,sim,07_3_TDS-body_Novel-2Dsweep-260516_111.s2p,,S21,f_pi2,sim,dispersion_mode_1,2.8774448751896,2.87745,5.124810400047863e-06,-10.23036181194418,-104.56194641047996,touchstone_ri,2.8774448751896,1.0,,,
260519_2dsweep,sim,07_3_TDS-body_Novel-2Dsweep-260516_111.s2p,,S22,f_pi2,sim,dispersion_mode_1,2.8774448751896,2.87745,5.124810400047863e-06,-0.433030168916328,-14.553122844363195,touchstone_ri,2.8774448751896,1.0,,,
260519_2dsweep,sim,07_3_TDS-body_Novel-2Dsweep-260516_112.s2p,,S11,f_pi2,sim,dispersion_mode_1,2.8774448751896,2.87745,5.124810400047863e-06,-0.3991599806947169,-15.518180477462858,touchstone_ri,2.8774448751896,1.0,,,
260519_2dsweep,sim,07_3_TDS-body_Novel-2Dsweep-260516_112.s2p,,S12,f_pi2,sim,dispersion_mode_1,2.8774448751896,2.87745,5.124810400047863e-06,-10.573661630755065,-105.51631131709887,touchstone_ri,2.8774448751896,1.0,,,
260519_2dsweep,sim,07_3_TDS-body_Novel-2Dsweep-260516_112.s2p,,S21,f_pi2,sim,dispersion_mode_1,2.8774448751896,2.87745,5.124810400047863e-06,-10.573761439347233,-105.52106176580493,touchstone_ri,2.8774448751896,1.0,,,
260519_2dsweep,sim,07_3_TDS-body_Novel-2Dsweep-260516_112.s2p,,S22,f_pi2,sim,dispersion_mode_1,2.8774448751896,2.87745,5.124810400047863e-06,-0.39959627036568746,-15.48087583027358,touchstone_ri,2.8774448751896,1.0,,,
260519_2dsweep,sim,07_3_TDS-body_Novel-2Dsweep-260516_113.s2p,,S11,f_pi2,sim,dispersion_mode_1,2.8774448751896,2.87745,5.124810400047863e-06,-0.4396250890702784,-15.427721315143229,touchstone_ri,2.8774448751896,1.0,,,
260519_2dsweep,sim,07_3_TDS-body_Novel-2Dsweep-260516_113.s2p,,S12,f_pi2,sim,dispersion_mode_1,2.8774448751896,2.87745,5.124810400047863e-06,-10.167238493144515,-105.42331293836801,touchstone_ri,2.8774448751896,1.0,,,
260519_2dsweep,sim,07_3_TDS-body_Novel-2Dsweep-260516_113.s2p,,S21,f_pi2,sim,dispersion_mode_1,2.8774448751896,2.87745,5.124810400047863e-06,-10.167414491370845,-105.4251526818016,touchstone_ri,2.8774448751896,1.0,,,
260519_2dsweep,sim,07_3_TDS-body_Novel-2Dsweep-260516_113.s2p,,S22,f_pi2,sim,dispersion_mode_1,2.8774448751896,2.87745,5.124810400047863e-06,-0.43956587890476573,-15.412493684329913,touchstone_ri,2.8774448751896,1.0,,,
260519_2dsweep,sim,07_3_TDS-body_Novel-2Dsweep-260516_114.s2p,,S11,f_pi2,sim,dispersion_mode_1,2.8774448751896,2.87745,5.124810400047863e-06,-0.40542314041500704,-16.6605166074331,touchstone_ri,2.8774448751896,1.0,,,
260519_2dsweep,sim,07_3_TDS-body_Novel-2Dsweep-260516_114.s2p,,S12,f_pi2,sim,dispersion_mode_1,2.8774448751896,2.87745,5.124810400047863e-06,-10.502249654609127,-106.66316168101329,touchstone_ri,2.8774448751896,1.0,,,
260519_2dsweep,sim,07_3_TDS-body_Novel-2Dsweep-260516_114.s2p,,S21,f_pi2,sim,dispersion_mode_1,2.8774448751896,2.87745,5.124810400047863e-06,-10.502040237881804,-106.6609822909752,touchstone_ri,2.8774448751896,1.0,,,
260519_2dsweep,sim,07_3_TDS-body_Novel-2Dsweep-260516_114.s2p,,S22,f_pi2,sim,dispersion_mode_1,2.8774448751896,2.87745,5.124810400047863e-06,-0.40528216524658844,-16.65744206074654,touchstone_ri,2.8774448751896,1.0,,,
260519_2dsweep,sim,07_3_TDS-body_Novel-2Dsweep-260516_115.s2p,,S11,f_pi2,sim,dispersion_mode_1,2.8774448751896,2.87745,5.124810400047863e-06,-0.3856846753547937,-17.669129517465045,touchstone_ri,2.8774448751896,1.0,,,
260519_2dsweep,sim,07_3_TDS-body_Novel-2Dsweep-260516_115.s2p,,S12,f_pi2,sim,dispersion_mode_1,2.8774448751896,2.87745,5.124810400047863e-06,-10.769559996168477,-107.82349819885408,touchstone_ri,2.8774448751896,1.0,,,
260519_2dsweep,sim,07_3_TDS-body_Novel-2Dsweep-260516_115.s2p,,S21,f_pi2,sim,dispersion_mode_1,2.8774448751896,2.87745,5.124810400047863e-06,-10.761310784337708,-107.58682477939787,touchstone_ri,2.8774448751896,1.0,,,
260519_2dsweep,sim,07_3_TDS-body_Novel-2Dsweep-260516_115.s2p,,S22,f_pi2,sim,dispersion_mode_1,2.8774448751896,2.87745,5.124810400047863e-06,-0.3785459118249332,-17.67151588057143,touchstone_ri,2.8774448751896,1.0,,,
260519_2dsweep,sim,07_3_TDS-body_Novel-2Dsweep-260516_116.s2p,,S11,f_pi2,sim,dispersion_mode_1,2.8774448751896,2.87745,5.124810400047863e-06,-0.36241069920721725,-18.59909351882713,touchstone_ri,2.8774448751896,1.0,,,
260519_2dsweep,sim,07_3_TDS-body_Novel-2Dsweep-260516_116.s2p,,S12,f_pi2,sim,dispersion_mode_1,2.8774448751896,2.87745,5.124810400047863e-06,-10.963492687253302,-108.59039676356024,touchstone_ri,2.8774448751896,1.0,,,
260519_2dsweep,sim,07_3_TDS-body_Novel-2Dsweep-260516_116.s2p,,S21,f_pi2,sim,dispersion_mode_1,2.8774448751896,2.87745,5.124810400047863e-06,-10.963289006020522,-108.58901346434216,touchstone_ri,2.8774448751896,1.0,,,
260519_2dsweep,sim,07_3_TDS-body_Novel-2Dsweep-260516_116.s2p,,S22,f_pi2,sim,dispersion_mode_1,2.8774448751896,2.87745,5.124810400047863e-06,-0.3623733178391753,-18.59052384517815,touchstone_ri,2.8774448751896,1.0,,,
260519_2dsweep,sim,07_3_TDS-body_Novel-2Dsweep-260516_117.s2p,,S11,f_pi2,sim,dispersion_mode_1,2.8774448751896,2.87745,5.124810400047863e-06,-0.34898874331100205,-19.324698670875904,touchstone_ri,2.8774448751896,1.0,,,
260519_2dsweep,sim,07_3_TDS-body_Novel-2Dsweep-260516_117.s2p,,S12,f_pi2,sim,dispersion_mode_1,2.8774448751896,2.87745,5.124810400047863e-06,-11.13314437647794,-109.35381286300536,touchstone_ri,2.8774448751896,1.0,,,
260519_2dsweep,sim,07_3_TDS-body_Novel-2Dsweep-260516_117.s2p,,S21,f_pi2,sim,dispersion_mode_1,2.8774448751896,2.87745,5.124810400047863e-06,-11.133894152746562,-109.34510961145699,touchstone_ri,2.8774448751896,1.0,,,
260519_2dsweep,sim,07_3_TDS-body_Novel-2Dsweep-260516_117.s2p,,S22,f_pi2,sim,dispersion_mode_1,2.8774448751896,2.87745,5.124810400047863e-06,-0.34897149119858095,-19.34020064801793,touchstone_ri,2.8774448751896,1.0,,,
260519_2dsweep,sim,07_3_TDS-body_Novel-2Dsweep-260516_118.s2p,,S11,f_pi2,sim,dispersion_mode_1,2.8774448751896,2.87745,5.124810400047863e-06,-0.2959002695163814,-19.700214843609334,touchstone_ri,2.8774448751896,1.0,,,
260519_2dsweep,sim,07_3_TDS-body_Novel-2Dsweep-260516_118.s2p,,S12,f_pi2,sim,dispersion_mode_1,2.8774448751896,2.87745,5.124810400047863e-06,-11.821203322228564,-109.69631097671063,touchstone_ri,2.8774448751896,1.0,,,
260519_2dsweep,sim,07_3_TDS-body_Novel-2Dsweep-260516_118.s2p,,S21,f_pi2,sim,dispersion_mode_1,2.8774448751896,2.87745,5.124810400047863e-06,-11.821033294547668,-109.69628691062391,touchstone_ri,2.8774448751896,1.0,,,
260519_2dsweep,sim,07_3_TDS-body_Novel-2Dsweep-260516_118.s2p,,S22,f_pi2,sim,dispersion_mode_1,2.8774448751896,2.87745,5.124810400047863e-06,-0.29569997238903434,-19.666289743677023,touchstone_ri,2.8774448751896,1.0,,,
260519_2dsweep,sim,07_3_TDS-body_Novel-2Dsweep-260516_119.s2p,,S11,f_pi2,sim,dispersion_mode_1,2.8774448751896,2.87745,5.124810400047863e-06,-0.2893995595638946,-20.55359905537728,touchstone_ri,2.8774448751896,1.0,,,
260519_2dsweep,sim,07_3_TDS-body_Novel-2Dsweep-260516_119.s2p,,S12,f_pi2,sim,dispersion_mode_1,2.8774448751896,2.87745,5.124810400047863e-06,-11.885905584337396,-110.53868205084525,touchstone_ri,2.8774448751896,1.0,,,
260519_2dsweep,sim,07_3_TDS-body_Novel-2Dsweep-260516_119.s2p,,S21,f_pi2,sim,dispersion_mode_1,2.8774448751896,2.87745,5.124810400047863e-06,-11.885637051253575,-110.53861685533971,touchstone_ri,2.8774448751896,1.0,,,
260519_2dsweep,sim,07_3_TDS-body_Novel-2Dsweep-260516_119.s2p,,S22,f_pi2,sim,dispersion_mode_1,2.8774448751896,2.87745,5.124810400047863e-06,-0.2899220711835974,-20.575160889024243,touchstone_ri,2.8774448751896,1.0,,,
260519_2dsweep,sim,07_3_TDS-body_Novel-2Dsweep-260516_12.s2p,,S11,f_pi2,sim,dispersion_mode_1,2.8774448751896,2.87745,5.124810400047863e-06,-0.7322444265418231,-1.3267537990376983,touchstone_ri,2.8774448751896,1.0,,,
260519_2dsweep,sim,07_3_TDS-body_Novel-2Dsweep-260516_12.s2p,,S12,f_pi2,sim,dispersion_mode_1,2.8774448751896,2.87745,5.124810400047863e-06,-8.092366970492296,-91.31460781889389,touchstone_ri,2.8774448751896,1.0,,,
260519_2dsweep,sim,07_3_TDS-body_Novel-2Dsweep-260516_12.s2p,,S21,f_pi2,sim,dispersion_mode_1,2.8774448751896,2.87745,5.124810400047863e-06,-8.092438279905018,-91.31550819076257,touchstone_ri,2.8774448751896,1.0,,,
260519_2dsweep,sim,07_3_TDS-body_Novel-2Dsweep-260516_12.s2p,,S22,f_pi2,sim,dispersion_mode_1,2.8774448751896,2.87745,5.124810400047863e-06,-0.7321338660514786,-1.3073921694480453,touchstone_ri,2.8774448751896,1.0,,,
260519_2dsweep,sim,07_3_TDS-body_Novel-2Dsweep-260516_120.s2p,,S11,f_pi2,sim,dispersion_mode_1,2.8774448751896,2.87745,5.124810400047863e-06,-0.285509639642132,-21.24047091961765,touchstone_ri,2.8774448751896,1.0,,,
260519_2dsweep,sim,07_3_TDS-body_Novel-2Dsweep-260516_120.s2p,,S12,f_pi2,sim,dispersion_mode_1,2.8774448751896,2.87745,5.124810400047863e-06,-11.963703177821536,-111.23524845963986,touchstone_ri,2.8774448751896,1.0,,,
260519_2dsweep,sim,07_3_TDS-body_Novel-2Dsweep-260516_120.s2p,,S21,f_pi2,sim,dispersion_mode_1,2.8774448751896,2.87745,5.124810400047863e-06,-11.963772431034494,-111.23469934680773,touchstone_ri,2.8774448751896,1.0,,,
260519_2dsweep,sim,07_3_TDS-body_Novel-2Dsweep-260516_120.s2p,,S22,f_pi2,sim,dispersion_mode_1,2.8774448751896,2.87745,5.124810400047863e-06,-0.28554114928010954,-21.22795006450961,touchstone_ri,2.8774448751896,1.0,,,
260519_2dsweep,sim,07_3_TDS-body_Novel-2Dsweep-260516_121.s2p,,S11,f_pi2,sim,dispersion_mode_1,2.8774448751896,2.87745,5.124810400047863e-06,-0.2859756034696155,-21.95034309408157,touchstone_ri,2.8774448751896,1.0,,,
260519_2dsweep,sim,07_3_TDS-body_Novel-2Dsweep-260516_121.s2p,,S12,f_pi2,sim,dispersion_mode_1,2.8774448751896,2.87745,5.124810400047863e-06,-11.961583417843462,-111.95277322308092,touchstone_ri,2.8774448751896,1.0,,,
260519_2dsweep,sim,07_3_TDS-body_Novel-2Dsweep-260516_121.s2p,,S21,f_pi2,sim,dispersion_mode_1,2.8774448751896,2.87745,5.124810400047863e-06,-11.962095450307473,-111.95388468448519,touchstone_ri,2.8774448751896,1.0,,,
260519_2dsweep,sim,07_3_TDS-body_Novel-2Dsweep-260516_121.s2p,,S22,f_pi2,sim,dispersion_mode_1,2.8774448751896,2.87745,5.124810400047863e-06,-0.2857253552248796,-21.94905590297989,touchstone_ri,2.8774448751896,1.0,,,
260519_2dsweep,sim,07_3_TDS-body_Novel-2Dsweep-260516_122.s2p,,S11,f_pi2,sim,dispersion_mode_1,2.8774448751896,2.87745,5.124810400047863e-06,-0.28797881434662603,-22.621426164700363,touchstone_ri,2.8774448751896,1.0,,,
260519_2dsweep,sim,07_3_TDS-body_Novel-2Dsweep-260516_122.s2p,,S12,f_pi2,sim,dispersion_mode_1,2.8774448751896,2.87745,5.124810400047863e-06,-11.928164973201715,-112.62219070131337,touchstone_ri,2.8774448751896,1.0,,,
260519_2dsweep,sim,07_3_TDS-body_Novel-2Dsweep-260516_122.s2p,,S21,f_pi2,sim,dispersion_mode_1,2.8774448751896,2.87745,5.124810400047863e-06,-11.928076935420677,-112.62285032839726,touchstone_ri,2.8774448751896,1.0,,,
260519_2dsweep,sim,07_3_TDS-body_Novel-2Dsweep-260516_122.s2p,,S22,f_pi2,sim,dispersion_mode_1,2.8774448751896,2.87745,5.124810400047863e-06,-0.28797586500232614,-22.624919764377864,touchstone_ri,2.8774448751896,1.0,,,
260519_2dsweep,sim,07_3_TDS-body_Novel-2Dsweep-260516_13.s2p,,S11,f_pi2,sim,dispersion_mode_1,2.8774448751896,2.87745,5.124810400047863e-06,-0.715350947591734,-1.5638387511244398,touchstone_ri,2.8774448751896,1.0,,,
260519_2dsweep,sim,07_3_TDS-body_Novel-2Dsweep-260516_13.s2p,,S12,f_pi2,sim,dispersion_mode_1,2.8774448751896,2.87745,5.124810400047863e-06,-8.187626842556751,-91.56133383402326,touchstone_ri,2.8774448751896,1.0,,,
260519_2dsweep,sim,07_3_TDS-body_Novel-2Dsweep-260516_13.s2p,,S21,f_pi2,sim,dispersion_mode_1,2.8774448751896,2.87745,5.124810400047863e-06,-8.187596758268842,-91.56105806744556,touchstone_ri,2.8774448751896,1.0,,,
260519_2dsweep,sim,07_3_TDS-body_Novel-2Dsweep-260516_13.s2p,,S22,f_pi2,sim,dispersion_mode_1,2.8774448751896,2.87745,5.124810400047863e-06,-0.7149683689989634,-1.5569062213513685,touchstone_ri,2.8774448751896,1.0,,,
260519_2dsweep,sim,07_3_TDS-body_Novel-2Dsweep-260516_14.s2p,,S11,f_pi2,sim,dispersion_mode_1,2.8774448751896,2.87745,5.124810400047863e-06,-0.6991340046330683,-1.8146798957456225,touchstone_ri,2.8774448751896,1.0,,,
260519_2dsweep,sim,07_3_TDS-body_Novel-2Dsweep-260516_14.s2p,,S12,f_pi2,sim,dispersion_mode_1,2.8774448751896,2.87745,5.124810400047863e-06,-8.277914048910514,-91.80915442708509,touchstone_ri,2.8774448751896,1.0,,,
260519_2dsweep,sim,07_3_TDS-body_Novel-2Dsweep-260516_14.s2p,,S21,f_pi2,sim,dispersion_mode_1,2.8774448751896,2.87745,5.124810400047863e-06,-8.277780639055464,-91.80962139506465,touchstone_ri,2.8774448751896,1.0,,,
260519_2dsweep,sim,07_3_TDS-body_Novel-2Dsweep-260516_14.s2p,,S22,f_pi2,sim,dispersion_mode_1,2.8774448751896,2.87745,5.124810400047863e-06,-0.6990366910136743,-1.8032251905440442,touchstone_ri,2.8774448751896,1.0,,,
260519_2dsweep,sim,07_3_TDS-body_Novel-2Dsweep-260516_15.s2p,,S11,f_pi2,sim,dispersion_mode_1,2.8774448751896,2.87745,5.124810400047863e-06,-0.6846639921067339,-2.091768076434313,touchstone_ri,2.8774448751896,1.0,,,
260519_2dsweep,sim,07_3_TDS-body_Novel-2Dsweep-260516_15.s2p,,S12,f_pi2,sim,dispersion_mode_1,2.8774448751896,2.87745,5.124810400047863e-06,-8.361154740054285,-92.09002645014523,touchstone_ri,2.8774448751896,1.0,,,
260519_2dsweep,sim,07_3_TDS-body_Novel-2Dsweep-260516_15.s2p,,S21,f_pi2,sim,dispersion_mode_1,2.8774448751896,2.87745,5.124810400047863e-06,-8.361547664597486,-92.089319232129,touchstone_ri,2.8774448751896,1.0,,,
260519_2dsweep,sim,07_3_TDS-body_Novel-2Dsweep-260516_15.s2p,,S22,f_pi2,sim,dispersion_mode_1,2.8774448751896,2.87745,5.124810400047863e-06,-0.6848273546075284,-2.0915125039388682,touchstone_ri,2.8774448751896,1.0,,,
260519_2dsweep,sim,07_3_TDS-body_Novel-2Dsweep-260516_16.s2p,,S11,f_pi2,sim,dispersion_mode_1,2.8774448751896,2.87745,5.124810400047863e-06,-0.6696758717182856,-2.2975140169941963,touchstone_ri,2.8774448751896,1.0,,,
260519_2dsweep,sim,07_3_TDS-body_Novel-2Dsweep-260516_16.s2p,,S12,f_pi2,sim,dispersion_mode_1,2.8774448751896,2.87745,5.124810400047863e-06,-8.45036569123172,-92.29482830528394,touchstone_ri,2.8774448751896,1.0,,,
260519_2dsweep,sim,07_3_TDS-body_Novel-2Dsweep-260516_16.s2p,,S21,f_pi2,sim,dispersion_mode_1,2.8774448751896,2.87745,5.124810400047863e-06,-8.449972548404917,-92.2933606051072,touchstone_ri,2.8774448751896,1.0,,,
260519_2dsweep,sim,07_3_TDS-body_Novel-2Dsweep-260516_16.s2p,,S22,f_pi2,sim,dispersion_mode_1,2.8774448751896,2.87745,5.124810400047863e-06,-0.6694802411290381,-2.3003636193063635,touchstone_ri,2.8774448751896,1.0,,,
260519_2dsweep,sim,07_3_TDS-body_Novel-2Dsweep-260516_17.s2p,,S11,f_pi2,sim,dispersion_mode_1,2.8774448751896,2.87745,5.124810400047863e-06,-0.6567118136217477,-2.5679140690207656,touchstone_ri,2.8774448751896,1.0,,,
260519_2dsweep,sim,07_3_TDS-body_Novel-2Dsweep-260516_17.s2p,,S12,f_pi2,sim,dispersion_mode_1,2.8774448751896,2.87745,5.124810400047863e-06,-8.528697285011052,-92.56787794997705,touchstone_ri,2.8774448751896,1.0,,,
260519_2dsweep,sim,07_3_TDS-body_Novel-2Dsweep-260516_17.s2p,,S21,f_pi2,sim,dispersion_mode_1,2.8774448751896,2.87745,5.124810400047863e-06,-8.528470069325236,-92.56620277373786,touchstone_ri,2.8774448751896,1.0,,,
260519_2dsweep,sim,07_3_TDS-body_Novel-2Dsweep-260516_17.s2p,,S22,f_pi2,sim,dispersion_mode_1,2.8774448751896,2.87745,5.124810400047863e-06,-0.6569561207314418,-2.557589751657948,touchstone_ri,2.8774448751896,1.0,,,
260519_2dsweep,sim,07_3_TDS-body_Novel-2Dsweep-260516_18.s2p,,S11,f_pi2,sim,dispersion_mode_1,2.8774448751896,2.87745,5.124810400047863e-06,-0.642713870050259,-2.78646433840397,touchstone_ri,2.8774448751896,1.0,,,
260519_2dsweep,sim,07_3_TDS-body_Novel-2Dsweep-260516_18.s2p,,S12,f_pi2,sim,dispersion_mode_1,2.8774448751896,2.87745,5.124810400047863e-06,-8.617181338849973,-92.78929930625044,touchstone_ri,2.8774448751896,1.0,,,
260519_2dsweep,sim,07_3_TDS-body_Novel-2Dsweep-260516_18.s2p,,S21,f_pi2,sim,dispersion_mode_1,2.8774448751896,2.87745,5.124810400047863e-06,-8.617299002192059,-92.7900451880138,touchstone_ri,2.8774448751896,1.0,,,
260519_2dsweep,sim,07_3_TDS-body_Novel-2Dsweep-260516_18.s2p,,S22,f_pi2,sim,dispersion_mode_1,2.8774448751896,2.87745,5.124810400047863e-06,-0.6424144198738035,-2.77790182174636,touchstone_ri,2.8774448751896,1.0,,,
260519_2dsweep,sim,07_3_TDS-body_Novel-2Dsweep-260516_19.s2p,,S11,f_pi2,sim,dispersion_mode_1,2.8774448751896,2.87745,5.124810400047863e-06,-0.6311458247346969,-3.0351779712283946,touchstone_ri,2.8774448751896,1.0,,,
260519_2dsweep,sim,07_3_TDS-body_Novel-2Dsweep-260516_19.s2p,,S12,f_pi2,sim,dispersion_mode_1,2.8774448751896,2.87745,5.124810400047863e-06,-8.687909245212818,-93.02517911071254,touchstone_ri,2.8774448751896,1.0,,,
260519_2dsweep,sim,07_3_TDS-body_Novel-2Dsweep-260516_19.s2p,,S21,f_pi2,sim,dispersion_mode_1,2.8774448751896,2.87745,5.124810400047863e-06,-8.687834144771271,-93.02278018231235,touchstone_ri,2.8774448751896,1.0,,,
260519_2dsweep,sim,07_3_TDS-body_Novel-2Dsweep-260516_19.s2p,,S22,f_pi2,sim,dispersion_mode_1,2.8774448751896,2.87745,5.124810400047863e-06,-0.6311394877970746,-3.0144531094129223,touchstone_ri,2.8774448751896,1.0,,,
260519_2dsweep,sim,07_3_TDS-body_Novel-2Dsweep-260516_2.s2p,,S11,f_pi2,sim,dispersion_mode_1,2.8774448751896,2.87745,5.124810400047863e-06,-0.9366387629274997,1.8263011157450124,touchstone_ri,2.8774448751896,1.0,,,
260519_2dsweep,sim,07_3_TDS-body_Novel-2Dsweep-260516_2.s2p,,S12,f_pi2,sim,dispersion_mode_1,2.8774448751896,2.87745,5.124810400047863e-06,-7.12209364631766,-88.16080910295544,touchstone_ri,2.8774448751896,1.0,,,
260519_2dsweep,sim,07_3_TDS-body_Novel-2Dsweep-260516_2.s2p,,S21,f_pi2,sim,dispersion_mode_1,2.8774448751896,2.87745,5.124810400047863e-06,-7.122125694077228,-88.16057911603357,touchstone_ri,2.8774448751896,1.0,,,
260519_2dsweep,sim,07_3_TDS-body_Novel-2Dsweep-260516_2.s2p,,S22,f_pi2,sim,dispersion_mode_1,2.8774448751896,2.87745,5.124810400047863e-06,-0.9366020706286916,1.8524305724304277,touchstone_ri,2.8774448751896,1.0,,,
260519_2dsweep,sim,07_3_TDS-body_Novel-2Dsweep-260516_20.s2p,,S11,f_pi2,sim,dispersion_mode_1,2.8774448751896,2.87745,5.124810400047863e-06,-0.6179603185283724,-3.2597512703266416,touchstone_ri,2.8774448751896,1.0,,,
260519_2dsweep,sim,07_3_TDS-body_Novel-2Dsweep-260516_20.s2p,,S12,f_pi2,sim,dispersion_mode_1,2.8774448751896,2.87745,5.124810400047863e-06,-8.773038859569672,-93.23191361639398,touchstone_ri,2.8774448751896,1.0,,,
260519_2dsweep,sim,07_3_TDS-body_Novel-2Dsweep-260516_20.s2p,,S21,f_pi2,sim,dispersion_mode_1,2.8774448751896,2.87745,5.124810400047863e-06,-8.772989043210725,-93.23288599571086,touchstone_ri,2.8774448751896,1.0,,,
260519_2dsweep,sim,07_3_TDS-body_Novel-2Dsweep-260516_20.s2p,,S22,f_pi2,sim,dispersion_mode_1,2.8774448751896,2.87745,5.124810400047863e-06,-0.6178887976917221,-3.2120281242669293,touchstone_ri,2.8774448751896,1.0,,,
260519_2dsweep,sim,07_3_TDS-body_Novel-2Dsweep-260516_21.s2p,,S11,f_pi2,sim,dispersion_mode_1,2.8774448751896,2.87745,5.124810400047863e-06,-0.605955920090552,-3.452788370742063,touchstone_ri,2.8774448751896,1.0,,,
260519_2dsweep,sim,07_3_TDS-body_Novel-2Dsweep-260516_21.s2p,,S12,f_pi2,sim,dispersion_mode_1,2.8774448751896,2.87745,5.124810400047863e-06,-8.852913770924893,-93.45026987067178,touchstone_ri,2.8774448751896,1.0,,,
260519_2dsweep,sim,07_3_TDS-body_Novel-2Dsweep-260516_21.s2p,,S21,f_pi2,sim,dispersion_mode_1,2.8774448751896,2.87745,5.124810400047863e-06,-8.85305408896623,-93.45314382543594,touchstone_ri,2.8774448751896,1.0,,,
260519_2dsweep,sim,07_3_TDS-body_Novel-2Dsweep-260516_21.s2p,,S22,f_pi2,sim,dispersion_mode_1,2.8774448751896,2.87745,5.124810400047863e-06,-0.6058653475429812,-3.454445881278183,touchstone_ri,2.8774448751896,1.0,,,
260519_2dsweep,sim,07_3_TDS-body_Novel-2Dsweep-260516_22.s2p,,S11,f_pi2,sim,dispersion_mode_1,2.8774448751896,2.87745,5.124810400047863e-06,-0.595566355272932,-3.6769163112446406,touchstone_ri,2.8774448751896,1.0,,,
260519_2dsweep,sim,07_3_TDS-body_Novel-2Dsweep-260516_22.s2p,,S12,f_pi2,sim,dispersion_mode_1,2.8774448751896,2.87745,5.124810400047863e-06,-8.923293289973824,-93.6744773030502,touchstone_ri,2.8774448751896,1.0,,,
260519_2dsweep,sim,07_3_TDS-body_Novel-2Dsweep-260516_22.s2p,,S21,f_pi2,sim,dispersion_mode_1,2.8774448751896,2.87745,5.124810400047863e-06,-8.9231210154238,-93.67496730343134,touchstone_ri,2.8774448751896,1.0,,,
260519_2dsweep,sim,07_3_TDS-body_Novel-2Dsweep-260516_22.s2p,,S22,f_pi2,sim,dispersion_mode_1,2.8774448751896,2.87745,5.124810400047863e-06,-0.5954911112102667,-3.6741702422854745,touchstone_ri,2.8774448751896,1.0,,,
260519_2dsweep,sim,07_3_TDS-body_Novel-2Dsweep-260516_23.s2p,,S11,f_pi2,sim,dispersion_mode_1,2.8774448751896,2.87745,5.124810400047863e-06,-0.5848871129389707,-3.8779281927030755,touchstone_ri,2.8774448751896,1.0,,,
260519_2dsweep,sim,07_3_TDS-body_Novel-2Dsweep-260516_23.s2p,,S12,f_pi2,sim,dispersion_mode_1,2.8774448751896,2.87745,5.124810400047863e-06,-8.996079689835533,-93.88711618646661,touchstone_ri,2.8774448751896,1.0,,,
260519_2dsweep,sim,07_3_TDS-body_Novel-2Dsweep-260516_23.s2p,,S21,f_pi2,sim,dispersion_mode_1,2.8774448751896,2.87745,5.124810400047863e-06,-8.996021063138816,-93.88983534708207,touchstone_ri,2.8774448751896,1.0,,,
260519_2dsweep,sim,07_3_TDS-body_Novel-2Dsweep-260516_23.s2p,,S22,f_pi2,sim,dispersion_mode_1,2.8774448751896,2.87745,5.124810400047863e-06,-0.584861113840909,-3.9014054765790664,touchstone_ri,2.8774448751896,1.0,,,
260519_2dsweep,sim,07_3_TDS-body_Novel-2Dsweep-260516_24.s2p,,S11,f_pi2,sim,dispersion_mode_1,2.8774448751896,2.87745,5.124810400047863e-06,-0.5739288923564831,-4.08685809640859,touchstone_ri,2.8774448751896,1.0,,,
260519_2dsweep,sim,07_3_TDS-body_Novel-2Dsweep-260516_24.s2p,,S12,f_pi2,sim,dispersion_mode_1,2.8774448751896,2.87745,5.124810400047863e-06,-9.07188910443494,-94.09818328763023,touchstone_ri,2.8774448751896,1.0,,,
260519_2dsweep,sim,07_3_TDS-body_Novel-2Dsweep-260516_24.s2p,,S21,f_pi2,sim,dispersion_mode_1,2.8774448751896,2.87745,5.124810400047863e-06,-9.071725657227747,-94.09909181621799,touchstone_ri,2.8774448751896,1.0,,,
260519_2dsweep,sim,07_3_TDS-body_Novel-2Dsweep-260516_24.s2p,,S22,f_pi2,sim,dispersion_mode_1,2.8774448751896,2.87745,5.124810400047863e-06,-0.5742349611373434,-4.103640760415214,touchstone_ri,2.8774448751896,1.0,,,
260519_2dsweep,sim,07_3_TDS-body_Novel-2Dsweep-260516_25.s2p,,S11,f_pi2,sim,dispersion_mode_1,2.8774448751896,2.87745,5.124810400047863e-06,-0.5630538442609,-4.254901875816932,touchstone_ri,2.8774448751896,1.0,,,
260519_2dsweep,sim,07_3_TDS-body_Novel-2Dsweep-260516_25.s2p,,S12,f_pi2,sim,dispersion_mode_1,2.8774448751896,2.87745,5.124810400047863e-06,-9.150159183149459,-94.2667584764736,touchstone_ri,2.8774448751896,1.0,,,
260519_2dsweep,sim,07_3_TDS-body_Novel-2Dsweep-260516_25.s2p,,S21,f_pi2,sim,dispersion_mode_1,2.8774448751896,2.87745,5.124810400047863e-06,-9.15022808613591,-94.26661995356645,touchstone_ri,2.8774448751896,1.0,,,
260519_2dsweep,sim,07_3_TDS-body_Novel-2Dsweep-260516_25.s2p,,S22,f_pi2,sim,dispersion_mode_1,2.8774448751896,2.87745,5.124810400047863e-06,-0.5631341015497668,-4.280097696892611,touchstone_ri,2.8774448751896,1.0,,,
260519_2dsweep,sim,07_3_TDS-body_Novel-2Dsweep-260516_26.s2p,,S11,f_pi2,sim,dispersion_mode_1,2.8774448751896,2.87745,5.124810400047863e-06,-0.5525346740580567,-4.454053495900035,touchstone_ri,2.8774448751896,1.0,,,
260519_2dsweep,sim,07_3_TDS-body_Novel-2Dsweep-260516_26.s2p,,S12,f_pi2,sim,dispersion_mode_1,2.8774448751896,2.87745,5.124810400047863e-06,-9.226964305583069,-94.44519753109974,touchstone_ri,2.8774448751896,1.0,,,
260519_2dsweep,sim,07_3_TDS-body_Novel-2Dsweep-260516_26.s2p,,S21,f_pi2,sim,dispersion_mode_1,2.8774448751896,2.87745,5.124810400047863e-06,-9.226913638947874,-94.44423132373524,touchstone_ri,2.8774448751896,1.0,,,
260519_2dsweep,sim,07_3_TDS-body_Novel-2Dsweep-260516_26.s2p,,S22,f_pi2,sim,dispersion_mode_1,2.8774448751896,2.87745,5.124810400047863e-06,-0.5525149067064736,-4.439806240174047,touchstone_ri,2.8774448751896,1.0,,,
260519_2dsweep,sim,07_3_TDS-body_Novel-2Dsweep-260516_27.s2p,,S11,f_pi2,sim,dispersion_mode_1,2.8774448751896,2.87745,5.124810400047863e-06,-0.5431628771226322,-4.63757363402656,touchstone_ri,2.8774448751896,1.0,,,
260519_2dsweep,sim,07_3_TDS-body_Novel-2Dsweep-260516_27.s2p,,S12,f_pi2,sim,dispersion_mode_1,2.8774448751896,2.87745,5.124810400047863e-06,-9.298462391025414,-94.64182752501117,touchstone_ri,2.8774448751896,1.0,,,
260519_2dsweep,sim,07_3_TDS-body_Novel-2Dsweep-260516_27.s2p,,S21,f_pi2,sim,dispersion_mode_1,2.8774448751896,2.87745,5.124810400047863e-06,-9.298610383593426,-94.64071218977774,touchstone_ri,2.8774448751896,1.0,,,
260519_2dsweep,sim,07_3_TDS-body_Novel-2Dsweep-260516_27.s2p,,S22,f_pi2,sim,dispersion_mode_1,2.8774448751896,2.87745,5.124810400047863e-06,-0.5430498198636271,-4.641423990189777,touchstone_ri,2.8774448751896,1.0,,,
260519_2dsweep,sim,07_3_TDS-body_Novel-2Dsweep-260516_28.s2p,,S11,f_pi2,sim,dispersion_mode_1,2.8774448751896,2.87745,5.124810400047863e-06,-0.5338963676334043,-4.824305209418319,touchstone_ri,2.8774448751896,1.0,,,
260519_2dsweep,sim,07_3_TDS-body_Novel-2Dsweep-260516_28.s2p,,S12,f_pi2,sim,dispersion_mode_1,2.8774448751896,2.87745,5.124810400047863e-06,-9.367375947474098,-94.82090371400554,touchstone_ri,2.8774448751896,1.0,,,
260519_2dsweep,sim,07_3_TDS-body_Novel-2Dsweep-260516_28.s2p,,S21,f_pi2,sim,dispersion_mode_1,2.8774448751896,2.87745,5.124810400047863e-06,-9.367569378003346,-94.82067838220333,touchstone_ri,2.8774448751896,1.0,,,
260519_2dsweep,sim,07_3_TDS-body_Novel-2Dsweep-260516_28.s2p,,S22,f_pi2,sim,dispersion_mode_1,2.8774448751896,2.87745,5.124810400047863e-06,-0.5338956838941098,-4.8203819069510185,touchstone_ri,2.8774448751896,1.0,,,
260519_2dsweep,sim,07_3_TDS-body_Novel-2Dsweep-260516_29.s2p,,S11,f_pi2,sim,dispersion_mode_1,2.8774448751896,2.87745,5.124810400047863e-06,-0.5237667649927664,-4.9828903198985595,touchstone_ri,2.8774448751896,1.0,,,
260519_2dsweep,sim,07_3_TDS-body_Novel-2Dsweep-260516_29.s2p,,S12,f_pi2,sim,dispersion_mode_1,2.8774448751896,2.87745,5.124810400047863e-06,-9.443015790820844,-94.97387243755976,touchstone_ri,2.8774448751896,1.0,,,
260519_2dsweep,sim,07_3_TDS-body_Novel-2Dsweep-260516_29.s2p,,S21,f_pi2,sim,dispersion_mode_1,2.8774448751896,2.87745,5.124810400047863e-06,-9.44348652425871,-94.97546238337121,touchstone_ri,2.8774448751896,1.0,,,
260519_2dsweep,sim,07_3_TDS-body_Novel-2Dsweep-260516_29.s2p,,S22,f_pi2,sim,dispersion_mode_1,2.8774448751896,2.87745,5.124810400047863e-06,-0.5241230188824165,-4.968712076910433,touchstone_ri,2.8774448751896,1.0,,,
260519_2dsweep,sim,07_3_TDS-body_Novel-2Dsweep-260516_3.s2p,,S11,f_pi2,sim,dispersion_mode_1,2.8774448751896,2.87745,5.124810400047863e-06,-0.9124603096181559,1.4547040857810096,touchstone_ri,2.8774448751896,1.0,,,
260519_2dsweep,sim,07_3_TDS-body_Novel-2Dsweep-260516_3.s2p,,S12,f_pi2,sim,dispersion_mode_1,2.8774448751896,2.87745,5.124810400047863e-06,-7.224093074753769,-88.53434885593695,touchstone_ri,2.8774448751896,1.0,,,
260519_2dsweep,sim,07_3_TDS-body_Novel-2Dsweep-260516_3.s2p,,S21,f_pi2,sim,dispersion_mode_1,2.8774448751896,2.87745,5.124810400047863e-06,-7.224086440188223,-88.53336942961715,touchstone_ri,2.8774448751896,1.0,,,
260519_2dsweep,sim,07_3_TDS-body_Novel-2Dsweep-260516_3.s2p,,S22,f_pi2,sim,dispersion_mode_1,2.8774448751896,2.87745,5.124810400047863e-06,-0.9124190884329895,1.4743290320513294,touchstone_ri,2.8774448751896,1.0,,,
260519_2dsweep,sim,07_3_TDS-body_Novel-2Dsweep-260516_30.s2p,,S11,f_pi2,sim,dispersion_mode_1,2.8774448751896,2.87745,5.124810400047863e-06,-0.5161676587389747,-5.1732536149329995,touchstone_ri,2.8774448751896,1.0,,,
260519_2dsweep,sim,07_3_TDS-body_Novel-2Dsweep-260516_30.s2p,,S12,f_pi2,sim,dispersion_mode_1,2.8774448751896,2.87745,5.124810400047863e-06,-9.505371351755912,-95.1757120614482,touchstone_ri,2.8774448751896,1.0,,,
260519_2dsweep,sim,07_3_TDS-body_Novel-2Dsweep-260516_30.s2p,,S21,f_pi2,sim,dispersion_mode_1,2.8774448751896,2.87745,5.124810400047863e-06,-9.505408527081329,-95.17649006734759,touchstone_ri,2.8774448751896,1.0,,,
260519_2dsweep,sim,07_3_TDS-body_Novel-2Dsweep-260516_30.s2p,,S22,f_pi2,sim,dispersion_mode_1,2.8774448751896,2.87745,5.124810400047863e-06,-0.5161793180236337,-5.1782866751989545,touchstone_ri,2.8774448751896,1.0,,,
260519_2dsweep,sim,07_3_TDS-body_Novel-2Dsweep-260516_31.s2p,,S11,f_pi2,sim,dispersion_mode_1,2.8774448751896,2.87745,5.124810400047863e-06,-0.5082562212061846,-5.3547787023241025,touchstone_ri,2.8774448751896,1.0,,,
260519_2dsweep,sim,07_3_TDS-body_Novel-2Dsweep-260516_31.s2p,,S12,f_pi2,sim,dispersion_mode_1,2.8774448751896,2.87745,5.124810400047863e-06,-9.568096523802446,-95.3562017777353,touchstone_ri,2.8774448751896,1.0,,,
260519_2dsweep,sim,07_3_TDS-body_Novel-2Dsweep-260516_31.s2p,,S21,f_pi2,sim,dispersion_mode_1,2.8774448751896,2.87745,5.124810400047863e-06,-9.568090471011368,-95.35378113104797,touchstone_ri,2.8774448751896,1.0,,,
260519_2dsweep,sim,07_3_TDS-body_Novel-2Dsweep-260516_31.s2p,,S22,f_pi2,sim,dispersion_mode_1,2.8774448751896,2.87745,5.124810400047863e-06,-0.5081975309612485,-5.36796252273615,touchstone_ri,2.8774448751896,1.0,,,
260519_2dsweep,sim,07_3_TDS-body_Novel-2Dsweep-260516_32.s2p,,S11,f_pi2,sim,dispersion_mode_1,2.8774448751896,2.87745,5.124810400047863e-06,-0.5000078862250866,-5.530296549831352,touchstone_ri,2.8774448751896,1.0,,,
260519_2dsweep,sim,07_3_TDS-body_Novel-2Dsweep-260516_32.s2p,,S12,f_pi2,sim,dispersion_mode_1,2.8774448751896,2.87745,5.124810400047863e-06,-9.635568337214565,-95.51617543825022,touchstone_ri,2.8774448751896,1.0,,,
260519_2dsweep,sim,07_3_TDS-body_Novel-2Dsweep-260516_32.s2p,,S21,f_pi2,sim,dispersion_mode_1,2.8774448751896,2.87745,5.124810400047863e-06,-9.634890558141041,-95.51551055465404,touchstone_ri,2.8774448751896,1.0,,,
260519_2dsweep,sim,07_3_TDS-body_Novel-2Dsweep-260516_32.s2p,,S22,f_pi2,sim,dispersion_mode_1,2.8774448751896,2.87745,5.124810400047863e-06,-0.49996348825349696,-5.507017488297353,touchstone_ri,2.8774448751896,1.0,,,
260519_2dsweep,sim,07_3_TDS-body_Novel-2Dsweep-260516_33.s2p,,S11,f_pi2,sim,dispersion_mode_1,2.8774448751896,2.87745,5.124810400047863e-06,-0.4917281657250191,-5.682726384604231,touchstone_ri,2.8774448751896,1.0,,,
260519_2dsweep,sim,07_3_TDS-body_Novel-2Dsweep-260516_33.s2p,,S12,f_pi2,sim,dispersion_mode_1,2.8774448751896,2.87745,5.124810400047863e-06,-9.703914038200738,-95.67677969035638,touchstone_ri,2.8774448751896,1.0,,,
260519_2dsweep,sim,07_3_TDS-body_Novel-2Dsweep-260516_33.s2p,,S21,f_pi2,sim,dispersion_mode_1,2.8774448751896,2.87745,5.124810400047863e-06,-9.70393676038889,-95.6793553873119,touchstone_ri,2.8774448751896,1.0,,,
260519_2dsweep,sim,07_3_TDS-body_Novel-2Dsweep-260516_33.s2p,,S22,f_pi2,sim,dispersion_mode_1,2.8774448751896,2.87745,5.124810400047863e-06,-0.4917229014107075,-5.678379561074489,touchstone_ri,2.8774448751896,1.0,,,
260519_2dsweep,sim,07_3_TDS-body_Novel-2Dsweep-260516_34.s2p,,S11,f_pi2,sim,dispersion_mode_1,2.8774448751896,2.87745,5.124810400047863e-06,-0.48624068043499424,-5.901877319948012,touchstone_ri,2.8774448751896,1.0,,,
260519_2dsweep,sim,07_3_TDS-body_Novel-2Dsweep-260516_34.s2p,,S12,f_pi2,sim,dispersion_mode_1,2.8774448751896,2.87745,5.124810400047863e-06,-9.751555264515853,-95.8866116457807,touchstone_ri,2.8774448751896,1.0,,,
260519_2dsweep,sim,07_3_TDS-body_Novel-2Dsweep-260516_34.s2p,,S21,f_pi2,sim,dispersion_mode_1,2.8774448751896,2.87745,5.124810400047863e-06,-9.751608757824513,-95.88675848217059,touchstone_ri,2.8774448751896,1.0,,,
260519_2dsweep,sim,07_3_TDS-body_Novel-2Dsweep-260516_34.s2p,,S22,f_pi2,sim,dispersion_mode_1,2.8774448751896,2.87745,5.124810400047863e-06,-0.4857916793128134,-5.87771934441796,touchstone_ri,2.8774448751896,1.0,,,
260519_2dsweep,sim,07_3_TDS-body_Novel-2Dsweep-260516_35.s2p,,S11,f_pi2,sim,dispersion_mode_1,2.8774448751896,2.87745,5.124810400047863e-06,-0.4773154370179849,-6.033229872128622,touchstone_ri,2.8774448751896,1.0,,,
260519_2dsweep,sim,07_3_TDS-body_Novel-2Dsweep-260516_35.s2p,,S12,f_pi2,sim,dispersion_mode_1,2.8774448751896,2.87745,5.124810400047863e-06,-9.825925939309597,-96.01412555891206,touchstone_ri,2.8774448751896,1.0,,,
260519_2dsweep,sim,07_3_TDS-body_Novel-2Dsweep-260516_35.s2p,,S21,f_pi2,sim,dispersion_mode_1,2.8774448751896,2.87745,5.124810400047863e-06,-9.826310013682672,-96.01578268099757,touchstone_ri,2.8774448751896,1.0,,,
260519_2dsweep,sim,07_3_TDS-body_Novel-2Dsweep-260516_35.s2p,,S22,f_pi2,sim,dispersion_mode_1,2.8774448751896,2.87745,5.124810400047863e-06,-0.4772297168490853,-6.000891324101761,touchstone_ri,2.8774448751896,1.0,,,
260519_2dsweep,sim,07_3_TDS-body_Novel-2Dsweep-260516_36.s2p,,S11,f_pi2,sim,dispersion_mode_1,2.8774448751896,2.87745,5.124810400047863e-06,-0.47078867025204724,-6.192344362211844,touchstone_ri,2.8774448751896,1.0,,,
260519_2dsweep,sim,07_3_TDS-body_Novel-2Dsweep-260516_36.s2p,,S12,f_pi2,sim,dispersion_mode_1,2.8774448751896,2.87745,5.124810400047863e-06,-9.881367261822819,-96.18150665498315,touchstone_ri,2.8774448751896,1.0,,,
260519_2dsweep,sim,07_3_TDS-body_Novel-2Dsweep-260516_36.s2p,,S21,f_pi2,sim,dispersion_mode_1,2.8774448751896,2.87745,5.124810400047863e-06,-9.880873656850472,-96.18382889776733,touchstone_ri,2.8774448751896,1.0,,,
260519_2dsweep,sim,07_3_TDS-body_Novel-2Dsweep-260516_36.s2p,,S22,f_pi2,sim,dispersion_mode_1,2.8774448751896,2.87745,5.124810400047863e-06,-0.4708359237119807,-6.184170859182443,touchstone_ri,2.8774448751896,1.0,,,
260519_2dsweep,sim,07_3_TDS-body_Novel-2Dsweep-260516_37.s2p,,S11,f_pi2,sim,dispersion_mode_1,2.8774448751896,2.87745,5.124810400047863e-06,-0.4644393641335479,-6.364376176596294,touchstone_ri,2.8774448751896,1.0,,,
260519_2dsweep,sim,07_3_TDS-body_Novel-2Dsweep-260516_37.s2p,,S12,f_pi2,sim,dispersion_mode_1,2.8774448751896,2.87745,5.124810400047863e-06,-9.936388409221701,-96.34739953765049,touchstone_ri,2.8774448751896,1.0,,,
260519_2dsweep,sim,07_3_TDS-body_Novel-2Dsweep-260516_37.s2p,,S21,f_pi2,sim,dispersion_mode_1,2.8774448751896,2.87745,5.124810400047863e-06,-9.93643173201416,-96.34559325582615,touchstone_ri,2.8774448751896,1.0,,,
260519_2dsweep,sim,07_3_TDS-body_Novel-2Dsweep-260516_37.s2p,,S22,f_pi2,sim,dispersion_mode_1,2.8774448751896,2.87745,5.124810400047863e-06,-0.46443037759298506,-6.338750806860002,touchstone_ri,2.8774448751896,1.0,,,
260519_2dsweep,sim,07_3_TDS-body_Novel-2Dsweep-260516_38.s2p,,S11,f_pi2,sim,dispersion_mode_1,2.8774448751896,2.87745,5.124810400047863e-06,-0.45708345132230815,-6.485445158673442,touchstone_ri,2.8774448751896,1.0,,,
260519_2dsweep,sim,07_3_TDS-body_Novel-2Dsweep-260516_38.s2p,,S12,f_pi2,sim,dispersion_mode_1,2.8774448751896,2.87745,5.124810400047863e-06,-10.003953854690788,-96.4793574184677,touchstone_ri,2.8774448751896,1.0,,,
260519_2dsweep,sim,07_3_TDS-body_Novel-2Dsweep-260516_38.s2p,,S21,f_pi2,sim,dispersion_mode_1,2.8774448751896,2.87745,5.124810400047863e-06,-10.00467247218246,-96.48040999449118,touchstone_ri,2.8774448751896,1.0,,,
260519_2dsweep,sim,07_3_TDS-body_Novel-2Dsweep-260516_38.s2p,,S22,f_pi2,sim,dispersion_mode_1,2.8774448751896,2.87745,5.124810400047863e-06,-0.4570016316525495,-6.477706496120046,touchstone_ri,2.8774448751896,1.0,,,
260519_2dsweep,sim,07_3_TDS-body_Novel-2Dsweep-260516_39.s2p,,S11,f_pi2,sim,dispersion_mode_1,2.8774448751896,2.87745,5.124810400047863e-06,-0.4499101538278636,-6.609886151204185,touchstone_ri,2.8774448751896,1.0,,,
260519_2dsweep,sim,07_3_TDS-body_Novel-2Dsweep-260516_39.s2p,,S12,f_pi2,sim,dispersion_mode_1,2.8774448751896,2.87745,5.124810400047863e-06,-10.0696222707784,-96.60960311572228,touchstone_ri,2.8774448751896,1.0,,,
260519_2dsweep,sim,07_3_TDS-body_Novel-2Dsweep-260516_39.s2p,,S21,f_pi2,sim,dispersion_mode_1,2.8774448751896,2.87745,5.124810400047863e-06,-10.068956752887633,-96.61444424676212,touchstone_ri,2.8774448751896,1.0,,,
260519_2dsweep,sim,07_3_TDS-body_Novel-2Dsweep-260516_39.s2p,,S22,f_pi2,sim,dispersion_mode_1,2.8774448751896,2.87745,5.124810400047863e-06,-0.44995704002277587,-6.616446446462946,touchstone_ri,2.8774448751896,1.0,,,
260519_2dsweep,sim,07_3_TDS-body_Novel-2Dsweep-260516_4.s2p,,S11,f_pi2,sim,dispersion_mode_1,2.8774448751896,2.87745,5.124810400047863e-06,-0.8892162910811285,1.1046771033687242,touchstone_ri,2.8774448751896,1.0,,,
260519_2dsweep,sim,07_3_TDS-body_Novel-2Dsweep-260516_4.s2p,,S12,f_pi2,sim,dispersion_mode_1,2.8774448751896,2.87745,5.124810400047863e-06,-7.324869932405579,-88.89272229905133,touchstone_ri,2.8774448751896,1.0,,,
260519_2dsweep,sim,07_3_TDS-body_Novel-2Dsweep-260516_4.s2p,,S21,f_pi2,sim,dispersion_mode_1,2.8774448751896,2.87745,5.124810400047863e-06,-7.32484942094524,-88.89288136730617,touchstone_ri,2.8774448751896,1.0,,,
260519_2dsweep,sim,07_3_TDS-body_Novel-2Dsweep-260516_4.s2p,,S22,f_pi2,sim,dispersion_mode_1,2.8774448751896,2.87745,5.124810400047863e-06,-0.8892104360376092,1.1131138942591488,touchstone_ri,2.8774448751896,1.0,,,
260519_2dsweep,sim,07_3_TDS-body_Novel-2Dsweep-260516_40.s2p,,S11,f_pi2,sim,dispersion_mode_1,2.8774448751896,2.87745,5.124810400047863e-06,-0.4438978412913988,-6.7709946817769575,touchstone_ri,2.8774448751896,1.0,,,
260519_2dsweep,sim,07_3_TDS-body_Novel-2Dsweep-260516_40.s2p,,S12,f_pi2,sim,dispersion_mode_1,2.8774448751896,2.87745,5.124810400047863e-06,-10.125521657483983,-96.7704793251168,touchstone_ri,2.8774448751896,1.0,,,
260519_2dsweep,sim,07_3_TDS-body_Novel-2Dsweep-260516_40.s2p,,S21,f_pi2,sim,dispersion_mode_1,2.8774448751896,2.87745,5.124810400047863e-06,-10.125551134371777,-96.7697785768701,touchstone_ri,2.8774448751896,1.0,,,
260519_2dsweep,sim,07_3_TDS-body_Novel-2Dsweep-260516_40.s2p,,S22,f_pi2,sim,dispersion_mode_1,2.8774448751896,2.87745,5.124810400047863e-06,-0.4441347636258764,-6.758576577313028,touchstone_ri,2.8774448751896,1.0,,,
260519_2dsweep,sim,07_3_TDS-body_Novel-2Dsweep-260516_41.s2p,,S11,f_pi2,sim,dispersion_mode_1,2.8774448751896,2.87745,5.124810400047863e-06,-0.438346303364368,-6.925381534619226,touchstone_ri,2.8774448751896,1.0,,,
260519_2dsweep,sim,07_3_TDS-body_Novel-2Dsweep-260516_41.s2p,,S12,f_pi2,sim,dispersion_mode_1,2.8774448751896,2.87745,5.124810400047863e-06,-10.173426699619665,-96.94750014144314,touchstone_ri,2.8774448751896,1.0,,,
260519_2dsweep,sim,07_3_TDS-body_Novel-2Dsweep-260516_41.s2p,,S21,f_pi2,sim,dispersion_mode_1,2.8774448751896,2.87745,5.124810400047863e-06,-10.173546724948663,-96.94921157514817,touchstone_ri,2.8774448751896,1.0,,,
260519_2dsweep,sim,07_3_TDS-body_Novel-2Dsweep-260516_41.s2p,,S22,f_pi2,sim,dispersion_mode_1,2.8774448751896,2.87745,5.124810400047863e-06,-0.43963463663149394,-6.922499361248181,touchstone_ri,2.8774448751896,1.0,,,
260519_2dsweep,sim,07_3_TDS-body_Novel-2Dsweep-260516_42.s2p,,S11,f_pi2,sim,dispersion_mode_1,2.8774448751896,2.87745,5.124810400047863e-06,-0.9532838401828587,1.5018785782641126,touchstone_ri,2.8774448751896,1.0,,,
260519_2dsweep,sim,07_3_TDS-body_Novel-2Dsweep-260516_42.s2p,,S12,f_pi2,sim,dispersion_mode_1,2.8774448751896,2.87745,5.124810400047863e-06,-7.05353280622261,-88.49533440451506,touchstone_ri,2.8774448751896,1.0,,,
260519_2dsweep,sim,07_3_TDS-body_Novel-2Dsweep-260516_42.s2p,,S21,f_pi2,sim,dispersion_mode_1,2.8774448751896,2.87745,5.124810400047863e-06,-7.0538320583392276,-88.49558190922743,touchstone_ri,2.8774448751896,1.0,,,
260519_2dsweep,sim,07_3_TDS-body_Novel-2Dsweep-260516_42.s2p,,S22,f_pi2,sim,dispersion_mode_1,2.8774448751896,2.87745,5.124810400047863e-06,-0.9533835912329127,1.5043333957885094,touchstone_ri,2.8774448751896,1.0,,,
260519_2dsweep,sim,07_3_TDS-body_Novel-2Dsweep-260516_43.s2p,,S11,f_pi2,sim,dispersion_mode_1,2.8774448751896,2.87745,5.124810400047863e-06,-0.927946373168611,1.1448900218975941,touchstone_ri,2.8774448751896,1.0,,,
260519_2dsweep,sim,07_3_TDS-body_Novel-2Dsweep-260516_43.s2p,,S12,f_pi2,sim,dispersion_mode_1,2.8774448751896,2.87745,5.124810400047863e-06,-7.158483587640391,-88.85495924318987,touchstone_ri,2.8774448751896,1.0,,,
260519_2dsweep,sim,07_3_TDS-body_Novel-2Dsweep-260516_43.s2p,,S21,f_pi2,sim,dispersion_mode_1,2.8774448751896,2.87745,5.124810400047863e-06,-7.158417841858238,-88.8561150118372,touchstone_ri,2.8774448751896,1.0,,,
260519_2dsweep,sim,07_3_TDS-body_Novel-2Dsweep-260516_43.s2p,,S22,f_pi2,sim,dispersion_mode_1,2.8774448751896,2.87745,5.124810400047863e-06,-0.9279182830399477,1.1432574904336983,touchstone_ri,2.8774448751896,1.0,,,
260519_2dsweep,sim,07_3_TDS-body_Novel-2Dsweep-260516_44.s2p,,S11,f_pi2,sim,dispersion_mode_1,2.8774448751896,2.87745,5.124810400047863e-06,-0.905339185105078,0.8047717323796395,touchstone_ri,2.8774448751896,1.0,,,
260519_2dsweep,sim,07_3_TDS-body_Novel-2Dsweep-260516_44.s2p,,S12,f_pi2,sim,dispersion_mode_1,2.8774448751896,2.87745,5.124810400047863e-06,-7.254788374946823,-89.2124593204673,touchstone_ri,2.8774448751896,1.0,,,
260519_2dsweep,sim,07_3_TDS-body_Novel-2Dsweep-260516_44.s2p,,S21,f_pi2,sim,dispersion_mode_1,2.8774448751896,2.87745,5.124810400047863e-06,-7.255079384819961,-89.2099391041392,touchstone_ri,2.8774448751896,1.0,,,
260519_2dsweep,sim,07_3_TDS-body_Novel-2Dsweep-260516_44.s2p,,S22,f_pi2,sim,dispersion_mode_1,2.8774448751896,2.87745,5.124810400047863e-06,-0.9053572664873576,0.7713465579667734,touchstone_ri,2.8774448751896,1.0,,,
260519_2dsweep,sim,07_3_TDS-body_Novel-2Dsweep-260516_45.s2p,,S11,f_pi2,sim,dispersion_mode_1,2.8774448751896,2.87745,5.124810400047863e-06,-0.8801251935751009,0.42603735383599745,touchstone_ri,2.8774448751896,1.0,,,
260519_2dsweep,sim,07_3_TDS-body_Novel-2Dsweep-260516_45.s2p,,S12,f_pi2,sim,dispersion_mode_1,2.8774448751896,2.87745,5.124810400047863e-06,-7.364620530617745,-89.55200255605067,touchstone_ri,2.8774448751896,1.0,,,
260519_2dsweep,sim,07_3_TDS-body_Novel-2Dsweep-260516_45.s2p,,S21,f_pi2,sim,dispersion_mode_1,2.8774448751896,2.87745,5.124810400047863e-06,-7.364256061294581,-89.55040373910948,touchstone_ri,2.8774448751896,1.0,,,
260519_2dsweep,sim,07_3_TDS-body_Novel-2Dsweep-260516_45.s2p,,S22,f_pi2,sim,dispersion_mode_1,2.8774448751896,2.87745,5.124810400047863e-06,-0.8799254899947648,0.47027928664557916,touchstone_ri,2.8774448751896,1.0,,,
260519_2dsweep,sim,07_3_TDS-body_Novel-2Dsweep-260516_46.s2p,,S11,f_pi2,sim,dispersion_mode_1,2.8774448751896,2.87745,5.124810400047863e-06,-0.8584794133356732,0.11970119536247853,touchstone_ri,2.8774448751896,1.0,,,
260519_2dsweep,sim,07_3_TDS-body_Novel-2Dsweep-260516_46.s2p,,S12,f_pi2,sim,dispersion_mode_1,2.8774448751896,2.87745,5.124810400047863e-06,-7.46275418591415,-89.87790903751869,touchstone_ri,2.8774448751896,1.0,,,
260519_2dsweep,sim,07_3_TDS-body_Novel-2Dsweep-260516_46.s2p,,S21,f_pi2,sim,dispersion_mode_1,2.8774448751896,2.87745,5.124810400047863e-06,-7.462675517769508,-89.87722978234075,touchstone_ri,2.8774448751896,1.0,,,
260519_2dsweep,sim,07_3_TDS-body_Novel-2Dsweep-260516_46.s2p,,S22,f_pi2,sim,dispersion_mode_1,2.8774448751896,2.87745,5.124810400047863e-06,-0.8585586050792827,0.1210494806111419,touchstone_ri,2.8774448751896,1.0,,,
260519_2dsweep,sim,07_3_TDS-body_Novel-2Dsweep-260516_47.s2p,,S11,f_pi2,sim,dispersion_mode_1,2.8774448751896,2.87745,5.124810400047863e-06,-0.8369450615586377,-0.17242897849848485,touchstone_ri,2.8774448751896,1.0,,,
260519_2dsweep,sim,07_3_TDS-body_Novel-2Dsweep-260516_47.s2p,,S12,f_pi2,sim,dispersion_mode_1,2.8774448751896,2.87745,5.124810400047863e-06,-7.562876885599441,-90.16730904149239,touchstone_ri,2.8774448751896,1.0,,,
260519_2dsweep,sim,07_3_TDS-body_Novel-2Dsweep-260516_47.s2p,,S21,f_pi2,sim,dispersion_mode_1,2.8774448751896,2.87745,5.124810400047863e-06,-7.562983921698006,-90.16636788678554,touchstone_ri,2.8774448751896,1.0,,,
260519_2dsweep,sim,07_3_TDS-body_Novel-2Dsweep-260516_47.s2p,,S22,f_pi2,sim,dispersion_mode_1,2.8774448751896,2.87745,5.124810400047863e-06,-0.8368651637895974,-0.16061082629292922,touchstone_ri,2.8774448751896,1.0,,,
260519_2dsweep,sim,07_3_TDS-body_Novel-2Dsweep-260516_48.s2p,,S11,f_pi2,sim,dispersion_mode_1,2.8774448751896,2.87745,5.124810400047863e-06,-0.816658679927391,-0.505799639982906,touchstone_ri,2.8774448751896,1.0,,,
260519_2dsweep,sim,07_3_TDS-body_Novel-2Dsweep-260516_48.s2p,,S12,f_pi2,sim,dispersion_mode_1,2.8774448751896,2.87745,5.124810400047863e-06,-7.659395479098006,-90.50146397582002,touchstone_ri,2.8774448751896,1.0,,,
260519_2dsweep,sim,07_3_TDS-body_Novel-2Dsweep-260516_48.s2p,,S21,f_pi2,sim,dispersion_mode_1,2.8774448751896,2.87745,5.124810400047863e-06,-7.659596945761814,-90.50279374973796,touchstone_ri,2.8774448751896,1.0,,,
260519_2dsweep,sim,07_3_TDS-body_Novel-2Dsweep-260516_48.s2p,,S22,f_pi2,sim,dispersion_mode_1,2.8774448751896,2.87745,5.124810400047863e-06,-0.8165137033814465,-0.49907961024169434,touchstone_ri,2.8774448751896,1.0,,,
260519_2dsweep,sim,07_3_TDS-body_Novel-2Dsweep-260516_49.s2p,,S11,f_pi2,sim,dispersion_mode_1,2.8774448751896,2.87745,5.124810400047863e-06,-0.797266869611819,-0.8055792933466718,touchstone_ri,2.8774448751896,1.0,,,
260519_2dsweep,sim,07_3_TDS-body_Novel-2Dsweep-260516_49.s2p,,S12,f_pi2,sim,dispersion_mode_1,2.8774448751896,2.87745,5.124810400047863e-06,-7.753745826163273,-90.80416143183346,touchstone_ri,2.8774448751896,1.0,,,
260519_2dsweep,sim,07_3_TDS-body_Novel-2Dsweep-260516_49.s2p,,S21,f_pi2,sim,dispersion_mode_1,2.8774448751896,2.87745,5.124810400047863e-06,-7.753548763998369,-90.80539676026577,touchstone_ri,2.8774448751896,1.0,,,
260519_2dsweep,sim,07_3_TDS-body_Novel-2Dsweep-260516_49.s2p,,S22,f_pi2,sim,dispersion_mode_1,2.8774448751896,2.87745,5.124810400047863e-06,-0.7972118838761706,-0.8120293062354718,touchstone_ri,2.8774448751896,1.0,,,
260519_2dsweep,sim,07_3_TDS-body_Novel-2Dsweep-260516_5.s2p,,S11,f_pi2,sim,dispersion_mode_1,2.8774448751896,2.87745,5.124810400047863e-06,-0.8641201239433026,0.7905754813035912,touchstone_ri,2.8774448751896,1.0,,,
260519_2dsweep,sim,07_3_TDS-body_Novel-2Dsweep-260516_5.s2p,,S12,f_pi2,sim,dispersion_mode_1,2.8774448751896,2.87745,5.124810400047863e-06,-7.436952508622817,-89.20557035449208,touchstone_ri,2.8774448751896,1.0,,,
260519_2dsweep,sim,07_3_TDS-body_Novel-2Dsweep-260516_5.s2p,,S21,f_pi2,sim,dispersion_mode_1,2.8774448751896,2.87745,5.124810400047863e-06,-7.436851007417413,-89.20463410289084,touchstone_ri,2.8774448751896,1.0,,,
260519_2dsweep,sim,07_3_TDS-body_Novel-2Dsweep-260516_5.s2p,,S22,f_pi2,sim,dispersion_mode_1,2.8774448751896,2.87745,5.124810400047863e-06,-0.8642376614179625,0.7983020574602676,touchstone_ri,2.8774448751896,1.0,,,
260519_2dsweep,sim,07_3_TDS-body_Novel-2Dsweep-260516_50.s2p,,S11,f_pi2,sim,dispersion_mode_1,2.8774448751896,2.87745,5.124810400047863e-06,-0.7771555892515541,-1.0519384187211251,touchstone_ri,2.8774448751896,1.0,,,
260519_2dsweep,sim,07_3_TDS-body_Novel-2Dsweep-260516_50.s2p,,S12,f_pi2,sim,dispersion_mode_1,2.8774448751896,2.87745,5.124810400047863e-06,-7.856558055029686,-91.0513866912053,touchstone_ri,2.8774448751896,1.0,,,
260519_2dsweep,sim,07_3_TDS-body_Novel-2Dsweep-260516_50.s2p,,S21,f_pi2,sim,dispersion_mode_1,2.8774448751896,2.87745,5.124810400047863e-06,-7.85672388369446,-91.0537622693205,touchstone_ri,2.8774448751896,1.0,,,
260519_2dsweep,sim,07_3_TDS-body_Novel-2Dsweep-260516_50.s2p,,S22,f_pi2,sim,dispersion_mode_1,2.8774448751896,2.87745,5.124810400047863e-06,-0.7772655516894063,-1.0322856538039917,touchstone_ri,2.8774448751896,1.0,,,
260519_2dsweep,sim,07_3_TDS-body_Novel-2Dsweep-260516_51.s2p,,S11,f_pi2,sim,dispersion_mode_1,2.8774448751896,2.87745,5.124810400047863e-06,-0.7594846701384701,-1.3484423529933827,touchstone_ri,2.8774448751896,1.0,,,
260519_2dsweep,sim,07_3_TDS-body_Novel-2Dsweep-260516_51.s2p,,S12,f_pi2,sim,dispersion_mode_1,2.8774448751896,2.87745,5.124810400047863e-06,-7.946812162124086,-91.33044319467169,touchstone_ri,2.8774448751896,1.0,,,
260519_2dsweep,sim,07_3_TDS-body_Novel-2Dsweep-260516_51.s2p,,S21,f_pi2,sim,dispersion_mode_1,2.8774448751896,2.87745,5.124810400047863e-06,-7.946635388168428,-91.33159392060752,touchstone_ri,2.8774448751896,1.0,,,
260519_2dsweep,sim,07_3_TDS-body_Novel-2Dsweep-260516_51.s2p,,S22,f_pi2,sim,dispersion_mode_1,2.8774448751896,2.87745,5.124810400047863e-06,-0.7594690628756002,-1.3211854623512502,touchstone_ri,2.8774448751896,1.0,,,
260519_2dsweep,sim,07_3_TDS-body_Novel-2Dsweep-260516_52.s2p,,S11,f_pi2,sim,dispersion_mode_1,2.8774448751896,2.87745,5.124810400047863e-06,-0.7437701534735403,-1.6296439050248341,touchstone_ri,2.8774448751896,1.0,,,
260519_2dsweep,sim,07_3_TDS-body_Novel-2Dsweep-260516_52.s2p,,S12,f_pi2,sim,dispersion_mode_1,2.8774448751896,2.87745,5.124810400047863e-06,-8.02980365929854,-91.63909328054419,touchstone_ri,2.8774448751896,1.0,,,
260519_2dsweep,sim,07_3_TDS-body_Novel-2Dsweep-260516_52.s2p,,S21,f_pi2,sim,dispersion_mode_1,2.8774448751896,2.87745,5.124810400047863e-06,-8.029475856474665,-91.63913939640351,touchstone_ri,2.8774448751896,1.0,,,
260519_2dsweep,sim,07_3_TDS-body_Novel-2Dsweep-260516_52.s2p,,S22,f_pi2,sim,dispersion_mode_1,2.8774448751896,2.87745,5.124810400047863e-06,-0.7436845244608989,-1.6459373429801647,touchstone_ri,2.8774448751896,1.0,,,
260519_2dsweep,sim,07_3_TDS-body_Novel-2Dsweep-260516_53.s2p,,S11,f_pi2,sim,dispersion_mode_1,2.8774448751896,2.87745,5.124810400047863e-06,-0.7264322569573529,-1.9045949852172595,touchstone_ri,2.8774448751896,1.0,,,
260519_2dsweep,sim,07_3_TDS-body_Novel-2Dsweep-260516_53.s2p,,S12,f_pi2,sim,dispersion_mode_1,2.8774448751896,2.87745,5.124810400047863e-06,-8.123357921342851,-91.88296227913908,touchstone_ri,2.8774448751896,1.0,,,
260519_2dsweep,sim,07_3_TDS-body_Novel-2Dsweep-260516_53.s2p,,S21,f_pi2,sim,dispersion_mode_1,2.8774448751896,2.87745,5.124810400047863e-06,-8.123475405682186,-91.88670421133786,touchstone_ri,2.8774448751896,1.0,,,
260519_2dsweep,sim,07_3_TDS-body_Novel-2Dsweep-260516_53.s2p,,S22,f_pi2,sim,dispersion_mode_1,2.8774448751896,2.87745,5.124810400047863e-06,-0.7263138347063225,-1.871723313342345,touchstone_ri,2.8774448751896,1.0,,,
260519_2dsweep,sim,07_3_TDS-body_Novel-2Dsweep-260516_54.s2p,,S11,f_pi2,sim,dispersion_mode_1,2.8774448751896,2.87745,5.124810400047863e-06,-0.7105347305612464,-2.1608127951558087,touchstone_ri,2.8774448751896,1.0,,,
260519_2dsweep,sim,07_3_TDS-body_Novel-2Dsweep-260516_54.s2p,,S12,f_pi2,sim,dispersion_mode_1,2.8774448751896,2.87745,5.124810400047863e-06,-8.213142960121,-92.13626188272302,touchstone_ri,2.8774448751896,1.0,,,
260519_2dsweep,sim,07_3_TDS-body_Novel-2Dsweep-260516_54.s2p,,S21,f_pi2,sim,dispersion_mode_1,2.8774448751896,2.87745,5.124810400047863e-06,-8.213233381156815,-92.13787945212404,touchstone_ri,2.8774448751896,1.0,,,
260519_2dsweep,sim,07_3_TDS-body_Novel-2Dsweep-260516_54.s2p,,S22,f_pi2,sim,dispersion_mode_1,2.8774448751896,2.87745,5.124810400047863e-06,-0.7103726175329163,-2.1145902831726047,touchstone_ri,2.8774448751896,1.0,,,
260519_2dsweep,sim,07_3_TDS-body_Novel-2Dsweep-260516_55.s2p,,S11,f_pi2,sim,dispersion_mode_1,2.8774448751896,2.87745,5.124810400047863e-06,-0.6944633786467459,-2.3793792463256778,touchstone_ri,2.8774448751896,1.0,,,
260519_2dsweep,sim,07_3_TDS-body_Novel-2Dsweep-260516_55.s2p,,S12,f_pi2,sim,dispersion_mode_1,2.8774448751896,2.87745,5.124810400047863e-06,-8.303302904002855,-92.38313368111133,touchstone_ri,2.8774448751896,1.0,,,
260519_2dsweep,sim,07_3_TDS-body_Novel-2Dsweep-260516_55.s2p,,S21,f_pi2,sim,dispersion_mode_1,2.8774448751896,2.87745,5.124810400047863e-06,-8.303728140586497,-92.39325718849749,touchstone_ri,2.8774448751896,1.0,,,
260519_2dsweep,sim,07_3_TDS-body_Novel-2Dsweep-260516_55.s2p,,S22,f_pi2,sim,dispersion_mode_1,2.8774448751896,2.87745,5.124810400047863e-06,-0.6945617156882568,-2.394645658477155,touchstone_ri,2.8774448751896,1.0,,,
260519_2dsweep,sim,07_3_TDS-body_Novel-2Dsweep-260516_56.s2p,,S11,f_pi2,sim,dispersion_mode_1,2.8774448751896,2.87745,5.124810400047863e-06,-0.6817010619828496,-2.6539497849899645,touchstone_ri,2.8774448751896,1.0,,,
260519_2dsweep,sim,07_3_TDS-body_Novel-2Dsweep-260516_56.s2p,,S12,f_pi2,sim,dispersion_mode_1,2.8774448751896,2.87745,5.124810400047863e-06,-8.378979184390401,-92.64573830407366,touchstone_ri,2.8774448751896,1.0,,,
260519_2dsweep,sim,07_3_TDS-body_Novel-2Dsweep-260516_56.s2p,,S21,f_pi2,sim,dispersion_mode_1,2.8774448751896,2.87745,5.124810400047863e-06,-8.378790292802014,-92.64814805324778,touchstone_ri,2.8774448751896,1.0,,,
260519_2dsweep,sim,07_3_TDS-body_Novel-2Dsweep-260516_56.s2p,,S22,f_pi2,sim,dispersion_mode_1,2.8774448751896,2.87745,5.124810400047863e-06,-0.681434959295107,-2.6455404733618515,touchstone_ri,2.8774448751896,1.0,,,
260519_2dsweep,sim,07_3_TDS-body_Novel-2Dsweep-260516_57.s2p,,S11,f_pi2,sim,dispersion_mode_1,2.8774448751896,2.87745,5.124810400047863e-06,-0.6656386618894774,-2.8644048827545237,touchstone_ri,2.8774448751896,1.0,,,
260519_2dsweep,sim,07_3_TDS-body_Novel-2Dsweep-260516_57.s2p,,S12,f_pi2,sim,dispersion_mode_1,2.8774448751896,2.87745,5.124810400047863e-06,-8.474467782590091,-92.85772453745395,touchstone_ri,2.8774448751896,1.0,,,
260519_2dsweep,sim,07_3_TDS-body_Novel-2Dsweep-260516_57.s2p,,S21,f_pi2,sim,dispersion_mode_1,2.8774448751896,2.87745,5.124810400047863e-06,-8.474333503343852,-92.85638932944397,touchstone_ri,2.8774448751896,1.0,,,
260519_2dsweep,sim,07_3_TDS-body_Novel-2Dsweep-260516_57.s2p,,S22,f_pi2,sim,dispersion_mode_1,2.8774448751896,2.87745,5.124810400047863e-06,-0.665625372600531,-2.8536478952473727,touchstone_ri,2.8774448751896,1.0,,,
260519_2dsweep,sim,07_3_TDS-body_Novel-2Dsweep-260516_58.s2p,,S11,f_pi2,sim,dispersion_mode_1,2.8774448751896,2.87745,5.124810400047863e-06,-0.6540412559186433,-3.111504183265503,touchstone_ri,2.8774448751896,1.0,,,
260519_2dsweep,sim,07_3_TDS-body_Novel-2Dsweep-260516_58.s2p,,S12,f_pi2,sim,dispersion_mode_1,2.8774448751896,2.87745,5.124810400047863e-06,-8.546042708670385,-93.12122040292302,touchstone_ri,2.8774448751896,1.0,,,
260519_2dsweep,sim,07_3_TDS-body_Novel-2Dsweep-260516_58.s2p,,S21,f_pi2,sim,dispersion_mode_1,2.8774448751896,2.87745,5.124810400047863e-06,-8.545948000137852,-93.12019381358697,touchstone_ri,2.8774448751896,1.0,,,
260519_2dsweep,sim,07_3_TDS-body_Novel-2Dsweep-260516_58.s2p,,S22,f_pi2,sim,dispersion_mode_1,2.8774448751896,2.87745,5.124810400047863e-06,-0.6538971562538621,-3.1341037417162068,touchstone_ri,2.8774448751896,1.0,,,
260519_2dsweep,sim,07_3_TDS-body_Novel-2Dsweep-260516_59.s2p,,S11,f_pi2,sim,dispersion_mode_1,2.8774448751896,2.87745,5.124810400047863e-06,-0.640599481001673,-3.365669723684819,touchstone_ri,2.8774448751896,1.0,,,
260519_2dsweep,sim,07_3_TDS-body_Novel-2Dsweep-260516_59.s2p,,S12,f_pi2,sim,dispersion_mode_1,2.8774448751896,2.87745,5.124810400047863e-06,-8.62838307532986,-93.34763032700135,touchstone_ri,2.8774448751896,1.0,,,
260519_2dsweep,sim,07_3_TDS-body_Novel-2Dsweep-260516_59.s2p,,S21,f_pi2,sim,dispersion_mode_1,2.8774448751896,2.87745,5.124810400047863e-06,-8.628374147738645,-93.34683265860313,touchstone_ri,2.8774448751896,1.0,,,
260519_2dsweep,sim,07_3_TDS-body_Novel-2Dsweep-260516_59.s2p,,S22,f_pi2,sim,dispersion_mode_1,2.8774448751896,2.87745,5.124810400047863e-06,-0.6403139076789656,-3.3384352893018825,touchstone_ri,2.8774448751896,1.0,,,
260519_2dsweep,sim,07_3_TDS-body_Novel-2Dsweep-260516_6.s2p,,S11,f_pi2,sim,dispersion_mode_1,2.8774448751896,2.87745,5.124810400047863e-06,-0.8450195459542359,0.4333637123117187,touchstone_ri,2.8774448751896,1.0,,,
260519_2dsweep,sim,07_3_TDS-body_Novel-2Dsweep-260516_6.s2p,,S12,f_pi2,sim,dispersion_mode_1,2.8774448751896,2.87745,5.124810400047863e-06,-7.524380568221348,-89.5668030763334,touchstone_ri,2.8774448751896,1.0,,,
260519_2dsweep,sim,07_3_TDS-body_Novel-2Dsweep-260516_6.s2p,,S21,f_pi2,sim,dispersion_mode_1,2.8774448751896,2.87745,5.124810400047863e-06,-7.524711813620612,-89.56813860475775,touchstone_ri,2.8774448751896,1.0,,,
260519_2dsweep,sim,07_3_TDS-body_Novel-2Dsweep-260516_6.s2p,,S22,f_pi2,sim,dispersion_mode_1,2.8774448751896,2.87745,5.124810400047863e-06,-0.8452831422458806,0.429235313866528,touchstone_ri,2.8774448751896,1.0,,,
260519_2dsweep,sim,07_3_TDS-body_Novel-2Dsweep-260516_60.s2p,,S11,f_pi2,sim,dispersion_mode_1,2.8774448751896,2.87745,5.124810400047863e-06,-0.6285091935838791,-3.569312320401725,touchstone_ri,2.8774448751896,1.0,,,
260519_2dsweep,sim,07_3_TDS-body_Novel-2Dsweep-260516_60.s2p,,S12,f_pi2,sim,dispersion_mode_1,2.8774448751896,2.87745,5.124810400047863e-06,-8.704613748523478,-93.56814186394999,touchstone_ri,2.8774448751896,1.0,,,
260519_2dsweep,sim,07_3_TDS-body_Novel-2Dsweep-260516_60.s2p,,S21,f_pi2,sim,dispersion_mode_1,2.8774448751896,2.87745,5.124810400047863e-06,-8.704382560230373,-93.56775759069113,touchstone_ri,2.8774448751896,1.0,,,
260519_2dsweep,sim,07_3_TDS-body_Novel-2Dsweep-260516_60.s2p,,S22,f_pi2,sim,dispersion_mode_1,2.8774448751896,2.87745,5.124810400047863e-06,-0.6287266261527615,-3.57298116184948,touchstone_ri,2.8774448751896,1.0,,,
260519_2dsweep,sim,07_3_TDS-body_Novel-2Dsweep-260516_61.s2p,,S11,f_pi2,sim,dispersion_mode_1,2.8774448751896,2.87745,5.124810400047863e-06,-0.6155296697989379,-3.78114435358565,touchstone_ri,2.8774448751896,1.0,,,
260519_2dsweep,sim,07_3_TDS-body_Novel-2Dsweep-260516_61.s2p,,S12,f_pi2,sim,dispersion_mode_1,2.8774448751896,2.87745,5.124810400047863e-06,-8.788997134485793,-93.76940049579483,touchstone_ri,2.8774448751896,1.0,,,
260519_2dsweep,sim,07_3_TDS-body_Novel-2Dsweep-260516_61.s2p,,S21,f_pi2,sim,dispersion_mode_1,2.8774448751896,2.87745,5.124810400047863e-06,-8.789006540195832,-93.76961190573428,touchstone_ri,2.8774448751896,1.0,,,
260519_2dsweep,sim,07_3_TDS-body_Novel-2Dsweep-260516_61.s2p,,S22,f_pi2,sim,dispersion_mode_1,2.8774448751896,2.87745,5.124810400047863e-06,-0.61552909173176,-3.7583180939398737,touchstone_ri,2.8774448751896,1.0,,,
260519_2dsweep,sim,07_3_TDS-body_Novel-2Dsweep-260516_62.s2p,,S11,f_pi2,sim,dispersion_mode_1,2.8774448751896,2.87745,5.124810400047863e-06,-0.6049241093968174,-3.9887646260317946,touchstone_ri,2.8774448751896,1.0,,,
260519_2dsweep,sim,07_3_TDS-body_Novel-2Dsweep-260516_62.s2p,,S12,f_pi2,sim,dispersion_mode_1,2.8774448751896,2.87745,5.124810400047863e-06,-8.859517848906767,-93.99682116912572,touchstone_ri,2.8774448751896,1.0,,,
260519_2dsweep,sim,07_3_TDS-body_Novel-2Dsweep-260516_62.s2p,,S21,f_pi2,sim,dispersion_mode_1,2.8774448751896,2.87745,5.124810400047863e-06,-8.859653119559198,-93.99662939949725,touchstone_ri,2.8774448751896,1.0,,,
260519_2dsweep,sim,07_3_TDS-body_Novel-2Dsweep-260516_62.s2p,,S22,f_pi2,sim,dispersion_mode_1,2.8774448751896,2.87745,5.124810400047863e-06,-0.6049070675716164,-4.006215670538052,touchstone_ri,2.8774448751896,1.0,,,
260519_2dsweep,sim,07_3_TDS-body_Novel-2Dsweep-260516_63.s2p,,S11,f_pi2,sim,dispersion_mode_1,2.8774448751896,2.87745,5.124810400047863e-06,-0.5934058291679561,-4.191466330534731,touchstone_ri,2.8774448751896,1.0,,,
260519_2dsweep,sim,07_3_TDS-body_Novel-2Dsweep-260516_63.s2p,,S12,f_pi2,sim,dispersion_mode_1,2.8774448751896,2.87745,5.124810400047863e-06,-8.937411424729287,-94.19863032674463,touchstone_ri,2.8774448751896,1.0,,,
260519_2dsweep,sim,07_3_TDS-body_Novel-2Dsweep-260516_63.s2p,,S21,f_pi2,sim,dispersion_mode_1,2.8774448751896,2.87745,5.124810400047863e-06,-8.937319162333031,-94.20218704252878,touchstone_ri,2.8774448751896,1.0,,,
260519_2dsweep,sim,07_3_TDS-body_Novel-2Dsweep-260516_63.s2p,,S22,f_pi2,sim,dispersion_mode_1,2.8774448751896,2.87745,5.124810400047863e-06,-0.5933969093748417,-4.211892743567374,touchstone_ri,2.8774448751896,1.0,,,
260519_2dsweep,sim,07_3_TDS-body_Novel-2Dsweep-260516_64.s2p,,S11,f_pi2,sim,dispersion_mode_1,2.8774448751896,2.87745,5.124810400047863e-06,-0.5821962461545069,-4.417151221308855,touchstone_ri,2.8774448751896,1.0,,,
260519_2dsweep,sim,07_3_TDS-body_Novel-2Dsweep-260516_64.s2p,,S12,f_pi2,sim,dispersion_mode_1,2.8774448751896,2.87745,5.124810400047863e-06,-9.015643802523586,-94.39261177285442,touchstone_ri,2.8774448751896,1.0,,,
260519_2dsweep,sim,07_3_TDS-body_Novel-2Dsweep-260516_64.s2p,,S21,f_pi2,sim,dispersion_mode_1,2.8774448751896,2.87745,5.124810400047863e-06,-9.01558996119342,-94.39226322349869,touchstone_ri,2.8774448751896,1.0,,,
260519_2dsweep,sim,07_3_TDS-body_Novel-2Dsweep-260516_64.s2p,,S22,f_pi2,sim,dispersion_mode_1,2.8774448751896,2.87745,5.124810400047863e-06,-0.5822307368453393,-4.3745990291262835,touchstone_ri,2.8774448751896,1.0,,,
260519_2dsweep,sim,07_3_TDS-body_Novel-2Dsweep-260516_65.s2p,,S11,f_pi2,sim,dispersion_mode_1,2.8774448751896,2.87745,5.124810400047863e-06,-0.572121586161552,-4.616614007069572,touchstone_ri,2.8774448751896,1.0,,,
260519_2dsweep,sim,07_3_TDS-body_Novel-2Dsweep-260516_65.s2p,,S12,f_pi2,sim,dispersion_mode_1,2.8774448751896,2.87745,5.124810400047863e-06,-9.086436187545674,-94.59439780527863,touchstone_ri,2.8774448751896,1.0,,,
260519_2dsweep,sim,07_3_TDS-body_Novel-2Dsweep-260516_65.s2p,,S21,f_pi2,sim,dispersion_mode_1,2.8774448751896,2.87745,5.124810400047863e-06,-9.086144552944399,-94.59258216563654,touchstone_ri,2.8774448751896,1.0,,,
260519_2dsweep,sim,07_3_TDS-body_Novel-2Dsweep-260516_65.s2p,,S22,f_pi2,sim,dispersion_mode_1,2.8774448751896,2.87745,5.124810400047863e-06,-0.5721770442416262,-4.579056940597685,touchstone_ri,2.8774448751896,1.0,,,
260519_2dsweep,sim,07_3_TDS-body_Novel-2Dsweep-260516_66.s2p,,S11,f_pi2,sim,dispersion_mode_1,2.8774448751896,2.87745,5.124810400047863e-06,-0.5622133872830644,-4.79263629911348,touchstone_ri,2.8774448751896,1.0,,,
260519_2dsweep,sim,07_3_TDS-body_Novel-2Dsweep-260516_66.s2p,,S12,f_pi2,sim,dispersion_mode_1,2.8774448751896,2.87745,5.124810400047863e-06,-9.157591543935972,-94.79296738657698,touchstone_ri,2.8774448751896,1.0,,,
260519_2dsweep,sim,07_3_TDS-body_Novel-2Dsweep-260516_66.s2p,,S21,f_pi2,sim,dispersion_mode_1,2.8774448751896,2.87745,5.124810400047863e-06,-9.157932760544558,-94.79117068005309,touchstone_ri,2.8774448751896,1.0,,,
260519_2dsweep,sim,07_3_TDS-body_Novel-2Dsweep-260516_66.s2p,,S22,f_pi2,sim,dispersion_mode_1,2.8774448751896,2.87745,5.124810400047863e-06,-0.5620474308594368,-4.793086555743157,touchstone_ri,2.8774448751896,1.0,,,
260519_2dsweep,sim,07_3_TDS-body_Novel-2Dsweep-260516_67.s2p,,S11,f_pi2,sim,dispersion_mode_1,2.8774448751896,2.87745,5.124810400047863e-06,-0.553266954294786,-5.003177744868548,touchstone_ri,2.8774448751896,1.0,,,
260519_2dsweep,sim,07_3_TDS-body_Novel-2Dsweep-260516_67.s2p,,S12,f_pi2,sim,dispersion_mode_1,2.8774448751896,2.87745,5.124810400047863e-06,-9.221635668407629,-95.00165536387816,touchstone_ri,2.8774448751896,1.0,,,
260519_2dsweep,sim,07_3_TDS-body_Novel-2Dsweep-260516_67.s2p,,S21,f_pi2,sim,dispersion_mode_1,2.8774448751896,2.87745,5.124810400047863e-06,-9.221497869655233,-95.00358793672874,touchstone_ri,2.8774448751896,1.0,,,
260519_2dsweep,sim,07_3_TDS-body_Novel-2Dsweep-260516_67.s2p,,S22,f_pi2,sim,dispersion_mode_1,2.8774448751896,2.87745,5.124810400047863e-06,-0.5531961174030646,-5.0087760777488,touchstone_ri,2.8774448751896,1.0,,,
260519_2dsweep,sim,07_3_TDS-body_Novel-2Dsweep-260516_68.s2p,,S11,f_pi2,sim,dispersion_mode_1,2.8774448751896,2.87745,5.124810400047863e-06,-0.5430633831859354,-5.174212803747152,touchstone_ri,2.8774448751896,1.0,,,
260519_2dsweep,sim,07_3_TDS-body_Novel-2Dsweep-260516_68.s2p,,S12,f_pi2,sim,dispersion_mode_1,2.8774448751896,2.87745,5.124810400047863e-06,-9.297639323778467,-95.15966440148641,touchstone_ri,2.8774448751896,1.0,,,
260519_2dsweep,sim,07_3_TDS-body_Novel-2Dsweep-260516_68.s2p,,S21,f_pi2,sim,dispersion_mode_1,2.8774448751896,2.87745,5.124810400047863e-06,-9.297757934879872,-95.15899359119301,touchstone_ri,2.8774448751896,1.0,,,
260519_2dsweep,sim,07_3_TDS-body_Novel-2Dsweep-260516_68.s2p,,S22,f_pi2,sim,dispersion_mode_1,2.8774448751896,2.87745,5.124810400047863e-06,-0.5429670423485427,-5.15191120324137,touchstone_ri,2.8774448751896,1.0,,,
260519_2dsweep,sim,07_3_TDS-body_Novel-2Dsweep-260516_69.s2p,,S11,f_pi2,sim,dispersion_mode_1,2.8774448751896,2.87745,5.124810400047863e-06,-0.5340451351755328,-5.351701271975479,touchstone_ri,2.8774448751896,1.0,,,
260519_2dsweep,sim,07_3_TDS-body_Novel-2Dsweep-260516_69.s2p,,S12,f_pi2,sim,dispersion_mode_1,2.8774448751896,2.87745,5.124810400047863e-06,-9.367090032641848,-95.35287430214507,touchstone_ri,2.8774448751896,1.0,,,
260519_2dsweep,sim,07_3_TDS-body_Novel-2Dsweep-260516_69.s2p,,S21,f_pi2,sim,dispersion_mode_1,2.8774448751896,2.87745,5.124810400047863e-06,-9.367155529365242,-95.35188542379143,touchstone_ri,2.8774448751896,1.0,,,
260519_2dsweep,sim,07_3_TDS-body_Novel-2Dsweep-260516_69.s2p,,S22,f_pi2,sim,dispersion_mode_1,2.8774448751896,2.87745,5.124810400047863e-06,-0.5340594308171609,-5.353122614550051,touchstone_ri,2.8774448751896,1.0,,,
260519_2dsweep,sim,07_3_TDS-body_Novel-2Dsweep-260516_7.s2p,,S11,f_pi2,sim,dispersion_mode_1,2.8774448751896,2.87745,5.124810400047863e-06,-0.8226250759889113,0.14516172195796895,touchstone_ri,2.8774448751896,1.0,,,
260519_2dsweep,sim,07_3_TDS-body_Novel-2Dsweep-260516_7.s2p,,S12,f_pi2,sim,dispersion_mode_1,2.8774448751896,2.87745,5.124810400047863e-06,-7.630672885324009,-89.84636042449846,touchstone_ri,2.8774448751896,1.0,,,
260519_2dsweep,sim,07_3_TDS-body_Novel-2Dsweep-260516_7.s2p,,S21,f_pi2,sim,dispersion_mode_1,2.8774448751896,2.87745,5.124810400047863e-06,-7.6299378048224655,-89.84810104563817,touchstone_ri,2.8774448751896,1.0,,,
260519_2dsweep,sim,07_3_TDS-body_Novel-2Dsweep-260516_7.s2p,,S22,f_pi2,sim,dispersion_mode_1,2.8774448751896,2.87745,5.124810400047863e-06,-0.82271996836219,0.1583688036435753,touchstone_ri,2.8774448751896,1.0,,,
260519_2dsweep,sim,07_3_TDS-body_Novel-2Dsweep-260516_70.s2p,,S11,f_pi2,sim,dispersion_mode_1,2.8774448751896,2.87745,5.124810400047863e-06,-0.5249068313912196,-5.52353154972835,touchstone_ri,2.8774448751896,1.0,,,
260519_2dsweep,sim,07_3_TDS-body_Novel-2Dsweep-260516_70.s2p,,S12,f_pi2,sim,dispersion_mode_1,2.8774448751896,2.87745,5.124810400047863e-06,-9.437165006908003,-95.50903976510398,touchstone_ri,2.8774448751896,1.0,,,
260519_2dsweep,sim,07_3_TDS-body_Novel-2Dsweep-260516_70.s2p,,S21,f_pi2,sim,dispersion_mode_1,2.8774448751896,2.87745,5.124810400047863e-06,-9.437021010054565,-95.51099517652148,touchstone_ri,2.8774448751896,1.0,,,
260519_2dsweep,sim,07_3_TDS-body_Novel-2Dsweep-260516_70.s2p,,S22,f_pi2,sim,dispersion_mode_1,2.8774448751896,2.87745,5.124810400047863e-06,-0.5250737874651288,-5.499498866792109,touchstone_ri,2.8774448751896,1.0,,,
260519_2dsweep,sim,07_3_TDS-body_Novel-2Dsweep-260516_71.s2p,,S11,f_pi2,sim,dispersion_mode_1,2.8774448751896,2.87745,5.124810400047863e-06,-0.5160891706391822,-5.6771783124591835,touchstone_ri,2.8774448751896,1.0,,,
260519_2dsweep,sim,07_3_TDS-body_Novel-2Dsweep-260516_71.s2p,,S12,f_pi2,sim,dispersion_mode_1,2.8774448751896,2.87745,5.124810400047863e-06,-9.507494991982202,-95.68062707283495,touchstone_ri,2.8774448751896,1.0,,,
260519_2dsweep,sim,07_3_TDS-body_Novel-2Dsweep-260516_71.s2p,,S21,f_pi2,sim,dispersion_mode_1,2.8774448751896,2.87745,5.124810400047863e-06,-9.507831287239162,-95.68415972892876,touchstone_ri,2.8774448751896,1.0,,,
260519_2dsweep,sim,07_3_TDS-body_Novel-2Dsweep-260516_71.s2p,,S22,f_pi2,sim,dispersion_mode_1,2.8774448751896,2.87745,5.124810400047863e-06,-0.5160406629312906,-5.680515297987893,touchstone_ri,2.8774448751896,1.0,,,
260519_2dsweep,sim,07_3_TDS-body_Novel-2Dsweep-260516_72.s2p,,S11,f_pi2,sim,dispersion_mode_1,2.8774448751896,2.87745,5.124810400047863e-06,-0.5082943455798169,-5.85803936035333,touchstone_ri,2.8774448751896,1.0,,,
260519_2dsweep,sim,07_3_TDS-body_Novel-2Dsweep-260516_72.s2p,,S12,f_pi2,sim,dispersion_mode_1,2.8774448751896,2.87745,5.124810400047863e-06,-9.569001405420822,-95.85540394526862,touchstone_ri,2.8774448751896,1.0,,,
260519_2dsweep,sim,07_3_TDS-body_Novel-2Dsweep-260516_72.s2p,,S21,f_pi2,sim,dispersion_mode_1,2.8774448751896,2.87745,5.124810400047863e-06,-9.569008494525308,-95.85549046062073,touchstone_ri,2.8774448751896,1.0,,,
260519_2dsweep,sim,07_3_TDS-body_Novel-2Dsweep-260516_72.s2p,,S22,f_pi2,sim,dispersion_mode_1,2.8774448751896,2.87745,5.124810400047863e-06,-0.5082792351840435,-5.851291976463931,touchstone_ri,2.8774448751896,1.0,,,
260519_2dsweep,sim,07_3_TDS-body_Novel-2Dsweep-260516_73.s2p,,S11,f_pi2,sim,dispersion_mode_1,2.8774448751896,2.87745,5.124810400047863e-06,-0.5002112275638866,-6.017671612713863,touchstone_ri,2.8774448751896,1.0,,,
260519_2dsweep,sim,07_3_TDS-body_Novel-2Dsweep-260516_73.s2p,,S12,f_pi2,sim,dispersion_mode_1,2.8774448751896,2.87745,5.124810400047863e-06,-9.633561668235236,-96.01772204102673,touchstone_ri,2.8774448751896,1.0,,,
260519_2dsweep,sim,07_3_TDS-body_Novel-2Dsweep-260516_73.s2p,,S21,f_pi2,sim,dispersion_mode_1,2.8774448751896,2.87745,5.124810400047863e-06,-9.633753638444853,-96.01905574009074,touchstone_ri,2.8774448751896,1.0,,,
260519_2dsweep,sim,07_3_TDS-body_Novel-2Dsweep-260516_73.s2p,,S22,f_pi2,sim,dispersion_mode_1,2.8774448751896,2.87745,5.124810400047863e-06,-0.5001068456614265,-6.024964792073204,touchstone_ri,2.8774448751896,1.0,,,
260519_2dsweep,sim,07_3_TDS-body_Novel-2Dsweep-260516_74.s2p,,S11,f_pi2,sim,dispersion_mode_1,2.8774448751896,2.87745,5.124810400047863e-06,-0.4923602123736768,-6.174890012157487,touchstone_ri,2.8774448751896,1.0,,,
260519_2dsweep,sim,07_3_TDS-body_Novel-2Dsweep-260516_74.s2p,,S12,f_pi2,sim,dispersion_mode_1,2.8774448751896,2.87745,5.124810400047863e-06,-9.70041887654413,-96.16390294225509,touchstone_ri,2.8774448751896,1.0,,,
260519_2dsweep,sim,07_3_TDS-body_Novel-2Dsweep-260516_74.s2p,,S21,f_pi2,sim,dispersion_mode_1,2.8774448751896,2.87745,5.124810400047863e-06,-9.700305288416788,-96.16471442679435,touchstone_ri,2.8774448751896,1.0,,,
260519_2dsweep,sim,07_3_TDS-body_Novel-2Dsweep-260516_74.s2p,,S22,f_pi2,sim,dispersion_mode_1,2.8774448751896,2.87745,5.124810400047863e-06,-0.4915196734254845,-6.180264993661689,touchstone_ri,2.8774448751896,1.0,,,
260519_2dsweep,sim,07_3_TDS-body_Novel-2Dsweep-260516_75.s2p,,S11,f_pi2,sim,dispersion_mode_1,2.8774448751896,2.87745,5.124810400047863e-06,-0.48720072948009474,-6.4104147583891,touchstone_ri,2.8774448751896,1.0,,,
260519_2dsweep,sim,07_3_TDS-body_Novel-2Dsweep-260516_75.s2p,,S12,f_pi2,sim,dispersion_mode_1,2.8774448751896,2.87745,5.124810400047863e-06,-9.74149942802137,-96.38483260917305,touchstone_ri,2.8774448751896,1.0,,,
260519_2dsweep,sim,07_3_TDS-body_Novel-2Dsweep-260516_75.s2p,,S21,f_pi2,sim,dispersion_mode_1,2.8774448751896,2.87745,5.124810400047863e-06,-9.741626407517494,-96.38570234638745,touchstone_ri,2.8774448751896,1.0,,,
260519_2dsweep,sim,07_3_TDS-body_Novel-2Dsweep-260516_75.s2p,,S22,f_pi2,sim,dispersion_mode_1,2.8774448751896,2.87745,5.124810400047863e-06,-0.48721364493963404,-6.366852833147123,touchstone_ri,2.8774448751896,1.0,,,
260519_2dsweep,sim,07_3_TDS-body_Novel-2Dsweep-260516_76.s2p,,S11,f_pi2,sim,dispersion_mode_1,2.8774448751896,2.87745,5.124810400047863e-06,-0.47849842944377696,-6.516578145744378,touchstone_ri,2.8774448751896,1.0,,,
260519_2dsweep,sim,07_3_TDS-body_Novel-2Dsweep-260516_76.s2p,,S12,f_pi2,sim,dispersion_mode_1,2.8774448751896,2.87745,5.124810400047863e-06,-9.813997898335433,-96.5061753050119,touchstone_ri,2.8774448751896,1.0,,,
260519_2dsweep,sim,07_3_TDS-body_Novel-2Dsweep-260516_76.s2p,,S21,f_pi2,sim,dispersion_mode_1,2.8774448751896,2.87745,5.124810400047863e-06,-9.814617424914692,-96.5077401611231,touchstone_ri,2.8774448751896,1.0,,,
260519_2dsweep,sim,07_3_TDS-body_Novel-2Dsweep-260516_76.s2p,,S22,f_pi2,sim,dispersion_mode_1,2.8774448751896,2.87745,5.124810400047863e-06,-0.47843327608248776,-6.512438512732091,touchstone_ri,2.8774448751896,1.0,,,
260519_2dsweep,sim,07_3_TDS-body_Novel-2Dsweep-260516_77.s2p,,S11,f_pi2,sim,dispersion_mode_1,2.8774448751896,2.87745,5.124810400047863e-06,-0.4718964541284895,-6.684362420925306,touchstone_ri,2.8774448751896,1.0,,,
260519_2dsweep,sim,07_3_TDS-body_Novel-2Dsweep-260516_77.s2p,,S12,f_pi2,sim,dispersion_mode_1,2.8774448751896,2.87745,5.124810400047863e-06,-9.873973820541691,-96.67243247290683,touchstone_ri,2.8774448751896,1.0,,,
260519_2dsweep,sim,07_3_TDS-body_Novel-2Dsweep-260516_77.s2p,,S21,f_pi2,sim,dispersion_mode_1,2.8774448751896,2.87745,5.124810400047863e-06,-9.874176131036561,-96.67283594172298,touchstone_ri,2.8774448751896,1.0,,,
260519_2dsweep,sim,07_3_TDS-body_Novel-2Dsweep-260516_77.s2p,,S22,f_pi2,sim,dispersion_mode_1,2.8774448751896,2.87745,5.124810400047863e-06,-0.47157742456479623,-6.666230443142643,touchstone_ri,2.8774448751896,1.0,,,
260519_2dsweep,sim,07_3_TDS-body_Novel-2Dsweep-260516_78.s2p,,S11,f_pi2,sim,dispersion_mode_1,2.8774448751896,2.87745,5.124810400047863e-06,-0.46577216868375126,-6.8532051680137425,touchstone_ri,2.8774448751896,1.0,,,
260519_2dsweep,sim,07_3_TDS-body_Novel-2Dsweep-260516_78.s2p,,S12,f_pi2,sim,dispersion_mode_1,2.8774448751896,2.87745,5.124810400047863e-06,-9.925121345047952,-96.8461522359272,touchstone_ri,2.8774448751896,1.0,,,
260519_2dsweep,sim,07_3_TDS-body_Novel-2Dsweep-260516_78.s2p,,S21,f_pi2,sim,dispersion_mode_1,2.8774448751896,2.87745,5.124810400047863e-06,-9.925019287011727,-96.84619307722436,touchstone_ri,2.8774448751896,1.0,,,
260519_2dsweep,sim,07_3_TDS-body_Novel-2Dsweep-260516_78.s2p,,S22,f_pi2,sim,dispersion_mode_1,2.8774448751896,2.87745,5.124810400047863e-06,-0.46645384281748226,-6.832467210442956,touchstone_ri,2.8774448751896,1.0,,,
260519_2dsweep,sim,07_3_TDS-body_Novel-2Dsweep-260516_79.s2p,,S11,f_pi2,sim,dispersion_mode_1,2.8774448751896,2.87745,5.124810400047863e-06,-0.4584980924276725,-6.968525778218003,touchstone_ri,2.8774448751896,1.0,,,
260519_2dsweep,sim,07_3_TDS-body_Novel-2Dsweep-260516_79.s2p,,S12,f_pi2,sim,dispersion_mode_1,2.8774448751896,2.87745,5.124810400047863e-06,-9.991390647527846,-96.9588174665219,touchstone_ri,2.8774448751896,1.0,,,
260519_2dsweep,sim,07_3_TDS-body_Novel-2Dsweep-260516_79.s2p,,S21,f_pi2,sim,dispersion_mode_1,2.8774448751896,2.87745,5.124810400047863e-06,-9.991442787336599,-96.95802838615968,touchstone_ri,2.8774448751896,1.0,,,
260519_2dsweep,sim,07_3_TDS-body_Novel-2Dsweep-260516_79.s2p,,S22,f_pi2,sim,dispersion_mode_1,2.8774448751896,2.87745,5.124810400047863e-06,-0.4585288213422567,-6.952628133400772,touchstone_ri,2.8774448751896,1.0,,,
260519_2dsweep,sim,07_3_TDS-body_Novel-2Dsweep-260516_8.s2p,,S11,f_pi2,sim,dispersion_mode_1,2.8774448751896,2.87745,5.124810400047863e-06,-0.8045404368474487,-0.21076057928151865,touchstone_ri,2.8774448751896,1.0,,,
260519_2dsweep,sim,07_3_TDS-body_Novel-2Dsweep-260516_8.s2p,,S12,f_pi2,sim,dispersion_mode_1,2.8774448751896,2.87745,5.124810400047863e-06,-7.718454191586824,-90.19846554075362,touchstone_ri,2.8774448751896,1.0,,,
260519_2dsweep,sim,07_3_TDS-body_Novel-2Dsweep-260516_8.s2p,,S21,f_pi2,sim,dispersion_mode_1,2.8774448751896,2.87745,5.124810400047863e-06,-7.717985405944403,-90.20001019035726,touchstone_ri,2.8774448751896,1.0,,,
260519_2dsweep,sim,07_3_TDS-body_Novel-2Dsweep-260516_8.s2p,,S22,f_pi2,sim,dispersion_mode_1,2.8774448751896,2.87745,5.124810400047863e-06,-0.8046721528048453,-0.19000857242691102,touchstone_ri,2.8774448751896,1.0,,,
260519_2dsweep,sim,07_3_TDS-body_Novel-2Dsweep-260516_80.s2p,,S11,f_pi2,sim,dispersion_mode_1,2.8774448751896,2.87745,5.124810400047863e-06,-0.4517122956980229,-7.114731067514354,touchstone_ri,2.8774448751896,1.0,,,
260519_2dsweep,sim,07_3_TDS-body_Novel-2Dsweep-260516_80.s2p,,S12,f_pi2,sim,dispersion_mode_1,2.8774448751896,2.87745,5.124810400047863e-06,-10.051472444896346,-97.10103191732713,touchstone_ri,2.8774448751896,1.0,,,
260519_2dsweep,sim,07_3_TDS-body_Novel-2Dsweep-260516_80.s2p,,S21,f_pi2,sim,dispersion_mode_1,2.8774448751896,2.87745,5.124810400047863e-06,-10.051485068963936,-97.09939017228196,touchstone_ri,2.8774448751896,1.0,,,
260519_2dsweep,sim,07_3_TDS-body_Novel-2Dsweep-260516_80.s2p,,S22,f_pi2,sim,dispersion_mode_1,2.8774448751896,2.87745,5.124810400047863e-06,-0.45176757491354497,-7.0961936383200515,touchstone_ri,2.8774448751896,1.0,,,
260519_2dsweep,sim,07_3_TDS-body_Novel-2Dsweep-260516_81.s2p,,S11,f_pi2,sim,dispersion_mode_1,2.8774448751896,2.87745,5.124810400047863e-06,-0.4465605377144515,-7.278203954044853,touchstone_ri,2.8774448751896,1.0,,,
260519_2dsweep,sim,07_3_TDS-body_Novel-2Dsweep-260516_81.s2p,,S12,f_pi2,sim,dispersion_mode_1,2.8774448751896,2.87745,5.124810400047863e-06,-10.101110516448964,-97.26416105466038,touchstone_ri,2.8774448751896,1.0,,,
260519_2dsweep,sim,07_3_TDS-body_Novel-2Dsweep-260516_81.s2p,,S21,f_pi2,sim,dispersion_mode_1,2.8774448751896,2.87745,5.124810400047863e-06,-10.101245915239495,-97.26458540990416,touchstone_ri,2.8774448751896,1.0,,,
260519_2dsweep,sim,07_3_TDS-body_Novel-2Dsweep-260516_81.s2p,,S22,f_pi2,sim,dispersion_mode_1,2.8774448751896,2.87745,5.124810400047863e-06,-0.4464695825134168,-7.250340349945291,touchstone_ri,2.8774448751896,1.0,,,
260519_2dsweep,sim,07_3_TDS-body_Novel-2Dsweep-260516_82.s2p,,S11,f_pi2,sim,dispersion_mode_1,2.8774448751896,2.87745,5.124810400047863e-06,-0.4389449008795859,-7.3830385618659875,touchstone_ri,2.8774448751896,1.0,,,
260519_2dsweep,sim,07_3_TDS-body_Novel-2Dsweep-260516_82.s2p,,S12,f_pi2,sim,dispersion_mode_1,2.8774448751896,2.87745,5.124810400047863e-06,-10.169594576508072,-97.37143557631937,touchstone_ri,2.8774448751896,1.0,,,
260519_2dsweep,sim,07_3_TDS-body_Novel-2Dsweep-260516_82.s2p,,S21,f_pi2,sim,dispersion_mode_1,2.8774448751896,2.87745,5.124810400047863e-06,-10.169458696095779,-97.37062379188967,touchstone_ri,2.8774448751896,1.0,,,
260519_2dsweep,sim,07_3_TDS-body_Novel-2Dsweep-260516_82.s2p,,S22,f_pi2,sim,dispersion_mode_1,2.8774448751896,2.87745,5.124810400047863e-06,-0.43907583431550967,-7.367115825931089,touchstone_ri,2.8774448751896,1.0,,,
260519_2dsweep,sim,07_3_TDS-body_Novel-2Dsweep-260516_83.s2p,,S11,f_pi2,sim,dispersion_mode_1,2.8774448751896,2.87745,5.124810400047863e-06,-0.9348296263171698,0.9940301495094928,touchstone_ri,2.8774448751896,1.0,,,
260519_2dsweep,sim,07_3_TDS-body_Novel-2Dsweep-260516_83.s2p,,S12,f_pi2,sim,dispersion_mode_1,2.8774448751896,2.87745,5.124810400047863e-06,-7.129077948967563,-88.99771191100992,touchstone_ri,2.8774448751896,1.0,,,
260519_2dsweep,sim,07_3_TDS-body_Novel-2Dsweep-260516_83.s2p,,S21,f_pi2,sim,dispersion_mode_1,2.8774448751896,2.87745,5.124810400047863e-06,-7.129345524025519,-89.00117996396324,touchstone_ri,2.8774448751896,1.0,,,
260519_2dsweep,sim,07_3_TDS-body_Novel-2Dsweep-260516_83.s2p,,S22,f_pi2,sim,dispersion_mode_1,2.8774448751896,2.87745,5.124810400047863e-06,-0.9349125852134693,1.0103946148397693,touchstone_ri,2.8774448751896,1.0,,,
260519_2dsweep,sim,07_3_TDS-body_Novel-2Dsweep-260516_84.s2p,,S11,f_pi2,sim,dispersion_mode_1,2.8774448751896,2.87745,5.124810400047863e-06,-0.8984478879929672,0.9554754972454618,touchstone_ri,2.8774448751896,1.0,,,
260519_2dsweep,sim,07_3_TDS-body_Novel-2Dsweep-260516_84.s2p,,S12,f_pi2,sim,dispersion_mode_1,2.8774448751896,2.87745,5.124810400047863e-06,-7.28766170620811,-89.05097086575012,touchstone_ri,2.8774448751896,1.0,,,
260519_2dsweep,sim,07_3_TDS-body_Novel-2Dsweep-260516_84.s2p,,S21,f_pi2,sim,dispersion_mode_1,2.8774448751896,2.87745,5.124810400047863e-06,-7.287851611781939,-89.04932008668695,touchstone_ri,2.8774448751896,1.0,,,
260519_2dsweep,sim,07_3_TDS-body_Novel-2Dsweep-260516_84.s2p,,S22,f_pi2,sim,dispersion_mode_1,2.8774448751896,2.87745,5.124810400047863e-06,-0.8974576008966872,0.9407082478615728,touchstone_ri,2.8774448751896,1.0,,,
260519_2dsweep,sim,07_3_TDS-body_Novel-2Dsweep-260516_85.s2p,,S11,f_pi2,sim,dispersion_mode_1,2.8774448751896,2.87745,5.124810400047863e-06,-0.8752966805228608,0.5570232885905043,touchstone_ri,2.8774448751896,1.0,,,
260519_2dsweep,sim,07_3_TDS-body_Novel-2Dsweep-260516_85.s2p,,S12,f_pi2,sim,dispersion_mode_1,2.8774448751896,2.87745,5.124810400047863e-06,-7.38797804809597,-89.42692517525523,touchstone_ri,2.8774448751896,1.0,,,
260519_2dsweep,sim,07_3_TDS-body_Novel-2Dsweep-260516_85.s2p,,S21,f_pi2,sim,dispersion_mode_1,2.8774448751896,2.87745,5.124810400047863e-06,-7.388505957186919,-89.41680037316378,touchstone_ri,2.8774448751896,1.0,,,
260519_2dsweep,sim,07_3_TDS-body_Novel-2Dsweep-260516_85.s2p,,S22,f_pi2,sim,dispersion_mode_1,2.8774448751896,2.87745,5.124810400047863e-06,-0.8754174972558457,0.6157702101977507,touchstone_ri,2.8774448751896,1.0,,,
260519_2dsweep,sim,07_3_TDS-body_Novel-2Dsweep-260516_86.s2p,,S11,f_pi2,sim,dispersion_mode_1,2.8774448751896,2.87745,5.124810400047863e-06,-0.8529235016131519,0.24459367298385346,touchstone_ri,2.8774448751896,1.0,,,
260519_2dsweep,sim,07_3_TDS-body_Novel-2Dsweep-260516_86.s2p,,S12,f_pi2,sim,dispersion_mode_1,2.8774448751896,2.87745,5.124810400047863e-06,-7.492951470924611,-89.76613670366739,touchstone_ri,2.8774448751896,1.0,,,
260519_2dsweep,sim,07_3_TDS-body_Novel-2Dsweep-260516_86.s2p,,S21,f_pi2,sim,dispersion_mode_1,2.8774448751896,2.87745,5.124810400047863e-06,-7.493354026160375,-89.76697466183597,touchstone_ri,2.8774448751896,1.0,,,
260519_2dsweep,sim,07_3_TDS-body_Novel-2Dsweep-260516_86.s2p,,S22,f_pi2,sim,dispersion_mode_1,2.8774448751896,2.87745,5.124810400047863e-06,-0.8520984352765691,0.24067311545236594,touchstone_ri,2.8774448751896,1.0,,,
260519_2dsweep,sim,07_3_TDS-body_Novel-2Dsweep-260516_87.s2p,,S11,f_pi2,sim,dispersion_mode_1,2.8774448751896,2.87745,5.124810400047863e-06,-0.8338332542116768,-0.13966305119499772,touchstone_ri,2.8774448751896,1.0,,,
260519_2dsweep,sim,07_3_TDS-body_Novel-2Dsweep-260516_87.s2p,,S12,f_pi2,sim,dispersion_mode_1,2.8774448751896,2.87745,5.124810400047863e-06,-7.577012594255313,-90.13746723142151,touchstone_ri,2.8774448751896,1.0,,,
260519_2dsweep,sim,07_3_TDS-body_Novel-2Dsweep-260516_87.s2p,,S21,f_pi2,sim,dispersion_mode_1,2.8774448751896,2.87745,5.124810400047863e-06,-7.577079151567055,-90.13707896643,touchstone_ri,2.8774448751896,1.0,,,
260519_2dsweep,sim,07_3_TDS-body_Novel-2Dsweep-260516_87.s2p,,S22,f_pi2,sim,dispersion_mode_1,2.8774448751896,2.87745,5.124810400047863e-06,-0.833819666045798,-0.13353084228692402,touchstone_ri,2.8774448751896,1.0,,,
260519_2dsweep,sim,07_3_TDS-body_Novel-2Dsweep-260516_88.s2p,,S11,f_pi2,sim,dispersion_mode_1,2.8774448751896,2.87745,5.124810400047863e-06,-0.811862355986217,-0.41239409950110234,touchstone_ri,2.8774448751896,1.0,,,
260519_2dsweep,sim,07_3_TDS-body_Novel-2Dsweep-260516_88.s2p,,S12,f_pi2,sim,dispersion_mode_1,2.8774448751896,2.87745,5.124810400047863e-06,-7.6830909258248115,-90.41541772830587,touchstone_ri,2.8774448751896,1.0,,,
260519_2dsweep,sim,07_3_TDS-body_Novel-2Dsweep-260516_88.s2p,,S21,f_pi2,sim,dispersion_mode_1,2.8774448751896,2.87745,5.124810400047863e-06,-7.683054428403418,-90.41058447726671,touchstone_ri,2.8774448751896,1.0,,,
260519_2dsweep,sim,07_3_TDS-body_Novel-2Dsweep-260516_88.s2p,,S22,f_pi2,sim,dispersion_mode_1,2.8774448751896,2.87745,5.124810400047863e-06,-0.8115967164970135,-0.4109279907078577,touchstone_ri,2.8774448751896,1.0,,,
260519_2dsweep,sim,07_3_TDS-body_Novel-2Dsweep-260516_89.s2p,,S11,f_pi2,sim,dispersion_mode_1,2.8774448751896,2.87745,5.124810400047863e-06,-0.7947603909833095,-0.7766021127818015,touchstone_ri,2.8774448751896,1.0,,,
260519_2dsweep,sim,07_3_TDS-body_Novel-2Dsweep-260516_89.s2p,,S12,f_pi2,sim,dispersion_mode_1,2.8774448751896,2.87745,5.124810400047863e-06,-7.767659758494405,-90.76197760561057,touchstone_ri,2.8774448751896,1.0,,,
260519_2dsweep,sim,07_3_TDS-body_Novel-2Dsweep-260516_89.s2p,,S21,f_pi2,sim,dispersion_mode_1,2.8774448751896,2.87745,5.124810400047863e-06,-7.768024126084542,-90.7627757183326,touchstone_ri,2.8774448751896,1.0,,,
260519_2dsweep,sim,07_3_TDS-body_Novel-2Dsweep-260516_89.s2p,,S22,f_pi2,sim,dispersion_mode_1,2.8774448751896,2.87745,5.124810400047863e-06,-0.7948305775222497,-0.7637556718638009,touchstone_ri,2.8774448751896,1.0,,,
260519_2dsweep,sim,07_3_TDS-body_Novel-2Dsweep-260516_9.s2p,,S11,f_pi2,sim,dispersion_mode_1,2.8774448751896,2.87745,5.124810400047863e-06,-0.7832201355763939,-0.44261421351651564,touchstone_ri,2.8774448751896,1.0,,,
260519_2dsweep,sim,07_3_TDS-body_Novel-2Dsweep-260516_9.s2p,,S12,f_pi2,sim,dispersion_mode_1,2.8774448751896,2.87745,5.124810400047863e-06,-7.82545417467392,-90.42090628266295,touchstone_ri,2.8774448751896,1.0,,,
260519_2dsweep,sim,07_3_TDS-body_Novel-2Dsweep-260516_9.s2p,,S21,f_pi2,sim,dispersion_mode_1,2.8774448751896,2.87745,5.124810400047863e-06,-7.825160845053338,-90.42081353098762,touchstone_ri,2.8774448751896,1.0,,,
260519_2dsweep,sim,07_3_TDS-body_Novel-2Dsweep-260516_9.s2p,,S22,f_pi2,sim,dispersion_mode_1,2.8774448751896,2.87745,5.124810400047863e-06,-0.7832826543078685,-0.4334123642264225,touchstone_ri,2.8774448751896,1.0,,,
260519_2dsweep,sim,07_3_TDS-body_Novel-2Dsweep-260516_90.s2p,,S11,f_pi2,sim,dispersion_mode_1,2.8774448751896,2.87745,5.124810400047863e-06,-0.7755261720118567,-0.9967247556661942,touchstone_ri,2.8774448751896,1.0,,,
260519_2dsweep,sim,07_3_TDS-body_Novel-2Dsweep-260516_90.s2p,,S12,f_pi2,sim,dispersion_mode_1,2.8774448751896,2.87745,5.124810400047863e-06,-7.8681719172453635,-91.00432756568529,touchstone_ri,2.8774448751896,1.0,,,
260519_2dsweep,sim,07_3_TDS-body_Novel-2Dsweep-260516_90.s2p,,S21,f_pi2,sim,dispersion_mode_1,2.8774448751896,2.87745,5.124810400047863e-06,-7.876300277883654,-91.00465966733364,touchstone_ri,2.8774448751896,1.0,,,
260519_2dsweep,sim,07_3_TDS-body_Novel-2Dsweep-260516_90.s2p,,S22,f_pi2,sim,dispersion_mode_1,2.8774448751896,2.87745,5.124810400047863e-06,-0.775079099650864,-1.0072664137324365,touchstone_ri,2.8774448751896,1.0,,,
260519_2dsweep,sim,07_3_TDS-body_Novel-2Dsweep-260516_91.s2p,,S11,f_pi2,sim,dispersion_mode_1,2.8774448751896,2.87745,5.124810400047863e-06,-0.7538348912696201,-1.2936933171977254,touchstone_ri,2.8774448751896,1.0,,,
260519_2dsweep,sim,07_3_TDS-body_Novel-2Dsweep-260516_91.s2p,,S12,f_pi2,sim,dispersion_mode_1,2.8774448751896,2.87745,5.124810400047863e-06,-7.9760668369620245,-91.31063999089442,touchstone_ri,2.8774448751896,1.0,,,
260519_2dsweep,sim,07_3_TDS-body_Novel-2Dsweep-260516_91.s2p,,S21,f_pi2,sim,dispersion_mode_1,2.8774448751896,2.87745,5.124810400047863e-06,-7.969564661834276,-91.30341091065829,touchstone_ri,2.8774448751896,1.0,,,
260519_2dsweep,sim,07_3_TDS-body_Novel-2Dsweep-260516_91.s2p,,S22,f_pi2,sim,dispersion_mode_1,2.8774448751896,2.87745,5.124810400047863e-06,-0.7539198898953667,-1.2799441534767693,touchstone_ri,2.8774448751896,1.0,,,
260519_2dsweep,sim,07_3_TDS-body_Novel-2Dsweep-260516_92.s2p,,S11,f_pi2,sim,dispersion_mode_1,2.8774448751896,2.87745,5.124810400047863e-06,-0.73616928141693,-1.5959723133680461,touchstone_ri,2.8774448751896,1.0,,,
260519_2dsweep,sim,07_3_TDS-body_Novel-2Dsweep-260516_92.s2p,,S12,f_pi2,sim,dispersion_mode_1,2.8774448751896,2.87745,5.124810400047863e-06,-8.064874880831463,-91.64769006456528,touchstone_ri,2.8774448751896,1.0,,,
260519_2dsweep,sim,07_3_TDS-body_Novel-2Dsweep-260516_92.s2p,,S21,f_pi2,sim,dispersion_mode_1,2.8774448751896,2.87745,5.124810400047863e-06,-8.056095306886954,-91.55178992162922,touchstone_ri,2.8774448751896,1.0,,,
260519_2dsweep,sim,07_3_TDS-body_Novel-2Dsweep-260516_92.s2p,,S22,f_pi2,sim,dispersion_mode_1,2.8774448751896,2.87745,5.124810400047863e-06,-0.7406461765652672,-1.5693332128133397,touchstone_ri,2.8774448751896,1.0,,,
260519_2dsweep,sim,07_3_TDS-body_Novel-2Dsweep-260516_93.s2p,,S11,f_pi2,sim,dispersion_mode_1,2.8774448751896,2.87745,5.124810400047863e-06,-0.7226460982177939,-1.8515938029135974,touchstone_ri,2.8774448751896,1.0,,,
260519_2dsweep,sim,07_3_TDS-body_Novel-2Dsweep-260516_93.s2p,,S12,f_pi2,sim,dispersion_mode_1,2.8774448751896,2.87745,5.124810400047863e-06,-8.145024925688922,-91.8555027719109,touchstone_ri,2.8774448751896,1.0,,,
260519_2dsweep,sim,07_3_TDS-body_Novel-2Dsweep-260516_93.s2p,,S21,f_pi2,sim,dispersion_mode_1,2.8774448751896,2.87745,5.124810400047863e-06,-8.144915431570533,-91.85497333629128,touchstone_ri,2.8774448751896,1.0,,,
260519_2dsweep,sim,07_3_TDS-body_Novel-2Dsweep-260516_93.s2p,,S22,f_pi2,sim,dispersion_mode_1,2.8774448751896,2.87745,5.124810400047863e-06,-0.7226515834099336,-1.8603630246869125,touchstone_ri,2.8774448751896,1.0,,,
260519_2dsweep,sim,07_3_TDS-body_Novel-2Dsweep-260516_94.s2p,,S11,f_pi2,sim,dispersion_mode_1,2.8774448751896,2.87745,5.124810400047863e-06,-0.7040532126051742,-2.088450190015022,touchstone_ri,2.8774448751896,1.0,,,
260519_2dsweep,sim,07_3_TDS-body_Novel-2Dsweep-260516_94.s2p,,S12,f_pi2,sim,dispersion_mode_1,2.8774448751896,2.87745,5.124810400047863e-06,-8.25176770195151,-92.10116156217356,touchstone_ri,2.8774448751896,1.0,,,
260519_2dsweep,sim,07_3_TDS-body_Novel-2Dsweep-260516_94.s2p,,S21,f_pi2,sim,dispersion_mode_1,2.8774448751896,2.87745,5.124810400047863e-06,-8.251996164399044,-92.08793368137833,touchstone_ri,2.8774448751896,1.0,,,
260519_2dsweep,sim,07_3_TDS-body_Novel-2Dsweep-260516_94.s2p,,S22,f_pi2,sim,dispersion_mode_1,2.8774448751896,2.87745,5.124810400047863e-06,-0.7040358943938665,-2.0771897883564567,touchstone_ri,2.8774448751896,1.0,,,
260519_2dsweep,sim,07_3_TDS-body_Novel-2Dsweep-260516_95.s2p,,S11,f_pi2,sim,dispersion_mode_1,2.8774448751896,2.87745,5.124810400047863e-06,-0.6924631581574852,-2.4096293724110525,touchstone_ri,2.8774448751896,1.0,,,
260519_2dsweep,sim,07_3_TDS-body_Novel-2Dsweep-260516_95.s2p,,S12,f_pi2,sim,dispersion_mode_1,2.8774448751896,2.87745,5.124810400047863e-06,-8.315474391814519,-92.41178449667228,touchstone_ri,2.8774448751896,1.0,,,
260519_2dsweep,sim,07_3_TDS-body_Novel-2Dsweep-260516_95.s2p,,S21,f_pi2,sim,dispersion_mode_1,2.8774448751896,2.87745,5.124810400047863e-06,-8.315611962676806,-92.41218149577881,touchstone_ri,2.8774448751896,1.0,,,
260519_2dsweep,sim,07_3_TDS-body_Novel-2Dsweep-260516_95.s2p,,S22,f_pi2,sim,dispersion_mode_1,2.8774448751896,2.87745,5.124810400047863e-06,-0.6925847027909333,-2.4154998607045006,touchstone_ri,2.8774448751896,1.0,,,
260519_2dsweep,sim,07_3_TDS-body_Novel-2Dsweep-260516_96.s2p,,S11,f_pi2,sim,dispersion_mode_1,2.8774448751896,2.87745,5.124810400047863e-06,-0.6766754289067223,-2.6441455192924606,touchstone_ri,2.8774448751896,1.0,,,
260519_2dsweep,sim,07_3_TDS-body_Novel-2Dsweep-260516_96.s2p,,S12,f_pi2,sim,dispersion_mode_1,2.8774448751896,2.87745,5.124810400047863e-06,-8.406990437093722,-92.6451908856487,touchstone_ri,2.8774448751896,1.0,,,
260519_2dsweep,sim,07_3_TDS-body_Novel-2Dsweep-260516_96.s2p,,S21,f_pi2,sim,dispersion_mode_1,2.8774448751896,2.87745,5.124810400047863e-06,-8.407138594530323,-92.64543333391407,touchstone_ri,2.8774448751896,1.0,,,
260519_2dsweep,sim,07_3_TDS-body_Novel-2Dsweep-260516_96.s2p,,S22,f_pi2,sim,dispersion_mode_1,2.8774448751896,2.87745,5.124810400047863e-06,-0.6768035570874558,-2.647796151918366,touchstone_ri,2.8774448751896,1.0,,,
260519_2dsweep,sim,07_3_TDS-body_Novel-2Dsweep-260516_97.s2p,,S11,f_pi2,sim,dispersion_mode_1,2.8774448751896,2.87745,5.124810400047863e-06,-0.66343563373668,-2.88157315957826,touchstone_ri,2.8774448751896,1.0,,,
260519_2dsweep,sim,07_3_TDS-body_Novel-2Dsweep-260516_97.s2p,,S12,f_pi2,sim,dispersion_mode_1,2.8774448751896,2.87745,5.124810400047863e-06,-8.488733472567787,-92.91274569509197,touchstone_ri,2.8774448751896,1.0,,,
260519_2dsweep,sim,07_3_TDS-body_Novel-2Dsweep-260516_97.s2p,,S21,f_pi2,sim,dispersion_mode_1,2.8774448751896,2.87745,5.124810400047863e-06,-8.487973415044912,-92.87860265765842,touchstone_ri,2.8774448751896,1.0,,,
260519_2dsweep,sim,07_3_TDS-body_Novel-2Dsweep-260516_97.s2p,,S22,f_pi2,sim,dispersion_mode_1,2.8774448751896,2.87745,5.124810400047863e-06,-0.6638199515557718,-2.8738038624414886,touchstone_ri,2.8774448751896,1.0,,,
260519_2dsweep,sim,07_3_TDS-body_Novel-2Dsweep-260516_98.s2p,,S11,f_pi2,sim,dispersion_mode_1,2.8774448751896,2.87745,5.124810400047863e-06,-0.6494107887502941,-3.0577797018821835,touchstone_ri,2.8774448751896,1.0,,,
260519_2dsweep,sim,07_3_TDS-body_Novel-2Dsweep-260516_98.s2p,,S12,f_pi2,sim,dispersion_mode_1,2.8774448751896,2.87745,5.124810400047863e-06,-8.586174490304447,-93.06854425515905,touchstone_ri,2.8774448751896,1.0,,,
260519_2dsweep,sim,07_3_TDS-body_Novel-2Dsweep-260516_98.s2p,,S21,f_pi2,sim,dispersion_mode_1,2.8774448751896,2.87745,5.124810400047863e-06,-8.585834817550115,-93.06744514122099,touchstone_ri,2.8774448751896,1.0,,,
260519_2dsweep,sim,07_3_TDS-body_Novel-2Dsweep-260516_98.s2p,,S22,f_pi2,sim,dispersion_mode_1,2.8774448751896,2.87745,5.124810400047863e-06,-0.6485249928142495,-3.046357665791303,touchstone_ri,2.8774448751896,1.0,,,
260519_2dsweep,sim,07_3_TDS-body_Novel-2Dsweep-260516_99.s2p,,S11,f_pi2,sim,dispersion_mode_1,2.8774448751896,2.87745,5.124810400047863e-06,-0.6351239155849389,-3.2893661664436356,touchstone_ri,2.8774448751896,1.0,,,
260519_2dsweep,sim,07_3_TDS-body_Novel-2Dsweep-260516_99.s2p,,S12,f_pi2,sim,dispersion_mode_1,2.8774448751896,2.87745,5.124810400047863e-06,-8.666472429308797,-93.29291591180534,touchstone_ri,2.8774448751896,1.0,,,
260519_2dsweep,sim,07_3_TDS-body_Novel-2Dsweep-260516_99.s2p,,S21,f_pi2,sim,dispersion_mode_1,2.8774448751896,2.87745,5.124810400047863e-06,-8.6668159727781,-93.29085496154624,touchstone_ri,2.8774448751896,1.0,,,
260519_2dsweep,sim,07_3_TDS-body_Novel-2Dsweep-260516_99.s2p,,S22,f_pi2,sim,dispersion_mode_1,2.8774448751896,2.87745,5.124810400047863e-06,-0.6353357559893171,-3.297400225828083,touchstone_ri,2.8774448751896,1.0,,,
