dataset_id,data_layer,marker_name,marker_role,s_name,position_family,from_source_file,to_source_file,from_tune_position,to_tune_position,target_freq_ghz,from_freq_ghz,to_freq_ghz,from_s_db,to_s_db,from_phase_deg,to_phase_deg,signed_phase_step_deg,phase_advance_0to360_deg,phase_error_from_240_deg
260519_2dsweep,sim,f_2pi3,sim,S11,offset_nan,07_3_TDS-body_Novel-2Dsweep-260516_1.s2p,07_3_TDS-body_Novel-2Dsweep-260516_10.s2p,,,2.8571160335532,2.85711,2.85711,-5.124229593386099,-2.363318092252433,76.54531403547323,55.8351231925039,-20.710190842969325,339.2898091570307,99.28980915703067
260519_2dsweep,sim,f_2pi3,sim,S11,offset_nan,07_3_TDS-body_Novel-2Dsweep-260516_10.s2p,07_3_TDS-body_Novel-2Dsweep-260516_100.s2p,,,2.8571160335532,2.85711,2.85711,-2.363318092252433,-1.46830909247764,55.8351231925039,43.216593756993866,-12.618529435510027,347.38147056449,107.38147056448997
260519_2dsweep,sim,f_2pi3,sim,S11,offset_nan,07_3_TDS-body_Novel-2Dsweep-260516_100.s2p,07_3_TDS-body_Novel-2Dsweep-260516_101.s2p,,,2.8571160335532,2.85711,2.85711,-1.46830909247764,-1.3704253618104918,43.216593756993866,41.848402963118865,-1.3681907938749873,358.631809206125,118.63180920612501
260519_2dsweep,sim,f_2pi3,sim,S11,offset_nan,07_3_TDS-body_Novel-2Dsweep-260516_101.s2p,07_3_TDS-body_Novel-2Dsweep-260516_103.s2p,,,2.8571160335532,2.85711,2.85711,-1.3704253618104918,-6.128407398430426,41.848402963118865,69.88604163017399,28.03763866705512,28.03763866705512,-211.96236133294488
260519_2dsweep,sim,f_2pi3,sim,S11,offset_nan,07_3_TDS-body_Novel-2Dsweep-260516_103.s2p,07_3_TDS-body_Novel-2Dsweep-260516_104.s2p,,,2.8571160335532,2.85711,2.85711,-6.128407398430426,-2.450765534682346,69.88604163017399,47.503074243863594,-22.382967386310384,337.6170326136896,97.61703261368962
260519_2dsweep,sim,f_2pi3,sim,S11,offset_nan,07_3_TDS-body_Novel-2Dsweep-260516_104.s2p,07_3_TDS-body_Novel-2Dsweep-260516_105.s2p,,,2.8571160335532,2.85711,2.85711,-2.450765534682346,-1.1934968699287876,47.503074243863594,33.41331047903319,-14.089763764830394,345.9102362351696,105.91023623516958
260519_2dsweep,sim,f_2pi3,sim,S11,offset_nan,07_3_TDS-body_Novel-2Dsweep-260516_105.s2p,07_3_TDS-body_Novel-2Dsweep-260516_106.s2p,,,2.8571160335532,2.85711,2.85711,-1.1934968699287876,-0.6680468852041294,33.41331047903319,24.41131504245877,-9.001995436574418,350.9980045634256,110.99800456342558
260519_2dsweep,sim,f_2pi3,sim,S11,offset_nan,07_3_TDS-body_Novel-2Dsweep-260516_106.s2p,07_3_TDS-body_Novel-2Dsweep-260516_107.s2p,,,2.8571160335532,2.85711,2.85711,-0.6680468852041294,-0.4203878717554127,24.41131504245877,18.395111930255165,-6.016203112203613,353.9837968877964,113.98379688779642
260519_2dsweep,sim,f_2pi3,sim,S11,offset_nan,07_3_TDS-body_Novel-2Dsweep-260516_107.s2p,07_3_TDS-body_Novel-2Dsweep-260516_108.s2p,,,2.8571160335532,2.85711,2.85711,-0.4203878717554127,-5.226576509555576,18.395111930255165,57.242412154775565,38.84730022452038,38.84730022452038,-201.15269977547962
260519_2dsweep,sim,f_2pi3,sim,S11,offset_nan,07_3_TDS-body_Novel-2Dsweep-260516_108.s2p,07_3_TDS-body_Novel-2Dsweep-260516_109.s2p,,,2.8571160335532,2.85711,2.85711,-5.226576509555576,-2.132883393800435,57.242412154775565,37.53902655682317,-19.703385597952405,340.29661440204757,100.29661440204757
260519_2dsweep,sim,f_2pi3,sim,S11,offset_nan,07_3_TDS-body_Novel-2Dsweep-260516_109.s2p,07_3_TDS-body_Novel-2Dsweep-260516_11.s2p,,,2.8571160335532,2.85711,2.85711,-2.132883393800435,-2.202607954711726,37.53902655682317,54.11648563406371,16.577459077240547,16.577459077240547,-223.42254092275945
260519_2dsweep,sim,f_2pi3,sim,S11,offset_nan,07_3_TDS-body_Novel-2Dsweep-260516_11.s2p,07_3_TDS-body_Novel-2Dsweep-260516_110.s2p,,,2.8571160335532,2.85711,2.85711,-2.202607954711726,-1.0566565246987323,54.11648563406371,25.375535998594735,-28.74094963546898,331.25905036453105,91.25905036453105
260519_2dsweep,sim,f_2pi3,sim,S11,offset_nan,07_3_TDS-body_Novel-2Dsweep-260516_110.s2p,07_3_TDS-body_Novel-2Dsweep-260516_111.s2p,,,2.8571160335532,2.85711,2.85711,-1.0566565246987323,-0.6162090602718496,25.375535998594735,17.97258035285416,-7.402955645740576,352.5970443542594,112.59704435425942
260519_2dsweep,sim,f_2pi3,sim,S11,offset_nan,07_3_TDS-body_Novel-2Dsweep-260516_111.s2p,07_3_TDS-body_Novel-2Dsweep-260516_112.s2p,,,2.8571160335532,2.85711,2.85711,-0.6162090602718496,-0.4006259652980864,17.97258035285416,13.04825211786665,-4.924328234987513,355.0756717650125,115.07567176501249
260519_2dsweep,sim,f_2pi3,sim,S11,offset_nan,07_3_TDS-body_Novel-2Dsweep-260516_112.s2p,07_3_TDS-body_Novel-2Dsweep-260516_113.s2p,,,2.8571160335532,2.85711,2.85711,-0.4006259652980864,-3.5100765602463686,13.04825211786665,41.77279961526357,28.724547497396912,28.724547497396912,-211.2754525026031
260519_2dsweep,sim,f_2pi3,sim,S11,offset_nan,07_3_TDS-body_Novel-2Dsweep-260516_113.s2p,07_3_TDS-body_Novel-2Dsweep-260516_114.s2p,,,2.8571160335532,2.85711,2.85711,-3.5100765602463686,-1.525074490457645,41.77279961526357,25.909282480993323,-15.86351713427024,344.13648286572976,104.13648286572976
260519_2dsweep,sim,f_2pi3,sim,S11,offset_nan,07_3_TDS-body_Novel-2Dsweep-260516_114.s2p,07_3_TDS-body_Novel-2Dsweep-260516_115.s2p,,,2.8571160335532,2.85711,2.85711,-1.525074490457645,-0.8412087208530532,25.909282480993323,17.197935876771446,-8.711346604221887,351.2886533957781,111.28865339577811
260519_2dsweep,sim,f_2pi3,sim,S11,offset_nan,07_3_TDS-body_Novel-2Dsweep-260516_115.s2p,07_3_TDS-body_Novel-2Dsweep-260516_116.s2p,,,2.8571160335532,2.85711,2.85711,-0.8412087208530532,-0.5165261254246027,17.197935876771446,11.46406850076309,-5.733867376008362,354.26613262399167,114.26613262399167
260519_2dsweep,sim,f_2pi3,sim,S11,offset_nan,07_3_TDS-body_Novel-2Dsweep-260516_116.s2p,07_3_TDS-body_Novel-2Dsweep-260516_117.s2p,,,2.8571160335532,2.85711,2.85711,-0.5165261254246027,-0.3535078435649008,11.46406850076309,7.702886041798546,-3.761182458964555,356.2388175410355,116.23881754103547
260519_2dsweep,sim,f_2pi3,sim,S11,offset_nan,07_3_TDS-body_Novel-2Dsweep-260516_117.s2p,07_3_TDS-body_Novel-2Dsweep-260516_118.s2p,,,2.8571160335532,2.85711,2.85711,-0.3535078435649008,-1.8341546097767498,7.702886041798546,24.547791850268577,16.84490580847003,16.84490580847003,-223.15509419152997
260519_2dsweep,sim,f_2pi3,sim,S11,offset_nan,07_3_TDS-body_Novel-2Dsweep-260516_118.s2p,07_3_TDS-body_Novel-2Dsweep-260516_119.s2p,,,2.8571160335532,2.85711,2.85711,-1.8341546097767498,-0.9257002760502824,24.547791850268577,14.363588015378909,-10.184203834889672,349.8157961651103,109.81579616511033
260519_2dsweep,sim,f_2pi3,sim,S11,offset_nan,07_3_TDS-body_Novel-2Dsweep-260516_119.s2p,07_3_TDS-body_Novel-2Dsweep-260516_12.s2p,,,2.8571160335532,2.85711,2.85711,-0.9257002760502824,-2.0173341979513006,14.363588015378909,52.09153383475081,37.72794581937191,37.72794581937191,-202.2720541806281
260519_2dsweep,sim,f_2pi3,sim,S11,offset_nan,07_3_TDS-body_Novel-2Dsweep-260516_12.s2p,07_3_TDS-body_Novel-2Dsweep-260516_120.s2p,,,2.8571160335532,2.85711,2.85711,-2.0173341979513006,-0.6238312614002974,52.09153383475081,9.687519237813714,-42.40401459693709,317.5959854030629,77.59598540306291
260519_2dsweep,sim,f_2pi3,sim,S11,offset_nan,07_3_TDS-body_Novel-2Dsweep-260516_120.s2p,07_3_TDS-body_Novel-2Dsweep-260516_121.s2p,,,2.8571160335532,2.85711,2.85711,-0.6238312614002974,-0.4180872111602645,9.687519237813714,5.653401648637236,-4.034117589176475,355.9658824108235,115.9658824108235
260519_2dsweep,sim,f_2pi3,sim,S11,offset_nan,07_3_TDS-body_Novel-2Dsweep-260516_121.s2p,07_3_TDS-body_Novel-2Dsweep-260516_122.s2p,,,2.8571160335532,2.85711,2.85711,-0.4180872111602645,-0.30199823449477503,5.653401648637236,2.856774328344094,-2.7966273202931404,357.20337267970683,117.20337267970683
260519_2dsweep,sim,f_2pi3,sim,S11,offset_nan,07_3_TDS-body_Novel-2Dsweep-260516_122.s2p,07_3_TDS-body_Novel-2Dsweep-260516_13.s2p,,,2.8571160335532,2.85711,2.85711,-0.30199823449477503,-1.8844372915431769,2.856774328344094,50.474257574967055,47.61748324662295,47.61748324662295,-192.38251675337705
260519_2dsweep,sim,f_2pi3,sim,S11,offset_nan,07_3_TDS-body_Novel-2Dsweep-260516_13.s2p,07_3_TDS-body_Novel-2Dsweep-260516_14.s2p,,,2.8571160335532,2.85711,2.85711,-1.8844372915431769,-1.7509847097914402,50.474257574967055,48.855640469440644,-1.6186171055264253,358.3813828944736,118.38138289447357
260519_2dsweep,sim,f_2pi3,sim,S11,offset_nan,07_3_TDS-body_Novel-2Dsweep-260516_14.s2p,07_3_TDS-body_Novel-2Dsweep-260516_15.s2p,,,2.8571160335532,2.85711,2.85711,-1.7509847097914402,-1.6099068532194378,48.855640469440644,47.114388390589895,-1.7412520788507493,358.2587479211493,118.25874792114928
260519_2dsweep,sim,f_2pi3,sim,S11,offset_nan,07_3_TDS-body_Novel-2Dsweep-260516_15.s2p,07_3_TDS-body_Novel-2Dsweep-260516_16.s2p,,,2.8571160335532,2.85711,2.85711,-1.6099068532194378,-1.5175840992484815,47.114388390589895,45.78786728435884,-1.3265211062310414,358.67347889376896,118.67347889376896
260519_2dsweep,sim,f_2pi3,sim,S11,offset_nan,07_3_TDS-body_Novel-2Dsweep-260516_16.s2p,07_3_TDS-body_Novel-2Dsweep-260516_17.s2p,,,2.8571160335532,2.85711,2.85711,-1.5175840992484815,-1.4032774229334044,45.78786728435884,44.223201657260795,-1.5646656270980372,358.43533437290193,118.43533437290193
260519_2dsweep,sim,f_2pi3,sim,S11,offset_nan,07_3_TDS-body_Novel-2Dsweep-260516_17.s2p,07_3_TDS-body_Novel-2Dsweep-260516_18.s2p,,,2.8571160335532,2.85711,2.85711,-1.4032774229334044,-1.3072749349366062,44.223201657260795,42.80380434139289,-1.4193973158679114,358.5806026841321,118.58060268413209
260519_2dsweep,sim,f_2pi3,sim,S11,offset_nan,07_3_TDS-body_Novel-2Dsweep-260516_18.s2p,07_3_TDS-body_Novel-2Dsweep-260516_19.s2p,,,2.8571160335532,2.85711,2.85711,-1.3072749349366062,-1.2283826759523977,42.80380434139289,41.50630632284951,-1.297498018543365,358.70250198145663,118.70250198145663
260519_2dsweep,sim,f_2pi3,sim,S11,offset_nan,07_3_TDS-body_Novel-2Dsweep-260516_19.s2p,07_3_TDS-body_Novel-2Dsweep-260516_2.s2p,,,2.8571160335532,2.85711,2.85711,-1.2283826759523977,-4.746788209244584,41.50630632284951,74.29407496920648,32.787768646356966,32.787768646356966,-207.21223135364303
260519_2dsweep,sim,f_2pi3,sim,S11,offset_nan,07_3_TDS-body_Novel-2Dsweep-260516_2.s2p,07_3_TDS-body_Novel-2Dsweep-260516_20.s2p,,,2.8571160335532,2.85711,2.85711,-4.746788209244584,-1.1484575603950247,74.29407496920648,40.299734918446696,-33.994340050759774,326.0056599492402,86.00565994924023
260519_2dsweep,sim,f_2pi3,sim,S11,offset_nan,07_3_TDS-body_Novel-2Dsweep-260516_20.s2p,07_3_TDS-body_Novel-2Dsweep-260516_21.s2p,,,2.8571160335532,2.85711,2.85711,-1.1484575603950247,-1.079247377262721,40.299734918446696,39.07449632930353,-1.2252385891431743,358.77476141085685,118.77476141085685
260519_2dsweep,sim,f_2pi3,sim,S11,offset_nan,07_3_TDS-body_Novel-2Dsweep-260516_21.s2p,07_3_TDS-body_Novel-2Dsweep-260516_22.s2p,,,2.8571160335532,2.85711,2.85711,-1.079247377262721,-1.0058560746598353,39.07449632930353,37.8204322127294,-1.2540641165741135,358.7459358834259,118.74593588342589
260519_2dsweep,sim,f_2pi3,sim,S11,offset_nan,07_3_TDS-body_Novel-2Dsweep-260516_22.s2p,07_3_TDS-body_Novel-2Dsweep-260516_23.s2p,,,2.8571160335532,2.85711,2.85711,-1.0058560746598353,-0.9474473686372064,37.8204322127294,36.78656165119805,-1.0338705615313586,358.96612943846867,118.96612943846867
260519_2dsweep,sim,f_2pi3,sim,S11,offset_nan,07_3_TDS-body_Novel-2Dsweep-260516_23.s2p,07_3_TDS-body_Novel-2Dsweep-260516_24.s2p,,,2.8571160335532,2.85711,2.85711,-0.9474473686372064,-0.889352255084239,36.78656165119805,35.58480240782421,-1.2017592433738287,358.79824075662617,118.79824075662617
260519_2dsweep,sim,f_2pi3,sim,S11,offset_nan,07_3_TDS-body_Novel-2Dsweep-260516_24.s2p,07_3_TDS-body_Novel-2Dsweep-260516_25.s2p,,,2.8571160335532,2.85711,2.85711,-0.889352255084239,-0.8430474777456969,35.58480240782421,34.71299301989701,-0.8718093879272146,359.1281906120728,119.12819061207279
260519_2dsweep,sim,f_2pi3,sim,S11,offset_nan,07_3_TDS-body_Novel-2Dsweep-260516_25.s2p,07_3_TDS-body_Novel-2Dsweep-260516_26.s2p,,,2.8571160335532,2.85711,2.85711,-0.8430474777456969,-0.7981846825792915,34.71299301989701,33.74293836819257,-0.9700546517044586,359.02994534829554,119.02994534829554
260519_2dsweep,sim,f_2pi3,sim,S11,offset_nan,07_3_TDS-body_Novel-2Dsweep-260516_26.s2p,07_3_TDS-body_Novel-2Dsweep-260516_27.s2p,,,2.8571160335532,2.85711,2.85711,-0.7981846825792915,-0.7533986824757084,33.74293836819257,32.77457761710124,-0.9683607510913248,359.0316392489087,119.03163924890868
260519_2dsweep,sim,f_2pi3,sim,S11,offset_nan,07_3_TDS-body_Novel-2Dsweep-260516_27.s2p,07_3_TDS-body_Novel-2Dsweep-260516_28.s2p,,,2.8571160335532,2.85711,2.85711,-0.7533986824757084,-0.7098262061832618,32.77457761710124,31.832571806393958,-0.9420058107072862,359.0579941892927,119.05799418929269
260519_2dsweep,sim,f_2pi3,sim,S11,offset_nan,07_3_TDS-body_Novel-2Dsweep-260516_28.s2p,07_3_TDS-body_Novel-2Dsweep-260516_29.s2p,,,2.8571160335532,2.85711,2.85711,-0.7098262061832618,-0.6755886970767457,31.832571806393958,31.012490034360177,-0.8200817720337739,359.17991822796625,119.17991822796625
260519_2dsweep,sim,f_2pi3,sim,S11,offset_nan,07_3_TDS-body_Novel-2Dsweep-260516_29.s2p,07_3_TDS-body_Novel-2Dsweep-260516_3.s2p,,,2.8571160335532,2.85711,2.85711,-0.6755886970767457,-4.302391004437835,31.012490034360177,71.51612230611073,40.50363227175055,40.50363227175055,-199.49636772824945
260519_2dsweep,sim,f_2pi3,sim,S11,offset_nan,07_3_TDS-body_Novel-2Dsweep-260516_3.s2p,07_3_TDS-body_Novel-2Dsweep-260516_30.s2p,,,2.8571160335532,2.85711,2.85711,-4.302391004437835,-0.6378575010806443,71.51612230611073,30.133119629745547,-41.38300267636518,318.6169973236348,78.61699732363479
260519_2dsweep,sim,f_2pi3,sim,S11,offset_nan,07_3_TDS-body_Novel-2Dsweep-260516_30.s2p,07_3_TDS-body_Novel-2Dsweep-260516_31.s2p,,,2.8571160335532,2.85711,2.85711,-0.6378575010806443,-0.6025683543243686,30.133119629745547,29.274337534221146,-0.8587820955243899,359.14121790447564,119.14121790447564
260519_2dsweep,sim,f_2pi3,sim,S11,offset_nan,07_3_TDS-body_Novel-2Dsweep-260516_31.s2p,07_3_TDS-body_Novel-2Dsweep-260516_32.s2p,,,2.8571160335532,2.85711,2.85711,-0.6025683543243686,-0.5753041812132921,29.274337534221146,28.537990130976425,-0.7363474032447357,359.26365259675526,119.26365259675526
260519_2dsweep,sim,f_2pi3,sim,S11,offset_nan,07_3_TDS-body_Novel-2Dsweep-260516_32.s2p,07_3_TDS-body_Novel-2Dsweep-260516_33.s2p,,,2.8571160335532,2.85711,2.85711,-0.5753041812132921,-0.5457495917456461,28.537990130976425,27.765257441791164,-0.7727326891852613,359.22726731081474,119.22726731081474
260519_2dsweep,sim,f_2pi3,sim,S11,offset_nan,07_3_TDS-body_Novel-2Dsweep-260516_33.s2p,07_3_TDS-body_Novel-2Dsweep-260516_34.s2p,,,2.8571160335532,2.85711,2.85711,-0.5457495917456461,-0.511540750614916,27.765257441791164,26.86165781034074,-0.9035996314504189,359.09640036854955,119.09640036854955
260519_2dsweep,sim,f_2pi3,sim,S11,offset_nan,07_3_TDS-body_Novel-2Dsweep-260516_34.s2p,07_3_TDS-body_Novel-2Dsweep-260516_35.s2p,,,2.8571160335532,2.85711,2.85711,-0.511540750614916,-0.49204256339315794,26.86165781034074,26.290984519402173,-0.5706732909385721,359.42932670906146,119.42932670906146
260519_2dsweep,sim,f_2pi3,sim,S11,offset_nan,07_3_TDS-body_Novel-2Dsweep-260516_35.s2p,07_3_TDS-body_Novel-2Dsweep-260516_36.s2p,,,2.8571160335532,2.85711,2.85711,-0.49204256339315794,-0.466854214879312,26.290984519402173,25.556147819521833,-0.7348366998803328,359.26516330011964,119.26516330011964
260519_2dsweep,sim,f_2pi3,sim,S11,offset_nan,07_3_TDS-body_Novel-2Dsweep-260516_36.s2p,07_3_TDS-body_Novel-2Dsweep-260516_37.s2p,,,2.8571160335532,2.85711,2.85711,-0.466854214879312,-0.44622526014993835,25.556147819521833,24.93623022418459,-0.619917595337256,359.38008240466274,119.38008240466274
260519_2dsweep,sim,f_2pi3,sim,S11,offset_nan,07_3_TDS-body_Novel-2Dsweep-260516_37.s2p,07_3_TDS-body_Novel-2Dsweep-260516_38.s2p,,,2.8571160335532,2.85711,2.85711,-0.44622526014993835,-0.4259345634593053,24.93623022418459,24.305732557590996,-0.630497666593584,359.36950233340644,119.36950233340644
260519_2dsweep,sim,f_2pi3,sim,S11,offset_nan,07_3_TDS-body_Novel-2Dsweep-260516_38.s2p,07_3_TDS-body_Novel-2Dsweep-260516_39.s2p,,,2.8571160335532,2.85711,2.85711,-0.4259345634593053,-0.4059282796895031,24.305732557590996,23.69402985980561,-0.6117026977853754,359.3882973022146,119.3882973022146
260519_2dsweep,sim,f_2pi3,sim,S11,offset_nan,07_3_TDS-body_Novel-2Dsweep-260516_39.s2p,07_3_TDS-body_Novel-2Dsweep-260516_4.s2p,,,2.8571160335532,2.85711,2.85711,-0.4059282796895031,-3.929873007604235,23.69402985980561,69.05430549124674,45.36027563144114,45.36027563144114,-194.63972436855886
260519_2dsweep,sim,f_2pi3,sim,S11,offset_nan,07_3_TDS-body_Novel-2Dsweep-260516_4.s2p,07_3_TDS-body_Novel-2Dsweep-260516_40.s2p,,,2.8571160335532,2.85711,2.85711,-3.929873007604235,-0.38868107832709853,69.05430549124674,23.099204846607567,-45.955100644639174,314.0448993553608,74.04489935536083
260519_2dsweep,sim,f_2pi3,sim,S11,offset_nan,07_3_TDS-body_Novel-2Dsweep-260516_40.s2p,07_3_TDS-body_Novel-2Dsweep-260516_41.s2p,,,2.8571160335532,2.85711,2.85711,-0.38868107832709853,-0.37262639068464376,23.099204846607567,22.53055389760214,-0.5686509490054164,359.4313490509946,119.43134905099458
260519_2dsweep,sim,f_2pi3,sim,S11,offset_nan,07_3_TDS-body_Novel-2Dsweep-260516_41.s2p,07_3_TDS-body_Novel-2Dsweep-260516_42.s2p,,,2.8571160335532,2.85711,2.85711,-0.37262639068464376,-5.2235133054383525,22.53055389760214,75.81142203157353,53.28086813397138,53.28086813397138,-186.71913186602862
260519_2dsweep,sim,f_2pi3,sim,S11,offset_nan,07_3_TDS-body_Novel-2Dsweep-260516_42.s2p,07_3_TDS-body_Novel-2Dsweep-260516_43.s2p,,,2.8571160335532,2.85711,2.85711,-5.2235133054383525,-4.726525790881234,75.81142203157353,73.04519712497735,-2.7662249065961646,357.23377509340384,117.23377509340384
260519_2dsweep,sim,f_2pi3,sim,S11,offset_nan,07_3_TDS-body_Novel-2Dsweep-260516_43.s2p,07_3_TDS-body_Novel-2Dsweep-260516_44.s2p,,,2.8571160335532,2.85711,2.85711,-4.726525790881234,-4.33563412819449,73.04519712497735,70.54163140211945,-2.5035657228579,357.4964342771421,117.4964342771421
260519_2dsweep,sim,f_2pi3,sim,S11,offset_nan,07_3_TDS-body_Novel-2Dsweep-260516_44.s2p,07_3_TDS-body_Novel-2Dsweep-260516_45.s2p,,,2.8571160335532,2.85711,2.85711,-4.33563412819449,-3.932851009686863,70.54163140211945,67.96840228947318,-2.5732291126462883,357.4267708873537,117.42677088735371
260519_2dsweep,sim,f_2pi3,sim,S11,offset_nan,07_3_TDS-body_Novel-2Dsweep-260516_45.s2p,07_3_TDS-body_Novel-2Dsweep-260516_46.s2p,,,2.8571160335532,2.85711,2.85711,-3.932851009686863,-3.6136429082228565,67.96840228947318,65.62594088957661,-2.342461399896564,357.6575386001034,117.65753860010341
260519_2dsweep,sim,f_2pi3,sim,S11,offset_nan,07_3_TDS-body_Novel-2Dsweep-260516_46.s2p,07_3_TDS-body_Novel-2Dsweep-260516_47.s2p,,,2.8571160335532,2.85711,2.85711,-3.6136429082228565,-3.357813036390838,65.62594088957661,63.53601324905442,-2.0899276405222054,357.9100723594778,117.9100723594778
260519_2dsweep,sim,f_2pi3,sim,S11,offset_nan,07_3_TDS-body_Novel-2Dsweep-260516_47.s2p,07_3_TDS-body_Novel-2Dsweep-260516_48.s2p,,,2.8571160335532,2.85711,2.85711,-3.357813036390838,-3.0505112895168978,63.53601324905442,61.08930747348846,-2.4467057755659596,357.553294224434,117.55329422443401
260519_2dsweep,sim,f_2pi3,sim,S11,offset_nan,07_3_TDS-body_Novel-2Dsweep-260516_48.s2p,07_3_TDS-body_Novel-2Dsweep-260516_49.s2p,,,2.8571160335532,2.85711,2.85711,-3.0505112895168978,-2.7834095416512445,61.08930747348846,58.767569233901696,-2.3217382395867503,357.67826176041325,117.67826176041325
260519_2dsweep,sim,f_2pi3,sim,S11,offset_nan,07_3_TDS-body_Novel-2Dsweep-260516_49.s2p,07_3_TDS-body_Novel-2Dsweep-260516_5.s2p,,,2.8571160335532,2.85711,2.85711,-2.7834095416512445,-3.611257593031075,58.767569233901696,66.64462970937981,7.8770604754781175,7.8770604754781175,-232.12293952452188
260519_2dsweep,sim,f_2pi3,sim,S11,offset_nan,07_3_TDS-body_Novel-2Dsweep-260516_5.s2p,07_3_TDS-body_Novel-2Dsweep-260516_50.s2p,,,2.8571160335532,2.85711,2.85711,-3.611257593031075,-2.6163965463494163,66.64462970937981,57.23650134691204,-9.408128362467778,350.5918716375322,110.59187163753222
260519_2dsweep,sim,f_2pi3,sim,S11,offset_nan,07_3_TDS-body_Novel-2Dsweep-260516_50.s2p,07_3_TDS-body_Novel-2Dsweep-260516_51.s2p,,,2.8571160335532,2.85711,2.85711,-2.6163965463494163,-2.392593584359362,57.23650134691204,55.101974640282414,-2.1345267066296287,357.86547329337037,117.86547329337037
260519_2dsweep,sim,f_2pi3,sim,S11,offset_nan,07_3_TDS-body_Novel-2Dsweep-260516_51.s2p,07_3_TDS-body_Novel-2Dsweep-260516_52.s2p,,,2.8571160335532,2.85711,2.85711,-2.392593584359362,-2.201504754103678,55.101974640282414,53.14737828960308,-1.9545963506793385,358.04540364932063,118.04540364932063
260519_2dsweep,sim,f_2pi3,sim,S11,offset_nan,07_3_TDS-body_Novel-2Dsweep-260516_52.s2p,07_3_TDS-body_Novel-2Dsweep-260516_53.s2p,,,2.8571160335532,2.85711,2.85711,-2.201504754103678,-2.0450407370172514,53.14737828960308,51.41894680304194,-1.728431486561135,358.27156851343887,118.27156851343887
260519_2dsweep,sim,f_2pi3,sim,S11,offset_nan,07_3_TDS-body_Novel-2Dsweep-260516_53.s2p,07_3_TDS-body_Novel-2Dsweep-260516_54.s2p,,,2.8571160335532,2.85711,2.85711,-2.0450407370172514,-1.8975505331167892,51.41894680304194,49.706372065002874,-1.7125747380390521,358.28742526196095,118.28742526196095
260519_2dsweep,sim,f_2pi3,sim,S11,offset_nan,07_3_TDS-body_Novel-2Dsweep-260516_54.s2p,07_3_TDS-body_Novel-2Dsweep-260516_55.s2p,,,2.8571160335532,2.85711,2.85711,-1.8975505331167892,-1.749478271399115,49.706372065002874,47.98305093593906,-1.7233211290638053,358.27667887093617,118.27667887093617
260519_2dsweep,sim,f_2pi3,sim,S11,offset_nan,07_3_TDS-body_Novel-2Dsweep-260516_55.s2p,07_3_TDS-body_Novel-2Dsweep-260516_56.s2p,,,2.8571160335532,2.85711,2.85711,-1.749478271399115,-1.6295256838932872,47.98305093593906,46.444634034853564,-1.5384169010854976,358.4615830989145,118.4615830989145
260519_2dsweep,sim,f_2pi3,sim,S11,offset_nan,07_3_TDS-body_Novel-2Dsweep-260516_56.s2p,07_3_TDS-body_Novel-2Dsweep-260516_57.s2p,,,2.8571160335532,2.85711,2.85711,-1.6295256838932872,-1.521962845219726,46.444634034853564,44.9866383256317,-1.4579957092218478,358.54200429077815,118.54200429077815
260519_2dsweep,sim,f_2pi3,sim,S11,offset_nan,07_3_TDS-body_Novel-2Dsweep-260516_57.s2p,07_3_TDS-body_Novel-2Dsweep-260516_58.s2p,,,2.8571160335532,2.85711,2.85711,-1.521962845219726,-1.4087488920541011,44.9866383256317,43.479051473775705,-1.50758685185599,358.492413148144,118.49241314814401
260519_2dsweep,sim,f_2pi3,sim,S11,offset_nan,07_3_TDS-body_Novel-2Dsweep-260516_58.s2p,07_3_TDS-body_Novel-2Dsweep-260516_59.s2p,,,2.8571160335532,2.85711,2.85711,-1.4087488920541011,-1.3153427713071,43.479051473775705,42.06874429618321,-1.4103071775925002,358.5896928224075,118.58969282240753
260519_2dsweep,sim,f_2pi3,sim,S11,offset_nan,07_3_TDS-body_Novel-2Dsweep-260516_59.s2p,07_3_TDS-body_Novel-2Dsweep-260516_6.s2p,,,2.8571160335532,2.85711,2.85711,-1.3153427713071,-3.295141287282109,42.06874429618321,64.28618717961618,22.217442883432966,22.217442883432966,-217.78255711656703
260519_2dsweep,sim,f_2pi3,sim,S11,offset_nan,07_3_TDS-body_Novel-2Dsweep-260516_6.s2p,07_3_TDS-body_Novel-2Dsweep-260516_60.s2p,,,2.8571160335532,2.85711,2.85711,-3.295141287282109,-1.2308816539462188,64.28618717961618,40.81616590483724,-23.47002127477893,336.5299787252211,96.5299787252211
260519_2dsweep,sim,f_2pi3,sim,S11,offset_nan,07_3_TDS-body_Novel-2Dsweep-260516_60.s2p,07_3_TDS-body_Novel-2Dsweep-260516_61.s2p,,,2.8571160335532,2.85711,2.85711,-1.2308816539462188,-1.1538945718161895,40.81616590483724,39.60235411523994,-1.2138117895972869,358.7861882104027,118.78618821040271
260519_2dsweep,sim,f_2pi3,sim,S11,offset_nan,07_3_TDS-body_Novel-2Dsweep-260516_61.s2p,07_3_TDS-body_Novel-2Dsweep-260516_62.s2p,,,2.8571160335532,2.85711,2.85711,-1.1538945718161895,-1.0840886344524172,39.60235411523994,38.39542716192825,-1.2069269533116938,358.7930730466883,118.79307304668828
260519_2dsweep,sim,f_2pi3,sim,S11,offset_nan,07_3_TDS-body_Novel-2Dsweep-260516_62.s2p,07_3_TDS-body_Novel-2Dsweep-260516_63.s2p,,,2.8571160335532,2.85711,2.85711,-1.0840886344524172,-1.0130189908968068,38.39542716192825,37.16168510706589,-1.233742054862347,358.7662579451377,118.76625794513768
260519_2dsweep,sim,f_2pi3,sim,S11,offset_nan,07_3_TDS-body_Novel-2Dsweep-260516_63.s2p,07_3_TDS-body_Novel-2Dsweep-260516_64.s2p,,,2.8571160335532,2.85711,2.85711,-1.0130189908968068,-0.9497795545524029,37.16168510706589,36.03181214581719,-1.129872961248708,358.8701270387513,118.87012703875132
260519_2dsweep,sim,f_2pi3,sim,S11,offset_nan,07_3_TDS-body_Novel-2Dsweep-260516_64.s2p,07_3_TDS-body_Novel-2Dsweep-260516_65.s2p,,,2.8571160335532,2.85711,2.85711,-0.9497795545524029,-0.901724030962538,36.03181214581719,35.097956691449106,-0.9338554543680857,359.0661445456319,119.06614454563191
260519_2dsweep,sim,f_2pi3,sim,S11,offset_nan,07_3_TDS-body_Novel-2Dsweep-260516_65.s2p,07_3_TDS-body_Novel-2Dsweep-260516_66.s2p,,,2.8571160335532,2.85711,2.85711,-0.901724030962538,-0.8448185981304813,35.097956691449106,34.01206936335329,-1.0858873280958221,358.91411267190415,118.91411267190415
260519_2dsweep,sim,f_2pi3,sim,S11,offset_nan,07_3_TDS-body_Novel-2Dsweep-260516_66.s2p,07_3_TDS-body_Novel-2Dsweep-260516_67.s2p,,,2.8571160335532,2.85711,2.85711,-0.8448185981304813,-0.7977054660541931,34.01206936335329,33.00562091926693,-1.0064484440863453,358.99355155591365,118.99355155591365
260519_2dsweep,sim,f_2pi3,sim,S11,offset_nan,07_3_TDS-body_Novel-2Dsweep-260516_67.s2p,07_3_TDS-body_Novel-2Dsweep-260516_68.s2p,,,2.8571160335532,2.85711,2.85711,-0.7977054660541931,-0.7547472626303697,33.00562091926693,32.12402991123825,-0.8815910080286926,359.1184089919713,119.11840899197131
260519_2dsweep,sim,f_2pi3,sim,S11,offset_nan,07_3_TDS-body_Novel-2Dsweep-260516_68.s2p,07_3_TDS-body_Novel-2Dsweep-260516_69.s2p,,,2.8571160335532,2.85711,2.85711,-0.7547472626303697,-0.7102604666340312,32.12402991123825,31.1443620198196,-0.979667891418643,359.02033210858133,119.02033210858133
260519_2dsweep,sim,f_2pi3,sim,S11,offset_nan,07_3_TDS-body_Novel-2Dsweep-260516_69.s2p,07_3_TDS-body_Novel-2Dsweep-260516_7.s2p,,,2.8571160335532,2.85711,2.85711,-0.7102604666340312,-3.05904559034609,31.1443620198196,62.184074875196124,31.039712855376536,31.039712855376536,-208.96028714462346
260519_2dsweep,sim,f_2pi3,sim,S11,offset_nan,07_3_TDS-body_Novel-2Dsweep-260516_7.s2p,07_3_TDS-body_Novel-2Dsweep-260516_70.s2p,,,2.8571160335532,2.85711,2.85711,-3.05904559034609,-0.676858954771684,62.184074875196124,30.389030734001054,-31.795044141195064,328.20495585880496,88.20495585880496
260519_2dsweep,sim,f_2pi3,sim,S11,offset_nan,07_3_TDS-body_Novel-2Dsweep-260516_70.s2p,07_3_TDS-body_Novel-2Dsweep-260516_71.s2p,,,2.8571160335532,2.85711,2.85711,-0.676858954771684,-0.6402101196802397,30.389030734001054,29.52523492818171,-0.8637958058193362,359.13620419418066,119.13620419418066
260519_2dsweep,sim,f_2pi3,sim,S11,offset_nan,07_3_TDS-body_Novel-2Dsweep-260516_71.s2p,07_3_TDS-body_Novel-2Dsweep-260516_72.s2p,,,2.8571160335532,2.85711,2.85711,-0.6402101196802397,-0.6067161067013614,29.52523492818171,28.724756690942844,-0.8004782372388775,359.19952176276115,119.19952176276115
260519_2dsweep,sim,f_2pi3,sim,S11,offset_nan,07_3_TDS-body_Novel-2Dsweep-260516_72.s2p,07_3_TDS-body_Novel-2Dsweep-260516_73.s2p,,,2.8571160335532,2.85711,2.85711,-0.6067161067013614,-0.5765658424931123,28.724756690942844,27.933543098390025,-0.7912135925528219,359.2087864074472,119.20878640744718
260519_2dsweep,sim,f_2pi3,sim,S11,offset_nan,07_3_TDS-body_Novel-2Dsweep-260516_73.s2p,07_3_TDS-body_Novel-2Dsweep-260516_74.s2p,,,2.8571160335532,2.85711,2.85711,-0.5765658424931123,-0.5477275022621665,27.933543098390025,27.182140814218545,-0.7514022841714905,359.2485977158285,119.24859771582851
260519_2dsweep,sim,f_2pi3,sim,S11,offset_nan,07_3_TDS-body_Novel-2Dsweep-260516_74.s2p,07_3_TDS-body_Novel-2Dsweep-260516_75.s2p,,,2.8571160335532,2.85711,2.85711,-0.5477275022621665,-0.5145644282240364,27.182140814218545,26.32392050123581,-0.8582203129827235,359.1417796870173,119.14177968701728
260519_2dsweep,sim,f_2pi3,sim,S11,offset_nan,07_3_TDS-body_Novel-2Dsweep-260516_75.s2p,07_3_TDS-body_Novel-2Dsweep-260516_76.s2p,,,2.8571160335532,2.85711,2.85711,-0.5145644282240364,-0.49411839219062254,26.32392050123581,25.73696907826743,-0.586951422968383,359.41304857703165,119.41304857703165
260519_2dsweep,sim,f_2pi3,sim,S11,offset_nan,07_3_TDS-body_Novel-2Dsweep-260516_76.s2p,07_3_TDS-body_Novel-2Dsweep-260516_77.s2p,,,2.8571160335532,2.85711,2.85711,-0.49411839219062254,-0.46938382929743383,25.73696907826743,25.05055632356733,-0.6864127547000862,359.3135872452999,119.31358724529991
260519_2dsweep,sim,f_2pi3,sim,S11,offset_nan,07_3_TDS-body_Novel-2Dsweep-260516_77.s2p,07_3_TDS-body_Novel-2Dsweep-260516_78.s2p,,,2.8571160335532,2.85711,2.85711,-0.46938382929743383,-0.4487395358476036,25.05055632356733,24.37972635169811,-0.6708299718692103,359.32917002813076,119.32917002813076
260519_2dsweep,sim,f_2pi3,sim,S11,offset_nan,07_3_TDS-body_Novel-2Dsweep-260516_78.s2p,07_3_TDS-body_Novel-2Dsweep-260516_79.s2p,,,2.8571160335532,2.85711,2.85711,-0.4487395358476036,-0.4287686329528929,24.37972635169811,23.804452074648786,-0.5752742770493171,359.4247257229507,119.42472572295071
260519_2dsweep,sim,f_2pi3,sim,S11,offset_nan,07_3_TDS-body_Novel-2Dsweep-260516_79.s2p,07_3_TDS-body_Novel-2Dsweep-260516_8.s2p,,,2.8571160335532,2.85711,2.85711,-0.4287686329528929,-2.780460822967033,23.804452074648786,59.87710531480739,36.072653240158616,36.072653240158616,-203.92734675984138
260519_2dsweep,sim,f_2pi3,sim,S11,offset_nan,07_3_TDS-body_Novel-2Dsweep-260516_8.s2p,07_3_TDS-body_Novel-2Dsweep-260516_80.s2p,,,2.8571160335532,2.85711,2.85711,-2.780460822967033,-0.4095019366310052,59.87710531480739,23.170326130472713,-36.706779184334664,323.29322081566534,83.29322081566534
260519_2dsweep,sim,f_2pi3,sim,S11,offset_nan,07_3_TDS-body_Novel-2Dsweep-260516_80.s2p,07_3_TDS-body_Novel-2Dsweep-260516_81.s2p,,,2.8571160335532,2.85711,2.85711,-0.4095019366310052,-0.39152423633658373,23.170326130472713,22.589626960531564,-0.5806991699411412,359.4193008300589,119.41930083005889
260519_2dsweep,sim,f_2pi3,sim,S11,offset_nan,07_3_TDS-body_Novel-2Dsweep-260516_81.s2p,07_3_TDS-body_Novel-2Dsweep-260516_82.s2p,,,2.8571160335532,2.85711,2.85711,-0.39152423633658373,-0.37543685530241344,22.589626960531564,22.05394319696939,-0.53568376356219,359.4643162364378,119.46431623643781
260519_2dsweep,sim,f_2pi3,sim,S11,offset_nan,07_3_TDS-body_Novel-2Dsweep-260516_82.s2p,07_3_TDS-body_Novel-2Dsweep-260516_83.s2p,,,2.8571160335532,2.85711,2.85711,-0.37543685530241344,-5.62703351587453,22.05394319696939,76.58346241511362,54.52951921814423,54.52951921814423,-185.47048078185577
260519_2dsweep,sim,f_2pi3,sim,S11,offset_nan,07_3_TDS-body_Novel-2Dsweep-260516_83.s2p,07_3_TDS-body_Novel-2Dsweep-260516_84.s2p,,,2.8571160335532,2.85711,2.85711,-5.62703351587453,-5.4309670112389625,76.58346241511362,75.4547409418747,-1.1287214732388975,358.8712785267611,118.8712785267611
260519_2dsweep,sim,f_2pi3,sim,S11,offset_nan,07_3_TDS-body_Novel-2Dsweep-260516_84.s2p,07_3_TDS-body_Novel-2Dsweep-260516_85.s2p,,,2.8571160335532,2.85711,2.85711,-5.4309670112389625,-4.956421016109074,75.4547409418747,72.7611649577976,-2.6935759840770856,357.3064240159229,117.30642401592291
260519_2dsweep,sim,f_2pi3,sim,S11,offset_nan,07_3_TDS-body_Novel-2Dsweep-260516_85.s2p,07_3_TDS-body_Novel-2Dsweep-260516_86.s2p,,,2.8571160335532,2.85711,2.85711,-4.956421016109074,-4.514803496412464,72.7611649577976,70.18868827883833,-2.5724766789592763,357.4275233210407,117.42752332104072
260519_2dsweep,sim,f_2pi3,sim,S11,offset_nan,07_3_TDS-body_Novel-2Dsweep-260516_86.s2p,07_3_TDS-body_Novel-2Dsweep-260516_87.s2p,,,2.8571160335532,2.85711,2.85711,-4.514803496412464,-4.126142665974488,70.18868827883833,67.69431115181195,-2.4943771270263824,357.5056228729736,117.50562287297362
260519_2dsweep,sim,f_2pi3,sim,S11,offset_nan,07_3_TDS-body_Novel-2Dsweep-260516_87.s2p,07_3_TDS-body_Novel-2Dsweep-260516_88.s2p,,,2.8571160335532,2.85711,2.85711,-4.126142665974488,-3.7630722075600587,67.69431115181195,65.19485736740106,-2.499453784410889,357.5005462155891,117.50054621558911
260519_2dsweep,sim,f_2pi3,sim,S11,offset_nan,07_3_TDS-body_Novel-2Dsweep-260516_88.s2p,07_3_TDS-body_Novel-2Dsweep-260516_89.s2p,,,2.8571160335532,2.85711,2.85711,-3.7630722075600587,-3.4379682174734585,65.19485736740106,62.83436919813826,-2.360488169262794,357.6395118307372,117.6395118307372
260519_2dsweep,sim,f_2pi3,sim,S11,offset_nan,07_3_TDS-body_Novel-2Dsweep-260516_89.s2p,07_3_TDS-body_Novel-2Dsweep-260516_9.s2p,,,2.8571160335532,2.85711,2.85711,-3.4379682174734585,-2.570591472360846,62.83436919813826,57.85799493402186,-4.9763742641164015,355.02362573588357,115.02362573588357
260519_2dsweep,sim,f_2pi3,sim,S11,offset_nan,07_3_TDS-body_Novel-2Dsweep-260516_9.s2p,07_3_TDS-body_Novel-2Dsweep-260516_90.s2p,,,2.8571160335532,2.85711,2.85711,-2.570591472360846,-3.1839618484726917,57.85799493402186,60.88368592555661,3.025690991534759,3.025690991534759,-236.97430900846524
260519_2dsweep,sim,f_2pi3,sim,S11,offset_nan,07_3_TDS-body_Novel-2Dsweep-260516_90.s2p,07_3_TDS-body_Novel-2Dsweep-260516_91.s2p,,,2.8571160335532,2.85711,2.85711,-3.1839618484726917,-2.9185285547260733,60.88368592555661,58.65085763104451,-2.232828294512103,357.7671717054879,117.7671717054879
260519_2dsweep,sim,f_2pi3,sim,S11,offset_nan,07_3_TDS-body_Novel-2Dsweep-260516_91.s2p,07_3_TDS-body_Novel-2Dsweep-260516_92.s2p,,,2.8571160335532,2.85711,2.85711,-2.9185285547260733,-2.692094115726864,58.65085763104451,56.655045462783,-1.9958121682615229,358.0041878317385,118.00418783173848
260519_2dsweep,sim,f_2pi3,sim,S11,offset_nan,07_3_TDS-body_Novel-2Dsweep-260516_92.s2p,07_3_TDS-body_Novel-2Dsweep-260516_93.s2p,,,2.8571160335532,2.85711,2.85711,-2.692094115726864,-2.49550120488133,56.655045462783,54.822820416832265,-1.8322250459507359,358.16777495404926,118.16777495404926
260519_2dsweep,sim,f_2pi3,sim,S11,offset_nan,07_3_TDS-body_Novel-2Dsweep-260516_93.s2p,07_3_TDS-body_Novel-2Dsweep-260516_94.s2p,,,2.8571160335532,2.85711,2.85711,-2.49550120488133,-2.2836590268424466,54.822820416832265,52.81404105006167,-2.0087793667705967,357.99122063322943,117.99122063322943
260519_2dsweep,sim,f_2pi3,sim,S11,offset_nan,07_3_TDS-body_Novel-2Dsweep-260516_94.s2p,07_3_TDS-body_Novel-2Dsweep-260516_95.s2p,,,2.8571160335532,2.85711,2.85711,-2.2836590268424466,-2.114450838570091,52.81404105006167,51.0053778576338,-1.808663192427872,358.19133680757216,118.19133680757216
260519_2dsweep,sim,f_2pi3,sim,S11,offset_nan,07_3_TDS-body_Novel-2Dsweep-260516_95.s2p,07_3_TDS-body_Novel-2Dsweep-260516_96.s2p,,,2.8571160335532,2.85711,2.85711,-2.114450838570091,-1.9657702558903507,51.0053778576338,49.380112156352425,-1.6252657012813643,358.37473429871864,118.37473429871864
260519_2dsweep,sim,f_2pi3,sim,S11,offset_nan,07_3_TDS-body_Novel-2Dsweep-260516_96.s2p,07_3_TDS-body_Novel-2Dsweep-260516_97.s2p,,,2.8571160335532,2.85711,2.85711,-1.9657702558903507,-1.8216788795977126,49.380112156352425,47.713448393845255,-1.66666376250717,358.33333623749286,118.33333623749286
260519_2dsweep,sim,f_2pi3,sim,S11,offset_nan,07_3_TDS-body_Novel-2Dsweep-260516_97.s2p,07_3_TDS-body_Novel-2Dsweep-260516_98.s2p,,,2.8571160335532,2.85711,2.85711,-1.8216788795977126,-1.697680415586653,47.713448393845255,46.14826575537137,-1.5651826384738854,358.43481736152614,118.43481736152614
260519_2dsweep,sim,f_2pi3,sim,S11,offset_nan,07_3_TDS-body_Novel-2Dsweep-260516_98.s2p,07_3_TDS-body_Novel-2Dsweep-260516_99.s2p,,,2.8571160335532,2.85711,2.85711,-1.697680415586653,-1.5680307711858208,46.14826575537137,44.57670178776119,-1.5715639676101887,358.4284360323898,118.42843603238981
260519_2dsweep,sim,f_2pi3,sim,S12,offset_nan,07_3_TDS-body_Novel-2Dsweep-260516_1.s2p,07_3_TDS-body_Novel-2Dsweep-260516_10.s2p,,,2.8571160335532,2.85711,2.85711,-1.5952181383792983,-3.770627501709785,166.62256554915825,145.82022724087156,-20.802338308286693,339.1976616917133,99.19766169171328
260519_2dsweep,sim,f_2pi3,sim,S12,offset_nan,07_3_TDS-body_Novel-2Dsweep-260516_10.s2p,07_3_TDS-body_Novel-2Dsweep-260516_100.s2p,,,2.8571160335532,2.85711,2.85711,-3.770627501709785,-5.423244439979912,145.82022724087156,133.2145742006794,-12.605653040192152,347.3943469598079,107.39434695980788
260519_2dsweep,sim,f_2pi3,sim,S12,offset_nan,07_3_TDS-body_Novel-2Dsweep-260516_100.s2p,07_3_TDS-body_Novel-2Dsweep-260516_101.s2p,,,2.8571160335532,2.85711,2.85711,-5.423244439979912,-5.676713563903942,133.2145742006794,131.83759823845853,-1.3769759622208824,358.62302403777915,118.62302403777915
260519_2dsweep,sim,f_2pi3,sim,S12,offset_nan,07_3_TDS-body_Novel-2Dsweep-260516_101.s2p,07_3_TDS-body_Novel-2Dsweep-260516_103.s2p,,,2.8571160335532,2.85711,2.85711,-5.676713563903942,-1.2136854530609955,131.83759823845853,159.9627353042758,28.125137065817285,28.125137065817285,-211.87486293418272
260519_2dsweep,sim,f_2pi3,sim,S12,offset_nan,07_3_TDS-body_Novel-2Dsweep-260516_103.s2p,07_3_TDS-body_Novel-2Dsweep-260516_104.s2p,,,2.8571160335532,2.85711,2.85711,-1.2136854530609955,-3.6527688626179615,159.9627353042758,137.50101525401115,-22.46172005026466,337.53827994973534,97.53827994973534
260519_2dsweep,sim,f_2pi3,sim,S12,offset_nan,07_3_TDS-body_Novel-2Dsweep-260516_104.s2p,07_3_TDS-body_Novel-2Dsweep-260516_105.s2p,,,2.8571160335532,2.85711,2.85711,-3.6527688626179615,-6.192018772478296,137.50101525401115,123.43057444451865,-14.070440809492482,345.9295591905075,105.92955919050752
260519_2dsweep,sim,f_2pi3,sim,S12,offset_nan,07_3_TDS-body_Novel-2Dsweep-260516_105.s2p,07_3_TDS-body_Novel-2Dsweep-260516_106.s2p,,,2.8571160335532,2.85711,2.85711,-6.192018772478296,-8.45698324414395,123.43057444451865,114.39473234120737,-9.035842103311268,350.96415789668873,110.96415789668873
260519_2dsweep,sim,f_2pi3,sim,S12,offset_nan,07_3_TDS-body_Novel-2Dsweep-260516_106.s2p,07_3_TDS-body_Novel-2Dsweep-260516_107.s2p,,,2.8571160335532,2.85711,2.85711,-8.45698324414395,-10.347978916175048,114.39473234120737,108.39840369209301,-5.996328649114361,354.0036713508856,114.00367135088561
260519_2dsweep,sim,f_2pi3,sim,S12,offset_nan,07_3_TDS-body_Novel-2Dsweep-260516_107.s2p,07_3_TDS-body_Novel-2Dsweep-260516_108.s2p,,,2.8571160335532,2.85711,2.85711,-10.347978916175048,-1.550456120855367,108.39840369209301,147.27465714113424,38.87625344904123,38.87625344904123,-201.12374655095877
260519_2dsweep,sim,f_2pi3,sim,S12,offset_nan,07_3_TDS-body_Novel-2Dsweep-260516_108.s2p,07_3_TDS-body_Novel-2Dsweep-260516_109.s2p,,,2.8571160335532,2.85711,2.85711,-1.550456120855367,-4.106828270301935,147.27465714113424,127.49354156808486,-19.781115573049362,340.21888442695064,100.21888442695064
260519_2dsweep,sim,f_2pi3,sim,S12,offset_nan,07_3_TDS-body_Novel-2Dsweep-260516_109.s2p,07_3_TDS-body_Novel-2Dsweep-260516_11.s2p,,,2.8571160335532,2.85711,2.85711,-4.106828270301935,-4.004006253211075,127.49354156808486,144.12134364266214,16.62780207457729,16.62780207457729,-223.3721979254227
260519_2dsweep,sim,f_2pi3,sim,S12,offset_nan,07_3_TDS-body_Novel-2Dsweep-260516_11.s2p,07_3_TDS-body_Novel-2Dsweep-260516_110.s2p,,,2.8571160335532,2.85711,2.85711,-4.004006253211075,-6.655021388845769,144.12134364266214,115.38210265565836,-28.739240987003768,331.26075901299623,91.26075901299623
260519_2dsweep,sim,f_2pi3,sim,S12,offset_nan,07_3_TDS-body_Novel-2Dsweep-260516_110.s2p,07_3_TDS-body_Novel-2Dsweep-260516_111.s2p,,,2.8571160335532,2.85711,2.85711,-6.655021388845769,-8.789118605251806,115.38210265565836,107.97138574676059,-7.4107169088977685,352.58928309110223,112.58928309110223
260519_2dsweep,sim,f_2pi3,sim,S12,offset_nan,07_3_TDS-body_Novel-2Dsweep-260516_111.s2p,07_3_TDS-body_Novel-2Dsweep-260516_112.s2p,,,2.8571160335532,2.85711,2.85711,-8.789118605251806,-10.54626451772242,107.97138574676059,103.0474470620151,-4.923938684745508,355.0760613152545,115.07606131525449
260519_2dsweep,sim,f_2pi3,sim,S12,offset_nan,07_3_TDS-body_Novel-2Dsweep-260516_112.s2p,07_3_TDS-body_Novel-2Dsweep-260516_113.s2p,,,2.8571160335532,2.85711,2.85711,-10.54626451772242,-2.5598461106587056,103.0474470620151,131.7318314336664,28.684384371651305,28.684384371651305,-211.3156156283487
260519_2dsweep,sim,f_2pi3,sim,S12,offset_nan,07_3_TDS-body_Novel-2Dsweep-260516_113.s2p,07_3_TDS-body_Novel-2Dsweep-260516_114.s2p,,,2.8571160335532,2.85711,2.85711,-2.5598461106587056,-5.283558079113035,131.7318314336664,115.9076307292638,-15.824200704402585,344.1757992955974,104.17579929559741
260519_2dsweep,sim,f_2pi3,sim,S12,offset_nan,07_3_TDS-body_Novel-2Dsweep-260516_114.s2p,07_3_TDS-body_Novel-2Dsweep-260516_115.s2p,,,2.8571160335532,2.85711,2.85711,-5.283558079113035,-7.543997127993923,115.9076307292638,107.19496032022286,-8.712670409040925,351.2873295909591,111.28732959095908
260519_2dsweep,sim,f_2pi3,sim,S12,offset_nan,07_3_TDS-body_Novel-2Dsweep-260516_115.s2p,07_3_TDS-body_Novel-2Dsweep-260516_116.s2p,,,2.8571160335532,2.85711,2.85711,-7.543997127993923,-9.50201035643656,107.19496032022286,101.45018397869676,-5.744776341526119,354.2552236584739,114.25522365847388
260519_2dsweep,sim,f_2pi3,sim,S12,offset_nan,07_3_TDS-body_Novel-2Dsweep-260516_116.s2p,07_3_TDS-body_Novel-2Dsweep-260516_117.s2p,,,2.8571160335532,2.85711,2.85711,-9.50201035643656,-11.069151919427501,101.45018397869676,97.6948516023823,-3.7553323763144704,356.24466762368553,116.24466762368553
260519_2dsweep,sim,f_2pi3,sim,S12,offset_nan,07_3_TDS-body_Novel-2Dsweep-260516_117.s2p,07_3_TDS-body_Novel-2Dsweep-260516_118.s2p,,,2.8571160335532,2.85711,2.85711,-11.069151919427501,-4.627180111338627,97.6948516023823,114.52072060919558,16.825869006813264,16.825869006813264,-223.17413099318674
260519_2dsweep,sim,f_2pi3,sim,S12,offset_nan,07_3_TDS-body_Novel-2Dsweep-260516_118.s2p,07_3_TDS-body_Novel-2Dsweep-260516_119.s2p,,,2.8571160335532,2.85711,2.85711,-4.627180111338627,-7.159709918343076,114.52072060919558,104.33865612246056,-10.182064486735015,349.81793551326496,109.81793551326496
260519_2dsweep,sim,f_2pi3,sim,S12,offset_nan,07_3_TDS-body_Novel-2Dsweep-260516_119.s2p,07_3_TDS-body_Novel-2Dsweep-260516_12.s2p,,,2.8571160335532,2.85711,2.85711,-7.159709918343076,-4.299930997959568,104.33865612246056,142.10165560463855,37.762999482177975,37.762999482177975,-202.23700051782203
260519_2dsweep,sim,f_2pi3,sim,S12,offset_nan,07_3_TDS-body_Novel-2Dsweep-260516_12.s2p,07_3_TDS-body_Novel-2Dsweep-260516_120.s2p,,,2.8571160335532,2.85711,2.85711,-4.299930997959568,-8.73356755360008,142.10165560463855,99.68043063823505,-42.421224966403486,317.5787750335965,77.57877503359651
260519_2dsweep,sim,f_2pi3,sim,S12,offset_nan,07_3_TDS-body_Novel-2Dsweep-260516_120.s2p,07_3_TDS-body_Novel-2Dsweep-260516_121.s2p,,,2.8571160335532,2.85711,2.85711,-8.73356755360008,-10.373849427750654,99.68043063823505,95.65946661221025,-4.020964026024785,355.9790359739752,115.97903597397521
260519_2dsweep,sim,f_2pi3,sim,S12,offset_nan,07_3_TDS-body_Novel-2Dsweep-260516_121.s2p,07_3_TDS-body_Novel-2Dsweep-260516_122.s2p,,,2.8571160335532,2.85711,2.85711,-10.373849427750654,-11.729159696941704,95.65946661221025,92.85973834971843,-2.79972826249184,357.20027173750816,117.20027173750816
260519_2dsweep,sim,f_2pi3,sim,S12,offset_nan,07_3_TDS-body_Novel-2Dsweep-260516_122.s2p,07_3_TDS-body_Novel-2Dsweep-260516_13.s2p,,,2.8571160335532,2.85711,2.85711,-11.729159696941704,-4.536340577433451,92.85973834971843,140.52262368063035,47.662885330911934,47.662885330911934,-192.33711466908807
260519_2dsweep,sim,f_2pi3,sim,S12,offset_nan,07_3_TDS-body_Novel-2Dsweep-260516_13.s2p,07_3_TDS-body_Novel-2Dsweep-260516_14.s2p,,,2.8571160335532,2.85711,2.85711,-4.536340577433451,-4.791308517171894,140.52262368063035,138.88431557708898,-1.6383081035413625,358.36169189645864,118.36169189645864
260519_2dsweep,sim,f_2pi3,sim,S12,offset_nan,07_3_TDS-body_Novel-2Dsweep-260516_14.s2p,07_3_TDS-body_Novel-2Dsweep-260516_15.s2p,,,2.8571160335532,2.85711,2.85711,-4.791308517171894,-5.090817314585474,138.88431557708898,137.11081576888313,-1.7734998082058553,358.2265001917941,118.22650019179412
260519_2dsweep,sim,f_2pi3,sim,S12,offset_nan,07_3_TDS-body_Novel-2Dsweep-260516_15.s2p,07_3_TDS-body_Novel-2Dsweep-260516_16.s2p,,,2.8571160335532,2.85711,2.85711,-5.090817314585474,-5.304207205736002,137.11081576888313,135.81595341134036,-1.294862357542769,358.7051376424572,118.7051376424572
260519_2dsweep,sim,f_2pi3,sim,S12,offset_nan,07_3_TDS-body_Novel-2Dsweep-260516_16.s2p,07_3_TDS-body_Novel-2Dsweep-260516_17.s2p,,,2.8571160335532,2.85711,2.85711,-5.304207205736002,-5.590066062389769,135.81595341134036,134.23606036596743,-1.579893045372927,358.42010695462704,118.42010695462704
260519_2dsweep,sim,f_2pi3,sim,S12,offset_nan,07_3_TDS-body_Novel-2Dsweep-260516_17.s2p,07_3_TDS-body_Novel-2Dsweep-260516_18.s2p,,,2.8571160335532,2.85711,2.85711,-5.590066062389769,-5.851872922951174,134.23606036596743,132.8246631572105,-1.411397208756938,358.58860279124303,118.58860279124303
260519_2dsweep,sim,f_2pi3,sim,S12,offset_nan,07_3_TDS-body_Novel-2Dsweep-260516_18.s2p,07_3_TDS-body_Novel-2Dsweep-260516_19.s2p,,,2.8571160335532,2.85711,2.85711,-5.851872922951174,-6.084289100969108,132.8246631572105,131.55780262996998,-1.2668605272405102,358.7331394727595,118.73313947275949
260519_2dsweep,sim,f_2pi3,sim,S12,offset_nan,07_3_TDS-body_Novel-2Dsweep-260516_19.s2p,07_3_TDS-body_Novel-2Dsweep-260516_2.s2p,,,2.8571160335532,2.85711,2.85711,-6.084289100969108,-1.7749416859188711,131.55780262996998,164.3413204121082,32.783517782138205,32.783517782138205,-207.2164822178618
260519_2dsweep,sim,f_2pi3,sim,S12,offset_nan,07_3_TDS-body_Novel-2Dsweep-260516_2.s2p,07_3_TDS-body_Novel-2Dsweep-260516_20.s2p,,,2.8571160335532,2.85711,2.85711,-1.7749416859188711,-6.338679832386229,164.3413204121082,130.28135038660736,-34.05997002550083,325.94002997449917,85.94002997449917
260519_2dsweep,sim,f_2pi3,sim,S12,offset_nan,07_3_TDS-body_Novel-2Dsweep-260516_20.s2p,07_3_TDS-body_Novel-2Dsweep-260516_21.s2p,,,2.8571160335532,2.85711,2.85711,-6.338679832386229,-6.57585021478506,130.28135038660736,129.0846217102904,-1.1967286763169511,358.803271323683,118.80327132368302
260519_2dsweep,sim,f_2pi3,sim,S12,offset_nan,07_3_TDS-body_Novel-2Dsweep-260516_21.s2p,07_3_TDS-body_Novel-2Dsweep-260516_22.s2p,,,2.8571160335532,2.85711,2.85711,-6.57585021478506,-6.845992122658969,129.0846217102904,127.83380466809751,-1.2508170421928924,358.7491829578071,118.74918295780708
260519_2dsweep,sim,f_2pi3,sim,S12,offset_nan,07_3_TDS-body_Novel-2Dsweep-260516_22.s2p,07_3_TDS-body_Novel-2Dsweep-260516_23.s2p,,,2.8571160335532,2.85711,2.85711,-6.845992122658969,-7.077985410815259,127.83380466809751,126.73732742296342,-1.0964772451341105,358.9035227548659,118.90352275486589
260519_2dsweep,sim,f_2pi3,sim,S12,offset_nan,07_3_TDS-body_Novel-2Dsweep-260516_23.s2p,07_3_TDS-body_Novel-2Dsweep-260516_24.s2p,,,2.8571160335532,2.85711,2.85711,-7.077985410815259,-7.3225864018700895,126.73732742296342,125.63091045861376,-1.1064169643496484,358.89358303565035,118.89358303565035
260519_2dsweep,sim,f_2pi3,sim,S12,offset_nan,07_3_TDS-body_Novel-2Dsweep-260516_24.s2p,07_3_TDS-body_Novel-2Dsweep-260516_25.s2p,,,2.8571160335532,2.85711,2.85711,-7.3225864018700895,-7.533981743211565,125.63091045861376,124.69454257846473,-0.936367880149021,359.063632119851,119.06363211985098
260519_2dsweep,sim,f_2pi3,sim,S12,offset_nan,07_3_TDS-body_Novel-2Dsweep-260516_25.s2p,07_3_TDS-body_Novel-2Dsweep-260516_26.s2p,,,2.8571160335532,2.85711,2.85711,-7.533981743211565,-7.749815668349198,124.69454257846473,123.74686563222242,-0.9476769462423249,359.0523230537577,119.05232305375768
260519_2dsweep,sim,f_2pi3,sim,S12,offset_nan,07_3_TDS-body_Novel-2Dsweep-260516_26.s2p,07_3_TDS-body_Novel-2Dsweep-260516_27.s2p,,,2.8571160335532,2.85711,2.85711,-7.749815668349198,-7.978416847153311,123.74686563222242,122.78457214589012,-0.9622934863322996,359.0377065136677,119.03770651366767
260519_2dsweep,sim,f_2pi3,sim,S12,offset_nan,07_3_TDS-body_Novel-2Dsweep-260516_27.s2p,07_3_TDS-body_Novel-2Dsweep-260516_28.s2p,,,2.8571160335532,2.85711,2.85711,-7.978416847153311,-8.216140280795019,122.78457214589012,121.84156602428844,-0.9430061216016838,359.0569938783983,119.05699387839832
260519_2dsweep,sim,f_2pi3,sim,S12,offset_nan,07_3_TDS-body_Novel-2Dsweep-260516_28.s2p,07_3_TDS-body_Novel-2Dsweep-260516_29.s2p,,,2.8571160335532,2.85711,2.85711,-8.216140280795019,-8.41539831753757,121.84156602428844,121.03816804364773,-0.8033979806407103,359.19660201935926,119.19660201935926
260519_2dsweep,sim,f_2pi3,sim,S12,offset_nan,07_3_TDS-body_Novel-2Dsweep-260516_29.s2p,07_3_TDS-body_Novel-2Dsweep-260516_3.s2p,,,2.8571160335532,2.85711,2.85711,-8.41539831753757,-2.0176417220175993,121.03816804364773,161.5729927821329,40.534824738485156,40.534824738485156,-199.46517526151484
260519_2dsweep,sim,f_2pi3,sim,S12,offset_nan,07_3_TDS-body_Novel-2Dsweep-260516_3.s2p,07_3_TDS-body_Novel-2Dsweep-260516_30.s2p,,,2.8571160335532,2.85711,2.85711,-2.0176417220175993,-8.646180249762804,161.5729927821329,120.1344838604732,-41.43850892165972,318.5614910783403,78.56149107834028
260519_2dsweep,sim,f_2pi3,sim,S12,offset_nan,07_3_TDS-body_Novel-2Dsweep-260516_30.s2p,07_3_TDS-body_Novel-2Dsweep-260516_31.s2p,,,2.8571160335532,2.85711,2.85711,-8.646180249762804,-8.876061400791592,120.1344838604732,119.27150773892981,-0.8629761215433973,359.1370238784566,119.1370238784566
260519_2dsweep,sim,f_2pi3,sim,S12,offset_nan,07_3_TDS-body_Novel-2Dsweep-260516_31.s2p,07_3_TDS-body_Novel-2Dsweep-260516_32.s2p,,,2.8571160335532,2.85711,2.85711,-8.876061400791592,-9.063308206150968,119.27150773892981,118.5489594019008,-0.7225483370290249,359.277451662971,119.27745166297098
260519_2dsweep,sim,f_2pi3,sim,S12,offset_nan,07_3_TDS-body_Novel-2Dsweep-260516_32.s2p,07_3_TDS-body_Novel-2Dsweep-260516_33.s2p,,,2.8571160335532,2.85711,2.85711,-9.063308206150968,-9.278382321888547,118.5489594019008,117.77858102658497,-0.7703783753158291,359.22962162468417,119.22962162468417
260519_2dsweep,sim,f_2pi3,sim,S12,offset_nan,07_3_TDS-body_Novel-2Dsweep-260516_33.s2p,07_3_TDS-body_Novel-2Dsweep-260516_34.s2p,,,2.8571160335532,2.85711,2.85711,-9.278382321888547,-9.542005505356316,117.77858102658497,116.88858051608679,-0.8900005104981688,359.10999948950183,119.10999948950183
260519_2dsweep,sim,f_2pi3,sim,S12,offset_nan,07_3_TDS-body_Novel-2Dsweep-260516_34.s2p,07_3_TDS-body_Novel-2Dsweep-260516_35.s2p,,,2.8571160335532,2.85711,2.85711,-9.542005505356316,-9.701971076742586,116.88858051608679,116.28723299508772,-0.6013475209990702,359.39865247900093,119.39865247900093
260519_2dsweep,sim,f_2pi3,sim,S12,offset_nan,07_3_TDS-body_Novel-2Dsweep-260516_35.s2p,07_3_TDS-body_Novel-2Dsweep-260516_36.s2p,,,2.8571160335532,2.85711,2.85711,-9.701971076742586,-9.918820343449038,116.28723299508772,115.57080307324004,-0.7164299218476913,359.2835700781523,119.28357007815231
260519_2dsweep,sim,f_2pi3,sim,S12,offset_nan,07_3_TDS-body_Novel-2Dsweep-260516_36.s2p,07_3_TDS-body_Novel-2Dsweep-260516_37.s2p,,,2.8571160335532,2.85711,2.85711,-9.918820343449038,-10.104293475714341,115.57080307324004,114.92864584951128,-0.6421572237287592,359.35784277627124,119.35784277627124
260519_2dsweep,sim,f_2pi3,sim,S12,offset_nan,07_3_TDS-body_Novel-2Dsweep-260516_37.s2p,07_3_TDS-body_Novel-2Dsweep-260516_38.s2p,,,2.8571160335532,2.85711,2.85711,-10.104293475714341,-10.296056764725597,114.92864584951128,114.30941209331475,-0.619233756196536,359.38076624380346,119.38076624380346
260519_2dsweep,sim,f_2pi3,sim,S12,offset_nan,07_3_TDS-body_Novel-2Dsweep-260516_38.s2p,07_3_TDS-body_Novel-2Dsweep-260516_39.s2p,,,2.8571160335532,2.85711,2.85711,-10.296056764725597,-10.494210313621505,114.30941209331475,113.68330271062734,-0.6261093826873889,359.3738906173126,119.37389061731261
260519_2dsweep,sim,f_2pi3,sim,S12,offset_nan,07_3_TDS-body_Novel-2Dsweep-260516_39.s2p,07_3_TDS-body_Novel-2Dsweep-260516_4.s2p,,,2.8571160335532,2.85711,2.85711,-10.494210313621505,-2.2523814154887387,113.68330271062734,159.01809314315486,45.33479043252751,45.33479043252751,-194.6652095674725
260519_2dsweep,sim,f_2pi3,sim,S12,offset_nan,07_3_TDS-body_Novel-2Dsweep-260516_4.s2p,07_3_TDS-body_Novel-2Dsweep-260516_40.s2p,,,2.8571160335532,2.85711,2.85711,-2.2523814154887387,-10.673866232106086,159.01809314315486,113.09452615153204,-45.923566991622806,314.0764330083772,74.0764330083772
260519_2dsweep,sim,f_2pi3,sim,S12,offset_nan,07_3_TDS-body_Novel-2Dsweep-260516_40.s2p,07_3_TDS-body_Novel-2Dsweep-260516_41.s2p,,,2.8571160335532,2.85711,2.85711,-10.673866232106086,-10.8531354707437,113.09452615153204,112.52427452181165,-0.5702516297203886,359.42974837027964,119.42974837027964
260519_2dsweep,sim,f_2pi3,sim,S12,offset_nan,07_3_TDS-body_Novel-2Dsweep-260516_41.s2p,07_3_TDS-body_Novel-2Dsweep-260516_42.s2p,,,2.8571160335532,2.85711,2.85711,-10.8531354707437,-1.551334625269335,112.52427452181165,165.87429898330907,53.35002446149741,53.35002446149741,-186.6499755385026
260519_2dsweep,sim,f_2pi3,sim,S12,offset_nan,07_3_TDS-body_Novel-2Dsweep-260516_42.s2p,07_3_TDS-body_Novel-2Dsweep-260516_43.s2p,,,2.8571160335532,2.85711,2.85711,-1.551334625269335,-1.782741116745764,165.87429898330907,163.0574235095539,-2.816875473755175,357.1831245262448,117.1831245262448
260519_2dsweep,sim,f_2pi3,sim,S12,offset_nan,07_3_TDS-body_Novel-2Dsweep-260516_43.s2p,07_3_TDS-body_Novel-2Dsweep-260516_44.s2p,,,2.8571160335532,2.85711,2.85711,-1.782741116745764,-1.996634365149938,163.0574235095539,160.58207201945746,-2.4753514900964433,357.52464850990356,117.52464850990356
260519_2dsweep,sim,f_2pi3,sim,S12,offset_nan,07_3_TDS-body_Novel-2Dsweep-260516_44.s2p,07_3_TDS-body_Novel-2Dsweep-260516_45.s2p,,,2.8571160335532,2.85711,2.85711,-1.996634365149938,-2.2497193713695083,160.58207201945746,157.92056642266377,-2.6615055967936883,357.3384944032063,117.33849440320631
260519_2dsweep,sim,f_2pi3,sim,S12,offset_nan,07_3_TDS-body_Novel-2Dsweep-260516_45.s2p,07_3_TDS-body_Novel-2Dsweep-260516_46.s2p,,,2.8571160335532,2.85711,2.85711,-2.2497193713695083,-2.4817196898025387,157.92056642266377,155.60116018199312,-2.319406240670645,357.6805937593293,117.68059375932933
260519_2dsweep,sim,f_2pi3,sim,S12,offset_nan,07_3_TDS-body_Novel-2Dsweep-260516_46.s2p,07_3_TDS-body_Novel-2Dsweep-260516_47.s2p,,,2.8571160335532,2.85711,2.85711,-2.4817196898025387,-2.6889357439900357,155.60116018199312,153.58841186183926,-2.012748320153861,357.98725167984617,117.98725167984617
260519_2dsweep,sim,f_2pi3,sim,S12,offset_nan,07_3_TDS-body_Novel-2Dsweep-260516_47.s2p,07_3_TDS-body_Novel-2Dsweep-260516_48.s2p,,,2.8571160335532,2.85711,2.85711,-2.6889357439900357,-2.9702046865119742,153.58841186183926,151.12443242133003,-2.4639794405092346,357.5360205594908,117.5360205594908
260519_2dsweep,sim,f_2pi3,sim,S12,offset_nan,07_3_TDS-body_Novel-2Dsweep-260516_48.s2p,07_3_TDS-body_Novel-2Dsweep-260516_49.s2p,,,2.8571160335532,2.85711,2.85711,-2.9702046865119742,-3.25237137093987,151.12443242133003,148.84168396915177,-2.2827484521782537,357.7172515478218,117.71725154782177
260519_2dsweep,sim,f_2pi3,sim,S12,offset_nan,07_3_TDS-body_Novel-2Dsweep-260516_49.s2p,07_3_TDS-body_Novel-2Dsweep-260516_5.s2p,,,2.8571160335532,2.85711,2.85711,-3.25237137093987,-2.4831439416632684,148.84168396915177,156.6792475254272,7.837563556275427,7.837563556275427,-232.16243644372457
260519_2dsweep,sim,f_2pi3,sim,S12,offset_nan,07_3_TDS-body_Novel-2Dsweep-260516_5.s2p,07_3_TDS-body_Novel-2Dsweep-260516_50.s2p,,,2.8571160335532,2.85711,2.85711,-2.4831439416632684,-3.443982291468651,156.6792475254272,147.23149115097405,-9.44775637445315,350.55224362554685,110.55224362554685
260519_2dsweep,sim,f_2pi3,sim,S12,offset_nan,07_3_TDS-body_Novel-2Dsweep-260516_50.s2p,07_3_TDS-body_Novel-2Dsweep-260516_51.s2p,,,2.8571160335532,2.85711,2.85711,-3.443982291468651,-3.7310148976040542,147.23149115097405,145.11368078421208,-2.1178103667619723,357.882189633238,117.882189633238
260519_2dsweep,sim,f_2pi3,sim,S12,offset_nan,07_3_TDS-body_Novel-2Dsweep-260516_51.s2p,07_3_TDS-body_Novel-2Dsweep-260516_52.s2p,,,2.8571160335532,2.85711,2.85711,-3.7310148976040542,-4.006210375860146,145.11368078421208,143.1530973131522,-1.9605834710598913,358.03941652894014,118.03941652894014
260519_2dsweep,sim,f_2pi3,sim,S12,offset_nan,07_3_TDS-body_Novel-2Dsweep-260516_52.s2p,07_3_TDS-body_Novel-2Dsweep-260516_53.s2p,,,2.8571160335532,2.85711,2.85711,-4.006210375860146,-4.254025111935346,143.1530973131522,141.43418939955797,-1.7189079135942222,358.2810920864058,118.2810920864058
260519_2dsweep,sim,f_2pi3,sim,S12,offset_nan,07_3_TDS-body_Novel-2Dsweep-260516_53.s2p,07_3_TDS-body_Novel-2Dsweep-260516_54.s2p,,,2.8571160335532,2.85711,2.85711,-4.254025111935346,-4.510408526366473,141.43418939955797,139.75520446271946,-1.6789849368385035,358.3210150631615,118.3210150631615
260519_2dsweep,sim,f_2pi3,sim,S12,offset_nan,07_3_TDS-body_Novel-2Dsweep-260516_54.s2p,07_3_TDS-body_Novel-2Dsweep-260516_55.s2p,,,2.8571160335532,2.85711,2.85711,-4.510408526366473,-4.794994181727208,139.75520446271946,138.0095473575083,-1.7456571052111656,358.2543428947888,118.2543428947888
260519_2dsweep,sim,f_2pi3,sim,S12,offset_nan,07_3_TDS-body_Novel-2Dsweep-260516_55.s2p,07_3_TDS-body_Novel-2Dsweep-260516_56.s2p,,,2.8571160335532,2.85711,2.85711,-4.794994181727208,-5.046197430797452,138.0095473575083,136.4632854424566,-1.5462619150517014,358.4537380849483,118.45373808494833
260519_2dsweep,sim,f_2pi3,sim,S12,offset_nan,07_3_TDS-body_Novel-2Dsweep-260516_56.s2p,07_3_TDS-body_Novel-2Dsweep-260516_57.s2p,,,2.8571160335532,2.85711,2.85711,-5.046197430797452,-5.294139415385951,136.4632854424566,135.03169029397552,-1.4315951484810796,358.56840485151895,118.56840485151895
260519_2dsweep,sim,f_2pi3,sim,S12,offset_nan,07_3_TDS-body_Novel-2Dsweep-260516_57.s2p,07_3_TDS-body_Novel-2Dsweep-260516_58.s2p,,,2.8571160335532,2.85711,2.85711,-5.294139415385951,-5.577338113936459,135.03169029397552,133.479023480252,-1.552666813723505,358.4473331862765,118.44733318627652
260519_2dsweep,sim,f_2pi3,sim,S12,offset_nan,07_3_TDS-body_Novel-2Dsweep-260516_58.s2p,07_3_TDS-body_Novel-2Dsweep-260516_59.s2p,,,2.8571160335532,2.85711,2.85711,-5.577338113936459,-5.830012724037822,133.479023480252,132.10236746116945,-1.37665601908256,358.6233439809174,118.62334398091741
260519_2dsweep,sim,f_2pi3,sim,S12,offset_nan,07_3_TDS-body_Novel-2Dsweep-260516_59.s2p,07_3_TDS-body_Novel-2Dsweep-260516_6.s2p,,,2.8571160335532,2.85711,2.85711,-5.830012724037822,-2.741993788203162,132.10236746116945,154.2211900281915,22.11882256702205,22.11882256702205,-217.88117743297795
260519_2dsweep,sim,f_2pi3,sim,S12,offset_nan,07_3_TDS-body_Novel-2Dsweep-260516_6.s2p,07_3_TDS-body_Novel-2Dsweep-260516_60.s2p,,,2.8571160335532,2.85711,2.85711,-2.741993788203162,-6.076251891457908,154.2211900281915,130.81006453632574,-23.41112549186576,336.58887450813427,96.58887450813427
260519_2dsweep,sim,f_2pi3,sim,S12,offset_nan,07_3_TDS-body_Novel-2Dsweep-260516_60.s2p,07_3_TDS-body_Novel-2Dsweep-260516_61.s2p,,,2.8571160335532,2.85711,2.85711,-6.076251891457908,-6.319725267136339,130.81006453632574,129.59093165158717,-1.2191328847385705,358.78086711526146,118.78086711526146
260519_2dsweep,sim,f_2pi3,sim,S12,offset_nan,07_3_TDS-body_Novel-2Dsweep-260516_61.s2p,07_3_TDS-body_Novel-2Dsweep-260516_62.s2p,,,2.8571160335532,2.85711,2.85711,-6.319725267136339,-6.557295059784099,129.59093165158717,128.3976185206316,-1.1933131309555733,358.8066868690444,118.80668686904443
260519_2dsweep,sim,f_2pi3,sim,S12,offset_nan,07_3_TDS-body_Novel-2Dsweep-260516_62.s2p,07_3_TDS-body_Novel-2Dsweep-260516_63.s2p,,,2.8571160335532,2.85711,2.85711,-6.557295059784099,-6.819623936697321,128.3976185206316,127.19048809803836,-1.2071304225932522,358.79286957740675,118.79286957740675
260519_2dsweep,sim,f_2pi3,sim,S12,offset_nan,07_3_TDS-body_Novel-2Dsweep-260516_63.s2p,07_3_TDS-body_Novel-2Dsweep-260516_64.s2p,,,2.8571160335532,2.85711,2.85711,-6.819623936697321,-7.0697579398482455,127.19048809803836,126.0621616331552,-1.1283264648831732,358.8716735351168,118.87167353511683
260519_2dsweep,sim,f_2pi3,sim,S12,offset_nan,07_3_TDS-body_Novel-2Dsweep-260516_64.s2p,07_3_TDS-body_Novel-2Dsweep-260516_65.s2p,,,2.8571160335532,2.85711,2.85711,-7.0697579398482455,-7.270734714774209,126.0621616331552,125.09731847274045,-0.9648431604147447,359.0351568395853,119.03515683958528
260519_2dsweep,sim,f_2pi3,sim,S12,offset_nan,07_3_TDS-body_Novel-2Dsweep-260516_65.s2p,07_3_TDS-body_Novel-2Dsweep-260516_66.s2p,,,2.8571160335532,2.85711,2.85711,-7.270734714774209,-7.525850167532195,125.09731847274045,124.01751441052998,-1.079804062210485,358.9201959377895,118.92019593778952
260519_2dsweep,sim,f_2pi3,sim,S12,offset_nan,07_3_TDS-body_Novel-2Dsweep-260516_66.s2p,07_3_TDS-body_Novel-2Dsweep-260516_67.s2p,,,2.8571160335532,2.85711,2.85711,-7.525850167532195,-7.7531703942448305,124.01751441052998,123.02665600510237,-0.9908584054276162,359.0091415945724,119.00914159457238
260519_2dsweep,sim,f_2pi3,sim,S12,offset_nan,07_3_TDS-body_Novel-2Dsweep-260516_67.s2p,07_3_TDS-body_Novel-2Dsweep-260516_68.s2p,,,2.8571160335532,2.85711,2.85711,-7.7531703942448305,-7.969368525996609,123.02665600510237,122.13036405010239,-0.896291954999981,359.103708045,119.10370804500002
260519_2dsweep,sim,f_2pi3,sim,S12,offset_nan,07_3_TDS-body_Novel-2Dsweep-260516_68.s2p,07_3_TDS-body_Novel-2Dsweep-260516_69.s2p,,,2.8571160335532,2.85711,2.85711,-7.969368525996609,-8.2147225303144,122.13036405010239,121.1757641202258,-0.9545999298765935,359.0454000701234,119.04540007012338
260519_2dsweep,sim,f_2pi3,sim,S12,offset_nan,07_3_TDS-body_Novel-2Dsweep-260516_69.s2p,07_3_TDS-body_Novel-2Dsweep-260516_7.s2p,,,2.8571160335532,2.85711,2.85711,-8.2147225303144,-2.962237577729749,121.1757641202258,152.21605554573466,31.040291425508883,31.040291425508883,-208.95970857449112
260519_2dsweep,sim,f_2pi3,sim,S12,offset_nan,07_3_TDS-body_Novel-2Dsweep-260516_7.s2p,07_3_TDS-body_Novel-2Dsweep-260516_70.s2p,,,2.8571160335532,2.85711,2.85711,-2.962237577729749,-8.407280029277945,152.21605554573466,120.38249330313465,-31.83356224260001,328.1664377574,88.16643775739999
260519_2dsweep,sim,f_2pi3,sim,S12,offset_nan,07_3_TDS-body_Novel-2Dsweep-260516_70.s2p,07_3_TDS-body_Novel-2Dsweep-260516_71.s2p,,,2.8571160335532,2.85711,2.85711,-8.407280029277945,-8.631799034616357,120.38249330313465,119.52813338486413,-0.8543599182705179,359.1456400817295,119.14564008172948
260519_2dsweep,sim,f_2pi3,sim,S12,offset_nan,07_3_TDS-body_Novel-2Dsweep-260516_71.s2p,07_3_TDS-body_Novel-2Dsweep-260516_72.s2p,,,2.8571160335532,2.85711,2.85711,-8.631799034616357,-8.847858425958519,119.52813338486413,118.71972276385289,-0.8084106210112623,359.19158937898874,119.19158937898874
260519_2dsweep,sim,f_2pi3,sim,S12,offset_nan,07_3_TDS-body_Novel-2Dsweep-260516_72.s2p,07_3_TDS-body_Novel-2Dsweep-260516_73.s2p,,,2.8571160335532,2.85711,2.85711,-8.847858425958519,-9.055167610208494,118.71972276385289,117.94073367953229,-0.7789890843205853,359.2210109156794,119.22101091567941
260519_2dsweep,sim,f_2pi3,sim,S12,offset_nan,07_3_TDS-body_Novel-2Dsweep-260516_73.s2p,07_3_TDS-body_Novel-2Dsweep-260516_74.s2p,,,2.8571160335532,2.85711,2.85711,-9.055167610208494,-9.26246735694503,117.94073367953229,117.19730769789751,-0.7434259816347719,359.2565740183652,119.2565740183652
260519_2dsweep,sim,f_2pi3,sim,S12,offset_nan,07_3_TDS-body_Novel-2Dsweep-260516_74.s2p,07_3_TDS-body_Novel-2Dsweep-260516_75.s2p,,,2.8571160335532,2.85711,2.85711,-9.26246735694503,-9.518438932809593,117.19730769789751,116.34202566020835,-0.8552820376891646,359.14471796231084,119.14471796231084
260519_2dsweep,sim,f_2pi3,sim,S12,offset_nan,07_3_TDS-body_Novel-2Dsweep-260516_75.s2p,07_3_TDS-body_Novel-2Dsweep-260516_76.s2p,,,2.8571160335532,2.85711,2.85711,-9.518438932809593,-9.684866631970024,116.34202566020835,115.73490599958124,-0.6071196606271201,359.3928803393729,119.39288033937288
260519_2dsweep,sim,f_2pi3,sim,S12,offset_nan,07_3_TDS-body_Novel-2Dsweep-260516_76.s2p,07_3_TDS-body_Novel-2Dsweep-260516_77.s2p,,,2.8571160335532,2.85711,2.85711,-9.684866631970024,-9.891780616328328,115.73490599958124,115.02824652766617,-0.7066594719150885,359.2933405280849,119.29334052808491
260519_2dsweep,sim,f_2pi3,sim,S12,offset_nan,07_3_TDS-body_Novel-2Dsweep-260516_77.s2p,07_3_TDS-body_Novel-2Dsweep-260516_78.s2p,,,2.8571160335532,2.85711,2.85711,-9.891780616328328,-10.080477474132302,115.02824652766617,114.39351226705514,-0.634734260611026,359.365265739389,119.36526573938897
260519_2dsweep,sim,f_2pi3,sim,S12,offset_nan,07_3_TDS-body_Novel-2Dsweep-260516_78.s2p,07_3_TDS-body_Novel-2Dsweep-260516_79.s2p,,,2.8571160335532,2.85711,2.85711,-10.080477474132302,-10.268477932790175,114.39351226705514,113.79631430528273,-0.5971979617723946,359.4028020382276,119.4028020382276
260519_2dsweep,sim,f_2pi3,sim,S12,offset_nan,07_3_TDS-body_Novel-2Dsweep-260516_79.s2p,07_3_TDS-body_Novel-2Dsweep-260516_8.s2p,,,2.8571160335532,2.85711,2.85711,-10.268477932790175,-3.2536780194460677,113.79631430528273,149.80747595113505,36.011161645852326,36.011161645852326,-203.98883835414767
260519_2dsweep,sim,f_2pi3,sim,S12,offset_nan,07_3_TDS-body_Novel-2Dsweep-260516_8.s2p,07_3_TDS-body_Novel-2Dsweep-260516_80.s2p,,,2.8571160335532,2.85711,2.85711,-3.2536780194460677,-10.459701786429125,149.80747595113505,113.187140024364,-36.62033592677105,323.3796640732289,83.37966407322892
260519_2dsweep,sim,f_2pi3,sim,S12,offset_nan,07_3_TDS-body_Novel-2Dsweep-260516_80.s2p,07_3_TDS-body_Novel-2Dsweep-260516_81.s2p,,,2.8571160335532,2.85711,2.85711,-10.459701786429125,-10.645066959532974,113.187140024364,112.59045587938658,-0.5966841449774165,359.4033158550226,119.40331585502258
260519_2dsweep,sim,f_2pi3,sim,S12,offset_nan,07_3_TDS-body_Novel-2Dsweep-260516_81.s2p,07_3_TDS-body_Novel-2Dsweep-260516_82.s2p,,,2.8571160335532,2.85711,2.85711,-10.645066959532974,-10.817895221629572,112.59045587938658,112.04816162314475,-0.5422942562418314,359.4577057437582,119.4577057437582
260519_2dsweep,sim,f_2pi3,sim,S12,offset_nan,07_3_TDS-body_Novel-2Dsweep-260516_82.s2p,07_3_TDS-body_Novel-2Dsweep-260516_83.s2p,,,2.8571160335532,2.85711,2.85711,-10.817895221629572,-1.3878060709283915,112.04816162314475,166.5898619252984,54.54170030215366,54.54170030215366,-185.45829969784634
260519_2dsweep,sim,f_2pi3,sim,S12,offset_nan,07_3_TDS-body_Novel-2Dsweep-260516_83.s2p,07_3_TDS-body_Novel-2Dsweep-260516_84.s2p,,,2.8571160335532,2.85711,2.85711,-1.3878060709283915,-1.4648900780627807,166.5898619252984,165.41918277075993,-1.170679154538476,358.82932084546155,118.82932084546155
260519_2dsweep,sim,f_2pi3,sim,S12,offset_nan,07_3_TDS-body_Novel-2Dsweep-260516_84.s2p,07_3_TDS-body_Novel-2Dsweep-260516_85.s2p,,,2.8571160335532,2.85711,2.85711,-1.4648900780627807,-1.670816393276108,165.41918277075993,162.79752507631363,-2.6216576944462986,357.3783423055537,117.3783423055537
260519_2dsweep,sim,f_2pi3,sim,S12,offset_nan,07_3_TDS-body_Novel-2Dsweep-260516_85.s2p,07_3_TDS-body_Novel-2Dsweep-260516_86.s2p,,,2.8571160335532,2.85711,2.85711,-1.670816393276108,-1.8943921149546052,162.79752507631363,160.20079957741592,-2.5967254988977118,357.40327450110226,117.40327450110226
260519_2dsweep,sim,f_2pi3,sim,S12,offset_nan,07_3_TDS-body_Novel-2Dsweep-260516_86.s2p,07_3_TDS-body_Novel-2Dsweep-260516_87.s2p,,,2.8571160335532,2.85711,2.85711,-1.8943921149546052,-2.123419866638796,160.20079957741592,157.71589903511534,-2.484900542300579,357.5150994576994,117.51509945769942
260519_2dsweep,sim,f_2pi3,sim,S12,offset_nan,07_3_TDS-body_Novel-2Dsweep-260516_87.s2p,07_3_TDS-body_Novel-2Dsweep-260516_88.s2p,,,2.8571160335532,2.85711,2.85711,-2.123419866638796,-2.368651909366364,157.71589903511534,155.250709032834,-2.4651900022813322,357.53480999771864,117.53480999771864
260519_2dsweep,sim,f_2pi3,sim,S12,offset_nan,07_3_TDS-body_Novel-2Dsweep-260516_88.s2p,07_3_TDS-body_Novel-2Dsweep-260516_89.s2p,,,2.8571160335532,2.85711,2.85711,-2.368651909366364,-2.619990507146539,155.250709032834,152.88146982943456,-2.369239203399445,357.63076079660055,117.63076079660055
260519_2dsweep,sim,f_2pi3,sim,S12,offset_nan,07_3_TDS-body_Novel-2Dsweep-260516_89.s2p,07_3_TDS-body_Novel-2Dsweep-260516_9.s2p,,,2.8571160335532,2.85711,2.85711,-2.619990507146539,-3.499490074933128,152.88146982943456,147.88340608494883,-4.998063744485734,355.00193625551424,115.00193625551424
260519_2dsweep,sim,f_2pi3,sim,S12,offset_nan,07_3_TDS-body_Novel-2Dsweep-260516_9.s2p,07_3_TDS-body_Novel-2Dsweep-260516_90.s2p,,,2.8571160335532,2.85711,2.85711,-3.499490074933128,-2.842457778755867,147.88340608494883,150.8580697875222,2.974663702573366,2.974663702573366,-237.02533629742663
260519_2dsweep,sim,f_2pi3,sim,S12,offset_nan,07_3_TDS-body_Novel-2Dsweep-260516_90.s2p,07_3_TDS-body_Novel-2Dsweep-260516_91.s2p,,,2.8571160335532,2.85711,2.85711,-2.842457778755867,-3.1031792343780316,150.8580697875222,148.6712307010247,-2.1868390864974856,357.81316091350254,117.81316091350254
260519_2dsweep,sim,f_2pi3,sim,S12,offset_nan,07_3_TDS-body_Novel-2Dsweep-260516_91.s2p,07_3_TDS-body_Novel-2Dsweep-260516_92.s2p,,,2.8571160335532,2.85711,2.85711,-3.1031792343780316,-3.352412048522091,148.6712307010247,146.67029120757664,-2.0009394934480724,357.9990605065519,117.99906050655193
260519_2dsweep,sim,f_2pi3,sim,S12,offset_nan,07_3_TDS-body_Novel-2Dsweep-260516_92.s2p,07_3_TDS-body_Novel-2Dsweep-260516_93.s2p,,,2.8571160335532,2.85711,2.85711,-3.352412048522091,-3.5945031012927817,146.67029120757664,144.83464749075776,-1.835643716818879,358.1643562831811,118.16435628318112
260519_2dsweep,sim,f_2pi3,sim,S12,offset_nan,07_3_TDS-body_Novel-2Dsweep-260516_93.s2p,07_3_TDS-body_Novel-2Dsweep-260516_94.s2p,,,2.8571160335532,2.85711,2.85711,-3.5945031012927817,-3.8826952570462154,144.83464749075776,142.7891394332819,-2.045508057475871,357.9544919425241,117.9544919425241
260519_2dsweep,sim,f_2pi3,sim,S12,offset_nan,07_3_TDS-body_Novel-2Dsweep-260516_94.s2p,07_3_TDS-body_Novel-2Dsweep-260516_95.s2p,,,2.8571160335532,2.85711,2.85711,-3.8826952570462154,-4.139604825491299,142.7891394332819,141.00082552021394,-1.7883139130679524,358.21168608693205,118.21168608693205
260519_2dsweep,sim,f_2pi3,sim,S12,offset_nan,07_3_TDS-body_Novel-2Dsweep-260516_95.s2p,07_3_TDS-body_Novel-2Dsweep-260516_96.s2p,,,2.8571160335532,2.85711,2.85711,-4.139604825491299,-4.387983896804722,141.00082552021394,139.34904442409854,-1.6517810961153998,358.3482189038846,118.34821890388457
260519_2dsweep,sim,f_2pi3,sim,S12,offset_nan,07_3_TDS-body_Novel-2Dsweep-260516_96.s2p,07_3_TDS-body_Novel-2Dsweep-260516_97.s2p,,,2.8571160335532,2.85711,2.85711,-4.387983896804722,-4.651233587461318,139.34904442409854,137.70308204464072,-1.6459623794578135,358.35403762054216,118.35403762054216
260519_2dsweep,sim,f_2pi3,sim,S12,offset_nan,07_3_TDS-body_Novel-2Dsweep-260516_97.s2p,07_3_TDS-body_Novel-2Dsweep-260516_98.s2p,,,2.8571160335532,2.85711,2.85711,-4.651233587461318,-4.899284038783476,137.70308204464072,136.174855122787,-1.5282269218537294,358.47177307814627,118.47177307814627
260519_2dsweep,sim,f_2pi3,sim,S12,offset_nan,07_3_TDS-body_Novel-2Dsweep-260516_98.s2p,07_3_TDS-body_Novel-2Dsweep-260516_99.s2p,,,2.8571160335532,2.85711,2.85711,-4.899284038783476,-5.184398491941025,136.174855122787,134.56160735351048,-1.6132477692765121,358.38675223072346,118.38675223072346
260519_2dsweep,sim,f_2pi3,sim,S21,offset_nan,07_3_TDS-body_Novel-2Dsweep-260516_1.s2p,07_3_TDS-body_Novel-2Dsweep-260516_10.s2p,,,2.8571160335532,2.85711,2.85711,-1.5949057225061978,-3.7712792954721204,166.62257302808078,145.8212948668253,-20.801278161255482,339.1987218387445,99.19872183874452
260519_2dsweep,sim,f_2pi3,sim,S21,offset_nan,07_3_TDS-body_Novel-2Dsweep-260516_10.s2p,07_3_TDS-body_Novel-2Dsweep-260516_100.s2p,,,2.8571160335532,2.85711,2.85711,-3.7712792954721204,-5.423203043957377,145.8212948668253,133.2128557038753,-12.608439162949992,347.39156083705,107.39156083705001
260519_2dsweep,sim,f_2pi3,sim,S21,offset_nan,07_3_TDS-body_Novel-2Dsweep-260516_100.s2p,07_3_TDS-body_Novel-2Dsweep-260516_101.s2p,,,2.8571160335532,2.85711,2.85711,-5.423203043957377,-5.6764739771981,133.2128557038753,131.8360633159989,-1.3767923878764066,358.62320761212357,118.62320761212357
260519_2dsweep,sim,f_2pi3,sim,S21,offset_nan,07_3_TDS-body_Novel-2Dsweep-260516_101.s2p,07_3_TDS-body_Novel-2Dsweep-260516_103.s2p,,,2.8571160335532,2.85711,2.85711,-5.6764739771981,-1.213643139891898,131.8360633159989,159.96285091551732,28.126787599518423,28.126787599518423,-211.87321240048158
260519_2dsweep,sim,f_2pi3,sim,S21,offset_nan,07_3_TDS-body_Novel-2Dsweep-260516_103.s2p,07_3_TDS-body_Novel-2Dsweep-260516_104.s2p,,,2.8571160335532,2.85711,2.85711,-1.213643139891898,-3.652786385012373,159.96285091551732,137.50141855032834,-22.461432365188983,337.538567634811,97.53856763481099
260519_2dsweep,sim,f_2pi3,sim,S21,offset_nan,07_3_TDS-body_Novel-2Dsweep-260516_104.s2p,07_3_TDS-body_Novel-2Dsweep-260516_105.s2p,,,2.8571160335532,2.85711,2.85711,-3.652786385012373,-6.192325900318024,137.50141855032834,123.43269185075175,-14.068726699576587,345.9312733004234,105.93127330042341
260519_2dsweep,sim,f_2pi3,sim,S21,offset_nan,07_3_TDS-body_Novel-2Dsweep-260516_105.s2p,07_3_TDS-body_Novel-2Dsweep-260516_106.s2p,,,2.8571160335532,2.85711,2.85711,-6.192325900318024,-8.45715019743915,123.43269185075175,114.39807567189729,-9.034616178854463,350.96538382114556,110.96538382114556
260519_2dsweep,sim,f_2pi3,sim,S21,offset_nan,07_3_TDS-body_Novel-2Dsweep-260516_106.s2p,07_3_TDS-body_Novel-2Dsweep-260516_107.s2p,,,2.8571160335532,2.85711,2.85711,-8.45715019743915,-10.347801790587067,114.39807567189729,108.3978550292658,-6.00022064263149,353.99977935736854,113.99977935736854
260519_2dsweep,sim,f_2pi3,sim,S21,offset_nan,07_3_TDS-body_Novel-2Dsweep-260516_107.s2p,07_3_TDS-body_Novel-2Dsweep-260516_108.s2p,,,2.8571160335532,2.85711,2.85711,-10.347801790587067,-1.550336112252778,108.3978550292658,147.27382258185128,38.87596755258548,38.87596755258548,-201.12403244741452
260519_2dsweep,sim,f_2pi3,sim,S21,offset_nan,07_3_TDS-body_Novel-2Dsweep-260516_108.s2p,07_3_TDS-body_Novel-2Dsweep-260516_109.s2p,,,2.8571160335532,2.85711,2.85711,-1.550336112252778,-4.10672445299315,147.27382258185128,127.49311133791058,-19.780711243940686,340.2192887560593,100.21928875605931
260519_2dsweep,sim,f_2pi3,sim,S21,offset_nan,07_3_TDS-body_Novel-2Dsweep-260516_109.s2p,07_3_TDS-body_Novel-2Dsweep-260516_11.s2p,,,2.8571160335532,2.85711,2.85711,-4.10672445299315,-4.003831440963607,127.49311133791058,144.12027398827692,16.62716265036636,16.62716265036636,-223.37283734963364
260519_2dsweep,sim,f_2pi3,sim,S21,offset_nan,07_3_TDS-body_Novel-2Dsweep-260516_11.s2p,07_3_TDS-body_Novel-2Dsweep-260516_110.s2p,,,2.8571160335532,2.85711,2.85711,-4.003831440963607,-6.655159667614264,144.12027398827692,115.38109808892942,-28.739175899347515,331.2608241006525,91.26082410065248
260519_2dsweep,sim,f_2pi3,sim,S21,offset_nan,07_3_TDS-body_Novel-2Dsweep-260516_110.s2p,07_3_TDS-body_Novel-2Dsweep-260516_111.s2p,,,2.8571160335532,2.85711,2.85711,-6.655159667614264,-8.788283546128696,115.38109808892942,107.9818190060444,-7.399279082885016,352.600720917115,112.60072091711498
260519_2dsweep,sim,f_2pi3,sim,S21,offset_nan,07_3_TDS-body_Novel-2Dsweep-260516_111.s2p,07_3_TDS-body_Novel-2Dsweep-260516_112.s2p,,,2.8571160335532,2.85711,2.85711,-8.788283546128696,-10.546520546251912,107.9818190060444,103.04767613372995,-4.934142872314453,355.06585712768555,115.06585712768555
260519_2dsweep,sim,f_2pi3,sim,S21,offset_nan,07_3_TDS-body_Novel-2Dsweep-260516_112.s2p,07_3_TDS-body_Novel-2Dsweep-260516_113.s2p,,,2.8571160335532,2.85711,2.85711,-10.546520546251912,-2.559526591861918,103.04767613372995,131.7338007904579,28.68612465672794,28.68612465672794,-211.31387534327206
260519_2dsweep,sim,f_2pi3,sim,S21,offset_nan,07_3_TDS-body_Novel-2Dsweep-260516_113.s2p,07_3_TDS-body_Novel-2Dsweep-260516_114.s2p,,,2.8571160335532,2.85711,2.85711,-2.559526591861918,-5.283613054190197,131.7338007904579,115.90933754312863,-15.824463247329277,344.1755367526707,104.17553675267072
260519_2dsweep,sim,f_2pi3,sim,S21,offset_nan,07_3_TDS-body_Novel-2Dsweep-260516_114.s2p,07_3_TDS-body_Novel-2Dsweep-260516_115.s2p,,,2.8571160335532,2.85711,2.85711,-5.283613054190197,-7.544015562462993,115.90933754312863,107.19486300650323,-8.714474536625403,351.2855254633746,111.2855254633746
260519_2dsweep,sim,f_2pi3,sim,S21,offset_nan,07_3_TDS-body_Novel-2Dsweep-260516_115.s2p,07_3_TDS-body_Novel-2Dsweep-260516_116.s2p,,,2.8571160335532,2.85711,2.85711,-7.544015562462993,-9.501890202630605,107.19486300650323,101.45049200148733,-5.744371005015893,354.25562899498414,114.25562899498414
260519_2dsweep,sim,f_2pi3,sim,S21,offset_nan,07_3_TDS-body_Novel-2Dsweep-260516_116.s2p,07_3_TDS-body_Novel-2Dsweep-260516_117.s2p,,,2.8571160335532,2.85711,2.85711,-9.501890202630605,-11.069004536705213,101.45049200148733,97.69493676180883,-3.7555552396785004,356.24444476032147,116.24444476032147
260519_2dsweep,sim,f_2pi3,sim,S21,offset_nan,07_3_TDS-body_Novel-2Dsweep-260516_117.s2p,07_3_TDS-body_Novel-2Dsweep-260516_118.s2p,,,2.8571160335532,2.85711,2.85711,-11.069004536705213,-4.627175318900406,97.69493676180883,114.52130590076112,16.826369138952288,16.826369138952288,-223.1736308610477
260519_2dsweep,sim,f_2pi3,sim,S21,offset_nan,07_3_TDS-body_Novel-2Dsweep-260516_118.s2p,07_3_TDS-body_Novel-2Dsweep-260516_119.s2p,,,2.8571160335532,2.85711,2.85711,-4.627175318900406,-7.1595237240421925,114.52130590076112,104.33836496429346,-10.182940936467674,349.8170590635323,109.81705906353233
260519_2dsweep,sim,f_2pi3,sim,S21,offset_nan,07_3_TDS-body_Novel-2Dsweep-260516_119.s2p,07_3_TDS-body_Novel-2Dsweep-260516_12.s2p,,,2.8571160335532,2.85711,2.85711,-7.1595237240421925,-4.299819100582911,104.33836496429346,142.10078085470295,37.7624158904095,37.7624158904095,-202.2375841095905
260519_2dsweep,sim,f_2pi3,sim,S21,offset_nan,07_3_TDS-body_Novel-2Dsweep-260516_12.s2p,07_3_TDS-body_Novel-2Dsweep-260516_120.s2p,,,2.8571160335532,2.85711,2.85711,-4.299819100582911,-8.733506474097013,142.10078085470295,99.67766906018824,-42.42311179451471,317.57688820548526,77.57688820548526
260519_2dsweep,sim,f_2pi3,sim,S21,offset_nan,07_3_TDS-body_Novel-2Dsweep-260516_120.s2p,07_3_TDS-body_Novel-2Dsweep-260516_121.s2p,,,2.8571160335532,2.85711,2.85711,-8.733506474097013,-10.374379296058402,99.67766906018824,95.65559121943525,-4.022077840752985,355.977922159247,115.97792215924699
260519_2dsweep,sim,f_2pi3,sim,S21,offset_nan,07_3_TDS-body_Novel-2Dsweep-260516_121.s2p,07_3_TDS-body_Novel-2Dsweep-260516_122.s2p,,,2.8571160335532,2.85711,2.85711,-10.374379296058402,-11.729155352011226,95.65559121943525,92.85991768993463,-2.7956735295006183,357.2043264704994,117.20432647049938
260519_2dsweep,sim,f_2pi3,sim,S21,offset_nan,07_3_TDS-body_Novel-2Dsweep-260516_122.s2p,07_3_TDS-body_Novel-2Dsweep-260516_13.s2p,,,2.8571160335532,2.85711,2.85711,-11.729155352011226,-4.536052854648296,92.85991768993463,140.5201367822119,47.66021909227726,47.66021909227726,-192.33978090772274
260519_2dsweep,sim,f_2pi3,sim,S21,offset_nan,07_3_TDS-body_Novel-2Dsweep-260516_13.s2p,07_3_TDS-body_Novel-2Dsweep-260516_14.s2p,,,2.8571160335532,2.85711,2.85711,-4.536052854648296,-4.791281648462544,140.5201367822119,138.88342578562037,-1.6367109965915176,358.36328900340845,118.36328900340845
260519_2dsweep,sim,f_2pi3,sim,S21,offset_nan,07_3_TDS-body_Novel-2Dsweep-260516_14.s2p,07_3_TDS-body_Novel-2Dsweep-260516_15.s2p,,,2.8571160335532,2.85711,2.85711,-4.791281648462544,-5.09060492077965,138.88342578562037,137.10994878812073,-1.7734769974996425,358.22652300250036,118.22652300250036
260519_2dsweep,sim,f_2pi3,sim,S21,offset_nan,07_3_TDS-body_Novel-2Dsweep-260516_15.s2p,07_3_TDS-body_Novel-2Dsweep-260516_16.s2p,,,2.8571160335532,2.85711,2.85711,-5.09060492077965,-5.304025910807662,137.10994878812073,135.81559924812223,-1.2943495399985068,358.7056504600015,118.7056504600015
260519_2dsweep,sim,f_2pi3,sim,S21,offset_nan,07_3_TDS-body_Novel-2Dsweep-260516_16.s2p,07_3_TDS-body_Novel-2Dsweep-260516_17.s2p,,,2.8571160335532,2.85711,2.85711,-5.304025910807662,-5.590417746450724,135.81559924812223,134.23942649065188,-1.5761727574703457,358.4238272425297,118.42382724252968
260519_2dsweep,sim,f_2pi3,sim,S21,offset_nan,07_3_TDS-body_Novel-2Dsweep-260516_17.s2p,07_3_TDS-body_Novel-2Dsweep-260516_18.s2p,,,2.8571160335532,2.85711,2.85711,-5.590417746450724,-5.852150708401145,134.23942649065188,132.8255253996164,-1.4139010910354841,358.5860989089645,118.58609890896452
260519_2dsweep,sim,f_2pi3,sim,S21,offset_nan,07_3_TDS-body_Novel-2Dsweep-260516_18.s2p,07_3_TDS-body_Novel-2Dsweep-260516_19.s2p,,,2.8571160335532,2.85711,2.85711,-5.852150708401145,-6.084331390336785,132.8255253996164,131.55720640889726,-1.2683189907191377,358.73168100928086,118.73168100928086
260519_2dsweep,sim,f_2pi3,sim,S21,offset_nan,07_3_TDS-body_Novel-2Dsweep-260516_19.s2p,07_3_TDS-body_Novel-2Dsweep-260516_2.s2p,,,2.8571160335532,2.85711,2.85711,-6.084331390336785,-1.7748622363273618,131.55720640889726,164.34085722758397,32.78365081868671,32.78365081868671,-207.2163491813133
260519_2dsweep,sim,f_2pi3,sim,S21,offset_nan,07_3_TDS-body_Novel-2Dsweep-260516_2.s2p,07_3_TDS-body_Novel-2Dsweep-260516_20.s2p,,,2.8571160335532,2.85711,2.85711,-1.7748622363273618,-6.339112531972045,164.34085722758397,130.28281475348228,-34.05804247410168,325.9419575258983,85.94195752589832
260519_2dsweep,sim,f_2pi3,sim,S21,offset_nan,07_3_TDS-body_Novel-2Dsweep-260516_20.s2p,07_3_TDS-body_Novel-2Dsweep-260516_21.s2p,,,2.8571160335532,2.85711,2.85711,-6.339112531972045,-6.575747474980876,130.28281475348228,129.08389909019942,-1.198915663282861,358.80108433671717,118.80108433671717
260519_2dsweep,sim,f_2pi3,sim,S21,offset_nan,07_3_TDS-body_Novel-2Dsweep-260516_21.s2p,07_3_TDS-body_Novel-2Dsweep-260516_22.s2p,,,2.8571160335532,2.85711,2.85711,-6.575747474980876,-6.845659843684651,129.08389909019942,127.83208667860647,-1.2518124115929368,358.74818758840706,118.74818758840706
260519_2dsweep,sim,f_2pi3,sim,S21,offset_nan,07_3_TDS-body_Novel-2Dsweep-260516_22.s2p,07_3_TDS-body_Novel-2Dsweep-260516_23.s2p,,,2.8571160335532,2.85711,2.85711,-6.845659843684651,-7.078068378125857,127.83208667860647,126.73687719785958,-1.0952094807468882,358.9047905192531,118.90479051925308
260519_2dsweep,sim,f_2pi3,sim,S21,offset_nan,07_3_TDS-body_Novel-2Dsweep-260516_23.s2p,07_3_TDS-body_Novel-2Dsweep-260516_24.s2p,,,2.8571160335532,2.85711,2.85711,-7.078068378125857,-7.322944167228652,126.73687719785958,125.63258923486111,-1.1042879629984554,358.89571203700154,118.89571203700154
260519_2dsweep,sim,f_2pi3,sim,S21,offset_nan,07_3_TDS-body_Novel-2Dsweep-260516_24.s2p,07_3_TDS-body_Novel-2Dsweep-260516_25.s2p,,,2.8571160335532,2.85711,2.85711,-7.322944167228652,-7.534063217635793,125.63258923486111,124.69480365785175,-0.9377855770093788,359.0622144229906,119.06221442299062
260519_2dsweep,sim,f_2pi3,sim,S21,offset_nan,07_3_TDS-body_Novel-2Dsweep-260516_25.s2p,07_3_TDS-body_Novel-2Dsweep-260516_26.s2p,,,2.8571160335532,2.85711,2.85711,-7.534063217635793,-7.750348856356952,124.69480365785175,123.7500779927827,-0.9447256650690292,359.05527433493097,119.05527433493097
260519_2dsweep,sim,f_2pi3,sim,S21,offset_nan,07_3_TDS-body_Novel-2Dsweep-260516_26.s2p,07_3_TDS-body_Novel-2Dsweep-260516_27.s2p,,,2.8571160335532,2.85711,2.85711,-7.750348856356952,-7.979270996623215,123.7500779927827,122.78764883244577,-0.9624291603369386,359.0375708396631,119.03757083966309
260519_2dsweep,sim,f_2pi3,sim,S21,offset_nan,07_3_TDS-body_Novel-2Dsweep-260516_27.s2p,07_3_TDS-body_Novel-2Dsweep-260516_28.s2p,,,2.8571160335532,2.85711,2.85711,-7.979270996623215,-8.216445171824445,122.78764883244577,121.84196866394143,-0.9456801685043388,359.05431983149566,119.05431983149566
260519_2dsweep,sim,f_2pi3,sim,S21,offset_nan,07_3_TDS-body_Novel-2Dsweep-260516_28.s2p,07_3_TDS-body_Novel-2Dsweep-260516_29.s2p,,,2.8571160335532,2.85711,2.85711,-8.216445171824445,-8.414850279969134,121.84196866394143,121.03669936719476,-0.8052692967466726,359.1947307032533,119.1947307032533
260519_2dsweep,sim,f_2pi3,sim,S21,offset_nan,07_3_TDS-body_Novel-2Dsweep-260516_29.s2p,07_3_TDS-body_Novel-2Dsweep-260516_3.s2p,,,2.8571160335532,2.85711,2.85711,-8.414850279969134,-2.0178217305036465,121.03669936719476,161.57095298533199,40.53425361813723,40.53425361813723,-199.46574638186277
260519_2dsweep,sim,f_2pi3,sim,S21,offset_nan,07_3_TDS-body_Novel-2Dsweep-260516_3.s2p,07_3_TDS-body_Novel-2Dsweep-260516_30.s2p,,,2.8571160335532,2.85711,2.85711,-2.0178217305036465,-8.646242737688357,161.57095298533199,120.13372033232406,-41.437232653007925,318.5627673469921,78.56276734699208
260519_2dsweep,sim,f_2pi3,sim,S21,offset_nan,07_3_TDS-body_Novel-2Dsweep-260516_30.s2p,07_3_TDS-body_Novel-2Dsweep-260516_31.s2p,,,2.8571160335532,2.85711,2.85711,-8.646242737688357,-8.876225657120214,120.13372033232406,119.27159366916563,-0.862126663158449,359.13787333684155,119.13787333684155
260519_2dsweep,sim,f_2pi3,sim,S21,offset_nan,07_3_TDS-body_Novel-2Dsweep-260516_31.s2p,07_3_TDS-body_Novel-2Dsweep-260516_32.s2p,,,2.8571160335532,2.85711,2.85711,-8.876225657120214,-9.063036530312331,119.27159366916563,118.54978466412622,-0.7218090050394039,359.2781909949606,119.2781909949606
260519_2dsweep,sim,f_2pi3,sim,S21,offset_nan,07_3_TDS-body_Novel-2Dsweep-260516_32.s2p,07_3_TDS-body_Novel-2Dsweep-260516_33.s2p,,,2.8571160335532,2.85711,2.85711,-9.063036530312331,-9.278335108788765,118.54978466412622,117.7784105659859,-0.7713740981403134,359.2286259018597,119.22862590185969
260519_2dsweep,sim,f_2pi3,sim,S21,offset_nan,07_3_TDS-body_Novel-2Dsweep-260516_33.s2p,07_3_TDS-body_Novel-2Dsweep-260516_34.s2p,,,2.8571160335532,2.85711,2.85711,-9.278335108788765,-9.54254397801182,117.7784105659859,116.89091866828356,-0.8874918977023185,359.1125081022977,119.11250810229768
260519_2dsweep,sim,f_2pi3,sim,S21,offset_nan,07_3_TDS-body_Novel-2Dsweep-260516_34.s2p,07_3_TDS-body_Novel-2Dsweep-260516_35.s2p,,,2.8571160335532,2.85711,2.85711,-9.54254397801182,-9.701762802511345,116.89091866828356,116.28571612526856,-0.6052025430149968,359.394797456985,119.39479745698497
260519_2dsweep,sim,f_2pi3,sim,S21,offset_nan,07_3_TDS-body_Novel-2Dsweep-260516_35.s2p,07_3_TDS-body_Novel-2Dsweep-260516_36.s2p,,,2.8571160335532,2.85711,2.85711,-9.701762802511345,-9.917619764075347,116.28571612526856,115.56481570507563,-0.7209004201929474,359.27909957980705,119.27909957980705
260519_2dsweep,sim,f_2pi3,sim,S21,offset_nan,07_3_TDS-body_Novel-2Dsweep-260516_36.s2p,07_3_TDS-body_Novel-2Dsweep-260516_37.s2p,,,2.8571160335532,2.85711,2.85711,-9.917619764075347,-10.104190338505223,115.56481570507563,114.92667212896643,-0.6381435761092007,359.3618564238908,119.3618564238908
260519_2dsweep,sim,f_2pi3,sim,S21,offset_nan,07_3_TDS-body_Novel-2Dsweep-260516_37.s2p,07_3_TDS-body_Novel-2Dsweep-260516_38.s2p,,,2.8571160335532,2.85711,2.85711,-10.104190338505223,-10.297307573679031,114.92667212896643,114.31069094636644,-0.6159811825999952,359.38401881740003,119.38401881740003
260519_2dsweep,sim,f_2pi3,sim,S21,offset_nan,07_3_TDS-body_Novel-2Dsweep-260516_38.s2p,07_3_TDS-body_Novel-2Dsweep-260516_39.s2p,,,2.8571160335532,2.85711,2.85711,-10.297307573679031,-10.493000872483458,114.31069094636644,113.6887356007506,-0.6219553456158451,359.37804465438415,119.37804465438415
260519_2dsweep,sim,f_2pi3,sim,S21,offset_nan,07_3_TDS-body_Novel-2Dsweep-260516_39.s2p,07_3_TDS-body_Novel-2Dsweep-260516_4.s2p,,,2.8571160335532,2.85711,2.85711,-10.493000872483458,-2.2524413573312194,113.6887356007506,159.0193508816366,45.33061528088598,45.33061528088598,-194.66938471911402
260519_2dsweep,sim,f_2pi3,sim,S21,offset_nan,07_3_TDS-body_Novel-2Dsweep-260516_4.s2p,07_3_TDS-body_Novel-2Dsweep-260516_40.s2p,,,2.8571160335532,2.85711,2.85711,-2.2524413573312194,-10.674110523686316,159.0193508816366,113.09719300393922,-45.92215787769737,314.0778421223026,74.07784212230263
260519_2dsweep,sim,f_2pi3,sim,S21,offset_nan,07_3_TDS-body_Novel-2Dsweep-260516_40.s2p,07_3_TDS-body_Novel-2Dsweep-260516_41.s2p,,,2.8571160335532,2.85711,2.85711,-10.674110523686316,-10.854634476059434,113.09719300393922,112.52808429618852,-0.5691087077507007,359.43089129224927,119.43089129224927
260519_2dsweep,sim,f_2pi3,sim,S21,offset_nan,07_3_TDS-body_Novel-2Dsweep-260516_41.s2p,07_3_TDS-body_Novel-2Dsweep-260516_42.s2p,,,2.8571160335532,2.85711,2.85711,-10.854634476059434,-1.5520595191338036,112.52808429618852,165.8749458843388,53.34686158815029,53.34686158815029,-186.6531384118497
260519_2dsweep,sim,f_2pi3,sim,S21,offset_nan,07_3_TDS-body_Novel-2Dsweep-260516_42.s2p,07_3_TDS-body_Novel-2Dsweep-260516_43.s2p,,,2.8571160335532,2.85711,2.85711,-1.5520595191338036,-1.7831695128157967,165.8749458843388,163.0610016823017,-2.8139442020371064,357.1860557979629,117.18605579796292
260519_2dsweep,sim,f_2pi3,sim,S21,offset_nan,07_3_TDS-body_Novel-2Dsweep-260516_43.s2p,07_3_TDS-body_Novel-2Dsweep-260516_44.s2p,,,2.8571160335532,2.85711,2.85711,-1.7831695128157967,-1.9965140931491507,163.0610016823017,160.5831461574756,-2.4778555248261114,357.5221444751739,117.52214447517389
260519_2dsweep,sim,f_2pi3,sim,S21,offset_nan,07_3_TDS-body_Novel-2Dsweep-260516_44.s2p,07_3_TDS-body_Novel-2Dsweep-260516_45.s2p,,,2.8571160335532,2.85711,2.85711,-1.9965140931491507,-2.249708395959825,160.5831461574756,157.92126935222853,-2.6618768052470614,357.33812319475294,117.33812319475294
260519_2dsweep,sim,f_2pi3,sim,S21,offset_nan,07_3_TDS-body_Novel-2Dsweep-260516_45.s2p,07_3_TDS-body_Novel-2Dsweep-260516_46.s2p,,,2.8571160335532,2.85711,2.85711,-2.249708395959825,-2.4819389495271507,157.92126935222853,155.60079975257008,-2.320469599658452,357.67953040034155,117.67953040034155
260519_2dsweep,sim,f_2pi3,sim,S21,offset_nan,07_3_TDS-body_Novel-2Dsweep-260516_46.s2p,07_3_TDS-body_Novel-2Dsweep-260516_47.s2p,,,2.8571160335532,2.85711,2.85711,-2.4819389495271507,-2.688470069480569,155.60079975257008,153.5844807215333,-2.0163190310367725,357.9836809689632,117.9836809689632
260519_2dsweep,sim,f_2pi3,sim,S21,offset_nan,07_3_TDS-body_Novel-2Dsweep-260516_47.s2p,07_3_TDS-body_Novel-2Dsweep-260516_48.s2p,,,2.8571160335532,2.85711,2.85711,-2.688470069480569,-2.970295800732976,153.5844807215333,151.12361758355118,-2.4608631379821304,357.53913686201787,117.53913686201787
260519_2dsweep,sim,f_2pi3,sim,S21,offset_nan,07_3_TDS-body_Novel-2Dsweep-260516_48.s2p,07_3_TDS-body_Novel-2Dsweep-260516_49.s2p,,,2.8571160335532,2.85711,2.85711,-2.970295800732976,-3.253227879631658,151.12361758355118,148.8439391281434,-2.279678455407776,357.72032154459225,117.72032154459225
260519_2dsweep,sim,f_2pi3,sim,S21,offset_nan,07_3_TDS-body_Novel-2Dsweep-260516_49.s2p,07_3_TDS-body_Novel-2Dsweep-260516_5.s2p,,,2.8571160335532,2.85711,2.85711,-3.253227879631658,-2.4830933303832645,148.8439391281434,156.6782192410933,7.834280112949898,7.834280112949898,-232.1657198870501
260519_2dsweep,sim,f_2pi3,sim,S21,offset_nan,07_3_TDS-body_Novel-2Dsweep-260516_5.s2p,07_3_TDS-body_Novel-2Dsweep-260516_50.s2p,,,2.8571160335532,2.85711,2.85711,-2.4830933303832645,-3.4440514531627207,156.6782192410933,147.2350428813241,-9.443176359769211,350.5568236402308,110.55682364023079
260519_2dsweep,sim,f_2pi3,sim,S21,offset_nan,07_3_TDS-body_Novel-2Dsweep-260516_50.s2p,07_3_TDS-body_Novel-2Dsweep-260516_51.s2p,,,2.8571160335532,2.85711,2.85711,-3.4440514531627207,-3.7307918478473114,147.2350428813241,145.11344249668045,-2.121600384643642,357.87839961535633,117.87839961535633
260519_2dsweep,sim,f_2pi3,sim,S21,offset_nan,07_3_TDS-body_Novel-2Dsweep-260516_51.s2p,07_3_TDS-body_Novel-2Dsweep-260516_52.s2p,,,2.8571160335532,2.85711,2.85711,-3.7307918478473114,-4.006018958972523,145.11344249668045,143.15151498472798,-1.9619275119524673,358.03807248804753,118.03807248804753
260519_2dsweep,sim,f_2pi3,sim,S21,offset_nan,07_3_TDS-body_Novel-2Dsweep-260516_52.s2p,07_3_TDS-body_Novel-2Dsweep-260516_53.s2p,,,2.8571160335532,2.85711,2.85711,-4.006018958972523,-4.25407926765447,143.15151498472798,141.43397991017505,-1.7175350745529272,358.2824649254471,118.28246492544707
260519_2dsweep,sim,f_2pi3,sim,S21,offset_nan,07_3_TDS-body_Novel-2Dsweep-260516_53.s2p,07_3_TDS-body_Novel-2Dsweep-260516_54.s2p,,,2.8571160335532,2.85711,2.85711,-4.25407926765447,-4.510188629931703,141.43397991017505,139.75421279392012,-1.6797671162549364,358.32023288374506,118.32023288374506
260519_2dsweep,sim,f_2pi3,sim,S21,offset_nan,07_3_TDS-body_Novel-2Dsweep-260516_54.s2p,07_3_TDS-body_Novel-2Dsweep-260516_55.s2p,,,2.8571160335532,2.85711,2.85711,-4.510188629931703,-4.795289694939458,139.75421279392012,138.00953879265006,-1.744674001270056,358.25532599873,118.25532599872997
260519_2dsweep,sim,f_2pi3,sim,S21,offset_nan,07_3_TDS-body_Novel-2Dsweep-260516_55.s2p,07_3_TDS-body_Novel-2Dsweep-260516_56.s2p,,,2.8571160335532,2.85711,2.85711,-4.795289694939458,-5.046303882596593,138.00953879265006,136.46568959300302,-1.5438491996470418,358.45615080035293,118.45615080035293
260519_2dsweep,sim,f_2pi3,sim,S21,offset_nan,07_3_TDS-body_Novel-2Dsweep-260516_56.s2p,07_3_TDS-body_Novel-2Dsweep-260516_57.s2p,,,2.8571160335532,2.85711,2.85711,-5.046303882596593,-5.294068113070666,136.46568959300302,135.0304552777041,-1.4352343152989135,358.5647656847011,118.56476568470111
260519_2dsweep,sim,f_2pi3,sim,S21,offset_nan,07_3_TDS-body_Novel-2Dsweep-260516_57.s2p,07_3_TDS-body_Novel-2Dsweep-260516_58.s2p,,,2.8571160335532,2.85711,2.85711,-5.294068113070666,-5.577753503782636,135.0304552777041,133.4757328777692,-1.5547223999349171,358.4452776000651,118.44527760006508
260519_2dsweep,sim,f_2pi3,sim,S21,offset_nan,07_3_TDS-body_Novel-2Dsweep-260516_58.s2p,07_3_TDS-body_Novel-2Dsweep-260516_59.s2p,,,2.8571160335532,2.85711,2.85711,-5.577753503782636,-5.8296952149582655,133.4757328777692,132.09997542556428,-1.3757574522049083,358.6242425477951,118.62424254779512
260519_2dsweep,sim,f_2pi3,sim,S21,offset_nan,07_3_TDS-body_Novel-2Dsweep-260516_59.s2p,07_3_TDS-body_Novel-2Dsweep-260516_6.s2p,,,2.8571160335532,2.85711,2.85711,-5.8296952149582655,-2.741289788037253,132.09997542556428,154.22036576365085,22.120390338086565,22.120390338086565,-217.87960966191343
260519_2dsweep,sim,f_2pi3,sim,S21,offset_nan,07_3_TDS-body_Novel-2Dsweep-260516_6.s2p,07_3_TDS-body_Novel-2Dsweep-260516_60.s2p,,,2.8571160335532,2.85711,2.85711,-2.741289788037253,-6.076521750796199,154.22036576365085,130.81221363575142,-23.408152127899427,336.5918478721006,96.59184787210057
260519_2dsweep,sim,f_2pi3,sim,S21,offset_nan,07_3_TDS-body_Novel-2Dsweep-260516_60.s2p,07_3_TDS-body_Novel-2Dsweep-260516_61.s2p,,,2.8571160335532,2.85711,2.85711,-6.076521750796199,-6.320129844326692,130.81221363575142,129.59107642271547,-1.221137213035945,358.77886278696405,118.77886278696405
260519_2dsweep,sim,f_2pi3,sim,S21,offset_nan,07_3_TDS-body_Novel-2Dsweep-260516_61.s2p,07_3_TDS-body_Novel-2Dsweep-260516_62.s2p,,,2.8571160335532,2.85711,2.85711,-6.320129844326692,-6.557390407766928,129.59107642271547,128.3949170323502,-1.196159390365267,358.80384060963473,118.80384060963473
260519_2dsweep,sim,f_2pi3,sim,S21,offset_nan,07_3_TDS-body_Novel-2Dsweep-260516_62.s2p,07_3_TDS-body_Novel-2Dsweep-260516_63.s2p,,,2.8571160335532,2.85711,2.85711,-6.557390407766928,-6.819400104642574,128.3949170323502,127.18455449179886,-1.2103625405513299,358.78963745944867,118.78963745944867
260519_2dsweep,sim,f_2pi3,sim,S21,offset_nan,07_3_TDS-body_Novel-2Dsweep-260516_63.s2p,07_3_TDS-body_Novel-2Dsweep-260516_64.s2p,,,2.8571160335532,2.85711,2.85711,-6.819400104642574,-7.068966269033724,127.18455449179886,126.06022231785884,-1.1243321739400187,358.87566782605995,118.87566782605995
260519_2dsweep,sim,f_2pi3,sim,S21,offset_nan,07_3_TDS-body_Novel-2Dsweep-260516_64.s2p,07_3_TDS-body_Novel-2Dsweep-260516_65.s2p,,,2.8571160335532,2.85711,2.85711,-7.068966269033724,-7.270670269603078,126.06022231785884,125.09803156213358,-0.9621907557252598,359.03780924427474,119.03780924427474
260519_2dsweep,sim,f_2pi3,sim,S21,offset_nan,07_3_TDS-body_Novel-2Dsweep-260516_65.s2p,07_3_TDS-body_Novel-2Dsweep-260516_66.s2p,,,2.8571160335532,2.85711,2.85711,-7.270670269603078,-7.5258750520145155,125.09803156213358,124.01826114959087,-1.0797704125427003,358.9202295874573,118.9202295874573
260519_2dsweep,sim,f_2pi3,sim,S21,offset_nan,07_3_TDS-body_Novel-2Dsweep-260516_66.s2p,07_3_TDS-body_Novel-2Dsweep-260516_67.s2p,,,2.8571160335532,2.85711,2.85711,-7.5258750520145155,-7.75267269769102,124.01826114959087,123.02391779926273,-0.9943433503281369,359.0056566496719,119.00565664967189
260519_2dsweep,sim,f_2pi3,sim,S21,offset_nan,07_3_TDS-body_Novel-2Dsweep-260516_67.s2p,07_3_TDS-body_Novel-2Dsweep-260516_68.s2p,,,2.8571160335532,2.85711,2.85711,-7.75267269769102,-7.968998065094476,123.02391779926273,122.13124876655925,-0.8926690327034805,359.10733096729655,119.10733096729655
260519_2dsweep,sim,f_2pi3,sim,S21,offset_nan,07_3_TDS-body_Novel-2Dsweep-260516_68.s2p,07_3_TDS-body_Novel-2Dsweep-260516_69.s2p,,,2.8571160335532,2.85711,2.85711,-7.968998065094476,-8.21506671119219,122.13124876655925,121.1740789160422,-0.9571698505170616,359.04283014948294,119.04283014948294
260519_2dsweep,sim,f_2pi3,sim,S21,offset_nan,07_3_TDS-body_Novel-2Dsweep-260516_69.s2p,07_3_TDS-body_Novel-2Dsweep-260516_7.s2p,,,2.8571160335532,2.85711,2.85711,-8.21506671119219,-2.9621571831293805,121.1740789160422,152.2166069258393,31.04252800979708,31.04252800979708,-208.95747199020292
260519_2dsweep,sim,f_2pi3,sim,S21,offset_nan,07_3_TDS-body_Novel-2Dsweep-260516_7.s2p,07_3_TDS-body_Novel-2Dsweep-260516_70.s2p,,,2.8571160335532,2.85711,2.85711,-2.9621571831293805,-8.407362742802778,152.2166069258393,120.38253099419966,-31.83407593163963,328.16592406836037,88.16592406836037
260519_2dsweep,sim,f_2pi3,sim,S21,offset_nan,07_3_TDS-body_Novel-2Dsweep-260516_70.s2p,07_3_TDS-body_Novel-2Dsweep-260516_71.s2p,,,2.8571160335532,2.85711,2.85711,-8.407362742802778,-8.630699034961664,120.38253099419966,119.52214988916278,-0.860381105036879,359.1396188949631,119.13961889496312
260519_2dsweep,sim,f_2pi3,sim,S21,offset_nan,07_3_TDS-body_Novel-2Dsweep-260516_71.s2p,07_3_TDS-body_Novel-2Dsweep-260516_72.s2p,,,2.8571160335532,2.85711,2.85711,-8.630699034961664,-8.84722100083092,119.52214988916278,118.72003002767713,-0.8021198614856644,359.19788013851434,119.19788013851434
260519_2dsweep,sim,f_2pi3,sim,S21,offset_nan,07_3_TDS-body_Novel-2Dsweep-260516_72.s2p,07_3_TDS-body_Novel-2Dsweep-260516_73.s2p,,,2.8571160335532,2.85711,2.85711,-8.84722100083092,-9.054221405175776,118.72003002767713,117.93921642903449,-0.7808135986426237,359.2191864013574,119.21918640135738
260519_2dsweep,sim,f_2pi3,sim,S21,offset_nan,07_3_TDS-body_Novel-2Dsweep-260516_73.s2p,07_3_TDS-body_Novel-2Dsweep-260516_74.s2p,,,2.8571160335532,2.85711,2.85711,-9.054221405175776,-9.262868294983233,117.93921642903449,117.19941272416119,-0.7398037048732817,359.2601962951267,119.26019629512672
260519_2dsweep,sim,f_2pi3,sim,S21,offset_nan,07_3_TDS-body_Novel-2Dsweep-260516_74.s2p,07_3_TDS-body_Novel-2Dsweep-260516_75.s2p,,,2.8571160335532,2.85711,2.85711,-9.262868294983233,-9.517547973919887,117.19941272416119,116.33779294376733,-0.8616197803938803,359.1383802196061,119.13838021960612
260519_2dsweep,sim,f_2pi3,sim,S21,offset_nan,07_3_TDS-body_Novel-2Dsweep-260516_75.s2p,07_3_TDS-body_Novel-2Dsweep-260516_76.s2p,,,2.8571160335532,2.85711,2.85711,-9.517547973919887,-9.684995834861542,116.33779294376733,115.73573502080092,-0.6020579229664236,359.3979420770336,119.39794207703358
260519_2dsweep,sim,f_2pi3,sim,S21,offset_nan,07_3_TDS-body_Novel-2Dsweep-260516_76.s2p,07_3_TDS-body_Novel-2Dsweep-260516_77.s2p,,,2.8571160335532,2.85711,2.85711,-9.684995834861542,-9.89276532313198,115.73573502080092,115.04009152337915,-0.69564349742177,359.30435650257823,119.30435650257823
260519_2dsweep,sim,f_2pi3,sim,S21,offset_nan,07_3_TDS-body_Novel-2Dsweep-260516_77.s2p,07_3_TDS-body_Novel-2Dsweep-260516_78.s2p,,,2.8571160335532,2.85711,2.85711,-9.89276532313198,-10.08146241425542,115.04009152337915,114.39516990414448,-0.6449216192346512,359.35507838076535,119.35507838076535
260519_2dsweep,sim,f_2pi3,sim,S21,offset_nan,07_3_TDS-body_Novel-2Dsweep-260516_78.s2p,07_3_TDS-body_Novel-2Dsweep-260516_79.s2p,,,2.8571160335532,2.85711,2.85711,-10.08146241425542,-10.268509002399648,114.39516990414448,113.79518907058439,-0.599980833560096,359.4000191664399,119.4000191664399
260519_2dsweep,sim,f_2pi3,sim,S21,offset_nan,07_3_TDS-body_Novel-2Dsweep-260516_79.s2p,07_3_TDS-body_Novel-2Dsweep-260516_8.s2p,,,2.8571160335532,2.85711,2.85711,-10.268509002399648,-3.2528320072868415,113.79518907058439,149.80454640989552,36.00935733931112,36.00935733931112,-203.99064266068888
260519_2dsweep,sim,f_2pi3,sim,S21,offset_nan,07_3_TDS-body_Novel-2Dsweep-260516_8.s2p,07_3_TDS-body_Novel-2Dsweep-260516_80.s2p,,,2.8571160335532,2.85711,2.85711,-3.2528320072868415,-10.460293893708632,149.80454640989552,113.17600452779921,-36.62854188209633,323.37145811790367,83.37145811790367
260519_2dsweep,sim,f_2pi3,sim,S21,offset_nan,07_3_TDS-body_Novel-2Dsweep-260516_80.s2p,07_3_TDS-body_Novel-2Dsweep-260516_81.s2p,,,2.8571160335532,2.85711,2.85711,-10.460293893708632,-10.644025510958457,113.17600452779921,112.59124537384166,-0.584759153957549,359.4152408460425,119.41524084604248
260519_2dsweep,sim,f_2pi3,sim,S21,offset_nan,07_3_TDS-body_Novel-2Dsweep-260516_81.s2p,07_3_TDS-body_Novel-2Dsweep-260516_82.s2p,,,2.8571160335532,2.85711,2.85711,-10.644025510958457,-10.817863353436508,112.59124537384166,112.05289304738133,-0.5383523264603127,359.4616476735397,119.46164767353969
260519_2dsweep,sim,f_2pi3,sim,S21,offset_nan,07_3_TDS-body_Novel-2Dsweep-260516_82.s2p,07_3_TDS-body_Novel-2Dsweep-260516_83.s2p,,,2.8571160335532,2.85711,2.85711,-10.817863353436508,-1.387910949973519,112.05289304738133,166.59068396721267,54.53779091983134,54.53779091983134,-185.46220908016866
260519_2dsweep,sim,f_2pi3,sim,S21,offset_nan,07_3_TDS-body_Novel-2Dsweep-260516_83.s2p,07_3_TDS-body_Novel-2Dsweep-260516_84.s2p,,,2.8571160335532,2.85711,2.85711,-1.387910949973519,-1.4649822194020192,166.59068396721267,165.419045409774,-1.1716385574386834,358.82836144256135,118.82836144256135
260519_2dsweep,sim,f_2pi3,sim,S21,offset_nan,07_3_TDS-body_Novel-2Dsweep-260516_84.s2p,07_3_TDS-body_Novel-2Dsweep-260516_85.s2p,,,2.8571160335532,2.85711,2.85711,-1.4649822194020192,-1.6702016795175325,165.419045409774,162.7980073091199,-2.62103810065409,357.3789618993459,117.37896189934588
260519_2dsweep,sim,f_2pi3,sim,S21,offset_nan,07_3_TDS-body_Novel-2Dsweep-260516_85.s2p,07_3_TDS-body_Novel-2Dsweep-260516_86.s2p,,,2.8571160335532,2.85711,2.85711,-1.6702016795175325,-1.8940059230617057,162.7980073091199,160.19931152649664,-2.5986957826232526,357.4013042173767,117.40130421737672
260519_2dsweep,sim,f_2pi3,sim,S21,offset_nan,07_3_TDS-body_Novel-2Dsweep-260516_86.s2p,07_3_TDS-body_Novel-2Dsweep-260516_87.s2p,,,2.8571160335532,2.85711,2.85711,-1.8940059230617057,-2.122592263748267,160.19931152649664,157.713992385463,-2.485319141033642,357.51468085896636,117.51468085896636
260519_2dsweep,sim,f_2pi3,sim,S21,offset_nan,07_3_TDS-body_Novel-2Dsweep-260516_87.s2p,07_3_TDS-body_Novel-2Dsweep-260516_88.s2p,,,2.8571160335532,2.85711,2.85711,-2.122592263748267,-2.3684356281026413,157.713992385463,155.2471936718564,-2.4667987136066074,357.53320128639336,117.53320128639336
260519_2dsweep,sim,f_2pi3,sim,S21,offset_nan,07_3_TDS-body_Novel-2Dsweep-260516_88.s2p,07_3_TDS-body_Novel-2Dsweep-260516_89.s2p,,,2.8571160335532,2.85711,2.85711,-2.3684356281026413,-2.6197811028874964,155.2471936718564,152.88594007383153,-2.3612535980248595,357.63874640197514,117.63874640197514
260519_2dsweep,sim,f_2pi3,sim,S21,offset_nan,07_3_TDS-body_Novel-2Dsweep-260516_89.s2p,07_3_TDS-body_Novel-2Dsweep-260516_9.s2p,,,2.8571160335532,2.85711,2.85711,-2.6197811028874964,-3.4993336596992215,152.88594007383153,147.8814647645085,-5.004475309323027,354.995524690677,114.99552469067697
260519_2dsweep,sim,f_2pi3,sim,S21,offset_nan,07_3_TDS-body_Novel-2Dsweep-260516_9.s2p,07_3_TDS-body_Novel-2Dsweep-260516_90.s2p,,,2.8571160335532,2.85711,2.85711,-3.4993336596992215,-2.8430105659080263,147.8814647645085,150.86378843066674,2.982323666158237,2.982323666158237,-237.01767633384176
260519_2dsweep,sim,f_2pi3,sim,S21,offset_nan,07_3_TDS-body_Novel-2Dsweep-260516_90.s2p,07_3_TDS-body_Novel-2Dsweep-260516_91.s2p,,,2.8571160335532,2.85711,2.85711,-2.8430105659080263,-3.103373146290384,150.86378843066674,148.67175396400503,-2.1920344666617098,357.8079655333383,117.80796553333829
260519_2dsweep,sim,f_2pi3,sim,S21,offset_nan,07_3_TDS-body_Novel-2Dsweep-260516_91.s2p,07_3_TDS-body_Novel-2Dsweep-260516_92.s2p,,,2.8571160335532,2.85711,2.85711,-3.103373146290384,-3.3527784165409003,148.67175396400503,146.67220400829672,-1.9995499557083178,358.0004500442917,118.00045004429171
260519_2dsweep,sim,f_2pi3,sim,S21,offset_nan,07_3_TDS-body_Novel-2Dsweep-260516_92.s2p,07_3_TDS-body_Novel-2Dsweep-260516_93.s2p,,,2.8571160335532,2.85711,2.85711,-3.3527784165409003,-3.5941544754037564,146.67220400829672,144.83185894567953,-1.8403450626171889,358.1596549373828,118.15965493738281
260519_2dsweep,sim,f_2pi3,sim,S21,offset_nan,07_3_TDS-body_Novel-2Dsweep-260516_93.s2p,07_3_TDS-body_Novel-2Dsweep-260516_94.s2p,,,2.8571160335532,2.85711,2.85711,-3.5941544754037564,-3.882878456065991,144.83185894567953,142.787841779363,-2.044017166316536,357.9559828336835,117.95598283368349
260519_2dsweep,sim,f_2pi3,sim,S21,offset_nan,07_3_TDS-body_Novel-2Dsweep-260516_94.s2p,07_3_TDS-body_Novel-2Dsweep-260516_95.s2p,,,2.8571160335532,2.85711,2.85711,-3.882878456065991,-4.139678921929223,142.787841779363,140.99807137211815,-1.7897704072448448,358.2102295927551,118.21022959275513
260519_2dsweep,sim,f_2pi3,sim,S21,offset_nan,07_3_TDS-body_Novel-2Dsweep-260516_95.s2p,07_3_TDS-body_Novel-2Dsweep-260516_96.s2p,,,2.8571160335532,2.85711,2.85711,-4.139678921929223,-4.387675896873228,140.99807137211815,139.3500060667004,-1.6480653054177594,358.35193469458227,118.35193469458227
260519_2dsweep,sim,f_2pi3,sim,S21,offset_nan,07_3_TDS-body_Novel-2Dsweep-260516_96.s2p,07_3_TDS-body_Novel-2Dsweep-260516_97.s2p,,,2.8571160335532,2.85711,2.85711,-4.387675896873228,-4.651679765154912,139.3500060667004,137.70229257733453,-1.6477134893658558,358.35228651063414,118.35228651063414
260519_2dsweep,sim,f_2pi3,sim,S21,offset_nan,07_3_TDS-body_Novel-2Dsweep-260516_97.s2p,07_3_TDS-body_Novel-2Dsweep-260516_98.s2p,,,2.8571160335532,2.85711,2.85711,-4.651679765154912,-4.899931428541468,137.70229257733453,136.1726168001337,-1.529675777200822,358.47032422279915,118.47032422279915
260519_2dsweep,sim,f_2pi3,sim,S21,offset_nan,07_3_TDS-body_Novel-2Dsweep-260516_98.s2p,07_3_TDS-body_Novel-2Dsweep-260516_99.s2p,,,2.8571160335532,2.85711,2.85711,-4.899931428541468,-5.184463395021023,136.1726168001337,134.56037255241617,-1.6122442477175412,358.3877557522825,118.38775575228249
260519_2dsweep,sim,f_2pi3,sim,S22,offset_nan,07_3_TDS-body_Novel-2Dsweep-260516_1.s2p,07_3_TDS-body_Novel-2Dsweep-260516_10.s2p,,,2.8571160335532,2.85711,2.85711,-5.123830825828292,-2.363506547374423,76.69394889656398,55.803992465290285,-20.889956431273703,339.11004356872627,99.11004356872627
260519_2dsweep,sim,f_2pi3,sim,S22,offset_nan,07_3_TDS-body_Novel-2Dsweep-260516_10.s2p,07_3_TDS-body_Novel-2Dsweep-260516_100.s2p,,,2.8571160335532,2.85711,2.85711,-2.363506547374423,-1.4684043391437795,55.803992465290285,43.20825391226984,-12.595738553020453,347.40426144697955,107.40426144697955
260519_2dsweep,sim,f_2pi3,sim,S22,offset_nan,07_3_TDS-body_Novel-2Dsweep-260516_100.s2p,07_3_TDS-body_Novel-2Dsweep-260516_101.s2p,,,2.8571160335532,2.85711,2.85711,-1.4684043391437795,-1.3704254023463578,43.20825391226984,41.82372304140186,-1.3845308708679909,358.615469129132,118.61546912913201
260519_2dsweep,sim,f_2pi3,sim,S22,offset_nan,07_3_TDS-body_Novel-2Dsweep-260516_101.s2p,07_3_TDS-body_Novel-2Dsweep-260516_103.s2p,,,2.8571160335532,2.85711,2.85711,-1.3704254023463578,-6.128110973015563,41.82372304140186,70.0501399734058,28.22641693200393,28.22641693200393,-211.77358306799607
260519_2dsweep,sim,f_2pi3,sim,S22,offset_nan,07_3_TDS-body_Novel-2Dsweep-260516_103.s2p,07_3_TDS-body_Novel-2Dsweep-260516_104.s2p,,,2.8571160335532,2.85711,2.85711,-6.128110973015563,-2.4507405020496313,70.0501399734058,47.498582685846266,-22.551557287559547,337.44844271244045,97.44844271244045
260519_2dsweep,sim,f_2pi3,sim,S22,offset_nan,07_3_TDS-body_Novel-2Dsweep-260516_104.s2p,07_3_TDS-body_Novel-2Dsweep-260516_105.s2p,,,2.8571160335532,2.85711,2.85711,-2.4507405020496313,-1.1933338517820788,47.498582685846266,33.45525223989946,-14.043330445946822,345.9566695540532,105.95666955405318
260519_2dsweep,sim,f_2pi3,sim,S22,offset_nan,07_3_TDS-body_Novel-2Dsweep-260516_105.s2p,07_3_TDS-body_Novel-2Dsweep-260516_106.s2p,,,2.8571160335532,2.85711,2.85711,-1.1933338517820788,-0.6681242460808222,33.45525223989946,24.392767118039636,-9.062485121859822,350.9375148781402,110.93751487814018
260519_2dsweep,sim,f_2pi3,sim,S22,offset_nan,07_3_TDS-body_Novel-2Dsweep-260516_106.s2p,07_3_TDS-body_Novel-2Dsweep-260516_107.s2p,,,2.8571160335532,2.85711,2.85711,-0.6681242460808222,-0.4204287551960573,24.392767118039636,18.40841594929128,-5.984351168748361,354.0156488312516,114.01564883125161
260519_2dsweep,sim,f_2pi3,sim,S22,offset_nan,07_3_TDS-body_Novel-2Dsweep-260516_107.s2p,07_3_TDS-body_Novel-2Dsweep-260516_108.s2p,,,2.8571160335532,2.85711,2.85711,-0.4204287551960573,-5.22649850983925,18.40841594929128,57.297671729010396,38.88925577971912,38.88925577971912,-201.11074422028088
260519_2dsweep,sim,f_2pi3,sim,S22,offset_nan,07_3_TDS-body_Novel-2Dsweep-260516_108.s2p,07_3_TDS-body_Novel-2Dsweep-260516_109.s2p,,,2.8571160335532,2.85711,2.85711,-5.22649850983925,-2.13559740489959,57.297671729010396,37.47299233720998,-19.82467939180043,340.17532060819957,100.17532060819957
260519_2dsweep,sim,f_2pi3,sim,S22,offset_nan,07_3_TDS-body_Novel-2Dsweep-260516_109.s2p,07_3_TDS-body_Novel-2Dsweep-260516_11.s2p,,,2.8571160335532,2.85711,2.85711,-2.13559740489959,-2.2028364831893605,37.47299233720998,54.11833300884867,16.645340671638678,16.645340671638678,-223.35465932836132
260519_2dsweep,sim,f_2pi3,sim,S22,offset_nan,07_3_TDS-body_Novel-2Dsweep-260516_11.s2p,07_3_TDS-body_Novel-2Dsweep-260516_110.s2p,,,2.8571160335532,2.85711,2.85711,-2.2028364831893605,-1.0566232772768285,54.11833300884867,25.39574012538429,-28.722592883464387,331.27740711653564,91.27740711653564
260519_2dsweep,sim,f_2pi3,sim,S22,offset_nan,07_3_TDS-body_Novel-2Dsweep-260516_110.s2p,07_3_TDS-body_Novel-2Dsweep-260516_111.s2p,,,2.8571160335532,2.85711,2.85711,-1.0566232772768285,-0.6162015282679899,25.39574012538429,17.961862306378634,-7.433877819005659,352.56612218099434,112.56612218099434
260519_2dsweep,sim,f_2pi3,sim,S22,offset_nan,07_3_TDS-body_Novel-2Dsweep-260516_111.s2p,07_3_TDS-body_Novel-2Dsweep-260516_112.s2p,,,2.8571160335532,2.85711,2.85711,-0.6162015282679899,-0.4007072666239755,17.961862306378634,13.054238484863749,-4.907623821514875,355.0923761784851,115.0923761784851
260519_2dsweep,sim,f_2pi3,sim,S22,offset_nan,07_3_TDS-body_Novel-2Dsweep-260516_112.s2p,07_3_TDS-body_Novel-2Dsweep-260516_113.s2p,,,2.8571160335532,2.85711,2.85711,-0.4007072666239755,-3.5102166571732347,13.054238484863749,41.729532426851385,28.675293941987633,28.675293941987633,-211.32470605801237
260519_2dsweep,sim,f_2pi3,sim,S22,offset_nan,07_3_TDS-body_Novel-2Dsweep-260516_113.s2p,07_3_TDS-body_Novel-2Dsweep-260516_114.s2p,,,2.8571160335532,2.85711,2.85711,-3.5102166571732347,-1.5251075715986375,41.729532426851385,25.92176039309427,-15.807772033757118,344.19222796624285,104.19222796624285
260519_2dsweep,sim,f_2pi3,sim,S22,offset_nan,07_3_TDS-body_Novel-2Dsweep-260516_114.s2p,07_3_TDS-body_Novel-2Dsweep-260516_115.s2p,,,2.8571160335532,2.85711,2.85711,-1.5251075715986375,-0.8408959921366,25.92176039309427,17.19030966854929,-8.73145072454497,351.26854927545503,111.26854927545503
260519_2dsweep,sim,f_2pi3,sim,S22,offset_nan,07_3_TDS-body_Novel-2Dsweep-260516_115.s2p,07_3_TDS-body_Novel-2Dsweep-260516_116.s2p,,,2.8571160335532,2.85711,2.85711,-0.8408959921366,-0.5166047779961359,17.19030966854929,11.438180212902095,-5.752129455647207,354.2478705443528,114.24787054435279
260519_2dsweep,sim,f_2pi3,sim,S22,offset_nan,07_3_TDS-body_Novel-2Dsweep-260516_116.s2p,07_3_TDS-body_Novel-2Dsweep-260516_117.s2p,,,2.8571160335532,2.85711,2.85711,-0.5166047779961359,-0.35353125002211633,11.438180212902095,7.686509941766666,-3.751670271135424,356.2483297288646,116.24832972886458
260519_2dsweep,sim,f_2pi3,sim,S22,offset_nan,07_3_TDS-body_Novel-2Dsweep-260516_117.s2p,07_3_TDS-body_Novel-2Dsweep-260516_118.s2p,,,2.8571160335532,2.85711,2.85711,-0.35353125002211633,-1.834269713476242,7.686509941766666,24.51122212575899,16.824712183992318,16.824712183992318,-223.17528781600768
260519_2dsweep,sim,f_2pi3,sim,S22,offset_nan,07_3_TDS-body_Novel-2Dsweep-260516_118.s2p,07_3_TDS-body_Novel-2Dsweep-260516_119.s2p,,,2.8571160335532,2.85711,2.85711,-1.834269713476242,-0.926232703428978,24.51122212575899,14.366517966633705,-10.144704159125297,349.8552958408747,109.8552958408747
260519_2dsweep,sim,f_2pi3,sim,S22,offset_nan,07_3_TDS-body_Novel-2Dsweep-260516_119.s2p,07_3_TDS-body_Novel-2Dsweep-260516_12.s2p,,,2.8571160335532,2.85711,2.85711,-0.926232703428978,-2.01728545302093,14.366517966633705,52.11090159105767,37.74438362442396,37.74438362442396,-202.25561637557604
260519_2dsweep,sim,f_2pi3,sim,S22,offset_nan,07_3_TDS-body_Novel-2Dsweep-260516_12.s2p,07_3_TDS-body_Novel-2Dsweep-260516_120.s2p,,,2.8571160335532,2.85711,2.85711,-2.01728545302093,-0.6240393654835403,52.11090159105767,9.677583048670407,-42.43331854238727,317.56668145761273,77.56668145761273
260519_2dsweep,sim,f_2pi3,sim,S22,offset_nan,07_3_TDS-body_Novel-2Dsweep-260516_120.s2p,07_3_TDS-body_Novel-2Dsweep-260516_121.s2p,,,2.8571160335532,2.85711,2.85711,-0.6240393654835403,-0.41826679778851467,9.677583048670407,5.65301713784069,-4.024565910829722,355.9754340891703,115.97543408917028
260519_2dsweep,sim,f_2pi3,sim,S22,offset_nan,07_3_TDS-body_Novel-2Dsweep-260516_121.s2p,07_3_TDS-body_Novel-2Dsweep-260516_122.s2p,,,2.8571160335532,2.85711,2.85711,-0.41826679778851467,-0.30204005392269456,5.65301713784069,2.8575546605167372,-2.7954624773239516,357.20453752267605,117.20453752267605
260519_2dsweep,sim,f_2pi3,sim,S22,offset_nan,07_3_TDS-body_Novel-2Dsweep-260516_122.s2p,07_3_TDS-body_Novel-2Dsweep-260516_13.s2p,,,2.8571160335532,2.85711,2.85711,-0.30204005392269456,-1.8843892394716377,2.8575546605167372,50.55008392740433,47.69252926688759,47.69252926688759,-192.3074707331124
260519_2dsweep,sim,f_2pi3,sim,S22,offset_nan,07_3_TDS-body_Novel-2Dsweep-260516_13.s2p,07_3_TDS-body_Novel-2Dsweep-260516_14.s2p,,,2.8571160335532,2.85711,2.85711,-1.8843892394716377,-1.750762633026643,50.55008392740433,48.912995984331765,-1.6370879430725722,358.3629120569274,118.36291205692743
260519_2dsweep,sim,f_2pi3,sim,S22,offset_nan,07_3_TDS-body_Novel-2Dsweep-260516_14.s2p,07_3_TDS-body_Novel-2Dsweep-260516_15.s2p,,,2.8571160335532,2.85711,2.85711,-1.750762633026643,-1.609901989722966,48.912995984331765,47.09880401258105,-1.8141919717507164,358.1858080282493,118.18580802824931
260519_2dsweep,sim,f_2pi3,sim,S22,offset_nan,07_3_TDS-body_Novel-2Dsweep-260516_15.s2p,07_3_TDS-body_Novel-2Dsweep-260516_16.s2p,,,2.8571160335532,2.85711,2.85711,-1.609901989722966,-1.5174829069042133,47.09880401258105,45.836102347110575,-1.2627016654704732,358.73729833452956,118.73729833452956
260519_2dsweep,sim,f_2pi3,sim,S22,offset_nan,07_3_TDS-body_Novel-2Dsweep-260516_16.s2p,07_3_TDS-body_Novel-2Dsweep-260516_17.s2p,,,2.8571160335532,2.85711,2.85711,-1.5174829069042133,-1.403301581282013,45.836102347110575,44.243430364222554,-1.592671982888021,358.407328017112,118.40732801711198
260519_2dsweep,sim,f_2pi3,sim,S22,offset_nan,07_3_TDS-body_Novel-2Dsweep-260516_17.s2p,07_3_TDS-body_Novel-2Dsweep-260516_18.s2p,,,2.8571160335532,2.85711,2.85711,-1.403301581282013,-1.3074361304276347,44.243430364222554,42.83917012244332,-1.404260241779241,358.59573975822076,118.59573975822076
260519_2dsweep,sim,f_2pi3,sim,S22,offset_nan,07_3_TDS-body_Novel-2Dsweep-260516_18.s2p,07_3_TDS-body_Novel-2Dsweep-260516_19.s2p,,,2.8571160335532,2.85711,2.85711,-1.3074361304276347,-1.228375715678764,42.83917012244332,41.60868925953659,-1.2304808629067452,358.76951913709325,118.76951913709325
260519_2dsweep,sim,f_2pi3,sim,S22,offset_nan,07_3_TDS-body_Novel-2Dsweep-260516_19.s2p,07_3_TDS-body_Novel-2Dsweep-260516_2.s2p,,,2.8571160335532,2.85711,2.85711,-1.228375715678764,-4.747651362522133,41.60868925953659,74.35379653261678,32.74510727308018,32.74510727308018,-207.25489272691982
260519_2dsweep,sim,f_2pi3,sim,S22,offset_nan,07_3_TDS-body_Novel-2Dsweep-260516_2.s2p,07_3_TDS-body_Novel-2Dsweep-260516_20.s2p,,,2.8571160335532,2.85711,2.85711,-4.747651362522133,-1.1485619387877808,74.35379653261678,40.25982091149431,-34.09397562112247,325.90602437887753,85.90602437887753
260519_2dsweep,sim,f_2pi3,sim,S22,offset_nan,07_3_TDS-body_Novel-2Dsweep-260516_20.s2p,07_3_TDS-body_Novel-2Dsweep-260516_21.s2p,,,2.8571160335532,2.85711,2.85711,-1.1485619387877808,-1.0791921380506178,40.25982091149431,39.08938668247151,-1.1704342290227885,358.8295657709772,118.82956577097718
260519_2dsweep,sim,f_2pi3,sim,S22,offset_nan,07_3_TDS-body_Novel-2Dsweep-260516_21.s2p,07_3_TDS-body_Novel-2Dsweep-260516_22.s2p,,,2.8571160335532,2.85711,2.85711,-1.0791921380506178,-1.0058001472009674,39.08938668247151,37.84538885926983,-1.2439978232016813,358.75600217679835,118.75600217679835
260519_2dsweep,sim,f_2pi3,sim,S22,offset_nan,07_3_TDS-body_Novel-2Dsweep-260516_22.s2p,07_3_TDS-body_Novel-2Dsweep-260516_23.s2p,,,2.8571160335532,2.85711,2.85711,-1.0058001472009674,-0.9474144011106117,37.84538885926983,36.68465896145386,-1.160729897815969,358.83927010218406,118.83927010218406
260519_2dsweep,sim,f_2pi3,sim,S22,offset_nan,07_3_TDS-body_Novel-2Dsweep-260516_23.s2p,07_3_TDS-body_Novel-2Dsweep-260516_24.s2p,,,2.8571160335532,2.85711,2.85711,-0.9474144011106117,-0.889458474879392,36.68465896145386,35.68652626609558,-0.9981326953582652,359.00186730464173,119.00186730464173
260519_2dsweep,sim,f_2pi3,sim,S22,offset_nan,07_3_TDS-body_Novel-2Dsweep-260516_24.s2p,07_3_TDS-body_Novel-2Dsweep-260516_25.s2p,,,2.8571160335532,2.85711,2.85711,-0.889458474879392,-0.84316991170593,35.68652626609558,34.67473468203987,-1.0117915840557146,358.9882084159443,118.98820841594431
260519_2dsweep,sim,f_2pi3,sim,S22,offset_nan,07_3_TDS-body_Novel-2Dsweep-260516_25.s2p,07_3_TDS-body_Novel-2Dsweep-260516_26.s2p,,,2.8571160335532,2.85711,2.85711,-0.84316991170593,-0.7984044310390501,34.67473468203987,33.750453893916145,-0.924280788123724,359.0757192118763,119.07571921187628
260519_2dsweep,sim,f_2pi3,sim,S22,offset_nan,07_3_TDS-body_Novel-2Dsweep-260516_26.s2p,07_3_TDS-body_Novel-2Dsweep-260516_27.s2p,,,2.8571160335532,2.85711,2.85711,-0.7984044310390501,-0.7535956541179967,33.750453893916145,32.795170743196145,-0.9552831507199926,359.04471684928,119.04471684928001
260519_2dsweep,sim,f_2pi3,sim,S22,offset_nan,07_3_TDS-body_Novel-2Dsweep-260516_27.s2p,07_3_TDS-body_Novel-2Dsweep-260516_28.s2p,,,2.8571160335532,2.85711,2.85711,-0.7535956541179967,-0.7098977016824636,32.795170743196145,31.849573625277884,-0.9455971179182541,359.0544028820817,119.05440288208172
260519_2dsweep,sim,f_2pi3,sim,S22,offset_nan,07_3_TDS-body_Novel-2Dsweep-260516_28.s2p,07_3_TDS-body_Novel-2Dsweep-260516_29.s2p,,,2.8571160335532,2.85711,2.85711,-0.7098977016824636,-0.6754731717888195,31.849573625277884,31.060844472270162,-0.7887291530077221,359.2112708469923,119.2112708469923
260519_2dsweep,sim,f_2pi3,sim,S22,offset_nan,07_3_TDS-body_Novel-2Dsweep-260516_29.s2p,07_3_TDS-body_Novel-2Dsweep-260516_3.s2p,,,2.8571160335532,2.85711,2.85711,-0.6754731717888195,-4.30233513618627,31.060844472270162,71.59499987729096,40.53415540502078,40.53415540502078,-199.46584459497922
260519_2dsweep,sim,f_2pi3,sim,S22,offset_nan,07_3_TDS-body_Novel-2Dsweep-260516_3.s2p,07_3_TDS-body_Novel-2Dsweep-260516_30.s2p,,,2.8571160335532,2.85711,2.85711,-4.30233513618627,-0.6378006425046595,71.59499987729096,30.133845246453355,-41.4611546308376,318.5388453691624,78.5388453691624
260519_2dsweep,sim,f_2pi3,sim,S22,offset_nan,07_3_TDS-body_Novel-2Dsweep-260516_30.s2p,07_3_TDS-body_Novel-2Dsweep-260516_31.s2p,,,2.8571160335532,2.85711,2.85711,-0.6378006425046595,-0.6025715098186427,30.133845246453355,29.265234391823352,-0.868610854629992,359.13138914537,119.13138914537001
260519_2dsweep,sim,f_2pi3,sim,S22,offset_nan,07_3_TDS-body_Novel-2Dsweep-260516_31.s2p,07_3_TDS-body_Novel-2Dsweep-260516_32.s2p,,,2.8571160335532,2.85711,2.85711,-0.6025715098186427,-0.5752607797015518,29.265234391823352,28.562950519566353,-0.7022838722569986,359.297716127743,119.297716127743
260519_2dsweep,sim,f_2pi3,sim,S22,offset_nan,07_3_TDS-body_Novel-2Dsweep-260516_32.s2p,07_3_TDS-body_Novel-2Dsweep-260516_33.s2p,,,2.8571160335532,2.85711,2.85711,-0.5752607797015518,-0.545748054321711,28.562950519566353,27.789177316605283,-0.7737732029610811,359.2262267970389,119.22622679703892
260519_2dsweep,sim,f_2pi3,sim,S22,offset_nan,07_3_TDS-body_Novel-2Dsweep-260516_33.s2p,07_3_TDS-body_Novel-2Dsweep-260516_34.s2p,,,2.8571160335532,2.85711,2.85711,-0.545748054321711,-0.51176056084584,27.789177316605283,26.913750607724243,-0.8754267088810366,359.12457329111896,119.12457329111896
260519_2dsweep,sim,f_2pi3,sim,S22,offset_nan,07_3_TDS-body_Novel-2Dsweep-260516_34.s2p,07_3_TDS-body_Novel-2Dsweep-260516_35.s2p,,,2.8571160335532,2.85711,2.85711,-0.51176056084584,-0.49195403288312894,26.913750607724243,26.2816990874303,-0.6320515202939418,359.36794847970606,119.36794847970606
260519_2dsweep,sim,f_2pi3,sim,S22,offset_nan,07_3_TDS-body_Novel-2Dsweep-260516_35.s2p,07_3_TDS-body_Novel-2Dsweep-260516_36.s2p,,,2.8571160335532,2.85711,2.85711,-0.49195403288312894,-0.4668470230353586,26.2816990874303,25.580493034057707,-0.7012060533726014,359.29879394662737,119.29879394662737
260519_2dsweep,sim,f_2pi3,sim,S22,offset_nan,07_3_TDS-body_Novel-2Dsweep-260516_36.s2p,07_3_TDS-body_Novel-2Dsweep-260516_37.s2p,,,2.8571160335532,2.85711,2.85711,-0.4668470230353586,-0.44613237082675233,25.580493034057707,24.918468772778628,-0.6620242612790719,359.33797573872096,119.33797573872096
260519_2dsweep,sim,f_2pi3,sim,S22,offset_nan,07_3_TDS-body_Novel-2Dsweep-260516_37.s2p,07_3_TDS-body_Novel-2Dsweep-260516_38.s2p,,,2.8571160335532,2.85711,2.85711,-0.44613237082675233,-0.42621112632834324,24.918468772778628,24.304905027596867,-0.6135637451817502,359.38643625481825,119.38643625481825
260519_2dsweep,sim,f_2pi3,sim,S22,offset_nan,07_3_TDS-body_Novel-2Dsweep-260516_38.s2p,07_3_TDS-body_Novel-2Dsweep-260516_39.s2p,,,2.8571160335532,2.85711,2.85711,-0.42621112632834324,-0.40616189373922496,24.304905027596867,23.677125644291017,-0.6277793833058354,359.37222061669416,119.37222061669416
260519_2dsweep,sim,f_2pi3,sim,S22,offset_nan,07_3_TDS-body_Novel-2Dsweep-260516_39.s2p,07_3_TDS-body_Novel-2Dsweep-260516_4.s2p,,,2.8571160335532,2.85711,2.85711,-0.40616189373922496,-3.929751635947894,23.677125644291017,68.97529990505689,45.298174260765876,45.298174260765876,-194.70182573923412
260519_2dsweep,sim,f_2pi3,sim,S22,offset_nan,07_3_TDS-body_Novel-2Dsweep-260516_4.s2p,07_3_TDS-body_Novel-2Dsweep-260516_40.s2p,,,2.8571160335532,2.85711,2.85711,-3.929751635947894,-0.3887867820076947,68.97529990505689,23.093831159511716,-45.88146874554516,314.11853125445487,74.11853125445487
260519_2dsweep,sim,f_2pi3,sim,S22,offset_nan,07_3_TDS-body_Novel-2Dsweep-260516_40.s2p,07_3_TDS-body_Novel-2Dsweep-260516_41.s2p,,,2.8571160335532,2.85711,2.85711,-0.3887867820076947,-0.3725096674813622,23.093831159511716,22.508525735214615,-0.5853054242971041,359.4146945757029,119.41469457570292
260519_2dsweep,sim,f_2pi3,sim,S22,offset_nan,07_3_TDS-body_Novel-2Dsweep-260516_41.s2p,07_3_TDS-body_Novel-2Dsweep-260516_42.s2p,,,2.8571160335532,2.85711,2.85711,-0.3725096674813622,-5.223261844149981,22.508525735214615,75.92971045140631,53.4211847161917,53.4211847161917,-186.5788152838083
260519_2dsweep,sim,f_2pi3,sim,S22,offset_nan,07_3_TDS-body_Novel-2Dsweep-260516_42.s2p,07_3_TDS-body_Novel-2Dsweep-260516_43.s2p,,,2.8571160335532,2.85711,2.85711,-5.223261844149981,-4.72701321634937,75.92971045140631,73.0806046646551,-2.8491057867512097,357.15089421324876,117.15089421324876
260519_2dsweep,sim,f_2pi3,sim,S22,offset_nan,07_3_TDS-body_Novel-2Dsweep-260516_43.s2p,07_3_TDS-body_Novel-2Dsweep-260516_44.s2p,,,2.8571160335532,2.85711,2.85711,-4.72701321634937,-4.335673389265638,73.0806046646551,70.61963823085173,-2.460966433803378,357.5390335661966,117.53903356619662
260519_2dsweep,sim,f_2pi3,sim,S22,offset_nan,07_3_TDS-body_Novel-2Dsweep-260516_44.s2p,07_3_TDS-body_Novel-2Dsweep-260516_45.s2p,,,2.8571160335532,2.85711,2.85711,-4.335673389265638,-3.932768269252076,70.61963823085173,67.87660355176325,-2.743034679088481,357.2569653209115,117.25696532091149
260519_2dsweep,sim,f_2pi3,sim,S22,offset_nan,07_3_TDS-body_Novel-2Dsweep-260516_45.s2p,07_3_TDS-body_Novel-2Dsweep-260516_46.s2p,,,2.8571160335532,2.85711,2.85711,-3.932768269252076,-3.613560262837294,67.87660355176325,65.5593540652783,-2.317249486484968,357.68275051351503,117.68275051351503
260519_2dsweep,sim,f_2pi3,sim,S22,offset_nan,07_3_TDS-body_Novel-2Dsweep-260516_46.s2p,07_3_TDS-body_Novel-2Dsweep-260516_47.s2p,,,2.8571160335532,2.85711,2.85711,-3.613560262837294,-3.3573612941835504,65.5593540652783,63.638798573195814,-1.9205554920824852,358.0794445079175,118.07944450791751
260519_2dsweep,sim,f_2pi3,sim,S22,offset_nan,07_3_TDS-body_Novel-2Dsweep-260516_47.s2p,07_3_TDS-body_Novel-2Dsweep-260516_48.s2p,,,2.8571160335532,2.85711,2.85711,-3.3573612941835504,-3.0505490116184997,63.638798573195814,61.16252630598028,-2.476272267215535,357.52372773278444,117.52372773278444
260519_2dsweep,sim,f_2pi3,sim,S22,offset_nan,07_3_TDS-body_Novel-2Dsweep-260516_48.s2p,07_3_TDS-body_Novel-2Dsweep-260516_49.s2p,,,2.8571160335532,2.85711,2.85711,-3.0505490116184997,-2.783201566533119,61.16252630598028,58.87916056795996,-2.2833657380203363,357.71663426197966,117.71663426197966
260519_2dsweep,sim,f_2pi3,sim,S22,offset_nan,07_3_TDS-body_Novel-2Dsweep-260516_49.s2p,07_3_TDS-body_Novel-2Dsweep-260516_5.s2p,,,2.8571160335532,2.85711,2.85711,-2.783201566533119,-3.611124248590793,58.87916056795996,66.70559775426177,7.826437186301803,7.826437186301803,-232.1735628136982
260519_2dsweep,sim,f_2pi3,sim,S22,offset_nan,07_3_TDS-body_Novel-2Dsweep-260516_5.s2p,07_3_TDS-body_Novel-2Dsweep-260516_50.s2p,,,2.8571160335532,2.85711,2.85711,-3.611124248590793,-2.6166593729770584,66.70559775426177,57.22153707964077,-9.484060674620991,350.515939325379,110.51593932537901
260519_2dsweep,sim,f_2pi3,sim,S22,offset_nan,07_3_TDS-body_Novel-2Dsweep-260516_50.s2p,07_3_TDS-body_Novel-2Dsweep-260516_51.s2p,,,2.8571160335532,2.85711,2.85711,-2.6166593729770584,-2.392423951276562,57.22153707964077,55.12468283128918,-2.096854248351576,357.9031457516484,117.90314575164842
260519_2dsweep,sim,f_2pi3,sim,S22,offset_nan,07_3_TDS-body_Novel-2Dsweep-260516_51.s2p,07_3_TDS-body_Novel-2Dsweep-260516_52.s2p,,,2.8571160335532,2.85711,2.85711,-2.392423951276562,-2.201816995638964,55.12468283128918,53.14323274372363,-1.9814500875655483,358.0185499124344,118.01854991243442
260519_2dsweep,sim,f_2pi3,sim,S22,offset_nan,07_3_TDS-body_Novel-2Dsweep-260516_52.s2p,07_3_TDS-body_Novel-2Dsweep-260516_53.s2p,,,2.8571160335532,2.85711,2.85711,-2.201816995638964,-2.0449974654643794,53.14323274372363,51.442098677166605,-1.7011340665570174,358.298865933443,118.29886593344298
260519_2dsweep,sim,f_2pi3,sim,S22,offset_nan,07_3_TDS-body_Novel-2Dsweep-260516_53.s2p,07_3_TDS-body_Novel-2Dsweep-260516_54.s2p,,,2.8571160335532,2.85711,2.85711,-2.0449974654643794,-1.8975728382748542,51.442098677166605,49.80244876911445,-1.6396499080521494,358.36035009194785,118.36035009194785
260519_2dsweep,sim,f_2pi3,sim,S22,offset_nan,07_3_TDS-body_Novel-2Dsweep-260516_54.s2p,07_3_TDS-body_Novel-2Dsweep-260516_55.s2p,,,2.8571160335532,2.85711,2.85711,-1.8975728382748542,-1.7496735306539433,49.80244876911445,48.02539193806531,-1.7770568310491512,358.22294316895085,118.22294316895085
260519_2dsweep,sim,f_2pi3,sim,S22,offset_nan,07_3_TDS-body_Novel-2Dsweep-260516_55.s2p,07_3_TDS-body_Novel-2Dsweep-260516_56.s2p,,,2.8571160335532,2.85711,2.85711,-1.7496735306539433,-1.6292614801833827,48.02539193806531,46.49042960286258,-1.5349623352027493,358.46503766479725,118.46503766479725
260519_2dsweep,sim,f_2pi3,sim,S22,offset_nan,07_3_TDS-body_Novel-2Dsweep-260516_56.s2p,07_3_TDS-body_Novel-2Dsweep-260516_57.s2p,,,2.8571160335532,2.85711,2.85711,-1.6292614801833827,-1.5217587588183215,46.49042960286258,45.0660449869351,-1.4243846159274653,358.57561538407253,118.57561538407253
260519_2dsweep,sim,f_2pi3,sim,S22,offset_nan,07_3_TDS-body_Novel-2Dsweep-260516_57.s2p,07_3_TDS-body_Novel-2Dsweep-260516_58.s2p,,,2.8571160335532,2.85711,2.85711,-1.5217587588183215,-1.4084966264063303,45.0660449869351,43.45614596324674,-1.6098990236883424,358.39010097631166,118.39010097631166
260519_2dsweep,sim,f_2pi3,sim,S22,offset_nan,07_3_TDS-body_Novel-2Dsweep-260516_58.s2p,07_3_TDS-body_Novel-2Dsweep-260516_59.s2p,,,2.8571160335532,2.85711,2.85711,-1.4084966264063303,-1.3149822171319578,43.45614596324674,42.127473606798304,-1.3286723564484362,358.67132764355154,118.67132764355154
260519_2dsweep,sim,f_2pi3,sim,S22,offset_nan,07_3_TDS-body_Novel-2Dsweep-260516_59.s2p,07_3_TDS-body_Novel-2Dsweep-260516_6.s2p,,,2.8571160335532,2.85711,2.85711,-1.3149822171319578,-3.295423838661296,42.127473606798304,64.17580485316194,22.04833124636363,22.04833124636363,-217.95166875363637
260519_2dsweep,sim,f_2pi3,sim,S22,offset_nan,07_3_TDS-body_Novel-2Dsweep-260516_6.s2p,07_3_TDS-body_Novel-2Dsweep-260516_60.s2p,,,2.8571160335532,2.85711,2.85711,-3.295423838661296,-1.2310671054907616,64.17580485316194,40.80491923239589,-23.370885620766046,336.62911437923395,96.62911437923395
260519_2dsweep,sim,f_2pi3,sim,S22,offset_nan,07_3_TDS-body_Novel-2Dsweep-260516_60.s2p,07_3_TDS-body_Novel-2Dsweep-260516_61.s2p,,,2.8571160335532,2.85711,2.85711,-1.2310671054907616,-1.1539277377398915,40.80491923239589,39.58395893267698,-1.2209602997189108,358.7790397002811,118.77903970028109
260519_2dsweep,sim,f_2pi3,sim,S22,offset_nan,07_3_TDS-body_Novel-2Dsweep-260516_61.s2p,07_3_TDS-body_Novel-2Dsweep-260516_62.s2p,,,2.8571160335532,2.85711,2.85711,-1.1539277377398915,-1.0840233931086782,39.58395893267698,38.403072220013044,-1.1808867126639484,358.81911328733605,118.81911328733605
260519_2dsweep,sim,f_2pi3,sim,S22,offset_nan,07_3_TDS-body_Novel-2Dsweep-260516_62.s2p,07_3_TDS-body_Novel-2Dsweep-260516_63.s2p,,,2.8571160335532,2.85711,2.85711,-1.0840233931086782,-1.0126119981042607,38.403072220013044,37.207882870755306,-1.1951893492577312,358.8048106507423,118.8048106507423
260519_2dsweep,sim,f_2pi3,sim,S22,offset_nan,07_3_TDS-body_Novel-2Dsweep-260516_63.s2p,07_3_TDS-body_Novel-2Dsweep-260516_64.s2p,,,2.8571160335532,2.85711,2.85711,-1.0126119981042607,-0.9495187510421366,37.207882870755306,36.08514863158582,-1.122734239169489,358.8772657608305,118.87726576083048
260519_2dsweep,sim,f_2pi3,sim,S22,offset_nan,07_3_TDS-body_Novel-2Dsweep-260516_64.s2p,07_3_TDS-body_Novel-2Dsweep-260516_65.s2p,,,2.8571160335532,2.85711,2.85711,-0.9495187510421366,-0.9018183666313935,36.08514863158582,35.09213776815809,-0.9930108634277417,359.00698913657226,119.00698913657226
260519_2dsweep,sim,f_2pi3,sim,S22,offset_nan,07_3_TDS-body_Novel-2Dsweep-260516_65.s2p,07_3_TDS-body_Novel-2Dsweep-260516_66.s2p,,,2.8571160335532,2.85711,2.85711,-0.9018183666313935,-0.8448293739950972,35.09213776815809,34.02333319135755,-1.0688045768005452,358.9311954231995,118.93119542319948
260519_2dsweep,sim,f_2pi3,sim,S22,offset_nan,07_3_TDS-body_Novel-2Dsweep-260516_66.s2p,07_3_TDS-body_Novel-2Dsweep-260516_67.s2p,,,2.8571160335532,2.85711,2.85711,-0.8448293739950972,-0.7975630426669451,34.02333319135755,33.04384747251565,-0.979485718841886,359.0205142811581,119.02051428115811
260519_2dsweep,sim,f_2pi3,sim,S22,offset_nan,07_3_TDS-body_Novel-2Dsweep-260516_67.s2p,07_3_TDS-body_Novel-2Dsweep-260516_68.s2p,,,2.8571160335532,2.85711,2.85711,-0.7975630426669451,-0.754893741874272,33.04384747251565,32.151895820199,-0.8919516523166635,359.10804834768334,119.10804834768334
260519_2dsweep,sim,f_2pi3,sim,S22,offset_nan,07_3_TDS-body_Novel-2Dsweep-260516_68.s2p,07_3_TDS-body_Novel-2Dsweep-260516_69.s2p,,,2.8571160335532,2.85711,2.85711,-0.754893741874272,-0.7103280654086925,32.151895820199,31.199273517251026,-0.9526223029479866,359.047377697052,119.04737769705201
260519_2dsweep,sim,f_2pi3,sim,S22,offset_nan,07_3_TDS-body_Novel-2Dsweep-260516_69.s2p,07_3_TDS-body_Novel-2Dsweep-260516_7.s2p,,,2.8571160335532,2.85711,2.85711,-0.7103280654086925,-3.0590201375533397,31.199273517251026,62.24875901115199,31.04948549390096,31.04948549390096,-208.95051450609904
260519_2dsweep,sim,f_2pi3,sim,S22,offset_nan,07_3_TDS-body_Novel-2Dsweep-260516_7.s2p,07_3_TDS-body_Novel-2Dsweep-260516_70.s2p,,,2.8571160335532,2.85711,2.85711,-3.0590201375533397,-0.6768091192568886,62.24875901115199,30.373950781014695,-31.87480823013729,328.1251917698627,88.12519176986268
260519_2dsweep,sim,f_2pi3,sim,S22,offset_nan,07_3_TDS-body_Novel-2Dsweep-260516_70.s2p,07_3_TDS-body_Novel-2Dsweep-260516_71.s2p,,,2.8571160335532,2.85711,2.85711,-0.6768091192568886,-0.63964290909027,30.373950781014695,29.531902870156788,-0.8420479108579002,359.1579520891421,119.1579520891421
260519_2dsweep,sim,f_2pi3,sim,S22,offset_nan,07_3_TDS-body_Novel-2Dsweep-260516_71.s2p,07_3_TDS-body_Novel-2Dsweep-260516_72.s2p,,,2.8571160335532,2.85711,2.85711,-0.63964290909027,-0.6067220347174372,29.531902870156788,28.714876916031415,-0.8170259541253699,359.18297404587463,119.18297404587463
260519_2dsweep,sim,f_2pi3,sim,S22,offset_nan,07_3_TDS-body_Novel-2Dsweep-260516_72.s2p,07_3_TDS-body_Novel-2Dsweep-260516_73.s2p,,,2.8571160335532,2.85711,2.85711,-0.6067220347174372,-0.5763134002655266,28.714876916031415,27.94954038086812,-0.7653365351632999,359.2346634648367,119.23466346483667
260519_2dsweep,sim,f_2pi3,sim,S22,offset_nan,07_3_TDS-body_Novel-2Dsweep-260516_73.s2p,07_3_TDS-body_Novel-2Dsweep-260516_74.s2p,,,2.8571160335532,2.85711,2.85711,-0.5763134002655266,-0.5478880760543404,27.94954038086812,27.21279226334102,-0.7367481175270996,359.2632518824729,119.2632518824729
260519_2dsweep,sim,f_2pi3,sim,S22,offset_nan,07_3_TDS-body_Novel-2Dsweep-260516_74.s2p,07_3_TDS-body_Novel-2Dsweep-260516_75.s2p,,,2.8571160335532,2.85711,2.85711,-0.5478880760543404,-0.5144681728123396,27.21279226334102,26.358188660372402,-0.8546036029686093,359.1453963970314,119.14539639703139
260519_2dsweep,sim,f_2pi3,sim,S22,offset_nan,07_3_TDS-body_Novel-2Dsweep-260516_75.s2p,07_3_TDS-body_Novel-2Dsweep-260516_76.s2p,,,2.8571160335532,2.85711,2.85711,-0.5144681728123396,-0.49418566214981674,26.358188660372402,25.729384732691013,-0.628803927681389,359.37119607231864,119.37119607231864
260519_2dsweep,sim,f_2pi3,sim,S22,offset_nan,07_3_TDS-body_Novel-2Dsweep-260516_76.s2p,07_3_TDS-body_Novel-2Dsweep-260516_77.s2p,,,2.8571160335532,2.85711,2.85711,-0.49418566214981674,-0.4698874018230371,25.729384732691013,25.019462713562596,-0.7099220191284132,359.2900779808716,119.29007798087162
260519_2dsweep,sim,f_2pi3,sim,S22,offset_nan,07_3_TDS-body_Novel-2Dsweep-260516_77.s2p,07_3_TDS-body_Novel-2Dsweep-260516_78.s2p,,,2.8571160335532,2.85711,2.85711,-0.4698874018230371,-0.4488703310336868,25.019462713562596,24.405223403043674,-0.6142393105189115,359.3857606894811,119.38576068948112
260519_2dsweep,sim,f_2pi3,sim,S22,offset_nan,07_3_TDS-body_Novel-2Dsweep-260516_78.s2p,07_3_TDS-body_Novel-2Dsweep-260516_79.s2p,,,2.8571160335532,2.85711,2.85711,-0.4488703310336868,-0.4287364540935629,24.405223403043674,23.787974666640945,-0.617248736402729,359.38275126359724,119.38275126359724
260519_2dsweep,sim,f_2pi3,sim,S22,offset_nan,07_3_TDS-body_Novel-2Dsweep-260516_79.s2p,07_3_TDS-body_Novel-2Dsweep-260516_8.s2p,,,2.8571160335532,2.85711,2.85711,-0.4287364540935629,-2.780138535132016,23.787974666640945,59.73525157839875,35.9472769117578,35.9472769117578,-204.0527230882422
260519_2dsweep,sim,f_2pi3,sim,S22,offset_nan,07_3_TDS-body_Novel-2Dsweep-260516_8.s2p,07_3_TDS-body_Novel-2Dsweep-260516_80.s2p,,,2.8571160335532,2.85711,2.85711,-2.780138535132016,-0.4092855988508628,59.73525157839875,23.192244965594014,-36.54300661280473,323.45699338719527,83.45699338719527
260519_2dsweep,sim,f_2pi3,sim,S22,offset_nan,07_3_TDS-body_Novel-2Dsweep-260516_80.s2p,07_3_TDS-body_Novel-2Dsweep-260516_81.s2p,,,2.8571160335532,2.85711,2.85711,-0.4092855988508628,-0.39157904000845356,23.192244965594014,22.58695084141259,-0.6052941241814267,359.39470587581854,119.39470587581854
260519_2dsweep,sim,f_2pi3,sim,S22,offset_nan,07_3_TDS-body_Novel-2Dsweep-260516_81.s2p,07_3_TDS-body_Novel-2Dsweep-260516_82.s2p,,,2.8571160335532,2.85711,2.85711,-0.39157904000845356,-0.37570641609882166,22.58695084141259,22.046409806107697,-0.5405410353048978,359.4594589646951,119.4594589646951
260519_2dsweep,sim,f_2pi3,sim,S22,offset_nan,07_3_TDS-body_Novel-2Dsweep-260516_82.s2p,07_3_TDS-body_Novel-2Dsweep-260516_83.s2p,,,2.8571160335532,2.85711,2.85711,-0.37570641609882166,-5.627147785109747,22.046409806107697,76.62071870587624,54.57430889976854,54.57430889976854,-185.42569110023146
260519_2dsweep,sim,f_2pi3,sim,S22,offset_nan,07_3_TDS-body_Novel-2Dsweep-260516_83.s2p,07_3_TDS-body_Novel-2Dsweep-260516_84.s2p,,,2.8571160335532,2.85711,2.85711,-5.627147785109747,-5.431024804452127,76.62071870587624,75.38751613414725,-1.2332025717290094,358.766797428271,118.76679742827099
260519_2dsweep,sim,f_2pi3,sim,S22,offset_nan,07_3_TDS-body_Novel-2Dsweep-260516_84.s2p,07_3_TDS-body_Novel-2Dsweep-260516_85.s2p,,,2.8571160335532,2.85711,2.85711,-5.431024804452127,-4.956884658349954,75.38751613414725,72.84378718354453,-2.5437289506027128,357.4562710493973,117.45627104939729
260519_2dsweep,sim,f_2pi3,sim,S22,offset_nan,07_3_TDS-body_Novel-2Dsweep-260516_85.s2p,07_3_TDS-body_Novel-2Dsweep-260516_86.s2p,,,2.8571160335532,2.85711,2.85711,-4.956884658349954,-4.514058854918739,72.84378718354453,70.23003286361829,-2.613754319926244,357.3862456800738,117.38624568007378
260519_2dsweep,sim,f_2pi3,sim,S22,offset_nan,07_3_TDS-body_Novel-2Dsweep-260516_86.s2p,07_3_TDS-body_Novel-2Dsweep-260516_87.s2p,,,2.8571160335532,2.85711,2.85711,-4.514058854918739,-4.125816052375074,70.23003286361829,67.74246575328715,-2.487567110331156,357.51243288966884,117.51243288966884
260519_2dsweep,sim,f_2pi3,sim,S22,offset_nan,07_3_TDS-body_Novel-2Dsweep-260516_87.s2p,07_3_TDS-body_Novel-2Dsweep-260516_88.s2p,,,2.8571160335532,2.85711,2.85711,-4.125816052375074,-3.76265644136529,67.74246575328715,65.3085158585337,-2.4339498947534537,357.5660501052465,117.56605010524652
260519_2dsweep,sim,f_2pi3,sim,S22,offset_nan,07_3_TDS-body_Novel-2Dsweep-260516_88.s2p,07_3_TDS-body_Novel-2Dsweep-260516_89.s2p,,,2.8571160335532,2.85711,2.85711,-3.76265644136529,-3.438725062025531,65.3085158585337,62.94085012891263,-2.3676657296210806,357.6323342703789,117.63233427037892
260519_2dsweep,sim,f_2pi3,sim,S22,offset_nan,07_3_TDS-body_Novel-2Dsweep-260516_89.s2p,07_3_TDS-body_Novel-2Dsweep-260516_9.s2p,,,2.8571160335532,2.85711,2.85711,-3.438725062025531,-2.5709510358106797,62.94085012891263,57.90756750349564,-5.033282625416973,354.966717374583,114.96671737458303
260519_2dsweep,sim,f_2pi3,sim,S22,offset_nan,07_3_TDS-body_Novel-2Dsweep-260516_9.s2p,07_3_TDS-body_Novel-2Dsweep-260516_90.s2p,,,2.8571160335532,2.85711,2.85711,-2.5709510358106797,-3.184830674226893,57.90756750349564,60.84024475856955,2.932677255073912,2.932677255073912,-237.0673227449261
260519_2dsweep,sim,f_2pi3,sim,S22,offset_nan,07_3_TDS-body_Novel-2Dsweep-260516_90.s2p,07_3_TDS-body_Novel-2Dsweep-260516_91.s2p,,,2.8571160335532,2.85711,2.85711,-3.184830674226893,-2.918596790428798,60.84024475856955,58.69980512993766,-2.1404396286318956,357.8595603713681,117.8595603713681
260519_2dsweep,sim,f_2pi3,sim,S22,offset_nan,07_3_TDS-body_Novel-2Dsweep-260516_91.s2p,07_3_TDS-body_Novel-2Dsweep-260516_92.s2p,,,2.8571160335532,2.85711,2.85711,-2.918596790428798,-2.6923496319558033,58.69980512993766,56.695879509259065,-2.0039256206785865,357.9960743793214,117.99607437932139
260519_2dsweep,sim,f_2pi3,sim,S22,offset_nan,07_3_TDS-body_Novel-2Dsweep-260516_92.s2p,07_3_TDS-body_Novel-2Dsweep-260516_93.s2p,,,2.8571160335532,2.85711,2.85711,-2.6923496319558033,-2.495573208839916,56.695879509259065,54.8448928280885,-1.850986681170582,358.1490133188294,118.14901331882942
260519_2dsweep,sim,f_2pi3,sim,S22,offset_nan,07_3_TDS-body_Novel-2Dsweep-260516_93.s2p,07_3_TDS-body_Novel-2Dsweep-260516_94.s2p,,,2.8571160335532,2.85711,2.85711,-2.495573208839916,-2.2837174988390134,54.8448928280885,52.76960339394396,-2.075289434144537,357.92471056585543,117.92471056585543
260519_2dsweep,sim,f_2pi3,sim,S22,offset_nan,07_3_TDS-body_Novel-2Dsweep-260516_94.s2p,07_3_TDS-body_Novel-2Dsweep-260516_95.s2p,,,2.8571160335532,2.85711,2.85711,-2.2837174988390134,-2.1142212244046434,52.76960339394396,51.00044651950484,-1.769156874439119,358.2308431255609,118.23084312556091
260519_2dsweep,sim,f_2pi3,sim,S22,offset_nan,07_3_TDS-body_Novel-2Dsweep-260516_95.s2p,07_3_TDS-body_Novel-2Dsweep-260516_96.s2p,,,2.8571160335532,2.85711,2.85711,-2.1142212244046434,-1.9657862692954575,51.00044651950484,49.32407843871899,-1.676368080785835,358.32363191921417,118.32363191921417
260519_2dsweep,sim,f_2pi3,sim,S22,offset_nan,07_3_TDS-body_Novel-2Dsweep-260516_96.s2p,07_3_TDS-body_Novel-2Dsweep-260516_97.s2p,,,2.8571160335532,2.85711,2.85711,-1.9657862692954575,-1.8213180675603535,49.32407843871899,47.70069551197447,-1.6233829267445117,358.3766170732555,118.37661707325549
260519_2dsweep,sim,f_2pi3,sim,S22,offset_nan,07_3_TDS-body_Novel-2Dsweep-260516_97.s2p,07_3_TDS-body_Novel-2Dsweep-260516_98.s2p,,,2.8571160335532,2.85711,2.85711,-1.8213180675603535,-1.6973926457269317,47.70069551197447,46.209157794939905,-1.4915377170345607,358.5084622829654,118.50846228296541
260519_2dsweep,sim,f_2pi3,sim,S22,offset_nan,07_3_TDS-body_Novel-2Dsweep-260516_98.s2p,07_3_TDS-body_Novel-2Dsweep-260516_99.s2p,,,2.8571160335532,2.85711,2.85711,-1.6973926457269317,-1.5680055272724998,46.209157794939905,44.54649737261036,-1.6626604223295374,358.3373395776705,118.33733957767049
260519_2dsweep,sim,f_mean,sim,S11,offset_nan,07_3_TDS-body_Novel-2Dsweep-260516_1.s2p,07_3_TDS-body_Novel-2Dsweep-260516_10.s2p,,,2.8672804543714,2.86728,2.86728,-21.27767917586827,-15.967829458018127,-67.01713295251942,94.99575463465419,162.01288758717362,162.01288758717362,-77.98711241282638
260519_2dsweep,sim,f_mean,sim,S11,offset_nan,07_3_TDS-body_Novel-2Dsweep-260516_10.s2p,07_3_TDS-body_Novel-2Dsweep-260516_100.s2p,,,2.8672804543714,2.86728,2.86728,-15.967829458018127,-10.594967338116412,94.99575463465419,82.68047662146206,-12.315278013192142,347.68472198680786,107.68472198680786
260519_2dsweep,sim,f_mean,sim,S11,offset_nan,07_3_TDS-body_Novel-2Dsweep-260516_100.s2p,07_3_TDS-body_Novel-2Dsweep-260516_101.s2p,,,2.8672804543714,2.86728,2.86728,-10.594967338116412,-9.80293635294178,82.68047662146206,80.60921409940958,-2.0712625220524785,357.9287374779475,117.9287374779475
260519_2dsweep,sim,f_mean,sim,S11,offset_nan,07_3_TDS-body_Novel-2Dsweep-260516_101.s2p,07_3_TDS-body_Novel-2Dsweep-260516_103.s2p,,,2.8672804543714,2.86728,2.86728,-9.80293635294178,-9.206117970728224,80.60921409940958,-60.89910330742312,-141.5083174068327,218.4916825931673,-21.508317406832703
260519_2dsweep,sim,f_mean,sim,S11,offset_nan,07_3_TDS-body_Novel-2Dsweep-260516_103.s2p,07_3_TDS-body_Novel-2Dsweep-260516_104.s2p,,,2.8672804543714,2.86728,2.86728,-9.206117970728224,-21.443544682278652,-60.89910330742312,-79.23262626953289,-18.333522962109782,341.6664770378902,101.66647703789022
260519_2dsweep,sim,f_mean,sim,S11,offset_nan,07_3_TDS-body_Novel-2Dsweep-260516_104.s2p,07_3_TDS-body_Novel-2Dsweep-260516_105.s2p,,,2.8672804543714,2.86728,2.86728,-21.443544682278652,-12.731067531255341,-79.23262626953289,82.9558073592136,162.18843362874645,162.18843362874645,-77.81156637125355
260519_2dsweep,sim,f_mean,sim,S11,offset_nan,07_3_TDS-body_Novel-2Dsweep-260516_105.s2p,07_3_TDS-body_Novel-2Dsweep-260516_106.s2p,,,2.8672804543714,2.86728,2.86728,-12.731067531255341,-5.991292973627439,82.9558073592136,61.72777019658104,-21.228037162632546,338.7719628373675,98.77196283736748
260519_2dsweep,sim,f_mean,sim,S11,offset_nan,07_3_TDS-body_Novel-2Dsweep-260516_106.s2p,07_3_TDS-body_Novel-2Dsweep-260516_107.s2p,,,2.8672804543714,2.86728,2.86728,-5.991292973627439,-3.362511112406759,61.72777019658104,47.52985913949834,-14.197911057082706,345.8020889429173,105.8020889429173
260519_2dsweep,sim,f_mean,sim,S11,offset_nan,07_3_TDS-body_Novel-2Dsweep-260516_107.s2p,07_3_TDS-body_Novel-2Dsweep-260516_108.s2p,,,2.8672804543714,2.86728,2.86728,-3.362511112406759,-5.52210707928491,47.52985913949834,-58.17247234633131,-105.70233148582966,254.29766851417034,14.29766851417034
260519_2dsweep,sim,f_mean,sim,S11,offset_nan,07_3_TDS-body_Novel-2Dsweep-260516_108.s2p,07_3_TDS-body_Novel-2Dsweep-260516_109.s2p,,,2.8672804543714,2.86728,2.86728,-5.52210707928491,-10.943818209692322,-58.17247234633131,-74.05816841049847,-15.88569606416715,344.1143039358328,104.11430393583282
260519_2dsweep,sim,f_mean,sim,S11,offset_nan,07_3_TDS-body_Novel-2Dsweep-260516_109.s2p,07_3_TDS-body_Novel-2Dsweep-260516_11.s2p,,,2.8672804543714,2.86728,2.86728,-10.943818209692322,-14.71923681160198,-74.05816841049847,92.98548401560299,167.04365242610146,167.04365242610146,-72.95634757389854
260519_2dsweep,sim,f_mean,sim,S11,offset_nan,07_3_TDS-body_Novel-2Dsweep-260516_11.s2p,07_3_TDS-body_Novel-2Dsweep-260516_110.s2p,,,2.8672804543714,2.86728,2.86728,-14.71923681160198,-28.727294329713224,92.98548401560299,85.34074435304147,-7.644739662561506,352.3552603374385,112.3552603374385
260519_2dsweep,sim,f_mean,sim,S11,offset_nan,07_3_TDS-body_Novel-2Dsweep-260516_110.s2p,07_3_TDS-body_Novel-2Dsweep-260516_111.s2p,,,2.8672804543714,2.86728,2.86728,-28.727294329713224,-8.733968194313807,85.34074435304147,64.56453032346485,-20.776214029576636,339.22378597042336,99.22378597042336
260519_2dsweep,sim,f_mean,sim,S11,offset_nan,07_3_TDS-body_Novel-2Dsweep-260516_111.s2p,07_3_TDS-body_Novel-2Dsweep-260516_112.s2p,,,2.8672804543714,2.86728,2.86728,-8.733968194313807,-4.401000001157548,64.56453032346485,49.38918745566642,-15.175342867798435,344.82465713220154,104.82465713220154
260519_2dsweep,sim,f_mean,sim,S11,offset_nan,07_3_TDS-body_Novel-2Dsweep-260516_112.s2p,07_3_TDS-body_Novel-2Dsweep-260516_113.s2p,,,2.8672804543714,2.86728,2.86728,-4.401000001157548,-3.6208598117386486,49.38918745566642,-55.636708879241304,-105.02589633490773,254.9741036650923,14.974103665092287
260519_2dsweep,sim,f_mean,sim,S11,offset_nan,07_3_TDS-body_Novel-2Dsweep-260516_113.s2p,07_3_TDS-body_Novel-2Dsweep-260516_114.s2p,,,2.8672804543714,2.86728,2.86728,-3.6208598117386486,-6.870541276600446,-55.636708879241304,-70.6852112977711,-15.048502418529807,344.9514975814702,104.95149758147022
260519_2dsweep,sim,f_mean,sim,S11,offset_nan,07_3_TDS-body_Novel-2Dsweep-260516_114.s2p,07_3_TDS-body_Novel-2Dsweep-260516_115.s2p,,,2.8672804543714,2.86728,2.86728,-6.870541276600446,-17.477441671938163,-70.6852112977711,-97.50007710041342,-26.814865802642316,333.1851341973577,93.18513419735768
260519_2dsweep,sim,f_mean,sim,S11,offset_nan,07_3_TDS-body_Novel-2Dsweep-260516_115.s2p,07_3_TDS-body_Novel-2Dsweep-260516_116.s2p,,,2.8672804543714,2.86728,2.86728,-17.477441671938163,-13.008432050302561,-97.50007710041342,68.37522861279422,165.87530571320764,165.87530571320764,-74.12469428679236
260519_2dsweep,sim,f_mean,sim,S11,offset_nan,07_3_TDS-body_Novel-2Dsweep-260516_116.s2p,07_3_TDS-body_Novel-2Dsweep-260516_117.s2p,,,2.8672804543714,2.86728,2.86728,-13.008432050302561,-5.925481164841965,68.37522861279422,49.93607486375839,-18.439153749035825,341.5608462509642,101.56084625096418
260519_2dsweep,sim,f_mean,sim,S11,offset_nan,07_3_TDS-body_Novel-2Dsweep-260516_117.s2p,07_3_TDS-body_Novel-2Dsweep-260516_118.s2p,,,2.8672804543714,2.86728,2.86728,-5.925481164841965,-2.5898698097492625,49.93607486375839,-54.31806744204599,-104.25414230580438,255.74585769419562,15.745857694195621
260519_2dsweep,sim,f_mean,sim,S11,offset_nan,07_3_TDS-body_Novel-2Dsweep-260516_118.s2p,07_3_TDS-body_Novel-2Dsweep-260516_119.s2p,,,2.8672804543714,2.86728,2.86728,-2.5898698097492625,-5.069897413519105,-54.31806744204599,-68.35650039829703,-14.038432956251029,345.96156704374897,105.96156704374897
260519_2dsweep,sim,f_mean,sim,S11,offset_nan,07_3_TDS-body_Novel-2Dsweep-260516_119.s2p,07_3_TDS-body_Novel-2Dsweep-260516_12.s2p,,,2.8672804543714,2.86728,2.86728,-5.069897413519105,-13.344603650198694,-68.35650039829703,90.94642133269741,159.30292173099446,159.30292173099446,-80.69707826900554
260519_2dsweep,sim,f_mean,sim,S11,offset_nan,07_3_TDS-body_Novel-2Dsweep-260516_12.s2p,07_3_TDS-body_Novel-2Dsweep-260516_120.s2p,,,2.8672804543714,2.86728,2.86728,-13.344603650198694,-10.092191530932757,90.94642133269741,-84.62701416808831,-175.5734355007857,184.4265644992143,-55.573435500785706
260519_2dsweep,sim,f_mean,sim,S11,offset_nan,07_3_TDS-body_Novel-2Dsweep-260516_120.s2p,07_3_TDS-body_Novel-2Dsweep-260516_121.s2p,,,2.8672804543714,2.86728,2.86728,-10.092191530932757,-23.92876972925139,-84.62701416808831,73.44632751982209,158.07334168791039,158.07334168791039,-81.92665831208961
260519_2dsweep,sim,f_mean,sim,S11,offset_nan,07_3_TDS-body_Novel-2Dsweep-260516_121.s2p,07_3_TDS-body_Novel-2Dsweep-260516_122.s2p,,,2.8672804543714,2.86728,2.86728,-23.92876972925139,-7.811300682751305,73.44632751982209,52.8136535765072,-20.6326739433149,339.3673260566851,99.3673260566851
260519_2dsweep,sim,f_mean,sim,S11,offset_nan,07_3_TDS-body_Novel-2Dsweep-260516_122.s2p,07_3_TDS-body_Novel-2Dsweep-260516_13.s2p,,,2.8672804543714,2.86728,2.86728,-7.811300682751305,-12.43160578594013,52.8136535765072,88.18040445962566,35.36675088311847,35.36675088311847,-204.63324911688153
260519_2dsweep,sim,f_mean,sim,S11,offset_nan,07_3_TDS-body_Novel-2Dsweep-260516_13.s2p,07_3_TDS-body_Novel-2Dsweep-260516_14.s2p,,,2.8672804543714,2.86728,2.86728,-12.43160578594013,-11.456538675947996,88.18040445962566,87.01570452787934,-1.164699931746327,358.8353000682537,118.83530006825367
260519_2dsweep,sim,f_mean,sim,S11,offset_nan,07_3_TDS-body_Novel-2Dsweep-260516_14.s2p,07_3_TDS-body_Novel-2Dsweep-260516_15.s2p,,,2.8672804543714,2.86728,2.86728,-11.456538675947996,-10.311914127907716,87.01570452787934,84.76428656950073,-2.2514179583786245,357.7485820416214,117.74858204162138
260519_2dsweep,sim,f_mean,sim,S11,offset_nan,07_3_TDS-body_Novel-2Dsweep-260516_15.s2p,07_3_TDS-body_Novel-2Dsweep-260516_16.s2p,,,2.8672804543714,2.86728,2.86728,-10.311914127907716,-9.852605473370758,84.76428656950073,82.59264221874045,-2.171644350760289,357.8283556492397,117.82835564923971
260519_2dsweep,sim,f_mean,sim,S11,offset_nan,07_3_TDS-body_Novel-2Dsweep-260516_16.s2p,07_3_TDS-body_Novel-2Dsweep-260516_17.s2p,,,2.8672804543714,2.86728,2.86728,-9.852605473370758,-9.032899617211198,82.59264221874045,80.84744190069019,-1.7452003180502516,358.25479968194975,118.25479968194975
260519_2dsweep,sim,f_mean,sim,S11,offset_nan,07_3_TDS-body_Novel-2Dsweep-260516_17.s2p,07_3_TDS-body_Novel-2Dsweep-260516_18.s2p,,,2.8672804543714,2.86728,2.86728,-9.032899617211198,-8.407548754382946,80.84744190069019,78.94085073887766,-1.9065911618125142,358.0934088381875,118.09340883818749
260519_2dsweep,sim,f_mean,sim,S11,offset_nan,07_3_TDS-body_Novel-2Dsweep-260516_18.s2p,07_3_TDS-body_Novel-2Dsweep-260516_19.s2p,,,2.8672804543714,2.86728,2.86728,-8.407548754382946,-7.822768538355351,78.94085073887766,76.75480496786564,-2.1860457710120045,357.813954228988,117.813954228988
260519_2dsweep,sim,f_mean,sim,S11,offset_nan,07_3_TDS-body_Novel-2Dsweep-260516_19.s2p,07_3_TDS-body_Novel-2Dsweep-260516_2.s2p,,,2.8672804543714,2.86728,2.86728,-7.822768538355351,-23.535441642401366,76.75480496786564,-67.40574042834457,-144.1605453962102,215.8394546037898,-24.16054539621021
260519_2dsweep,sim,f_mean,sim,S11,offset_nan,07_3_TDS-body_Novel-2Dsweep-260516_2.s2p,07_3_TDS-body_Novel-2Dsweep-260516_20.s2p,,,2.8672804543714,2.86728,2.86728,-23.535441642401366,-7.333814197984301,-67.40574042834457,75.06509779000048,142.47083821834508,142.47083821834508,-97.52916178165492
260519_2dsweep,sim,f_mean,sim,S11,offset_nan,07_3_TDS-body_Novel-2Dsweep-260516_20.s2p,07_3_TDS-body_Novel-2Dsweep-260516_21.s2p,,,2.8672804543714,2.86728,2.86728,-7.333814197984301,-6.838572340552027,75.06509779000048,73.0270292837157,-2.0380685062847874,357.9619314937152,117.96193149371521
260519_2dsweep,sim,f_mean,sim,S11,offset_nan,07_3_TDS-body_Novel-2Dsweep-260516_21.s2p,07_3_TDS-body_Novel-2Dsweep-260516_22.s2p,,,2.8672804543714,2.86728,2.86728,-6.838572340552027,-6.392088838253779,73.0270292837157,71.18989619247203,-1.837133091243686,358.1628669087563,118.16286690875631
260519_2dsweep,sim,f_mean,sim,S11,offset_nan,07_3_TDS-body_Novel-2Dsweep-260516_22.s2p,07_3_TDS-body_Novel-2Dsweep-260516_23.s2p,,,2.8672804543714,2.86728,2.86728,-6.392088838253779,-5.979852471194906,71.18989619247203,69.49184555254116,-1.6980506399308695,358.3019493600691,118.3019493600691
260519_2dsweep,sim,f_mean,sim,S11,offset_nan,07_3_TDS-body_Novel-2Dsweep-260516_23.s2p,07_3_TDS-body_Novel-2Dsweep-260516_24.s2p,,,2.8672804543714,2.86728,2.86728,-5.979852471194906,-5.572288749690239,69.49184555254116,67.48099939526719,-2.0108461572739884,357.989153842726,117.98915384272601
260519_2dsweep,sim,f_mean,sim,S11,offset_nan,07_3_TDS-body_Novel-2Dsweep-260516_24.s2p,07_3_TDS-body_Novel-2Dsweep-260516_25.s2p,,,2.8672804543714,2.86728,2.86728,-5.572288749690239,-5.287316257938396,67.48099939526719,66.09862871377005,-1.3823706814971501,358.61762931850285,118.61762931850285
260519_2dsweep,sim,f_mean,sim,S11,offset_nan,07_3_TDS-body_Novel-2Dsweep-260516_25.s2p,07_3_TDS-body_Novel-2Dsweep-260516_26.s2p,,,2.8672804543714,2.86728,2.86728,-5.287316257938396,-4.949536609318361,66.09862871377005,64.35799970630559,-1.740629007464463,358.25937099253554,118.25937099253554
260519_2dsweep,sim,f_mean,sim,S11,offset_nan,07_3_TDS-body_Novel-2Dsweep-260516_26.s2p,07_3_TDS-body_Novel-2Dsweep-260516_27.s2p,,,2.8672804543714,2.86728,2.86728,-4.949536609318361,-4.655985667852281,64.35799970630559,62.73834807716104,-1.6196516291445562,358.3803483708555,118.38034837085547
260519_2dsweep,sim,f_mean,sim,S11,offset_nan,07_3_TDS-body_Novel-2Dsweep-260516_27.s2p,07_3_TDS-body_Novel-2Dsweep-260516_28.s2p,,,2.8672804543714,2.86728,2.86728,-4.655985667852281,-4.414063145564895,62.73834807716104,61.24907557875398,-1.489272498407047,358.51072750159295,118.51072750159295
260519_2dsweep,sim,f_mean,sim,S11,offset_nan,07_3_TDS-body_Novel-2Dsweep-260516_28.s2p,07_3_TDS-body_Novel-2Dsweep-260516_29.s2p,,,2.8672804543714,2.86728,2.86728,-4.414063145564895,-4.208701877384614,61.24907557875398,59.82055076920462,-1.4285248095493444,358.57147519045066,118.57147519045066
260519_2dsweep,sim,f_mean,sim,S11,offset_nan,07_3_TDS-body_Novel-2Dsweep-260516_29.s2p,07_3_TDS-body_Novel-2Dsweep-260516_3.s2p,,,2.8672804543714,2.86728,2.86728,-4.208701877384614,-27.97754797821502,59.82055076920462,-69.52564550130519,-129.3461962705098,230.6538037294902,-9.346196270509807
260519_2dsweep,sim,f_mean,sim,S11,offset_nan,07_3_TDS-body_Novel-2Dsweep-260516_3.s2p,07_3_TDS-body_Novel-2Dsweep-260516_30.s2p,,,2.8672804543714,2.86728,2.86728,-27.97754797821502,-3.8956486754254356,-69.52564550130519,58.06192302855728,127.58756852986244,127.58756852986244,-112.41243147013756
260519_2dsweep,sim,f_mean,sim,S11,offset_nan,07_3_TDS-body_Novel-2Dsweep-260516_30.s2p,07_3_TDS-body_Novel-2Dsweep-260516_31.s2p,,,2.8672804543714,2.86728,2.86728,-3.8956486754254356,-3.6940671536770924,58.06192302855728,56.6971127009318,-1.3648103276254915,358.6351896723745,118.63518967237451
260519_2dsweep,sim,f_mean,sim,S11,offset_nan,07_3_TDS-body_Novel-2Dsweep-260516_31.s2p,07_3_TDS-body_Novel-2Dsweep-260516_32.s2p,,,2.8672804543714,2.86728,2.86728,-3.6940671536770924,-3.494934301525437,56.6971127009318,55.2489464158522,-1.4481662850795942,358.5518337149204,118.5518337149204
260519_2dsweep,sim,f_mean,sim,S11,offset_nan,07_3_TDS-body_Novel-2Dsweep-260516_32.s2p,07_3_TDS-body_Novel-2Dsweep-260516_33.s2p,,,2.8672804543714,2.86728,2.86728,-3.494934301525437,-3.30601311670899,55.2489464158522,53.87570026164387,-1.3732461542083456,358.62675384579165,118.62675384579165
260519_2dsweep,sim,f_mean,sim,S11,offset_nan,07_3_TDS-body_Novel-2Dsweep-260516_33.s2p,07_3_TDS-body_Novel-2Dsweep-260516_34.s2p,,,2.8672804543714,2.86728,2.86728,-3.30601311670899,-3.0760902939836616,53.87570026164387,52.19141209147096,-1.6842881701729198,358.3157118298271,118.31571182982708
260519_2dsweep,sim,f_mean,sim,S11,offset_nan,07_3_TDS-body_Novel-2Dsweep-260516_34.s2p,07_3_TDS-body_Novel-2Dsweep-260516_35.s2p,,,2.8672804543714,2.86728,2.86728,-3.0760902939836616,-2.938313509789955,52.19141209147096,51.088945044445865,-1.102467047025101,358.89753295297487,118.89753295297487
260519_2dsweep,sim,f_mean,sim,S11,offset_nan,07_3_TDS-body_Novel-2Dsweep-260516_35.s2p,07_3_TDS-body_Novel-2Dsweep-260516_36.s2p,,,2.8672804543714,2.86728,2.86728,-2.938313509789955,-2.8055808713883,51.088945044445865,49.84339493233465,-1.245550112111232,358.75444988788877,118.75444988788877
260519_2dsweep,sim,f_mean,sim,S11,offset_nan,07_3_TDS-body_Novel-2Dsweep-260516_36.s2p,07_3_TDS-body_Novel-2Dsweep-260516_37.s2p,,,2.8672804543714,2.86728,2.86728,-2.8055808713883,-2.655989380225685,49.84339493233465,48.65764671005096,-1.185748222283678,358.8142517777163,118.81425177771632
260519_2dsweep,sim,f_mean,sim,S11,offset_nan,07_3_TDS-body_Novel-2Dsweep-260516_37.s2p,07_3_TDS-body_Novel-2Dsweep-260516_38.s2p,,,2.8672804543714,2.86728,2.86728,-2.655989380225685,-2.4991798094893407,48.65764671005096,47.41201629109219,-1.2456304189587684,358.75436958104126,118.75436958104126
260519_2dsweep,sim,f_mean,sim,S11,offset_nan,07_3_TDS-body_Novel-2Dsweep-260516_38.s2p,07_3_TDS-body_Novel-2Dsweep-260516_39.s2p,,,2.8672804543714,2.86728,2.86728,-2.4991798094893407,-2.4063046087189113,47.41201629109219,46.41972840537996,-0.9922878857122441,359.00771211428776,119.00771211428776
260519_2dsweep,sim,f_mean,sim,S11,offset_nan,07_3_TDS-body_Novel-2Dsweep-260516_39.s2p,07_3_TDS-body_Novel-2Dsweep-260516_4.s2p,,,2.8672804543714,2.86728,2.86728,-2.4063046087189113,-38.699021674929,46.41972840537996,-72.9032337898716,-119.32296219525156,240.67703780474844,0.6770378047484371
260519_2dsweep,sim,f_mean,sim,S11,offset_nan,07_3_TDS-body_Novel-2Dsweep-260516_4.s2p,07_3_TDS-body_Novel-2Dsweep-260516_40.s2p,,,2.8672804543714,2.86728,2.86728,-38.699021674929,-2.2890511761829986,-72.9032337898716,45.398625150698805,118.30185894057041,118.30185894057041,-121.69814105942959
260519_2dsweep,sim,f_mean,sim,S11,offset_nan,07_3_TDS-body_Novel-2Dsweep-260516_40.s2p,07_3_TDS-body_Novel-2Dsweep-260516_41.s2p,,,2.8672804543714,2.86728,2.86728,-2.2890511761829986,-2.153559167893113,45.398625150698805,44.27039729973446,-1.1282278509643504,358.8717721490357,118.87177214903568
260519_2dsweep,sim,f_mean,sim,S11,offset_nan,07_3_TDS-body_Novel-2Dsweep-260516_41.s2p,07_3_TDS-body_Novel-2Dsweep-260516_42.s2p,,,2.8672804543714,2.86728,2.86728,-2.153559167893113,-19.18752799625434,44.27039729973446,-65.65564114232407,-109.92603844205854,250.07396155794146,10.073961557941459
260519_2dsweep,sim,f_mean,sim,S11,offset_nan,07_3_TDS-body_Novel-2Dsweep-260516_42.s2p,07_3_TDS-body_Novel-2Dsweep-260516_43.s2p,,,2.8672804543714,2.86728,2.86728,-19.18752799625434,-21.356531852415443,-65.65564114232407,-68.87956162051205,-3.223920478187978,356.776079521812,116.776079521812
260519_2dsweep,sim,f_mean,sim,S11,offset_nan,07_3_TDS-body_Novel-2Dsweep-260516_43.s2p,07_3_TDS-body_Novel-2Dsweep-260516_44.s2p,,,2.8672804543714,2.86728,2.86728,-21.356531852415443,-24.28600608739281,-68.87956162051205,-70.10328924624538,-1.2237276257333178,358.7762723742667,118.77627237426668
260519_2dsweep,sim,f_mean,sim,S11,offset_nan,07_3_TDS-body_Novel-2Dsweep-260516_44.s2p,07_3_TDS-body_Novel-2Dsweep-260516_45.s2p,,,2.8672804543714,2.86728,2.86728,-24.28600608739281,-30.093040450277208,-70.10328924624538,-72.20729438130778,-2.10400513506238,357.8959948649376,117.89599486493762
260519_2dsweep,sim,f_mean,sim,S11,offset_nan,07_3_TDS-body_Novel-2Dsweep-260516_45.s2p,07_3_TDS-body_Novel-2Dsweep-260516_46.s2p,,,2.8672804543714,2.86728,2.86728,-30.093040450277208,-45.78739226175993,-72.20729438130778,-69.38177401829486,2.825520363012913,2.825520363012913,-237.1744796369871
260519_2dsweep,sim,f_mean,sim,S11,offset_nan,07_3_TDS-body_Novel-2Dsweep-260516_46.s2p,07_3_TDS-body_Novel-2Dsweep-260516_47.s2p,,,2.8672804543714,2.86728,2.86728,-45.78739226175993,-34.77836614098286,-69.38177401829486,100.3581436835148,169.73991770180965,169.73991770180965,-70.26008229819035
260519_2dsweep,sim,f_mean,sim,S11,offset_nan,07_3_TDS-body_Novel-2Dsweep-260516_47.s2p,07_3_TDS-body_Novel-2Dsweep-260516_48.s2p,,,2.8672804543714,2.86728,2.86728,-34.77836614098286,-26.190862189727152,100.3581436835148,103.17810943668141,2.8199657531666276,2.8199657531666276,-237.18003424683337
260519_2dsweep,sim,f_mean,sim,S11,offset_nan,07_3_TDS-body_Novel-2Dsweep-260516_48.s2p,07_3_TDS-body_Novel-2Dsweep-260516_49.s2p,,,2.8672804543714,2.86728,2.86728,-26.190862189727152,-21.81749382215406,103.17810943668141,99.32525656268436,-3.852852873997051,356.14714712600295,116.14714712600295
260519_2dsweep,sim,f_mean,sim,S11,offset_nan,07_3_TDS-body_Novel-2Dsweep-260516_49.s2p,07_3_TDS-body_Novel-2Dsweep-260516_5.s2p,,,2.8672804543714,2.86728,2.86728,-21.81749382215406,-35.08487784858721,99.32525656268436,104.03426653742757,4.709009974743196,4.709009974743196,-235.2909900252568
260519_2dsweep,sim,f_mean,sim,S11,offset_nan,07_3_TDS-body_Novel-2Dsweep-260516_5.s2p,07_3_TDS-body_Novel-2Dsweep-260516_50.s2p,,,2.8672804543714,2.86728,2.86728,-35.08487784858721,-19.712206025117442,104.03426653742757,98.48936867542152,-5.544897862006053,354.45510213799395,114.45510213799395
260519_2dsweep,sim,f_mean,sim,S11,offset_nan,07_3_TDS-body_Novel-2Dsweep-260516_50.s2p,07_3_TDS-body_Novel-2Dsweep-260516_51.s2p,,,2.8672804543714,2.86728,2.86728,-19.712206025117442,-17.61759190816148,98.48936867542152,95.6957440025534,-2.793624672868134,357.20637532713187,117.20637532713187
260519_2dsweep,sim,f_mean,sim,S11,offset_nan,07_3_TDS-body_Novel-2Dsweep-260516_51.s2p,07_3_TDS-body_Novel-2Dsweep-260516_52.s2p,,,2.8672804543714,2.86728,2.86728,-17.61759190816148,-15.72822459136188,95.6957440025534,93.77026776528689,-1.9254762372665084,358.0745237627335,118.07452376273352
260519_2dsweep,sim,f_mean,sim,S11,offset_nan,07_3_TDS-body_Novel-2Dsweep-260516_52.s2p,07_3_TDS-body_Novel-2Dsweep-260516_53.s2p,,,2.8672804543714,2.86728,2.86728,-15.72822459136188,-14.26359758178293,93.77026776528689,91.56141256217558,-2.2088552031113124,357.7911447968887,117.79114479688872
260519_2dsweep,sim,f_mean,sim,S11,offset_nan,07_3_TDS-body_Novel-2Dsweep-260516_53.s2p,07_3_TDS-body_Novel-2Dsweep-260516_54.s2p,,,2.8672804543714,2.86728,2.86728,-14.26359758178293,-13.106387407971066,91.56141256217558,89.47102593546974,-2.090386626705822,357.9096133732942,117.90961337329418
260519_2dsweep,sim,f_mean,sim,S11,offset_nan,07_3_TDS-body_Novel-2Dsweep-260516_54.s2p,07_3_TDS-body_Novel-2Dsweep-260516_55.s2p,,,2.8672804543714,2.86728,2.86728,-13.106387407971066,-12.018219700477568,89.47102593546974,87.29216783201892,-2.178858103450807,357.8211418965492,117.8211418965492
260519_2dsweep,sim,f_mean,sim,S11,offset_nan,07_3_TDS-body_Novel-2Dsweep-260516_55.s2p,07_3_TDS-body_Novel-2Dsweep-260516_56.s2p,,,2.8672804543714,2.86728,2.86728,-12.018219700477568,-11.099328758178544,87.29216783201892,85.2232213680503,-2.068946463968615,357.9310535360314,117.93105353603141
260519_2dsweep,sim,f_mean,sim,S11,offset_nan,07_3_TDS-body_Novel-2Dsweep-260516_56.s2p,07_3_TDS-body_Novel-2Dsweep-260516_57.s2p,,,2.8672804543714,2.86728,2.86728,-11.099328758178544,-10.314557356565949,85.2232213680503,83.25563746237766,-1.9675839056726545,358.03241609432735,118.03241609432735
260519_2dsweep,sim,f_mean,sim,S11,offset_nan,07_3_TDS-body_Novel-2Dsweep-260516_57.s2p,07_3_TDS-body_Novel-2Dsweep-260516_58.s2p,,,2.8672804543714,2.86728,2.86728,-10.314557356565949,-9.463465042849753,83.25563746237766,81.14688758056823,-2.1087498818094446,357.89125011819056,117.89125011819056
260519_2dsweep,sim,f_mean,sim,S11,offset_nan,07_3_TDS-body_Novel-2Dsweep-260516_58.s2p,07_3_TDS-body_Novel-2Dsweep-260516_59.s2p,,,2.8672804543714,2.86728,2.86728,-9.463465042849753,-8.83591016104209,81.14688758056823,78.91267569176416,-2.2342118888040545,357.76578811119595,117.76578811119595
260519_2dsweep,sim,f_mean,sim,S11,offset_nan,07_3_TDS-body_Novel-2Dsweep-260516_59.s2p,07_3_TDS-body_Novel-2Dsweep-260516_6.s2p,,,2.8672804543714,2.86728,2.86728,-8.83591016104209,-26.91103346126717,78.91267569176416,103.77027292989528,24.85759723813112,24.85759723813112,-215.14240276186888
260519_2dsweep,sim,f_mean,sim,S11,offset_nan,07_3_TDS-body_Novel-2Dsweep-260516_6.s2p,07_3_TDS-body_Novel-2Dsweep-260516_60.s2p,,,2.8672804543714,2.86728,2.86728,-26.91103346126717,-8.220124682882506,103.77027292989528,77.32775721458695,-26.442515715308332,333.55748428469167,93.55748428469167
260519_2dsweep,sim,f_mean,sim,S11,offset_nan,07_3_TDS-body_Novel-2Dsweep-260516_60.s2p,07_3_TDS-body_Novel-2Dsweep-260516_61.s2p,,,2.8672804543714,2.86728,2.86728,-8.220124682882506,-7.697408089316288,77.32775721458695,75.5399123058501,-1.7878449087368722,358.2121550912631,118.21215509126313
260519_2dsweep,sim,f_mean,sim,S11,offset_nan,07_3_TDS-body_Novel-2Dsweep-260516_61.s2p,07_3_TDS-body_Novel-2Dsweep-260516_62.s2p,,,2.8672804543714,2.86728,2.86728,-7.697408089316288,-7.1527903497207665,75.5399123058501,73.49602573149508,-2.043886574355014,357.95611342564496,117.95611342564496
260519_2dsweep,sim,f_mean,sim,S11,offset_nan,07_3_TDS-body_Novel-2Dsweep-260516_62.s2p,07_3_TDS-body_Novel-2Dsweep-260516_63.s2p,,,2.8672804543714,2.86728,2.86728,-7.1527903497207665,-6.61641464855361,73.49602573149508,71.7705699965228,-1.7254557349722859,358.2745442650277,118.27454426502771
260519_2dsweep,sim,f_mean,sim,S11,offset_nan,07_3_TDS-body_Novel-2Dsweep-260516_63.s2p,07_3_TDS-body_Novel-2Dsweep-260516_64.s2p,,,2.8672804543714,2.86728,2.86728,-6.61641464855361,-6.242766512549847,71.7705699965228,69.63832518507485,-2.132244811447947,357.86775518855205,117.86775518855205
260519_2dsweep,sim,f_mean,sim,S11,offset_nan,07_3_TDS-body_Novel-2Dsweep-260516_64.s2p,07_3_TDS-body_Novel-2Dsweep-260516_65.s2p,,,2.8672804543714,2.86728,2.86728,-6.242766512549847,-5.8476412565031355,69.63832518507485,67.95169096879694,-1.6866342162779233,358.3133657837221,118.31336578372208
260519_2dsweep,sim,f_mean,sim,S11,offset_nan,07_3_TDS-body_Novel-2Dsweep-260516_65.s2p,07_3_TDS-body_Novel-2Dsweep-260516_66.s2p,,,2.8672804543714,2.86728,2.86728,-5.8476412565031355,-5.507233809380047,67.95169096879694,66.3719099149619,-1.5797810538350348,358.42021894616494,118.42021894616494
260519_2dsweep,sim,f_mean,sim,S11,offset_nan,07_3_TDS-body_Novel-2Dsweep-260516_66.s2p,07_3_TDS-body_Novel-2Dsweep-260516_67.s2p,,,2.8672804543714,2.86728,2.86728,-5.507233809380047,-5.122961403442307,66.3719099149619,64.3918433049785,-1.9800666099833961,358.0199333900166,118.0199333900166
260519_2dsweep,sim,f_mean,sim,S11,offset_nan,07_3_TDS-body_Novel-2Dsweep-260516_67.s2p,07_3_TDS-body_Novel-2Dsweep-260516_68.s2p,,,2.8672804543714,2.86728,2.86728,-5.122961403442307,-4.855811876633766,64.3918433049785,62.994559351565286,-1.3972839534131936,358.6027160465868,118.6027160465868
260519_2dsweep,sim,f_mean,sim,S11,offset_nan,07_3_TDS-body_Novel-2Dsweep-260516_68.s2p,07_3_TDS-body_Novel-2Dsweep-260516_69.s2p,,,2.8672804543714,2.86728,2.86728,-4.855811876633766,-4.539170881500109,62.994559351565286,61.267732914299174,-1.7268264372661122,358.27317356273386,118.27317356273386
260519_2dsweep,sim,f_mean,sim,S11,offset_nan,07_3_TDS-body_Novel-2Dsweep-260516_69.s2p,07_3_TDS-body_Novel-2Dsweep-260516_7.s2p,,,2.8672804543714,2.86728,2.86728,-4.539170881500109,-22.910999303084377,61.267732914299174,100.28399251112691,39.01625959682775,39.01625959682775,-200.98374040317225
260519_2dsweep,sim,f_mean,sim,S11,offset_nan,07_3_TDS-body_Novel-2Dsweep-260516_7.s2p,07_3_TDS-body_Novel-2Dsweep-260516_70.s2p,,,2.8672804543714,2.86728,2.86728,-22.910999303084377,-4.291305014090615,100.28399251112691,60.01196105683716,-40.27203145428976,319.72796854571027,79.72796854571027
260519_2dsweep,sim,f_mean,sim,S11,offset_nan,07_3_TDS-body_Novel-2Dsweep-260516_70.s2p,07_3_TDS-body_Novel-2Dsweep-260516_71.s2p,,,2.8672804543714,2.86728,2.86728,-4.291305014090615,-4.043873696840347,60.01196105683716,58.30525963564215,-1.7067014211950209,358.293298578805,118.29329857880498
260519_2dsweep,sim,f_mean,sim,S11,offset_nan,07_3_TDS-body_Novel-2Dsweep-260516_71.s2p,07_3_TDS-body_Novel-2Dsweep-260516_72.s2p,,,2.8672804543714,2.86728,2.86728,-4.043873696840347,-3.8395307851367377,58.30525963564215,56.94774747004394,-1.357512165598223,358.6424878344018,118.64248783440178
260519_2dsweep,sim,f_mean,sim,S11,offset_nan,07_3_TDS-body_Novel-2Dsweep-260516_72.s2p,07_3_TDS-body_Novel-2Dsweep-260516_73.s2p,,,2.8672804543714,2.86728,2.86728,-3.8395307851367377,-3.5823381759834,56.94774747004394,55.33411947252091,-1.6136279975230252,358.38637200247695,118.38637200247695
260519_2dsweep,sim,f_mean,sim,S11,offset_nan,07_3_TDS-body_Novel-2Dsweep-260516_73.s2p,07_3_TDS-body_Novel-2Dsweep-260516_74.s2p,,,2.8672804543714,2.86728,2.86728,-3.5823381759834,-3.4203693384899445,55.33411947252091,53.845758973162845,-1.4883604993580661,358.51163950064193,118.51163950064193
260519_2dsweep,sim,f_mean,sim,S11,offset_nan,07_3_TDS-body_Novel-2Dsweep-260516_74.s2p,07_3_TDS-body_Novel-2Dsweep-260516_75.s2p,,,2.8672804543714,2.86728,2.86728,-3.4203693384899445,-3.2043508827551066,53.845758973162845,52.38529075084361,-1.4604682223192356,358.53953177768074,118.53953177768074
260519_2dsweep,sim,f_mean,sim,S11,offset_nan,07_3_TDS-body_Novel-2Dsweep-260516_75.s2p,07_3_TDS-body_Novel-2Dsweep-260516_76.s2p,,,2.8672804543714,2.86728,2.86728,-3.2043508827551066,-3.057285498568058,52.38529075084361,51.3118368473942,-1.0734539034494048,358.9265460965506,118.92654609655062
260519_2dsweep,sim,f_mean,sim,S11,offset_nan,07_3_TDS-body_Novel-2Dsweep-260516_76.s2p,07_3_TDS-body_Novel-2Dsweep-260516_77.s2p,,,2.8672804543714,2.86728,2.86728,-3.057285498568058,-2.879825032990941,51.3118368473942,49.925236275435786,-1.386600571958411,358.6133994280416,118.61339942804159
260519_2dsweep,sim,f_mean,sim,S11,offset_nan,07_3_TDS-body_Novel-2Dsweep-260516_77.s2p,07_3_TDS-body_Novel-2Dsweep-260516_78.s2p,,,2.8672804543714,2.86728,2.86728,-2.879825032990941,-2.731054028003786,49.925236275435786,48.77830143291826,-1.1469348425175099,358.8530651574825,118.85306515748249
260519_2dsweep,sim,f_mean,sim,S11,offset_nan,07_3_TDS-body_Novel-2Dsweep-260516_78.s2p,07_3_TDS-body_Novel-2Dsweep-260516_79.s2p,,,2.8672804543714,2.86728,2.86728,-2.731054028003786,-2.6086717279679683,48.77830143291826,47.58266773690763,-1.1956336960106455,358.80436630398935,118.80436630398935
260519_2dsweep,sim,f_mean,sim,S11,offset_nan,07_3_TDS-body_Novel-2Dsweep-260516_79.s2p,07_3_TDS-body_Novel-2Dsweep-260516_8.s2p,,,2.8672804543714,2.86728,2.86728,-2.6086717279679683,-19.60982273421156,47.58266773690763,99.21217113082218,51.62950339391455,51.62950339391455,-188.37049660608545
260519_2dsweep,sim,f_mean,sim,S11,offset_nan,07_3_TDS-body_Novel-2Dsweep-260516_8.s2p,07_3_TDS-body_Novel-2Dsweep-260516_80.s2p,,,2.8672804543714,2.86728,2.86728,-19.60982273421156,-2.4825871862911635,99.21217113082218,46.3562665014247,-52.855904629397486,307.1440953706025,67.14409537060249
260519_2dsweep,sim,f_mean,sim,S11,offset_nan,07_3_TDS-body_Novel-2Dsweep-260516_80.s2p,07_3_TDS-body_Novel-2Dsweep-260516_81.s2p,,,2.8672804543714,2.86728,2.86728,-2.4825871862911635,-2.3513823814961405,46.3562665014247,45.253578292137654,-1.102688209287038,358.89731179071293,118.89731179071293
260519_2dsweep,sim,f_mean,sim,S11,offset_nan,07_3_TDS-body_Novel-2Dsweep-260516_81.s2p,07_3_TDS-body_Novel-2Dsweep-260516_82.s2p,,,2.8672804543714,2.86728,2.86728,-2.3513823814961405,-2.2393625382600573,45.253578292137654,44.17775649084368,-1.0758218012939835,358.92417819870604,118.92417819870604
260519_2dsweep,sim,f_mean,sim,S11,offset_nan,07_3_TDS-body_Novel-2Dsweep-260516_82.s2p,07_3_TDS-body_Novel-2Dsweep-260516_83.s2p,,,2.8672804543714,2.86728,2.86728,-2.2393625382600573,-16.17107244234031,44.17775649084368,-64.42810070014708,-108.60585719099076,251.39414280900922,11.394142809009224
260519_2dsweep,sim,f_mean,sim,S11,offset_nan,07_3_TDS-body_Novel-2Dsweep-260516_83.s2p,07_3_TDS-body_Novel-2Dsweep-260516_84.s2p,,,2.8672804543714,2.86728,2.86728,-16.17107244234031,-16.54878293263086,-64.42810070014708,-65.17639380474166,-0.7482931045945804,359.2517068954054,119.25170689540539
260519_2dsweep,sim,f_mean,sim,S11,offset_nan,07_3_TDS-body_Novel-2Dsweep-260516_84.s2p,07_3_TDS-body_Novel-2Dsweep-260516_85.s2p,,,2.8672804543714,2.86728,2.86728,-16.54878293263086,-18.061903692024718,-65.17639380474166,-67.20503607647599,-2.028642271734327,357.9713577282657,117.97135772826567
260519_2dsweep,sim,f_mean,sim,S11,offset_nan,07_3_TDS-body_Novel-2Dsweep-260516_85.s2p,07_3_TDS-body_Novel-2Dsweep-260516_86.s2p,,,2.8672804543714,2.86728,2.86728,-18.061903692024718,-19.96158835579075,-67.20503607647599,-69.28437309227867,-2.079337015802679,357.9206629841973,117.92066298419729
260519_2dsweep,sim,f_mean,sim,S11,offset_nan,07_3_TDS-body_Novel-2Dsweep-260516_86.s2p,07_3_TDS-body_Novel-2Dsweep-260516_87.s2p,,,2.8672804543714,2.86728,2.86728,-19.96158835579075,-22.781531003745748,-69.28437309227867,-71.26955840111587,-1.9851853088372025,358.01481469116277,118.01481469116277
260519_2dsweep,sim,f_mean,sim,S11,offset_nan,07_3_TDS-body_Novel-2Dsweep-260516_87.s2p,07_3_TDS-body_Novel-2Dsweep-260516_88.s2p,,,2.8672804543714,2.86728,2.86728,-22.781531003745748,-26.606216298788688,-71.26955840111587,-72.64549463866523,-1.3759362375493538,358.62406376245065,118.62406376245065
260519_2dsweep,sim,f_mean,sim,S11,offset_nan,07_3_TDS-body_Novel-2Dsweep-260516_88.s2p,07_3_TDS-body_Novel-2Dsweep-260516_89.s2p,,,2.8672804543714,2.86728,2.86728,-26.606216298788688,-34.43569021910684,-72.64549463866523,-71.85708767517912,0.7884069634861248,0.7884069634861248,-239.21159303651388
260519_2dsweep,sim,f_mean,sim,S11,offset_nan,07_3_TDS-body_Novel-2Dsweep-260516_89.s2p,07_3_TDS-body_Novel-2Dsweep-260516_9.s2p,,,2.8672804543714,2.86728,2.86728,-34.43569021910684,-17.7005035011014,-71.85708767517912,93.2175818679999,165.07466954317903,165.07466954317903,-74.92533045682097
260519_2dsweep,sim,f_mean,sim,S11,offset_nan,07_3_TDS-body_Novel-2Dsweep-260516_9.s2p,07_3_TDS-body_Novel-2Dsweep-260516_90.s2p,,,2.8672804543714,2.86728,2.86728,-17.7005035011014,-41.999798518415794,93.2175818679999,104.41281943782215,11.195237569822268,11.195237569822268,-228.80476243017773
260519_2dsweep,sim,f_mean,sim,S11,offset_nan,07_3_TDS-body_Novel-2Dsweep-260516_90.s2p,07_3_TDS-body_Novel-2Dsweep-260516_91.s2p,,,2.8672804543714,2.86728,2.86728,-41.999798518415794,-28.8995302515017,104.41281943782215,99.88973537565256,-4.523084062169573,355.4769159378304,115.47691593783043
260519_2dsweep,sim,f_mean,sim,S11,offset_nan,07_3_TDS-body_Novel-2Dsweep-260516_91.s2p,07_3_TDS-body_Novel-2Dsweep-260516_92.s2p,,,2.8672804543714,2.86728,2.86728,-28.8995302515017,-23.692908245020327,99.88973537565256,98.71529985238956,-1.1744355232630141,358.825564476737,118.82556447673699
260519_2dsweep,sim,f_mean,sim,S11,offset_nan,07_3_TDS-body_Novel-2Dsweep-260516_92.s2p,07_3_TDS-body_Novel-2Dsweep-260516_93.s2p,,,2.8672804543714,2.86728,2.86728,-23.692908245020327,-20.94748976563267,98.71529985238956,97.13856574588634,-1.5767341065032383,358.42326589349676,118.42326589349676
260519_2dsweep,sim,f_mean,sim,S11,offset_nan,07_3_TDS-body_Novel-2Dsweep-260516_93.s2p,07_3_TDS-body_Novel-2Dsweep-260516_94.s2p,,,2.8672804543714,2.86728,2.86728,-20.94748976563267,-18.2160779499383,97.13856574588634,94.18483759449201,-2.95372815139433,357.04627184860567,117.04627184860567
260519_2dsweep,sim,f_mean,sim,S11,offset_nan,07_3_TDS-body_Novel-2Dsweep-260516_94.s2p,07_3_TDS-body_Novel-2Dsweep-260516_95.s2p,,,2.8672804543714,2.86728,2.86728,-18.2160779499383,-16.25079662648876,94.18483759449201,92.78950352133188,-1.395334073160143,358.60466592683986,118.60466592683986
260519_2dsweep,sim,f_mean,sim,S11,offset_nan,07_3_TDS-body_Novel-2Dsweep-260516_95.s2p,07_3_TDS-body_Novel-2Dsweep-260516_96.s2p,,,2.8672804543714,2.86728,2.86728,-16.25079662648876,-14.815098501398277,92.78950352133188,90.38102749991249,-2.4084760214194034,357.5915239785806,117.5915239785806
260519_2dsweep,sim,f_mean,sim,S11,offset_nan,07_3_TDS-body_Novel-2Dsweep-260516_96.s2p,07_3_TDS-body_Novel-2Dsweep-260516_97.s2p,,,2.8672804543714,2.86728,2.86728,-14.815098501398277,-13.535083763257202,90.38102749991249,88.55508111203126,-1.8259463878812312,358.17405361211877,118.17405361211877
260519_2dsweep,sim,f_mean,sim,S11,offset_nan,07_3_TDS-body_Novel-2Dsweep-260516_97.s2p,07_3_TDS-body_Novel-2Dsweep-260516_98.s2p,,,2.8672804543714,2.86728,2.86728,-13.535083763257202,-12.327250711543638,88.55508111203126,84.94009980064274,-3.614981311388533,356.38501868861147,116.38501868861147
260519_2dsweep,sim,f_mean,sim,S11,offset_nan,07_3_TDS-body_Novel-2Dsweep-260516_98.s2p,07_3_TDS-body_Novel-2Dsweep-260516_99.s2p,,,2.8672804543714,2.86728,2.86728,-12.327250711543638,-11.43491290238009,84.94009980064274,84.64185193151826,-0.29824786912448076,359.70175213087555,119.70175213087555
260519_2dsweep,sim,f_mean,sim,S12,offset_nan,07_3_TDS-body_Novel-2Dsweep-260516_1.s2p,07_3_TDS-body_Novel-2Dsweep-260516_10.s2p,,,2.8672804543714,2.86728,2.86728,-0.029037200219683843,-0.11092956057883274,23.255282680438654,4.947659022300228,-18.307623658138425,341.6923763418616,101.69237634186157
260519_2dsweep,sim,f_mean,sim,S12,offset_nan,07_3_TDS-body_Novel-2Dsweep-260516_10.s2p,07_3_TDS-body_Novel-2Dsweep-260516_100.s2p,,,2.8672804543714,2.86728,2.86728,-0.11092956057883274,-0.39670510486138094,4.947659022300228,-7.2676698217684095,-12.215328844068637,347.7846711559314,107.78467115593139
260519_2dsweep,sim,f_mean,sim,S12,offset_nan,07_3_TDS-body_Novel-2Dsweep-260516_100.s2p,07_3_TDS-body_Novel-2Dsweep-260516_101.s2p,,,2.8672804543714,2.86728,2.86728,-0.39670510486138094,-0.4902213489736017,-7.2676698217684095,-9.29181668254813,-2.024146860779723,357.97585313922025,117.97585313922025
260519_2dsweep,sim,f_mean,sim,S12,offset_nan,07_3_TDS-body_Novel-2Dsweep-260516_101.s2p,07_3_TDS-body_Novel-2Dsweep-260516_103.s2p,,,2.8672804543714,2.86728,2.86728,-0.4902213489736017,-0.5549881495537977,-9.29181668254813,29.075165724743055,38.366982407291175,38.366982407291175,-201.63301759270882
260519_2dsweep,sim,f_mean,sim,S12,offset_nan,07_3_TDS-body_Novel-2Dsweep-260516_103.s2p,07_3_TDS-body_Novel-2Dsweep-260516_104.s2p,,,2.8672804543714,2.86728,2.86728,-0.5549881495537977,-0.0327651770688594,29.075165724743055,10.743187827793216,-18.331977896949837,341.66802210305013,101.66802210305013
260519_2dsweep,sim,f_mean,sim,S12,offset_nan,07_3_TDS-body_Novel-2Dsweep-260516_104.s2p,07_3_TDS-body_Novel-2Dsweep-260516_105.s2p,,,2.8672804543714,2.86728,2.86728,-0.0327651770688594,-0.1488086149696113,10.743187827793216,-9.675871079918002,-20.419058907711218,339.58094109228875,99.58094109228875
260519_2dsweep,sim,f_mean,sim,S12,offset_nan,07_3_TDS-body_Novel-2Dsweep-260516_105.s2p,07_3_TDS-body_Novel-2Dsweep-260516_106.s2p,,,2.8672804543714,2.86728,2.86728,-0.1488086149696113,-1.2480384032625689,-9.675871079918002,-28.335763286132764,-18.65989220621475,341.34010779378525,101.34010779378525
260519_2dsweep,sim,f_mean,sim,S12,offset_nan,07_3_TDS-body_Novel-2Dsweep-260516_106.s2p,07_3_TDS-body_Novel-2Dsweep-260516_107.s2p,,,2.8672804543714,2.86728,2.86728,-1.2480384032625689,-2.6844967490430944,-28.335763286132764,-42.47928904578144,-14.143525759648668,345.8564742403513,105.8564742403513
260519_2dsweep,sim,f_mean,sim,S12,offset_nan,07_3_TDS-body_Novel-2Dsweep-260516_107.s2p,07_3_TDS-body_Novel-2Dsweep-260516_108.s2p,,,2.8672804543714,2.86728,2.86728,-2.6844967490430944,-1.4014454895411506,-42.47928904578144,32.10774009997949,74.58702914576094,74.58702914576094,-165.41297085423906
260519_2dsweep,sim,f_mean,sim,S12,offset_nan,07_3_TDS-body_Novel-2Dsweep-260516_108.s2p,07_3_TDS-body_Novel-2Dsweep-260516_109.s2p,,,2.8672804543714,2.86728,2.86728,-1.4014454895411506,-0.41279751675209575,32.10774009997949,15.062007699699551,-17.045732400279945,342.9542675997201,102.95426759972008
260519_2dsweep,sim,f_mean,sim,S12,offset_nan,07_3_TDS-body_Novel-2Dsweep-260516_109.s2p,07_3_TDS-body_Novel-2Dsweep-260516_11.s2p,,,2.8672804543714,2.86728,2.86728,-0.41279751675209575,-0.1504145900388852,15.062007699699551,3.1368658472852893,-11.92514185241427,348.0748581475857,108.0748581475857
260519_2dsweep,sim,f_mean,sim,S12,offset_nan,07_3_TDS-body_Novel-2Dsweep-260516_11.s2p,07_3_TDS-body_Novel-2Dsweep-260516_110.s2p,,,2.8672804543714,2.86728,2.86728,-0.1504145900388852,-0.007864550530346744,3.1368658472852893,-4.802918154009389,-7.939784001294669,352.0602159987053,112.0602159987053
260519_2dsweep,sim,f_mean,sim,S12,offset_nan,07_3_TDS-body_Novel-2Dsweep-260516_110.s2p,07_3_TDS-body_Novel-2Dsweep-260516_111.s2p,,,2.8672804543714,2.86728,2.86728,-0.007864550530346744,-0.6290032848697078,-4.802918154009389,-25.247034130684405,-20.444115976675022,339.555884023325,99.555884023325
260519_2dsweep,sim,f_mean,sim,S12,offset_nan,07_3_TDS-body_Novel-2Dsweep-260516_111.s2p,07_3_TDS-body_Novel-2Dsweep-260516_112.s2p,,,2.8672804543714,2.86728,2.86728,-0.6290032848697078,-1.8143742342713278,-25.247034130684405,-41.736625249941476,-16.489591119257057,343.51040888074294,103.51040888074294
260519_2dsweep,sim,f_mean,sim,S12,offset_nan,07_3_TDS-body_Novel-2Dsweep-260516_112.s2p,07_3_TDS-body_Novel-2Dsweep-260516_113.s2p,,,2.8672804543714,2.86728,2.86728,-1.8143742342713278,-2.4753289249834056,-41.736625249941476,34.32743564988686,76.06406089982835,76.06406089982835,-163.93593910017165
260519_2dsweep,sim,f_mean,sim,S12,offset_nan,07_3_TDS-body_Novel-2Dsweep-260516_113.s2p,07_3_TDS-body_Novel-2Dsweep-260516_114.s2p,,,2.8672804543714,2.86728,2.86728,-2.4753289249834056,-0.9989627422660617,34.32743564988686,19.336684589394796,-14.990751060492073,345.0092489395079,105.00924893950793
260519_2dsweep,sim,f_mean,sim,S12,offset_nan,07_3_TDS-body_Novel-2Dsweep-260516_114.s2p,07_3_TDS-body_Novel-2Dsweep-260516_115.s2p,,,2.8672804543714,2.86728,2.86728,-0.9989627422660617,0.07421339406747396,19.336684589394796,-0.5866522455522903,-19.923336834947094,340.0766631650529,100.07666316505288
260519_2dsweep,sim,f_mean,sim,S12,offset_nan,07_3_TDS-body_Novel-2Dsweep-260516_115.s2p,07_3_TDS-body_Novel-2Dsweep-260516_116.s2p,,,2.8672804543714,2.86728,2.86728,0.07421339406747396,-0.2178860765853894,-0.5866522455522903,-21.698899894346095,-21.11224764879381,338.8877523512062,98.88775235120619
260519_2dsweep,sim,f_mean,sim,S12,offset_nan,07_3_TDS-body_Novel-2Dsweep-260516_116.s2p,07_3_TDS-body_Novel-2Dsweep-260516_117.s2p,,,2.8672804543714,2.86728,2.86728,-0.2178860765853894,-1.3190440559343897,-21.698899894346095,-39.58062138543375,-17.88172149108766,342.11827850891234,102.11827850891234
260519_2dsweep,sim,f_mean,sim,S12,offset_nan,07_3_TDS-body_Novel-2Dsweep-260516_117.s2p,07_3_TDS-body_Novel-2Dsweep-260516_118.s2p,,,2.8672804543714,2.86728,2.86728,-1.3190440559343897,-3.4817985919555423,-39.58062138543375,35.612385271181374,75.19300665661513,75.19300665661513,-164.80699334338487
260519_2dsweep,sim,f_mean,sim,S12,offset_nan,07_3_TDS-body_Novel-2Dsweep-260516_118.s2p,07_3_TDS-body_Novel-2Dsweep-260516_119.s2p,,,2.8672804543714,2.86728,2.86728,-3.4817985919555423,-1.6492833020568636,35.612385271181374,21.329303276698976,-14.283081994482387,345.71691800551764,105.71691800551764
260519_2dsweep,sim,f_mean,sim,S12,offset_nan,07_3_TDS-body_Novel-2Dsweep-260516_119.s2p,07_3_TDS-body_Novel-2Dsweep-260516_12.s2p,,,2.8672804543714,2.86728,2.86728,-1.6492833020568636,-0.20484025464791428,21.329303276698976,0.8753693233531648,-20.453933953345825,339.5460660466542,99.54606604665418
260519_2dsweep,sim,f_mean,sim,S12,offset_nan,07_3_TDS-body_Novel-2Dsweep-260516_12.s2p,07_3_TDS-body_Novel-2Dsweep-260516_120.s2p,,,2.8672804543714,2.86728,2.86728,-0.20484025464791428,-0.45072076939299044,0.8753693233531648,5.459037748419739,4.583668425066577,4.583668425066577,-235.41633157493342
260519_2dsweep,sim,f_mean,sim,S12,offset_nan,07_3_TDS-body_Novel-2Dsweep-260516_120.s2p,07_3_TDS-body_Novel-2Dsweep-260516_121.s2p,,,2.8672804543714,2.86728,2.86728,-0.45072076939299044,-0.02079977652223666,5.459037748419739,-16.65339840394206,-22.112436152361795,337.8875638476382,97.8875638476382
260519_2dsweep,sim,f_mean,sim,S12,offset_nan,07_3_TDS-body_Novel-2Dsweep-260516_121.s2p,07_3_TDS-body_Novel-2Dsweep-260516_122.s2p,,,2.8672804543714,2.86728,2.86728,-0.02079977652223666,-0.7838263423660934,-16.65339840394206,-37.21328165599041,-20.559883252048337,339.44011674795166,99.44011674795166
260519_2dsweep,sim,f_mean,sim,S12,offset_nan,07_3_TDS-body_Novel-2Dsweep-260516_122.s2p,07_3_TDS-body_Novel-2Dsweep-260516_13.s2p,,,2.8672804543714,2.86728,2.86728,-0.7838263423660934,-0.283077954483934,-37.21328165599041,-0.8716117881995867,36.34166986779081,36.34166986779081,-203.6583301322092
260519_2dsweep,sim,f_mean,sim,S12,offset_nan,07_3_TDS-body_Novel-2Dsweep-260516_13.s2p,07_3_TDS-body_Novel-2Dsweep-260516_14.s2p,,,2.8672804543714,2.86728,2.86728,-0.283077954483934,-0.323016043862449,-0.8716117881995867,-2.9524430301865396,-2.0808312419869424,357.91916875801303,117.91916875801303
260519_2dsweep,sim,f_mean,sim,S12,offset_nan,07_3_TDS-body_Novel-2Dsweep-260516_14.s2p,07_3_TDS-body_Novel-2Dsweep-260516_15.s2p,,,2.8672804543714,2.86728,2.86728,-0.323016043862449,-0.4099750061546419,-2.9524430301865396,-5.569415065306435,-2.616972035119886,357.3830279648801,117.38302796488011
260519_2dsweep,sim,f_mean,sim,S12,offset_nan,07_3_TDS-body_Novel-2Dsweep-260516_15.s2p,07_3_TDS-body_Novel-2Dsweep-260516_16.s2p,,,2.8672804543714,2.86728,2.86728,-0.4099750061546419,-0.5024421786292097,-5.569415065306435,-6.927173354986395,-1.357758289679964,358.64224171032004,118.64224171032004
260519_2dsweep,sim,f_mean,sim,S12,offset_nan,07_3_TDS-body_Novel-2Dsweep-260516_16.s2p,07_3_TDS-body_Novel-2Dsweep-260516_17.s2p,,,2.8672804543714,2.86728,2.86728,-0.5024421786292097,-0.5757714303738901,-6.927173354986395,-9.19263283923763,-2.265459484251238,357.7345405157488,117.73454051574879
260519_2dsweep,sim,f_mean,sim,S12,offset_nan,07_3_TDS-body_Novel-2Dsweep-260516_17.s2p,07_3_TDS-body_Novel-2Dsweep-260516_18.s2p,,,2.8672804543714,2.86728,2.86728,-0.5757714303738901,-0.6716806335934431,-9.19263283923763,-11.151954671726683,-1.959321832489053,358.0406781675109,118.04067816751092
260519_2dsweep,sim,f_mean,sim,S12,offset_nan,07_3_TDS-body_Novel-2Dsweep-260516_18.s2p,07_3_TDS-body_Novel-2Dsweep-260516_19.s2p,,,2.8672804543714,2.86728,2.86728,-0.6716806335934431,-0.7875997868455853,-11.151954671726683,-13.12294052189988,-1.9709858501732072,358.0290141498268,118.02901414982682
260519_2dsweep,sim,f_mean,sim,S12,offset_nan,07_3_TDS-body_Novel-2Dsweep-260516_19.s2p,07_3_TDS-body_Novel-2Dsweep-260516_2.s2p,,,2.8672804543714,2.86728,2.86728,-0.7875997868455853,-0.018032005499490238,-13.12294052189988,21.615414877567634,34.73835539946751,34.73835539946751,-205.2616446005325
260519_2dsweep,sim,f_mean,sim,S12,offset_nan,07_3_TDS-body_Novel-2Dsweep-260516_2.s2p,07_3_TDS-body_Novel-2Dsweep-260516_20.s2p,,,2.8672804543714,2.86728,2.86728,-0.018032005499490238,-0.8860535829672006,21.615414877567634,-14.922659583278236,-36.53807446084588,323.4619255391541,83.4619255391541
260519_2dsweep,sim,f_mean,sim,S12,offset_nan,07_3_TDS-body_Novel-2Dsweep-260516_20.s2p,07_3_TDS-body_Novel-2Dsweep-260516_21.s2p,,,2.8672804543714,2.86728,2.86728,-0.8860535829672006,-1.0094728953161223,-14.922659583278236,-16.846853999489575,-1.9241944162113498,358.0758055837887,118.07580558378868
260519_2dsweep,sim,f_mean,sim,S12,offset_nan,07_3_TDS-body_Novel-2Dsweep-260516_21.s2p,07_3_TDS-body_Novel-2Dsweep-260516_22.s2p,,,2.8672804543714,2.86728,2.86728,-1.0094728953161223,-1.1327136565285636,-16.846853999489575,-18.704697015564715,-1.857843016075151,358.14215698392485,118.14215698392485
260519_2dsweep,sim,f_mean,sim,S12,offset_nan,07_3_TDS-body_Novel-2Dsweep-260516_22.s2p,07_3_TDS-body_Novel-2Dsweep-260516_23.s2p,,,2.8672804543714,2.86728,2.86728,-1.1327136565285636,-1.2615739352179565,-18.704697015564715,-20.53115386893608,-1.8264568533713543,358.1735431466286,118.17354314662862
260519_2dsweep,sim,f_mean,sim,S12,offset_nan,07_3_TDS-body_Novel-2Dsweep-260516_23.s2p,07_3_TDS-body_Novel-2Dsweep-260516_24.s2p,,,2.8672804543714,2.86728,2.86728,-1.2615739352179565,-1.4222851799738057,-20.53115386893608,-22.42649138446049,-1.8953375155244032,358.1046624844756,118.10466248447563
260519_2dsweep,sim,f_mean,sim,S12,offset_nan,07_3_TDS-body_Novel-2Dsweep-260516_24.s2p,07_3_TDS-body_Novel-2Dsweep-260516_25.s2p,,,2.8672804543714,2.86728,2.86728,-1.4222851799738057,-1.5241361721306905,-22.42649138446049,-23.891629630147065,-1.4651382456865747,358.5348617543134,118.5348617543134
260519_2dsweep,sim,f_mean,sim,S12,offset_nan,07_3_TDS-body_Novel-2Dsweep-260516_25.s2p,07_3_TDS-body_Novel-2Dsweep-260516_26.s2p,,,2.8672804543714,2.86728,2.86728,-1.5241361721306905,-1.6693097349801258,-23.891629630147065,-25.64425774898573,-1.7526281188386577,358.24737188116137,118.24737188116137
260519_2dsweep,sim,f_mean,sim,S12,offset_nan,07_3_TDS-body_Novel-2Dsweep-260516_26.s2p,07_3_TDS-body_Novel-2Dsweep-260516_27.s2p,,,2.8672804543714,2.86728,2.86728,-1.6693097349801258,-1.8180185014933106,-25.64425774898573,-27.27551662828278,-1.631258879297036,358.36874112070296,118.36874112070296
260519_2dsweep,sim,f_mean,sim,S12,offset_nan,07_3_TDS-body_Novel-2Dsweep-260516_27.s2p,07_3_TDS-body_Novel-2Dsweep-260516_28.s2p,,,2.8672804543714,2.86728,2.86728,-1.8180185014933106,-1.95260463257541,-27.27551662828278,-28.726656557392683,-1.4511399291098996,358.5488600708901,118.5488600708901
260519_2dsweep,sim,f_mean,sim,S12,offset_nan,07_3_TDS-body_Novel-2Dsweep-260516_28.s2p,07_3_TDS-body_Novel-2Dsweep-260516_29.s2p,,,2.8672804543714,2.86728,2.86728,-1.95260463257541,-2.090615926537632,-28.726656557392683,-30.0269996015591,-1.300343044166425,358.6996569558336,118.69965695583358
260519_2dsweep,sim,f_mean,sim,S12,offset_nan,07_3_TDS-body_Novel-2Dsweep-260516_29.s2p,07_3_TDS-body_Novel-2Dsweep-260516_3.s2p,,,2.8672804543714,2.86728,2.86728,-2.090615926537632,-0.006785934999859872,-30.0269996015591,19.560339425614572,49.58733902717367,49.58733902717367,-190.41266097282633
260519_2dsweep,sim,f_mean,sim,S12,offset_nan,07_3_TDS-body_Novel-2Dsweep-260516_3.s2p,07_3_TDS-body_Novel-2Dsweep-260516_30.s2p,,,2.8672804543714,2.86728,2.86728,-0.006785934999859872,-2.2740693743805425,19.560339425614572,-31.918479686283256,-51.47881911189782,308.5211808881022,68.52118088810221
260519_2dsweep,sim,f_mean,sim,S12,offset_nan,07_3_TDS-body_Novel-2Dsweep-260516_30.s2p,07_3_TDS-body_Novel-2Dsweep-260516_31.s2p,,,2.8672804543714,2.86728,2.86728,-2.2740693743805425,-2.4209824534997475,-31.918479686283256,-33.327459638632526,-1.4089799523492843,358.5910200476507,118.59102004765072
260519_2dsweep,sim,f_mean,sim,S12,offset_nan,07_3_TDS-body_Novel-2Dsweep-260516_31.s2p,07_3_TDS-body_Novel-2Dsweep-260516_32.s2p,,,2.8672804543714,2.86728,2.86728,-2.4209824534997475,-2.5790151423560514,-33.327459638632526,-34.70109792332742,-1.3736382846948914,358.6263617153051,118.62636171530511
260519_2dsweep,sim,f_mean,sim,S12,offset_nan,07_3_TDS-body_Novel-2Dsweep-260516_32.s2p,07_3_TDS-body_Novel-2Dsweep-260516_33.s2p,,,2.8672804543714,2.86728,2.86728,-2.5790151423560514,-2.734823428132257,-34.70109792332742,-36.07227950478083,-1.3711815814534134,358.6288184185466,118.62881841854659
260519_2dsweep,sim,f_mean,sim,S12,offset_nan,07_3_TDS-body_Novel-2Dsweep-260516_33.s2p,07_3_TDS-body_Novel-2Dsweep-260516_34.s2p,,,2.8672804543714,2.86728,2.86728,-2.734823428132257,-2.9427445038115603,-36.07227950478083,-37.76282605676938,-1.6905465519885468,358.3094534480115,118.30945344801148
260519_2dsweep,sim,f_mean,sim,S12,offset_nan,07_3_TDS-body_Novel-2Dsweep-260516_34.s2p,07_3_TDS-body_Novel-2Dsweep-260516_35.s2p,,,2.8672804543714,2.86728,2.86728,-2.9427445038115603,-3.07827971065993,-37.76282605676938,-38.89913190020233,-1.1363058434329503,358.863694156567,118.86369415656702
260519_2dsweep,sim,f_mean,sim,S12,offset_nan,07_3_TDS-body_Novel-2Dsweep-260516_35.s2p,07_3_TDS-body_Novel-2Dsweep-260516_36.s2p,,,2.8672804543714,2.86728,2.86728,-3.07827971065993,-3.2364408104838027,-38.89913190020233,-40.019481239594406,-1.120349339392078,358.8796506606079,118.87965066060792
260519_2dsweep,sim,f_mean,sim,S12,offset_nan,07_3_TDS-body_Novel-2Dsweep-260516_36.s2p,07_3_TDS-body_Novel-2Dsweep-260516_37.s2p,,,2.8672804543714,2.86728,2.86728,-3.2364408104838027,-3.3968008405950108,-40.019481239594406,-41.300110448397675,-1.2806292088032762,358.71937079119675,118.71937079119675
260519_2dsweep,sim,f_mean,sim,S12,offset_nan,07_3_TDS-body_Novel-2Dsweep-260516_37.s2p,07_3_TDS-body_Novel-2Dsweep-260516_38.s2p,,,2.8672804543714,2.86728,2.86728,-3.3968008405950108,-3.5796805870364548,-41.300110448397675,-42.63585876011956,-1.3357483117218862,358.6642516882781,118.66425168827811
260519_2dsweep,sim,f_mean,sim,S12,offset_nan,07_3_TDS-body_Novel-2Dsweep-260516_38.s2p,07_3_TDS-body_Novel-2Dsweep-260516_39.s2p,,,2.8672804543714,2.86728,2.86728,-3.5796805870364548,-3.709291900724714,-42.63585876011956,-43.539363438926394,-0.9035046788068257,359.0964953211932,119.09649532119317
260519_2dsweep,sim,f_mean,sim,S12,offset_nan,07_3_TDS-body_Novel-2Dsweep-260516_39.s2p,07_3_TDS-body_Novel-2Dsweep-260516_4.s2p,,,2.8672804543714,2.86728,2.86728,-3.709291900724714,-0.001208745954103873,-43.539363438926394,17.442844523471713,60.98220796239809,60.98220796239809,-179.0177920376019
260519_2dsweep,sim,f_mean,sim,S12,offset_nan,07_3_TDS-body_Novel-2Dsweep-260516_4.s2p,07_3_TDS-body_Novel-2Dsweep-260516_40.s2p,,,2.8672804543714,2.86728,2.86728,-0.001208745954103873,-3.8541612036889097,17.442844523471713,-44.672064143149,-62.11490866662072,297.88509133337925,57.88509133337925
260519_2dsweep,sim,f_mean,sim,S12,offset_nan,07_3_TDS-body_Novel-2Dsweep-260516_40.s2p,07_3_TDS-body_Novel-2Dsweep-260516_41.s2p,,,2.8672804543714,2.86728,2.86728,-3.8541612036889097,-4.023130492544497,-44.672064143149,-45.93600840127364,-1.2639442581246385,358.73605574187536,118.73605574187536
260519_2dsweep,sim,f_mean,sim,S12,offset_nan,07_3_TDS-body_Novel-2Dsweep-260516_41.s2p,07_3_TDS-body_Novel-2Dsweep-260516_42.s2p,,,2.8672804543714,2.86728,2.86728,-4.023130492544497,-0.053882206087621794,-45.93600840127364,23.619748247975092,69.55575664924874,69.55575664924874,-170.44424335075126
260519_2dsweep,sim,f_mean,sim,S12,offset_nan,07_3_TDS-body_Novel-2Dsweep-260516_42.s2p,07_3_TDS-body_Novel-2Dsweep-260516_43.s2p,,,2.8672804543714,2.86728,2.86728,-0.053882206087621794,-0.024313471681691023,23.619748247975092,21.71456583911747,-1.9051824088576268,358.0948175911424,118.09481759114237
260519_2dsweep,sim,f_mean,sim,S12,offset_nan,07_3_TDS-body_Novel-2Dsweep-260516_43.s2p,07_3_TDS-body_Novel-2Dsweep-260516_44.s2p,,,2.8672804543714,2.86728,2.86728,-0.024313471681691023,-0.016603541391240668,21.71456583911747,19.815101586780848,-1.899464252336628,358.10053574766334,118.10053574766334
260519_2dsweep,sim,f_mean,sim,S12,offset_nan,07_3_TDS-body_Novel-2Dsweep-260516_44.s2p,07_3_TDS-body_Novel-2Dsweep-260516_45.s2p,,,2.8672804543714,2.86728,2.86728,-0.016603541391240668,-0.005208475995584451,19.815101586780848,17.623409635438318,-2.191691951342534,357.80830804865747,117.80830804865747
260519_2dsweep,sim,f_mean,sim,S12,offset_nan,07_3_TDS-body_Novel-2Dsweep-260516_45.s2p,07_3_TDS-body_Novel-2Dsweep-260516_46.s2p,,,2.8672804543714,2.86728,2.86728,-0.005208475995584451,-0.0009987111507208171,17.623409635438318,15.663363573385775,-1.9600460620525553,358.0399539379474,118.03995393794742
260519_2dsweep,sim,f_mean,sim,S12,offset_nan,07_3_TDS-body_Novel-2Dsweep-260516_46.s2p,07_3_TDS-body_Novel-2Dsweep-260516_47.s2p,,,2.8672804543714,2.86728,2.86728,-0.0009987111507208171,-0.0009234436264438251,15.663363573385775,13.900815985822845,-1.7625475875629206,358.23745241243705,118.23745241243705
260519_2dsweep,sim,f_mean,sim,S12,offset_nan,07_3_TDS-body_Novel-2Dsweep-260516_47.s2p,07_3_TDS-body_Novel-2Dsweep-260516_48.s2p,,,2.8672804543714,2.86728,2.86728,-0.0009234436264438251,-0.006400487072379496,13.900815985822845,11.68803492582984,-2.212781059993006,357.787218940007,117.787218940007
260519_2dsweep,sim,f_mean,sim,S12,offset_nan,07_3_TDS-body_Novel-2Dsweep-260516_48.s2p,07_3_TDS-body_Novel-2Dsweep-260516_49.s2p,,,2.8672804543714,2.86728,2.86728,-0.006400487072379496,-0.02791960730441185,11.68803492582984,9.40864003764877,-2.2793948881810593,357.72060511181894,117.72060511181894
260519_2dsweep,sim,f_mean,sim,S12,offset_nan,07_3_TDS-body_Novel-2Dsweep-260516_49.s2p,07_3_TDS-body_Novel-2Dsweep-260516_5.s2p,,,2.8672804543714,2.86728,2.86728,-0.02791960730441185,-0.0019961974185244416,9.40864003764877,15.305039297539151,5.896399259890387,5.896399259890387,-234.1036007401096
260519_2dsweep,sim,f_mean,sim,S12,offset_nan,07_3_TDS-body_Novel-2Dsweep-260516_5.s2p,07_3_TDS-body_Novel-2Dsweep-260516_50.s2p,,,2.8672804543714,2.86728,2.86728,-0.0019961974185244416,-0.03190562966398517,15.305039297539151,7.751694393840736,-7.553344903698417,352.4466550963016,112.44665509630158
260519_2dsweep,sim,f_mean,sim,S12,offset_nan,07_3_TDS-body_Novel-2Dsweep-260516_50.s2p,07_3_TDS-body_Novel-2Dsweep-260516_51.s2p,,,2.8672804543714,2.86728,2.86728,-0.03190562966398517,-0.07163785951741186,7.751694393840736,5.712148947948352,-2.0395454458923723,357.9604545541076,117.96045455410763
260519_2dsweep,sim,f_mean,sim,S12,offset_nan,07_3_TDS-body_Novel-2Dsweep-260516_51.s2p,07_3_TDS-body_Novel-2Dsweep-260516_52.s2p,,,2.8672804543714,2.86728,2.86728,-0.07163785951741186,-0.11337529331429921,5.712148947948352,3.498452471252255,-2.2136964766961,357.7863035233039,117.7863035233039
260519_2dsweep,sim,f_mean,sim,S12,offset_nan,07_3_TDS-body_Novel-2Dsweep-260516_52.s2p,07_3_TDS-body_Novel-2Dsweep-260516_53.s2p,,,2.8672804543714,2.86728,2.86728,-0.11337529331429921,-0.15268900236338767,3.498452471252255,1.3618202369194126,-2.1366322343328363,357.86336776566714,117.86336776566714
260519_2dsweep,sim,f_mean,sim,S12,offset_nan,07_3_TDS-body_Novel-2Dsweep-260516_53.s2p,07_3_TDS-body_Novel-2Dsweep-260516_54.s2p,,,2.8672804543714,2.86728,2.86728,-0.15268900236338767,-0.21242349561778906,1.3618202369194126,-0.6234664719302075,-1.9852867088496282,358.0147132911504,118.01471329115037
260519_2dsweep,sim,f_mean,sim,S12,offset_nan,07_3_TDS-body_Novel-2Dsweep-260516_54.s2p,07_3_TDS-body_Novel-2Dsweep-260516_55.s2p,,,2.8672804543714,2.86728,2.86728,-0.21242349561778906,-0.2785291924897152,-0.6234664719302075,-2.7196842110876442,-2.0962177391574244,357.9037822608426,117.9037822608426
260519_2dsweep,sim,f_mean,sim,S12,offset_nan,07_3_TDS-body_Novel-2Dsweep-260516_55.s2p,07_3_TDS-body_Novel-2Dsweep-260516_56.s2p,,,2.8672804543714,2.86728,2.86728,-0.2785291924897152,-0.3534414204502411,-2.7196842110876442,-4.730526870831813,-2.0108426597441564,357.9891573402558,117.98915734025582
260519_2dsweep,sim,f_mean,sim,S12,offset_nan,07_3_TDS-body_Novel-2Dsweep-260516_56.s2p,07_3_TDS-body_Novel-2Dsweep-260516_57.s2p,,,2.8672804543714,2.86728,2.86728,-0.3534414204502411,-0.42477678957508147,-4.730526870831813,-6.638148154803163,-1.9076212839713378,358.09237871602863,118.09237871602863
260519_2dsweep,sim,f_mean,sim,S12,offset_nan,07_3_TDS-body_Novel-2Dsweep-260516_57.s2p,07_3_TDS-body_Novel-2Dsweep-260516_58.s2p,,,2.8672804543714,2.86728,2.86728,-0.42477678957508147,-0.5194579680808764,-6.638148154803163,-8.875443799900454,-2.2372956450972765,357.7627043549027,117.76270435490272
260519_2dsweep,sim,f_mean,sim,S12,offset_nan,07_3_TDS-body_Novel-2Dsweep-260516_58.s2p,07_3_TDS-body_Novel-2Dsweep-260516_59.s2p,,,2.8672804543714,2.86728,2.86728,-0.5194579680808764,-0.6232003567713109,-8.875443799900454,-10.767596722043704,-1.8921529221432536,358.1078470778567,118.10784707785672
260519_2dsweep,sim,f_mean,sim,S12,offset_nan,07_3_TDS-body_Novel-2Dsweep-260516_59.s2p,07_3_TDS-body_Novel-2Dsweep-260516_6.s2p,,,2.8672804543714,2.86728,2.86728,-0.6232003567713109,-0.0045826729669801,-10.767596722043704,13.217491974547968,23.985088696591674,23.985088696591674,-216.01491130340833
260519_2dsweep,sim,f_mean,sim,S12,offset_nan,07_3_TDS-body_Novel-2Dsweep-260516_6.s2p,07_3_TDS-body_Novel-2Dsweep-260516_60.s2p,,,2.8672804543714,2.86728,2.86728,-0.0045826729669801,-0.7112005681443061,13.217491974547968,-12.695946411599442,-25.91343838614742,334.0865616138526,94.08656161385261
260519_2dsweep,sim,f_mean,sim,S12,offset_nan,07_3_TDS-body_Novel-2Dsweep-260516_60.s2p,07_3_TDS-body_Novel-2Dsweep-260516_61.s2p,,,2.8672804543714,2.86728,2.86728,-0.7112005681443061,-0.8026846394898207,-12.695946411599442,-14.489534314317591,-1.7935879027181443,358.2064120972818,118.20641209728183
260519_2dsweep,sim,f_mean,sim,S12,offset_nan,07_3_TDS-body_Novel-2Dsweep-260516_61.s2p,07_3_TDS-body_Novel-2Dsweep-260516_62.s2p,,,2.8672804543714,2.86728,2.86728,-0.8026846394898207,-0.9268522379316756,-14.489534314317591,-16.479910740277823,-1.9903764259602212,358.0096235740398,118.00962357403978
260519_2dsweep,sim,f_mean,sim,S12,offset_nan,07_3_TDS-body_Novel-2Dsweep-260516_62.s2p,07_3_TDS-body_Novel-2Dsweep-260516_63.s2p,,,2.8672804543714,2.86728,2.86728,-0.9268522379316756,-1.04250273510385,-16.479910740277823,-18.577334535717053,-2.0974237954392265,357.9025762045608,117.90257620456077
260519_2dsweep,sim,f_mean,sim,S12,offset_nan,07_3_TDS-body_Novel-2Dsweep-260516_63.s2p,07_3_TDS-body_Novel-2Dsweep-260516_64.s2p,,,2.8672804543714,2.86728,2.86728,-1.04250273510385,-1.1844654794413638,-18.577334535717053,-20.197244380871393,-1.619909845154325,358.3800901548457,118.38009015484567
260519_2dsweep,sim,f_mean,sim,S12,offset_nan,07_3_TDS-body_Novel-2Dsweep-260516_64.s2p,07_3_TDS-body_Novel-2Dsweep-260516_65.s2p,,,2.8672804543714,2.86728,2.86728,-1.1844654794413638,-1.312443603778105,-20.197244380871393,-21.969838787719297,-1.772594406847901,358.22740559315207,118.22740559315207
260519_2dsweep,sim,f_mean,sim,S12,offset_nan,07_3_TDS-body_Novel-2Dsweep-260516_65.s2p,07_3_TDS-body_Novel-2Dsweep-260516_66.s2p,,,2.8672804543714,2.86728,2.86728,-1.312443603778105,-1.4359136373254184,-21.969838787719297,-23.611649141412332,-1.641810353693046,358.358189646307,118.35818964630698
260519_2dsweep,sim,f_mean,sim,S12,offset_nan,07_3_TDS-body_Novel-2Dsweep-260516_66.s2p,07_3_TDS-body_Novel-2Dsweep-260516_67.s2p,,,2.8672804543714,2.86728,2.86728,-1.4359136373254184,-1.6001489368587714,-23.611649141412332,-25.513398801340422,-1.9017496599281003,358.0982503400719,118.0982503400719
260519_2dsweep,sim,f_mean,sim,S12,offset_nan,07_3_TDS-body_Novel-2Dsweep-260516_67.s2p,07_3_TDS-body_Novel-2Dsweep-260516_68.s2p,,,2.8672804543714,2.86728,2.86728,-1.6001489368587714,-1.7152743957152838,-25.513398801340422,-26.965238660068483,-1.45183985872805,358.548160141272,118.54816014127198
260519_2dsweep,sim,f_mean,sim,S12,offset_nan,07_3_TDS-body_Novel-2Dsweep-260516_68.s2p,07_3_TDS-body_Novel-2Dsweep-260516_69.s2p,,,2.8672804543714,2.86728,2.86728,-1.7152743957152838,-1.8838586468661607,-26.965238660068483,-28.719715717982613,-1.75447705791413,358.24552294208587,118.24552294208587
260519_2dsweep,sim,f_mean,sim,S12,offset_nan,07_3_TDS-body_Novel-2Dsweep-260516_69.s2p,07_3_TDS-body_Novel-2Dsweep-260516_7.s2p,,,2.8672804543714,2.86728,2.86728,-1.8838586468661607,-0.028342320221022874,-28.719715717982613,11.288730285531718,40.00844600351434,40.00844600351434,-199.99155399648566
260519_2dsweep,sim,f_mean,sim,S12,offset_nan,07_3_TDS-body_Novel-2Dsweep-260516_7.s2p,07_3_TDS-body_Novel-2Dsweep-260516_70.s2p,,,2.8672804543714,2.86728,2.86728,-0.028342320221022874,-2.003832674945989,11.288730285531718,-30.19502782759275,-41.48375811312445,318.51624188687555,78.51624188687555
260519_2dsweep,sim,f_mean,sim,S12,offset_nan,07_3_TDS-body_Novel-2Dsweep-260516_70.s2p,07_3_TDS-body_Novel-2Dsweep-260516_71.s2p,,,2.8672804543714,2.86728,2.86728,-2.003832674945989,-2.1692417991436965,-30.19502782759275,-31.73102598618326,-1.5359981585905018,358.4640018414095,118.46400184140953
260519_2dsweep,sim,f_mean,sim,S12,offset_nan,07_3_TDS-body_Novel-2Dsweep-260516_71.s2p,07_3_TDS-body_Novel-2Dsweep-260516_72.s2p,,,2.8672804543714,2.86728,2.86728,-2.1692417991436965,-2.3109993179338018,-31.73102598618326,-33.072814772870544,-1.3417887866872888,358.6582112133127,118.65821121331271
260519_2dsweep,sim,f_mean,sim,S12,offset_nan,07_3_TDS-body_Novel-2Dsweep-260516_72.s2p,07_3_TDS-body_Novel-2Dsweep-260516_73.s2p,,,2.8672804543714,2.86728,2.86728,-2.3109993179338018,-2.4930232941331143,-33.072814772870544,-34.74402677025169,-1.6712119973811355,358.32878800261886,118.32878800261886
260519_2dsweep,sim,f_mean,sim,S12,offset_nan,07_3_TDS-body_Novel-2Dsweep-260516_73.s2p,07_3_TDS-body_Novel-2Dsweep-260516_74.s2p,,,2.8672804543714,2.86728,2.86728,-2.4930232941331143,-2.6646147098449857,-34.74402677025169,-35.95203937658793,-1.20801260633624,358.79198739366376,118.79198739366376
260519_2dsweep,sim,f_mean,sim,S12,offset_nan,07_3_TDS-body_Novel-2Dsweep-260516_74.s2p,07_3_TDS-body_Novel-2Dsweep-260516_75.s2p,,,2.8672804543714,2.86728,2.86728,-2.6646147098449857,-2.830843698617764,-35.95203937658793,-37.51898393380136,-1.566944557213418,358.43305544278655,118.43305544278655
260519_2dsweep,sim,f_mean,sim,S12,offset_nan,07_3_TDS-body_Novel-2Dsweep-260516_75.s2p,07_3_TDS-body_Novel-2Dsweep-260516_76.s2p,,,2.8672804543714,2.86728,2.86728,-2.830843698617764,-2.9626678722815813,-37.51898393380136,-38.66819923616648,-1.1492153023651213,358.8507846976349,118.85078469763488
260519_2dsweep,sim,f_mean,sim,S12,offset_nan,07_3_TDS-body_Novel-2Dsweep-260516_76.s2p,07_3_TDS-body_Novel-2Dsweep-260516_77.s2p,,,2.8672804543714,2.86728,2.86728,-2.9626678722815813,-3.1424453800648724,-38.66819923616648,-40.06402362628682,-1.3958243901203389,358.6041756098797,118.60417560987969
260519_2dsweep,sim,f_mean,sim,S12,offset_nan,07_3_TDS-body_Novel-2Dsweep-260516_77.s2p,07_3_TDS-body_Novel-2Dsweep-260516_78.s2p,,,2.8672804543714,2.86728,2.86728,-3.1424453800648724,-3.284014102044142,-40.06402362628682,-41.30770115976822,-1.2436775334813888,358.7563224665186,118.75632246651861
260519_2dsweep,sim,f_mean,sim,S12,offset_nan,07_3_TDS-body_Novel-2Dsweep-260516_78.s2p,07_3_TDS-body_Novel-2Dsweep-260516_79.s2p,,,2.8672804543714,2.86728,2.86728,-3.284014102044142,-3.4539771693492045,-41.30770115976822,-42.37407507031964,-1.0663739105514196,358.9336260894486,118.93362608944858
260519_2dsweep,sim,f_mean,sim,S12,offset_nan,07_3_TDS-body_Novel-2Dsweep-260516_79.s2p,07_3_TDS-body_Novel-2Dsweep-260516_8.s2p,,,2.8672804543714,2.86728,2.86728,-3.4539771693492045,-0.048851184237081936,-42.37407507031964,8.924609113749144,51.298684184068776,51.298684184068776,-188.70131581593122
260519_2dsweep,sim,f_mean,sim,S12,offset_nan,07_3_TDS-body_Novel-2Dsweep-260516_8.s2p,07_3_TDS-body_Novel-2Dsweep-260516_80.s2p,,,2.8672804543714,2.86728,2.86728,-0.048851184237081936,-3.6258928567022197,8.924609113749144,-43.518689020471996,-52.44329813422114,307.55670186577885,67.55670186577885
260519_2dsweep,sim,f_mean,sim,S12,offset_nan,07_3_TDS-body_Novel-2Dsweep-260516_80.s2p,07_3_TDS-body_Novel-2Dsweep-260516_81.s2p,,,2.8672804543714,2.86728,2.86728,-3.6258928567022197,-3.7854102935992935,-43.518689020471996,-44.71503602685766,-1.196347006385679,358.8036529936143,118.80365299361432
260519_2dsweep,sim,f_mean,sim,S12,offset_nan,07_3_TDS-body_Novel-2Dsweep-260516_81.s2p,07_3_TDS-body_Novel-2Dsweep-260516_82.s2p,,,2.8672804543714,2.86728,2.86728,-3.7854102935992935,-3.954870696100567,-44.71503602685766,-45.765629367953125,-1.050593341095464,358.94940665890454,118.94940665890454
260519_2dsweep,sim,f_mean,sim,S12,offset_nan,07_3_TDS-body_Novel-2Dsweep-260516_82.s2p,07_3_TDS-body_Novel-2Dsweep-260516_83.s2p,,,2.8672804543714,2.86728,2.86728,-3.954870696100567,-0.10775535992090088,-45.765629367953125,25.352074264949998,71.11770363290313,71.11770363290313,-168.88229636709687
260519_2dsweep,sim,f_mean,sim,S12,offset_nan,07_3_TDS-body_Novel-2Dsweep-260516_83.s2p,07_3_TDS-body_Novel-2Dsweep-260516_84.s2p,,,2.8672804543714,2.86728,2.86728,-0.10775535992090088,-0.09790036623920854,25.352074264949998,24.62636643639624,-0.7257078285537659,359.27429217144623,119.27429217144623
260519_2dsweep,sim,f_mean,sim,S12,offset_nan,07_3_TDS-body_Novel-2Dsweep-260516_84.s2p,07_3_TDS-body_Novel-2Dsweep-260516_85.s2p,,,2.8672804543714,2.86728,2.86728,-0.09790036623920854,-0.06727608010330002,24.62636643639624,22.762085678392356,-1.864280758003872,358.1357192419961,118.13571924199613
260519_2dsweep,sim,f_mean,sim,S12,offset_nan,07_3_TDS-body_Novel-2Dsweep-260516_85.s2p,07_3_TDS-body_Novel-2Dsweep-260516_86.s2p,,,2.8672804543714,2.86728,2.86728,-0.06727608010330002,-0.0370009972692334,22.762085678392356,20.873809324705217,-1.8882763536871323,358.11172364631284,118.11172364631284
260519_2dsweep,sim,f_mean,sim,S12,offset_nan,07_3_TDS-body_Novel-2Dsweep-260516_86.s2p,07_3_TDS-body_Novel-2Dsweep-260516_87.s2p,,,2.8672804543714,2.86728,2.86728,-0.0370009972692334,-0.016387228078612752,20.873809324705217,18.84088852945789,-2.032920795247321,357.9670792047527,117.96707920475268
260519_2dsweep,sim,f_mean,sim,S12,offset_nan,07_3_TDS-body_Novel-2Dsweep-260516_87.s2p,07_3_TDS-body_Novel-2Dsweep-260516_88.s2p,,,2.8672804543714,2.86728,2.86728,-0.016387228078612752,-0.010055117601124909,18.84088852945789,16.914580380833662,-1.92630814862423,358.07369185137577,118.07369185137577
260519_2dsweep,sim,f_mean,sim,S12,offset_nan,07_3_TDS-body_Novel-2Dsweep-260516_88.s2p,07_3_TDS-body_Novel-2Dsweep-260516_89.s2p,,,2.8672804543714,2.86728,2.86728,-0.010055117601124909,-0.004305545638895239,16.914580380833662,14.89526431333722,-2.0193160674964474,357.98068393250355,117.98068393250355
260519_2dsweep,sim,f_mean,sim,S12,offset_nan,07_3_TDS-body_Novel-2Dsweep-260516_89.s2p,07_3_TDS-body_Novel-2Dsweep-260516_9.s2p,,,2.8672804543714,2.86728,2.86728,-0.004305545638895239,-0.1413260426270332,14.89526431333722,6.979796985396003,-7.915467327941229,352.0845326720588,112.0845326720588
260519_2dsweep,sim,f_mean,sim,S12,offset_nan,07_3_TDS-body_Novel-2Dsweep-260516_9.s2p,07_3_TDS-body_Novel-2Dsweep-260516_90.s2p,,,2.8672804543714,2.86728,2.86728,-0.1413260426270332,0.0014303361027095574,6.979796985396003,12.959890106851601,5.98009312145561,5.98009312145561,-234.0199068785444
260519_2dsweep,sim,f_mean,sim,S12,offset_nan,07_3_TDS-body_Novel-2Dsweep-260516_90.s2p,07_3_TDS-body_Novel-2Dsweep-260516_91.s2p,,,2.8672804543714,2.86728,2.86728,0.0014303361027095574,-0.004427736786256014,12.959890106851601,10.95576005311585,-2.0041300537357642,357.99586994626424,117.99586994626424
260519_2dsweep,sim,f_mean,sim,S12,offset_nan,07_3_TDS-body_Novel-2Dsweep-260516_91.s2p,07_3_TDS-body_Novel-2Dsweep-260516_92.s2p,,,2.8672804543714,2.86728,2.86728,-0.004427736786256014,-0.02172772103672529,10.95576005311585,8.879722944798571,-2.07603710831728,357.9239628916827,117.92396289168272
260519_2dsweep,sim,f_mean,sim,S12,offset_nan,07_3_TDS-body_Novel-2Dsweep-260516_92.s2p,07_3_TDS-body_Novel-2Dsweep-260516_93.s2p,,,2.8672804543714,2.86728,2.86728,-0.02172772103672529,-0.03537311489482444,8.879722944798571,7.1199802516025255,-1.7597426931960456,358.240257306804,118.24025730680398
260519_2dsweep,sim,f_mean,sim,S12,offset_nan,07_3_TDS-body_Novel-2Dsweep-260516_93.s2p,07_3_TDS-body_Novel-2Dsweep-260516_94.s2p,,,2.8672804543714,2.86728,2.86728,-0.03537311489482444,-0.07375618835500594,7.1199802516025255,4.840769709112331,-2.2792105424902047,357.7207894575098,117.7207894575098
260519_2dsweep,sim,f_mean,sim,S12,offset_nan,07_3_TDS-body_Novel-2Dsweep-260516_94.s2p,07_3_TDS-body_Novel-2Dsweep-260516_95.s2p,,,2.8672804543714,2.86728,2.86728,-0.07375618835500594,-0.10568602430985913,4.840769709112331,2.674813990112902,-2.1659557189994416,357.83404428100056,117.83404428100056
260519_2dsweep,sim,f_mean,sim,S12,offset_nan,07_3_TDS-body_Novel-2Dsweep-260516_95.s2p,07_3_TDS-body_Novel-2Dsweep-260516_96.s2p,,,2.8672804543714,2.86728,2.86728,-0.10568602430985913,-0.14951502892647514,2.674813990112902,0.7218143655413726,-1.9529996245715324,358.04700037542847,118.04700037542847
260519_2dsweep,sim,f_mean,sim,S12,offset_nan,07_3_TDS-body_Novel-2Dsweep-260516_96.s2p,07_3_TDS-body_Novel-2Dsweep-260516_97.s2p,,,2.8672804543714,2.86728,2.86728,-0.14951502892647514,-0.20309969188499322,0.7218143655413726,-1.2965187620178948,-2.0183331275592593,357.98166687244077,117.98166687244077
260519_2dsweep,sim,f_mean,sim,S12,offset_nan,07_3_TDS-body_Novel-2Dsweep-260516_97.s2p,07_3_TDS-body_Novel-2Dsweep-260516_98.s2p,,,2.8672804543714,2.86728,2.86728,-0.20309969188499322,-0.31888116825101054,-1.2965187620178948,-3.4433074968206805,-2.146788734802783,357.8532112651972,117.85321126519722
260519_2dsweep,sim,f_mean,sim,S12,offset_nan,07_3_TDS-body_Novel-2Dsweep-260516_98.s2p,07_3_TDS-body_Novel-2Dsweep-260516_99.s2p,,,2.8672804543714,2.86728,2.86728,-0.31888116825101054,-0.3241891597032135,-3.4433074968206805,-5.348761258225497,-1.9054537614048286,358.09454623859517,118.09454623859517
260519_2dsweep,sim,f_mean,sim,S21,offset_nan,07_3_TDS-body_Novel-2Dsweep-260516_1.s2p,07_3_TDS-body_Novel-2Dsweep-260516_10.s2p,,,2.8672804543714,2.86728,2.86728,-0.02918163937014365,-0.11068196376656256,23.25392197178633,4.948036768309125,-18.305885203477203,341.6941147965228,101.6941147965228
260519_2dsweep,sim,f_mean,sim,S21,offset_nan,07_3_TDS-body_Novel-2Dsweep-260516_10.s2p,07_3_TDS-body_Novel-2Dsweep-260516_100.s2p,,,2.8672804543714,2.86728,2.86728,-0.11068196376656256,-0.3969626849439401,4.948036768309125,-7.2707464995334945,-12.21878326784261,347.7812167321574,107.78121673215742
260519_2dsweep,sim,f_mean,sim,S21,offset_nan,07_3_TDS-body_Novel-2Dsweep-260516_100.s2p,07_3_TDS-body_Novel-2Dsweep-260516_101.s2p,,,2.8672804543714,2.86728,2.86728,-0.3969626849439401,-0.49364480027507546,-7.2707464995334945,-9.279924788907744,-2.009178289374262,357.9908217106257,117.99082171062571
260519_2dsweep,sim,f_mean,sim,S21,offset_nan,07_3_TDS-body_Novel-2Dsweep-260516_101.s2p,07_3_TDS-body_Novel-2Dsweep-260516_103.s2p,,,2.8672804543714,2.86728,2.86728,-0.49364480027507546,-0.555068747151009,-9.279924788907744,29.076073171965916,38.35599796087365,38.35599796087365,-201.64400203912635
260519_2dsweep,sim,f_mean,sim,S21,offset_nan,07_3_TDS-body_Novel-2Dsweep-260516_103.s2p,07_3_TDS-body_Novel-2Dsweep-260516_104.s2p,,,2.8672804543714,2.86728,2.86728,-0.555068747151009,-0.032413258621169824,29.076073171965916,10.743808824203082,-18.332264347762845,341.6677356522372,101.66773565223718
260519_2dsweep,sim,f_mean,sim,S21,offset_nan,07_3_TDS-body_Novel-2Dsweep-260516_104.s2p,07_3_TDS-body_Novel-2Dsweep-260516_105.s2p,,,2.8672804543714,2.86728,2.86728,-0.032413258621169824,-0.150272246571437,10.743808824203082,-9.658184946435759,-20.401993770638853,339.59800622936115,99.59800622936115
260519_2dsweep,sim,f_mean,sim,S21,offset_nan,07_3_TDS-body_Novel-2Dsweep-260516_105.s2p,07_3_TDS-body_Novel-2Dsweep-260516_106.s2p,,,2.8672804543714,2.86728,2.86728,-0.150272246571437,-1.2482340740278903,-9.658184946435759,-28.32434527558598,-18.666160329150216,341.3338396708498,101.33383967084978
260519_2dsweep,sim,f_mean,sim,S21,offset_nan,07_3_TDS-body_Novel-2Dsweep-260516_106.s2p,07_3_TDS-body_Novel-2Dsweep-260516_107.s2p,,,2.8672804543714,2.86728,2.86728,-1.2482340740278903,-2.6829540025260257,-28.32434527558598,-42.49411652378413,-14.169771248198145,345.8302287518019,105.83022875180188
260519_2dsweep,sim,f_mean,sim,S21,offset_nan,07_3_TDS-body_Novel-2Dsweep-260516_107.s2p,07_3_TDS-body_Novel-2Dsweep-260516_108.s2p,,,2.8672804543714,2.86728,2.86728,-2.6829540025260257,-1.3987523884551656,-42.49411652378413,32.10001358327871,74.59413010706282,74.59413010706282,-165.40586989293718
260519_2dsweep,sim,f_mean,sim,S21,offset_nan,07_3_TDS-body_Novel-2Dsweep-260516_108.s2p,07_3_TDS-body_Novel-2Dsweep-260516_109.s2p,,,2.8672804543714,2.86728,2.86728,-1.3987523884551656,-0.4140455510194485,32.10001358327871,15.059058159096365,-17.040955424182357,342.95904457581764,102.95904457581764
260519_2dsweep,sim,f_mean,sim,S21,offset_nan,07_3_TDS-body_Novel-2Dsweep-260516_109.s2p,07_3_TDS-body_Novel-2Dsweep-260516_11.s2p,,,2.8672804543714,2.86728,2.86728,-0.4140455510194485,-0.15012266105025052,15.059058159096365,3.138108399989179,-11.920949759107174,348.0790502408928,108.0790502408928
260519_2dsweep,sim,f_mean,sim,S21,offset_nan,07_3_TDS-body_Novel-2Dsweep-260516_11.s2p,07_3_TDS-body_Novel-2Dsweep-260516_110.s2p,,,2.8672804543714,2.86728,2.86728,-0.15012266105025052,-0.0078931519539089,3.138108399989179,-4.80308916121306,-7.9411975612022445,352.0588024387978,112.05880243879778
260519_2dsweep,sim,f_mean,sim,S21,offset_nan,07_3_TDS-body_Novel-2Dsweep-260516_110.s2p,07_3_TDS-body_Novel-2Dsweep-260516_111.s2p,,,2.8672804543714,2.86728,2.86728,-0.0078931519539089,-0.6297851432399931,-4.80308916121306,-25.242190317864544,-20.439101156651475,339.5608988433485,99.56089884334853
260519_2dsweep,sim,f_mean,sim,S21,offset_nan,07_3_TDS-body_Novel-2Dsweep-260516_111.s2p,07_3_TDS-body_Novel-2Dsweep-260516_112.s2p,,,2.8672804543714,2.86728,2.86728,-0.6297851432399931,-1.8256310260246653,-25.242190317864544,-41.76622793963413,-16.524037621769594,343.4759623782304,103.4759623782304
260519_2dsweep,sim,f_mean,sim,S21,offset_nan,07_3_TDS-body_Novel-2Dsweep-260516_112.s2p,07_3_TDS-body_Novel-2Dsweep-260516_113.s2p,,,2.8672804543714,2.86728,2.86728,-1.8256310260246653,-2.4757408507030796,-41.76622793963413,34.32857486377053,76.09480280340466,76.09480280340466,-163.90519719659534
260519_2dsweep,sim,f_mean,sim,S21,offset_nan,07_3_TDS-body_Novel-2Dsweep-260516_113.s2p,07_3_TDS-body_Novel-2Dsweep-260516_114.s2p,,,2.8672804543714,2.86728,2.86728,-2.4757408507030796,-0.9985737735586238,34.32857486377053,19.338935776053553,-14.989639087716967,345.01036091228303,105.01036091228303
260519_2dsweep,sim,f_mean,sim,S21,offset_nan,07_3_TDS-body_Novel-2Dsweep-260516_114.s2p,07_3_TDS-body_Novel-2Dsweep-260516_115.s2p,,,2.8672804543714,2.86728,2.86728,-0.9985737735586238,0.06942281472928297,19.338935776053553,-0.5147028159266158,-19.85363859198017,340.14636140801986,100.14636140801986
260519_2dsweep,sim,f_mean,sim,S21,offset_nan,07_3_TDS-body_Novel-2Dsweep-260516_115.s2p,07_3_TDS-body_Novel-2Dsweep-260516_116.s2p,,,2.8672804543714,2.86728,2.86728,0.06942281472928297,-0.21782862237634784,-0.5147028159266158,-21.69907289229277,-21.18437007636615,338.8156299236339,98.81562992363388
260519_2dsweep,sim,f_mean,sim,S21,offset_nan,07_3_TDS-body_Novel-2Dsweep-260516_116.s2p,07_3_TDS-body_Novel-2Dsweep-260516_117.s2p,,,2.8672804543714,2.86728,2.86728,-0.21782862237634784,-1.321319057382726,-21.69907289229277,-39.64312672992244,-17.944053837629667,342.05594616237033,102.05594616237033
260519_2dsweep,sim,f_mean,sim,S21,offset_nan,07_3_TDS-body_Novel-2Dsweep-260516_117.s2p,07_3_TDS-body_Novel-2Dsweep-260516_118.s2p,,,2.8672804543714,2.86728,2.86728,-1.321319057382726,-3.481888271820251,-39.64312672992244,35.61344163676047,75.25656836668293,75.25656836668293,-164.74343163331707
260519_2dsweep,sim,f_mean,sim,S21,offset_nan,07_3_TDS-body_Novel-2Dsweep-260516_118.s2p,07_3_TDS-body_Novel-2Dsweep-260516_119.s2p,,,2.8672804543714,2.86728,2.86728,-3.481888271820251,-1.6490531924777696,35.61344163676047,21.324784436355667,-14.2886572004048,345.7113427995952,105.71134279959517
260519_2dsweep,sim,f_mean,sim,S21,offset_nan,07_3_TDS-body_Novel-2Dsweep-260516_119.s2p,07_3_TDS-body_Novel-2Dsweep-260516_12.s2p,,,2.8672804543714,2.86728,2.86728,-1.6490531924777696,-0.2052486464022318,21.324784436355667,0.8755361740655527,-20.449248262290126,339.5507517377099,99.5507517377099
260519_2dsweep,sim,f_mean,sim,S21,offset_nan,07_3_TDS-body_Novel-2Dsweep-260516_12.s2p,07_3_TDS-body_Novel-2Dsweep-260516_120.s2p,,,2.8672804543714,2.86728,2.86728,-0.2052486464022318,-0.4516903829772568,0.8755361740655527,5.453308953789717,4.577772779724171,4.577772779724171,-235.42222722027583
260519_2dsweep,sim,f_mean,sim,S21,offset_nan,07_3_TDS-body_Novel-2Dsweep-260516_120.s2p,07_3_TDS-body_Novel-2Dsweep-260516_121.s2p,,,2.8672804543714,2.86728,2.86728,-0.4516903829772568,-0.020432960260518468,5.453308953789717,-16.65392304344299,-22.107231997232702,337.8927680027673,97.8927680027673
260519_2dsweep,sim,f_mean,sim,S21,offset_nan,07_3_TDS-body_Novel-2Dsweep-260516_121.s2p,07_3_TDS-body_Novel-2Dsweep-260516_122.s2p,,,2.8672804543714,2.86728,2.86728,-0.020432960260518468,-0.7841344822158729,-16.65392304344299,-37.21597525767738,-20.5620522142344,339.4379477857656,99.43794778576557
260519_2dsweep,sim,f_mean,sim,S21,offset_nan,07_3_TDS-body_Novel-2Dsweep-260516_122.s2p,07_3_TDS-body_Novel-2Dsweep-260516_13.s2p,,,2.8672804543714,2.86728,2.86728,-0.7841344822158729,-0.278174289310931,-37.21597525767738,-0.9066886224263813,36.309286635251,36.309286635251,-203.690713364749
260519_2dsweep,sim,f_mean,sim,S21,offset_nan,07_3_TDS-body_Novel-2Dsweep-260516_13.s2p,07_3_TDS-body_Novel-2Dsweep-260516_14.s2p,,,2.8672804543714,2.86728,2.86728,-0.278174289310931,-0.32294779560021347,-0.9066886224263813,-2.9588350883349572,-2.052146465908578,357.94785353409145,117.94785353409145
260519_2dsweep,sim,f_mean,sim,S21,offset_nan,07_3_TDS-body_Novel-2Dsweep-260516_14.s2p,07_3_TDS-body_Novel-2Dsweep-260516_15.s2p,,,2.8672804543714,2.86728,2.86728,-0.32294779560021347,-0.3974745740289073,-2.9588350883349572,-5.572526442696622,-2.613691354361663,357.38630864563834,117.38630864563834
260519_2dsweep,sim,f_mean,sim,S21,offset_nan,07_3_TDS-body_Novel-2Dsweep-260516_15.s2p,07_3_TDS-body_Novel-2Dsweep-260516_16.s2p,,,2.8672804543714,2.86728,2.86728,-0.3974745740289073,-0.4989977281714842,-5.572526442696622,-6.927161946693237,-1.3546355039966045,358.64536449600337,118.64536449600337
260519_2dsweep,sim,f_mean,sim,S21,offset_nan,07_3_TDS-body_Novel-2Dsweep-260516_16.s2p,07_3_TDS-body_Novel-2Dsweep-260516_17.s2p,,,2.8672804543714,2.86728,2.86728,-0.4989977281714842,-0.57517543373846,-6.927161946693237,-9.196692407730673,-2.269530461037448,357.73046953896255,117.73046953896255
260519_2dsweep,sim,f_mean,sim,S21,offset_nan,07_3_TDS-body_Novel-2Dsweep-260516_17.s2p,07_3_TDS-body_Novel-2Dsweep-260516_18.s2p,,,2.8672804543714,2.86728,2.86728,-0.57517543373846,-0.6698671536092882,-9.196692407730673,-11.1463824947803,-1.9496900870496177,358.0503099129504,118.05030991295041
260519_2dsweep,sim,f_mean,sim,S21,offset_nan,07_3_TDS-body_Novel-2Dsweep-260516_18.s2p,07_3_TDS-body_Novel-2Dsweep-260516_19.s2p,,,2.8672804543714,2.86728,2.86728,-0.6698671536092882,-0.7879782710503401,-11.1463824947803,-13.127989052010776,-1.9816065572304637,358.01839344276954,118.01839344276954
260519_2dsweep,sim,f_mean,sim,S21,offset_nan,07_3_TDS-body_Novel-2Dsweep-260516_19.s2p,07_3_TDS-body_Novel-2Dsweep-260516_2.s2p,,,2.8672804543714,2.86728,2.86728,-0.7879782710503401,-0.018676631610244906,-13.127989052010776,21.612326749440165,34.74031580145095,34.74031580145095,-205.25968419854905
260519_2dsweep,sim,f_mean,sim,S21,offset_nan,07_3_TDS-body_Novel-2Dsweep-260516_2.s2p,07_3_TDS-body_Novel-2Dsweep-260516_20.s2p,,,2.8672804543714,2.86728,2.86728,-0.018676631610244906,-0.8855559525187939,21.612326749440165,-14.924777840958349,-36.53710459039851,323.4628954096015,83.46289540960151
260519_2dsweep,sim,f_mean,sim,S21,offset_nan,07_3_TDS-body_Novel-2Dsweep-260516_20.s2p,07_3_TDS-body_Novel-2Dsweep-260516_21.s2p,,,2.8672804543714,2.86728,2.86728,-0.8855559525187939,-1.0093573602893737,-14.924777840958349,-16.846277936871093,-1.9215000959127337,358.07849990408727,118.07849990408727
260519_2dsweep,sim,f_mean,sim,S21,offset_nan,07_3_TDS-body_Novel-2Dsweep-260516_21.s2p,07_3_TDS-body_Novel-2Dsweep-260516_22.s2p,,,2.8672804543714,2.86728,2.86728,-1.0093573602893737,-1.1327271043057388,-16.846277936871093,-18.707118270390644,-1.8608403335195476,358.13915966648045,118.13915966648045
260519_2dsweep,sim,f_mean,sim,S21,offset_nan,07_3_TDS-body_Novel-2Dsweep-260516_22.s2p,07_3_TDS-body_Novel-2Dsweep-260516_23.s2p,,,2.8672804543714,2.86728,2.86728,-1.1327271043057388,-1.2618443850736272,-18.707118270390644,-20.534030499655422,-1.8269122292647921,358.1730877707352,118.17308777073521
260519_2dsweep,sim,f_mean,sim,S21,offset_nan,07_3_TDS-body_Novel-2Dsweep-260516_23.s2p,07_3_TDS-body_Novel-2Dsweep-260516_24.s2p,,,2.8672804543714,2.86728,2.86728,-1.2618443850736272,-1.4220961827665781,-20.534030499655422,-22.430669050587476,-1.896638550932039,358.10336144906796,118.10336144906796
260519_2dsweep,sim,f_mean,sim,S21,offset_nan,07_3_TDS-body_Novel-2Dsweep-260516_24.s2p,07_3_TDS-body_Novel-2Dsweep-260516_25.s2p,,,2.8672804543714,2.86728,2.86728,-1.4220961827665781,-1.5242290311614213,-22.430669050587476,-23.89801633531229,-1.4673472847248092,358.53265271527516,118.53265271527516
260519_2dsweep,sim,f_mean,sim,S21,offset_nan,07_3_TDS-body_Novel-2Dsweep-260516_25.s2p,07_3_TDS-body_Novel-2Dsweep-260516_26.s2p,,,2.8672804543714,2.86728,2.86728,-1.5242290311614213,-1.6690955886350438,-23.89801633531229,-25.6419483163697,-1.7439319810574148,358.2560680189426,118.25606801894259
260519_2dsweep,sim,f_mean,sim,S21,offset_nan,07_3_TDS-body_Novel-2Dsweep-260516_26.s2p,07_3_TDS-body_Novel-2Dsweep-260516_27.s2p,,,2.8672804543714,2.86728,2.86728,-1.6690955886350438,-1.817213172963918,-25.6419483163697,-27.2775837828858,-1.6356354665161064,358.3643645334839,118.36436453348392
260519_2dsweep,sim,f_mean,sim,S21,offset_nan,07_3_TDS-body_Novel-2Dsweep-260516_27.s2p,07_3_TDS-body_Novel-2Dsweep-260516_28.s2p,,,2.8672804543714,2.86728,2.86728,-1.817213172963918,-1.9544280904408757,-27.2775837828858,-28.72949895073019,-1.4519151678443905,358.5480848321556,118.54808483215561
260519_2dsweep,sim,f_mean,sim,S21,offset_nan,07_3_TDS-body_Novel-2Dsweep-260516_28.s2p,07_3_TDS-body_Novel-2Dsweep-260516_29.s2p,,,2.8672804543714,2.86728,2.86728,-1.9544280904408757,-2.080911989027054,-28.72949895073019,-29.959253781535683,-1.22975483080549,358.7702451691945,118.77024516919448
260519_2dsweep,sim,f_mean,sim,S21,offset_nan,07_3_TDS-body_Novel-2Dsweep-260516_29.s2p,07_3_TDS-body_Novel-2Dsweep-260516_3.s2p,,,2.8672804543714,2.86728,2.86728,-2.080911989027054,-0.006330785207545329,-29.959253781535683,19.563360336640223,49.52261411817591,49.52261411817591,-190.4773858818241
260519_2dsweep,sim,f_mean,sim,S21,offset_nan,07_3_TDS-body_Novel-2Dsweep-260516_3.s2p,07_3_TDS-body_Novel-2Dsweep-260516_30.s2p,,,2.8672804543714,2.86728,2.86728,-0.006330785207545329,-2.2751578355459317,19.563360336640223,-31.921922767986125,-51.48528310462635,308.5147168953737,68.51471689537368
260519_2dsweep,sim,f_mean,sim,S21,offset_nan,07_3_TDS-body_Novel-2Dsweep-260516_30.s2p,07_3_TDS-body_Novel-2Dsweep-260516_31.s2p,,,2.8672804543714,2.86728,2.86728,-2.2751578355459317,-2.415105680586872,-31.921922767986125,-33.26345729356087,-1.3415345255747297,358.65846547442527,118.65846547442527
260519_2dsweep,sim,f_mean,sim,S21,offset_nan,07_3_TDS-body_Novel-2Dsweep-260516_31.s2p,07_3_TDS-body_Novel-2Dsweep-260516_32.s2p,,,2.8672804543714,2.86728,2.86728,-2.415105680586872,-2.5781523746475896,-33.26345729356087,-34.69342445685795,-1.4299671632970785,358.5700328367029,118.57003283670292
260519_2dsweep,sim,f_mean,sim,S21,offset_nan,07_3_TDS-body_Novel-2Dsweep-260516_32.s2p,07_3_TDS-body_Novel-2Dsweep-260516_33.s2p,,,2.8672804543714,2.86728,2.86728,-2.5781523746475896,-2.734777123617673,-34.69342445685795,-36.068563632564626,-1.3751391757066926,358.6248608242933,118.62486082429331
260519_2dsweep,sim,f_mean,sim,S21,offset_nan,07_3_TDS-body_Novel-2Dsweep-260516_33.s2p,07_3_TDS-body_Novel-2Dsweep-260516_34.s2p,,,2.8672804543714,2.86728,2.86728,-2.734777123617673,-2.942668940245319,-36.068563632564626,-37.76471867699295,-1.6961550444283375,358.30384495557166,118.30384495557166
260519_2dsweep,sim,f_mean,sim,S21,offset_nan,07_3_TDS-body_Novel-2Dsweep-260516_34.s2p,07_3_TDS-body_Novel-2Dsweep-260516_35.s2p,,,2.8672804543714,2.86728,2.86728,-2.942668940245319,-3.078071712625113,-37.76471867699295,-38.89359695830962,-1.1288782813166733,358.8711217186833,118.8711217186833
260519_2dsweep,sim,f_mean,sim,S21,offset_nan,07_3_TDS-body_Novel-2Dsweep-260516_35.s2p,07_3_TDS-body_Novel-2Dsweep-260516_36.s2p,,,2.8672804543714,2.86728,2.86728,-3.078071712625113,-3.2354937266710166,-38.89359695830962,-40.02587118459349,-1.1322742262838688,358.86772577371613,118.86772577371613
260519_2dsweep,sim,f_mean,sim,S21,offset_nan,07_3_TDS-body_Novel-2Dsweep-260516_36.s2p,07_3_TDS-body_Novel-2Dsweep-260516_37.s2p,,,2.8672804543714,2.86728,2.86728,-3.2354937266710166,-3.3968375676845675,-40.02587118459349,-41.29999153352093,-1.274120348927454,358.72587965107255,118.72587965107255
260519_2dsweep,sim,f_mean,sim,S21,offset_nan,07_3_TDS-body_Novel-2Dsweep-260516_37.s2p,07_3_TDS-body_Novel-2Dsweep-260516_38.s2p,,,2.8672804543714,2.86728,2.86728,-3.3968375676845675,-3.5800176082904676,-41.29999153352093,-42.621444249458726,-1.3214527159377951,358.67854728406223,118.67854728406223
260519_2dsweep,sim,f_mean,sim,S21,offset_nan,07_3_TDS-body_Novel-2Dsweep-260516_38.s2p,07_3_TDS-body_Novel-2Dsweep-260516_39.s2p,,,2.8672804543714,2.86728,2.86728,-3.5800176082904676,-3.7125076257244416,-42.621444249458726,-43.56295065124741,-0.9415064017886721,359.0584935982113,119.05849359821133
260519_2dsweep,sim,f_mean,sim,S21,offset_nan,07_3_TDS-body_Novel-2Dsweep-260516_39.s2p,07_3_TDS-body_Novel-2Dsweep-260516_4.s2p,,,2.8672804543714,2.86728,2.86728,-3.7125076257244416,-0.0011769510001198615,-43.56295065124741,17.440772086285577,61.003722737532996,61.003722737532996,-178.996277262467
260519_2dsweep,sim,f_mean,sim,S21,offset_nan,07_3_TDS-body_Novel-2Dsweep-260516_4.s2p,07_3_TDS-body_Novel-2Dsweep-260516_40.s2p,,,2.8672804543714,2.86728,2.86728,-0.0011769510001198615,-3.8541186830420635,17.440772086285577,-44.6690980580417,-62.109870144327274,297.89012985567274,57.89012985567274
260519_2dsweep,sim,f_mean,sim,S21,offset_nan,07_3_TDS-body_Novel-2Dsweep-260516_40.s2p,07_3_TDS-body_Novel-2Dsweep-260516_41.s2p,,,2.8672804543714,2.86728,2.86728,-3.8541186830420635,-4.023093897208147,-44.6690980580417,-45.93292518693978,-1.2638271288980718,358.7361728711019,118.73617287110193
260519_2dsweep,sim,f_mean,sim,S21,offset_nan,07_3_TDS-body_Novel-2Dsweep-260516_41.s2p,07_3_TDS-body_Novel-2Dsweep-260516_42.s2p,,,2.8672804543714,2.86728,2.86728,-4.023093897208147,-0.052876700139281516,-45.93292518693978,23.62244147535061,69.5553666622904,69.5553666622904,-170.4446333377096
260519_2dsweep,sim,f_mean,sim,S21,offset_nan,07_3_TDS-body_Novel-2Dsweep-260516_42.s2p,07_3_TDS-body_Novel-2Dsweep-260516_43.s2p,,,2.8672804543714,2.86728,2.86728,-0.052876700139281516,-0.024404310149342533,23.62244147535061,21.715494052873673,-1.9069474224769465,358.09305257752305,118.09305257752305
260519_2dsweep,sim,f_mean,sim,S21,offset_nan,07_3_TDS-body_Novel-2Dsweep-260516_43.s2p,07_3_TDS-body_Novel-2Dsweep-260516_44.s2p,,,2.8672804543714,2.86728,2.86728,-0.024404310149342533,-0.017433052784683843,21.715494052873673,19.815083348805466,-1.9004107040682072,358.09958929593176,118.09958929593176
260519_2dsweep,sim,f_mean,sim,S21,offset_nan,07_3_TDS-body_Novel-2Dsweep-260516_44.s2p,07_3_TDS-body_Novel-2Dsweep-260516_45.s2p,,,2.8672804543714,2.86728,2.86728,-0.017433052784683843,-0.0050869525378995995,19.815083348805466,17.62217733388699,-2.1929060149184636,357.80709398508156,117.80709398508156
260519_2dsweep,sim,f_mean,sim,S21,offset_nan,07_3_TDS-body_Novel-2Dsweep-260516_45.s2p,07_3_TDS-body_Novel-2Dsweep-260516_46.s2p,,,2.8672804543714,2.86728,2.86728,-0.0050869525378995995,-0.0010195613352018721,17.62217733388699,15.665175381667916,-1.9570019522190876,358.0429980477809,118.04299804778088
260519_2dsweep,sim,f_mean,sim,S21,offset_nan,07_3_TDS-body_Novel-2Dsweep-260516_46.s2p,07_3_TDS-body_Novel-2Dsweep-260516_47.s2p,,,2.8672804543714,2.86728,2.86728,-0.0010195613352018721,-0.0006316961636233904,15.665175381667916,13.901547961845974,-1.763627419821944,358.23637258017806,118.23637258017806
260519_2dsweep,sim,f_mean,sim,S21,offset_nan,07_3_TDS-body_Novel-2Dsweep-260516_47.s2p,07_3_TDS-body_Novel-2Dsweep-260516_48.s2p,,,2.8672804543714,2.86728,2.86728,-0.0006316961636233904,-0.007099303410189051,13.901547961845974,11.688115088748923,-2.213432873097048,357.7865671269029,117.78656712690292
260519_2dsweep,sim,f_mean,sim,S21,offset_nan,07_3_TDS-body_Novel-2Dsweep-260516_48.s2p,07_3_TDS-body_Novel-2Dsweep-260516_49.s2p,,,2.8672804543714,2.86728,2.86728,-0.007099303410189051,-0.02781023959165644,11.688115088748923,9.401818882359445,-2.2862962063894656,357.71370379361053,117.71370379361053
260519_2dsweep,sim,f_mean,sim,S21,offset_nan,07_3_TDS-body_Novel-2Dsweep-260516_49.s2p,07_3_TDS-body_Novel-2Dsweep-260516_5.s2p,,,2.8672804543714,2.86728,2.86728,-0.02781023959165644,-0.002450642190117898,9.401818882359445,15.302404823512441,5.900585941152997,5.900585941152997,-234.099414058847
260519_2dsweep,sim,f_mean,sim,S21,offset_nan,07_3_TDS-body_Novel-2Dsweep-260516_5.s2p,07_3_TDS-body_Novel-2Dsweep-260516_50.s2p,,,2.8672804543714,2.86728,2.86728,-0.002450642190117898,-0.032855952430209015,15.302404823512441,7.752673024480942,-7.549731799031491,352.4502682009685,112.45026820096848
260519_2dsweep,sim,f_mean,sim,S21,offset_nan,07_3_TDS-body_Novel-2Dsweep-260516_50.s2p,07_3_TDS-body_Novel-2Dsweep-260516_51.s2p,,,2.8672804543714,2.86728,2.86728,-0.032855952430209015,-0.07282013818384046,7.752673024480942,5.717816300653417,-2.0348567238275166,357.9651432761725,117.96514327617251
260519_2dsweep,sim,f_mean,sim,S21,offset_nan,07_3_TDS-body_Novel-2Dsweep-260516_51.s2p,07_3_TDS-body_Novel-2Dsweep-260516_52.s2p,,,2.8672804543714,2.86728,2.86728,-0.07282013818384046,-0.11277104780116823,5.717816300653417,3.4759607661334013,-2.2418555345200275,357.75814446548,117.75814446547997
260519_2dsweep,sim,f_mean,sim,S21,offset_nan,07_3_TDS-body_Novel-2Dsweep-260516_52.s2p,07_3_TDS-body_Novel-2Dsweep-260516_53.s2p,,,2.8672804543714,2.86728,2.86728,-0.11277104780116823,-0.15182064972694595,3.4759607661334013,1.3602636692407697,-2.1156970968926316,357.88430290310737,117.88430290310737
260519_2dsweep,sim,f_mean,sim,S21,offset_nan,07_3_TDS-body_Novel-2Dsweep-260516_53.s2p,07_3_TDS-body_Novel-2Dsweep-260516_54.s2p,,,2.8672804543714,2.86728,2.86728,-0.15182064972694595,-0.21308931531197794,1.3602636692407697,-0.6097489052794002,-1.970012574520183,358.0299874254798,118.02998742547982
260519_2dsweep,sim,f_mean,sim,S21,offset_nan,07_3_TDS-body_Novel-2Dsweep-260516_54.s2p,07_3_TDS-body_Novel-2Dsweep-260516_55.s2p,,,2.8672804543714,2.86728,2.86728,-0.21308931531197794,-0.2778830902297275,-0.6097489052794002,-2.7185685580291463,-2.1088196527497587,357.89118034725027,117.89118034725027
260519_2dsweep,sim,f_mean,sim,S21,offset_nan,07_3_TDS-body_Novel-2Dsweep-260516_55.s2p,07_3_TDS-body_Novel-2Dsweep-260516_56.s2p,,,2.8672804543714,2.86728,2.86728,-0.2778830902297275,-0.3534377224191746,-2.7185685580291463,-4.730588653569195,-2.012020095540038,357.98797990445996,117.98797990445996
260519_2dsweep,sim,f_mean,sim,S21,offset_nan,07_3_TDS-body_Novel-2Dsweep-260516_56.s2p,07_3_TDS-body_Novel-2Dsweep-260516_57.s2p,,,2.8672804543714,2.86728,2.86728,-0.3534377224191746,-0.42463812118002564,-4.730588653569195,-6.639399800977366,-1.9088111474081586,358.0911888525918,118.09118885259181
260519_2dsweep,sim,f_mean,sim,S21,offset_nan,07_3_TDS-body_Novel-2Dsweep-260516_57.s2p,07_3_TDS-body_Novel-2Dsweep-260516_58.s2p,,,2.8672804543714,2.86728,2.86728,-0.42463812118002564,-0.5196162919424238,-6.639399800977366,-8.872450206945828,-2.23305040596847,357.76694959403153,117.76694959403153
260519_2dsweep,sim,f_mean,sim,S21,offset_nan,07_3_TDS-body_Novel-2Dsweep-260516_58.s2p,07_3_TDS-body_Novel-2Dsweep-260516_59.s2p,,,2.8672804543714,2.86728,2.86728,-0.5196162919424238,-0.6233548352446027,-8.872450206945828,-10.765324578307608,-1.8928743713617848,358.1071256286382,118.10712562863819
260519_2dsweep,sim,f_mean,sim,S21,offset_nan,07_3_TDS-body_Novel-2Dsweep-260516_59.s2p,07_3_TDS-body_Novel-2Dsweep-260516_6.s2p,,,2.8672804543714,2.86728,2.86728,-0.6233548352446027,-0.004098620329035048,-10.765324578307608,13.209008313580672,23.97433289188828,23.97433289188828,-216.02566710811172
260519_2dsweep,sim,f_mean,sim,S21,offset_nan,07_3_TDS-body_Novel-2Dsweep-260516_6.s2p,07_3_TDS-body_Novel-2Dsweep-260516_60.s2p,,,2.8672804543714,2.86728,2.86728,-0.004098620329035048,-0.711510820030903,13.209008313580672,-12.69800086546446,-25.907009179045133,334.09299082095487,94.09299082095487
260519_2dsweep,sim,f_mean,sim,S21,offset_nan,07_3_TDS-body_Novel-2Dsweep-260516_60.s2p,07_3_TDS-body_Novel-2Dsweep-260516_61.s2p,,,2.8672804543714,2.86728,2.86728,-0.711510820030903,-0.8027304945211808,-12.69800086546446,-14.494731563448319,-1.796730697983861,358.2032693020161,118.20326930201611
260519_2dsweep,sim,f_mean,sim,S21,offset_nan,07_3_TDS-body_Novel-2Dsweep-260516_61.s2p,07_3_TDS-body_Novel-2Dsweep-260516_62.s2p,,,2.8672804543714,2.86728,2.86728,-0.8027304945211808,-0.9281914284397514,-14.494731563448319,-16.47913394070566,-1.9844023772573394,358.0155976227427,118.01559762274269
260519_2dsweep,sim,f_mean,sim,S21,offset_nan,07_3_TDS-body_Novel-2Dsweep-260516_62.s2p,07_3_TDS-body_Novel-2Dsweep-260516_63.s2p,,,2.8672804543714,2.86728,2.86728,-0.9281914284397514,-1.0427596434658128,-16.47913394070566,-18.583318561598816,-2.1041846208931645,357.8958153791068,117.8958153791068
260519_2dsweep,sim,f_mean,sim,S21,offset_nan,07_3_TDS-body_Novel-2Dsweep-260516_63.s2p,07_3_TDS-body_Novel-2Dsweep-260516_64.s2p,,,2.8672804543714,2.86728,2.86728,-1.0427596434658128,-1.184045960041604,-18.583318561598816,-20.196268221372804,-1.6129496597739887,358.387050340226,118.38705034022598
260519_2dsweep,sim,f_mean,sim,S21,offset_nan,07_3_TDS-body_Novel-2Dsweep-260516_64.s2p,07_3_TDS-body_Novel-2Dsweep-260516_65.s2p,,,2.8672804543714,2.86728,2.86728,-1.184045960041604,-1.3124613780572707,-20.196268221372804,-21.96982443077006,-1.7735562093972703,358.22644379060273,118.22644379060273
260519_2dsweep,sim,f_mean,sim,S21,offset_nan,07_3_TDS-body_Novel-2Dsweep-260516_65.s2p,07_3_TDS-body_Novel-2Dsweep-260516_66.s2p,,,2.8672804543714,2.86728,2.86728,-1.3124613780572707,-1.435832655664162,-21.96982443077006,-23.61192981557088,-1.6421053848008285,358.35789461519914,118.35789461519914
260519_2dsweep,sim,f_mean,sim,S21,offset_nan,07_3_TDS-body_Novel-2Dsweep-260516_66.s2p,07_3_TDS-body_Novel-2Dsweep-260516_67.s2p,,,2.8672804543714,2.86728,2.86728,-1.435832655664162,-1.6006407832636658,-23.61192981557088,-25.519874405334086,-1.9079445897632183,358.09205541023675,118.09205541023675
260519_2dsweep,sim,f_mean,sim,S21,offset_nan,07_3_TDS-body_Novel-2Dsweep-260516_67.s2p,07_3_TDS-body_Novel-2Dsweep-260516_68.s2p,,,2.8672804543714,2.86728,2.86728,-1.6006407832636658,-1.7153906310098102,-25.519874405334086,-26.964817502776604,-1.4449430974425184,358.55505690255745,118.55505690255745
260519_2dsweep,sim,f_mean,sim,S21,offset_nan,07_3_TDS-body_Novel-2Dsweep-260516_68.s2p,07_3_TDS-body_Novel-2Dsweep-260516_69.s2p,,,2.8672804543714,2.86728,2.86728,-1.7153906310098102,-1.8838697926139591,-26.964817502776604,-28.718136040018027,-1.7533185372414266,358.2466814627586,118.2466814627586
260519_2dsweep,sim,f_mean,sim,S21,offset_nan,07_3_TDS-body_Novel-2Dsweep-260516_69.s2p,07_3_TDS-body_Novel-2Dsweep-260516_7.s2p,,,2.8672804543714,2.86728,2.86728,-1.8838697926139591,-0.02773580086056973,-28.718136040018027,11.291947569704876,40.0100836097229,40.0100836097229,-199.9899163902771
260519_2dsweep,sim,f_mean,sim,S21,offset_nan,07_3_TDS-body_Novel-2Dsweep-260516_7.s2p,07_3_TDS-body_Novel-2Dsweep-260516_70.s2p,,,2.8672804543714,2.86728,2.86728,-0.02773580086056973,-2.001886930077566,11.291947569704876,-30.17296651235893,-41.464914082063814,318.53508591793616,78.53508591793616
260519_2dsweep,sim,f_mean,sim,S21,offset_nan,07_3_TDS-body_Novel-2Dsweep-260516_70.s2p,07_3_TDS-body_Novel-2Dsweep-260516_71.s2p,,,2.8672804543714,2.86728,2.86728,-2.001886930077566,-2.169464210249612,-30.17296651235893,-31.731983627579996,-1.5590171152210814,358.4409828847789,118.44098288477892
260519_2dsweep,sim,f_mean,sim,S21,offset_nan,07_3_TDS-body_Novel-2Dsweep-260516_71.s2p,07_3_TDS-body_Novel-2Dsweep-260516_72.s2p,,,2.8672804543714,2.86728,2.86728,-2.169464210249612,-2.3109612327521956,-31.731983627579996,-33.07491351170094,-1.3429298841209345,358.65707011587904,118.65707011587904
260519_2dsweep,sim,f_mean,sim,S21,offset_nan,07_3_TDS-body_Novel-2Dsweep-260516_72.s2p,07_3_TDS-body_Novel-2Dsweep-260516_73.s2p,,,2.8672804543714,2.86728,2.86728,-2.3109612327521956,-2.493108107018253,-33.07491351170094,-34.74527784631079,-1.6703643346098431,358.32963566539013,118.32963566539013
260519_2dsweep,sim,f_mean,sim,S21,offset_nan,07_3_TDS-body_Novel-2Dsweep-260516_73.s2p,07_3_TDS-body_Novel-2Dsweep-260516_74.s2p,,,2.8672804543714,2.86728,2.86728,-2.493108107018253,-2.6642781354338925,-34.74527784631079,-35.95198375513734,-1.2067059088265637,358.79329409117344,118.79329409117344
260519_2dsweep,sim,f_mean,sim,S21,offset_nan,07_3_TDS-body_Novel-2Dsweep-260516_74.s2p,07_3_TDS-body_Novel-2Dsweep-260516_75.s2p,,,2.8672804543714,2.86728,2.86728,-2.6642781354338925,-2.8306534328469457,-35.95198375513734,-37.51460420871001,-1.5626204535726629,358.43737954642734,118.43737954642734
260519_2dsweep,sim,f_mean,sim,S21,offset_nan,07_3_TDS-body_Novel-2Dsweep-260516_75.s2p,07_3_TDS-body_Novel-2Dsweep-260516_76.s2p,,,2.8672804543714,2.86728,2.86728,-2.8306534328469457,-2.9628296507093097,-37.51460420871001,-38.66737177928746,-1.1527675705774527,358.84723242942255,118.84723242942255
260519_2dsweep,sim,f_mean,sim,S21,offset_nan,07_3_TDS-body_Novel-2Dsweep-260516_76.s2p,07_3_TDS-body_Novel-2Dsweep-260516_77.s2p,,,2.8672804543714,2.86728,2.86728,-2.9628296507093097,-3.142345279020271,-38.66737177928746,-40.066769681121826,-1.3993979018343623,358.6006020981656,118.60060209816561
260519_2dsweep,sim,f_mean,sim,S21,offset_nan,07_3_TDS-body_Novel-2Dsweep-260516_77.s2p,07_3_TDS-body_Novel-2Dsweep-260516_78.s2p,,,2.8672804543714,2.86728,2.86728,-3.142345279020271,-3.2848856778857978,-40.066769681121826,-41.31125608881872,-1.244486407696911,358.7555135923031,118.75551359230309
260519_2dsweep,sim,f_mean,sim,S21,offset_nan,07_3_TDS-body_Novel-2Dsweep-260516_78.s2p,07_3_TDS-body_Novel-2Dsweep-260516_79.s2p,,,2.8672804543714,2.86728,2.86728,-3.2848856778857978,-3.454183693379442,-41.31125608881872,-42.37555607844514,-1.06429998962642,358.9357000103736,118.93570001037358
260519_2dsweep,sim,f_mean,sim,S21,offset_nan,07_3_TDS-body_Novel-2Dsweep-260516_79.s2p,07_3_TDS-body_Novel-2Dsweep-260516_8.s2p,,,2.8672804543714,2.86728,2.86728,-3.454183693379442,-0.04889353820672917,-42.37555607844514,8.925656767822089,51.30121284626722,51.30121284626722,-188.69878715373278
260519_2dsweep,sim,f_mean,sim,S21,offset_nan,07_3_TDS-body_Novel-2Dsweep-260516_8.s2p,07_3_TDS-body_Novel-2Dsweep-260516_80.s2p,,,2.8672804543714,2.86728,2.86728,-0.04889353820672917,-3.6335063217198114,8.925656767822089,-43.50443201065949,-52.430088778481576,307.5699112215184,67.5699112215184
260519_2dsweep,sim,f_mean,sim,S21,offset_nan,07_3_TDS-body_Novel-2Dsweep-260516_80.s2p,07_3_TDS-body_Novel-2Dsweep-260516_81.s2p,,,2.8672804543714,2.86728,2.86728,-3.6335063217198114,-3.785610555436059,-43.50443201065949,-44.715151365767625,-1.2107193551081252,358.78928064489185,118.78928064489185
260519_2dsweep,sim,f_mean,sim,S21,offset_nan,07_3_TDS-body_Novel-2Dsweep-260516_81.s2p,07_3_TDS-body_Novel-2Dsweep-260516_82.s2p,,,2.8672804543714,2.86728,2.86728,-3.785610555436059,-3.9527336760139438,-44.715151365767625,-45.74919322142686,-1.0340418556592397,358.9659581443408,118.96595814434079
260519_2dsweep,sim,f_mean,sim,S21,offset_nan,07_3_TDS-body_Novel-2Dsweep-260516_82.s2p,07_3_TDS-body_Novel-2Dsweep-260516_83.s2p,,,2.8672804543714,2.86728,2.86728,-3.9527336760139438,-0.1086513425053697,-45.74919322142686,25.357323262692937,71.1065164841198,71.1065164841198,-168.8934835158802
260519_2dsweep,sim,f_mean,sim,S21,offset_nan,07_3_TDS-body_Novel-2Dsweep-260516_83.s2p,07_3_TDS-body_Novel-2Dsweep-260516_84.s2p,,,2.8672804543714,2.86728,2.86728,-0.1086513425053697,-0.09773230068605317,25.357323262692937,24.626483432501708,-0.7308398301912291,359.26916016980874,119.26916016980874
260519_2dsweep,sim,f_mean,sim,S21,offset_nan,07_3_TDS-body_Novel-2Dsweep-260516_84.s2p,07_3_TDS-body_Novel-2Dsweep-260516_85.s2p,,,2.8672804543714,2.86728,2.86728,-0.09773230068605317,-0.0688562700378696,24.626483432501708,22.77006081209291,-1.8564226204088072,358.1435773795912,118.14357737959119
260519_2dsweep,sim,f_mean,sim,S21,offset_nan,07_3_TDS-body_Novel-2Dsweep-260516_85.s2p,07_3_TDS-body_Novel-2Dsweep-260516_86.s2p,,,2.8672804543714,2.86728,2.86728,-0.0688562700378696,-0.04011604477918145,22.77006081209291,20.86266120839869,-1.9073996036942162,358.0926003963058,118.09260039630578
260519_2dsweep,sim,f_mean,sim,S21,offset_nan,07_3_TDS-body_Novel-2Dsweep-260516_86.s2p,07_3_TDS-body_Novel-2Dsweep-260516_87.s2p,,,2.8672804543714,2.86728,2.86728,-0.04011604477918145,-0.01673071208478686,20.86266120839869,18.842634432480438,-2.020026775918268,357.97997322408173,117.97997322408173
260519_2dsweep,sim,f_mean,sim,S21,offset_nan,07_3_TDS-body_Novel-2Dsweep-260516_87.s2p,07_3_TDS-body_Novel-2Dsweep-260516_88.s2p,,,2.8672804543714,2.86728,2.86728,-0.01673071208478686,-0.008528092861593962,18.842634432480438,16.91314762833522,-1.9294868041452276,358.0705131958548,118.0705131958548
260519_2dsweep,sim,f_mean,sim,S21,offset_nan,07_3_TDS-body_Novel-2Dsweep-260516_88.s2p,07_3_TDS-body_Novel-2Dsweep-260516_89.s2p,,,2.8672804543714,2.86728,2.86728,-0.008528092861593962,-0.004659230879399807,16.91314762833522,14.89543827892944,-2.017709349405777,357.9822906505942,117.98229065059422
260519_2dsweep,sim,f_mean,sim,S21,offset_nan,07_3_TDS-body_Novel-2Dsweep-260516_89.s2p,07_3_TDS-body_Novel-2Dsweep-260516_9.s2p,,,2.8672804543714,2.86728,2.86728,-0.004659230879399807,-0.1407613873472913,14.89543827892944,6.969819801170186,-7.925618477759258,352.07438152224074,112.07438152224074
260519_2dsweep,sim,f_mean,sim,S21,offset_nan,07_3_TDS-body_Novel-2Dsweep-260516_9.s2p,07_3_TDS-body_Novel-2Dsweep-260516_90.s2p,,,2.8672804543714,2.86728,2.86728,-0.1407613873472913,0.00029958594448647677,6.969819801170186,12.964413190630161,5.994593389459965,5.994593389459965,-234.00540661054004
260519_2dsweep,sim,f_mean,sim,S21,offset_nan,07_3_TDS-body_Novel-2Dsweep-260516_90.s2p,07_3_TDS-body_Novel-2Dsweep-260516_91.s2p,,,2.8672804543714,2.86728,2.86728,0.00029958594448647677,-0.004690232184770074,12.964413190630161,10.957300556178202,-2.007112634451971,357.99288736554803,117.99288736554803
260519_2dsweep,sim,f_mean,sim,S21,offset_nan,07_3_TDS-body_Novel-2Dsweep-260516_91.s2p,07_3_TDS-body_Novel-2Dsweep-260516_92.s2p,,,2.8672804543714,2.86728,2.86728,-0.004690232184770074,-0.02029630302389899,10.957300556178202,8.890398676016636,-2.0669018801615664,357.9330981198384,117.9330981198384
260519_2dsweep,sim,f_mean,sim,S21,offset_nan,07_3_TDS-body_Novel-2Dsweep-260516_92.s2p,07_3_TDS-body_Novel-2Dsweep-260516_93.s2p,,,2.8672804543714,2.86728,2.86728,-0.02029630302389899,-0.03557196277899044,8.890398676016636,7.117821561709097,-1.772577114307552,358.2274228856925,118.22742288569248
260519_2dsweep,sim,f_mean,sim,S21,offset_nan,07_3_TDS-body_Novel-2Dsweep-260516_93.s2p,07_3_TDS-body_Novel-2Dsweep-260516_94.s2p,,,2.8672804543714,2.86728,2.86728,-0.03557196277899044,-0.07574466692587765,7.117821561709097,4.841719766790834,-2.276101794918276,357.7238982050817,117.7238982050817
260519_2dsweep,sim,f_mean,sim,S21,offset_nan,07_3_TDS-body_Novel-2Dsweep-260516_94.s2p,07_3_TDS-body_Novel-2Dsweep-260516_95.s2p,,,2.8672804543714,2.86728,2.86728,-0.07574466692587765,-0.10596550604553508,4.841719766790834,2.673298263290644,-2.168421503500184,357.8315784964998,117.83157849649979
260519_2dsweep,sim,f_mean,sim,S21,offset_nan,07_3_TDS-body_Novel-2Dsweep-260516_95.s2p,07_3_TDS-body_Novel-2Dsweep-260516_96.s2p,,,2.8672804543714,2.86728,2.86728,-0.10596550604553508,-0.14943434716412457,2.673298263290644,0.7239563906204429,-1.9493418726702032,358.0506581273298,118.05065812732983
260519_2dsweep,sim,f_mean,sim,S21,offset_nan,07_3_TDS-body_Novel-2Dsweep-260516_96.s2p,07_3_TDS-body_Novel-2Dsweep-260516_97.s2p,,,2.8672804543714,2.86728,2.86728,-0.14943434716412457,-0.20092371353854888,0.7239563906204429,-1.3058454441704817,-2.0298018347909306,357.97019816520907,117.97019816520907
260519_2dsweep,sim,f_mean,sim,S21,offset_nan,07_3_TDS-body_Novel-2Dsweep-260516_97.s2p,07_3_TDS-body_Novel-2Dsweep-260516_98.s2p,,,2.8672804543714,2.86728,2.86728,-0.20092371353854888,-0.3222076049526513,-1.3058454441704817,-3.4945769598502765,-2.188731515679791,357.8112684843202,117.81126848432018
260519_2dsweep,sim,f_mean,sim,S21,offset_nan,07_3_TDS-body_Novel-2Dsweep-260516_98.s2p,07_3_TDS-body_Novel-2Dsweep-260516_99.s2p,,,2.8672804543714,2.86728,2.86728,-0.3222076049526513,-0.32418850152090684,-3.4945769598502765,-5.348412048544379,-1.8538350886940975,358.1461649113059,118.1461649113059
260519_2dsweep,sim,f_mean,sim,S22,offset_nan,07_3_TDS-body_Novel-2Dsweep-260516_1.s2p,07_3_TDS-body_Novel-2Dsweep-260516_10.s2p,,,2.8672804543714,2.86728,2.86728,-21.26604837641414,-15.96656975442948,-66.99979500351857,94.9430932495725,161.94288825309104,161.94288825309104,-78.05711174690896
260519_2dsweep,sim,f_mean,sim,S22,offset_nan,07_3_TDS-body_Novel-2Dsweep-260516_10.s2p,07_3_TDS-body_Novel-2Dsweep-260516_100.s2p,,,2.8672804543714,2.86728,2.86728,-15.96656975442948,-10.598655839188545,94.9430932495725,82.74642462779133,-12.196668621781157,347.80333137821884,107.80333137821884
260519_2dsweep,sim,f_mean,sim,S22,offset_nan,07_3_TDS-body_Novel-2Dsweep-260516_100.s2p,07_3_TDS-body_Novel-2Dsweep-260516_101.s2p,,,2.8672804543714,2.86728,2.86728,-10.598655839188545,-9.798056515280004,82.74642462779133,80.38703730907709,-2.359387318714255,357.64061268128575,117.64061268128575
260519_2dsweep,sim,f_mean,sim,S22,offset_nan,07_3_TDS-body_Novel-2Dsweep-260516_101.s2p,07_3_TDS-body_Novel-2Dsweep-260516_103.s2p,,,2.8672804543714,2.86728,2.86728,-9.798056515280004,-9.204301381961583,80.38703730907709,-60.96924850517533,-141.35628581425243,218.64371418574757,-21.35628581425243
260519_2dsweep,sim,f_mean,sim,S22,offset_nan,07_3_TDS-body_Novel-2Dsweep-260516_103.s2p,07_3_TDS-body_Novel-2Dsweep-260516_104.s2p,,,2.8672804543714,2.86728,2.86728,-9.204301381961583,-21.439871289274098,-60.96924850517533,-79.08390437271389,-18.114655867538545,341.88534413246146,101.88534413246146
260519_2dsweep,sim,f_mean,sim,S22,offset_nan,07_3_TDS-body_Novel-2Dsweep-260516_104.s2p,07_3_TDS-body_Novel-2Dsweep-260516_105.s2p,,,2.8672804543714,2.86728,2.86728,-21.439871289274098,-12.802149743018504,-79.08390437271389,82.59633293334606,161.68023730605995,161.68023730605995,-78.31976269394005
260519_2dsweep,sim,f_mean,sim,S22,offset_nan,07_3_TDS-body_Novel-2Dsweep-260516_105.s2p,07_3_TDS-body_Novel-2Dsweep-260516_106.s2p,,,2.8672804543714,2.86728,2.86728,-12.802149743018504,-5.988662138473283,82.59633293334606,61.875526119365226,-20.72080681398083,339.27919318601914,99.27919318601914
260519_2dsweep,sim,f_mean,sim,S22,offset_nan,07_3_TDS-body_Novel-2Dsweep-260516_106.s2p,07_3_TDS-body_Novel-2Dsweep-260516_107.s2p,,,2.8672804543714,2.86728,2.86728,-5.988662138473283,-3.3545550640507127,61.875526119365226,47.55712209918182,-14.318404020183408,345.6815959798166,105.68159597981662
260519_2dsweep,sim,f_mean,sim,S22,offset_nan,07_3_TDS-body_Novel-2Dsweep-260516_107.s2p,07_3_TDS-body_Novel-2Dsweep-260516_108.s2p,,,2.8672804543714,2.86728,2.86728,-3.3545550640507127,-5.531159029403679,47.55712209918182,-58.19347282810494,-105.75059492728676,254.24940507271324,14.249405072713245
260519_2dsweep,sim,f_mean,sim,S22,offset_nan,07_3_TDS-body_Novel-2Dsweep-260516_108.s2p,07_3_TDS-body_Novel-2Dsweep-260516_109.s2p,,,2.8672804543714,2.86728,2.86728,-5.531159029403679,-10.948100117298882,-58.19347282810494,-73.64740745640331,-15.453934628298384,344.5460653717016,104.54606537170162
260519_2dsweep,sim,f_mean,sim,S22,offset_nan,07_3_TDS-body_Novel-2Dsweep-260516_109.s2p,07_3_TDS-body_Novel-2Dsweep-260516_11.s2p,,,2.8672804543714,2.86728,2.86728,-10.948100117298882,-14.721114131473849,-73.64740745640331,93.19766171374317,166.84506917014647,166.84506917014647,-73.15493082985353
260519_2dsweep,sim,f_mean,sim,S22,offset_nan,07_3_TDS-body_Novel-2Dsweep-260516_11.s2p,07_3_TDS-body_Novel-2Dsweep-260516_110.s2p,,,2.8672804543714,2.86728,2.86728,-14.721114131473849,-28.726038092982385,93.19766171374317,84.30624491993083,-8.89141679381234,351.10858320618763,111.10858320618763
260519_2dsweep,sim,f_mean,sim,S22,offset_nan,07_3_TDS-body_Novel-2Dsweep-260516_110.s2p,07_3_TDS-body_Novel-2Dsweep-260516_111.s2p,,,2.8672804543714,2.86728,2.86728,-28.726038092982385,-8.724458290106647,84.30624491993083,64.78554378629158,-19.52070113363925,340.47929886636075,100.47929886636075
260519_2dsweep,sim,f_mean,sim,S22,offset_nan,07_3_TDS-body_Novel-2Dsweep-260516_111.s2p,07_3_TDS-body_Novel-2Dsweep-260516_112.s2p,,,2.8672804543714,2.86728,2.86728,-8.724458290106647,-4.38389122832252,64.78554378629158,49.58557447033821,-15.199969315953382,344.80003068404665,104.80003068404665
260519_2dsweep,sim,f_mean,sim,S22,offset_nan,07_3_TDS-body_Novel-2Dsweep-260516_112.s2p,07_3_TDS-body_Novel-2Dsweep-260516_113.s2p,,,2.8672804543714,2.86728,2.86728,-4.38389122832252,-3.621552312101911,49.58557447033821,-55.6949416663828,-105.28051613672102,254.71948386327898,14.719483863278981
260519_2dsweep,sim,f_mean,sim,S22,offset_nan,07_3_TDS-body_Novel-2Dsweep-260516_113.s2p,07_3_TDS-body_Novel-2Dsweep-260516_114.s2p,,,2.8672804543714,2.86728,2.86728,-3.621552312101911,-6.869385373150317,-55.6949416663828,-70.6534907061019,-14.958549039719117,345.0414509602809,105.04145096028088
260519_2dsweep,sim,f_mean,sim,S22,offset_nan,07_3_TDS-body_Novel-2Dsweep-260516_114.s2p,07_3_TDS-body_Novel-2Dsweep-260516_115.s2p,,,2.8672804543714,2.86728,2.86728,-6.869385373150317,-17.303384805345193,-70.6534907061019,-99.19684392773772,-28.54335322163581,331.4566467783642,91.45664677836419
260519_2dsweep,sim,f_mean,sim,S22,offset_nan,07_3_TDS-body_Novel-2Dsweep-260516_115.s2p,07_3_TDS-body_Novel-2Dsweep-260516_116.s2p,,,2.8672804543714,2.86728,2.86728,-17.303384805345193,-13.008736160469052,-99.19684392773772,68.50484889442892,167.70169282216665,167.70169282216665,-72.29830717783335
260519_2dsweep,sim,f_mean,sim,S22,offset_nan,07_3_TDS-body_Novel-2Dsweep-260516_116.s2p,07_3_TDS-body_Novel-2Dsweep-260516_117.s2p,,,2.8672804543714,2.86728,2.86728,-13.008736160469052,-5.922991044114067,68.50484889442892,49.95846087951889,-18.546388014910036,341.45361198509,101.45361198508999
260519_2dsweep,sim,f_mean,sim,S22,offset_nan,07_3_TDS-body_Novel-2Dsweep-260516_117.s2p,07_3_TDS-body_Novel-2Dsweep-260516_118.s2p,,,2.8672804543714,2.86728,2.86728,-5.922991044114067,-2.589401328110955,49.95846087951889,-54.389387848920286,-104.34784872843917,255.65215127156083,15.652151271560825
260519_2dsweep,sim,f_mean,sim,S22,offset_nan,07_3_TDS-body_Novel-2Dsweep-260516_118.s2p,07_3_TDS-body_Novel-2Dsweep-260516_119.s2p,,,2.8672804543714,2.86728,2.86728,-2.589401328110955,-5.0753553838837515,-54.389387848920286,-68.39252219879297,-14.003134349872681,345.99686565012735,105.99686565012735
260519_2dsweep,sim,f_mean,sim,S22,offset_nan,07_3_TDS-body_Novel-2Dsweep-260516_119.s2p,07_3_TDS-body_Novel-2Dsweep-260516_12.s2p,,,2.8672804543714,2.86728,2.86728,-5.0753553838837515,-13.341535184790157,-68.39252219879297,90.85974725114644,159.25226944993943,159.25226944993943,-80.74773055006057
260519_2dsweep,sim,f_mean,sim,S22,offset_nan,07_3_TDS-body_Novel-2Dsweep-260516_12.s2p,07_3_TDS-body_Novel-2Dsweep-260516_120.s2p,,,2.8672804543714,2.86728,2.86728,-13.341535184790157,-10.092746918575992,90.85974725114644,-84.30375320524706,-175.1635004563935,184.8364995436065,-55.16350045639351
260519_2dsweep,sim,f_mean,sim,S22,offset_nan,07_3_TDS-body_Novel-2Dsweep-260516_120.s2p,07_3_TDS-body_Novel-2Dsweep-260516_121.s2p,,,2.8672804543714,2.86728,2.86728,-10.092746918575992,-23.916645688253023,-84.30375320524706,72.66074121186912,156.96449441711616,156.96449441711616,-83.03550558288384
260519_2dsweep,sim,f_mean,sim,S22,offset_nan,07_3_TDS-body_Novel-2Dsweep-260516_121.s2p,07_3_TDS-body_Novel-2Dsweep-260516_122.s2p,,,2.8672804543714,2.86728,2.86728,-23.916645688253023,-7.813000857815475,72.66074121186912,52.80406885456083,-19.856672357308298,340.1433276426917,100.1433276426917
260519_2dsweep,sim,f_mean,sim,S22,offset_nan,07_3_TDS-body_Novel-2Dsweep-260516_122.s2p,07_3_TDS-body_Novel-2Dsweep-260516_13.s2p,,,2.8672804543714,2.86728,2.86728,-7.813000857815475,-12.420597152279587,52.80406885456083,88.6740380293767,35.86996917481588,35.86996917481588,-204.13003082518412
260519_2dsweep,sim,f_mean,sim,S22,offset_nan,07_3_TDS-body_Novel-2Dsweep-260516_13.s2p,07_3_TDS-body_Novel-2Dsweep-260516_14.s2p,,,2.8672804543714,2.86728,2.86728,-12.420597152279587,-11.445946109333258,88.6740380293767,87.04256306206258,-1.6314749673141193,358.36852503268585,118.36852503268585
260519_2dsweep,sim,f_mean,sim,S22,offset_nan,07_3_TDS-body_Novel-2Dsweep-260516_14.s2p,07_3_TDS-body_Novel-2Dsweep-260516_15.s2p,,,2.8672804543714,2.86728,2.86728,-11.445946109333258,-10.319373566899994,87.04256306206258,84.89970884848024,-2.142854213582325,357.8571457864177,117.85714578641768
260519_2dsweep,sim,f_mean,sim,S22,offset_nan,07_3_TDS-body_Novel-2Dsweep-260516_15.s2p,07_3_TDS-body_Novel-2Dsweep-260516_16.s2p,,,2.8672804543714,2.86728,2.86728,-10.319373566899994,-9.83610451910404,84.89970884848024,82.55058189014794,-2.349126958332306,357.6508730416677,117.6508730416677
260519_2dsweep,sim,f_mean,sim,S22,offset_nan,07_3_TDS-body_Novel-2Dsweep-260516_16.s2p,07_3_TDS-body_Novel-2Dsweep-260516_17.s2p,,,2.8672804543714,2.86728,2.86728,-9.83610451910404,-9.030643988583275,82.55058189014794,80.91178063075692,-1.6388012593910162,358.361198740609,118.36119874060898
260519_2dsweep,sim,f_mean,sim,S22,offset_nan,07_3_TDS-body_Novel-2Dsweep-260516_17.s2p,07_3_TDS-body_Novel-2Dsweep-260516_18.s2p,,,2.8672804543714,2.86728,2.86728,-9.030643988583275,-8.406675353099125,80.91178063075692,78.95292299798025,-1.9588576327766702,358.0411423672233,118.0411423672233
260519_2dsweep,sim,f_mean,sim,S22,offset_nan,07_3_TDS-body_Novel-2Dsweep-260516_18.s2p,07_3_TDS-body_Novel-2Dsweep-260516_19.s2p,,,2.8672804543714,2.86728,2.86728,-8.406675353099125,-7.821643072021342,78.95292299798025,76.87617787512742,-2.0767451228528273,357.9232548771472,117.9232548771472
260519_2dsweep,sim,f_mean,sim,S22,offset_nan,07_3_TDS-body_Novel-2Dsweep-260516_19.s2p,07_3_TDS-body_Novel-2Dsweep-260516_2.s2p,,,2.8672804543714,2.86728,2.86728,-7.821643072021342,-23.536024369126856,76.87617787512742,-69.53771122173968,-146.4138890968671,213.5861109031329,-26.41388909686711
260519_2dsweep,sim,f_mean,sim,S22,offset_nan,07_3_TDS-body_Novel-2Dsweep-260516_2.s2p,07_3_TDS-body_Novel-2Dsweep-260516_20.s2p,,,2.8672804543714,2.86728,2.86728,-23.536024369126856,-7.333844355877296,-69.53771122173968,75.13058047497373,144.66829169671342,144.66829169671342,-95.33170830328658
260519_2dsweep,sim,f_mean,sim,S22,offset_nan,07_3_TDS-body_Novel-2Dsweep-260516_20.s2p,07_3_TDS-body_Novel-2Dsweep-260516_21.s2p,,,2.8672804543714,2.86728,2.86728,-7.333844355877296,-6.838586281658355,75.13058047497373,73.23551093795614,-1.895069537017605,358.1049304629824,118.1049304629824
260519_2dsweep,sim,f_mean,sim,S22,offset_nan,07_3_TDS-body_Novel-2Dsweep-260516_21.s2p,07_3_TDS-body_Novel-2Dsweep-260516_22.s2p,,,2.8672804543714,2.86728,2.86728,-6.838586281658355,-6.391679178987966,73.23551093795614,71.3902170241379,-1.8452939138182387,358.15470608618176,118.15470608618176
260519_2dsweep,sim,f_mean,sim,S22,offset_nan,07_3_TDS-body_Novel-2Dsweep-260516_22.s2p,07_3_TDS-body_Novel-2Dsweep-260516_23.s2p,,,2.8672804543714,2.86728,2.86728,-6.391679178987966,-5.9797459057682545,71.3902170241379,69.4733906189568,-1.916826405181098,358.0831735948189,118.0831735948189
260519_2dsweep,sim,f_mean,sim,S22,offset_nan,07_3_TDS-body_Novel-2Dsweep-260516_23.s2p,07_3_TDS-body_Novel-2Dsweep-260516_24.s2p,,,2.8672804543714,2.86728,2.86728,-5.9797459057682545,-5.572038168239085,69.4733906189568,67.39915684499,-2.074233773966796,357.9257662260332,117.9257662260332
260519_2dsweep,sim,f_mean,sim,S22,offset_nan,07_3_TDS-body_Novel-2Dsweep-260516_24.s2p,07_3_TDS-body_Novel-2Dsweep-260516_25.s2p,,,2.8672804543714,2.86728,2.86728,-5.572038168239085,-5.2870053029235295,67.39915684499,66.1166703490953,-1.282486495894716,358.7175135041053,118.71751350410528
260519_2dsweep,sim,f_mean,sim,S22,offset_nan,07_3_TDS-body_Novel-2Dsweep-260516_25.s2p,07_3_TDS-body_Novel-2Dsweep-260516_26.s2p,,,2.8672804543714,2.86728,2.86728,-5.2870053029235295,-4.950041335903324,66.1166703490953,64.45252058806058,-1.6641497610347074,358.3358502389653,118.33585023896529
260519_2dsweep,sim,f_mean,sim,S22,offset_nan,07_3_TDS-body_Novel-2Dsweep-260516_26.s2p,07_3_TDS-body_Novel-2Dsweep-260516_27.s2p,,,2.8672804543714,2.86728,2.86728,-4.950041335903324,-4.6570083304608225,64.45252058806058,62.741699545984424,-1.7108210420761623,358.2891789579238,118.28917895792381
260519_2dsweep,sim,f_mean,sim,S22,offset_nan,07_3_TDS-body_Novel-2Dsweep-260516_27.s2p,07_3_TDS-body_Novel-2Dsweep-260516_28.s2p,,,2.8672804543714,2.86728,2.86728,-4.6570083304608225,-4.4110117017348385,62.741699545984424,61.268199869793335,-1.4734996761910963,358.52650032380893,118.52650032380893
260519_2dsweep,sim,f_mean,sim,S22,offset_nan,07_3_TDS-body_Novel-2Dsweep-260516_28.s2p,07_3_TDS-body_Novel-2Dsweep-260516_29.s2p,,,2.8672804543714,2.86728,2.86728,-4.4110117017348385,-4.208866168465132,61.268199869793335,59.93570040659759,-1.3324994631957452,358.66750053680425,118.66750053680425
260519_2dsweep,sim,f_mean,sim,S22,offset_nan,07_3_TDS-body_Novel-2Dsweep-260516_29.s2p,07_3_TDS-body_Novel-2Dsweep-260516_3.s2p,,,2.8672804543714,2.86728,2.86728,-4.208866168465132,-27.983083609641962,59.93570040659759,-71.45886934055198,-131.39456974714957,228.60543025285043,-11.394569747149575
260519_2dsweep,sim,f_mean,sim,S22,offset_nan,07_3_TDS-body_Novel-2Dsweep-260516_3.s2p,07_3_TDS-body_Novel-2Dsweep-260516_30.s2p,,,2.8672804543714,2.86728,2.86728,-27.983083609641962,-3.8958391961230445,-71.45886934055198,58.1068626502214,129.56573199077337,129.56573199077337,-110.43426800922663
260519_2dsweep,sim,f_mean,sim,S22,offset_nan,07_3_TDS-body_Novel-2Dsweep-260516_30.s2p,07_3_TDS-body_Novel-2Dsweep-260516_31.s2p,,,2.8672804543714,2.86728,2.86728,-3.8958391961230445,-3.6948293862631303,58.1068626502214,56.719413929413534,-1.3874487208078676,358.61255127919213,118.61255127919213
260519_2dsweep,sim,f_mean,sim,S22,offset_nan,07_3_TDS-body_Novel-2Dsweep-260516_31.s2p,07_3_TDS-body_Novel-2Dsweep-260516_32.s2p,,,2.8672804543714,2.86728,2.86728,-3.6948293862631303,-3.492808486240099,56.719413929413534,55.3067290408339,-1.4126848885796335,358.58731511142037,118.58731511142037
260519_2dsweep,sim,f_mean,sim,S22,offset_nan,07_3_TDS-body_Novel-2Dsweep-260516_32.s2p,07_3_TDS-body_Novel-2Dsweep-260516_33.s2p,,,2.8672804543714,2.86728,2.86728,-3.492808486240099,-3.3053337986930424,55.3067290408339,53.96811474402455,-1.3386142968093395,358.66138570319066,118.66138570319066
260519_2dsweep,sim,f_mean,sim,S22,offset_nan,07_3_TDS-body_Novel-2Dsweep-260516_33.s2p,07_3_TDS-body_Novel-2Dsweep-260516_34.s2p,,,2.8672804543714,2.86728,2.86728,-3.3053337986930424,-3.077499258850331,53.96811474402455,52.3066265787447,-1.6614881652798488,358.3385118347202,118.33851183472018
260519_2dsweep,sim,f_mean,sim,S22,offset_nan,07_3_TDS-body_Novel-2Dsweep-260516_34.s2p,07_3_TDS-body_Novel-2Dsweep-260516_35.s2p,,,2.8672804543714,2.86728,2.86728,-3.077499258850331,-2.9387160291972942,52.3066265787447,51.19502763954054,-1.111598939204157,358.88840106079584,118.88840106079584
260519_2dsweep,sim,f_mean,sim,S22,offset_nan,07_3_TDS-body_Novel-2Dsweep-260516_35.s2p,07_3_TDS-body_Novel-2Dsweep-260516_36.s2p,,,2.8672804543714,2.86728,2.86728,-2.9387160291972942,-2.806973098599059,51.19502763954054,49.965966280480444,-1.229061359060097,358.7709386409399,118.7709386409399
260519_2dsweep,sim,f_mean,sim,S22,offset_nan,07_3_TDS-body_Novel-2Dsweep-260516_36.s2p,07_3_TDS-body_Novel-2Dsweep-260516_37.s2p,,,2.8672804543714,2.86728,2.86728,-2.806973098599059,-2.6560630978367215,49.965966280480444,48.73310297985857,-1.2328633006218865,358.7671366993781,118.76713669937811
260519_2dsweep,sim,f_mean,sim,S22,offset_nan,07_3_TDS-body_Novel-2Dsweep-260516_37.s2p,07_3_TDS-body_Novel-2Dsweep-260516_38.s2p,,,2.8672804543714,2.86728,2.86728,-2.6560630978367215,-2.5020974289826974,48.73310297985857,47.40968938461411,-1.3234135952444603,358.67658640475554,118.67658640475554
260519_2dsweep,sim,f_mean,sim,S22,offset_nan,07_3_TDS-body_Novel-2Dsweep-260516_38.s2p,07_3_TDS-body_Novel-2Dsweep-260516_39.s2p,,,2.8672804543714,2.86728,2.86728,-2.5020974289826974,-2.4079303160012206,47.40968938461411,46.483394401518474,-0.9262949830956302,359.07370501690434,119.07370501690434
260519_2dsweep,sim,f_mean,sim,S22,offset_nan,07_3_TDS-body_Novel-2Dsweep-260516_39.s2p,07_3_TDS-body_Novel-2Dsweep-260516_4.s2p,,,2.8672804543714,2.86728,2.86728,-2.4079303160012206,-38.705432975702514,46.483394401518474,-71.52906604684713,-118.0124604483656,241.9875395516344,1.9875395516343985
260519_2dsweep,sim,f_mean,sim,S22,offset_nan,07_3_TDS-body_Novel-2Dsweep-260516_4.s2p,07_3_TDS-body_Novel-2Dsweep-260516_40.s2p,,,2.8672804543714,2.86728,2.86728,-38.705432975702514,-2.291104581743821,-71.52906604684713,45.4885383311887,117.0176043780358,117.0176043780358,-122.9823956219642
260519_2dsweep,sim,f_mean,sim,S22,offset_nan,07_3_TDS-body_Novel-2Dsweep-260516_40.s2p,07_3_TDS-body_Novel-2Dsweep-260516_41.s2p,,,2.8672804543714,2.86728,2.86728,-2.291104581743821,-2.1627839786178096,45.4885383311887,44.393516448854086,-1.0950218823346063,358.9049781176654,118.9049781176654
260519_2dsweep,sim,f_mean,sim,S22,offset_nan,07_3_TDS-body_Novel-2Dsweep-260516_41.s2p,07_3_TDS-body_Novel-2Dsweep-260516_42.s2p,,,2.8672804543714,2.86728,2.86728,-2.1627839786178096,-19.187736490959363,44.393516448854086,-67.05084262830223,-111.44435907715632,248.55564092284368,8.55564092284368
260519_2dsweep,sim,f_mean,sim,S22,offset_nan,07_3_TDS-body_Novel-2Dsweep-260516_42.s2p,07_3_TDS-body_Novel-2Dsweep-260516_43.s2p,,,2.8672804543714,2.86728,2.86728,-19.187736490959363,-21.35820193083824,-67.05084262830223,-68.85671294537727,-1.8058703170750334,358.194129682925,118.194129682925
260519_2dsweep,sim,f_mean,sim,S22,offset_nan,07_3_TDS-body_Novel-2Dsweep-260516_43.s2p,07_3_TDS-body_Novel-2Dsweep-260516_44.s2p,,,2.8672804543714,2.86728,2.86728,-21.35820193083824,-24.27788816692551,-68.85671294537727,-70.11980784077508,-1.2630948953978134,358.7369051046022,118.73690510460222
260519_2dsweep,sim,f_mean,sim,S22,offset_nan,07_3_TDS-body_Novel-2Dsweep-260516_44.s2p,07_3_TDS-body_Novel-2Dsweep-260516_45.s2p,,,2.8672804543714,2.86728,2.86728,-24.27788816692551,-30.10129094168913,-70.11980784077508,-72.14696598809773,-2.027158147322666,357.97284185267733,117.97284185267733
260519_2dsweep,sim,f_mean,sim,S22,offset_nan,07_3_TDS-body_Novel-2Dsweep-260516_45.s2p,07_3_TDS-body_Novel-2Dsweep-260516_46.s2p,,,2.8672804543714,2.86728,2.86728,-30.10129094168913,-45.81054723302829,-72.14696598809773,-76.99618248483772,-4.8492164967399844,355.15078350326,115.15078350326002
260519_2dsweep,sim,f_mean,sim,S22,offset_nan,07_3_TDS-body_Novel-2Dsweep-260516_46.s2p,07_3_TDS-body_Novel-2Dsweep-260516_47.s2p,,,2.8672804543714,2.86728,2.86728,-45.81054723302829,-34.76624211183825,-76.99618248483772,107.95072897780621,-175.05308853735607,184.94691146264393,-55.053088537356075
260519_2dsweep,sim,f_mean,sim,S22,offset_nan,07_3_TDS-body_Novel-2Dsweep-260516_47.s2p,07_3_TDS-body_Novel-2Dsweep-260516_48.s2p,,,2.8672804543714,2.86728,2.86728,-34.76624211183825,-26.251541930381464,107.95072897780621,101.24263805030716,-6.708090927499029,353.29190907250097,113.29190907250097
260519_2dsweep,sim,f_mean,sim,S22,offset_nan,07_3_TDS-body_Novel-2Dsweep-260516_48.s2p,07_3_TDS-body_Novel-2Dsweep-260516_49.s2p,,,2.8672804543714,2.86728,2.86728,-26.251541930381464,-21.801626479985188,101.24263805030716,99.64450038763789,-1.5981376626692736,358.4018623373307,118.40186233733073
260519_2dsweep,sim,f_mean,sim,S22,offset_nan,07_3_TDS-body_Novel-2Dsweep-260516_49.s2p,07_3_TDS-body_Novel-2Dsweep-260516_5.s2p,,,2.8672804543714,2.86728,2.86728,-21.801626479985188,-35.03787640082499,99.64450038763789,106.0802924003347,6.435792012696822,6.435792012696822,-233.56420798730318
260519_2dsweep,sim,f_mean,sim,S22,offset_nan,07_3_TDS-body_Novel-2Dsweep-260516_5.s2p,07_3_TDS-body_Novel-2Dsweep-260516_50.s2p,,,2.8672804543714,2.86728,2.86728,-35.03787640082499,-19.695243462168545,106.0802924003347,98.72695512162663,-7.353337278708068,352.64666272129193,112.64666272129193
260519_2dsweep,sim,f_mean,sim,S22,offset_nan,07_3_TDS-body_Novel-2Dsweep-260516_50.s2p,07_3_TDS-body_Novel-2Dsweep-260516_51.s2p,,,2.8672804543714,2.86728,2.86728,-19.695243462168545,-17.61032922875437,98.72695512162663,96.08291717802264,-2.6440379436039905,357.35596205639604,117.35596205639604
260519_2dsweep,sim,f_mean,sim,S22,offset_nan,07_3_TDS-body_Novel-2Dsweep-260516_51.s2p,07_3_TDS-body_Novel-2Dsweep-260516_52.s2p,,,2.8672804543714,2.86728,2.86728,-17.61032922875437,-15.747559436716989,96.08291717802264,93.57055222168256,-2.512364956340093,357.4876350436599,117.4876350436599
260519_2dsweep,sim,f_mean,sim,S22,offset_nan,07_3_TDS-body_Novel-2Dsweep-260516_52.s2p,07_3_TDS-body_Novel-2Dsweep-260516_53.s2p,,,2.8672804543714,2.86728,2.86728,-15.747559436716989,-14.262470382374508,93.57055222168256,92.06795257341108,-1.5025996482714845,358.4974003517285,118.49740035172852
260519_2dsweep,sim,f_mean,sim,S22,offset_nan,07_3_TDS-body_Novel-2Dsweep-260516_53.s2p,07_3_TDS-body_Novel-2Dsweep-260516_54.s2p,,,2.8672804543714,2.86728,2.86728,-14.262470382374508,-13.110180948662048,92.06795257341108,89.58424444830085,-2.4837081251102404,357.51629187488976,117.51629187488976
260519_2dsweep,sim,f_mean,sim,S22,offset_nan,07_3_TDS-body_Novel-2Dsweep-260516_54.s2p,07_3_TDS-body_Novel-2Dsweep-260516_55.s2p,,,2.8672804543714,2.86728,2.86728,-13.110180948662048,-12.013848423352435,89.58424444830085,87.46126692910428,-2.1229775191965814,357.8770224808034,117.87702248080342
260519_2dsweep,sim,f_mean,sim,S22,offset_nan,07_3_TDS-body_Novel-2Dsweep-260516_55.s2p,07_3_TDS-body_Novel-2Dsweep-260516_56.s2p,,,2.8672804543714,2.86728,2.86728,-12.013848423352435,-11.099799038331605,87.46126692910428,85.20151273825087,-2.259754190853414,357.7402458091466,117.74024580914659
260519_2dsweep,sim,f_mean,sim,S22,offset_nan,07_3_TDS-body_Novel-2Dsweep-260516_56.s2p,07_3_TDS-body_Novel-2Dsweep-260516_57.s2p,,,2.8672804543714,2.86728,2.86728,-11.099799038331605,-10.314745387716952,85.20151273825087,83.43230511790577,-1.7692076203450995,358.2307923796549,118.23079237965487
260519_2dsweep,sim,f_mean,sim,S22,offset_nan,07_3_TDS-body_Novel-2Dsweep-260516_57.s2p,07_3_TDS-body_Novel-2Dsweep-260516_58.s2p,,,2.8672804543714,2.86728,2.86728,-10.314745387716952,-9.463730404191269,83.43230511790577,81.17434393429203,-2.2579611836137587,357.74203881638624,117.74203881638624
260519_2dsweep,sim,f_mean,sim,S22,offset_nan,07_3_TDS-body_Novel-2Dsweep-260516_58.s2p,07_3_TDS-body_Novel-2Dsweep-260516_59.s2p,,,2.8672804543714,2.86728,2.86728,-9.463730404191269,-8.819622525497643,81.17434393429203,79.09597488020529,-2.0783690540867497,357.92163094591325,117.92163094591325
260519_2dsweep,sim,f_mean,sim,S22,offset_nan,07_3_TDS-body_Novel-2Dsweep-260516_59.s2p,07_3_TDS-body_Novel-2Dsweep-260516_6.s2p,,,2.8672804543714,2.86728,2.86728,-8.819622525497643,-26.763409107908966,79.09597488020529,104.00876946265281,24.912794582447532,24.912794582447532,-215.08720541755247
260519_2dsweep,sim,f_mean,sim,S22,offset_nan,07_3_TDS-body_Novel-2Dsweep-260516_6.s2p,07_3_TDS-body_Novel-2Dsweep-260516_60.s2p,,,2.8672804543714,2.86728,2.86728,-26.763409107908966,-8.218375830640902,104.00876946265281,77.20722259053854,-26.801546872114272,333.1984531278857,93.19845312788573
260519_2dsweep,sim,f_mean,sim,S22,offset_nan,07_3_TDS-body_Novel-2Dsweep-260516_60.s2p,07_3_TDS-body_Novel-2Dsweep-260516_61.s2p,,,2.8672804543714,2.86728,2.86728,-8.218375830640902,-7.698607263633513,77.20722259053854,75.65239770935361,-1.5548248811849135,358.4451751188151,118.44517511881509
260519_2dsweep,sim,f_mean,sim,S22,offset_nan,07_3_TDS-body_Novel-2Dsweep-260516_61.s2p,07_3_TDS-body_Novel-2Dsweep-260516_62.s2p,,,2.8672804543714,2.86728,2.86728,-7.698607263633513,-7.155047130640304,75.65239770935361,73.5871055966484,-2.065292112705208,357.9347078872948,117.93470788729479
260519_2dsweep,sim,f_mean,sim,S22,offset_nan,07_3_TDS-body_Novel-2Dsweep-260516_62.s2p,07_3_TDS-body_Novel-2Dsweep-260516_63.s2p,,,2.8672804543714,2.86728,2.86728,-7.155047130640304,-6.608647401492821,73.5871055966484,71.7025619259598,-1.8845436706886005,358.1154563293114,118.11545632931143
260519_2dsweep,sim,f_mean,sim,S22,offset_nan,07_3_TDS-body_Novel-2Dsweep-260516_63.s2p,07_3_TDS-body_Novel-2Dsweep-260516_64.s2p,,,2.8672804543714,2.86728,2.86728,-6.608647401492821,-6.240149528021925,71.7025619259598,69.82092578027545,-1.8816361456843538,358.11836385431565,118.11836385431565
260519_2dsweep,sim,f_mean,sim,S22,offset_nan,07_3_TDS-body_Novel-2Dsweep-260516_64.s2p,07_3_TDS-body_Novel-2Dsweep-260516_65.s2p,,,2.8672804543714,2.86728,2.86728,-6.240149528021925,-5.847043564739271,69.82092578027545,68.01997490883593,-1.800950871439511,358.1990491285605,118.19904912856049
260519_2dsweep,sim,f_mean,sim,S22,offset_nan,07_3_TDS-body_Novel-2Dsweep-260516_65.s2p,07_3_TDS-body_Novel-2Dsweep-260516_66.s2p,,,2.8672804543714,2.86728,2.86728,-5.847043564739271,-5.507139581879032,68.01997490883593,66.38441795265999,-1.6355569561759467,358.36444304382405,118.36444304382405
260519_2dsweep,sim,f_mean,sim,S22,offset_nan,07_3_TDS-body_Novel-2Dsweep-260516_66.s2p,07_3_TDS-body_Novel-2Dsweep-260516_67.s2p,,,2.8672804543714,2.86728,2.86728,-5.507139581879032,-5.124392108230627,66.38441795265999,64.46599665627633,-1.9184212963836558,358.08157870361634,118.08157870361634
260519_2dsweep,sim,f_mean,sim,S22,offset_nan,07_3_TDS-body_Novel-2Dsweep-260516_67.s2p,07_3_TDS-body_Novel-2Dsweep-260516_68.s2p,,,2.8672804543714,2.86728,2.86728,-5.124392108230627,-4.856948149622253,64.46599665627633,63.14068310425216,-1.32531355202417,358.67468644797583,118.67468644797583
260519_2dsweep,sim,f_mean,sim,S22,offset_nan,07_3_TDS-body_Novel-2Dsweep-260516_68.s2p,07_3_TDS-body_Novel-2Dsweep-260516_69.s2p,,,2.8672804543714,2.86728,2.86728,-4.856948149622253,-4.539655552238233,63.14068310425216,61.2539753471465,-1.886707757105654,358.1132922428943,118.11329224289432
260519_2dsweep,sim,f_mean,sim,S22,offset_nan,07_3_TDS-body_Novel-2Dsweep-260516_69.s2p,07_3_TDS-body_Novel-2Dsweep-260516_7.s2p,,,2.8672804543714,2.86728,2.86728,-4.539655552238233,-22.916634607470737,61.2539753471465,101.2521877777311,39.9982124305846,39.9982124305846,-200.0017875694154
260519_2dsweep,sim,f_mean,sim,S22,offset_nan,07_3_TDS-body_Novel-2Dsweep-260516_7.s2p,07_3_TDS-body_Novel-2Dsweep-260516_70.s2p,,,2.8672804543714,2.86728,2.86728,-22.916634607470737,-4.295361408898344,101.2521877777311,59.94382980110857,-41.30835797662252,318.6916420233775,78.69164202337748
260519_2dsweep,sim,f_mean,sim,S22,offset_nan,07_3_TDS-body_Novel-2Dsweep-260516_70.s2p,07_3_TDS-body_Novel-2Dsweep-260516_71.s2p,,,2.8672804543714,2.86728,2.86728,-4.295361408898344,-4.0383554915043,59.94382980110857,58.36972614195819,-1.5741036591503814,358.4258963408496,118.42589634084959
260519_2dsweep,sim,f_mean,sim,S22,offset_nan,07_3_TDS-body_Novel-2Dsweep-260516_71.s2p,07_3_TDS-body_Novel-2Dsweep-260516_72.s2p,,,2.8672804543714,2.86728,2.86728,-4.0383554915043,-3.837268319960015,58.36972614195819,56.96277420517438,-1.4069519367837984,358.5930480632162,118.5930480632162
260519_2dsweep,sim,f_mean,sim,S22,offset_nan,07_3_TDS-body_Novel-2Dsweep-260516_72.s2p,07_3_TDS-body_Novel-2Dsweep-260516_73.s2p,,,2.8672804543714,2.86728,2.86728,-3.837268319960015,-3.5855683105362197,56.96277420517438,55.33250320631816,-1.6302709988562185,358.3697290011438,118.36972900114381
260519_2dsweep,sim,f_mean,sim,S22,offset_nan,07_3_TDS-body_Novel-2Dsweep-260516_73.s2p,07_3_TDS-body_Novel-2Dsweep-260516_74.s2p,,,2.8672804543714,2.86728,2.86728,-3.5855683105362197,-3.4174786965013757,55.33250320631816,53.844962473449606,-1.4875407328685526,358.5124592671315,118.51245926713148
260519_2dsweep,sim,f_mean,sim,S22,offset_nan,07_3_TDS-body_Novel-2Dsweep-260516_74.s2p,07_3_TDS-body_Novel-2Dsweep-260516_75.s2p,,,2.8672804543714,2.86728,2.86728,-3.4174786965013757,-3.2038910138823846,53.844962473449606,52.49868439573867,-1.3462780777109344,358.65372192228904,118.65372192228904
260519_2dsweep,sim,f_mean,sim,S22,offset_nan,07_3_TDS-body_Novel-2Dsweep-260516_75.s2p,07_3_TDS-body_Novel-2Dsweep-260516_76.s2p,,,2.8672804543714,2.86728,2.86728,-3.2038910138823846,-3.057430055753537,52.49868439573867,51.366791468996325,-1.1318929267423528,358.86810707325765,118.86810707325765
260519_2dsweep,sim,f_mean,sim,S22,offset_nan,07_3_TDS-body_Novel-2Dsweep-260516_76.s2p,07_3_TDS-body_Novel-2Dsweep-260516_77.s2p,,,2.8672804543714,2.86728,2.86728,-3.057430055753537,-2.87972531002163,51.366791468996325,49.974855289269996,-1.391936179726315,358.6080638202737,118.60806382027368
260519_2dsweep,sim,f_mean,sim,S22,offset_nan,07_3_TDS-body_Novel-2Dsweep-260516_77.s2p,07_3_TDS-body_Novel-2Dsweep-260516_78.s2p,,,2.8672804543714,2.86728,2.86728,-2.87972531002163,-2.7312231499149195,49.974855289269996,48.90443087891921,-1.070424410350796,358.9295755896492,118.92957558964918
260519_2dsweep,sim,f_mean,sim,S22,offset_nan,07_3_TDS-body_Novel-2Dsweep-260516_78.s2p,07_3_TDS-body_Novel-2Dsweep-260516_79.s2p,,,2.8672804543714,2.86728,2.86728,-2.7312231499149195,-2.6086261473388728,48.90443087891921,47.654828618816715,-1.249602260102506,358.7503977398975,118.7503977398975
260519_2dsweep,sim,f_mean,sim,S22,offset_nan,07_3_TDS-body_Novel-2Dsweep-260516_79.s2p,07_3_TDS-body_Novel-2Dsweep-260516_8.s2p,,,2.8672804543714,2.86728,2.86728,-2.6086261473388728,-19.609898731086584,47.654828618816715,98.50257619402993,50.84774757521322,50.84774757521322,-189.15225242478678
260519_2dsweep,sim,f_mean,sim,S22,offset_nan,07_3_TDS-body_Novel-2Dsweep-260516_8.s2p,07_3_TDS-body_Novel-2Dsweep-260516_80.s2p,,,2.8672804543714,2.86728,2.86728,-19.609898731086584,-2.483697339513014,98.50257619402993,46.40987212952241,-52.092704064507515,307.90729593549247,67.90729593549247
260519_2dsweep,sim,f_mean,sim,S22,offset_nan,07_3_TDS-body_Novel-2Dsweep-260516_80.s2p,07_3_TDS-body_Novel-2Dsweep-260516_81.s2p,,,2.8672804543714,2.86728,2.86728,-2.483697339513014,-2.3514151136439128,46.40987212952241,45.339164656259804,-1.0707074732626154,358.9292925267374,118.92929252673741
260519_2dsweep,sim,f_mean,sim,S22,offset_nan,07_3_TDS-body_Novel-2Dsweep-260516_81.s2p,07_3_TDS-body_Novel-2Dsweep-260516_82.s2p,,,2.8672804543714,2.86728,2.86728,-2.3514151136439128,-2.2451122661178338,45.339164656259804,44.20100578597162,-1.13815887028818,358.8618411297118,118.86184112971182
260519_2dsweep,sim,f_mean,sim,S22,offset_nan,07_3_TDS-body_Novel-2Dsweep-260516_82.s2p,07_3_TDS-body_Novel-2Dsweep-260516_83.s2p,,,2.8672804543714,2.86728,2.86728,-2.2451122661178338,-16.1663430244261,44.20100578597162,-64.67047204706427,-108.87147783303588,251.1285221669641,11.128522166964103
260519_2dsweep,sim,f_mean,sim,S22,offset_nan,07_3_TDS-body_Novel-2Dsweep-260516_83.s2p,07_3_TDS-body_Novel-2Dsweep-260516_84.s2p,,,2.8672804543714,2.86728,2.86728,-16.1663430244261,-16.549257670043875,-64.67047204706427,-65.51768378537514,-0.8472117383108753,359.1527882616891,119.15278826168912
260519_2dsweep,sim,f_mean,sim,S22,offset_nan,07_3_TDS-body_Novel-2Dsweep-260516_84.s2p,07_3_TDS-body_Novel-2Dsweep-260516_85.s2p,,,2.8672804543714,2.86728,2.86728,-16.549257670043875,-18.060648911802282,-65.51768378537514,-67.29639108448644,-1.7787072991113178,358.2212927008887,118.22129270088868
260519_2dsweep,sim,f_mean,sim,S22,offset_nan,07_3_TDS-body_Novel-2Dsweep-260516_85.s2p,07_3_TDS-body_Novel-2Dsweep-260516_86.s2p,,,2.8672804543714,2.86728,2.86728,-18.060648911802282,-20.02495720205293,-67.29639108448644,-69.45987650353007,-2.1634854190436386,357.83651458095636,117.83651458095636
260519_2dsweep,sim,f_mean,sim,S22,offset_nan,07_3_TDS-body_Novel-2Dsweep-260516_86.s2p,07_3_TDS-body_Novel-2Dsweep-260516_87.s2p,,,2.8672804543714,2.86728,2.86728,-20.02495720205293,-22.780338071174853,-69.45987650353007,-72.19307358978344,-2.7331970862533694,357.26680291374663,117.26680291374663
260519_2dsweep,sim,f_mean,sim,S22,offset_nan,07_3_TDS-body_Novel-2Dsweep-260516_87.s2p,07_3_TDS-body_Novel-2Dsweep-260516_88.s2p,,,2.8672804543714,2.86728,2.86728,-22.780338071174853,-26.60951077084548,-72.19307358978344,-73.62086489186133,-1.4277913020778783,358.5722086979221,118.57220869792212
260519_2dsweep,sim,f_mean,sim,S22,offset_nan,07_3_TDS-body_Novel-2Dsweep-260516_88.s2p,07_3_TDS-body_Novel-2Dsweep-260516_89.s2p,,,2.8672804543714,2.86728,2.86728,-26.60951077084548,-34.38377081360518,-73.62086489186133,-76.33022976355991,-2.7093648716985967,357.2906351283014,117.2906351283014
260519_2dsweep,sim,f_mean,sim,S22,offset_nan,07_3_TDS-body_Novel-2Dsweep-260516_89.s2p,07_3_TDS-body_Novel-2Dsweep-260516_9.s2p,,,2.8672804543714,2.86728,2.86728,-34.38377081360518,-17.581430233255745,-76.33022976355991,94.00288726381365,170.33311702737353,170.33311702737353,-69.66688297262647
260519_2dsweep,sim,f_mean,sim,S22,offset_nan,07_3_TDS-body_Novel-2Dsweep-260516_9.s2p,07_3_TDS-body_Novel-2Dsweep-260516_90.s2p,,,2.8672804543714,2.86728,2.86728,-17.581430233255745,-42.118305171026776,94.00288726381365,103.33500593164462,9.332118667830969,9.332118667830969,-230.66788133216903
260519_2dsweep,sim,f_mean,sim,S22,offset_nan,07_3_TDS-body_Novel-2Dsweep-260516_90.s2p,07_3_TDS-body_Novel-2Dsweep-260516_91.s2p,,,2.8672804543714,2.86728,2.86728,-42.118305171026776,-28.89774085919528,103.33500593164462,102.46775967351203,-0.8672462581325817,359.1327537418674,119.13275374186742
260519_2dsweep,sim,f_mean,sim,S22,offset_nan,07_3_TDS-body_Novel-2Dsweep-260516_91.s2p,07_3_TDS-body_Novel-2Dsweep-260516_92.s2p,,,2.8672804543714,2.86728,2.86728,-28.89774085919528,-23.69332787846119,102.46775967351203,98.50240245828039,-3.9653572152316485,356.0346427847684,116.03464278476838
260519_2dsweep,sim,f_mean,sim,S22,offset_nan,07_3_TDS-body_Novel-2Dsweep-260516_92.s2p,07_3_TDS-body_Novel-2Dsweep-260516_93.s2p,,,2.8672804543714,2.86728,2.86728,-23.69332787846119,-20.944783034098542,98.50240245828039,97.03753715052875,-1.4648653077516371,358.53513469224833,118.53513469224833
260519_2dsweep,sim,f_mean,sim,S22,offset_nan,07_3_TDS-body_Novel-2Dsweep-260516_93.s2p,07_3_TDS-body_Novel-2Dsweep-260516_94.s2p,,,2.8672804543714,2.86728,2.86728,-20.944783034098542,-18.215166076385504,97.03753715052875,94.52291853456123,-2.514618615967521,357.4853813840325,117.48538138403251
260519_2dsweep,sim,f_mean,sim,S22,offset_nan,07_3_TDS-body_Novel-2Dsweep-260516_94.s2p,07_3_TDS-body_Novel-2Dsweep-260516_95.s2p,,,2.8672804543714,2.86728,2.86728,-18.215166076385504,-16.254882933605618,94.52291853456123,92.41305346578814,-2.1098650687731038,357.8901349312269,117.8901349312269
260519_2dsweep,sim,f_mean,sim,S22,offset_nan,07_3_TDS-body_Novel-2Dsweep-260516_95.s2p,07_3_TDS-body_Novel-2Dsweep-260516_96.s2p,,,2.8672804543714,2.86728,2.86728,-16.254882933605618,-14.815111520875286,92.41305346578814,90.79234221961462,-1.6207112461735278,358.3792887538265,118.37928875382647
260519_2dsweep,sim,f_mean,sim,S22,offset_nan,07_3_TDS-body_Novel-2Dsweep-260516_96.s2p,07_3_TDS-body_Novel-2Dsweep-260516_97.s2p,,,2.8672804543714,2.86728,2.86728,-14.815111520875286,-13.520965327382491,90.79234221961462,88.52638081801994,-2.265961401594666,357.73403859840533,117.73403859840533
260519_2dsweep,sim,f_mean,sim,S22,offset_nan,07_3_TDS-body_Novel-2Dsweep-260516_97.s2p,07_3_TDS-body_Novel-2Dsweep-260516_98.s2p,,,2.8672804543714,2.86728,2.86728,-13.520965327382491,-12.31590872437306,88.52638081801994,85.0875347293109,-3.438846088709056,356.56115391129094,116.56115391129094
260519_2dsweep,sim,f_mean,sim,S22,offset_nan,07_3_TDS-body_Novel-2Dsweep-260516_98.s2p,07_3_TDS-body_Novel-2Dsweep-260516_99.s2p,,,2.8672804543714,2.86728,2.86728,-12.31590872437306,-11.435424311885667,85.0875347293109,84.64461830588571,-0.44291642342517434,359.5570835765748,119.55708357657483
260519_2dsweep,sim,f_pi2,sim,S11,offset_nan,07_3_TDS-body_Novel-2Dsweep-260516_1.s2p,07_3_TDS-body_Novel-2Dsweep-260516_10.s2p,,,2.8774448751896,2.87745,2.87745,-0.9651125849159572,-0.765806103445533,2.1498133608335706,-0.7573199887213017,-2.9071333495548686,357.0928666504451,117.0928666504451
260519_2dsweep,sim,f_pi2,sim,S11,offset_nan,07_3_TDS-body_Novel-2Dsweep-260516_10.s2p,07_3_TDS-body_Novel-2Dsweep-260516_100.s2p,,,2.8774448751896,2.87745,2.87745,-0.765806103445533,-0.6247551709513572,-0.7573199887213017,-3.546293919858677,-2.7889739311373773,357.2110260688626,117.21102606886262
260519_2dsweep,sim,f_pi2,sim,S11,offset_nan,07_3_TDS-body_Novel-2Dsweep-260516_100.s2p,07_3_TDS-body_Novel-2Dsweep-260516_101.s2p,,,2.8774448751896,2.87745,2.87745,-0.6247551709513572,-0.6078767788620689,-3.546293919858677,-3.7733288467850445,-0.22703492692636473,359.77296507307364,119.77296507307364
260519_2dsweep,sim,f_pi2,sim,S11,offset_nan,07_3_TDS-body_Novel-2Dsweep-260516_101.s2p,07_3_TDS-body_Novel-2Dsweep-260516_103.s2p,,,2.8774448751896,2.87745,2.87745,-0.6078767788620689,-0.808941543505798,-3.7733288467850445,-4.058975144063,-0.28564629727796387,359.71435370272206,119.71435370272206
260519_2dsweep,sim,f_pi2,sim,S11,offset_nan,07_3_TDS-body_Novel-2Dsweep-260516_103.s2p,07_3_TDS-body_Novel-2Dsweep-260516_104.s2p,,,2.8774448751896,2.87745,2.87745,-0.808941543505798,-0.6574900246386559,-4.058975144063,-6.552183320363699,-2.4932081763006977,357.5067918236993,117.5067918236993
260519_2dsweep,sim,f_pi2,sim,S11,offset_nan,07_3_TDS-body_Novel-2Dsweep-260516_104.s2p,07_3_TDS-body_Novel-2Dsweep-260516_105.s2p,,,2.8774448751896,2.87745,2.87745,-0.6574900246386559,-0.5557601470853077,-6.552183320363699,-8.424612118506088,-1.87242879814238,358.1275712018576,118.12757120185762
260519_2dsweep,sim,f_pi2,sim,S11,offset_nan,07_3_TDS-body_Novel-2Dsweep-260516_105.s2p,07_3_TDS-body_Novel-2Dsweep-260516_106.s2p,,,2.8774448751896,2.87745,2.87745,-0.5557601470853077,-0.4832821740285282,-8.424612118506088,-9.983143163802106,-1.5585310452960073,358.44146895470396,118.44146895470396
260519_2dsweep,sim,f_pi2,sim,S11,offset_nan,07_3_TDS-body_Novel-2Dsweep-260516_106.s2p,07_3_TDS-body_Novel-2Dsweep-260516_107.s2p,,,2.8774448751896,2.87745,2.87745,-0.4832821740285282,-0.4279582559288687,-9.983143163802106,-11.176869991151735,-1.1937268273496215,358.8062731726504,118.80627317265038
260519_2dsweep,sim,f_pi2,sim,S11,offset_nan,07_3_TDS-body_Novel-2Dsweep-260516_107.s2p,07_3_TDS-body_Novel-2Dsweep-260516_108.s2p,,,2.8774448751896,2.87745,2.87745,-0.4279582559288687,-0.6212442825325295,-11.176869991151735,-10.159179511845917,1.017690479305827,1.017690479305827,-238.98230952069417
260519_2dsweep,sim,f_pi2,sim,S11,offset_nan,07_3_TDS-body_Novel-2Dsweep-260516_108.s2p,07_3_TDS-body_Novel-2Dsweep-260516_109.s2p,,,2.8774448751896,2.87745,2.87745,-0.6212442825325295,-0.537090964892434,-10.159179511845917,-11.967636017149992,-1.8084565053040649,358.1915434946959,118.1915434946959
260519_2dsweep,sim,f_pi2,sim,S11,offset_nan,07_3_TDS-body_Novel-2Dsweep-260516_109.s2p,07_3_TDS-body_Novel-2Dsweep-260516_11.s2p,,,2.8774448751896,2.87745,2.87745,-0.537090964892434,-0.7467676227470982,-11.967636017149992,-1.0049945358146206,10.962641481335368,10.962641481335368,-229.03735851866463
260519_2dsweep,sim,f_pi2,sim,S11,offset_nan,07_3_TDS-body_Novel-2Dsweep-260516_11.s2p,07_3_TDS-body_Novel-2Dsweep-260516_110.s2p,,,2.8774448751896,2.87745,2.87745,-0.7467676227470982,-0.47740746858595773,-1.0049945358146206,-13.350349155448697,-12.345354619634065,347.65464538036593,107.65464538036593
260519_2dsweep,sim,f_pi2,sim,S11,offset_nan,07_3_TDS-body_Novel-2Dsweep-260516_110.s2p,07_3_TDS-body_Novel-2Dsweep-260516_111.s2p,,,2.8774448751896,2.87745,2.87745,-0.47740746858595773,-0.43294034777794277,-13.350349155448697,-14.561515089869664,-1.2111659344209613,358.78883406557907,118.78883406557907
260519_2dsweep,sim,f_pi2,sim,S11,offset_nan,07_3_TDS-body_Novel-2Dsweep-260516_111.s2p,07_3_TDS-body_Novel-2Dsweep-260516_112.s2p,,,2.8774448751896,2.87745,2.87745,-0.43294034777794277,-0.3991599806947169,-14.561515089869664,-15.518180477462858,-0.9566653875932047,359.0433346124068,119.0433346124068
260519_2dsweep,sim,f_pi2,sim,S11,offset_nan,07_3_TDS-body_Novel-2Dsweep-260516_112.s2p,07_3_TDS-body_Novel-2Dsweep-260516_113.s2p,,,2.8774448751896,2.87745,2.87745,-0.3991599806947169,-0.4396250890702784,-15.518180477462858,-15.427721315143229,0.09045916231963247,0.09045916231963247,-239.90954083768037
260519_2dsweep,sim,f_pi2,sim,S11,offset_nan,07_3_TDS-body_Novel-2Dsweep-260516_113.s2p,07_3_TDS-body_Novel-2Dsweep-260516_114.s2p,,,2.8774448751896,2.87745,2.87745,-0.4396250890702784,-0.40542314041500704,-15.427721315143229,-16.6605166074331,-1.2327952922898646,358.7672047077101,118.7672047077101
260519_2dsweep,sim,f_pi2,sim,S11,offset_nan,07_3_TDS-body_Novel-2Dsweep-260516_114.s2p,07_3_TDS-body_Novel-2Dsweep-260516_115.s2p,,,2.8774448751896,2.87745,2.87745,-0.40542314041500704,-0.3856846753547937,-16.6605166074331,-17.669129517465045,-1.0086129100319567,358.99138708996804,118.99138708996804
260519_2dsweep,sim,f_pi2,sim,S11,offset_nan,07_3_TDS-body_Novel-2Dsweep-260516_115.s2p,07_3_TDS-body_Novel-2Dsweep-260516_116.s2p,,,2.8774448751896,2.87745,2.87745,-0.3856846753547937,-0.36241069920721725,-17.669129517465045,-18.59909351882713,-0.9299640013620945,359.0700359986379,119.07003599863788
260519_2dsweep,sim,f_pi2,sim,S11,offset_nan,07_3_TDS-body_Novel-2Dsweep-260516_116.s2p,07_3_TDS-body_Novel-2Dsweep-260516_117.s2p,,,2.8774448751896,2.87745,2.87745,-0.36241069920721725,-0.34898874331100205,-18.59909351882713,-19.324698670875904,-0.7256051520487858,359.2743948479512,119.27439484795121
260519_2dsweep,sim,f_pi2,sim,S11,offset_nan,07_3_TDS-body_Novel-2Dsweep-260516_117.s2p,07_3_TDS-body_Novel-2Dsweep-260516_118.s2p,,,2.8774448751896,2.87745,2.87745,-0.34898874331100205,-0.2959002695163814,-19.324698670875904,-19.700214843609334,-0.37551617273342686,359.62448382726654,119.62448382726654
260519_2dsweep,sim,f_pi2,sim,S11,offset_nan,07_3_TDS-body_Novel-2Dsweep-260516_118.s2p,07_3_TDS-body_Novel-2Dsweep-260516_119.s2p,,,2.8774448751896,2.87745,2.87745,-0.2959002695163814,-0.2893995595638946,-19.700214843609334,-20.55359905537728,-0.8533842117679455,359.14661578823205,119.14661578823205
260519_2dsweep,sim,f_pi2,sim,S11,offset_nan,07_3_TDS-body_Novel-2Dsweep-260516_119.s2p,07_3_TDS-body_Novel-2Dsweep-260516_12.s2p,,,2.8774448751896,2.87745,2.87745,-0.2893995595638946,-0.7322444265418231,-20.55359905537728,-1.3267537990376983,19.226845256339573,19.226845256339573,-220.77315474366043
260519_2dsweep,sim,f_pi2,sim,S11,offset_nan,07_3_TDS-body_Novel-2Dsweep-260516_12.s2p,07_3_TDS-body_Novel-2Dsweep-260516_120.s2p,,,2.8774448751896,2.87745,2.87745,-0.7322444265418231,-0.285509639642132,-1.3267537990376983,-21.24047091961765,-19.913717120579946,340.0862828794201,100.08628287942008
260519_2dsweep,sim,f_pi2,sim,S11,offset_nan,07_3_TDS-body_Novel-2Dsweep-260516_120.s2p,07_3_TDS-body_Novel-2Dsweep-260516_121.s2p,,,2.8774448751896,2.87745,2.87745,-0.285509639642132,-0.2859756034696155,-21.24047091961765,-21.95034309408157,-0.7098721744639249,359.29012782553605,119.29012782553605
260519_2dsweep,sim,f_pi2,sim,S11,offset_nan,07_3_TDS-body_Novel-2Dsweep-260516_121.s2p,07_3_TDS-body_Novel-2Dsweep-260516_122.s2p,,,2.8774448751896,2.87745,2.87745,-0.2859756034696155,-0.28797881434662603,-21.95034309408157,-22.621426164700363,-0.6710830706188062,359.3289169293812,119.3289169293812
260519_2dsweep,sim,f_pi2,sim,S11,offset_nan,07_3_TDS-body_Novel-2Dsweep-260516_122.s2p,07_3_TDS-body_Novel-2Dsweep-260516_13.s2p,,,2.8774448751896,2.87745,2.87745,-0.28797881434662603,-0.715350947591734,-22.621426164700363,-1.5638387511244398,21.05758741357593,21.05758741357593,-218.94241258642407
260519_2dsweep,sim,f_pi2,sim,S11,offset_nan,07_3_TDS-body_Novel-2Dsweep-260516_13.s2p,07_3_TDS-body_Novel-2Dsweep-260516_14.s2p,,,2.8774448751896,2.87745,2.87745,-0.715350947591734,-0.6991340046330683,-1.5638387511244398,-1.8146798957456225,-0.2508411446211767,359.7491588553788,119.74915885537882
260519_2dsweep,sim,f_pi2,sim,S11,offset_nan,07_3_TDS-body_Novel-2Dsweep-260516_14.s2p,07_3_TDS-body_Novel-2Dsweep-260516_15.s2p,,,2.8774448751896,2.87745,2.87745,-0.6991340046330683,-0.6846639921067339,-1.8146798957456225,-2.091768076434313,-0.27708818068867913,359.7229118193113,119.72291181931132
260519_2dsweep,sim,f_pi2,sim,S11,offset_nan,07_3_TDS-body_Novel-2Dsweep-260516_15.s2p,07_3_TDS-body_Novel-2Dsweep-260516_16.s2p,,,2.8774448751896,2.87745,2.87745,-0.6846639921067339,-0.6696758717182856,-2.091768076434313,-2.2975140169941963,-0.20574594055989337,359.7942540594401,119.7942540594401
260519_2dsweep,sim,f_pi2,sim,S11,offset_nan,07_3_TDS-body_Novel-2Dsweep-260516_16.s2p,07_3_TDS-body_Novel-2Dsweep-260516_17.s2p,,,2.8774448751896,2.87745,2.87745,-0.6696758717182856,-0.6567118136217477,-2.2975140169941963,-2.5679140690207656,-0.2704000520265595,359.72959994797344,119.72959994797344
260519_2dsweep,sim,f_pi2,sim,S11,offset_nan,07_3_TDS-body_Novel-2Dsweep-260516_17.s2p,07_3_TDS-body_Novel-2Dsweep-260516_18.s2p,,,2.8774448751896,2.87745,2.87745,-0.6567118136217477,-0.642713870050259,-2.5679140690207656,-2.78646433840397,-0.21855026938320066,359.7814497306168,119.78144973061683
260519_2dsweep,sim,f_pi2,sim,S11,offset_nan,07_3_TDS-body_Novel-2Dsweep-260516_18.s2p,07_3_TDS-body_Novel-2Dsweep-260516_19.s2p,,,2.8774448751896,2.87745,2.87745,-0.642713870050259,-0.6311458247346969,-2.78646433840397,-3.0351779712283946,-0.24871363282443326,359.75128636717557,119.75128636717557
260519_2dsweep,sim,f_pi2,sim,S11,offset_nan,07_3_TDS-body_Novel-2Dsweep-260516_19.s2p,07_3_TDS-body_Novel-2Dsweep-260516_2.s2p,,,2.8774448751896,2.87745,2.87745,-0.6311458247346969,-0.9366387629274997,-3.0351779712283946,1.8263011157450124,4.861479086973418,4.861479086973418,-235.13852091302658
260519_2dsweep,sim,f_pi2,sim,S11,offset_nan,07_3_TDS-body_Novel-2Dsweep-260516_2.s2p,07_3_TDS-body_Novel-2Dsweep-260516_20.s2p,,,2.8774448751896,2.87745,2.87745,-0.9366387629274997,-0.6179603185283724,1.8263011157450124,-3.2597512703266416,-5.086052386071657,354.91394761392837,114.91394761392837
260519_2dsweep,sim,f_pi2,sim,S11,offset_nan,07_3_TDS-body_Novel-2Dsweep-260516_20.s2p,07_3_TDS-body_Novel-2Dsweep-260516_21.s2p,,,2.8774448751896,2.87745,2.87745,-0.6179603185283724,-0.605955920090552,-3.2597512703266416,-3.452788370742063,-0.19303710041540967,359.8069628995846,119.80696289958462
260519_2dsweep,sim,f_pi2,sim,S11,offset_nan,07_3_TDS-body_Novel-2Dsweep-260516_21.s2p,07_3_TDS-body_Novel-2Dsweep-260516_22.s2p,,,2.8774448751896,2.87745,2.87745,-0.605955920090552,-0.595566355272932,-3.452788370742063,-3.6769163112446406,-0.22412794050256934,359.77587205949743,119.77587205949743
260519_2dsweep,sim,f_pi2,sim,S11,offset_nan,07_3_TDS-body_Novel-2Dsweep-260516_22.s2p,07_3_TDS-body_Novel-2Dsweep-260516_23.s2p,,,2.8774448751896,2.87745,2.87745,-0.595566355272932,-0.5848871129389707,-3.6769163112446406,-3.8779281927030755,-0.20101188145844162,359.79898811854156,119.79898811854156
260519_2dsweep,sim,f_pi2,sim,S11,offset_nan,07_3_TDS-body_Novel-2Dsweep-260516_23.s2p,07_3_TDS-body_Novel-2Dsweep-260516_24.s2p,,,2.8774448751896,2.87745,2.87745,-0.5848871129389707,-0.5739288923564831,-3.8779281927030755,-4.08685809640859,-0.2089299037055241,359.79107009629445,119.79107009629445
260519_2dsweep,sim,f_pi2,sim,S11,offset_nan,07_3_TDS-body_Novel-2Dsweep-260516_24.s2p,07_3_TDS-body_Novel-2Dsweep-260516_25.s2p,,,2.8774448751896,2.87745,2.87745,-0.5739288923564831,-0.5630538442609,-4.08685809640859,-4.254901875816932,-0.16804377940835025,359.8319562205917,119.83195622059168
260519_2dsweep,sim,f_pi2,sim,S11,offset_nan,07_3_TDS-body_Novel-2Dsweep-260516_25.s2p,07_3_TDS-body_Novel-2Dsweep-260516_26.s2p,,,2.8774448751896,2.87745,2.87745,-0.5630538442609,-0.5525346740580567,-4.254901875816932,-4.454053495900035,-0.19915162008311427,359.8008483799169,119.80084837991689
260519_2dsweep,sim,f_pi2,sim,S11,offset_nan,07_3_TDS-body_Novel-2Dsweep-260516_26.s2p,07_3_TDS-body_Novel-2Dsweep-260516_27.s2p,,,2.8774448751896,2.87745,2.87745,-0.5525346740580567,-0.5431628771226322,-4.454053495900035,-4.63757363402656,-0.18352013812653922,359.81647986187346,119.81647986187346
260519_2dsweep,sim,f_pi2,sim,S11,offset_nan,07_3_TDS-body_Novel-2Dsweep-260516_27.s2p,07_3_TDS-body_Novel-2Dsweep-260516_28.s2p,,,2.8774448751896,2.87745,2.87745,-0.5431628771226322,-0.5338963676334043,-4.63757363402656,-4.824305209418319,-0.18673157539174667,359.8132684246083,119.81326842460828
260519_2dsweep,sim,f_pi2,sim,S11,offset_nan,07_3_TDS-body_Novel-2Dsweep-260516_28.s2p,07_3_TDS-body_Novel-2Dsweep-260516_29.s2p,,,2.8774448751896,2.87745,2.87745,-0.5338963676334043,-0.5237667649927664,-4.824305209418319,-4.9828903198985595,-0.1585851104802316,359.8414148895198,119.8414148895198
260519_2dsweep,sim,f_pi2,sim,S11,offset_nan,07_3_TDS-body_Novel-2Dsweep-260516_29.s2p,07_3_TDS-body_Novel-2Dsweep-260516_3.s2p,,,2.8774448751896,2.87745,2.87745,-0.5237667649927664,-0.9124603096181559,-4.9828903198985595,1.4547040857810096,6.437594405679562,6.437594405679562,-233.56240559432044
260519_2dsweep,sim,f_pi2,sim,S11,offset_nan,07_3_TDS-body_Novel-2Dsweep-260516_3.s2p,07_3_TDS-body_Novel-2Dsweep-260516_30.s2p,,,2.8774448751896,2.87745,2.87745,-0.9124603096181559,-0.5161676587389747,1.4547040857810096,-5.1732536149329995,-6.627957700714006,353.372042299286,113.37204229928602
260519_2dsweep,sim,f_pi2,sim,S11,offset_nan,07_3_TDS-body_Novel-2Dsweep-260516_30.s2p,07_3_TDS-body_Novel-2Dsweep-260516_31.s2p,,,2.8774448751896,2.87745,2.87745,-0.5161676587389747,-0.5082562212061846,-5.1732536149329995,-5.3547787023241025,-0.18152508739109408,359.8184749126089,119.8184749126089
260519_2dsweep,sim,f_pi2,sim,S11,offset_nan,07_3_TDS-body_Novel-2Dsweep-260516_31.s2p,07_3_TDS-body_Novel-2Dsweep-260516_32.s2p,,,2.8774448751896,2.87745,2.87745,-0.5082562212061846,-0.5000078862250866,-5.3547787023241025,-5.530296549831352,-0.1755178475072512,359.82448215249275,119.82448215249275
260519_2dsweep,sim,f_pi2,sim,S11,offset_nan,07_3_TDS-body_Novel-2Dsweep-260516_32.s2p,07_3_TDS-body_Novel-2Dsweep-260516_33.s2p,,,2.8774448751896,2.87745,2.87745,-0.5000078862250866,-0.4917281657250191,-5.530296549831352,-5.682726384604231,-0.15242983477287453,359.8475701652271,119.84757016522713
260519_2dsweep,sim,f_pi2,sim,S11,offset_nan,07_3_TDS-body_Novel-2Dsweep-260516_33.s2p,07_3_TDS-body_Novel-2Dsweep-260516_34.s2p,,,2.8774448751896,2.87745,2.87745,-0.4917281657250191,-0.48624068043499424,-5.682726384604231,-5.901877319948012,-0.2191509353437766,359.7808490646562,119.7808490646562
260519_2dsweep,sim,f_pi2,sim,S11,offset_nan,07_3_TDS-body_Novel-2Dsweep-260516_34.s2p,07_3_TDS-body_Novel-2Dsweep-260516_35.s2p,,,2.8774448751896,2.87745,2.87745,-0.48624068043499424,-0.4773154370179849,-5.901877319948012,-6.033229872128622,-0.13135255218060138,359.8686474478194,119.8686474478194
260519_2dsweep,sim,f_pi2,sim,S11,offset_nan,07_3_TDS-body_Novel-2Dsweep-260516_35.s2p,07_3_TDS-body_Novel-2Dsweep-260516_36.s2p,,,2.8774448751896,2.87745,2.87745,-0.4773154370179849,-0.47078867025204724,-6.033229872128622,-6.192344362211844,-0.1591144900832262,359.8408855099168,119.8408855099168
260519_2dsweep,sim,f_pi2,sim,S11,offset_nan,07_3_TDS-body_Novel-2Dsweep-260516_36.s2p,07_3_TDS-body_Novel-2Dsweep-260516_37.s2p,,,2.8774448751896,2.87745,2.87745,-0.47078867025204724,-0.4644393641335479,-6.192344362211844,-6.364376176596294,-0.17203181438443949,359.82796818561553,119.82796818561553
260519_2dsweep,sim,f_pi2,sim,S11,offset_nan,07_3_TDS-body_Novel-2Dsweep-260516_37.s2p,07_3_TDS-body_Novel-2Dsweep-260516_38.s2p,,,2.8774448751896,2.87745,2.87745,-0.4644393641335479,-0.45708345132230815,-6.364376176596294,-6.485445158673442,-0.12106898207713357,359.87893101792287,119.87893101792287
260519_2dsweep,sim,f_pi2,sim,S11,offset_nan,07_3_TDS-body_Novel-2Dsweep-260516_38.s2p,07_3_TDS-body_Novel-2Dsweep-260516_39.s2p,,,2.8774448751896,2.87745,2.87745,-0.45708345132230815,-0.4499101538278636,-6.485445158673442,-6.609886151204185,-0.1244409925307366,359.8755590074693,119.87555900746929
260519_2dsweep,sim,f_pi2,sim,S11,offset_nan,07_3_TDS-body_Novel-2Dsweep-260516_39.s2p,07_3_TDS-body_Novel-2Dsweep-260516_4.s2p,,,2.8774448751896,2.87745,2.87745,-0.4499101538278636,-0.8892162910811285,-6.609886151204185,1.1046771033687242,7.714563254572909,7.714563254572909,-232.2854367454271
260519_2dsweep,sim,f_pi2,sim,S11,offset_nan,07_3_TDS-body_Novel-2Dsweep-260516_4.s2p,07_3_TDS-body_Novel-2Dsweep-260516_40.s2p,,,2.8774448751896,2.87745,2.87745,-0.8892162910811285,-0.4438978412913988,1.1046771033687242,-6.7709946817769575,-7.87567178514567,352.12432821485436,112.12432821485436
260519_2dsweep,sim,f_pi2,sim,S11,offset_nan,07_3_TDS-body_Novel-2Dsweep-260516_40.s2p,07_3_TDS-body_Novel-2Dsweep-260516_41.s2p,,,2.8774448751896,2.87745,2.87745,-0.4438978412913988,-0.438346303364368,-6.7709946817769575,-6.925381534619226,-0.15438685284226494,359.84561314715774,119.84561314715774
260519_2dsweep,sim,f_pi2,sim,S11,offset_nan,07_3_TDS-body_Novel-2Dsweep-260516_41.s2p,07_3_TDS-body_Novel-2Dsweep-260516_42.s2p,,,2.8774448751896,2.87745,2.87745,-0.438346303364368,-0.9532838401828587,-6.925381534619226,1.5018785782641126,8.427260112883346,8.427260112883346,-231.57273988711665
260519_2dsweep,sim,f_pi2,sim,S11,offset_nan,07_3_TDS-body_Novel-2Dsweep-260516_42.s2p,07_3_TDS-body_Novel-2Dsweep-260516_43.s2p,,,2.8774448751896,2.87745,2.87745,-0.9532838401828587,-0.927946373168611,1.5018785782641126,1.1448900218975941,-0.35698855636653093,359.64301144363344,119.64301144363344
260519_2dsweep,sim,f_pi2,sim,S11,offset_nan,07_3_TDS-body_Novel-2Dsweep-260516_43.s2p,07_3_TDS-body_Novel-2Dsweep-260516_44.s2p,,,2.8774448751896,2.87745,2.87745,-0.927946373168611,-0.905339185105078,1.1448900218975941,0.8047717323796395,-0.3401182895179602,359.65988171048207,119.65988171048207
260519_2dsweep,sim,f_pi2,sim,S11,offset_nan,07_3_TDS-body_Novel-2Dsweep-260516_44.s2p,07_3_TDS-body_Novel-2Dsweep-260516_45.s2p,,,2.8774448751896,2.87745,2.87745,-0.905339185105078,-0.8801251935751009,0.8047717323796395,0.42603735383599745,-0.37873437854364056,359.62126562145636,119.62126562145636
260519_2dsweep,sim,f_pi2,sim,S11,offset_nan,07_3_TDS-body_Novel-2Dsweep-260516_45.s2p,07_3_TDS-body_Novel-2Dsweep-260516_46.s2p,,,2.8774448751896,2.87745,2.87745,-0.8801251935751009,-0.8584794133356732,0.42603735383599745,0.11970119536247853,-0.3063361584735276,359.6936638415265,119.69366384152647
260519_2dsweep,sim,f_pi2,sim,S11,offset_nan,07_3_TDS-body_Novel-2Dsweep-260516_46.s2p,07_3_TDS-body_Novel-2Dsweep-260516_47.s2p,,,2.8774448751896,2.87745,2.87745,-0.8584794133356732,-0.8369450615586377,0.11970119536247853,-0.17242897849848485,-0.2921301738609543,359.707869826139,119.70786982613902
260519_2dsweep,sim,f_pi2,sim,S11,offset_nan,07_3_TDS-body_Novel-2Dsweep-260516_47.s2p,07_3_TDS-body_Novel-2Dsweep-260516_48.s2p,,,2.8774448751896,2.87745,2.87745,-0.8369450615586377,-0.816658679927391,-0.17242897849848485,-0.505799639982906,-0.3333706614844232,359.6666293385156,119.66662933851558
260519_2dsweep,sim,f_pi2,sim,S11,offset_nan,07_3_TDS-body_Novel-2Dsweep-260516_48.s2p,07_3_TDS-body_Novel-2Dsweep-260516_49.s2p,,,2.8774448751896,2.87745,2.87745,-0.816658679927391,-0.797266869611819,-0.505799639982906,-0.8055792933466718,-0.2997796533637711,359.70022034663623,119.70022034663623
260519_2dsweep,sim,f_pi2,sim,S11,offset_nan,07_3_TDS-body_Novel-2Dsweep-260516_49.s2p,07_3_TDS-body_Novel-2Dsweep-260516_5.s2p,,,2.8774448751896,2.87745,2.87745,-0.797266869611819,-0.8641201239433026,-0.8055792933466718,0.7905754813035912,1.5961547746502731,1.5961547746502731,-238.40384522534973
260519_2dsweep,sim,f_pi2,sim,S11,offset_nan,07_3_TDS-body_Novel-2Dsweep-260516_5.s2p,07_3_TDS-body_Novel-2Dsweep-260516_50.s2p,,,2.8774448751896,2.87745,2.87745,-0.8641201239433026,-0.7771555892515541,0.7905754813035912,-1.0519384187211251,-1.842513900024727,358.15748609997524,118.15748609997524
260519_2dsweep,sim,f_pi2,sim,S11,offset_nan,07_3_TDS-body_Novel-2Dsweep-260516_50.s2p,07_3_TDS-body_Novel-2Dsweep-260516_51.s2p,,,2.8774448751896,2.87745,2.87745,-0.7771555892515541,-0.7594846701384701,-1.0519384187211251,-1.3484423529933827,-0.2965039342722662,359.70349606572773,119.70349606572773
260519_2dsweep,sim,f_pi2,sim,S11,offset_nan,07_3_TDS-body_Novel-2Dsweep-260516_51.s2p,07_3_TDS-body_Novel-2Dsweep-260516_52.s2p,,,2.8774448751896,2.87745,2.87745,-0.7594846701384701,-0.7437701534735403,-1.3484423529933827,-1.6296439050248341,-0.2812015520314617,359.71879844796854,119.71879844796854
260519_2dsweep,sim,f_pi2,sim,S11,offset_nan,07_3_TDS-body_Novel-2Dsweep-260516_52.s2p,07_3_TDS-body_Novel-2Dsweep-260516_53.s2p,,,2.8774448751896,2.87745,2.87745,-0.7437701534735403,-0.7264322569573529,-1.6296439050248341,-1.9045949852172595,-0.2749510801924373,359.7250489198076,119.72504891980759
260519_2dsweep,sim,f_pi2,sim,S11,offset_nan,07_3_TDS-body_Novel-2Dsweep-260516_53.s2p,07_3_TDS-body_Novel-2Dsweep-260516_54.s2p,,,2.8774448751896,2.87745,2.87745,-0.7264322569573529,-0.7105347305612464,-1.9045949852172595,-2.1608127951558087,-0.2562178099385619,359.74378219006144,119.74378219006144
260519_2dsweep,sim,f_pi2,sim,S11,offset_nan,07_3_TDS-body_Novel-2Dsweep-260516_54.s2p,07_3_TDS-body_Novel-2Dsweep-260516_55.s2p,,,2.8774448751896,2.87745,2.87745,-0.7105347305612464,-0.6944633786467459,-2.1608127951558087,-2.3793792463256778,-0.21856645116986329,359.78143354883014,119.78143354883014
260519_2dsweep,sim,f_pi2,sim,S11,offset_nan,07_3_TDS-body_Novel-2Dsweep-260516_55.s2p,07_3_TDS-body_Novel-2Dsweep-260516_56.s2p,,,2.8774448751896,2.87745,2.87745,-0.6944633786467459,-0.6817010619828496,-2.3793792463256778,-2.6539497849899645,-0.2745705386642783,359.7254294613357,119.7254294613357
260519_2dsweep,sim,f_pi2,sim,S11,offset_nan,07_3_TDS-body_Novel-2Dsweep-260516_56.s2p,07_3_TDS-body_Novel-2Dsweep-260516_57.s2p,,,2.8774448751896,2.87745,2.87745,-0.6817010619828496,-0.6656386618894774,-2.6539497849899645,-2.8644048827545237,-0.21045509776456583,359.78954490223543,119.78954490223543
260519_2dsweep,sim,f_pi2,sim,S11,offset_nan,07_3_TDS-body_Novel-2Dsweep-260516_57.s2p,07_3_TDS-body_Novel-2Dsweep-260516_58.s2p,,,2.8774448751896,2.87745,2.87745,-0.6656386618894774,-0.6540412559186433,-2.8644048827545237,-3.111504183265503,-0.24709930051096762,359.75290069948903,119.75290069948903
260519_2dsweep,sim,f_pi2,sim,S11,offset_nan,07_3_TDS-body_Novel-2Dsweep-260516_58.s2p,07_3_TDS-body_Novel-2Dsweep-260516_59.s2p,,,2.8774448751896,2.87745,2.87745,-0.6540412559186433,-0.640599481001673,-3.111504183265503,-3.365669723684819,-0.25416554041930794,359.7458344595807,119.74583445958069
260519_2dsweep,sim,f_pi2,sim,S11,offset_nan,07_3_TDS-body_Novel-2Dsweep-260516_59.s2p,07_3_TDS-body_Novel-2Dsweep-260516_6.s2p,,,2.8774448751896,2.87745,2.87745,-0.640599481001673,-0.8450195459542359,-3.365669723684819,0.4333637123117187,3.7990334359965345,3.7990334359965345,-236.20096656400347
260519_2dsweep,sim,f_pi2,sim,S11,offset_nan,07_3_TDS-body_Novel-2Dsweep-260516_6.s2p,07_3_TDS-body_Novel-2Dsweep-260516_60.s2p,,,2.8774448751896,2.87745,2.87745,-0.8450195459542359,-0.6285091935838791,0.4333637123117187,-3.569312320401725,-4.0026760327134525,355.99732396728655,115.99732396728655
260519_2dsweep,sim,f_pi2,sim,S11,offset_nan,07_3_TDS-body_Novel-2Dsweep-260516_60.s2p,07_3_TDS-body_Novel-2Dsweep-260516_61.s2p,,,2.8774448751896,2.87745,2.87745,-0.6285091935838791,-0.6155296697989379,-3.569312320401725,-3.78114435358565,-0.2118320331839243,359.7881679668161,119.7881679668161
260519_2dsweep,sim,f_pi2,sim,S11,offset_nan,07_3_TDS-body_Novel-2Dsweep-260516_61.s2p,07_3_TDS-body_Novel-2Dsweep-260516_62.s2p,,,2.8774448751896,2.87745,2.87745,-0.6155296697989379,-0.6049241093968174,-3.78114435358565,-3.9887646260317946,-0.20762027244614956,359.79237972755385,119.79237972755385
260519_2dsweep,sim,f_pi2,sim,S11,offset_nan,07_3_TDS-body_Novel-2Dsweep-260516_62.s2p,07_3_TDS-body_Novel-2Dsweep-260516_63.s2p,,,2.8774448751896,2.87745,2.87745,-0.6049241093968174,-0.5934058291679561,-3.9887646260317946,-4.191466330534731,-0.20270170450294245,359.79729829549706,119.79729829549706
260519_2dsweep,sim,f_pi2,sim,S11,offset_nan,07_3_TDS-body_Novel-2Dsweep-260516_63.s2p,07_3_TDS-body_Novel-2Dsweep-260516_64.s2p,,,2.8774448751896,2.87745,2.87745,-0.5934058291679561,-0.5821962461545069,-4.191466330534731,-4.417151221308855,-0.22568489077411868,359.7743151092259,119.77431510922588
260519_2dsweep,sim,f_pi2,sim,S11,offset_nan,07_3_TDS-body_Novel-2Dsweep-260516_64.s2p,07_3_TDS-body_Novel-2Dsweep-260516_65.s2p,,,2.8774448751896,2.87745,2.87745,-0.5821962461545069,-0.572121586161552,-4.417151221308855,-4.616614007069572,-0.19946278576071563,359.8005372142393,119.80053721423928
260519_2dsweep,sim,f_pi2,sim,S11,offset_nan,07_3_TDS-body_Novel-2Dsweep-260516_65.s2p,07_3_TDS-body_Novel-2Dsweep-260516_66.s2p,,,2.8774448751896,2.87745,2.87745,-0.572121586161552,-0.5622133872830644,-4.616614007069572,-4.79263629911348,-0.1760222920439105,359.8239777079561,119.82397770795609
260519_2dsweep,sim,f_pi2,sim,S11,offset_nan,07_3_TDS-body_Novel-2Dsweep-260516_66.s2p,07_3_TDS-body_Novel-2Dsweep-260516_67.s2p,,,2.8774448751896,2.87745,2.87745,-0.5622133872830644,-0.553266954294786,-4.79263629911348,-5.003177744868548,-0.2105414457550694,359.7894585542449,119.7894585542449
260519_2dsweep,sim,f_pi2,sim,S11,offset_nan,07_3_TDS-body_Novel-2Dsweep-260516_67.s2p,07_3_TDS-body_Novel-2Dsweep-260516_68.s2p,,,2.8774448751896,2.87745,2.87745,-0.553266954294786,-0.5430633831859354,-5.003177744868548,-5.174212803747152,-0.17103505887860138,359.8289649411214,119.8289649411214
260519_2dsweep,sim,f_pi2,sim,S11,offset_nan,07_3_TDS-body_Novel-2Dsweep-260516_68.s2p,07_3_TDS-body_Novel-2Dsweep-260516_69.s2p,,,2.8774448751896,2.87745,2.87745,-0.5430633831859354,-0.5340451351755328,-5.174212803747152,-5.351701271975479,-0.17748846822831865,359.8225115317717,119.82251153177168
260519_2dsweep,sim,f_pi2,sim,S11,offset_nan,07_3_TDS-body_Novel-2Dsweep-260516_69.s2p,07_3_TDS-body_Novel-2Dsweep-260516_7.s2p,,,2.8774448751896,2.87745,2.87745,-0.5340451351755328,-0.8226250759889113,-5.351701271975479,0.14516172195796895,5.496862993933462,5.496862993933462,-234.50313700606654
260519_2dsweep,sim,f_pi2,sim,S11,offset_nan,07_3_TDS-body_Novel-2Dsweep-260516_7.s2p,07_3_TDS-body_Novel-2Dsweep-260516_70.s2p,,,2.8774448751896,2.87745,2.87745,-0.8226250759889113,-0.5249068313912196,0.14516172195796895,-5.52353154972835,-5.6686932716863225,354.3313067283137,114.33130672831368
260519_2dsweep,sim,f_pi2,sim,S11,offset_nan,07_3_TDS-body_Novel-2Dsweep-260516_70.s2p,07_3_TDS-body_Novel-2Dsweep-260516_71.s2p,,,2.8774448751896,2.87745,2.87745,-0.5249068313912196,-0.5160891706391822,-5.52353154972835,-5.6771783124591835,-0.15364676273082978,359.84635323726917,119.84635323726917
260519_2dsweep,sim,f_pi2,sim,S11,offset_nan,07_3_TDS-body_Novel-2Dsweep-260516_71.s2p,07_3_TDS-body_Novel-2Dsweep-260516_72.s2p,,,2.8774448751896,2.87745,2.87745,-0.5160891706391822,-0.5082943455798169,-5.6771783124591835,-5.85803936035333,-0.18086104789415458,359.81913895210585,119.81913895210585
260519_2dsweep,sim,f_pi2,sim,S11,offset_nan,07_3_TDS-body_Novel-2Dsweep-260516_72.s2p,07_3_TDS-body_Novel-2Dsweep-260516_73.s2p,,,2.8774448751896,2.87745,2.87745,-0.5082943455798169,-0.5002112275638866,-5.85803936035333,-6.017671612713863,-0.1596322523605238,359.84036774763945,119.84036774763945
260519_2dsweep,sim,f_pi2,sim,S11,offset_nan,07_3_TDS-body_Novel-2Dsweep-260516_73.s2p,07_3_TDS-body_Novel-2Dsweep-260516_74.s2p,,,2.8774448751896,2.87745,2.87745,-0.5002112275638866,-0.4923602123736768,-6.017671612713863,-6.174890012157487,-0.1572183994436216,359.84278160055635,119.84278160055635
260519_2dsweep,sim,f_pi2,sim,S11,offset_nan,07_3_TDS-body_Novel-2Dsweep-260516_74.s2p,07_3_TDS-body_Novel-2Dsweep-260516_75.s2p,,,2.8774448751896,2.87745,2.87745,-0.4923602123736768,-0.48720072948009474,-6.174890012157487,-6.4104147583891,-0.23552474623161856,359.7644752537684,119.76447525376841
260519_2dsweep,sim,f_pi2,sim,S11,offset_nan,07_3_TDS-body_Novel-2Dsweep-260516_75.s2p,07_3_TDS-body_Novel-2Dsweep-260516_76.s2p,,,2.8774448751896,2.87745,2.87745,-0.48720072948009474,-0.47849842944377696,-6.4104147583891,-6.516578145744378,-0.10616338735528075,359.8938366126447,119.89383661264469
260519_2dsweep,sim,f_pi2,sim,S11,offset_nan,07_3_TDS-body_Novel-2Dsweep-260516_76.s2p,07_3_TDS-body_Novel-2Dsweep-260516_77.s2p,,,2.8774448751896,2.87745,2.87745,-0.47849842944377696,-0.4718964541284895,-6.516578145744378,-6.684362420925306,-0.16778427518093508,359.8322157248191,119.8322157248191
260519_2dsweep,sim,f_pi2,sim,S11,offset_nan,07_3_TDS-body_Novel-2Dsweep-260516_77.s2p,07_3_TDS-body_Novel-2Dsweep-260516_78.s2p,,,2.8774448751896,2.87745,2.87745,-0.4718964541284895,-0.46577216868375126,-6.684362420925306,-6.8532051680137425,-0.1688427470884335,359.83115725291157,119.83115725291157
260519_2dsweep,sim,f_pi2,sim,S11,offset_nan,07_3_TDS-body_Novel-2Dsweep-260516_78.s2p,07_3_TDS-body_Novel-2Dsweep-260516_79.s2p,,,2.8774448751896,2.87745,2.87745,-0.46577216868375126,-0.4584980924276725,-6.8532051680137425,-6.968525778218003,-0.11532061020426454,359.88467938979574,119.88467938979574
260519_2dsweep,sim,f_pi2,sim,S11,offset_nan,07_3_TDS-body_Novel-2Dsweep-260516_79.s2p,07_3_TDS-body_Novel-2Dsweep-260516_8.s2p,,,2.8774448751896,2.87745,2.87745,-0.4584980924276725,-0.8045404368474487,-6.968525778218003,-0.21076057928151865,6.757765198936482,6.757765198936482,-233.24223480106352
260519_2dsweep,sim,f_pi2,sim,S11,offset_nan,07_3_TDS-body_Novel-2Dsweep-260516_8.s2p,07_3_TDS-body_Novel-2Dsweep-260516_80.s2p,,,2.8774448751896,2.87745,2.87745,-0.8045404368474487,-0.4517122956980229,-0.21076057928151865,-7.114731067514354,-6.903970488232829,353.09602951176714,113.09602951176714
260519_2dsweep,sim,f_pi2,sim,S11,offset_nan,07_3_TDS-body_Novel-2Dsweep-260516_80.s2p,07_3_TDS-body_Novel-2Dsweep-260516_81.s2p,,,2.8774448751896,2.87745,2.87745,-0.4517122956980229,-0.4465605377144515,-7.114731067514354,-7.278203954044853,-0.16347288653048508,359.8365271134695,119.83652711346951
260519_2dsweep,sim,f_pi2,sim,S11,offset_nan,07_3_TDS-body_Novel-2Dsweep-260516_81.s2p,07_3_TDS-body_Novel-2Dsweep-260516_82.s2p,,,2.8774448751896,2.87745,2.87745,-0.4465605377144515,-0.4389449008795859,-7.278203954044853,-7.3830385618659875,-0.10483460782114662,359.89516539217885,119.89516539217885
260519_2dsweep,sim,f_pi2,sim,S11,offset_nan,07_3_TDS-body_Novel-2Dsweep-260516_82.s2p,07_3_TDS-body_Novel-2Dsweep-260516_83.s2p,,,2.8774448751896,2.87745,2.87745,-0.4389449008795859,-0.9348296263171698,-7.3830385618659875,0.9940301495094928,8.377068711375472,8.377068711375472,-231.62293128862453
260519_2dsweep,sim,f_pi2,sim,S11,offset_nan,07_3_TDS-body_Novel-2Dsweep-260516_83.s2p,07_3_TDS-body_Novel-2Dsweep-260516_84.s2p,,,2.8774448751896,2.87745,2.87745,-0.9348296263171698,-0.8984478879929672,0.9940301495094928,0.9554754972454618,-0.038554652264025435,359.961445347736,119.961445347736
260519_2dsweep,sim,f_pi2,sim,S11,offset_nan,07_3_TDS-body_Novel-2Dsweep-260516_84.s2p,07_3_TDS-body_Novel-2Dsweep-260516_85.s2p,,,2.8774448751896,2.87745,2.87745,-0.8984478879929672,-0.8752966805228608,0.9554754972454618,0.5570232885905043,-0.3984522086549589,359.60154779134507,119.60154779134507
260519_2dsweep,sim,f_pi2,sim,S11,offset_nan,07_3_TDS-body_Novel-2Dsweep-260516_85.s2p,07_3_TDS-body_Novel-2Dsweep-260516_86.s2p,,,2.8774448751896,2.87745,2.87745,-0.8752966805228608,-0.8529235016131519,0.5570232885905043,0.24459367298385346,-0.3124296156066464,359.6875703843933,119.68757038439333
260519_2dsweep,sim,f_pi2,sim,S11,offset_nan,07_3_TDS-body_Novel-2Dsweep-260516_86.s2p,07_3_TDS-body_Novel-2Dsweep-260516_87.s2p,,,2.8774448751896,2.87745,2.87745,-0.8529235016131519,-0.8338332542116768,0.24459367298385346,-0.13966305119499772,-0.38425672417884016,359.61574327582116,119.61574327582116
260519_2dsweep,sim,f_pi2,sim,S11,offset_nan,07_3_TDS-body_Novel-2Dsweep-260516_87.s2p,07_3_TDS-body_Novel-2Dsweep-260516_88.s2p,,,2.8774448751896,2.87745,2.87745,-0.8338332542116768,-0.811862355986217,-0.13966305119499772,-0.41239409950110234,-0.27273104830609896,359.7272689516939,119.72726895169387
260519_2dsweep,sim,f_pi2,sim,S11,offset_nan,07_3_TDS-body_Novel-2Dsweep-260516_88.s2p,07_3_TDS-body_Novel-2Dsweep-260516_89.s2p,,,2.8774448751896,2.87745,2.87745,-0.811862355986217,-0.7947603909833095,-0.41239409950110234,-0.7766021127818015,-0.3642080132806882,359.6357919867193,119.63579198671931
260519_2dsweep,sim,f_pi2,sim,S11,offset_nan,07_3_TDS-body_Novel-2Dsweep-260516_89.s2p,07_3_TDS-body_Novel-2Dsweep-260516_9.s2p,,,2.8774448751896,2.87745,2.87745,-0.7947603909833095,-0.7832201355763939,-0.7766021127818015,-0.44261421351651564,0.3339878992652814,0.3339878992652814,-239.66601210073472
260519_2dsweep,sim,f_pi2,sim,S11,offset_nan,07_3_TDS-body_Novel-2Dsweep-260516_9.s2p,07_3_TDS-body_Novel-2Dsweep-260516_90.s2p,,,2.8774448751896,2.87745,2.87745,-0.7832201355763939,-0.7755261720118567,-0.44261421351651564,-0.9967247556661942,-0.5541105421496866,359.4458894578503,119.44588945785028
260519_2dsweep,sim,f_pi2,sim,S11,offset_nan,07_3_TDS-body_Novel-2Dsweep-260516_90.s2p,07_3_TDS-body_Novel-2Dsweep-260516_91.s2p,,,2.8774448751896,2.87745,2.87745,-0.7755261720118567,-0.7538348912696201,-0.9967247556661942,-1.2936933171977254,-0.2969685615315427,359.70303143846843,119.70303143846843
260519_2dsweep,sim,f_pi2,sim,S11,offset_nan,07_3_TDS-body_Novel-2Dsweep-260516_91.s2p,07_3_TDS-body_Novel-2Dsweep-260516_92.s2p,,,2.8774448751896,2.87745,2.87745,-0.7538348912696201,-0.73616928141693,-1.2936933171977254,-1.5959723133680461,-0.3022789961703154,359.69772100382966,119.69772100382966
260519_2dsweep,sim,f_pi2,sim,S11,offset_nan,07_3_TDS-body_Novel-2Dsweep-260516_92.s2p,07_3_TDS-body_Novel-2Dsweep-260516_93.s2p,,,2.8774448751896,2.87745,2.87745,-0.73616928141693,-0.7226460982177939,-1.5959723133680461,-1.8515938029135974,-0.25562148954554686,359.74437851045445,119.74437851045445
260519_2dsweep,sim,f_pi2,sim,S11,offset_nan,07_3_TDS-body_Novel-2Dsweep-260516_93.s2p,07_3_TDS-body_Novel-2Dsweep-260516_94.s2p,,,2.8774448751896,2.87745,2.87745,-0.7226460982177939,-0.7040532126051742,-1.8515938029135974,-2.088450190015022,-0.23685638710142598,359.7631436128986,119.7631436128986
260519_2dsweep,sim,f_pi2,sim,S11,offset_nan,07_3_TDS-body_Novel-2Dsweep-260516_94.s2p,07_3_TDS-body_Novel-2Dsweep-260516_95.s2p,,,2.8774448751896,2.87745,2.87745,-0.7040532126051742,-0.6924631581574852,-2.088450190015022,-2.4096293724110525,-0.3211791823960368,359.678820817604,119.67882081760399
260519_2dsweep,sim,f_pi2,sim,S11,offset_nan,07_3_TDS-body_Novel-2Dsweep-260516_95.s2p,07_3_TDS-body_Novel-2Dsweep-260516_96.s2p,,,2.8774448751896,2.87745,2.87745,-0.6924631581574852,-0.6766754289067223,-2.4096293724110525,-2.6441455192924606,-0.2345161468814183,359.76548385311855,119.76548385311855
260519_2dsweep,sim,f_pi2,sim,S11,offset_nan,07_3_TDS-body_Novel-2Dsweep-260516_96.s2p,07_3_TDS-body_Novel-2Dsweep-260516_97.s2p,,,2.8774448751896,2.87745,2.87745,-0.6766754289067223,-0.66343563373668,-2.6441455192924606,-2.88157315957826,-0.23742764028580154,359.7625723597142,119.76257235971423
260519_2dsweep,sim,f_pi2,sim,S11,offset_nan,07_3_TDS-body_Novel-2Dsweep-260516_97.s2p,07_3_TDS-body_Novel-2Dsweep-260516_98.s2p,,,2.8774448751896,2.87745,2.87745,-0.66343563373668,-0.6494107887502941,-2.88157315957826,-3.0577797018821835,-0.1762065423039303,359.82379345769607,119.82379345769607
260519_2dsweep,sim,f_pi2,sim,S11,offset_nan,07_3_TDS-body_Novel-2Dsweep-260516_98.s2p,07_3_TDS-body_Novel-2Dsweep-260516_99.s2p,,,2.8774448751896,2.87745,2.87745,-0.6494107887502941,-0.6351239155849389,-3.0577797018821835,-3.2893661664436356,-0.23158646456144538,359.7684135354385,119.76841353543853
260519_2dsweep,sim,f_pi2,sim,S12,offset_nan,07_3_TDS-body_Novel-2Dsweep-260516_1.s2p,07_3_TDS-body_Novel-2Dsweep-260516_10.s2p,,,2.8774448751896,2.87745,2.87745,-7.006563702299765,-7.913626645788543,-87.84838354729756,-90.75911313437915,-2.9107295870815904,357.0892704129184,117.08927041291838
260519_2dsweep,sim,f_pi2,sim,S12,offset_nan,07_3_TDS-body_Novel-2Dsweep-260516_10.s2p,07_3_TDS-body_Novel-2Dsweep-260516_100.s2p,,,2.8774448751896,2.87745,2.87745,-7.913626645788543,-8.742274821420306,-90.75911313437915,-93.54104220151048,-2.7819290671313297,357.21807093286867,117.21807093286867
260519_2dsweep,sim,f_pi2,sim,S12,offset_nan,07_3_TDS-body_Novel-2Dsweep-260516_100.s2p,07_3_TDS-body_Novel-2Dsweep-260516_101.s2p,,,2.8774448751896,2.87745,2.87745,-8.742274821420306,-8.827522276902544,-93.54104220151048,-93.80743849190715,-0.26639629039667057,359.73360370960336,119.73360370960336
260519_2dsweep,sim,f_pi2,sim,S12,offset_nan,07_3_TDS-body_Novel-2Dsweep-260516_101.s2p,07_3_TDS-body_Novel-2Dsweep-260516_103.s2p,,,2.8774448751896,2.87745,2.87745,-8.827522276902544,-7.696309947458473,-93.80743849190715,-94.05874942165653,-0.25131092974936564,359.74868907025063,119.74868907025063
260519_2dsweep,sim,f_pi2,sim,S12,offset_nan,07_3_TDS-body_Novel-2Dsweep-260516_103.s2p,07_3_TDS-body_Novel-2Dsweep-260516_104.s2p,,,2.8774448751896,2.87745,2.87745,-7.696309947458473,-8.52254808472463,-94.05874942165653,-96.54994388150926,-2.49119445985275,357.50880554014725,117.50880554014725
260519_2dsweep,sim,f_pi2,sim,S12,offset_nan,07_3_TDS-body_Novel-2Dsweep-260516_104.s2p,07_3_TDS-body_Novel-2Dsweep-260516_105.s2p,,,2.8774448751896,2.87745,2.87745,-8.52254808472463,-9.224427396554024,-96.54994388150926,-98.48840623983669,-1.9384623583274276,358.06153764167254,118.06153764167254
260519_2dsweep,sim,f_pi2,sim,S12,offset_nan,07_3_TDS-body_Novel-2Dsweep-260516_105.s2p,07_3_TDS-body_Novel-2Dsweep-260516_106.s2p,,,2.8774448751896,2.87745,2.87745,-9.224427396554024,-9.790734894348144,-98.48840623983669,-99.99209792425896,-1.5036916844222787,358.4963083155777,118.49630831557772
260519_2dsweep,sim,f_pi2,sim,S12,offset_nan,07_3_TDS-body_Novel-2Dsweep-260516_106.s2p,07_3_TDS-body_Novel-2Dsweep-260516_107.s2p,,,2.8774448751896,2.87745,2.87745,-9.790734894348144,-10.292833390910946,-99.99209792425896,-101.19342155073923,-1.2013236264802742,358.7986763735197,118.7986763735197
260519_2dsweep,sim,f_pi2,sim,S12,offset_nan,07_3_TDS-body_Novel-2Dsweep-260516_107.s2p,07_3_TDS-body_Novel-2Dsweep-260516_108.s2p,,,2.8774448751896,2.87745,2.87745,-10.292833390910946,-8.7501421053801,-101.19342155073923,-100.15943856684797,1.0339829838912635,1.0339829838912635,-238.96601701610874
260519_2dsweep,sim,f_pi2,sim,S12,offset_nan,07_3_TDS-body_Novel-2Dsweep-260516_108.s2p,07_3_TDS-body_Novel-2Dsweep-260516_109.s2p,,,2.8774448751896,2.87745,2.87745,-8.7501421053801,-9.34290752890764,-100.15943856684797,-101.96704799872673,-1.8076094318787455,358.19239056812125,118.19239056812125
260519_2dsweep,sim,f_pi2,sim,S12,offset_nan,07_3_TDS-body_Novel-2Dsweep-260516_109.s2p,07_3_TDS-body_Novel-2Dsweep-260516_11.s2p,,,2.8774448751896,2.87745,2.87745,-9.34290752890764,-8.013956721821948,-101.96704799872673,-90.99778865695234,10.969259341774375,10.969259341774375,-229.03074065822562
260519_2dsweep,sim,f_pi2,sim,S12,offset_nan,07_3_TDS-body_Novel-2Dsweep-260516_11.s2p,07_3_TDS-body_Novel-2Dsweep-260516_110.s2p,,,2.8774448751896,2.87745,2.87745,-8.013956721821948,-9.831852098022207,-90.99778865695234,-103.37706966265465,-12.379281005702296,347.6207189942977,107.6207189942977
260519_2dsweep,sim,f_pi2,sim,S12,offset_nan,07_3_TDS-body_Novel-2Dsweep-260516_110.s2p,07_3_TDS-body_Novel-2Dsweep-260516_111.s2p,,,2.8774448751896,2.87745,2.87745,-9.831852098022207,-10.230054502880302,-103.37706966265465,-104.56164715006716,-1.1845774874125254,358.8154225125875,118.81542251258747
260519_2dsweep,sim,f_pi2,sim,S12,offset_nan,07_3_TDS-body_Novel-2Dsweep-260516_111.s2p,07_3_TDS-body_Novel-2Dsweep-260516_112.s2p,,,2.8774448751896,2.87745,2.87745,-10.230054502880302,-10.573661630755065,-104.56164715006716,-105.51631131709887,-0.9546641670316944,359.0453358329683,119.0453358329683
260519_2dsweep,sim,f_pi2,sim,S12,offset_nan,07_3_TDS-body_Novel-2Dsweep-260516_112.s2p,07_3_TDS-body_Novel-2Dsweep-260516_113.s2p,,,2.8774448751896,2.87745,2.87745,-10.573661630755065,-10.167238493144515,-105.51631131709887,-105.42331293836801,0.09299837873084016,0.09299837873084016,-239.90700162126916
260519_2dsweep,sim,f_pi2,sim,S12,offset_nan,07_3_TDS-body_Novel-2Dsweep-260516_113.s2p,07_3_TDS-body_Novel-2Dsweep-260516_114.s2p,,,2.8774448751896,2.87745,2.87745,-10.167238493144515,-10.502249654609127,-105.42331293836801,-106.66316168101329,-1.239848742645279,358.7601512573547,118.76015125735472
260519_2dsweep,sim,f_pi2,sim,S12,offset_nan,07_3_TDS-body_Novel-2Dsweep-260516_114.s2p,07_3_TDS-body_Novel-2Dsweep-260516_115.s2p,,,2.8774448751896,2.87745,2.87745,-10.502249654609127,-10.769559996168477,-106.66316168101329,-107.82349819885408,-1.1603365178407898,358.8396634821592,118.83966348215921
260519_2dsweep,sim,f_pi2,sim,S12,offset_nan,07_3_TDS-body_Novel-2Dsweep-260516_115.s2p,07_3_TDS-body_Novel-2Dsweep-260516_116.s2p,,,2.8774448751896,2.87745,2.87745,-10.769559996168477,-10.963492687253302,-107.82349819885408,-108.59039676356024,-0.766898564706139,359.23310143529386,119.23310143529386
260519_2dsweep,sim,f_pi2,sim,S12,offset_nan,07_3_TDS-body_Novel-2Dsweep-260516_116.s2p,07_3_TDS-body_Novel-2Dsweep-260516_117.s2p,,,2.8774448751896,2.87745,2.87745,-10.963492687253302,-11.13314437647794,-108.59039676356024,-109.35381286300536,-0.7634160994451236,359.2365839005549,119.23658390055488
260519_2dsweep,sim,f_pi2,sim,S12,offset_nan,07_3_TDS-body_Novel-2Dsweep-260516_117.s2p,07_3_TDS-body_Novel-2Dsweep-260516_118.s2p,,,2.8774448751896,2.87745,2.87745,-11.13314437647794,-11.821203322228564,-109.35381286300536,-109.69631097671063,-0.3424981137052896,359.6575018862947,119.65750188629471
260519_2dsweep,sim,f_pi2,sim,S12,offset_nan,07_3_TDS-body_Novel-2Dsweep-260516_118.s2p,07_3_TDS-body_Novel-2Dsweep-260516_119.s2p,,,2.8774448751896,2.87745,2.87745,-11.821203322228564,-11.885905584337396,-109.69631097671063,-110.53868205084525,-0.8423710741346326,359.15762892586537,119.15762892586537
260519_2dsweep,sim,f_pi2,sim,S12,offset_nan,07_3_TDS-body_Novel-2Dsweep-260516_119.s2p,07_3_TDS-body_Novel-2Dsweep-260516_12.s2p,,,2.8774448751896,2.87745,2.87745,-11.885905584337396,-8.092366970492296,-110.53868205084525,-91.31460781889389,19.224074231951363,19.224074231951363,-220.77592576804864
260519_2dsweep,sim,f_pi2,sim,S12,offset_nan,07_3_TDS-body_Novel-2Dsweep-260516_12.s2p,07_3_TDS-body_Novel-2Dsweep-260516_120.s2p,,,2.8774448751896,2.87745,2.87745,-8.092366970492296,-11.963703177821536,-91.31460781889389,-111.23524845963986,-19.920640640745972,340.079359359254,100.079359359254
260519_2dsweep,sim,f_pi2,sim,S12,offset_nan,07_3_TDS-body_Novel-2Dsweep-260516_120.s2p,07_3_TDS-body_Novel-2Dsweep-260516_121.s2p,,,2.8774448751896,2.87745,2.87745,-11.963703177821536,-11.961583417843462,-111.23524845963986,-111.95277322308092,-0.7175247634410766,359.2824752365589,119.28247523655892
260519_2dsweep,sim,f_pi2,sim,S12,offset_nan,07_3_TDS-body_Novel-2Dsweep-260516_121.s2p,07_3_TDS-body_Novel-2Dsweep-260516_122.s2p,,,2.8774448751896,2.87745,2.87745,-11.961583417843462,-11.928164973201715,-111.95277322308092,-112.62219070131337,-0.6694174782324467,359.33058252176755,119.33058252176755
260519_2dsweep,sim,f_pi2,sim,S12,offset_nan,07_3_TDS-body_Novel-2Dsweep-260516_122.s2p,07_3_TDS-body_Novel-2Dsweep-260516_13.s2p,,,2.8774448751896,2.87745,2.87745,-11.928164973201715,-8.187626842556751,-112.62219070131337,-91.56133383402326,21.060856867290113,21.060856867290113,-218.9391431327099
260519_2dsweep,sim,f_pi2,sim,S12,offset_nan,07_3_TDS-body_Novel-2Dsweep-260516_13.s2p,07_3_TDS-body_Novel-2Dsweep-260516_14.s2p,,,2.8774448751896,2.87745,2.87745,-8.187626842556751,-8.277914048910514,-91.56133383402326,-91.80915442708509,-0.24782059306181736,359.7521794069382,119.75217940693818
260519_2dsweep,sim,f_pi2,sim,S12,offset_nan,07_3_TDS-body_Novel-2Dsweep-260516_14.s2p,07_3_TDS-body_Novel-2Dsweep-260516_15.s2p,,,2.8774448751896,2.87745,2.87745,-8.277914048910514,-8.361154740054285,-91.80915442708509,-92.09002645014523,-0.2808720230601409,359.71912797693983,119.71912797693983
260519_2dsweep,sim,f_pi2,sim,S12,offset_nan,07_3_TDS-body_Novel-2Dsweep-260516_15.s2p,07_3_TDS-body_Novel-2Dsweep-260516_16.s2p,,,2.8774448751896,2.87745,2.87745,-8.361154740054285,-8.45036569123172,-92.09002645014523,-92.29482830528394,-0.20480185513872584,359.7951981448613,119.79519814486127
260519_2dsweep,sim,f_pi2,sim,S12,offset_nan,07_3_TDS-body_Novel-2Dsweep-260516_16.s2p,07_3_TDS-body_Novel-2Dsweep-260516_17.s2p,,,2.8774448751896,2.87745,2.87745,-8.45036569123172,-8.528697285011052,-92.29482830528394,-92.56787794997705,-0.273049644693117,359.7269503553069,119.72695035530688
260519_2dsweep,sim,f_pi2,sim,S12,offset_nan,07_3_TDS-body_Novel-2Dsweep-260516_17.s2p,07_3_TDS-body_Novel-2Dsweep-260516_18.s2p,,,2.8774448751896,2.87745,2.87745,-8.528697285011052,-8.617181338849973,-92.56787794997705,-92.78929930625044,-0.221421356273396,359.77857864372663,119.77857864372663
260519_2dsweep,sim,f_pi2,sim,S12,offset_nan,07_3_TDS-body_Novel-2Dsweep-260516_18.s2p,07_3_TDS-body_Novel-2Dsweep-260516_19.s2p,,,2.8774448751896,2.87745,2.87745,-8.617181338849973,-8.687909245212818,-92.78929930625044,-93.02517911071254,-0.23587980446211532,359.7641201955379,119.76412019553788
260519_2dsweep,sim,f_pi2,sim,S12,offset_nan,07_3_TDS-body_Novel-2Dsweep-260516_19.s2p,07_3_TDS-body_Novel-2Dsweep-260516_2.s2p,,,2.8774448751896,2.87745,2.87745,-8.687909245212818,-7.12209364631766,-93.02517911071254,-88.16080910295544,4.864370007757088,4.864370007757088,-235.1356299922429
260519_2dsweep,sim,f_pi2,sim,S12,offset_nan,07_3_TDS-body_Novel-2Dsweep-260516_2.s2p,07_3_TDS-body_Novel-2Dsweep-260516_20.s2p,,,2.8774448751896,2.87745,2.87745,-7.12209364631766,-8.773038859569672,-88.16080910295544,-93.23191361639398,-5.0711045134385415,354.9288954865615,114.92889548656149
260519_2dsweep,sim,f_pi2,sim,S12,offset_nan,07_3_TDS-body_Novel-2Dsweep-260516_20.s2p,07_3_TDS-body_Novel-2Dsweep-260516_21.s2p,,,2.8774448751896,2.87745,2.87745,-8.773038859569672,-8.852913770924893,-93.23191361639398,-93.45026987067178,-0.2183562542778077,359.7816437457222,119.78164374572219
260519_2dsweep,sim,f_pi2,sim,S12,offset_nan,07_3_TDS-body_Novel-2Dsweep-260516_21.s2p,07_3_TDS-body_Novel-2Dsweep-260516_22.s2p,,,2.8774448751896,2.87745,2.87745,-8.852913770924893,-8.923293289973824,-93.45026987067178,-93.6744773030502,-0.2242074323784209,359.7757925676216,119.77579256762158
260519_2dsweep,sim,f_pi2,sim,S12,offset_nan,07_3_TDS-body_Novel-2Dsweep-260516_22.s2p,07_3_TDS-body_Novel-2Dsweep-260516_23.s2p,,,2.8774448751896,2.87745,2.87745,-8.923293289973824,-8.996079689835533,-93.6744773030502,-93.88711618646661,-0.21263888341641746,359.7873611165836,119.78736111658361
260519_2dsweep,sim,f_pi2,sim,S12,offset_nan,07_3_TDS-body_Novel-2Dsweep-260516_23.s2p,07_3_TDS-body_Novel-2Dsweep-260516_24.s2p,,,2.8774448751896,2.87745,2.87745,-8.996079689835533,-9.07188910443494,-93.88711618646661,-94.09818328763023,-0.21106710116362137,359.7889328988364,119.78893289883638
260519_2dsweep,sim,f_pi2,sim,S12,offset_nan,07_3_TDS-body_Novel-2Dsweep-260516_24.s2p,07_3_TDS-body_Novel-2Dsweep-260516_25.s2p,,,2.8774448751896,2.87745,2.87745,-9.07188910443494,-9.150159183149459,-94.09818328763023,-94.2667584764736,-0.16857518884336287,359.83142481115664,119.83142481115664
260519_2dsweep,sim,f_pi2,sim,S12,offset_nan,07_3_TDS-body_Novel-2Dsweep-260516_25.s2p,07_3_TDS-body_Novel-2Dsweep-260516_26.s2p,,,2.8774448751896,2.87745,2.87745,-9.150159183149459,-9.226964305583069,-94.2667584764736,-94.44519753109974,-0.1784390546261534,359.82156094537385,119.82156094537385
260519_2dsweep,sim,f_pi2,sim,S12,offset_nan,07_3_TDS-body_Novel-2Dsweep-260516_26.s2p,07_3_TDS-body_Novel-2Dsweep-260516_27.s2p,,,2.8774448751896,2.87745,2.87745,-9.226964305583069,-9.298462391025414,-94.44519753109974,-94.64182752501117,-0.1966299939114151,359.8033700060886,119.80337000608858
260519_2dsweep,sim,f_pi2,sim,S12,offset_nan,07_3_TDS-body_Novel-2Dsweep-260516_27.s2p,07_3_TDS-body_Novel-2Dsweep-260516_28.s2p,,,2.8774448751896,2.87745,2.87745,-9.298462391025414,-9.367375947474098,-94.64182752501117,-94.82090371400554,-0.1790761889943724,359.8209238110056,119.82092381100563
260519_2dsweep,sim,f_pi2,sim,S12,offset_nan,07_3_TDS-body_Novel-2Dsweep-260516_28.s2p,07_3_TDS-body_Novel-2Dsweep-260516_29.s2p,,,2.8774448751896,2.87745,2.87745,-9.367375947474098,-9.443015790820844,-94.82090371400554,-94.97387243755976,-0.1529687235542383,359.84703127644576,119.84703127644576
260519_2dsweep,sim,f_pi2,sim,S12,offset_nan,07_3_TDS-body_Novel-2Dsweep-260516_29.s2p,07_3_TDS-body_Novel-2Dsweep-260516_3.s2p,,,2.8774448751896,2.87745,2.87745,-9.443015790820844,-7.224093074753769,-94.97387243755976,-88.53434885593695,6.439523581622808,6.439523581622808,-233.5604764183772
260519_2dsweep,sim,f_pi2,sim,S12,offset_nan,07_3_TDS-body_Novel-2Dsweep-260516_3.s2p,07_3_TDS-body_Novel-2Dsweep-260516_30.s2p,,,2.8774448751896,2.87745,2.87745,-7.224093074753769,-9.505371351755912,-88.53434885593695,-95.1757120614482,-6.641363205511254,353.35863679448875,113.35863679448875
260519_2dsweep,sim,f_pi2,sim,S12,offset_nan,07_3_TDS-body_Novel-2Dsweep-260516_30.s2p,07_3_TDS-body_Novel-2Dsweep-260516_31.s2p,,,2.8774448751896,2.87745,2.87745,-9.505371351755912,-9.568096523802446,-95.1757120614482,-95.3562017777353,-0.18048971628709864,359.81951028371293,119.81951028371293
260519_2dsweep,sim,f_pi2,sim,S12,offset_nan,07_3_TDS-body_Novel-2Dsweep-260516_31.s2p,07_3_TDS-body_Novel-2Dsweep-260516_32.s2p,,,2.8774448751896,2.87745,2.87745,-9.568096523802446,-9.635568337214565,-95.3562017777353,-95.51617543825022,-0.159973660514936,359.84002633948506,119.84002633948506
260519_2dsweep,sim,f_pi2,sim,S12,offset_nan,07_3_TDS-body_Novel-2Dsweep-260516_32.s2p,07_3_TDS-body_Novel-2Dsweep-260516_33.s2p,,,2.8774448751896,2.87745,2.87745,-9.635568337214565,-9.703914038200738,-95.51617543825022,-95.67677969035638,-0.16060425210616813,359.83939574789383,119.83939574789383
260519_2dsweep,sim,f_pi2,sim,S12,offset_nan,07_3_TDS-body_Novel-2Dsweep-260516_33.s2p,07_3_TDS-body_Novel-2Dsweep-260516_34.s2p,,,2.8774448751896,2.87745,2.87745,-9.703914038200738,-9.751555264515853,-95.67677969035638,-95.8866116457807,-0.20983195542430622,359.7901680445757,119.7901680445757
260519_2dsweep,sim,f_pi2,sim,S12,offset_nan,07_3_TDS-body_Novel-2Dsweep-260516_34.s2p,07_3_TDS-body_Novel-2Dsweep-260516_35.s2p,,,2.8774448751896,2.87745,2.87745,-9.751555264515853,-9.825925939309597,-95.8866116457807,-96.01412555891206,-0.12751391313133809,359.87248608686866,119.87248608686866
260519_2dsweep,sim,f_pi2,sim,S12,offset_nan,07_3_TDS-body_Novel-2Dsweep-260516_35.s2p,07_3_TDS-body_Novel-2Dsweep-260516_36.s2p,,,2.8774448751896,2.87745,2.87745,-9.825925939309597,-9.881367261822819,-96.01412555891206,-96.18150665498315,-0.16738109607109664,359.8326189039289,119.8326189039289
260519_2dsweep,sim,f_pi2,sim,S12,offset_nan,07_3_TDS-body_Novel-2Dsweep-260516_36.s2p,07_3_TDS-body_Novel-2Dsweep-260516_37.s2p,,,2.8774448751896,2.87745,2.87745,-9.881367261822819,-9.936388409221701,-96.18150665498315,-96.34739953765049,-0.16589288266732183,359.8341071173327,119.83410711733268
260519_2dsweep,sim,f_pi2,sim,S12,offset_nan,07_3_TDS-body_Novel-2Dsweep-260516_37.s2p,07_3_TDS-body_Novel-2Dsweep-260516_38.s2p,,,2.8774448751896,2.87745,2.87745,-9.936388409221701,-10.003953854690788,-96.34739953765049,-96.4793574184677,-0.13195788081719684,359.8680421191828,119.8680421191828
260519_2dsweep,sim,f_pi2,sim,S12,offset_nan,07_3_TDS-body_Novel-2Dsweep-260516_38.s2p,07_3_TDS-body_Novel-2Dsweep-260516_39.s2p,,,2.8774448751896,2.87745,2.87745,-10.003953854690788,-10.0696222707784,-96.4793574184677,-96.60960311572228,-0.13024569725456558,359.86975430274543,119.86975430274543
260519_2dsweep,sim,f_pi2,sim,S12,offset_nan,07_3_TDS-body_Novel-2Dsweep-260516_39.s2p,07_3_TDS-body_Novel-2Dsweep-260516_4.s2p,,,2.8774448751896,2.87745,2.87745,-10.0696222707784,-7.324869932405579,-96.60960311572228,-88.89272229905133,7.716880816670937,7.716880816670937,-232.28311918332906
260519_2dsweep,sim,f_pi2,sim,S12,offset_nan,07_3_TDS-body_Novel-2Dsweep-260516_4.s2p,07_3_TDS-body_Novel-2Dsweep-260516_40.s2p,,,2.8774448751896,2.87745,2.87745,-7.324869932405579,-10.125521657483983,-88.89272229905133,-96.7704793251168,-7.877757026065467,352.12224297393453,112.12224297393453
260519_2dsweep,sim,f_pi2,sim,S12,offset_nan,07_3_TDS-body_Novel-2Dsweep-260516_40.s2p,07_3_TDS-body_Novel-2Dsweep-260516_41.s2p,,,2.8774448751896,2.87745,2.87745,-10.125521657483983,-10.173426699619665,-96.7704793251168,-96.94750014144314,-0.17702081632634759,359.8229791836736,119.82297918367362
260519_2dsweep,sim,f_pi2,sim,S12,offset_nan,07_3_TDS-body_Novel-2Dsweep-260516_41.s2p,07_3_TDS-body_Novel-2Dsweep-260516_42.s2p,,,2.8774448751896,2.87745,2.87745,-10.173426699619665,-7.05353280622261,-96.94750014144314,-88.49533440451506,8.452165736928066,8.452165736928066,-231.54783426307193
260519_2dsweep,sim,f_pi2,sim,S12,offset_nan,07_3_TDS-body_Novel-2Dsweep-260516_42.s2p,07_3_TDS-body_Novel-2Dsweep-260516_43.s2p,,,2.8774448751896,2.87745,2.87745,-7.05353280622261,-7.158483587640391,-88.49533440451506,-88.85495924318987,-0.3596248386747902,359.6403751613252,119.64037516132521
260519_2dsweep,sim,f_pi2,sim,S12,offset_nan,07_3_TDS-body_Novel-2Dsweep-260516_43.s2p,07_3_TDS-body_Novel-2Dsweep-260516_44.s2p,,,2.8774448751896,2.87745,2.87745,-7.158483587640391,-7.254788374946823,-88.85495924318987,-89.2124593204673,-0.35750007727745015,359.64249992272255,119.64249992272255
260519_2dsweep,sim,f_pi2,sim,S12,offset_nan,07_3_TDS-body_Novel-2Dsweep-260516_44.s2p,07_3_TDS-body_Novel-2Dsweep-260516_45.s2p,,,2.8774448751896,2.87745,2.87745,-7.254788374946823,-7.364620530617745,-89.2124593204673,-89.55200255605067,-0.3395432355833634,359.6604567644166,119.66045676441661
260519_2dsweep,sim,f_pi2,sim,S12,offset_nan,07_3_TDS-body_Novel-2Dsweep-260516_45.s2p,07_3_TDS-body_Novel-2Dsweep-260516_46.s2p,,,2.8774448751896,2.87745,2.87745,-7.364620530617745,-7.46275418591415,-89.55200255605067,-89.87790903751869,-0.32590648146802437,359.674093518532,119.674093518532
260519_2dsweep,sim,f_pi2,sim,S12,offset_nan,07_3_TDS-body_Novel-2Dsweep-260516_46.s2p,07_3_TDS-body_Novel-2Dsweep-260516_47.s2p,,,2.8774448751896,2.87745,2.87745,-7.46275418591415,-7.562876885599441,-89.87790903751869,-90.16730904149239,-0.2894000039736966,359.7105999960263,119.7105999960263
260519_2dsweep,sim,f_pi2,sim,S12,offset_nan,07_3_TDS-body_Novel-2Dsweep-260516_47.s2p,07_3_TDS-body_Novel-2Dsweep-260516_48.s2p,,,2.8774448751896,2.87745,2.87745,-7.562876885599441,-7.659395479098006,-90.16730904149239,-90.50146397582002,-0.33415493432761423,359.6658450656724,119.66584506567239
260519_2dsweep,sim,f_pi2,sim,S12,offset_nan,07_3_TDS-body_Novel-2Dsweep-260516_48.s2p,07_3_TDS-body_Novel-2Dsweep-260516_49.s2p,,,2.8774448751896,2.87745,2.87745,-7.659395479098006,-7.753745826163273,-90.50146397582002,-90.80416143183346,-0.30269745601344766,359.69730254398655,119.69730254398655
260519_2dsweep,sim,f_pi2,sim,S12,offset_nan,07_3_TDS-body_Novel-2Dsweep-260516_49.s2p,07_3_TDS-body_Novel-2Dsweep-260516_5.s2p,,,2.8774448751896,2.87745,2.87745,-7.753745826163273,-7.436952508622817,-90.80416143183346,-89.20557035449208,1.598591077341382,1.598591077341382,-238.40140892265862
260519_2dsweep,sim,f_pi2,sim,S12,offset_nan,07_3_TDS-body_Novel-2Dsweep-260516_5.s2p,07_3_TDS-body_Novel-2Dsweep-260516_50.s2p,,,2.8774448751896,2.87745,2.87745,-7.436952508622817,-7.856558055029686,-89.20557035449208,-91.0513866912053,-1.8458163367131988,358.1541836632868,118.1541836632868
260519_2dsweep,sim,f_pi2,sim,S12,offset_nan,07_3_TDS-body_Novel-2Dsweep-260516_50.s2p,07_3_TDS-body_Novel-2Dsweep-260516_51.s2p,,,2.8774448751896,2.87745,2.87745,-7.856558055029686,-7.946812162124086,-91.0513866912053,-91.33044319467169,-0.27905650346639277,359.7209434965336,119.72094349653361
260519_2dsweep,sim,f_pi2,sim,S12,offset_nan,07_3_TDS-body_Novel-2Dsweep-260516_51.s2p,07_3_TDS-body_Novel-2Dsweep-260516_52.s2p,,,2.8774448751896,2.87745,2.87745,-7.946812162124086,-8.02980365929854,-91.33044319467169,-91.63909328054419,-0.3086500858725003,359.6913499141275,119.6913499141275
260519_2dsweep,sim,f_pi2,sim,S12,offset_nan,07_3_TDS-body_Novel-2Dsweep-260516_52.s2p,07_3_TDS-body_Novel-2Dsweep-260516_53.s2p,,,2.8774448751896,2.87745,2.87745,-8.02980365929854,-8.123357921342851,-91.63909328054419,-91.88296227913908,-0.2438689985949054,359.7561310014051,119.7561310014051
260519_2dsweep,sim,f_pi2,sim,S12,offset_nan,07_3_TDS-body_Novel-2Dsweep-260516_53.s2p,07_3_TDS-body_Novel-2Dsweep-260516_54.s2p,,,2.8774448751896,2.87745,2.87745,-8.123357921342851,-8.213142960121,-91.88296227913908,-92.13626188272302,-0.2532996035839403,359.74670039641603,119.74670039641603
260519_2dsweep,sim,f_pi2,sim,S12,offset_nan,07_3_TDS-body_Novel-2Dsweep-260516_54.s2p,07_3_TDS-body_Novel-2Dsweep-260516_55.s2p,,,2.8774448751896,2.87745,2.87745,-8.213142960121,-8.303302904002855,-92.13626188272302,-92.38313368111133,-0.24687179838832662,359.7531282016117,119.75312820161167
260519_2dsweep,sim,f_pi2,sim,S12,offset_nan,07_3_TDS-body_Novel-2Dsweep-260516_55.s2p,07_3_TDS-body_Novel-2Dsweep-260516_56.s2p,,,2.8774448751896,2.87745,2.87745,-8.303302904002855,-8.378979184390401,-92.38313368111133,-92.64573830407366,-0.26260462296232845,359.73739537703767,119.73739537703767
260519_2dsweep,sim,f_pi2,sim,S12,offset_nan,07_3_TDS-body_Novel-2Dsweep-260516_56.s2p,07_3_TDS-body_Novel-2Dsweep-260516_57.s2p,,,2.8774448751896,2.87745,2.87745,-8.378979184390401,-8.474467782590091,-92.64573830407366,-92.85772453745395,-0.2119862333802871,359.7880137666197,119.78801376661971
260519_2dsweep,sim,f_pi2,sim,S12,offset_nan,07_3_TDS-body_Novel-2Dsweep-260516_57.s2p,07_3_TDS-body_Novel-2Dsweep-260516_58.s2p,,,2.8774448751896,2.87745,2.87745,-8.474467782590091,-8.546042708670385,-92.85772453745395,-93.12122040292302,-0.26349586546905357,359.73650413453095,119.73650413453095
260519_2dsweep,sim,f_pi2,sim,S12,offset_nan,07_3_TDS-body_Novel-2Dsweep-260516_58.s2p,07_3_TDS-body_Novel-2Dsweep-260516_59.s2p,,,2.8774448751896,2.87745,2.87745,-8.546042708670385,-8.62838307532986,-93.12122040292302,-93.34763032700135,-0.22640992407832528,359.7735900759217,119.77359007592167
260519_2dsweep,sim,f_pi2,sim,S12,offset_nan,07_3_TDS-body_Novel-2Dsweep-260516_59.s2p,07_3_TDS-body_Novel-2Dsweep-260516_6.s2p,,,2.8774448751896,2.87745,2.87745,-8.62838307532986,-7.524380568221348,-93.34763032700135,-89.5668030763334,3.7808272506679543,3.7808272506679543,-236.21917274933205
260519_2dsweep,sim,f_pi2,sim,S12,offset_nan,07_3_TDS-body_Novel-2Dsweep-260516_6.s2p,07_3_TDS-body_Novel-2Dsweep-260516_60.s2p,,,2.8774448751896,2.87745,2.87745,-7.524380568221348,-8.704613748523478,-89.5668030763334,-93.56814186394999,-4.001338787616589,355.9986612123834,115.99866121238341
260519_2dsweep,sim,f_pi2,sim,S12,offset_nan,07_3_TDS-body_Novel-2Dsweep-260516_60.s2p,07_3_TDS-body_Novel-2Dsweep-260516_61.s2p,,,2.8774448751896,2.87745,2.87745,-8.704613748523478,-8.788997134485793,-93.56814186394999,-93.76940049579483,-0.20125863184483705,359.79874136815516,119.79874136815516
260519_2dsweep,sim,f_pi2,sim,S12,offset_nan,07_3_TDS-body_Novel-2Dsweep-260516_61.s2p,07_3_TDS-body_Novel-2Dsweep-260516_62.s2p,,,2.8774448751896,2.87745,2.87745,-8.788997134485793,-8.859517848906767,-93.76940049579483,-93.99682116912572,-0.22742067333089722,359.7725793266691,119.77257932666907
260519_2dsweep,sim,f_pi2,sim,S12,offset_nan,07_3_TDS-body_Novel-2Dsweep-260516_62.s2p,07_3_TDS-body_Novel-2Dsweep-260516_63.s2p,,,2.8774448751896,2.87745,2.87745,-8.859517848906767,-8.937411424729287,-93.99682116912572,-94.19863032674463,-0.20180915761892493,359.7981908423811,119.79819084238108
260519_2dsweep,sim,f_pi2,sim,S12,offset_nan,07_3_TDS-body_Novel-2Dsweep-260516_63.s2p,07_3_TDS-body_Novel-2Dsweep-260516_64.s2p,,,2.8774448751896,2.87745,2.87745,-8.937411424729287,-9.015643802523586,-94.19863032674463,-94.39261177285442,-0.19398144610977397,359.8060185538902,119.80601855389023
260519_2dsweep,sim,f_pi2,sim,S12,offset_nan,07_3_TDS-body_Novel-2Dsweep-260516_64.s2p,07_3_TDS-body_Novel-2Dsweep-260516_65.s2p,,,2.8774448751896,2.87745,2.87745,-9.015643802523586,-9.086436187545674,-94.39261177285442,-94.59439780527863,-0.20178603242419513,359.7982139675758,119.7982139675758
260519_2dsweep,sim,f_pi2,sim,S12,offset_nan,07_3_TDS-body_Novel-2Dsweep-260516_65.s2p,07_3_TDS-body_Novel-2Dsweep-260516_66.s2p,,,2.8774448751896,2.87745,2.87745,-9.086436187545674,-9.157591543935972,-94.59439780527863,-94.79296738657698,-0.19856958129832947,359.80143041870167,119.80143041870167
260519_2dsweep,sim,f_pi2,sim,S12,offset_nan,07_3_TDS-body_Novel-2Dsweep-260516_66.s2p,07_3_TDS-body_Novel-2Dsweep-260516_67.s2p,,,2.8774448751896,2.87745,2.87745,-9.157591543935972,-9.221635668407629,-94.79296738657698,-95.00165536387816,-0.2086879773011674,359.79131202269883,119.79131202269883
260519_2dsweep,sim,f_pi2,sim,S12,offset_nan,07_3_TDS-body_Novel-2Dsweep-260516_67.s2p,07_3_TDS-body_Novel-2Dsweep-260516_68.s2p,,,2.8774448751896,2.87745,2.87745,-9.221635668407629,-9.297639323778467,-95.00165536387816,-95.15966440148641,-0.15800903760825236,359.8419909623917,119.84199096239172
260519_2dsweep,sim,f_pi2,sim,S12,offset_nan,07_3_TDS-body_Novel-2Dsweep-260516_68.s2p,07_3_TDS-body_Novel-2Dsweep-260516_69.s2p,,,2.8774448751896,2.87745,2.87745,-9.297639323778467,-9.367090032641848,-95.15966440148641,-95.35287430214507,-0.19320990065864407,359.80679009934136,119.80679009934136
260519_2dsweep,sim,f_pi2,sim,S12,offset_nan,07_3_TDS-body_Novel-2Dsweep-260516_69.s2p,07_3_TDS-body_Novel-2Dsweep-260516_7.s2p,,,2.8774448751896,2.87745,2.87745,-9.367090032641848,-7.630672885324009,-95.35287430214507,-89.84636042449846,5.506513877646626,5.506513877646626,-234.49348612235337
260519_2dsweep,sim,f_pi2,sim,S12,offset_nan,07_3_TDS-body_Novel-2Dsweep-260516_7.s2p,07_3_TDS-body_Novel-2Dsweep-260516_70.s2p,,,2.8774448751896,2.87745,2.87745,-7.630672885324009,-9.437165006908003,-89.84636042449846,-95.50903976510398,-5.662679340605507,354.3373206593945,114.33732065939449
260519_2dsweep,sim,f_pi2,sim,S12,offset_nan,07_3_TDS-body_Novel-2Dsweep-260516_70.s2p,07_3_TDS-body_Novel-2Dsweep-260516_71.s2p,,,2.8774448751896,2.87745,2.87745,-9.437165006908003,-9.507494991982202,-95.50903976510398,-95.68062707283495,-0.17158730773098796,359.828412692269,119.82841269226901
260519_2dsweep,sim,f_pi2,sim,S12,offset_nan,07_3_TDS-body_Novel-2Dsweep-260516_71.s2p,07_3_TDS-body_Novel-2Dsweep-260516_72.s2p,,,2.8774448751896,2.87745,2.87745,-9.507494991982202,-9.569001405420822,-95.68062707283495,-95.85540394526862,-0.1747768724336538,359.82522312756635,119.82522312756635
260519_2dsweep,sim,f_pi2,sim,S12,offset_nan,07_3_TDS-body_Novel-2Dsweep-260516_72.s2p,07_3_TDS-body_Novel-2Dsweep-260516_73.s2p,,,2.8774448751896,2.87745,2.87745,-9.569001405420822,-9.633561668235236,-95.85540394526862,-96.01772204102673,-0.16231809575810985,359.8376819042419,119.83768190424189
260519_2dsweep,sim,f_pi2,sim,S12,offset_nan,07_3_TDS-body_Novel-2Dsweep-260516_73.s2p,07_3_TDS-body_Novel-2Dsweep-260516_74.s2p,,,2.8774448751896,2.87745,2.87745,-9.633561668235236,-9.70041887654413,-96.01772204102673,-96.16390294225509,-0.14618090122837657,359.8538190987716,119.85381909877162
260519_2dsweep,sim,f_pi2,sim,S12,offset_nan,07_3_TDS-body_Novel-2Dsweep-260516_74.s2p,07_3_TDS-body_Novel-2Dsweep-260516_75.s2p,,,2.8774448751896,2.87745,2.87745,-9.70041887654413,-9.74149942802137,-96.16390294225509,-96.38483260917305,-0.22092966691795368,359.779070333082,119.77907033308202
260519_2dsweep,sim,f_pi2,sim,S12,offset_nan,07_3_TDS-body_Novel-2Dsweep-260516_75.s2p,07_3_TDS-body_Novel-2Dsweep-260516_76.s2p,,,2.8774448751896,2.87745,2.87745,-9.74149942802137,-9.813997898335433,-96.38483260917305,-96.5061753050119,-0.12134269583884816,359.87865730416115,119.87865730416115
260519_2dsweep,sim,f_pi2,sim,S12,offset_nan,07_3_TDS-body_Novel-2Dsweep-260516_76.s2p,07_3_TDS-body_Novel-2Dsweep-260516_77.s2p,,,2.8774448751896,2.87745,2.87745,-9.813997898335433,-9.873973820541691,-96.5061753050119,-96.67243247290683,-0.1662571678949405,359.83374283210503,119.83374283210503
260519_2dsweep,sim,f_pi2,sim,S12,offset_nan,07_3_TDS-body_Novel-2Dsweep-260516_77.s2p,07_3_TDS-body_Novel-2Dsweep-260516_78.s2p,,,2.8774448751896,2.87745,2.87745,-9.873973820541691,-9.925121345047952,-96.67243247290683,-96.8461522359272,-0.1737197630203582,359.82628023697964,119.82628023697964
260519_2dsweep,sim,f_pi2,sim,S12,offset_nan,07_3_TDS-body_Novel-2Dsweep-260516_78.s2p,07_3_TDS-body_Novel-2Dsweep-260516_79.s2p,,,2.8774448751896,2.87745,2.87745,-9.925121345047952,-9.991390647527846,-96.8461522359272,-96.9588174665219,-0.11266523059470046,359.8873347694053,119.8873347694053
260519_2dsweep,sim,f_pi2,sim,S12,offset_nan,07_3_TDS-body_Novel-2Dsweep-260516_79.s2p,07_3_TDS-body_Novel-2Dsweep-260516_8.s2p,,,2.8774448751896,2.87745,2.87745,-9.991390647527846,-7.718454191586824,-96.9588174665219,-90.19846554075362,6.760351925768276,6.760351925768276,-233.23964807423172
260519_2dsweep,sim,f_pi2,sim,S12,offset_nan,07_3_TDS-body_Novel-2Dsweep-260516_8.s2p,07_3_TDS-body_Novel-2Dsweep-260516_80.s2p,,,2.8774448751896,2.87745,2.87745,-7.718454191586824,-10.051472444896346,-90.19846554075362,-97.10103191732713,-6.902566376573532,353.09743362342647,113.09743362342647
260519_2dsweep,sim,f_pi2,sim,S12,offset_nan,07_3_TDS-body_Novel-2Dsweep-260516_80.s2p,07_3_TDS-body_Novel-2Dsweep-260516_81.s2p,,,2.8774448751896,2.87745,2.87745,-10.051472444896346,-10.101110516448964,-97.10103191732713,-97.26416105466038,-0.16312913733324308,359.83687086266673,119.83687086266673
260519_2dsweep,sim,f_pi2,sim,S12,offset_nan,07_3_TDS-body_Novel-2Dsweep-260516_81.s2p,07_3_TDS-body_Novel-2Dsweep-260516_82.s2p,,,2.8774448751896,2.87745,2.87745,-10.101110516448964,-10.169594576508072,-97.26416105466038,-97.37143557631937,-0.10727452165900786,359.892725478341,119.89272547834099
260519_2dsweep,sim,f_pi2,sim,S12,offset_nan,07_3_TDS-body_Novel-2Dsweep-260516_82.s2p,07_3_TDS-body_Novel-2Dsweep-260516_83.s2p,,,2.8774448751896,2.87745,2.87745,-10.169594576508072,-7.129077948967563,-97.37143557631937,-88.99771191100992,8.373723665309456,8.373723665309456,-231.62627633469054
260519_2dsweep,sim,f_pi2,sim,S12,offset_nan,07_3_TDS-body_Novel-2Dsweep-260516_83.s2p,07_3_TDS-body_Novel-2Dsweep-260516_84.s2p,,,2.8774448751896,2.87745,2.87745,-7.129077948967563,-7.28766170620811,-88.99771191100992,-89.05097086575012,-0.05325895474021536,359.9467410452598,119.94674104525978
260519_2dsweep,sim,f_pi2,sim,S12,offset_nan,07_3_TDS-body_Novel-2Dsweep-260516_84.s2p,07_3_TDS-body_Novel-2Dsweep-260516_85.s2p,,,2.8774448751896,2.87745,2.87745,-7.28766170620811,-7.38797804809597,-89.05097086575012,-89.42692517525523,-0.37595430950511854,359.6240456904949,119.62404569049488
260519_2dsweep,sim,f_pi2,sim,S12,offset_nan,07_3_TDS-body_Novel-2Dsweep-260516_85.s2p,07_3_TDS-body_Novel-2Dsweep-260516_86.s2p,,,2.8774448751896,2.87745,2.87745,-7.38797804809597,-7.492951470924611,-89.42692517525523,-89.76613670366739,-0.339211528412136,359.66078847158786,119.66078847158786
260519_2dsweep,sim,f_pi2,sim,S12,offset_nan,07_3_TDS-body_Novel-2Dsweep-260516_86.s2p,07_3_TDS-body_Novel-2Dsweep-260516_87.s2p,,,2.8774448751896,2.87745,2.87745,-7.492951470924611,-7.577012594255313,-89.76613670366739,-90.13746723142151,-0.37133052775413944,359.62866947224586,119.62866947224586
260519_2dsweep,sim,f_pi2,sim,S12,offset_nan,07_3_TDS-body_Novel-2Dsweep-260516_87.s2p,07_3_TDS-body_Novel-2Dsweep-260516_88.s2p,,,2.8774448751896,2.87745,2.87745,-7.577012594255313,-7.6830909258248115,-90.13746723142151,-90.41541772830587,-0.27795049688435824,359.7220495031156,119.72204950311561
260519_2dsweep,sim,f_pi2,sim,S12,offset_nan,07_3_TDS-body_Novel-2Dsweep-260516_88.s2p,07_3_TDS-body_Novel-2Dsweep-260516_89.s2p,,,2.8774448751896,2.87745,2.87745,-7.6830909258248115,-7.767659758494405,-90.41541772830587,-90.76197760561057,-0.34655987730468496,359.6534401226953,119.65344012269532
260519_2dsweep,sim,f_pi2,sim,S12,offset_nan,07_3_TDS-body_Novel-2Dsweep-260516_89.s2p,07_3_TDS-body_Novel-2Dsweep-260516_9.s2p,,,2.8774448751896,2.87745,2.87745,-7.767659758494405,-7.82545417467392,-90.76197760561057,-90.42090628266295,0.341071322947613,0.341071322947613,-239.6589286770524
260519_2dsweep,sim,f_pi2,sim,S12,offset_nan,07_3_TDS-body_Novel-2Dsweep-260516_9.s2p,07_3_TDS-body_Novel-2Dsweep-260516_90.s2p,,,2.8774448751896,2.87745,2.87745,-7.82545417467392,-7.8681719172453635,-90.42090628266295,-91.00432756568529,-0.5834212830223464,359.41657871697765,119.41657871697765
260519_2dsweep,sim,f_pi2,sim,S12,offset_nan,07_3_TDS-body_Novel-2Dsweep-260516_90.s2p,07_3_TDS-body_Novel-2Dsweep-260516_91.s2p,,,2.8774448751896,2.87745,2.87745,-7.8681719172453635,-7.9760668369620245,-91.00432756568529,-91.31063999089442,-0.3063124252091143,359.6936875747909,119.69368757479089
260519_2dsweep,sim,f_pi2,sim,S12,offset_nan,07_3_TDS-body_Novel-2Dsweep-260516_91.s2p,07_3_TDS-body_Novel-2Dsweep-260516_92.s2p,,,2.8774448751896,2.87745,2.87745,-7.9760668369620245,-8.064874880831463,-91.31063999089442,-91.64769006456528,-0.33705007367086637,359.66294992632913,119.66294992632913
260519_2dsweep,sim,f_pi2,sim,S12,offset_nan,07_3_TDS-body_Novel-2Dsweep-260516_92.s2p,07_3_TDS-body_Novel-2Dsweep-260516_93.s2p,,,2.8774448751896,2.87745,2.87745,-8.064874880831463,-8.145024925688922,-91.64769006456528,-91.8555027719109,-0.2078127073456244,359.7921872926544,119.79218729265438
260519_2dsweep,sim,f_pi2,sim,S12,offset_nan,07_3_TDS-body_Novel-2Dsweep-260516_93.s2p,07_3_TDS-body_Novel-2Dsweep-260516_94.s2p,,,2.8774448751896,2.87745,2.87745,-8.145024925688922,-8.25176770195151,-91.8555027719109,-92.10116156217356,-0.24565879026266657,359.75434120973733,119.75434120973733
260519_2dsweep,sim,f_pi2,sim,S12,offset_nan,07_3_TDS-body_Novel-2Dsweep-260516_94.s2p,07_3_TDS-body_Novel-2Dsweep-260516_95.s2p,,,2.8774448751896,2.87745,2.87745,-8.25176770195151,-8.315474391814519,-92.10116156217356,-92.41178449667228,-0.31062293449872413,359.6893770655013,119.68937706550128
260519_2dsweep,sim,f_pi2,sim,S12,offset_nan,07_3_TDS-body_Novel-2Dsweep-260516_95.s2p,07_3_TDS-body_Novel-2Dsweep-260516_96.s2p,,,2.8774448751896,2.87745,2.87745,-8.315474391814519,-8.406990437093722,-92.41178449667228,-92.6451908856487,-0.23340638897641952,359.7665936110236,119.76659361102361
260519_2dsweep,sim,f_pi2,sim,S12,offset_nan,07_3_TDS-body_Novel-2Dsweep-260516_96.s2p,07_3_TDS-body_Novel-2Dsweep-260516_97.s2p,,,2.8774448751896,2.87745,2.87745,-8.406990437093722,-8.488733472567787,-92.6451908856487,-92.91274569509197,-0.26755480944325427,359.73244519055675,119.73244519055675
260519_2dsweep,sim,f_pi2,sim,S12,offset_nan,07_3_TDS-body_Novel-2Dsweep-260516_97.s2p,07_3_TDS-body_Novel-2Dsweep-260516_98.s2p,,,2.8774448751896,2.87745,2.87745,-8.488733472567787,-8.586174490304447,-92.91274569509197,-93.06854425515905,-0.15579856006706905,359.84420143993293,119.84420143993293
260519_2dsweep,sim,f_pi2,sim,S12,offset_nan,07_3_TDS-body_Novel-2Dsweep-260516_98.s2p,07_3_TDS-body_Novel-2Dsweep-260516_99.s2p,,,2.8774448751896,2.87745,2.87745,-8.586174490304447,-8.666472429308797,-93.06854425515905,-93.29291591180534,-0.22437165664626946,359.77562834335373,119.77562834335373
260519_2dsweep,sim,f_pi2,sim,S21,offset_nan,07_3_TDS-body_Novel-2Dsweep-260516_1.s2p,07_3_TDS-body_Novel-2Dsweep-260516_10.s2p,,,2.8774448751896,2.87745,2.87745,-7.006592582183235,-7.9135821099774954,-87.85151778265008,-90.75827878684622,-2.9067610041961416,357.09323899580386,117.09323899580386
260519_2dsweep,sim,f_pi2,sim,S21,offset_nan,07_3_TDS-body_Novel-2Dsweep-260516_10.s2p,07_3_TDS-body_Novel-2Dsweep-260516_100.s2p,,,2.8774448751896,2.87745,2.87745,-7.9135821099774954,-8.741823302000796,-90.75827878684622,-93.59121759409149,-2.8329388072452844,357.1670611927547,117.16706119275472
260519_2dsweep,sim,f_pi2,sim,S21,offset_nan,07_3_TDS-body_Novel-2Dsweep-260516_100.s2p,07_3_TDS-body_Novel-2Dsweep-260516_101.s2p,,,2.8774448751896,2.87745,2.87745,-8.741823302000796,-8.818833705924678,-93.59121759409149,-93.72657699938549,-0.13535940529399682,359.864640594706,119.86464059470597
260519_2dsweep,sim,f_pi2,sim,S21,offset_nan,07_3_TDS-body_Novel-2Dsweep-260516_101.s2p,07_3_TDS-body_Novel-2Dsweep-260516_103.s2p,,,2.8774448751896,2.87745,2.87745,-8.818833705924678,-7.696347776734481,-93.72657699938549,-94.0575985503656,-0.3310215509800969,359.6689784490199,119.6689784490199
260519_2dsweep,sim,f_pi2,sim,S21,offset_nan,07_3_TDS-body_Novel-2Dsweep-260516_103.s2p,07_3_TDS-body_Novel-2Dsweep-260516_104.s2p,,,2.8774448751896,2.87745,2.87745,-7.696347776734481,-8.52293150927903,-94.0575985503656,-96.55038291543504,-2.49278436506944,357.50721563493056,117.50721563493056
260519_2dsweep,sim,f_pi2,sim,S21,offset_nan,07_3_TDS-body_Novel-2Dsweep-260516_104.s2p,07_3_TDS-body_Novel-2Dsweep-260516_105.s2p,,,2.8774448751896,2.87745,2.87745,-8.52293150927903,-9.225978004305901,-96.55038291543504,-98.42976478118307,-1.8793818657480301,358.12061813425197,118.12061813425197
260519_2dsweep,sim,f_pi2,sim,S21,offset_nan,07_3_TDS-body_Novel-2Dsweep-260516_105.s2p,07_3_TDS-body_Novel-2Dsweep-260516_106.s2p,,,2.8774448751896,2.87745,2.87745,-9.225978004305901,-9.791215727125401,-98.42976478118307,-100.02600793911212,-1.5962431579290524,358.40375684207095,118.40375684207095
260519_2dsweep,sim,f_pi2,sim,S21,offset_nan,07_3_TDS-body_Novel-2Dsweep-260516_106.s2p,07_3_TDS-body_Novel-2Dsweep-260516_107.s2p,,,2.8774448751896,2.87745,2.87745,-9.791215727125401,-10.294329550703289,-100.02600793911212,-101.21072633191984,-1.1847183928077243,358.8152816071923,118.81528160719228
260519_2dsweep,sim,f_pi2,sim,S21,offset_nan,07_3_TDS-body_Novel-2Dsweep-260516_107.s2p,07_3_TDS-body_Novel-2Dsweep-260516_108.s2p,,,2.8774448751896,2.87745,2.87745,-10.294329550703289,-8.750142573115319,-101.21072633191984,-100.16884872863294,1.0418776032869062,1.0418776032869062,-238.9581223967131
260519_2dsweep,sim,f_pi2,sim,S21,offset_nan,07_3_TDS-body_Novel-2Dsweep-260516_108.s2p,07_3_TDS-body_Novel-2Dsweep-260516_109.s2p,,,2.8774448751896,2.87745,2.87745,-8.750142573115319,-9.342922908320135,-100.16884872863294,-101.96707327919565,-1.7982245505627077,358.20177544943726,118.20177544943726
260519_2dsweep,sim,f_pi2,sim,S21,offset_nan,07_3_TDS-body_Novel-2Dsweep-260516_109.s2p,07_3_TDS-body_Novel-2Dsweep-260516_11.s2p,,,2.8774448751896,2.87745,2.87745,-9.342922908320135,-8.013952098991556,-101.96707327919565,-90.99880227853593,10.968271000659712,10.968271000659712,-229.0317289993403
260519_2dsweep,sim,f_pi2,sim,S21,offset_nan,07_3_TDS-body_Novel-2Dsweep-260516_11.s2p,07_3_TDS-body_Novel-2Dsweep-260516_110.s2p,,,2.8774448751896,2.87745,2.87745,-8.013952098991556,-9.832013226471409,-90.99880227853593,-103.37549369662415,-12.376691418088228,347.6233085819118,107.62330858191177
260519_2dsweep,sim,f_pi2,sim,S21,offset_nan,07_3_TDS-body_Novel-2Dsweep-260516_110.s2p,07_3_TDS-body_Novel-2Dsweep-260516_111.s2p,,,2.8774448751896,2.87745,2.87745,-9.832013226471409,-10.23036181194418,-103.37549369662415,-104.56194641047996,-1.1864527138558287,358.81354728614417,118.81354728614417
260519_2dsweep,sim,f_pi2,sim,S21,offset_nan,07_3_TDS-body_Novel-2Dsweep-260516_111.s2p,07_3_TDS-body_Novel-2Dsweep-260516_112.s2p,,,2.8774448751896,2.87745,2.87745,-10.23036181194418,-10.573761439347233,-104.56194641047996,-105.52106176580493,-0.9591153553249683,359.04088464467503,119.04088464467503
260519_2dsweep,sim,f_pi2,sim,S21,offset_nan,07_3_TDS-body_Novel-2Dsweep-260516_112.s2p,07_3_TDS-body_Novel-2Dsweep-260516_113.s2p,,,2.8774448751896,2.87745,2.87745,-10.573761439347233,-10.167414491370845,-105.52106176580493,-105.4251526818016,0.0959090840033241,0.0959090840033241,-239.90409091599668
260519_2dsweep,sim,f_pi2,sim,S21,offset_nan,07_3_TDS-body_Novel-2Dsweep-260516_113.s2p,07_3_TDS-body_Novel-2Dsweep-260516_114.s2p,,,2.8774448751896,2.87745,2.87745,-10.167414491370845,-10.502040237881804,-105.4251526818016,-106.6609822909752,-1.2358296091736065,358.7641703908264,118.7641703908264
260519_2dsweep,sim,f_pi2,sim,S21,offset_nan,07_3_TDS-body_Novel-2Dsweep-260516_114.s2p,07_3_TDS-body_Novel-2Dsweep-260516_115.s2p,,,2.8774448751896,2.87745,2.87745,-10.502040237881804,-10.761310784337708,-106.6609822909752,-107.58682477939787,-0.9258424884226883,359.0741575115773,119.07415751157731
260519_2dsweep,sim,f_pi2,sim,S21,offset_nan,07_3_TDS-body_Novel-2Dsweep-260516_115.s2p,07_3_TDS-body_Novel-2Dsweep-260516_116.s2p,,,2.8774448751896,2.87745,2.87745,-10.761310784337708,-10.963289006020522,-107.58682477939787,-108.58901346434216,-1.0021886849442865,358.99781131505574,118.99781131505574
260519_2dsweep,sim,f_pi2,sim,S21,offset_nan,07_3_TDS-body_Novel-2Dsweep-260516_116.s2p,07_3_TDS-body_Novel-2Dsweep-260516_117.s2p,,,2.8774448751896,2.87745,2.87745,-10.963289006020522,-11.133894152746562,-108.58901346434216,-109.34510961145699,-0.7560961471148175,359.2439038528852,119.24390385288518
260519_2dsweep,sim,f_pi2,sim,S21,offset_nan,07_3_TDS-body_Novel-2Dsweep-260516_117.s2p,07_3_TDS-body_Novel-2Dsweep-260516_118.s2p,,,2.8774448751896,2.87745,2.87745,-11.133894152746562,-11.821033294547668,-109.34510961145699,-109.69628691062391,-0.3511772991669204,359.6488227008331,119.64882270083308
260519_2dsweep,sim,f_pi2,sim,S21,offset_nan,07_3_TDS-body_Novel-2Dsweep-260516_118.s2p,07_3_TDS-body_Novel-2Dsweep-260516_119.s2p,,,2.8774448751896,2.87745,2.87745,-11.821033294547668,-11.885637051253575,-109.69628691062391,-110.53861685533971,-0.8423299447158001,359.1576700552842,119.1576700552842
260519_2dsweep,sim,f_pi2,sim,S21,offset_nan,07_3_TDS-body_Novel-2Dsweep-260516_119.s2p,07_3_TDS-body_Novel-2Dsweep-260516_12.s2p,,,2.8774448751896,2.87745,2.87745,-11.885637051253575,-8.092438279905018,-110.53861685533971,-91.31550819076257,19.223108664577126,19.223108664577126,-220.77689133542287
260519_2dsweep,sim,f_pi2,sim,S21,offset_nan,07_3_TDS-body_Novel-2Dsweep-260516_12.s2p,07_3_TDS-body_Novel-2Dsweep-260516_120.s2p,,,2.8774448751896,2.87745,2.87745,-8.092438279905018,-11.963772431034494,-91.31550819076257,-111.23469934680773,-19.919191156045144,340.08080884395486,100.08080884395486
260519_2dsweep,sim,f_pi2,sim,S21,offset_nan,07_3_TDS-body_Novel-2Dsweep-260516_120.s2p,07_3_TDS-body_Novel-2Dsweep-260516_121.s2p,,,2.8774448751896,2.87745,2.87745,-11.963772431034494,-11.962095450307473,-111.23469934680773,-111.95388468448519,-0.7191853376774588,359.28081466232254,119.28081466232254
260519_2dsweep,sim,f_pi2,sim,S21,offset_nan,07_3_TDS-body_Novel-2Dsweep-260516_121.s2p,07_3_TDS-body_Novel-2Dsweep-260516_122.s2p,,,2.8774448751896,2.87745,2.87745,-11.962095450307473,-11.928076935420677,-111.95388468448519,-112.62285032839726,-0.6689656439120881,359.3310343560879,119.33103435608791
260519_2dsweep,sim,f_pi2,sim,S21,offset_nan,07_3_TDS-body_Novel-2Dsweep-260516_122.s2p,07_3_TDS-body_Novel-2Dsweep-260516_13.s2p,,,2.8774448751896,2.87745,2.87745,-11.928076935420677,-8.187596758268842,-112.62285032839726,-91.56105806744556,21.061792260951705,21.061792260951705,-218.9382077390483
260519_2dsweep,sim,f_pi2,sim,S21,offset_nan,07_3_TDS-body_Novel-2Dsweep-260516_13.s2p,07_3_TDS-body_Novel-2Dsweep-260516_14.s2p,,,2.8774448751896,2.87745,2.87745,-8.187596758268842,-8.277780639055464,-91.56105806744556,-91.80962139506465,-0.24856332761908106,359.7514366723809,119.75143667238092
260519_2dsweep,sim,f_pi2,sim,S21,offset_nan,07_3_TDS-body_Novel-2Dsweep-260516_14.s2p,07_3_TDS-body_Novel-2Dsweep-260516_15.s2p,,,2.8774448751896,2.87745,2.87745,-8.277780639055464,-8.361547664597486,-91.80962139506465,-92.089319232129,-0.27969783706436147,359.72030216293564,119.72030216293564
260519_2dsweep,sim,f_pi2,sim,S21,offset_nan,07_3_TDS-body_Novel-2Dsweep-260516_15.s2p,07_3_TDS-body_Novel-2Dsweep-260516_16.s2p,,,2.8774448751896,2.87745,2.87745,-8.361547664597486,-8.449972548404917,-92.089319232129,-92.2933606051072,-0.20404137297819602,359.79595862702183,119.79595862702183
260519_2dsweep,sim,f_pi2,sim,S21,offset_nan,07_3_TDS-body_Novel-2Dsweep-260516_16.s2p,07_3_TDS-body_Novel-2Dsweep-260516_17.s2p,,,2.8774448751896,2.87745,2.87745,-8.449972548404917,-8.528470069325236,-92.2933606051072,-92.56620277373786,-0.27284216863066035,359.72715783136937,119.72715783136937
260519_2dsweep,sim,f_pi2,sim,S21,offset_nan,07_3_TDS-body_Novel-2Dsweep-260516_17.s2p,07_3_TDS-body_Novel-2Dsweep-260516_18.s2p,,,2.8774448751896,2.87745,2.87745,-8.528470069325236,-8.617299002192059,-92.56620277373786,-92.7900451880138,-0.22384241427596407,359.77615758572404,119.77615758572404
260519_2dsweep,sim,f_pi2,sim,S21,offset_nan,07_3_TDS-body_Novel-2Dsweep-260516_18.s2p,07_3_TDS-body_Novel-2Dsweep-260516_19.s2p,,,2.8774448751896,2.87745,2.87745,-8.617299002192059,-8.687834144771271,-92.7900451880138,-93.02278018231235,-0.23273499429853928,359.76726500570146,119.76726500570146
260519_2dsweep,sim,f_pi2,sim,S21,offset_nan,07_3_TDS-body_Novel-2Dsweep-260516_19.s2p,07_3_TDS-body_Novel-2Dsweep-260516_2.s2p,,,2.8774448751896,2.87745,2.87745,-8.687834144771271,-7.122125694077228,-93.02278018231235,-88.16057911603357,4.862201066278772,4.862201066278772,-235.13779893372123
260519_2dsweep,sim,f_pi2,sim,S21,offset_nan,07_3_TDS-body_Novel-2Dsweep-260516_2.s2p,07_3_TDS-body_Novel-2Dsweep-260516_20.s2p,,,2.8774448751896,2.87745,2.87745,-7.122125694077228,-8.772989043210725,-88.16057911603357,-93.23288599571086,-5.072306879677285,354.9276931203227,114.92769312032272
260519_2dsweep,sim,f_pi2,sim,S21,offset_nan,07_3_TDS-body_Novel-2Dsweep-260516_20.s2p,07_3_TDS-body_Novel-2Dsweep-260516_21.s2p,,,2.8774448751896,2.87745,2.87745,-8.772989043210725,-8.85305408896623,-93.23288599571086,-93.45314382543594,-0.22025782972508523,359.7797421702749,119.77974217027491
260519_2dsweep,sim,f_pi2,sim,S21,offset_nan,07_3_TDS-body_Novel-2Dsweep-260516_21.s2p,07_3_TDS-body_Novel-2Dsweep-260516_22.s2p,,,2.8774448751896,2.87745,2.87745,-8.85305408896623,-8.9231210154238,-93.45314382543594,-93.67496730343134,-0.22182347799540025,359.7781765220046,119.77817652200463
260519_2dsweep,sim,f_pi2,sim,S21,offset_nan,07_3_TDS-body_Novel-2Dsweep-260516_22.s2p,07_3_TDS-body_Novel-2Dsweep-260516_23.s2p,,,2.8774448751896,2.87745,2.87745,-8.9231210154238,-8.996021063138816,-93.67496730343134,-93.88983534708207,-0.21486804365071066,359.7851319563493,119.78513195634929
260519_2dsweep,sim,f_pi2,sim,S21,offset_nan,07_3_TDS-body_Novel-2Dsweep-260516_23.s2p,07_3_TDS-body_Novel-2Dsweep-260516_24.s2p,,,2.8774448751896,2.87745,2.87745,-8.996021063138816,-9.071725657227747,-93.88983534708207,-94.09909181621799,-0.2092564691359371,359.79074353086406,119.79074353086406
260519_2dsweep,sim,f_pi2,sim,S21,offset_nan,07_3_TDS-body_Novel-2Dsweep-260516_24.s2p,07_3_TDS-body_Novel-2Dsweep-260516_25.s2p,,,2.8774448751896,2.87745,2.87745,-9.071725657227747,-9.15022808613591,-94.09909181621799,-94.26661995356645,-0.16752813734845518,359.8324718626516,119.83247186265157
260519_2dsweep,sim,f_pi2,sim,S21,offset_nan,07_3_TDS-body_Novel-2Dsweep-260516_25.s2p,07_3_TDS-body_Novel-2Dsweep-260516_26.s2p,,,2.8774448751896,2.87745,2.87745,-9.15022808613591,-9.226913638947874,-94.26661995356645,-94.44423132373524,-0.17761137016879047,359.8223886298312,119.82238862983121
260519_2dsweep,sim,f_pi2,sim,S21,offset_nan,07_3_TDS-body_Novel-2Dsweep-260516_26.s2p,07_3_TDS-body_Novel-2Dsweep-260516_27.s2p,,,2.8774448751896,2.87745,2.87745,-9.226913638947874,-9.298610383593426,-94.44423132373524,-94.64071218977774,-0.19648086604252057,359.8035191339575,119.80351913395748
260519_2dsweep,sim,f_pi2,sim,S21,offset_nan,07_3_TDS-body_Novel-2Dsweep-260516_27.s2p,07_3_TDS-body_Novel-2Dsweep-260516_28.s2p,,,2.8774448751896,2.87745,2.87745,-9.298610383593426,-9.367569378003346,-94.64071218977774,-94.82067838220333,-0.17996619242558154,359.8200338075744,119.82003380757442
260519_2dsweep,sim,f_pi2,sim,S21,offset_nan,07_3_TDS-body_Novel-2Dsweep-260516_28.s2p,07_3_TDS-body_Novel-2Dsweep-260516_29.s2p,,,2.8774448751896,2.87745,2.87745,-9.367569378003346,-9.44348652425871,-94.82067838220333,-94.97546238337121,-0.15478400116788293,359.84521599883215,119.84521599883215
260519_2dsweep,sim,f_pi2,sim,S21,offset_nan,07_3_TDS-body_Novel-2Dsweep-260516_29.s2p,07_3_TDS-body_Novel-2Dsweep-260516_3.s2p,,,2.8774448751896,2.87745,2.87745,-9.44348652425871,-7.224086440188223,-94.97546238337121,-88.53336942961715,6.44209295375407,6.44209295375407,-233.55790704624593
260519_2dsweep,sim,f_pi2,sim,S21,offset_nan,07_3_TDS-body_Novel-2Dsweep-260516_3.s2p,07_3_TDS-body_Novel-2Dsweep-260516_30.s2p,,,2.8774448751896,2.87745,2.87745,-7.224086440188223,-9.505408527081329,-88.53336942961715,-95.17649006734759,-6.643120637730419,353.3568793622696,113.35687936226958
260519_2dsweep,sim,f_pi2,sim,S21,offset_nan,07_3_TDS-body_Novel-2Dsweep-260516_30.s2p,07_3_TDS-body_Novel-2Dsweep-260516_31.s2p,,,2.8774448751896,2.87745,2.87745,-9.505408527081329,-9.568090471011368,-95.17649006734759,-95.35378113104797,-0.1772910637003804,359.8227089362996,119.82270893629959
260519_2dsweep,sim,f_pi2,sim,S21,offset_nan,07_3_TDS-body_Novel-2Dsweep-260516_31.s2p,07_3_TDS-body_Novel-2Dsweep-260516_32.s2p,,,2.8774448751896,2.87745,2.87745,-9.568090471011368,-9.634890558141041,-95.35378113104797,-95.51551055465404,-0.16172942360606157,359.83827057639394,119.83827057639394
260519_2dsweep,sim,f_pi2,sim,S21,offset_nan,07_3_TDS-body_Novel-2Dsweep-260516_32.s2p,07_3_TDS-body_Novel-2Dsweep-260516_33.s2p,,,2.8774448751896,2.87745,2.87745,-9.634890558141041,-9.70393676038889,-95.51551055465404,-95.6793553873119,-0.1638448326578441,359.83615516734216,119.83615516734216
260519_2dsweep,sim,f_pi2,sim,S21,offset_nan,07_3_TDS-body_Novel-2Dsweep-260516_33.s2p,07_3_TDS-body_Novel-2Dsweep-260516_34.s2p,,,2.8774448751896,2.87745,2.87745,-9.70393676038889,-9.751608757824513,-95.6793553873119,-95.88675848217059,-0.20740309485870512,359.7925969051413,119.7925969051413
260519_2dsweep,sim,f_pi2,sim,S21,offset_nan,07_3_TDS-body_Novel-2Dsweep-260516_34.s2p,07_3_TDS-body_Novel-2Dsweep-260516_35.s2p,,,2.8774448751896,2.87745,2.87745,-9.751608757824513,-9.826310013682672,-95.88675848217059,-96.01578268099757,-0.12902419882698268,359.870975801173,119.87097580117302
260519_2dsweep,sim,f_pi2,sim,S21,offset_nan,07_3_TDS-body_Novel-2Dsweep-260516_35.s2p,07_3_TDS-body_Novel-2Dsweep-260516_36.s2p,,,2.8774448751896,2.87745,2.87745,-9.826310013682672,-9.880873656850472,-96.01578268099757,-96.18382889776733,-0.16804621676976694,359.83195378323023,119.83195378323023
260519_2dsweep,sim,f_pi2,sim,S21,offset_nan,07_3_TDS-body_Novel-2Dsweep-260516_36.s2p,07_3_TDS-body_Novel-2Dsweep-260516_37.s2p,,,2.8774448751896,2.87745,2.87745,-9.880873656850472,-9.93643173201416,-96.18382889776733,-96.34559325582615,-0.16176435805880374,359.8382356419412,119.8382356419412
260519_2dsweep,sim,f_pi2,sim,S21,offset_nan,07_3_TDS-body_Novel-2Dsweep-260516_37.s2p,07_3_TDS-body_Novel-2Dsweep-260516_38.s2p,,,2.8774448751896,2.87745,2.87745,-9.93643173201416,-10.00467247218246,-96.34559325582615,-96.48040999449118,-0.13481673866505162,359.86518326133495,119.86518326133495
260519_2dsweep,sim,f_pi2,sim,S21,offset_nan,07_3_TDS-body_Novel-2Dsweep-260516_38.s2p,07_3_TDS-body_Novel-2Dsweep-260516_39.s2p,,,2.8774448751896,2.87745,2.87745,-10.00467247218246,-10.068956752887633,-96.48040999449118,-96.61444424676212,-0.13403425227093635,359.8659657477291,119.86596574772909
260519_2dsweep,sim,f_pi2,sim,S21,offset_nan,07_3_TDS-body_Novel-2Dsweep-260516_39.s2p,07_3_TDS-body_Novel-2Dsweep-260516_4.s2p,,,2.8774448751896,2.87745,2.87745,-10.068956752887633,-7.32484942094524,-96.61444424676212,-88.89288136730617,7.721562879455945,7.721562879455945,-232.27843712054406
260519_2dsweep,sim,f_pi2,sim,S21,offset_nan,07_3_TDS-body_Novel-2Dsweep-260516_4.s2p,07_3_TDS-body_Novel-2Dsweep-260516_40.s2p,,,2.8774448751896,2.87745,2.87745,-7.32484942094524,-10.125551134371777,-88.89288136730617,-96.7697785768701,-7.876897209563936,352.12310279043606,112.12310279043606
260519_2dsweep,sim,f_pi2,sim,S21,offset_nan,07_3_TDS-body_Novel-2Dsweep-260516_40.s2p,07_3_TDS-body_Novel-2Dsweep-260516_41.s2p,,,2.8774448751896,2.87745,2.87745,-10.125551134371777,-10.173546724948663,-96.7697785768701,-96.94921157514817,-0.17943299827805959,359.82056700172194,119.82056700172194
260519_2dsweep,sim,f_pi2,sim,S21,offset_nan,07_3_TDS-body_Novel-2Dsweep-260516_41.s2p,07_3_TDS-body_Novel-2Dsweep-260516_42.s2p,,,2.8774448751896,2.87745,2.87745,-10.173546724948663,-7.0538320583392276,-96.94921157514817,-88.49558190922743,8.453629665920744,8.453629665920744,-231.54637033407926
260519_2dsweep,sim,f_pi2,sim,S21,offset_nan,07_3_TDS-body_Novel-2Dsweep-260516_42.s2p,07_3_TDS-body_Novel-2Dsweep-260516_43.s2p,,,2.8774448751896,2.87745,2.87745,-7.0538320583392276,-7.158417841858238,-88.49558190922743,-88.8561150118372,-0.3605331026097929,359.6394668973902,119.63946689739021
260519_2dsweep,sim,f_pi2,sim,S21,offset_nan,07_3_TDS-body_Novel-2Dsweep-260516_43.s2p,07_3_TDS-body_Novel-2Dsweep-260516_44.s2p,,,2.8774448751896,2.87745,2.87745,-7.158417841858238,-7.255079384819961,-88.8561150118372,-89.2099391041392,-0.3538240923019771,359.646175907698,119.64617590769802
260519_2dsweep,sim,f_pi2,sim,S21,offset_nan,07_3_TDS-body_Novel-2Dsweep-260516_44.s2p,07_3_TDS-body_Novel-2Dsweep-260516_45.s2p,,,2.8774448751896,2.87745,2.87745,-7.255079384819961,-7.364256061294581,-89.2099391041392,-89.55040373910948,-0.34046463497028867,359.6595353650297,119.65953536502968
260519_2dsweep,sim,f_pi2,sim,S21,offset_nan,07_3_TDS-body_Novel-2Dsweep-260516_45.s2p,07_3_TDS-body_Novel-2Dsweep-260516_46.s2p,,,2.8774448751896,2.87745,2.87745,-7.364256061294581,-7.462675517769508,-89.55040373910948,-89.87722978234075,-0.3268260432312786,359.6731739567687,119.67317395676872
260519_2dsweep,sim,f_pi2,sim,S21,offset_nan,07_3_TDS-body_Novel-2Dsweep-260516_46.s2p,07_3_TDS-body_Novel-2Dsweep-260516_47.s2p,,,2.8774448751896,2.87745,2.87745,-7.462675517769508,-7.562983921698006,-89.87722978234075,-90.16636788678554,-0.28913810444478827,359.71086189555524,119.71086189555524
260519_2dsweep,sim,f_pi2,sim,S21,offset_nan,07_3_TDS-body_Novel-2Dsweep-260516_47.s2p,07_3_TDS-body_Novel-2Dsweep-260516_48.s2p,,,2.8774448751896,2.87745,2.87745,-7.562983921698006,-7.659596945761814,-90.16636788678554,-90.50279374973796,-0.33642586295241017,359.6635741370476,119.66357413704759
260519_2dsweep,sim,f_pi2,sim,S21,offset_nan,07_3_TDS-body_Novel-2Dsweep-260516_48.s2p,07_3_TDS-body_Novel-2Dsweep-260516_49.s2p,,,2.8774448751896,2.87745,2.87745,-7.659596945761814,-7.753548763998369,-90.50279374973796,-90.80539676026577,-0.3026030105278039,359.69739698947217,119.69739698947217
260519_2dsweep,sim,f_pi2,sim,S21,offset_nan,07_3_TDS-body_Novel-2Dsweep-260516_49.s2p,07_3_TDS-body_Novel-2Dsweep-260516_5.s2p,,,2.8774448751896,2.87745,2.87745,-7.753548763998369,-7.436851007417413,-90.80539676026577,-89.20463410289084,1.6007626573749292,1.6007626573749292,-238.39923734262507
260519_2dsweep,sim,f_pi2,sim,S21,offset_nan,07_3_TDS-body_Novel-2Dsweep-260516_5.s2p,07_3_TDS-body_Novel-2Dsweep-260516_50.s2p,,,2.8774448751896,2.87745,2.87745,-7.436851007417413,-7.85672388369446,-89.20463410289084,-91.0537622693205,-1.849128166429665,358.15087183357036,118.15087183357036
260519_2dsweep,sim,f_pi2,sim,S21,offset_nan,07_3_TDS-body_Novel-2Dsweep-260516_50.s2p,07_3_TDS-body_Novel-2Dsweep-260516_51.s2p,,,2.8774448751896,2.87745,2.87745,-7.85672388369446,-7.946635388168428,-91.0537622693205,-91.33159392060752,-0.27783165128701626,359.722168348713,119.72216834871301
260519_2dsweep,sim,f_pi2,sim,S21,offset_nan,07_3_TDS-body_Novel-2Dsweep-260516_51.s2p,07_3_TDS-body_Novel-2Dsweep-260516_52.s2p,,,2.8774448751896,2.87745,2.87745,-7.946635388168428,-8.029475856474665,-91.33159392060752,-91.63913939640351,-0.30754547579599034,359.692454524204,119.69245452420398
260519_2dsweep,sim,f_pi2,sim,S21,offset_nan,07_3_TDS-body_Novel-2Dsweep-260516_52.s2p,07_3_TDS-body_Novel-2Dsweep-260516_53.s2p,,,2.8774448751896,2.87745,2.87745,-8.029475856474665,-8.123475405682186,-91.63913939640351,-91.88670421133786,-0.2475648149343499,359.7524351850657,119.75243518506568
260519_2dsweep,sim,f_pi2,sim,S21,offset_nan,07_3_TDS-body_Novel-2Dsweep-260516_53.s2p,07_3_TDS-body_Novel-2Dsweep-260516_54.s2p,,,2.8774448751896,2.87745,2.87745,-8.123475405682186,-8.213233381156815,-91.88670421133786,-92.13787945212404,-0.25117524078618203,359.7488247592138,119.74882475921379
260519_2dsweep,sim,f_pi2,sim,S21,offset_nan,07_3_TDS-body_Novel-2Dsweep-260516_54.s2p,07_3_TDS-body_Novel-2Dsweep-260516_55.s2p,,,2.8774448751896,2.87745,2.87745,-8.213233381156815,-8.303728140586497,-92.13787945212404,-92.39325718849749,-0.25537773637344685,359.7446222636265,119.74462226362652
260519_2dsweep,sim,f_pi2,sim,S21,offset_nan,07_3_TDS-body_Novel-2Dsweep-260516_55.s2p,07_3_TDS-body_Novel-2Dsweep-260516_56.s2p,,,2.8774448751896,2.87745,2.87745,-8.303728140586497,-8.378790292802014,-92.39325718849749,-92.64814805324778,-0.2548908647502799,359.7451091352497,119.74510913524972
260519_2dsweep,sim,f_pi2,sim,S21,offset_nan,07_3_TDS-body_Novel-2Dsweep-260516_56.s2p,07_3_TDS-body_Novel-2Dsweep-260516_57.s2p,,,2.8774448751896,2.87745,2.87745,-8.378790292802014,-8.474333503343852,-92.64814805324778,-92.85638932944397,-0.20824127619619048,359.7917587238038,119.79175872380381
260519_2dsweep,sim,f_pi2,sim,S21,offset_nan,07_3_TDS-body_Novel-2Dsweep-260516_57.s2p,07_3_TDS-body_Novel-2Dsweep-260516_58.s2p,,,2.8774448751896,2.87745,2.87745,-8.474333503343852,-8.545948000137852,-92.85638932944397,-93.12019381358697,-0.2638044841430087,359.736195515857,119.73619551585699
260519_2dsweep,sim,f_pi2,sim,S21,offset_nan,07_3_TDS-body_Novel-2Dsweep-260516_58.s2p,07_3_TDS-body_Novel-2Dsweep-260516_59.s2p,,,2.8774448751896,2.87745,2.87745,-8.545948000137852,-8.628374147738645,-93.12019381358697,-93.34683265860313,-0.2266388450161685,359.77336115498383,119.77336115498383
260519_2dsweep,sim,f_pi2,sim,S21,offset_nan,07_3_TDS-body_Novel-2Dsweep-260516_59.s2p,07_3_TDS-body_Novel-2Dsweep-260516_6.s2p,,,2.8774448751896,2.87745,2.87745,-8.628374147738645,-7.524711813620612,-93.34683265860313,-89.56813860475775,3.778694053845385,3.778694053845385,-236.22130594615462
260519_2dsweep,sim,f_pi2,sim,S21,offset_nan,07_3_TDS-body_Novel-2Dsweep-260516_6.s2p,07_3_TDS-body_Novel-2Dsweep-260516_60.s2p,,,2.8774448751896,2.87745,2.87745,-7.524711813620612,-8.704382560230373,-89.56813860475775,-93.56775759069113,-3.999618985933381,356.00038101406665,116.00038101406665
260519_2dsweep,sim,f_pi2,sim,S21,offset_nan,07_3_TDS-body_Novel-2Dsweep-260516_60.s2p,07_3_TDS-body_Novel-2Dsweep-260516_61.s2p,,,2.8774448751896,2.87745,2.87745,-8.704382560230373,-8.789006540195832,-93.56775759069113,-93.76961190573428,-0.20185431504313556,359.79814568495686,119.79814568495686
260519_2dsweep,sim,f_pi2,sim,S21,offset_nan,07_3_TDS-body_Novel-2Dsweep-260516_61.s2p,07_3_TDS-body_Novel-2Dsweep-260516_62.s2p,,,2.8774448751896,2.87745,2.87745,-8.789006540195832,-8.859653119559198,-93.76961190573428,-93.99662939949725,-0.22701749376295766,359.77298250623704,119.77298250623704
260519_2dsweep,sim,f_pi2,sim,S21,offset_nan,07_3_TDS-body_Novel-2Dsweep-260516_62.s2p,07_3_TDS-body_Novel-2Dsweep-260516_63.s2p,,,2.8774448751896,2.87745,2.87745,-8.859653119559198,-8.937319162333031,-93.99662939949725,-94.20218704252878,-0.20555764303151136,359.7944423569685,119.79444235696849
260519_2dsweep,sim,f_pi2,sim,S21,offset_nan,07_3_TDS-body_Novel-2Dsweep-260516_63.s2p,07_3_TDS-body_Novel-2Dsweep-260516_64.s2p,,,2.8774448751896,2.87745,2.87745,-8.937319162333031,-9.01558996119342,-94.20218704252878,-94.39226322349869,-0.19007618096992474,359.8099238190301,119.80992381903008
260519_2dsweep,sim,f_pi2,sim,S21,offset_nan,07_3_TDS-body_Novel-2Dsweep-260516_64.s2p,07_3_TDS-body_Novel-2Dsweep-260516_65.s2p,,,2.8774448751896,2.87745,2.87745,-9.01558996119342,-9.086144552944399,-94.39226322349869,-94.59258216563654,-0.20031894213786927,359.79968105786213,119.79968105786213
260519_2dsweep,sim,f_pi2,sim,S21,offset_nan,07_3_TDS-body_Novel-2Dsweep-260516_65.s2p,07_3_TDS-body_Novel-2Dsweep-260516_66.s2p,,,2.8774448751896,2.87745,2.87745,-9.086144552944399,-9.157932760544558,-94.59258216563654,-94.79117068005309,-0.19858851441654224,359.80141148558346,119.80141148558346
260519_2dsweep,sim,f_pi2,sim,S21,offset_nan,07_3_TDS-body_Novel-2Dsweep-260516_66.s2p,07_3_TDS-body_Novel-2Dsweep-260516_67.s2p,,,2.8774448751896,2.87745,2.87745,-9.157932760544558,-9.221497869655233,-94.79117068005309,-95.00358793672874,-0.21241725667564992,359.7875827433244,119.78758274332438
260519_2dsweep,sim,f_pi2,sim,S21,offset_nan,07_3_TDS-body_Novel-2Dsweep-260516_67.s2p,07_3_TDS-body_Novel-2Dsweep-260516_68.s2p,,,2.8774448751896,2.87745,2.87745,-9.221497869655233,-9.297757934879872,-95.00358793672874,-95.15899359119301,-0.155405654464289,359.8445943455357,119.84459434553571
260519_2dsweep,sim,f_pi2,sim,S21,offset_nan,07_3_TDS-body_Novel-2Dsweep-260516_68.s2p,07_3_TDS-body_Novel-2Dsweep-260516_69.s2p,,,2.8774448751896,2.87745,2.87745,-9.297757934879872,-9.367155529365242,-95.15899359119301,-95.35188542379143,-0.19289183259843412,359.80710816740157,119.80710816740157
260519_2dsweep,sim,f_pi2,sim,S21,offset_nan,07_3_TDS-body_Novel-2Dsweep-260516_69.s2p,07_3_TDS-body_Novel-2Dsweep-260516_7.s2p,,,2.8774448751896,2.87745,2.87745,-9.367155529365242,-7.6299378048224655,-95.35188542379143,-89.84810104563817,5.503784378153256,5.503784378153256,-234.49621562184674
260519_2dsweep,sim,f_pi2,sim,S21,offset_nan,07_3_TDS-body_Novel-2Dsweep-260516_7.s2p,07_3_TDS-body_Novel-2Dsweep-260516_70.s2p,,,2.8774448751896,2.87745,2.87745,-7.6299378048224655,-9.437021010054565,-89.84810104563817,-95.51099517652148,-5.662894130883302,354.3371058691167,114.33710586911673
260519_2dsweep,sim,f_pi2,sim,S21,offset_nan,07_3_TDS-body_Novel-2Dsweep-260516_70.s2p,07_3_TDS-body_Novel-2Dsweep-260516_71.s2p,,,2.8774448751896,2.87745,2.87745,-9.437021010054565,-9.507831287239162,-95.51099517652148,-95.68415972892876,-0.173164552407286,359.8268354475927,119.82683544759271
260519_2dsweep,sim,f_pi2,sim,S21,offset_nan,07_3_TDS-body_Novel-2Dsweep-260516_71.s2p,07_3_TDS-body_Novel-2Dsweep-260516_72.s2p,,,2.8774448751896,2.87745,2.87745,-9.507831287239162,-9.569008494525308,-95.68415972892876,-95.85549046062073,-0.17133073169196678,359.82866926830803,119.82866926830803
260519_2dsweep,sim,f_pi2,sim,S21,offset_nan,07_3_TDS-body_Novel-2Dsweep-260516_72.s2p,07_3_TDS-body_Novel-2Dsweep-260516_73.s2p,,,2.8774448751896,2.87745,2.87745,-9.569008494525308,-9.633753638444853,-95.85549046062073,-96.01905574009074,-0.16356527946999222,359.83643472053,119.83643472053001
260519_2dsweep,sim,f_pi2,sim,S21,offset_nan,07_3_TDS-body_Novel-2Dsweep-260516_73.s2p,07_3_TDS-body_Novel-2Dsweep-260516_74.s2p,,,2.8774448751896,2.87745,2.87745,-9.633753638444853,-9.700305288416788,-96.01905574009074,-96.16471442679435,-0.14565868670359805,359.8543413132964,119.8543413132964
260519_2dsweep,sim,f_pi2,sim,S21,offset_nan,07_3_TDS-body_Novel-2Dsweep-260516_74.s2p,07_3_TDS-body_Novel-2Dsweep-260516_75.s2p,,,2.8774448751896,2.87745,2.87745,-9.700305288416788,-9.741626407517494,-96.16471442679435,-96.38570234638745,-0.22098791959308528,359.7790120804069,119.77901208040691
260519_2dsweep,sim,f_pi2,sim,S21,offset_nan,07_3_TDS-body_Novel-2Dsweep-260516_75.s2p,07_3_TDS-body_Novel-2Dsweep-260516_76.s2p,,,2.8774448751896,2.87745,2.87745,-9.741626407517494,-9.814617424914692,-96.38570234638745,-96.5077401611231,-0.12203781473564845,359.8779621852643,119.87796218526432
260519_2dsweep,sim,f_pi2,sim,S21,offset_nan,07_3_TDS-body_Novel-2Dsweep-260516_76.s2p,07_3_TDS-body_Novel-2Dsweep-260516_77.s2p,,,2.8774448751896,2.87745,2.87745,-9.814617424914692,-9.874176131036561,-96.5077401611231,-96.67283594172298,-0.16509578059987007,359.83490421940013,119.83490421940013
260519_2dsweep,sim,f_pi2,sim,S21,offset_nan,07_3_TDS-body_Novel-2Dsweep-260516_77.s2p,07_3_TDS-body_Novel-2Dsweep-260516_78.s2p,,,2.8774448751896,2.87745,2.87745,-9.874176131036561,-9.925019287011727,-96.67283594172298,-96.84619307722436,-0.17335713550136234,359.82664286449864,119.82664286449864
260519_2dsweep,sim,f_pi2,sim,S21,offset_nan,07_3_TDS-body_Novel-2Dsweep-260516_78.s2p,07_3_TDS-body_Novel-2Dsweep-260516_79.s2p,,,2.8774448751896,2.87745,2.87745,-9.925019287011727,-9.991442787336599,-96.84619307722436,-96.95802838615968,-0.11183530893532634,359.8881646910647,119.88816469106467
260519_2dsweep,sim,f_pi2,sim,S21,offset_nan,07_3_TDS-body_Novel-2Dsweep-260516_79.s2p,07_3_TDS-body_Novel-2Dsweep-260516_8.s2p,,,2.8774448751896,2.87745,2.87745,-9.991442787336599,-7.717985405944403,-96.95802838615968,-90.20001019035726,6.7580181958024355,6.7580181958024355,-233.24198180419756
260519_2dsweep,sim,f_pi2,sim,S21,offset_nan,07_3_TDS-body_Novel-2Dsweep-260516_8.s2p,07_3_TDS-body_Novel-2Dsweep-260516_80.s2p,,,2.8774448751896,2.87745,2.87745,-7.717985405944403,-10.051485068963936,-90.20001019035726,-97.09939017228196,-6.89937998192471,353.1006200180753,113.10062001807529
260519_2dsweep,sim,f_pi2,sim,S21,offset_nan,07_3_TDS-body_Novel-2Dsweep-260516_80.s2p,07_3_TDS-body_Novel-2Dsweep-260516_81.s2p,,,2.8774448751896,2.87745,2.87745,-10.051485068963936,-10.101245915239495,-97.09939017228196,-97.26458540990416,-0.1651952376221857,359.8348047623778,119.83480476237781
260519_2dsweep,sim,f_pi2,sim,S21,offset_nan,07_3_TDS-body_Novel-2Dsweep-260516_81.s2p,07_3_TDS-body_Novel-2Dsweep-260516_82.s2p,,,2.8774448751896,2.87745,2.87745,-10.101245915239495,-10.169458696095779,-97.26458540990416,-97.37062379188967,-0.1060383819855133,359.8939616180145,119.89396161801449
260519_2dsweep,sim,f_pi2,sim,S21,offset_nan,07_3_TDS-body_Novel-2Dsweep-260516_82.s2p,07_3_TDS-body_Novel-2Dsweep-260516_83.s2p,,,2.8774448751896,2.87745,2.87745,-10.169458696095779,-7.129345524025519,-97.37062379188967,-89.00117996396324,8.369443827926432,8.369443827926432,-231.63055617207357
260519_2dsweep,sim,f_pi2,sim,S21,offset_nan,07_3_TDS-body_Novel-2Dsweep-260516_83.s2p,07_3_TDS-body_Novel-2Dsweep-260516_84.s2p,,,2.8774448751896,2.87745,2.87745,-7.129345524025519,-7.287851611781939,-89.00117996396324,-89.04932008668695,-0.0481401227237086,359.9518598772763,119.95185987727632
260519_2dsweep,sim,f_pi2,sim,S21,offset_nan,07_3_TDS-body_Novel-2Dsweep-260516_84.s2p,07_3_TDS-body_Novel-2Dsweep-260516_85.s2p,,,2.8774448751896,2.87745,2.87745,-7.287851611781939,-7.388505957186919,-89.04932008668695,-89.41680037316378,-0.36748028647684805,359.63251971352315,119.63251971352315
260519_2dsweep,sim,f_pi2,sim,S21,offset_nan,07_3_TDS-body_Novel-2Dsweep-260516_85.s2p,07_3_TDS-body_Novel-2Dsweep-260516_86.s2p,,,2.8774448751896,2.87745,2.87745,-7.388505957186919,-7.493354026160375,-89.41680037316378,-89.76697466183597,-0.3501742886721786,359.6498257113278,119.64982571132782
260519_2dsweep,sim,f_pi2,sim,S21,offset_nan,07_3_TDS-body_Novel-2Dsweep-260516_86.s2p,07_3_TDS-body_Novel-2Dsweep-260516_87.s2p,,,2.8774448751896,2.87745,2.87745,-7.493354026160375,-7.577079151567055,-89.76697466183597,-90.13707896643,-0.3701043045940082,359.629895695406,119.62989569540599
260519_2dsweep,sim,f_pi2,sim,S21,offset_nan,07_3_TDS-body_Novel-2Dsweep-260516_87.s2p,07_3_TDS-body_Novel-2Dsweep-260516_88.s2p,,,2.8774448751896,2.87745,2.87745,-7.577079151567055,-7.683054428403418,-90.13707896643,-90.41058447726671,-0.2735055108367135,359.7264944891633,119.72649448916331
260519_2dsweep,sim,f_pi2,sim,S21,offset_nan,07_3_TDS-body_Novel-2Dsweep-260516_88.s2p,07_3_TDS-body_Novel-2Dsweep-260516_89.s2p,,,2.8774448751896,2.87745,2.87745,-7.683054428403418,-7.768024126084542,-90.41058447726671,-90.7627757183326,-0.3521912410658956,359.6478087589341,119.6478087589341
260519_2dsweep,sim,f_pi2,sim,S21,offset_nan,07_3_TDS-body_Novel-2Dsweep-260516_89.s2p,07_3_TDS-body_Novel-2Dsweep-260516_9.s2p,,,2.8774448751896,2.87745,2.87745,-7.768024126084542,-7.825160845053338,-90.7627757183326,-90.42081353098762,0.34196218734498984,0.34196218734498984,-239.658037812655
260519_2dsweep,sim,f_pi2,sim,S21,offset_nan,07_3_TDS-body_Novel-2Dsweep-260516_9.s2p,07_3_TDS-body_Novel-2Dsweep-260516_90.s2p,,,2.8774448751896,2.87745,2.87745,-7.825160845053338,-7.876300277883654,-90.42081353098762,-91.00465966733364,-0.5838461363460397,359.41615386365396,119.41615386365396
260519_2dsweep,sim,f_pi2,sim,S21,offset_nan,07_3_TDS-body_Novel-2Dsweep-260516_90.s2p,07_3_TDS-body_Novel-2Dsweep-260516_91.s2p,,,2.8774448751896,2.87745,2.87745,-7.876300277883654,-7.969564661834276,-91.00465966733364,-91.30341091065829,-0.2987512433246593,359.70124875667534,119.70124875667534
260519_2dsweep,sim,f_pi2,sim,S21,offset_nan,07_3_TDS-body_Novel-2Dsweep-260516_91.s2p,07_3_TDS-body_Novel-2Dsweep-260516_92.s2p,,,2.8774448751896,2.87745,2.87745,-7.969564661834276,-8.056095306886954,-91.30341091065829,-91.55178992162922,-0.24837901097095028,359.75162098902905,119.75162098902905
260519_2dsweep,sim,f_pi2,sim,S21,offset_nan,07_3_TDS-body_Novel-2Dsweep-260516_92.s2p,07_3_TDS-body_Novel-2Dsweep-260516_93.s2p,,,2.8774448751896,2.87745,2.87745,-8.056095306886954,-8.144915431570533,-91.55178992162922,-91.85497333629128,-0.303183414662044,359.69681658533796,119.69681658533796
260519_2dsweep,sim,f_pi2,sim,S21,offset_nan,07_3_TDS-body_Novel-2Dsweep-260516_93.s2p,07_3_TDS-body_Novel-2Dsweep-260516_94.s2p,,,2.8774448751896,2.87745,2.87745,-8.144915431570533,-8.251996164399044,-91.85497333629128,-92.08793368137833,-0.23296034508706498,359.76703965491294,119.76703965491294
260519_2dsweep,sim,f_pi2,sim,S21,offset_nan,07_3_TDS-body_Novel-2Dsweep-260516_94.s2p,07_3_TDS-body_Novel-2Dsweep-260516_95.s2p,,,2.8774448751896,2.87745,2.87745,-8.251996164399044,-8.315611962676806,-92.08793368137833,-92.41218149577881,-0.32424781440047923,359.67575218559955,119.67575218559955
260519_2dsweep,sim,f_pi2,sim,S21,offset_nan,07_3_TDS-body_Novel-2Dsweep-260516_95.s2p,07_3_TDS-body_Novel-2Dsweep-260516_96.s2p,,,2.8774448751896,2.87745,2.87745,-8.315611962676806,-8.407138594530323,-92.41218149577881,-92.64543333391407,-0.23325183813525996,359.7667481618647,119.76674816186471
260519_2dsweep,sim,f_pi2,sim,S21,offset_nan,07_3_TDS-body_Novel-2Dsweep-260516_96.s2p,07_3_TDS-body_Novel-2Dsweep-260516_97.s2p,,,2.8774448751896,2.87745,2.87745,-8.407138594530323,-8.487973415044912,-92.64543333391407,-92.87860265765842,-0.23316932374433463,359.76683067625567,119.76683067625567
260519_2dsweep,sim,f_pi2,sim,S21,offset_nan,07_3_TDS-body_Novel-2Dsweep-260516_97.s2p,07_3_TDS-body_Novel-2Dsweep-260516_98.s2p,,,2.8774448751896,2.87745,2.87745,-8.487973415044912,-8.585834817550115,-92.87860265765842,-93.06744514122099,-0.18884248356255284,359.81115751643745,119.81115751643745
260519_2dsweep,sim,f_pi2,sim,S21,offset_nan,07_3_TDS-body_Novel-2Dsweep-260516_98.s2p,07_3_TDS-body_Novel-2Dsweep-260516_99.s2p,,,2.8774448751896,2.87745,2.87745,-8.585834817550115,-8.6668159727781,-93.06744514122099,-93.29085496154624,-0.22340982032525858,359.7765901796747,119.77659017967471
260519_2dsweep,sim,f_pi2,sim,S22,offset_nan,07_3_TDS-body_Novel-2Dsweep-260516_1.s2p,07_3_TDS-body_Novel-2Dsweep-260516_10.s2p,,,2.8774448751896,2.87745,2.87745,-0.9651278607091449,-0.7658990371022932,2.1491447849042222,-0.7605159648840046,-2.9096607497882303,357.09033925021174,117.09033925021174
260519_2dsweep,sim,f_pi2,sim,S22,offset_nan,07_3_TDS-body_Novel-2Dsweep-260516_10.s2p,07_3_TDS-body_Novel-2Dsweep-260516_100.s2p,,,2.8774448751896,2.87745,2.87745,-0.7658990371022932,-0.6227674639773736,-0.7605159648840046,-3.5535219026260085,-2.7930059377420093,357.206994062258,117.20699406225799
260519_2dsweep,sim,f_pi2,sim,S22,offset_nan,07_3_TDS-body_Novel-2Dsweep-260516_100.s2p,07_3_TDS-body_Novel-2Dsweep-260516_101.s2p,,,2.8774448751896,2.87745,2.87745,-0.6227674639773736,-0.6132410287796107,-3.5535219026260085,-3.7505129387092615,-0.1969910360832614,359.80300896391674,119.80300896391674
260519_2dsweep,sim,f_pi2,sim,S22,offset_nan,07_3_TDS-body_Novel-2Dsweep-260516_101.s2p,07_3_TDS-body_Novel-2Dsweep-260516_103.s2p,,,2.8774448751896,2.87745,2.87745,-0.6132410287796107,-0.8089453089320985,-3.7505129387092615,-4.061911370883983,-0.3113984321747125,359.6886015678253,119.68860156782529
260519_2dsweep,sim,f_pi2,sim,S22,offset_nan,07_3_TDS-body_Novel-2Dsweep-260516_103.s2p,07_3_TDS-body_Novel-2Dsweep-260516_104.s2p,,,2.8774448751896,2.87745,2.87745,-0.8089453089320985,-0.6575429877368468,-4.061911370883983,-6.548956111503233,-2.4870447406192397,357.51295525938076,117.51295525938076
260519_2dsweep,sim,f_pi2,sim,S22,offset_nan,07_3_TDS-body_Novel-2Dsweep-260516_104.s2p,07_3_TDS-body_Novel-2Dsweep-260516_105.s2p,,,2.8774448751896,2.87745,2.87745,-0.6575429877368468,-0.5560474707128505,-6.548956111503233,-8.400079999995755,-1.8511238884925092,358.1488761115075,118.14887611150749
260519_2dsweep,sim,f_pi2,sim,S22,offset_nan,07_3_TDS-body_Novel-2Dsweep-260516_105.s2p,07_3_TDS-body_Novel-2Dsweep-260516_106.s2p,,,2.8774448751896,2.87745,2.87745,-0.5560474707128505,-0.48375569256415557,-8.400079999995755,-9.979647770473086,-1.5795677704773254,358.4204322295227,118.4204322295227
260519_2dsweep,sim,f_pi2,sim,S22,offset_nan,07_3_TDS-body_Novel-2Dsweep-260516_106.s2p,07_3_TDS-body_Novel-2Dsweep-260516_107.s2p,,,2.8774448751896,2.87745,2.87745,-0.48375569256415557,-0.4279960980427451,-9.979647770473086,-11.18076423389137,-1.2011164634182876,358.7988835365817,118.79888353658168
260519_2dsweep,sim,f_pi2,sim,S22,offset_nan,07_3_TDS-body_Novel-2Dsweep-260516_107.s2p,07_3_TDS-body_Novel-2Dsweep-260516_108.s2p,,,2.8774448751896,2.87745,2.87745,-0.4279960980427451,-0.6220157994778222,-11.18076423389137,-10.156732048184516,1.024032185706858,1.024032185706858,-238.97596781429314
260519_2dsweep,sim,f_pi2,sim,S22,offset_nan,07_3_TDS-body_Novel-2Dsweep-260516_108.s2p,07_3_TDS-body_Novel-2Dsweep-260516_109.s2p,,,2.8774448751896,2.87745,2.87745,-0.6220157994778222,-0.5370970943571713,-10.156732048184516,-11.966958488640225,-1.8102264404557218,358.1897735595443,118.18977355954428
260519_2dsweep,sim,f_pi2,sim,S22,offset_nan,07_3_TDS-body_Novel-2Dsweep-260516_109.s2p,07_3_TDS-body_Novel-2Dsweep-260516_11.s2p,,,2.8774448751896,2.87745,2.87745,-0.5370970943571713,-0.7467695233966563,-11.966958488640225,-0.9951646058477109,10.971793882792525,10.971793882792525,-229.02820611720747
260519_2dsweep,sim,f_pi2,sim,S22,offset_nan,07_3_TDS-body_Novel-2Dsweep-260516_11.s2p,07_3_TDS-body_Novel-2Dsweep-260516_110.s2p,,,2.8774448751896,2.87745,2.87745,-0.7467695233966563,-0.4776034489481859,-0.9951646058477109,-13.361024389290666,-12.365859783442943,347.63414021655706,107.63414021655706
260519_2dsweep,sim,f_pi2,sim,S22,offset_nan,07_3_TDS-body_Novel-2Dsweep-260516_110.s2p,07_3_TDS-body_Novel-2Dsweep-260516_111.s2p,,,2.8774448751896,2.87745,2.87745,-0.4776034489481859,-0.433030168916328,-13.361024389290666,-14.553122844363195,-1.1920984550725393,358.80790154492746,118.80790154492746
260519_2dsweep,sim,f_pi2,sim,S22,offset_nan,07_3_TDS-body_Novel-2Dsweep-260516_111.s2p,07_3_TDS-body_Novel-2Dsweep-260516_112.s2p,,,2.8774448751896,2.87745,2.87745,-0.433030168916328,-0.39959627036568746,-14.553122844363195,-15.48087583027358,-0.9277529859103879,359.0722470140896,119.07224701408961
260519_2dsweep,sim,f_pi2,sim,S22,offset_nan,07_3_TDS-body_Novel-2Dsweep-260516_112.s2p,07_3_TDS-body_Novel-2Dsweep-260516_113.s2p,,,2.8774448751896,2.87745,2.87745,-0.39959627036568746,-0.43956587890476573,-15.48087583027358,-15.412493684329913,0.06838214594367287,0.06838214594367287,-239.93161785405633
260519_2dsweep,sim,f_pi2,sim,S22,offset_nan,07_3_TDS-body_Novel-2Dsweep-260516_113.s2p,07_3_TDS-body_Novel-2Dsweep-260516_114.s2p,,,2.8774448751896,2.87745,2.87745,-0.43956587890476573,-0.40528216524658844,-15.412493684329913,-16.65744206074654,-1.2449483764166303,358.75505162358337,118.75505162358337
260519_2dsweep,sim,f_pi2,sim,S22,offset_nan,07_3_TDS-body_Novel-2Dsweep-260516_114.s2p,07_3_TDS-body_Novel-2Dsweep-260516_115.s2p,,,2.8774448751896,2.87745,2.87745,-0.40528216524658844,-0.3785459118249332,-16.65744206074654,-17.67151588057143,-1.0140738198248869,358.9859261801751,118.98592618017511
260519_2dsweep,sim,f_pi2,sim,S22,offset_nan,07_3_TDS-body_Novel-2Dsweep-260516_115.s2p,07_3_TDS-body_Novel-2Dsweep-260516_116.s2p,,,2.8774448751896,2.87745,2.87745,-0.3785459118249332,-0.3623733178391753,-17.67151588057143,-18.59052384517815,-0.9190079646067204,359.08099203539325,119.08099203539325
260519_2dsweep,sim,f_pi2,sim,S22,offset_nan,07_3_TDS-body_Novel-2Dsweep-260516_116.s2p,07_3_TDS-body_Novel-2Dsweep-260516_117.s2p,,,2.8774448751896,2.87745,2.87745,-0.3623733178391753,-0.34897149119858095,-18.59052384517815,-19.34020064801793,-0.7496768028397867,359.25032319716024,119.25032319716024
260519_2dsweep,sim,f_pi2,sim,S22,offset_nan,07_3_TDS-body_Novel-2Dsweep-260516_117.s2p,07_3_TDS-body_Novel-2Dsweep-260516_118.s2p,,,2.8774448751896,2.87745,2.87745,-0.34897149119858095,-0.29569997238903434,-19.34020064801793,-19.666289743677023,-0.3260890956590856,359.6739109043409,119.67391090434091
260519_2dsweep,sim,f_pi2,sim,S22,offset_nan,07_3_TDS-body_Novel-2Dsweep-260516_118.s2p,07_3_TDS-body_Novel-2Dsweep-260516_119.s2p,,,2.8774448751896,2.87745,2.87745,-0.29569997238903434,-0.2899220711835974,-19.666289743677023,-20.575160889024243,-0.9088711453472342,359.09112885465277,119.09112885465277
260519_2dsweep,sim,f_pi2,sim,S22,offset_nan,07_3_TDS-body_Novel-2Dsweep-260516_119.s2p,07_3_TDS-body_Novel-2Dsweep-260516_12.s2p,,,2.8774448751896,2.87745,2.87745,-0.2899220711835974,-0.7321338660514786,-20.575160889024243,-1.3073921694480453,19.267768719576196,19.267768719576196,-220.7322312804238
260519_2dsweep,sim,f_pi2,sim,S22,offset_nan,07_3_TDS-body_Novel-2Dsweep-260516_12.s2p,07_3_TDS-body_Novel-2Dsweep-260516_120.s2p,,,2.8774448751896,2.87745,2.87745,-0.7321338660514786,-0.28554114928010954,-1.3073921694480453,-21.22795006450961,-19.920557895061563,340.07944210493844,100.07944210493844
260519_2dsweep,sim,f_pi2,sim,S22,offset_nan,07_3_TDS-body_Novel-2Dsweep-260516_120.s2p,07_3_TDS-body_Novel-2Dsweep-260516_121.s2p,,,2.8774448751896,2.87745,2.87745,-0.28554114928010954,-0.2857253552248796,-21.22795006450961,-21.94905590297989,-0.7211058384702937,359.2788941615297,119.2788941615297
260519_2dsweep,sim,f_pi2,sim,S22,offset_nan,07_3_TDS-body_Novel-2Dsweep-260516_121.s2p,07_3_TDS-body_Novel-2Dsweep-260516_122.s2p,,,2.8774448751896,2.87745,2.87745,-0.2857253552248796,-0.28797586500232614,-21.94905590297989,-22.624919764377864,-0.6758638613979713,359.32413613860206,119.32413613860206
260519_2dsweep,sim,f_pi2,sim,S22,offset_nan,07_3_TDS-body_Novel-2Dsweep-260516_122.s2p,07_3_TDS-body_Novel-2Dsweep-260516_13.s2p,,,2.8774448751896,2.87745,2.87745,-0.28797586500232614,-0.7149683689989634,-22.624919764377864,-1.5569062213513685,21.068013543026495,21.068013543026495,-218.9319864569735
260519_2dsweep,sim,f_pi2,sim,S22,offset_nan,07_3_TDS-body_Novel-2Dsweep-260516_13.s2p,07_3_TDS-body_Novel-2Dsweep-260516_14.s2p,,,2.8774448751896,2.87745,2.87745,-0.7149683689989634,-0.6990366910136743,-1.5569062213513685,-1.8032251905440442,-0.2463189691926857,359.75368103080734,119.75368103080734
260519_2dsweep,sim,f_pi2,sim,S22,offset_nan,07_3_TDS-body_Novel-2Dsweep-260516_14.s2p,07_3_TDS-body_Novel-2Dsweep-260516_15.s2p,,,2.8774448751896,2.87745,2.87745,-0.6990366910136743,-0.6848273546075284,-1.8032251905440442,-2.0915125039388682,-0.28828731339481806,359.7117126866052,119.71171268660521
260519_2dsweep,sim,f_pi2,sim,S22,offset_nan,07_3_TDS-body_Novel-2Dsweep-260516_15.s2p,07_3_TDS-body_Novel-2Dsweep-260516_16.s2p,,,2.8774448751896,2.87745,2.87745,-0.6848273546075284,-0.6694802411290381,-2.0915125039388682,-2.3003636193063635,-0.20885111536750856,359.7911488846325,119.79114888463249
260519_2dsweep,sim,f_pi2,sim,S22,offset_nan,07_3_TDS-body_Novel-2Dsweep-260516_16.s2p,07_3_TDS-body_Novel-2Dsweep-260516_17.s2p,,,2.8774448751896,2.87745,2.87745,-0.6694802411290381,-0.6569561207314418,-2.3003636193063635,-2.557589751657948,-0.2572261323515761,359.74277386764845,119.74277386764845
260519_2dsweep,sim,f_pi2,sim,S22,offset_nan,07_3_TDS-body_Novel-2Dsweep-260516_17.s2p,07_3_TDS-body_Novel-2Dsweep-260516_18.s2p,,,2.8774448751896,2.87745,2.87745,-0.6569561207314418,-0.6424144198738035,-2.557589751657948,-2.77790182174636,-0.22031207008842557,359.7796879299116,119.77968792991157
260519_2dsweep,sim,f_pi2,sim,S22,offset_nan,07_3_TDS-body_Novel-2Dsweep-260516_18.s2p,07_3_TDS-body_Novel-2Dsweep-260516_19.s2p,,,2.8774448751896,2.87745,2.87745,-0.6424144198738035,-0.6311394877970746,-2.77790182174636,-3.0144531094129223,-0.23655128766657185,359.76344871233346,119.76344871233346
260519_2dsweep,sim,f_pi2,sim,S22,offset_nan,07_3_TDS-body_Novel-2Dsweep-260516_19.s2p,07_3_TDS-body_Novel-2Dsweep-260516_2.s2p,,,2.8774448751896,2.87745,2.87745,-0.6311394877970746,-0.9366020706286916,-3.0144531094129223,1.8524305724304277,4.866883681843348,4.866883681843348,-235.13311631815665
260519_2dsweep,sim,f_pi2,sim,S22,offset_nan,07_3_TDS-body_Novel-2Dsweep-260516_2.s2p,07_3_TDS-body_Novel-2Dsweep-260516_20.s2p,,,2.8774448751896,2.87745,2.87745,-0.9366020706286916,-0.6178887976917221,1.8524305724304277,-3.2120281242669293,-5.064458696697358,354.93554130330267,114.93554130330267
260519_2dsweep,sim,f_pi2,sim,S22,offset_nan,07_3_TDS-body_Novel-2Dsweep-260516_20.s2p,07_3_TDS-body_Novel-2Dsweep-260516_21.s2p,,,2.8774448751896,2.87745,2.87745,-0.6178887976917221,-0.6058653475429812,-3.2120281242669293,-3.454445881278183,-0.24241775701125334,359.75758224298875,119.75758224298875
260519_2dsweep,sim,f_pi2,sim,S22,offset_nan,07_3_TDS-body_Novel-2Dsweep-260516_21.s2p,07_3_TDS-body_Novel-2Dsweep-260516_22.s2p,,,2.8774448751896,2.87745,2.87745,-0.6058653475429812,-0.5954911112102667,-3.454445881278183,-3.6741702422854745,-0.21972436100728032,359.78027563899275,119.78027563899275
260519_2dsweep,sim,f_pi2,sim,S22,offset_nan,07_3_TDS-body_Novel-2Dsweep-260516_22.s2p,07_3_TDS-body_Novel-2Dsweep-260516_23.s2p,,,2.8774448751896,2.87745,2.87745,-0.5954911112102667,-0.584861113840909,-3.6741702422854745,-3.9014054765790664,-0.2272352342936017,359.77276476570637,119.77276476570637
260519_2dsweep,sim,f_pi2,sim,S22,offset_nan,07_3_TDS-body_Novel-2Dsweep-260516_23.s2p,07_3_TDS-body_Novel-2Dsweep-260516_24.s2p,,,2.8774448751896,2.87745,2.87745,-0.584861113840909,-0.5742349611373434,-3.9014054765790664,-4.103640760415214,-0.20223528383615985,359.79776471616384,119.79776471616384
260519_2dsweep,sim,f_pi2,sim,S22,offset_nan,07_3_TDS-body_Novel-2Dsweep-260516_24.s2p,07_3_TDS-body_Novel-2Dsweep-260516_25.s2p,,,2.8774448751896,2.87745,2.87745,-0.5742349611373434,-0.5631341015497668,-4.103640760415214,-4.280097696892611,-0.17645693647739336,359.8235430635226,119.8235430635226
260519_2dsweep,sim,f_pi2,sim,S22,offset_nan,07_3_TDS-body_Novel-2Dsweep-260516_25.s2p,07_3_TDS-body_Novel-2Dsweep-260516_26.s2p,,,2.8774448751896,2.87745,2.87745,-0.5631341015497668,-0.5525149067064736,-4.280097696892611,-4.439806240174047,-0.15970854328142536,359.84029145671855,119.84029145671855
260519_2dsweep,sim,f_pi2,sim,S22,offset_nan,07_3_TDS-body_Novel-2Dsweep-260516_26.s2p,07_3_TDS-body_Novel-2Dsweep-260516_27.s2p,,,2.8774448751896,2.87745,2.87745,-0.5525149067064736,-0.5430498198636271,-4.439806240174047,-4.641423990189777,-0.20161775001574256,359.79838224998423,119.79838224998423
260519_2dsweep,sim,f_pi2,sim,S22,offset_nan,07_3_TDS-body_Novel-2Dsweep-260516_27.s2p,07_3_TDS-body_Novel-2Dsweep-260516_28.s2p,,,2.8774448751896,2.87745,2.87745,-0.5430498198636271,-0.5338956838941098,-4.641423990189777,-4.8203819069510185,-0.17895791676124873,359.82104208323875,119.82104208323875
260519_2dsweep,sim,f_pi2,sim,S22,offset_nan,07_3_TDS-body_Novel-2Dsweep-260516_28.s2p,07_3_TDS-body_Novel-2Dsweep-260516_29.s2p,,,2.8774448751896,2.87745,2.87745,-0.5338956838941098,-0.5241230188824165,-4.8203819069510185,-4.968712076910433,-0.14833016995942216,359.8516698300406,119.85166983004058
260519_2dsweep,sim,f_pi2,sim,S22,offset_nan,07_3_TDS-body_Novel-2Dsweep-260516_29.s2p,07_3_TDS-body_Novel-2Dsweep-260516_3.s2p,,,2.8774448751896,2.87745,2.87745,-0.5241230188824165,-0.9124190884329895,-4.968712076910433,1.4743290320513294,6.443041108961751,6.443041108961751,-233.55695889103825
260519_2dsweep,sim,f_pi2,sim,S22,offset_nan,07_3_TDS-body_Novel-2Dsweep-260516_3.s2p,07_3_TDS-body_Novel-2Dsweep-260516_30.s2p,,,2.8774448751896,2.87745,2.87745,-0.9124190884329895,-0.5161793180236337,1.4743290320513294,-5.1782866751989545,-6.652615707250277,353.3473842927497,113.34738429274972
260519_2dsweep,sim,f_pi2,sim,S22,offset_nan,07_3_TDS-body_Novel-2Dsweep-260516_30.s2p,07_3_TDS-body_Novel-2Dsweep-260516_31.s2p,,,2.8774448751896,2.87745,2.87745,-0.5161793180236337,-0.5081975309612485,-5.1782866751989545,-5.36796252273615,-0.18967584753718825,359.81032415246284,119.81032415246284
260519_2dsweep,sim,f_pi2,sim,S22,offset_nan,07_3_TDS-body_Novel-2Dsweep-260516_31.s2p,07_3_TDS-body_Novel-2Dsweep-260516_32.s2p,,,2.8774448751896,2.87745,2.87745,-0.5081975309612485,-0.49996348825349696,-5.36796252273615,-5.507017488297353,-0.13905496556120056,359.8609450344388,119.86094503443883
260519_2dsweep,sim,f_pi2,sim,S22,offset_nan,07_3_TDS-body_Novel-2Dsweep-260516_32.s2p,07_3_TDS-body_Novel-2Dsweep-260516_33.s2p,,,2.8774448751896,2.87745,2.87745,-0.49996348825349696,-0.4917229014107075,-5.507017488297353,-5.678379561074489,-0.17136207277712856,359.82863792722287,119.82863792722287
260519_2dsweep,sim,f_pi2,sim,S22,offset_nan,07_3_TDS-body_Novel-2Dsweep-260516_33.s2p,07_3_TDS-body_Novel-2Dsweep-260516_34.s2p,,,2.8774448751896,2.87745,2.87745,-0.4917229014107075,-0.4857916793128134,-5.678379561074489,-5.87771934441796,-0.19933978334347557,359.8006602166565,119.80066021665652
260519_2dsweep,sim,f_pi2,sim,S22,offset_nan,07_3_TDS-body_Novel-2Dsweep-260516_34.s2p,07_3_TDS-body_Novel-2Dsweep-260516_35.s2p,,,2.8774448751896,2.87745,2.87745,-0.4857916793128134,-0.4772297168490853,-5.87771934441796,-6.000891324101761,-0.12317197968380356,359.8768280203162,119.87682802031622
260519_2dsweep,sim,f_pi2,sim,S22,offset_nan,07_3_TDS-body_Novel-2Dsweep-260516_35.s2p,07_3_TDS-body_Novel-2Dsweep-260516_36.s2p,,,2.8774448751896,2.87745,2.87745,-0.4772297168490853,-0.4708359237119807,-6.000891324101761,-6.184170859182443,-0.18327953508068617,359.8167204649193,119.81672046491929
260519_2dsweep,sim,f_pi2,sim,S22,offset_nan,07_3_TDS-body_Novel-2Dsweep-260516_36.s2p,07_3_TDS-body_Novel-2Dsweep-260516_37.s2p,,,2.8774448751896,2.87745,2.87745,-0.4708359237119807,-0.46443037759298506,-6.184170859182443,-6.338750806860002,-0.15457994767754712,359.8454200523224,119.84542005232242
260519_2dsweep,sim,f_pi2,sim,S22,offset_nan,07_3_TDS-body_Novel-2Dsweep-260516_37.s2p,07_3_TDS-body_Novel-2Dsweep-260516_38.s2p,,,2.8774448751896,2.87745,2.87745,-0.46443037759298506,-0.4570016316525495,-6.338750806860002,-6.477706496120046,-0.13895568926005808,359.86104431073994,119.86104431073994
260519_2dsweep,sim,f_pi2,sim,S22,offset_nan,07_3_TDS-body_Novel-2Dsweep-260516_38.s2p,07_3_TDS-body_Novel-2Dsweep-260516_39.s2p,,,2.8774448751896,2.87745,2.87745,-0.4570016316525495,-0.44995704002277587,-6.477706496120046,-6.616446446462946,-0.13873995034290942,359.86126004965706,119.86126004965706
260519_2dsweep,sim,f_pi2,sim,S22,offset_nan,07_3_TDS-body_Novel-2Dsweep-260516_39.s2p,07_3_TDS-body_Novel-2Dsweep-260516_4.s2p,,,2.8774448751896,2.87745,2.87745,-0.44995704002277587,-0.8892104360376092,-6.616446446462946,1.1131138942591488,7.729560340722088,7.729560340722088,-232.2704396592779
260519_2dsweep,sim,f_pi2,sim,S22,offset_nan,07_3_TDS-body_Novel-2Dsweep-260516_4.s2p,07_3_TDS-body_Novel-2Dsweep-260516_40.s2p,,,2.8774448751896,2.87745,2.87745,-0.8892104360376092,-0.4441347636258764,1.1131138942591488,-6.758576577313028,-7.87169047157218,352.12830952842785,112.12830952842785
260519_2dsweep,sim,f_pi2,sim,S22,offset_nan,07_3_TDS-body_Novel-2Dsweep-260516_40.s2p,07_3_TDS-body_Novel-2Dsweep-260516_41.s2p,,,2.8774448751896,2.87745,2.87745,-0.4441347636258764,-0.43963463663149394,-6.758576577313028,-6.922499361248181,-0.16392278393516335,359.83607721606484,119.83607721606484
260519_2dsweep,sim,f_pi2,sim,S22,offset_nan,07_3_TDS-body_Novel-2Dsweep-260516_41.s2p,07_3_TDS-body_Novel-2Dsweep-260516_42.s2p,,,2.8774448751896,2.87745,2.87745,-0.43963463663149394,-0.9533835912329127,-6.922499361248181,1.5043333957885094,8.426832757036692,8.426832757036692,-231.5731672429633
260519_2dsweep,sim,f_pi2,sim,S22,offset_nan,07_3_TDS-body_Novel-2Dsweep-260516_42.s2p,07_3_TDS-body_Novel-2Dsweep-260516_43.s2p,,,2.8774448751896,2.87745,2.87745,-0.9533835912329127,-0.9279182830399477,1.5043333957885094,1.1432574904336983,-0.3610759053548236,359.6389240946452,119.63892409464518
260519_2dsweep,sim,f_pi2,sim,S22,offset_nan,07_3_TDS-body_Novel-2Dsweep-260516_43.s2p,07_3_TDS-body_Novel-2Dsweep-260516_44.s2p,,,2.8774448751896,2.87745,2.87745,-0.9279182830399477,-0.9053572664873576,1.1432574904336983,0.7713465579667734,-0.37191093246693185,359.6280890675331,119.6280890675331
260519_2dsweep,sim,f_pi2,sim,S22,offset_nan,07_3_TDS-body_Novel-2Dsweep-260516_44.s2p,07_3_TDS-body_Novel-2Dsweep-260516_45.s2p,,,2.8774448751896,2.87745,2.87745,-0.9053572664873576,-0.8799254899947648,0.7713465579667734,0.47027928664557916,-0.3010672713211875,359.6989327286788,119.69893272867881
260519_2dsweep,sim,f_pi2,sim,S22,offset_nan,07_3_TDS-body_Novel-2Dsweep-260516_45.s2p,07_3_TDS-body_Novel-2Dsweep-260516_46.s2p,,,2.8774448751896,2.87745,2.87745,-0.8799254899947648,-0.8585586050792827,0.47027928664557916,0.1210494806111419,-0.34922980603442966,359.65077019396557,119.65077019396557
260519_2dsweep,sim,f_pi2,sim,S22,offset_nan,07_3_TDS-body_Novel-2Dsweep-260516_46.s2p,07_3_TDS-body_Novel-2Dsweep-260516_47.s2p,,,2.8774448751896,2.87745,2.87745,-0.8585586050792827,-0.8368651637895974,0.1210494806111419,-0.16061082629292922,-0.2816603069040582,359.7183396930959,119.71833969309591
260519_2dsweep,sim,f_pi2,sim,S22,offset_nan,07_3_TDS-body_Novel-2Dsweep-260516_47.s2p,07_3_TDS-body_Novel-2Dsweep-260516_48.s2p,,,2.8774448751896,2.87745,2.87745,-0.8368651637895974,-0.8165137033814465,-0.16061082629292922,-0.49907961024169434,-0.33846878394876967,359.66153121605123,119.66153121605123
260519_2dsweep,sim,f_pi2,sim,S22,offset_nan,07_3_TDS-body_Novel-2Dsweep-260516_48.s2p,07_3_TDS-body_Novel-2Dsweep-260516_49.s2p,,,2.8774448751896,2.87745,2.87745,-0.8165137033814465,-0.7972118838761706,-0.49907961024169434,-0.8120293062354718,-0.31294969599377964,359.6870503040062,119.68705030400622
260519_2dsweep,sim,f_pi2,sim,S22,offset_nan,07_3_TDS-body_Novel-2Dsweep-260516_49.s2p,07_3_TDS-body_Novel-2Dsweep-260516_5.s2p,,,2.8774448751896,2.87745,2.87745,-0.7972118838761706,-0.8642376614179625,-0.8120293062354718,0.7983020574602676,1.6103313636957353,1.6103313636957353,-238.38966863630426
260519_2dsweep,sim,f_pi2,sim,S22,offset_nan,07_3_TDS-body_Novel-2Dsweep-260516_5.s2p,07_3_TDS-body_Novel-2Dsweep-260516_50.s2p,,,2.8774448751896,2.87745,2.87745,-0.8642376614179625,-0.7772655516894063,0.7983020574602676,-1.0322856538039917,-1.8305877112642577,358.16941228873577,118.16941228873577
260519_2dsweep,sim,f_pi2,sim,S22,offset_nan,07_3_TDS-body_Novel-2Dsweep-260516_50.s2p,07_3_TDS-body_Novel-2Dsweep-260516_51.s2p,,,2.8774448751896,2.87745,2.87745,-0.7772655516894063,-0.7594690628756002,-1.0322856538039917,-1.3211854623512502,-0.2888998085472565,359.7111001914527,119.71110019145272
260519_2dsweep,sim,f_pi2,sim,S22,offset_nan,07_3_TDS-body_Novel-2Dsweep-260516_51.s2p,07_3_TDS-body_Novel-2Dsweep-260516_52.s2p,,,2.8774448751896,2.87745,2.87745,-0.7594690628756002,-0.7436845244608989,-1.3211854623512502,-1.6459373429801647,-0.3247518806289236,359.6752481193711,119.67524811937108
260519_2dsweep,sim,f_pi2,sim,S22,offset_nan,07_3_TDS-body_Novel-2Dsweep-260516_52.s2p,07_3_TDS-body_Novel-2Dsweep-260516_53.s2p,,,2.8774448751896,2.87745,2.87745,-0.7436845244608989,-0.7263138347063225,-1.6459373429801647,-1.871723313342345,-0.22578597036218184,359.77421402963785,119.77421402963785
260519_2dsweep,sim,f_pi2,sim,S22,offset_nan,07_3_TDS-body_Novel-2Dsweep-260516_53.s2p,07_3_TDS-body_Novel-2Dsweep-260516_54.s2p,,,2.8774448751896,2.87745,2.87745,-0.7263138347063225,-0.7103726175329163,-1.871723313342345,-2.1145902831726047,-0.2428669698302599,359.7571330301697,119.75713303016971
260519_2dsweep,sim,f_pi2,sim,S22,offset_nan,07_3_TDS-body_Novel-2Dsweep-260516_54.s2p,07_3_TDS-body_Novel-2Dsweep-260516_55.s2p,,,2.8774448751896,2.87745,2.87745,-0.7103726175329163,-0.6945617156882568,-2.1145902831726047,-2.394645658477155,-0.28005537530455626,359.7199446246955,119.71994462469547
260519_2dsweep,sim,f_pi2,sim,S22,offset_nan,07_3_TDS-body_Novel-2Dsweep-260516_55.s2p,07_3_TDS-body_Novel-2Dsweep-260516_56.s2p,,,2.8774448751896,2.87745,2.87745,-0.6945617156882568,-0.681434959295107,-2.394645658477155,-2.6455404733618515,-0.25089481488470255,359.7491051851153,119.7491051851153
260519_2dsweep,sim,f_pi2,sim,S22,offset_nan,07_3_TDS-body_Novel-2Dsweep-260516_56.s2p,07_3_TDS-body_Novel-2Dsweep-260516_57.s2p,,,2.8774448751896,2.87745,2.87745,-0.681434959295107,-0.665625372600531,-2.6455404733618515,-2.8536478952473727,-0.20810742188552922,359.79189257811447,119.79189257811447
260519_2dsweep,sim,f_pi2,sim,S22,offset_nan,07_3_TDS-body_Novel-2Dsweep-260516_57.s2p,07_3_TDS-body_Novel-2Dsweep-260516_58.s2p,,,2.8774448751896,2.87745,2.87745,-0.665625372600531,-0.6538971562538621,-2.8536478952473727,-3.1341037417162068,-0.2804558464688398,359.71954415353116,119.71954415353116
260519_2dsweep,sim,f_pi2,sim,S22,offset_nan,07_3_TDS-body_Novel-2Dsweep-260516_58.s2p,07_3_TDS-body_Novel-2Dsweep-260516_59.s2p,,,2.8774448751896,2.87745,2.87745,-0.6538971562538621,-0.6403139076789656,-3.1341037417162068,-3.3384352893018825,-0.2043315475856673,359.79566845241436,119.79566845241436
260519_2dsweep,sim,f_pi2,sim,S22,offset_nan,07_3_TDS-body_Novel-2Dsweep-260516_59.s2p,07_3_TDS-body_Novel-2Dsweep-260516_6.s2p,,,2.8774448751896,2.87745,2.87745,-0.6403139076789656,-0.8452831422458806,-3.3384352893018825,0.429235313866528,3.7676706031683977,3.7676706031683977,-236.2323293968316
260519_2dsweep,sim,f_pi2,sim,S22,offset_nan,07_3_TDS-body_Novel-2Dsweep-260516_6.s2p,07_3_TDS-body_Novel-2Dsweep-260516_60.s2p,,,2.8774448751896,2.87745,2.87745,-0.8452831422458806,-0.6287266261527615,0.429235313866528,-3.57298116184948,-4.002216475716011,355.997783524284,115.99778352428399
260519_2dsweep,sim,f_pi2,sim,S22,offset_nan,07_3_TDS-body_Novel-2Dsweep-260516_60.s2p,07_3_TDS-body_Novel-2Dsweep-260516_61.s2p,,,2.8774448751896,2.87745,2.87745,-0.6287266261527615,-0.61552909173176,-3.57298116184948,-3.7583180939398737,-0.1853369320903937,359.8146630679096,119.81466306790958
260519_2dsweep,sim,f_pi2,sim,S22,offset_nan,07_3_TDS-body_Novel-2Dsweep-260516_61.s2p,07_3_TDS-body_Novel-2Dsweep-260516_62.s2p,,,2.8774448751896,2.87745,2.87745,-0.61552909173176,-0.6049070675716164,-3.7583180939398737,-4.006215670538052,-0.24789757659817724,359.7521024234018,119.75210242340182
260519_2dsweep,sim,f_pi2,sim,S22,offset_nan,07_3_TDS-body_Novel-2Dsweep-260516_62.s2p,07_3_TDS-body_Novel-2Dsweep-260516_63.s2p,,,2.8774448751896,2.87745,2.87745,-0.6049070675716164,-0.5933969093748417,-4.006215670538052,-4.211892743567374,-0.20567707302933513,359.79432292697066,119.79432292697066
260519_2dsweep,sim,f_pi2,sim,S22,offset_nan,07_3_TDS-body_Novel-2Dsweep-260516_63.s2p,07_3_TDS-body_Novel-2Dsweep-260516_64.s2p,,,2.8774448751896,2.87745,2.87745,-0.5933969093748417,-0.5822307368453393,-4.211892743567374,-4.3745990291262835,-0.16270628555889743,359.8372937144411,119.8372937144411
260519_2dsweep,sim,f_pi2,sim,S22,offset_nan,07_3_TDS-body_Novel-2Dsweep-260516_64.s2p,07_3_TDS-body_Novel-2Dsweep-260516_65.s2p,,,2.8774448751896,2.87745,2.87745,-0.5822307368453393,-0.5721770442416262,-4.3745990291262835,-4.579056940597685,-0.20445791147139403,359.7955420885286,119.79554208852858
260519_2dsweep,sim,f_pi2,sim,S22,offset_nan,07_3_TDS-body_Novel-2Dsweep-260516_65.s2p,07_3_TDS-body_Novel-2Dsweep-260516_66.s2p,,,2.8774448751896,2.87745,2.87745,-0.5721770442416262,-0.5620474308594368,-4.579056940597685,-4.793086555743157,-0.2140296151454777,359.7859703848545,119.78597038485452
260519_2dsweep,sim,f_pi2,sim,S22,offset_nan,07_3_TDS-body_Novel-2Dsweep-260516_66.s2p,07_3_TDS-body_Novel-2Dsweep-260516_67.s2p,,,2.8774448751896,2.87745,2.87745,-0.5620474308594368,-0.5531961174030646,-4.793086555743157,-5.0087760777488,-0.21568952200564695,359.7843104779944,119.78431047799438
260519_2dsweep,sim,f_pi2,sim,S22,offset_nan,07_3_TDS-body_Novel-2Dsweep-260516_67.s2p,07_3_TDS-body_Novel-2Dsweep-260516_68.s2p,,,2.8774448751896,2.87745,2.87745,-0.5531961174030646,-0.5429670423485427,-5.0087760777488,-5.15191120324137,-0.14313512549256302,359.85686487450744,119.85686487450744
260519_2dsweep,sim,f_pi2,sim,S22,offset_nan,07_3_TDS-body_Novel-2Dsweep-260516_68.s2p,07_3_TDS-body_Novel-2Dsweep-260516_69.s2p,,,2.8774448751896,2.87745,2.87745,-0.5429670423485427,-0.5340594308171609,-5.15191120324137,-5.353122614550051,-0.2012114113086909,359.7987885886913,119.79878858869131
260519_2dsweep,sim,f_pi2,sim,S22,offset_nan,07_3_TDS-body_Novel-2Dsweep-260516_69.s2p,07_3_TDS-body_Novel-2Dsweep-260516_7.s2p,,,2.8774448751896,2.87745,2.87745,-0.5340594308171609,-0.82271996836219,-5.353122614550051,0.1583688036435753,5.5114914181936285,5.5114914181936285,-234.48850858180637
260519_2dsweep,sim,f_pi2,sim,S22,offset_nan,07_3_TDS-body_Novel-2Dsweep-260516_7.s2p,07_3_TDS-body_Novel-2Dsweep-260516_70.s2p,,,2.8774448751896,2.87745,2.87745,-0.82271996836219,-0.5250737874651288,0.1583688036435753,-5.499498866792109,-5.657867670435678,354.3421323295643,114.34213232956432
260519_2dsweep,sim,f_pi2,sim,S22,offset_nan,07_3_TDS-body_Novel-2Dsweep-260516_70.s2p,07_3_TDS-body_Novel-2Dsweep-260516_71.s2p,,,2.8774448751896,2.87745,2.87745,-0.5250737874651288,-0.5160406629312906,-5.499498866792109,-5.680515297987893,-0.18101643119578625,359.81898356880424,119.81898356880424
260519_2dsweep,sim,f_pi2,sim,S22,offset_nan,07_3_TDS-body_Novel-2Dsweep-260516_71.s2p,07_3_TDS-body_Novel-2Dsweep-260516_72.s2p,,,2.8774448751896,2.87745,2.87745,-0.5160406629312906,-0.5082792351840435,-5.680515297987893,-5.851291976463931,-0.17077667847604516,359.82922332152395,119.82922332152395
260519_2dsweep,sim,f_pi2,sim,S22,offset_nan,07_3_TDS-body_Novel-2Dsweep-260516_72.s2p,07_3_TDS-body_Novel-2Dsweep-260516_73.s2p,,,2.8774448751896,2.87745,2.87745,-0.5082792351840435,-0.5001068456614265,-5.851291976463931,-6.024964792073204,-0.1736728156092795,359.8263271843907,119.82632718439072
260519_2dsweep,sim,f_pi2,sim,S22,offset_nan,07_3_TDS-body_Novel-2Dsweep-260516_73.s2p,07_3_TDS-body_Novel-2Dsweep-260516_74.s2p,,,2.8774448751896,2.87745,2.87745,-0.5001068456614265,-0.4915196734254845,-6.024964792073204,-6.180264993661689,-0.15530020158848856,359.8446997984115,119.84469979841151
260519_2dsweep,sim,f_pi2,sim,S22,offset_nan,07_3_TDS-body_Novel-2Dsweep-260516_74.s2p,07_3_TDS-body_Novel-2Dsweep-260516_75.s2p,,,2.8774448751896,2.87745,2.87745,-0.4915196734254845,-0.48721364493963404,-6.180264993661689,-6.366852833147123,-0.18658783948544055,359.81341216051453,119.81341216051453
260519_2dsweep,sim,f_pi2,sim,S22,offset_nan,07_3_TDS-body_Novel-2Dsweep-260516_75.s2p,07_3_TDS-body_Novel-2Dsweep-260516_76.s2p,,,2.8774448751896,2.87745,2.87745,-0.48721364493963404,-0.47843327608248776,-6.366852833147123,-6.512438512732091,-0.14558567958496837,359.854414320415,119.854414320415
260519_2dsweep,sim,f_pi2,sim,S22,offset_nan,07_3_TDS-body_Novel-2Dsweep-260516_76.s2p,07_3_TDS-body_Novel-2Dsweep-260516_77.s2p,,,2.8774448751896,2.87745,2.87745,-0.47843327608248776,-0.47157742456479623,-6.512438512732091,-6.666230443142643,-0.15379193041056283,359.84620806958947,119.84620806958947
260519_2dsweep,sim,f_pi2,sim,S22,offset_nan,07_3_TDS-body_Novel-2Dsweep-260516_77.s2p,07_3_TDS-body_Novel-2Dsweep-260516_78.s2p,,,2.8774448751896,2.87745,2.87745,-0.47157742456479623,-0.46645384281748226,-6.666230443142643,-6.832467210442956,-0.1662367673003189,359.83376323269965,119.83376323269965
260519_2dsweep,sim,f_pi2,sim,S22,offset_nan,07_3_TDS-body_Novel-2Dsweep-260516_78.s2p,07_3_TDS-body_Novel-2Dsweep-260516_79.s2p,,,2.8774448751896,2.87745,2.87745,-0.46645384281748226,-0.4585288213422567,-6.832467210442956,-6.952628133400772,-0.12016092295780822,359.8798390770422,119.87983907704222
260519_2dsweep,sim,f_pi2,sim,S22,offset_nan,07_3_TDS-body_Novel-2Dsweep-260516_79.s2p,07_3_TDS-body_Novel-2Dsweep-260516_8.s2p,,,2.8774448751896,2.87745,2.87745,-0.4585288213422567,-0.8046721528048453,-6.952628133400772,-0.19000857242691102,6.76261956097386,6.76261956097386,-233.23738043902614
260519_2dsweep,sim,f_pi2,sim,S22,offset_nan,07_3_TDS-body_Novel-2Dsweep-260516_8.s2p,07_3_TDS-body_Novel-2Dsweep-260516_80.s2p,,,2.8774448751896,2.87745,2.87745,-0.8046721528048453,-0.45176757491354497,-0.19000857242691102,-7.0961936383200515,-6.9061850658931405,353.09381493410683,113.09381493410683
260519_2dsweep,sim,f_pi2,sim,S22,offset_nan,07_3_TDS-body_Novel-2Dsweep-260516_80.s2p,07_3_TDS-body_Novel-2Dsweep-260516_81.s2p,,,2.8774448751896,2.87745,2.87745,-0.45176757491354497,-0.4464695825134168,-7.0961936383200515,-7.250340349945291,-0.15414671162523064,359.84585328837477,119.84585328837477
260519_2dsweep,sim,f_pi2,sim,S22,offset_nan,07_3_TDS-body_Novel-2Dsweep-260516_81.s2p,07_3_TDS-body_Novel-2Dsweep-260516_82.s2p,,,2.8774448751896,2.87745,2.87745,-0.4464695825134168,-0.43907583431550967,-7.250340349945291,-7.367115825931089,-0.11677547598580418,359.88322452401417,119.88322452401417
260519_2dsweep,sim,f_pi2,sim,S22,offset_nan,07_3_TDS-body_Novel-2Dsweep-260516_82.s2p,07_3_TDS-body_Novel-2Dsweep-260516_83.s2p,,,2.8774448751896,2.87745,2.87745,-0.43907583431550967,-0.9349125852134693,-7.367115825931089,1.0103946148397693,8.377510440770862,8.377510440770862,-231.62248955922914
260519_2dsweep,sim,f_pi2,sim,S22,offset_nan,07_3_TDS-body_Novel-2Dsweep-260516_83.s2p,07_3_TDS-body_Novel-2Dsweep-260516_84.s2p,,,2.8774448751896,2.87745,2.87745,-0.9349125852134693,-0.8974576008966872,1.0103946148397693,0.9407082478615728,-0.0696863669782033,359.9303136330218,119.9303136330218
260519_2dsweep,sim,f_pi2,sim,S22,offset_nan,07_3_TDS-body_Novel-2Dsweep-260516_84.s2p,07_3_TDS-body_Novel-2Dsweep-260516_85.s2p,,,2.8774448751896,2.87745,2.87745,-0.8974576008966872,-0.8754174972558457,0.9407082478615728,0.6157702101977507,-0.3249380376638271,359.67506196233614,119.67506196233614
260519_2dsweep,sim,f_pi2,sim,S22,offset_nan,07_3_TDS-body_Novel-2Dsweep-260516_85.s2p,07_3_TDS-body_Novel-2Dsweep-260516_86.s2p,,,2.8774448751896,2.87745,2.87745,-0.8754174972558457,-0.8520984352765691,0.6157702101977507,0.24067311545236594,-0.3750970947453709,359.62490290525466,119.62490290525466
260519_2dsweep,sim,f_pi2,sim,S22,offset_nan,07_3_TDS-body_Novel-2Dsweep-260516_86.s2p,07_3_TDS-body_Novel-2Dsweep-260516_87.s2p,,,2.8774448751896,2.87745,2.87745,-0.8520984352765691,-0.833819666045798,0.24067311545236594,-0.13353084228692402,-0.37420395773929727,359.62579604226073,119.62579604226073
260519_2dsweep,sim,f_pi2,sim,S22,offset_nan,07_3_TDS-body_Novel-2Dsweep-260516_87.s2p,07_3_TDS-body_Novel-2Dsweep-260516_88.s2p,,,2.8774448751896,2.87745,2.87745,-0.833819666045798,-0.8115967164970135,-0.13353084228692402,-0.4109279907078577,-0.2773971484209312,359.72260285157904,119.72260285157904
260519_2dsweep,sim,f_pi2,sim,S22,offset_nan,07_3_TDS-body_Novel-2Dsweep-260516_88.s2p,07_3_TDS-body_Novel-2Dsweep-260516_89.s2p,,,2.8774448751896,2.87745,2.87745,-0.8115967164970135,-0.7948305775222497,-0.4109279907078577,-0.7637556718638009,-0.35282768115592944,359.64717231884407,119.64717231884407
260519_2dsweep,sim,f_pi2,sim,S22,offset_nan,07_3_TDS-body_Novel-2Dsweep-260516_89.s2p,07_3_TDS-body_Novel-2Dsweep-260516_9.s2p,,,2.8774448751896,2.87745,2.87745,-0.7948305775222497,-0.7832826543078685,-0.7637556718638009,-0.4334123642264225,0.33034330763737785,0.33034330763737785,-239.66965669236262
260519_2dsweep,sim,f_pi2,sim,S22,offset_nan,07_3_TDS-body_Novel-2Dsweep-260516_9.s2p,07_3_TDS-body_Novel-2Dsweep-260516_90.s2p,,,2.8774448751896,2.87745,2.87745,-0.7832826543078685,-0.775079099650864,-0.4334123642264225,-1.0072664137324365,-0.5738540495060249,359.42614595049395,119.42614595049395
260519_2dsweep,sim,f_pi2,sim,S22,offset_nan,07_3_TDS-body_Novel-2Dsweep-260516_90.s2p,07_3_TDS-body_Novel-2Dsweep-260516_91.s2p,,,2.8774448751896,2.87745,2.87745,-0.775079099650864,-0.7539198898953667,-1.0072664137324365,-1.2799441534767693,-0.2726777397443243,359.7273222602557,119.72732226025568
260519_2dsweep,sim,f_pi2,sim,S22,offset_nan,07_3_TDS-body_Novel-2Dsweep-260516_91.s2p,07_3_TDS-body_Novel-2Dsweep-260516_92.s2p,,,2.8774448751896,2.87745,2.87745,-0.7539198898953667,-0.7406461765652672,-1.2799441534767693,-1.5693332128133397,-0.2893890593365711,359.7106109406634,119.7106109406634
260519_2dsweep,sim,f_pi2,sim,S22,offset_nan,07_3_TDS-body_Novel-2Dsweep-260516_92.s2p,07_3_TDS-body_Novel-2Dsweep-260516_93.s2p,,,2.8774448751896,2.87745,2.87745,-0.7406461765652672,-0.7226515834099336,-1.5693332128133397,-1.8603630246869125,-0.29102981187358523,359.7089701881264,119.70897018812639
260519_2dsweep,sim,f_pi2,sim,S22,offset_nan,07_3_TDS-body_Novel-2Dsweep-260516_93.s2p,07_3_TDS-body_Novel-2Dsweep-260516_94.s2p,,,2.8774448751896,2.87745,2.87745,-0.7226515834099336,-0.7040358943938665,-1.8603630246869125,-2.0771897883564567,-0.21682676366953046,359.78317323633047,119.78317323633047
260519_2dsweep,sim,f_pi2,sim,S22,offset_nan,07_3_TDS-body_Novel-2Dsweep-260516_94.s2p,07_3_TDS-body_Novel-2Dsweep-260516_95.s2p,,,2.8774448751896,2.87745,2.87745,-0.7040358943938665,-0.6925847027909333,-2.0771897883564567,-2.4154998607045006,-0.3383100723480368,359.661689927652,119.66168992765199
260519_2dsweep,sim,f_pi2,sim,S22,offset_nan,07_3_TDS-body_Novel-2Dsweep-260516_95.s2p,07_3_TDS-body_Novel-2Dsweep-260516_96.s2p,,,2.8774448751896,2.87745,2.87745,-0.6925847027909333,-0.6768035570874558,-2.4154998607045006,-2.647796151918366,-0.23229629121385642,359.76770370878614,119.76770370878614
260519_2dsweep,sim,f_pi2,sim,S22,offset_nan,07_3_TDS-body_Novel-2Dsweep-260516_96.s2p,07_3_TDS-body_Novel-2Dsweep-260516_97.s2p,,,2.8774448751896,2.87745,2.87745,-0.6768035570874558,-0.6638199515557718,-2.647796151918366,-2.8738038624414886,-0.22600771052313462,359.77399228947684,119.77399228947684
260519_2dsweep,sim,f_pi2,sim,S22,offset_nan,07_3_TDS-body_Novel-2Dsweep-260516_97.s2p,07_3_TDS-body_Novel-2Dsweep-260516_98.s2p,,,2.8774448751896,2.87745,2.87745,-0.6638199515557718,-0.6485249928142495,-2.8738038624414886,-3.046357665791303,-0.17255380334981396,359.82744619665016,119.82744619665016
260519_2dsweep,sim,f_pi2,sim,S22,offset_nan,07_3_TDS-body_Novel-2Dsweep-260516_98.s2p,07_3_TDS-body_Novel-2Dsweep-260516_99.s2p,,,2.8774448751896,2.87745,2.87745,-0.6485249928142495,-0.6353357559893171,-3.046357665791303,-3.297400225828083,-0.2510425600367796,359.7489574399632,119.74895743996319
