dataset_id,data_layer,source_file,tune_position,s_name,marker_name,marker_role,marker_source,target_freq_ghz,freq_ghz,freq_error_ghz,s_db,s_phase_deg,source_format,uncorrected_freq_ghz,frequency_scale_factor,temp_op_C,temp_meas_C,humidity_fraction,run_id,sim_NumDepth,sim_r_c,sim_w_c
260603_iris2dsweep_sim50norm,sim,06_3-5_TDS-Half-Plunger-Iris2Dsweep-260527_1.s1p,,S11,f_2pi3,sim,dispersion_mode_1,2.8571160335532,2.857116,-3.355320021825037e-08,-1.7701532492469186e-09,-141.87805781868832,touchstone_ri,2.8571160335532,1.0,,,,1,1.0,56.59,19.3224
260603_iris2dsweep_sim50norm,sim,06_3-5_TDS-Half-Plunger-Iris2Dsweep-260527_10.s1p,,S11,f_2pi3,sim,dispersion_mode_1,2.8571160335532,2.857116,-3.355320021825037e-08,-5.523834723071173e-07,26.466685766765742,touchstone_ri,2.8571160335532,1.0,,,,10,2.0,54.59,20.0724
260603_iris2dsweep_sim50norm,sim,06_3-5_TDS-Half-Plunger-Iris2Dsweep-260527_100.s1p,,S11,f_2pi3,sim,dispersion_mode_1,2.8571160335532,2.857116,-3.355320021825037e-08,2.8498248877542245e-09,-2.610093821300778,touchstone_ri,2.8571160335532,1.0,,,,100,2.0,57.09,20.3224
260603_iris2dsweep_sim50norm,sim,06_3-5_TDS-Half-Plunger-Iris2Dsweep-260527_101.s1p,,S11,f_2pi3,sim,dispersion_mode_1,2.8571160335532,2.857116,-3.355320021825037e-08,-3.7801294596604496e-07,-0.8932261199968917,touchstone_ri,2.8571160335532,1.0,,,,101,2.0,57.34,18.3224
260603_iris2dsweep_sim50norm,sim,06_3-5_TDS-Half-Plunger-Iris2Dsweep-260527_102.s1p,,S11,f_2pi3,sim,dispersion_mode_1,2.8571160335532,2.857116,-3.355320021825037e-08,3.8343202993258864e-10,-1.5809756785090043,touchstone_ri,2.8571160335532,1.0,,,,102,2.0,57.34,18.5724
260603_iris2dsweep_sim50norm,sim,06_3-5_TDS-Half-Plunger-Iris2Dsweep-260527_103.s1p,,S11,f_2pi3,sim,dispersion_mode_1,2.8571160335532,2.857116,-3.355320021825037e-08,-1.3025227505121456e-07,-2.1935208890254114,touchstone_ri,2.8571160335532,1.0,,,,103,2.0,57.34,18.8224
260603_iris2dsweep_sim50norm,sim,06_3-5_TDS-Half-Plunger-Iris2Dsweep-260527_104.s1p,,S11,f_2pi3,sim,dispersion_mode_1,2.8571160335532,2.857116,-3.355320021825037e-08,-2.6956048185514823e-09,-2.7498855627680534,touchstone_ri,2.8571160335532,1.0,,,,104,2.0,57.34,19.0724
260603_iris2dsweep_sim50norm,sim,06_3-5_TDS-Half-Plunger-Iris2Dsweep-260527_105.s1p,,S11,f_2pi3,sim,dispersion_mode_1,2.8571160335532,2.857116,-3.355320021825037e-08,-1.1828421418998685e-09,-3.251649365961936,touchstone_ri,2.8571160335532,1.0,,,,105,2.0,57.34,19.3224
260603_iris2dsweep_sim50norm,sim,06_3-5_TDS-Half-Plunger-Iris2Dsweep-260527_106.s1p,,S11,f_2pi3,sim,dispersion_mode_1,2.8571160335532,2.857116,-3.355320021825037e-08,-9.094234822926846e-10,-3.7090337854257536,touchstone_ri,2.8571160335532,1.0,,,,106,2.0,57.34,19.5724
260603_iris2dsweep_sim50norm,sim,06_3-5_TDS-Half-Plunger-Iris2Dsweep-260527_107.s1p,,S11,f_2pi3,sim,dispersion_mode_1,2.8571160335532,2.857116,-3.355320021825037e-08,-1.6880533017106277e-09,-4.125819651847883,touchstone_ri,2.8571160335532,1.0,,,,107,2.0,57.34,19.8224
260603_iris2dsweep_sim50norm,sim,06_3-5_TDS-Half-Plunger-Iris2Dsweep-260527_108.s1p,,S11,f_2pi3,sim,dispersion_mode_1,2.8571160335532,2.857116,-3.355320021825037e-08,3.6800799776655887e-09,-4.510829325633937,touchstone_ri,2.8571160335532,1.0,,,,108,2.0,57.34,20.0724
260603_iris2dsweep_sim50norm,sim,06_3-5_TDS-Half-Plunger-Iris2Dsweep-260527_109.s1p,,S11,f_2pi3,sim,dispersion_mode_1,2.8571160335532,2.857116,-3.355320021825037e-08,1.8112172053859405e-09,-4.866154266291703,touchstone_ri,2.8571160335532,1.0,,,,109,2.0,57.34,20.3224
260603_iris2dsweep_sim50norm,sim,06_3-5_TDS-Half-Plunger-Iris2Dsweep-260527_11.s1p,,S11,f_2pi3,sim,dispersion_mode_1,2.8571160335532,2.857116,-3.355320021825037e-08,-1.2967012502195332e-09,23.810303126577306,touchstone_ri,2.8571160335532,1.0,,,,11,2.0,54.59,20.3224
260603_iris2dsweep_sim50norm,sim,06_3-5_TDS-Half-Plunger-Iris2Dsweep-260527_110.s1p,,S11,f_2pi3,sim,dispersion_mode_1,2.8571160335532,2.857116,-3.355320021825037e-08,4.0823067506134284e-10,-4.270203646704799,touchstone_ri,2.8571160335532,1.0,,,,110,2.0,57.59,18.3224
260603_iris2dsweep_sim50norm,sim,06_3-5_TDS-Half-Plunger-Iris2Dsweep-260527_111.s1p,,S11,f_2pi3,sim,dispersion_mode_1,2.8571160335532,2.857116,-3.355320021825037e-08,-3.6046213549353453e-09,-4.7135267978394975,touchstone_ri,2.8571160335532,1.0,,,,111,2.0,57.59,18.5724
260603_iris2dsweep_sim50norm,sim,06_3-5_TDS-Half-Plunger-Iris2Dsweep-260527_112.s1p,,S11,f_2pi3,sim,dispersion_mode_1,2.8571160335532,2.857116,-3.355320021825037e-08,1.5414600972542521e-09,-5.118419690823771,touchstone_ri,2.8571160335532,1.0,,,,112,2.0,57.59,18.8224
260603_iris2dsweep_sim50norm,sim,06_3-5_TDS-Half-Plunger-Iris2Dsweep-260527_113.s1p,,S11,f_2pi3,sim,dispersion_mode_1,2.8571160335532,2.857116,-3.355320021825037e-08,1.0248255144345158e-09,-5.486763054372698,touchstone_ri,2.8571160335532,1.0,,,,113,2.0,57.59,19.0724
260603_iris2dsweep_sim50norm,sim,06_3-5_TDS-Half-Plunger-Iris2Dsweep-260527_114.s1p,,S11,f_2pi3,sim,dispersion_mode_1,2.8571160335532,2.857116,-3.355320021825037e-08,-1.4535847927955254e-09,-5.826839463300456,touchstone_ri,2.8571160335532,1.0,,,,114,2.0,57.59,19.3224
260603_iris2dsweep_sim50norm,sim,06_3-5_TDS-Half-Plunger-Iris2Dsweep-260527_115.s1p,,S11,f_2pi3,sim,dispersion_mode_1,2.8571160335532,2.857116,-3.355320021825037e-08,-3.62169284408284e-09,-6.1388407215934375,touchstone_ri,2.8571160335532,1.0,,,,115,2.0,57.59,19.5724
260603_iris2dsweep_sim50norm,sim,06_3-5_TDS-Half-Plunger-Iris2Dsweep-260527_116.s1p,,S11,f_2pi3,sim,dispersion_mode_1,2.8571160335532,2.857116,-3.355320021825037e-08,1.2793578205425618e-09,-6.428847778080931,touchstone_ri,2.8571160335532,1.0,,,,116,2.0,57.59,19.8224
260603_iris2dsweep_sim50norm,sim,06_3-5_TDS-Half-Plunger-Iris2Dsweep-260527_117.s1p,,S11,f_2pi3,sim,dispersion_mode_1,2.8571160335532,2.857116,-3.355320021825037e-08,-5.984149543549808e-08,-6.699295591447043,touchstone_ri,2.8571160335532,1.0,,,,117,2.0,57.59,20.0724
260603_iris2dsweep_sim50norm,sim,06_3-5_TDS-Half-Plunger-Iris2Dsweep-260527_118.s1p,,S11,f_2pi3,sim,dispersion_mode_1,2.8571160335532,2.857116,-3.355320021825037e-08,-3.759060327424253e-09,-6.949786601382633,touchstone_ri,2.8571160335532,1.0,,,,118,2.0,57.59,20.3224
260603_iris2dsweep_sim50norm,sim,06_3-5_TDS-Half-Plunger-Iris2Dsweep-260527_119.s1p,,S11,f_2pi3,sim,dispersion_mode_1,2.8571160335532,2.857116,-3.355320021825037e-08,-1.8261613885159284e-09,-7.120275114816443,touchstone_ri,2.8571160335532,1.0,,,,119,2.0,57.84,18.3224
260603_iris2dsweep_sim50norm,sim,06_3-5_TDS-Half-Plunger-Iris2Dsweep-260527_12.s1p,,S11,f_2pi3,sim,dispersion_mode_1,2.8571160335532,2.857116,-3.355320021825037e-08,-2.185482405271871e-06,59.60594007318265,touchstone_ri,2.8571160335532,1.0,,,,12,2.0,54.84,18.3224
260603_iris2dsweep_sim50norm,sim,06_3-5_TDS-Half-Plunger-Iris2Dsweep-260527_120.s1p,,S11,f_2pi3,sim,dispersion_mode_1,2.8571160335532,2.857116,-3.355320021825037e-08,-4.256021665904446e-09,-7.394481666236557,touchstone_ri,2.8571160335532,1.0,,,,120,2.0,57.84,18.5724
260603_iris2dsweep_sim50norm,sim,06_3-5_TDS-Half-Plunger-Iris2Dsweep-260527_121.s1p,,S11,f_2pi3,sim,dispersion_mode_1,2.8571160335532,2.857116,-3.355320021825037e-08,-8.390275772272093e-10,-7.647793125395986,touchstone_ri,2.8571160335532,1.0,,,,121,2.0,57.84,18.8224
260603_iris2dsweep_sim50norm,sim,06_3-5_TDS-Half-Plunger-Iris2Dsweep-260527_122.s1p,,S11,f_2pi3,sim,dispersion_mode_1,2.8571160335532,2.857116,-3.355320021825037e-08,-1.9458749288947807e-09,-7.882941527900916,touchstone_ri,2.8571160335532,1.0,,,,122,2.0,57.84,19.0724
260603_iris2dsweep_sim50norm,sim,06_3-5_TDS-Half-Plunger-Iris2Dsweep-260527_123.s1p,,S11,f_2pi3,sim,dispersion_mode_1,2.8571160335532,2.857116,-3.355320021825037e-08,-3.83007629507466e-09,-8.104630811161769,touchstone_ri,2.8571160335532,1.0,,,,123,2.0,57.84,19.3224
260603_iris2dsweep_sim50norm,sim,06_3-5_TDS-Half-Plunger-Iris2Dsweep-260527_124.s1p,,S11,f_2pi3,sim,dispersion_mode_1,2.8571160335532,2.857116,-3.355320021825037e-08,2.9536385972558436e-10,-8.30937564554697,touchstone_ri,2.8571160335532,1.0,,,,124,2.0,57.84,19.5724
260603_iris2dsweep_sim50norm,sim,06_3-5_TDS-Half-Plunger-Iris2Dsweep-260527_125.s1p,,S11,f_2pi3,sim,dispersion_mode_1,2.8571160335532,2.857116,-3.355320021825037e-08,-1.0850950168948664e-09,-8.503376871347136,touchstone_ri,2.8571160335532,1.0,,,,125,2.0,57.84,19.8224
260603_iris2dsweep_sim50norm,sim,06_3-5_TDS-Half-Plunger-Iris2Dsweep-260527_126.s1p,,S11,f_2pi3,sim,dispersion_mode_1,2.8571160335532,2.857116,-3.355320021825037e-08,-4.422874050291819e-08,-8.684776087318962,touchstone_ri,2.8571160335532,1.0,,,,126,2.0,57.84,20.0724
260603_iris2dsweep_sim50norm,sim,06_3-5_TDS-Half-Plunger-Iris2Dsweep-260527_127.s1p,,S11,f_2pi3,sim,dispersion_mode_1,2.8571160335532,2.857116,-3.355320021825037e-08,-8.963893186044747e-08,-8.856685613527445,touchstone_ri,2.8571160335532,1.0,,,,127,2.0,57.84,20.3224
260603_iris2dsweep_sim50norm,sim,06_3-5_TDS-Half-Plunger-Iris2Dsweep-260527_128.s1p,,S11,f_2pi3,sim,dispersion_mode_1,2.8571160335532,2.857116,-3.355320021825037e-08,1.9555403826539446e-09,-9.506506367768166,touchstone_ri,2.8571160335532,1.0,,,,128,2.0,58.09,18.3224
260603_iris2dsweep_sim50norm,sim,06_3-5_TDS-Half-Plunger-Iris2Dsweep-260527_129.s1p,,S11,f_2pi3,sim,dispersion_mode_1,2.8571160335532,2.857116,-3.355320021825037e-08,3.95840609959475e-09,-9.667360973700639,touchstone_ri,2.8571160335532,1.0,,,,129,2.0,58.09,18.5724
260603_iris2dsweep_sim50norm,sim,06_3-5_TDS-Half-Plunger-Iris2Dsweep-260527_13.s1p,,S11,f_2pi3,sim,dispersion_mode_1,2.8571160335532,2.857116,-3.355320021825037e-08,-3.6745293197694955e-07,51.0070837032725,touchstone_ri,2.8571160335532,1.0,,,,13,2.0,54.84,18.5724
260603_iris2dsweep_sim50norm,sim,06_3-5_TDS-Half-Plunger-Iris2Dsweep-260527_130.s1p,,S11,f_2pi3,sim,dispersion_mode_1,2.8571160335532,2.857116,-3.355320021825037e-08,-1.2736403231809658e-09,-9.818073861263588,touchstone_ri,2.8571160335532,1.0,,,,130,2.0,58.09,18.8224
260603_iris2dsweep_sim50norm,sim,06_3-5_TDS-Half-Plunger-Iris2Dsweep-260527_131.s1p,,S11,f_2pi3,sim,dispersion_mode_1,2.8571160335532,2.857116,-3.355320021825037e-08,-2.015716733511841e-08,-9.961249461121648,touchstone_ri,2.8571160335532,1.0,,,,131,2.0,58.09,19.0724
260603_iris2dsweep_sim50norm,sim,06_3-5_TDS-Half-Plunger-Iris2Dsweep-260527_132.s1p,,S11,f_2pi3,sim,dispersion_mode_1,2.8571160335532,2.857116,-3.355320021825037e-08,-2.6873791052592338e-09,-10.09652986475716,touchstone_ri,2.8571160335532,1.0,,,,132,2.0,58.09,19.3224
260603_iris2dsweep_sim50norm,sim,06_3-5_TDS-Half-Plunger-Iris2Dsweep-260527_133.s1p,,S11,f_2pi3,sim,dispersion_mode_1,2.8571160335532,2.857116,-3.355320021825037e-08,-1.9326221765189796e-09,-10.224656979705207,touchstone_ri,2.8571160335532,1.0,,,,133,2.0,58.09,19.5724
260603_iris2dsweep_sim50norm,sim,06_3-5_TDS-Half-Plunger-Iris2Dsweep-260527_134.s1p,,S11,f_2pi3,sim,dispersion_mode_1,2.8571160335532,2.857116,-3.355320021825037e-08,-6.413935929980703e-08,-10.350110880084765,touchstone_ri,2.8571160335532,1.0,,,,134,2.0,58.09,19.8224
260603_iris2dsweep_sim50norm,sim,06_3-5_TDS-Half-Plunger-Iris2Dsweep-260527_135.s1p,,S11,f_2pi3,sim,dispersion_mode_1,2.8571160335532,2.857116,-3.355320021825037e-08,-4.500082841347889e-07,-10.467165781660452,touchstone_ri,2.8571160335532,1.0,,,,135,2.0,58.09,20.0724
260603_iris2dsweep_sim50norm,sim,06_3-5_TDS-Half-Plunger-Iris2Dsweep-260527_136.s1p,,S11,f_2pi3,sim,dispersion_mode_1,2.8571160335532,2.857116,-3.355320021825037e-08,2.3788801406583964e-10,-10.57942656133848,touchstone_ri,2.8571160335532,1.0,,,,136,2.0,58.09,20.3224
260603_iris2dsweep_sim50norm,sim,06_3-5_TDS-Half-Plunger-Iris2Dsweep-260527_137.s1p,,S11,f_2pi3,sim,dispersion_mode_1,2.8571160335532,2.857116,-3.355320021825037e-08,2.5043449296933243e-09,-11.48464136943646,touchstone_ri,2.8571160335532,1.0,,,,137,2.0,58.34,18.3224
260603_iris2dsweep_sim50norm,sim,06_3-5_TDS-Half-Plunger-Iris2Dsweep-260527_138.s1p,,S11,f_2pi3,sim,dispersion_mode_1,2.8571160335532,2.857116,-3.355320021825037e-08,-1.3382550849942992e-10,-11.574974051239868,touchstone_ri,2.8571160335532,1.0,,,,138,2.0,58.34,18.5724
260603_iris2dsweep_sim50norm,sim,06_3-5_TDS-Half-Plunger-Iris2Dsweep-260527_139.s1p,,S11,f_2pi3,sim,dispersion_mode_1,2.8571160335532,2.857116,-3.355320021825037e-08,-6.289071529984933e-08,-11.660842559464593,touchstone_ri,2.8571160335532,1.0,,,,139,2.0,58.34,18.8224
260603_iris2dsweep_sim50norm,sim,06_3-5_TDS-Half-Plunger-Iris2Dsweep-260527_14.s1p,,S11,f_2pi3,sim,dispersion_mode_1,2.8571160335532,2.857116,-3.355320021825037e-08,-2.167176536707471e-06,44.10283515580431,touchstone_ri,2.8571160335532,1.0,,,,14,2.0,54.84,18.8224
260603_iris2dsweep_sim50norm,sim,06_3-5_TDS-Half-Plunger-Iris2Dsweep-260527_140.s1p,,S11,f_2pi3,sim,dispersion_mode_1,2.8571160335532,2.857116,-3.355320021825037e-08,1.96144206674792e-09,-11.74437794708725,touchstone_ri,2.8571160335532,1.0,,,,140,2.0,58.34,19.0724
260603_iris2dsweep_sim50norm,sim,06_3-5_TDS-Half-Plunger-Iris2Dsweep-260527_141.s1p,,S11,f_2pi3,sim,dispersion_mode_1,2.8571160335532,2.857116,-3.355320021825037e-08,-7.653155365646432e-08,-11.825756486902288,touchstone_ri,2.8571160335532,1.0,,,,141,2.0,58.34,19.3224
260603_iris2dsweep_sim50norm,sim,06_3-5_TDS-Half-Plunger-Iris2Dsweep-260527_142.s1p,,S11,f_2pi3,sim,dispersion_mode_1,2.8571160335532,2.857116,-3.355320021825037e-08,-2.1068188710137528e-08,-11.903481834859635,touchstone_ri,2.8571160335532,1.0,,,,142,2.0,58.34,19.5724
260603_iris2dsweep_sim50norm,sim,06_3-5_TDS-Half-Plunger-Iris2Dsweep-260527_143.s1p,,S11,f_2pi3,sim,dispersion_mode_1,2.8571160335532,2.857116,-3.355320021825037e-08,4.2226202533763235e-09,-11.978166875656,touchstone_ri,2.8571160335532,1.0,,,,143,2.0,58.34,19.8224
260603_iris2dsweep_sim50norm,sim,06_3-5_TDS-Half-Plunger-Iris2Dsweep-260527_144.s1p,,S11,f_2pi3,sim,dispersion_mode_1,2.8571160335532,2.857116,-3.355320021825037e-08,-1.8533428868214232e-09,-12.053293218635062,touchstone_ri,2.8571160335532,1.0,,,,144,2.0,58.34,20.0724
260603_iris2dsweep_sim50norm,sim,06_3-5_TDS-Half-Plunger-Iris2Dsweep-260527_145.s1p,,S11,f_2pi3,sim,dispersion_mode_1,2.8571160335532,2.857116,-3.355320021825037e-08,-6.84755860418194e-08,-12.125688370595146,touchstone_ri,2.8571160335532,1.0,,,,145,2.0,58.34,20.3224
260603_iris2dsweep_sim50norm,sim,06_3-5_TDS-Half-Plunger-Iris2Dsweep-260527_146.s1p,,S11,f_2pi3,sim,dispersion_mode_1,2.8571160335532,2.857116,-3.355320021825037e-08,-6.600950753520145e-08,-13.116398149299668,touchstone_ri,2.8571160335532,1.0,,,,146,2.0,58.59,18.3224
260603_iris2dsweep_sim50norm,sim,06_3-5_TDS-Half-Plunger-Iris2Dsweep-260527_147.s1p,,S11,f_2pi3,sim,dispersion_mode_1,2.8571160335532,2.857116,-3.355320021825037e-08,-1.7098352427457845e-08,-13.164856331628613,touchstone_ri,2.8571160335532,1.0,,,,147,2.0,58.59,18.5724
260603_iris2dsweep_sim50norm,sim,06_3-5_TDS-Half-Plunger-Iris2Dsweep-260527_148.s1p,,S11,f_2pi3,sim,dispersion_mode_1,2.8571160335532,2.857116,-3.355320021825037e-08,-6.363730995634191e-09,-13.213752970396566,touchstone_ri,2.8571160335532,1.0,,,,148,2.0,58.59,18.8224
260603_iris2dsweep_sim50norm,sim,06_3-5_TDS-Half-Plunger-Iris2Dsweep-260527_149.s1p,,S11,f_2pi3,sim,dispersion_mode_1,2.8571160335532,2.857116,-3.355320021825037e-08,-1.219130419754292e-07,-13.261772675705192,touchstone_ri,2.8571160335532,1.0,,,,149,2.0,58.59,19.0724
260603_iris2dsweep_sim50norm,sim,06_3-5_TDS-Half-Plunger-Iris2Dsweep-260527_15.s1p,,S11,f_2pi3,sim,dispersion_mode_1,2.8571160335532,2.857116,-3.355320021825037e-08,-3.944025236928474e-06,38.48653381193103,touchstone_ri,2.8571160335532,1.0,,,,15,2.0,54.84,19.0724
260603_iris2dsweep_sim50norm,sim,06_3-5_TDS-Half-Plunger-Iris2Dsweep-260527_150.s1p,,S11,f_2pi3,sim,dispersion_mode_1,2.8571160335532,2.857116,-3.355320021825037e-08,-4.8060605525288405e-09,-13.309690934914832,touchstone_ri,2.8571160335532,1.0,,,,150,2.0,58.59,19.3224
260603_iris2dsweep_sim50norm,sim,06_3-5_TDS-Half-Plunger-Iris2Dsweep-260527_151.s1p,,S11,f_2pi3,sim,dispersion_mode_1,2.8571160335532,2.857116,-3.355320021825037e-08,-2.4331685981852877e-08,-13.356340355837233,touchstone_ri,2.8571160335532,1.0,,,,151,2.0,58.59,19.5724
260603_iris2dsweep_sim50norm,sim,06_3-5_TDS-Half-Plunger-Iris2Dsweep-260527_152.s1p,,S11,f_2pi3,sim,dispersion_mode_1,2.8571160335532,2.857116,-3.355320021825037e-08,-3.338303719193755e-08,-13.403893237081554,touchstone_ri,2.8571160335532,1.0,,,,152,2.0,58.59,19.8224
260603_iris2dsweep_sim50norm,sim,06_3-5_TDS-Half-Plunger-Iris2Dsweep-260527_153.s1p,,S11,f_2pi3,sim,dispersion_mode_1,2.8571160335532,2.857116,-3.355320021825037e-08,-1.8517706186450777e-07,-13.449968936982806,touchstone_ri,2.8571160335532,1.0,,,,153,2.0,58.59,20.0724
260603_iris2dsweep_sim50norm,sim,06_3-5_TDS-Half-Plunger-Iris2Dsweep-260527_154.s1p,,S11,f_2pi3,sim,dispersion_mode_1,2.8571160335532,2.857116,-3.355320021825037e-08,3.49819431766166e-11,-13.496527238741635,touchstone_ri,2.8571160335532,1.0,,,,154,2.0,58.59,20.3224
260603_iris2dsweep_sim50norm,sim,06_3-5_TDS-Half-Plunger-Iris2Dsweep-260527_16.s1p,,S11,f_2pi3,sim,dispersion_mode_1,2.8571160335532,2.857116,-3.355320021825037e-08,-1.954555294448183e-06,33.838812478699786,touchstone_ri,2.8571160335532,1.0,,,,16,2.0,54.84,19.3224
260603_iris2dsweep_sim50norm,sim,06_3-5_TDS-Half-Plunger-Iris2Dsweep-260527_17.s1p,,S11,f_2pi3,sim,dispersion_mode_1,2.8571160335532,2.857116,-3.355320021825037e-08,-3.8278096497183065e-07,29.947611089970678,touchstone_ri,2.8571160335532,1.0,,,,17,2.0,54.84,19.5724
260603_iris2dsweep_sim50norm,sim,06_3-5_TDS-Half-Plunger-Iris2Dsweep-260527_18.s1p,,S11,f_2pi3,sim,dispersion_mode_1,2.8571160335532,2.857116,-3.355320021825037e-08,-3.5302292128417805e-07,26.65008540309524,touchstone_ri,2.8571160335532,1.0,,,,18,2.0,54.84,19.8224
260603_iris2dsweep_sim50norm,sim,06_3-5_TDS-Half-Plunger-Iris2Dsweep-260527_19.s1p,,S11,f_2pi3,sim,dispersion_mode_1,2.8571160335532,2.857116,-3.355320021825037e-08,-1.6165064674124984e-07,23.81941055715606,touchstone_ri,2.8571160335532,1.0,,,,19,2.0,54.84,20.0724
260603_iris2dsweep_sim50norm,sim,06_3-5_TDS-Half-Plunger-Iris2Dsweep-260527_2.s1p,,S11,f_2pi3,sim,dispersion_mode_1,2.8571160335532,2.857116,-3.355320021825037e-08,-3.5098617163956787e-09,6.263356143028388,touchstone_ri,2.8571160335532,1.0,,,,2,2.0,56.59,19.3224
260603_iris2dsweep_sim50norm,sim,06_3-5_TDS-Half-Plunger-Iris2Dsweep-260527_20.s1p,,S11,f_2pi3,sim,dispersion_mode_1,2.8571160335532,2.857116,-3.355320021825037e-08,-1.858280243451231e-09,21.368613915727902,touchstone_ri,2.8571160335532,1.0,,,,20,2.0,54.84,20.3224
260603_iris2dsweep_sim50norm,sim,06_3-5_TDS-Half-Plunger-Iris2Dsweep-260527_21.s1p,,S11,f_2pi3,sim,dispersion_mode_1,2.8571160335532,2.857116,-3.355320021825037e-08,-3.4526085463358605e-06,53.23295122782723,touchstone_ri,2.8571160335532,1.0,,,,21,2.0,55.09,18.3224
260603_iris2dsweep_sim50norm,sim,06_3-5_TDS-Half-Plunger-Iris2Dsweep-260527_22.s1p,,S11,f_2pi3,sim,dispersion_mode_1,2.8571160335532,2.857116,-3.355320021825037e-08,-7.903380145133944e-06,45.49390745250862,touchstone_ri,2.8571160335532,1.0,,,,22,2.0,55.09,18.5724
260603_iris2dsweep_sim50norm,sim,06_3-5_TDS-Half-Plunger-Iris2Dsweep-260527_23.s1p,,S11,f_2pi3,sim,dispersion_mode_1,2.8571160335532,2.857116,-3.355320021825037e-08,-1.843501059700457e-06,39.30177321224593,touchstone_ri,2.8571160335532,1.0,,,,23,2.0,55.09,18.8224
260603_iris2dsweep_sim50norm,sim,06_3-5_TDS-Half-Plunger-Iris2Dsweep-260527_24.s1p,,S11,f_2pi3,sim,dispersion_mode_1,2.8571160335532,2.857116,-3.355320021825037e-08,-1.99566808712798e-07,34.25065969799613,touchstone_ri,2.8571160335532,1.0,,,,24,2.0,55.09,19.0724
260603_iris2dsweep_sim50norm,sim,06_3-5_TDS-Half-Plunger-Iris2Dsweep-260527_25.s1p,,S11,f_2pi3,sim,dispersion_mode_1,2.8571160335532,2.857116,-3.355320021825037e-08,1.5429374469327496e-09,30.06857774850603,touchstone_ri,2.8571160335532,1.0,,,,25,2.0,55.09,19.3224
260603_iris2dsweep_sim50norm,sim,06_3-5_TDS-Half-Plunger-Iris2Dsweep-260527_26.s1p,,S11,f_2pi3,sim,dispersion_mode_1,2.8571160335532,2.857116,-3.355320021825037e-08,-7.708408340553382e-08,26.55871905841175,touchstone_ri,2.8571160335532,1.0,,,,26,2.0,55.09,19.5724
260603_iris2dsweep_sim50norm,sim,06_3-5_TDS-Half-Plunger-Iris2Dsweep-260527_27.s1p,,S11,f_2pi3,sim,dispersion_mode_1,2.8571160335532,2.857116,-3.355320021825037e-08,2.064466955940731e-09,23.57801349575049,touchstone_ri,2.8571160335532,1.0,,,,27,2.0,55.09,19.8224
260603_iris2dsweep_sim50norm,sim,06_3-5_TDS-Half-Plunger-Iris2Dsweep-260527_28.s1p,,S11,f_2pi3,sim,dispersion_mode_1,2.8571160335532,2.857116,-3.355320021825037e-08,-3.486375520938315e-09,21.017137089528777,touchstone_ri,2.8571160335532,1.0,,,,28,2.0,55.09,20.0724
260603_iris2dsweep_sim50norm,sim,06_3-5_TDS-Half-Plunger-Iris2Dsweep-260527_29.s1p,,S11,f_2pi3,sim,dispersion_mode_1,2.8571160335532,2.857116,-3.355320021825037e-08,-7.789313541033392e-07,18.791483080993412,touchstone_ri,2.8571160335532,1.0,,,,29,2.0,55.09,20.3224
260603_iris2dsweep_sim50norm,sim,06_3-5_TDS-Half-Plunger-Iris2Dsweep-260527_3.s1p,,S11,f_2pi3,sim,dispersion_mode_1,2.8571160335532,2.857116,-3.355320021825037e-08,-8.364255310568947e-06,65.2960677452214,touchstone_ri,2.8571160335532,1.0,,,,3,2.0,54.59,18.3224
260603_iris2dsweep_sim50norm,sim,06_3-5_TDS-Half-Plunger-Iris2Dsweep-260527_30.s1p,,S11,f_2pi3,sim,dispersion_mode_1,2.8571160335532,2.857116,-3.355320021825037e-08,-1.7832215447079056e-06,46.36488764769005,touchstone_ri,2.8571160335532,1.0,,,,30,2.0,55.34,18.3224
260603_iris2dsweep_sim50norm,sim,06_3-5_TDS-Half-Plunger-Iris2Dsweep-260527_31.s1p,,S11,f_2pi3,sim,dispersion_mode_1,2.8571160335532,2.857116,-3.355320021825037e-08,-1.965973474252453e-06,39.623015630095196,touchstone_ri,2.8571160335532,1.0,,,,31,2.0,55.34,18.5724
260603_iris2dsweep_sim50norm,sim,06_3-5_TDS-Half-Plunger-Iris2Dsweep-260527_32.s1p,,S11,f_2pi3,sim,dispersion_mode_1,2.8571160335532,2.857116,-3.355320021825037e-08,-3.7176422328968665e-07,34.20390643739358,touchstone_ri,2.8571160335532,1.0,,,,32,2.0,55.34,18.8224
260603_iris2dsweep_sim50norm,sim,06_3-5_TDS-Half-Plunger-Iris2Dsweep-260527_33.s1p,,S11,f_2pi3,sim,dispersion_mode_1,2.8571160335532,2.857116,-3.355320021825037e-08,9.2413429774243e-11,29.781752513284346,touchstone_ri,2.8571160335532,1.0,,,,33,2.0,55.34,19.0724
260603_iris2dsweep_sim50norm,sim,06_3-5_TDS-Half-Plunger-Iris2Dsweep-260527_34.s1p,,S11,f_2pi3,sim,dispersion_mode_1,2.8571160335532,2.857116,-3.355320021825037e-08,1.5065398710415516e-09,26.10022177960589,touchstone_ri,2.8571160335532,1.0,,,,34,2.0,55.34,19.3224
260603_iris2dsweep_sim50norm,sim,06_3-5_TDS-Half-Plunger-Iris2Dsweep-260527_35.s1p,,S11,f_2pi3,sim,dispersion_mode_1,2.8571160335532,2.857116,-3.355320021825037e-08,-4.907437406161873e-09,23.005656015049208,touchstone_ri,2.8571160335532,1.0,,,,35,2.0,55.34,19.5724
260603_iris2dsweep_sim50norm,sim,06_3-5_TDS-Half-Plunger-Iris2Dsweep-260527_36.s1p,,S11,f_2pi3,sim,dispersion_mode_1,2.8571160335532,2.857116,-3.355320021825037e-08,2.3069239534853468e-09,20.36595069477905,touchstone_ri,2.8571160335532,1.0,,,,36,2.0,55.34,19.8224
260603_iris2dsweep_sim50norm,sim,06_3-5_TDS-Half-Plunger-Iris2Dsweep-260527_37.s1p,,S11,f_2pi3,sim,dispersion_mode_1,2.8571160335532,2.857116,-3.355320021825037e-08,-9.942477184081114e-08,18.08973327923136,touchstone_ri,2.8571160335532,1.0,,,,37,2.0,55.34,20.0724
260603_iris2dsweep_sim50norm,sim,06_3-5_TDS-Half-Plunger-Iris2Dsweep-260527_38.s1p,,S11,f_2pi3,sim,dispersion_mode_1,2.8571160335532,2.857116,-3.355320021825037e-08,-1.40394892942893e-09,16.10789100541051,touchstone_ri,2.8571160335532,1.0,,,,38,2.0,55.34,20.3224
260603_iris2dsweep_sim50norm,sim,06_3-5_TDS-Half-Plunger-Iris2Dsweep-260527_39.s1p,,S11,f_2pi3,sim,dispersion_mode_1,2.8571160335532,2.857116,-3.355320021825037e-08,-3.648920281686939e-07,39.23403342732585,touchstone_ri,2.8571160335532,1.0,,,,39,2.0,55.59,18.3224
260603_iris2dsweep_sim50norm,sim,06_3-5_TDS-Half-Plunger-Iris2Dsweep-260527_4.s1p,,S11,f_2pi3,sim,dispersion_mode_1,2.8571160335532,2.857116,-3.355320021825037e-08,-7.089829606714955e-06,55.99069884590208,touchstone_ri,2.8571160335532,1.0,,,,4,2.0,54.59,18.5724
260603_iris2dsweep_sim50norm,sim,06_3-5_TDS-Half-Plunger-Iris2Dsweep-260527_40.s1p,,S11,f_2pi3,sim,dispersion_mode_1,2.8571160335532,2.857116,-3.355320021825037e-08,-6.7902357367713e-07,33.557138962478795,touchstone_ri,2.8571160335532,1.0,,,,40,2.0,55.59,18.5724
260603_iris2dsweep_sim50norm,sim,06_3-5_TDS-Half-Plunger-Iris2Dsweep-260527_41.s1p,,S11,f_2pi3,sim,dispersion_mode_1,2.8571160335532,2.857116,-3.355320021825037e-08,-5.903514929272379e-06,28.95846582979422,touchstone_ri,2.8571160335532,1.0,,,,41,2.0,55.59,18.8224
260603_iris2dsweep_sim50norm,sim,06_3-5_TDS-Half-Plunger-Iris2Dsweep-260527_42.s1p,,S11,f_2pi3,sim,dispersion_mode_1,2.8571160335532,2.857116,-3.355320021825037e-08,-5.942052886154607e-06,25.18127920382638,touchstone_ri,2.8571160335532,1.0,,,,42,2.0,55.59,19.0724
260603_iris2dsweep_sim50norm,sim,06_3-5_TDS-Half-Plunger-Iris2Dsweep-260527_43.s1p,,S11,f_2pi3,sim,dispersion_mode_1,2.8571160335532,2.857116,-3.355320021825037e-08,-6.21833649084268e-06,22.025706415689765,touchstone_ri,2.8571160335532,1.0,,,,43,2.0,55.59,19.3224
260603_iris2dsweep_sim50norm,sim,06_3-5_TDS-Half-Plunger-Iris2Dsweep-260527_44.s1p,,S11,f_2pi3,sim,dispersion_mode_1,2.8571160335532,2.857116,-3.355320021825037e-08,-5.804751885982108e-07,19.354060844004287,touchstone_ri,2.8571160335532,1.0,,,,44,2.0,55.59,19.5724
260603_iris2dsweep_sim50norm,sim,06_3-5_TDS-Half-Plunger-Iris2Dsweep-260527_45.s1p,,S11,f_2pi3,sim,dispersion_mode_1,2.8571160335532,2.857116,-3.355320021825037e-08,-3.6216572772886955e-07,17.06408537437718,touchstone_ri,2.8571160335532,1.0,,,,45,2.0,55.59,19.8224
260603_iris2dsweep_sim50norm,sim,06_3-5_TDS-Half-Plunger-Iris2Dsweep-260527_46.s1p,,S11,f_2pi3,sim,dispersion_mode_1,2.8571160335532,2.857116,-3.355320021825037e-08,-2.6923087472697806e-09,15.081593253596584,touchstone_ri,2.8571160335532,1.0,,,,46,2.0,55.59,20.0724
260603_iris2dsweep_sim50norm,sim,06_3-5_TDS-Half-Plunger-Iris2Dsweep-260527_47.s1p,,S11,f_2pi3,sim,dispersion_mode_1,2.8571160335532,2.857116,-3.355320021825037e-08,-1.1268851119907408e-09,13.348911815238333,touchstone_ri,2.8571160335532,1.0,,,,47,2.0,55.59,20.3224
260603_iris2dsweep_sim50norm,sim,06_3-5_TDS-Half-Plunger-Iris2Dsweep-260527_48.s1p,,S11,f_2pi3,sim,dispersion_mode_1,2.8571160335532,2.857116,-3.355320021825037e-08,-3.67962288730398e-10,32.11610980306334,touchstone_ri,2.8571160335532,1.0,,,,48,2.0,55.84,18.3224
260603_iris2dsweep_sim50norm,sim,06_3-5_TDS-Half-Plunger-Iris2Dsweep-260527_49.s1p,,S11,f_2pi3,sim,dispersion_mode_1,2.8571160335532,2.857116,-3.355320021825037e-08,-6.448640632559748e-07,27.48048374590506,touchstone_ri,2.8571160335532,1.0,,,,49,2.0,55.84,18.5724
260603_iris2dsweep_sim50norm,sim,06_3-5_TDS-Half-Plunger-Iris2Dsweep-260527_5.s1p,,S11,f_2pi3,sim,dispersion_mode_1,2.8571160335532,2.857116,-3.355320021825037e-08,-6.294621770338156e-06,48.509317758345425,touchstone_ri,2.8571160335532,1.0,,,,5,2.0,54.59,18.8224
260603_iris2dsweep_sim50norm,sim,06_3-5_TDS-Half-Plunger-Iris2Dsweep-260527_50.s1p,,S11,f_2pi3,sim,dispersion_mode_1,2.8571160335532,2.857116,-3.355320021825037e-08,-1.0479727956649946e-06,23.702646480709987,touchstone_ri,2.8571160335532,1.0,,,,50,2.0,55.84,18.8224
260603_iris2dsweep_sim50norm,sim,06_3-5_TDS-Half-Plunger-Iris2Dsweep-260527_51.s1p,,S11,f_2pi3,sim,dispersion_mode_1,2.8571160335532,2.857116,-3.355320021825037e-08,-2.2492957060114039e-07,20.56459216512629,touchstone_ri,2.8571160335532,1.0,,,,51,2.0,55.84,19.0724
260603_iris2dsweep_sim50norm,sim,06_3-5_TDS-Half-Plunger-Iris2Dsweep-260527_52.s1p,,S11,f_2pi3,sim,dispersion_mode_1,2.8571160335532,2.857116,-3.355320021825037e-08,-3.583504141655799e-07,17.922199413754065,touchstone_ri,2.8571160335532,1.0,,,,52,2.0,55.84,19.3224
260603_iris2dsweep_sim50norm,sim,06_3-5_TDS-Half-Plunger-Iris2Dsweep-260527_53.s1p,,S11,f_2pi3,sim,dispersion_mode_1,2.8571160335532,2.857116,-3.355320021825037e-08,-4.119192189639696e-08,15.672177366064997,touchstone_ri,2.8571160335532,1.0,,,,53,2.0,55.84,19.5724
260603_iris2dsweep_sim50norm,sim,06_3-5_TDS-Half-Plunger-Iris2Dsweep-260527_54.s1p,,S11,f_2pi3,sim,dispersion_mode_1,2.8571160335532,2.857116,-3.355320021825037e-08,1.3464865841341224e-09,13.731645489308486,touchstone_ri,2.8571160335532,1.0,,,,54,2.0,55.84,19.8224
260603_iris2dsweep_sim50norm,sim,06_3-5_TDS-Half-Plunger-Iris2Dsweep-260527_55.s1p,,S11,f_2pi3,sim,dispersion_mode_1,2.8571160335532,2.857116,-3.355320021825037e-08,4.320360628995259e-10,12.040748655180924,touchstone_ri,2.8571160335532,1.0,,,,55,2.0,55.84,20.0724
260603_iris2dsweep_sim50norm,sim,06_3-5_TDS-Half-Plunger-Iris2Dsweep-260527_56.s1p,,S11,f_2pi3,sim,dispersion_mode_1,2.8571160335532,2.857116,-3.355320021825037e-08,-1.5517591148724338e-09,10.55484262096314,touchstone_ri,2.8571160335532,1.0,,,,56,2.0,55.84,20.3224
260603_iris2dsweep_sim50norm,sim,06_3-5_TDS-Half-Plunger-Iris2Dsweep-260527_57.s1p,,S11,f_2pi3,sim,dispersion_mode_1,2.8571160335532,2.857116,-3.355320021825037e-08,3.0493558124459405e-09,25.23498779856757,touchstone_ri,2.8571160335532,1.0,,,,57,2.0,56.09,18.3224
260603_iris2dsweep_sim50norm,sim,06_3-5_TDS-Half-Plunger-Iris2Dsweep-260527_58.s1p,,S11,f_2pi3,sim,dispersion_mode_1,2.8571160335532,2.857116,-3.355320021825037e-08,2.5594755309401053e-09,21.579097585050132,touchstone_ri,2.8571160335532,1.0,,,,58,2.0,56.09,18.5724
260603_iris2dsweep_sim50norm,sim,06_3-5_TDS-Half-Plunger-Iris2Dsweep-260527_59.s1p,,S11,f_2pi3,sim,dispersion_mode_1,2.8571160335532,2.857116,-3.355320021825037e-08,6.940959092282597e-10,18.56120289620584,touchstone_ri,2.8571160335532,1.0,,,,59,2.0,56.09,18.8224
260603_iris2dsweep_sim50norm,sim,06_3-5_TDS-Half-Plunger-Iris2Dsweep-260527_6.s1p,,S11,f_2pi3,sim,dispersion_mode_1,2.8571160335532,2.857116,-3.355320021825037e-08,-4.056925651884422e-10,42.39996682679317,touchstone_ri,2.8571160335532,1.0,,,,6,2.0,54.59,19.0724
260603_iris2dsweep_sim50norm,sim,06_3-5_TDS-Half-Plunger-Iris2Dsweep-260527_60.s1p,,S11,f_2pi3,sim,dispersion_mode_1,2.8571160335532,2.857116,-3.355320021825037e-08,-2.462065921287203e-09,16.028137593700322,touchstone_ri,2.8571160335532,1.0,,,,60,2.0,56.09,19.0724
260603_iris2dsweep_sim50norm,sim,06_3-5_TDS-Half-Plunger-Iris2Dsweep-260527_61.s1p,,S11,f_2pi3,sim,dispersion_mode_1,2.8571160335532,2.857116,-3.355320021825037e-08,8.107602461217702e-10,13.880844984388265,touchstone_ri,2.8571160335532,1.0,,,,61,2.0,56.09,19.3224
260603_iris2dsweep_sim50norm,sim,06_3-5_TDS-Half-Plunger-Iris2Dsweep-260527_62.s1p,,S11,f_2pi3,sim,dispersion_mode_1,2.8571160335532,2.857116,-3.355320021825037e-08,2.2831841399200106e-09,12.028314636476999,touchstone_ri,2.8571160335532,1.0,,,,62,2.0,56.09,19.5724
260603_iris2dsweep_sim50norm,sim,06_3-5_TDS-Half-Plunger-Iris2Dsweep-260527_63.s1p,,S11,f_2pi3,sim,dispersion_mode_1,2.8571160335532,2.857116,-3.355320021825037e-08,2.9928693667847623e-09,10.421121118510364,touchstone_ri,2.8571160335532,1.0,,,,63,2.0,56.09,19.8224
260603_iris2dsweep_sim50norm,sim,06_3-5_TDS-Half-Plunger-Iris2Dsweep-260527_64.s1p,,S11,f_2pi3,sim,dispersion_mode_1,2.8571160335532,2.857116,-3.355320021825037e-08,3.3296260185671386e-09,9.01202258809025,touchstone_ri,2.8571160335532,1.0,,,,64,2.0,56.09,20.0724
260603_iris2dsweep_sim50norm,sim,06_3-5_TDS-Half-Plunger-Iris2Dsweep-260527_65.s1p,,S11,f_2pi3,sim,dispersion_mode_1,2.8571160335532,2.857116,-3.355320021825037e-08,-1.2980156285566416e-09,7.764425110686985,touchstone_ri,2.8571160335532,1.0,,,,65,2.0,56.09,20.3224
260603_iris2dsweep_sim50norm,sim,06_3-5_TDS-Half-Plunger-Iris2Dsweep-260527_66.s1p,,S11,f_2pi3,sim,dispersion_mode_1,2.8571160335532,2.857116,-3.355320021825037e-08,8.425155495923477e-10,18.788676473127474,touchstone_ri,2.8571160335532,1.0,,,,66,2.0,56.34,18.3224
260603_iris2dsweep_sim50norm,sim,06_3-5_TDS-Half-Plunger-Iris2Dsweep-260527_67.s1p,,S11,f_2pi3,sim,dispersion_mode_1,2.8571160335532,2.857116,-3.355320021825037e-08,-4.6320544113870276e-09,15.9966898963419,touchstone_ri,2.8571160335532,1.0,,,,67,2.0,56.34,18.5724
260603_iris2dsweep_sim50norm,sim,06_3-5_TDS-Half-Plunger-Iris2Dsweep-260527_68.s1p,,S11,f_2pi3,sim,dispersion_mode_1,2.8571160335532,2.857116,-3.355320021825037e-08,1.523778188830651e-09,13.66018065239225,touchstone_ri,2.8571160335532,1.0,,,,68,2.0,56.34,18.8224
260603_iris2dsweep_sim50norm,sim,06_3-5_TDS-Half-Plunger-Iris2Dsweep-260527_69.s1p,,S11,f_2pi3,sim,dispersion_mode_1,2.8571160335532,2.857116,-3.355320021825037e-08,1.6464464285186424e-09,11.676214383693162,touchstone_ri,2.8571160335532,1.0,,,,69,2.0,56.34,19.0724
260603_iris2dsweep_sim50norm,sim,06_3-5_TDS-Half-Plunger-Iris2Dsweep-260527_7.s1p,,S11,f_2pi3,sim,dispersion_mode_1,2.8571160335532,2.857116,-3.355320021825037e-08,4.983644347145958e-12,37.35100214020952,touchstone_ri,2.8571160335532,1.0,,,,7,2.0,54.59,19.3224
260603_iris2dsweep_sim50norm,sim,06_3-5_TDS-Half-Plunger-Iris2Dsweep-260527_70.s1p,,S11,f_2pi3,sim,dispersion_mode_1,2.8571160335532,2.857116,-3.355320021825037e-08,1.1193238201802752e-09,9.972952546477314,touchstone_ri,2.8571160335532,1.0,,,,70,2.0,56.34,19.3224
260603_iris2dsweep_sim50norm,sim,06_3-5_TDS-Half-Plunger-Iris2Dsweep-260527_71.s1p,,S11,f_2pi3,sim,dispersion_mode_1,2.8571160335532,2.857116,-3.355320021825037e-08,1.686234579780998e-09,8.489559549460552,touchstone_ri,2.8571160335532,1.0,,,,71,2.0,56.34,19.5724
260603_iris2dsweep_sim50norm,sim,06_3-5_TDS-Half-Plunger-Iris2Dsweep-260527_72.s1p,,S11,f_2pi3,sim,dispersion_mode_1,2.8571160335532,2.857116,-3.355320021825037e-08,-2.582677250546447e-09,7.191163896396418,touchstone_ri,2.8571160335532,1.0,,,,72,2.0,56.34,19.8224
260603_iris2dsweep_sim50norm,sim,06_3-5_TDS-Half-Plunger-Iris2Dsweep-260527_73.s1p,,S11,f_2pi3,sim,dispersion_mode_1,2.8571160335532,2.857116,-3.355320021825037e-08,2.4610601270419853e-09,6.044315771258016,touchstone_ri,2.8571160335532,1.0,,,,73,2.0,56.34,20.0724
260603_iris2dsweep_sim50norm,sim,06_3-5_TDS-Half-Plunger-Iris2Dsweep-260527_74.s1p,,S11,f_2pi3,sim,dispersion_mode_1,2.8571160335532,2.857116,-3.355320021825037e-08,4.145113397616904e-09,5.021404171129048,touchstone_ri,2.8571160335532,1.0,,,,74,2.0,56.34,20.3224
260603_iris2dsweep_sim50norm,sim,06_3-5_TDS-Half-Plunger-Iris2Dsweep-260527_75.s1p,,S11,f_2pi3,sim,dispersion_mode_1,2.8571160335532,2.857116,-3.355320021825037e-08,2.0629973208820534e-09,12.906935873326532,touchstone_ri,2.8571160335532,1.0,,,,75,2.0,56.59,18.3224
260603_iris2dsweep_sim50norm,sim,06_3-5_TDS-Half-Plunger-Iris2Dsweep-260527_76.s1p,,S11,f_2pi3,sim,dispersion_mode_1,2.8571160335532,2.857116,-3.355320021825037e-08,3.8479944628010073e-10,10.842794123959683,touchstone_ri,2.8571160335532,1.0,,,,76,2.0,56.59,18.5724
260603_iris2dsweep_sim50norm,sim,06_3-5_TDS-Half-Plunger-Iris2Dsweep-260527_77.s1p,,S11,f_2pi3,sim,dispersion_mode_1,2.8571160335532,2.857116,-3.355320021825037e-08,-1.70153556402314e-09,9.089677697598578,touchstone_ri,2.8571160335532,1.0,,,,77,2.0,56.59,18.8224
260603_iris2dsweep_sim50norm,sim,06_3-5_TDS-Half-Plunger-Iris2Dsweep-260527_78.s1p,,S11,f_2pi3,sim,dispersion_mode_1,2.8571160335532,2.857116,-3.355320021825037e-08,-1.7888862746160208e-09,7.579233695094405,touchstone_ri,2.8571160335532,1.0,,,,78,2.0,56.59,19.0724
260603_iris2dsweep_sim50norm,sim,06_3-5_TDS-Half-Plunger-Iris2Dsweep-260527_79.s1p,,S11,f_2pi3,sim,dispersion_mode_1,2.8571160335532,2.857116,-3.355320021825037e-08,3.568148560014518e-09,5.108765825998733,touchstone_ri,2.8571160335532,1.0,,,,79,2.0,56.59,19.5724
260603_iris2dsweep_sim50norm,sim,06_3-5_TDS-Half-Plunger-Iris2Dsweep-260527_8.s1p,,S11,f_2pi3,sim,dispersion_mode_1,2.8571160335532,2.857116,-3.355320021825037e-08,-1.7159918910044175e-07,33.12230882320853,touchstone_ri,2.8571160335532,1.0,,,,8,2.0,54.59,19.5724
260603_iris2dsweep_sim50norm,sim,06_3-5_TDS-Half-Plunger-Iris2Dsweep-260527_80.s1p,,S11,f_2pi3,sim,dispersion_mode_1,2.8571160335532,2.857116,-3.355320021825037e-08,2.3603341945335173e-09,4.085287132874252,touchstone_ri,2.8571160335532,1.0,,,,80,2.0,56.59,19.8224
260603_iris2dsweep_sim50norm,sim,06_3-5_TDS-Half-Plunger-Iris2Dsweep-260527_81.s1p,,S11,f_2pi3,sim,dispersion_mode_1,2.8571160335532,2.857116,-3.355320021825037e-08,2.9186200091952917e-09,3.176047965066465,touchstone_ri,2.8571160335532,1.0,,,,81,2.0,56.59,20.0724
260603_iris2dsweep_sim50norm,sim,06_3-5_TDS-Half-Plunger-Iris2Dsweep-260527_82.s1p,,S11,f_2pi3,sim,dispersion_mode_1,2.8571160335532,2.857116,-3.355320021825037e-08,-3.768779783963855e-09,2.3554023361790106,touchstone_ri,2.8571160335532,1.0,,,,82,2.0,56.59,20.3224
260603_iris2dsweep_sim50norm,sim,06_3-5_TDS-Half-Plunger-Iris2Dsweep-260527_83.s1p,,S11,f_2pi3,sim,dispersion_mode_1,2.8571160335532,2.857116,-3.355320021825037e-08,2.2964012121731055e-09,7.662396642871051,touchstone_ri,2.8571160335532,1.0,,,,83,2.0,56.84,18.3224
260603_iris2dsweep_sim50norm,sim,06_3-5_TDS-Half-Plunger-Iris2Dsweep-260527_84.s1p,,S11,f_2pi3,sim,dispersion_mode_1,2.8571160335532,2.857116,-3.355320021825037e-08,2.4798683699442915e-09,6.184722048932959,touchstone_ri,2.8571160335532,1.0,,,,84,2.0,56.84,18.5724
260603_iris2dsweep_sim50norm,sim,06_3-5_TDS-Half-Plunger-Iris2Dsweep-260527_85.s1p,,S11,f_2pi3,sim,dispersion_mode_1,2.8571160335532,2.857116,-3.355320021825037e-08,2.8758366572569356e-10,4.906040144855553,touchstone_ri,2.8571160335532,1.0,,,,85,2.0,56.84,18.8224
260603_iris2dsweep_sim50norm,sim,06_3-5_TDS-Half-Plunger-Iris2Dsweep-260527_86.s1p,,S11,f_2pi3,sim,dispersion_mode_1,2.8571160335532,2.857116,-3.355320021825037e-08,-3.031338294346134e-07,3.789236481387176,touchstone_ri,2.8571160335532,1.0,,,,86,2.0,56.84,19.0724
260603_iris2dsweep_sim50norm,sim,06_3-5_TDS-Half-Plunger-Iris2Dsweep-260527_87.s1p,,S11,f_2pi3,sim,dispersion_mode_1,2.8571160335532,2.857116,-3.355320021825037e-08,-3.3749561610812735e-09,2.8031052306188675,touchstone_ri,2.8571160335532,1.0,,,,87,2.0,56.84,19.3224
260603_iris2dsweep_sim50norm,sim,06_3-5_TDS-Half-Plunger-Iris2Dsweep-260527_88.s1p,,S11,f_2pi3,sim,dispersion_mode_1,2.8571160335532,2.857116,-3.355320021825037e-08,-1.6157171697757756e-09,1.9288338497267354,touchstone_ri,2.8571160335532,1.0,,,,88,2.0,56.84,19.5724
260603_iris2dsweep_sim50norm,sim,06_3-5_TDS-Half-Plunger-Iris2Dsweep-260527_89.s1p,,S11,f_2pi3,sim,dispersion_mode_1,2.8571160335532,2.857116,-3.355320021825037e-08,3.211964567107413e-09,1.1466717994739761,touchstone_ri,2.8571160335532,1.0,,,,89,2.0,56.84,19.8224
260603_iris2dsweep_sim50norm,sim,06_3-5_TDS-Half-Plunger-Iris2Dsweep-260527_9.s1p,,S11,f_2pi3,sim,dispersion_mode_1,2.8571160335532,2.857116,-3.355320021825037e-08,-4.2683857689892467e-07,29.539340798186494,touchstone_ri,2.8571160335532,1.0,,,,9,2.0,54.59,19.8224
260603_iris2dsweep_sim50norm,sim,06_3-5_TDS-Half-Plunger-Iris2Dsweep-260527_90.s1p,,S11,f_2pi3,sim,dispersion_mode_1,2.8571160335532,2.857116,-3.355320021825037e-08,1.548785128688888e-09,0.44152207423609274,touchstone_ri,2.8571160335532,1.0,,,,90,2.0,56.84,20.0724
260603_iris2dsweep_sim50norm,sim,06_3-5_TDS-Half-Plunger-Iris2Dsweep-260527_91.s1p,,S11,f_2pi3,sim,dispersion_mode_1,2.8571160335532,2.857116,-3.355320021825037e-08,4.4834669766798154e-10,-0.19512653265964353,touchstone_ri,2.8571160335532,1.0,,,,91,2.0,56.84,20.3224
260603_iris2dsweep_sim50norm,sim,06_3-5_TDS-Half-Plunger-Iris2Dsweep-260527_92.s1p,,S11,f_2pi3,sim,dispersion_mode_1,2.8571160335532,2.857116,-3.355320021825037e-08,4.214126457055047e-09,3.069238756433315,touchstone_ri,2.8571160335532,1.0,,,,92,2.0,57.09,18.3224
260603_iris2dsweep_sim50norm,sim,06_3-5_TDS-Half-Plunger-Iris2Dsweep-260527_93.s1p,,S11,f_2pi3,sim,dispersion_mode_1,2.8571160335532,2.857116,-3.355320021825037e-08,-6.298456631647829e-10,2.042459466145422,touchstone_ri,2.8571160335532,1.0,,,,93,2.0,57.09,18.5724
260603_iris2dsweep_sim50norm,sim,06_3-5_TDS-Half-Plunger-Iris2Dsweep-260527_94.s1p,,S11,f_2pi3,sim,dispersion_mode_1,2.8571160335532,2.857116,-3.355320021825037e-08,1.8609205716565236e-09,1.1414601392878958,touchstone_ri,2.8571160335532,1.0,,,,94,2.0,57.09,18.8224
260603_iris2dsweep_sim50norm,sim,06_3-5_TDS-Half-Plunger-Iris2Dsweep-260527_95.s1p,,S11,f_2pi3,sim,dispersion_mode_1,2.8571160335532,2.857116,-3.355320021825037e-08,-2.717264291991103e-07,0.34037521009556504,touchstone_ri,2.8571160335532,1.0,,,,95,2.0,57.09,19.0724
260603_iris2dsweep_sim50norm,sim,06_3-5_TDS-Half-Plunger-Iris2Dsweep-260527_96.s1p,,S11,f_2pi3,sim,dispersion_mode_1,2.8571160335532,2.857116,-3.355320021825037e-08,-2.9553425644422354e-09,-0.374293077860284,touchstone_ri,2.8571160335532,1.0,,,,96,2.0,57.09,19.3224
260603_iris2dsweep_sim50norm,sim,06_3-5_TDS-Half-Plunger-Iris2Dsweep-260527_97.s1p,,S11,f_2pi3,sim,dispersion_mode_1,2.8571160335532,2.857116,-3.355320021825037e-08,-1.8465713793498438e-09,-1.0146041875505283,touchstone_ri,2.8571160335532,1.0,,,,97,2.0,57.09,19.5724
260603_iris2dsweep_sim50norm,sim,06_3-5_TDS-Half-Plunger-Iris2Dsweep-260527_98.s1p,,S11,f_2pi3,sim,dispersion_mode_1,2.8571160335532,2.857116,-3.355320021825037e-08,-8.797067670803179e-10,-1.5972025780660015,touchstone_ri,2.8571160335532,1.0,,,,98,2.0,57.09,19.8224
260603_iris2dsweep_sim50norm,sim,06_3-5_TDS-Half-Plunger-Iris2Dsweep-260527_99.s1p,,S11,f_2pi3,sim,dispersion_mode_1,2.8571160335532,2.857116,-3.355320021825037e-08,-9.172181412056545e-10,-2.127137041215834,touchstone_ri,2.8571160335532,1.0,,,,99,2.0,57.09,20.0724
260603_iris2dsweep_sim50norm,sim,06_3-5_TDS-Half-Plunger-Iris2Dsweep-260527_1.s1p,,S11,f_mean,sim,dispersion_mode_1,2.8672804543714,2.86728,-4.543714000604382e-07,1.7351876992834676e-09,151.95300350229232,touchstone_ri,2.8672804543714,1.0,,,,1,1.0,56.59,19.3224
260603_iris2dsweep_sim50norm,sim,06_3-5_TDS-Half-Plunger-Iris2Dsweep-260527_10.s1p,,S11,f_mean,sim,dispersion_mode_1,2.8672804543714,2.86728,-4.543714000604382e-07,-1.3805821719695194e-05,18.69126518074612,touchstone_ri,2.8672804543714,1.0,,,,10,2.0,54.59,20.0724
260603_iris2dsweep_sim50norm,sim,06_3-5_TDS-Half-Plunger-Iris2Dsweep-260527_100.s1p,,S11,f_mean,sim,dispersion_mode_1,2.8672804543714,2.86728,-4.543714000604382e-07,-1.1519256761529217e-06,-7.417509870751192,touchstone_ri,2.8672804543714,1.0,,,,100,2.0,57.09,20.3224
260603_iris2dsweep_sim50norm,sim,06_3-5_TDS-Half-Plunger-Iris2Dsweep-260527_101.s1p,,S11,f_mean,sim,dispersion_mode_1,2.8672804543714,2.86728,-4.543714000604382e-07,-2.875011959067271e-06,-7.443987552175684,touchstone_ri,2.8672804543714,1.0,,,,101,2.0,57.34,18.3224
260603_iris2dsweep_sim50norm,sim,06_3-5_TDS-Half-Plunger-Iris2Dsweep-260527_102.s1p,,S11,f_mean,sim,dispersion_mode_1,2.8672804543714,2.86728,-4.543714000604382e-07,-2.4043088697437833e-06,-7.779009321234368,touchstone_ri,2.8672804543714,1.0,,,,102,2.0,57.34,18.5724
260603_iris2dsweep_sim50norm,sim,06_3-5_TDS-Half-Plunger-Iris2Dsweep-260527_103.s1p,,S11,f_mean,sim,dispersion_mode_1,2.8672804543714,2.86728,-4.543714000604382e-07,-1.4583441324806585e-06,-8.086755004836254,touchstone_ri,2.8672804543714,1.0,,,,103,2.0,57.34,18.8224
260603_iris2dsweep_sim50norm,sim,06_3-5_TDS-Half-Plunger-Iris2Dsweep-260527_104.s1p,,S11,f_mean,sim,dispersion_mode_1,2.8672804543714,2.86728,-4.543714000604382e-07,-4.579327332591636e-07,-8.376628961438758,touchstone_ri,2.8672804543714,1.0,,,,104,2.0,57.34,19.0724
260603_iris2dsweep_sim50norm,sim,06_3-5_TDS-Half-Plunger-Iris2Dsweep-260527_105.s1p,,S11,f_mean,sim,dispersion_mode_1,2.8672804543714,2.86728,-4.543714000604382e-07,-1.0006160695674369e-07,-8.645014838741096,touchstone_ri,2.8672804543714,1.0,,,,105,2.0,57.34,19.3224
260603_iris2dsweep_sim50norm,sim,06_3-5_TDS-Half-Plunger-Iris2Dsweep-260527_106.s1p,,S11,f_mean,sim,dispersion_mode_1,2.8672804543714,2.86728,-4.543714000604382e-07,-2.1288820608830647e-07,-8.897002155088233,touchstone_ri,2.8672804543714,1.0,,,,106,2.0,57.34,19.5724
260603_iris2dsweep_sim50norm,sim,06_3-5_TDS-Half-Plunger-Iris2Dsweep-260527_107.s1p,,S11,f_mean,sim,dispersion_mode_1,2.8672804543714,2.86728,-4.543714000604382e-07,-4.453919859955165e-06,-9.131304432391206,touchstone_ri,2.8672804543714,1.0,,,,107,2.0,57.34,19.8224
260603_iris2dsweep_sim50norm,sim,06_3-5_TDS-Half-Plunger-Iris2Dsweep-260527_108.s1p,,S11,f_mean,sim,dispersion_mode_1,2.8672804543714,2.86728,-4.543714000604382e-07,-1.4549551021257272e-09,-9.35379340804595,touchstone_ri,2.8672804543714,1.0,,,,108,2.0,57.34,20.0724
260603_iris2dsweep_sim50norm,sim,06_3-5_TDS-Half-Plunger-Iris2Dsweep-260527_109.s1p,,S11,f_mean,sim,dispersion_mode_1,2.8672804543714,2.86728,-4.543714000604382e-07,-6.361004692363409e-06,-9.563705556416846,touchstone_ri,2.8672804543714,1.0,,,,109,2.0,57.34,20.3224
260603_iris2dsweep_sim50norm,sim,06_3-5_TDS-Half-Plunger-Iris2Dsweep-260527_11.s1p,,S11,f_mean,sim,dispersion_mode_1,2.8672804543714,2.86728,-4.543714000604382e-07,-8.562137690466566e-06,16.873866702187577,touchstone_ri,2.8672804543714,1.0,,,,11,2.0,54.59,20.3224
260603_iris2dsweep_sim50norm,sim,06_3-5_TDS-Half-Plunger-Iris2Dsweep-260527_110.s1p,,S11,f_mean,sim,dispersion_mode_1,2.8672804543714,2.86728,-4.543714000604382e-07,-5.623925006294428e-07,-10.192219322421689,touchstone_ri,2.8672804543714,1.0,,,,110,2.0,57.59,18.3224
260603_iris2dsweep_sim50norm,sim,06_3-5_TDS-Half-Plunger-Iris2Dsweep-260527_111.s1p,,S11,f_mean,sim,dispersion_mode_1,2.8672804543714,2.86728,-4.543714000604382e-07,-5.83142828098501e-07,-10.396871541895484,touchstone_ri,2.8672804543714,1.0,,,,111,2.0,57.59,18.5724
260603_iris2dsweep_sim50norm,sim,06_3-5_TDS-Half-Plunger-Iris2Dsweep-260527_112.s1p,,S11,f_mean,sim,dispersion_mode_1,2.8672804543714,2.86728,-4.543714000604382e-07,-8.244035511603175e-11,-10.59099969581364,touchstone_ri,2.8672804543714,1.0,,,,112,2.0,57.59,18.8224
260603_iris2dsweep_sim50norm,sim,06_3-5_TDS-Half-Plunger-Iris2Dsweep-260527_113.s1p,,S11,f_mean,sim,dispersion_mode_1,2.8672804543714,2.86728,-4.543714000604382e-07,-9.172639121403875e-06,-10.772556013964683,touchstone_ri,2.8672804543714,1.0,,,,113,2.0,57.59,19.0724
260603_iris2dsweep_sim50norm,sim,06_3-5_TDS-Half-Plunger-Iris2Dsweep-260527_114.s1p,,S11,f_mean,sim,dispersion_mode_1,2.8672804543714,2.86728,-4.543714000604382e-07,-8.753223842909017e-06,-10.945821449901759,touchstone_ri,2.8672804543714,1.0,,,,114,2.0,57.59,19.3224
260603_iris2dsweep_sim50norm,sim,06_3-5_TDS-Half-Plunger-Iris2Dsweep-260527_115.s1p,,S11,f_mean,sim,dispersion_mode_1,2.8672804543714,2.86728,-4.543714000604382e-07,-4.906753002486076e-06,-11.108763673024463,touchstone_ri,2.8672804543714,1.0,,,,115,2.0,57.59,19.5724
260603_iris2dsweep_sim50norm,sim,06_3-5_TDS-Half-Plunger-Iris2Dsweep-260527_116.s1p,,S11,f_mean,sim,dispersion_mode_1,2.8672804543714,2.86728,-4.543714000604382e-07,2.3151033790544752e-09,-11.264021949078511,touchstone_ri,2.8672804543714,1.0,,,,116,2.0,57.59,19.8224
260603_iris2dsweep_sim50norm,sim,06_3-5_TDS-Half-Plunger-Iris2Dsweep-260527_117.s1p,,S11,f_mean,sim,dispersion_mode_1,2.8672804543714,2.86728,-4.543714000604382e-07,7.100285276293653e-10,-11.41387076743761,touchstone_ri,2.8672804543714,1.0,,,,117,2.0,57.59,20.0724
260603_iris2dsweep_sim50norm,sim,06_3-5_TDS-Half-Plunger-Iris2Dsweep-260527_118.s1p,,S11,f_mean,sim,dispersion_mode_1,2.8672804543714,2.86728,-4.543714000604382e-07,1.8359213464189164e-09,-11.554679603251872,touchstone_ri,2.8672804543714,1.0,,,,118,2.0,57.59,20.3224
260603_iris2dsweep_sim50norm,sim,06_3-5_TDS-Half-Plunger-Iris2Dsweep-260527_119.s1p,,S11,f_mean,sim,dispersion_mode_1,2.8672804543714,2.86728,-4.543714000604382e-07,-4.642389338580012e-06,-12.543825055494837,touchstone_ri,2.8672804543714,1.0,,,,119,2.0,57.84,18.3224
260603_iris2dsweep_sim50norm,sim,06_3-5_TDS-Half-Plunger-Iris2Dsweep-260527_12.s1p,,S11,f_mean,sim,dispersion_mode_1,2.8672804543714,2.86728,-4.543714000604382e-07,-1.896895647653054e-05,37.123584801510084,touchstone_ri,2.8672804543714,1.0,,,,12,2.0,54.84,18.3224
260603_iris2dsweep_sim50norm,sim,06_3-5_TDS-Half-Plunger-Iris2Dsweep-260527_120.s1p,,S11,f_mean,sim,dispersion_mode_1,2.8672804543714,2.86728,-4.543714000604382e-07,-2.7833852720480016e-06,-12.662873591071184,touchstone_ri,2.8672804543714,1.0,,,,120,2.0,57.84,18.5724
260603_iris2dsweep_sim50norm,sim,06_3-5_TDS-Half-Plunger-Iris2Dsweep-260527_121.s1p,,S11,f_mean,sim,dispersion_mode_1,2.8672804543714,2.86728,-4.543714000604382e-07,-8.858909991239528e-10,-12.77639606168032,touchstone_ri,2.8672804543714,1.0,,,,121,2.0,57.84,18.8224
260603_iris2dsweep_sim50norm,sim,06_3-5_TDS-Half-Plunger-Iris2Dsweep-260527_122.s1p,,S11,f_mean,sim,dispersion_mode_1,2.8672804543714,2.86728,-4.543714000604382e-07,-4.899442167132166e-09,-12.885960906236962,touchstone_ri,2.8672804543714,1.0,,,,122,2.0,57.84,19.0724
260603_iris2dsweep_sim50norm,sim,06_3-5_TDS-Half-Plunger-Iris2Dsweep-260527_123.s1p,,S11,f_mean,sim,dispersion_mode_1,2.8672804543714,2.86728,-4.543714000604382e-07,-1.6078067915661714e-09,-12.993713856063033,touchstone_ri,2.8672804543714,1.0,,,,123,2.0,57.84,19.3224
260603_iris2dsweep_sim50norm,sim,06_3-5_TDS-Half-Plunger-Iris2Dsweep-260527_124.s1p,,S11,f_mean,sim,dispersion_mode_1,2.8672804543714,2.86728,-4.543714000604382e-07,-1.6168155387603844e-09,-13.094806399823668,touchstone_ri,2.8672804543714,1.0,,,,124,2.0,57.84,19.5724
260603_iris2dsweep_sim50norm,sim,06_3-5_TDS-Half-Plunger-Iris2Dsweep-260527_125.s1p,,S11,f_mean,sim,dispersion_mode_1,2.8672804543714,2.86728,-4.543714000604382e-07,-3.5472294057397986e-09,-13.19481931092702,touchstone_ri,2.8672804543714,1.0,,,,125,2.0,57.84,19.8224
260603_iris2dsweep_sim50norm,sim,06_3-5_TDS-Half-Plunger-Iris2Dsweep-260527_126.s1p,,S11,f_mean,sim,dispersion_mode_1,2.8672804543714,2.86728,-4.543714000604382e-07,1.1182148436586629e-10,-13.290100499243485,touchstone_ri,2.8672804543714,1.0,,,,126,2.0,57.84,20.0724
260603_iris2dsweep_sim50norm,sim,06_3-5_TDS-Half-Plunger-Iris2Dsweep-260527_127.s1p,,S11,f_mean,sim,dispersion_mode_1,2.8672804543714,2.86728,-4.543714000604382e-07,-1.1121174011660406e-09,-13.38333300168975,touchstone_ri,2.8672804543714,1.0,,,,127,2.0,57.84,20.3224
260603_iris2dsweep_sim50norm,sim,06_3-5_TDS-Half-Plunger-Iris2Dsweep-260527_128.s1p,,S11,f_mean,sim,dispersion_mode_1,2.8672804543714,2.86728,-4.543714000604382e-07,1.8179848555447977e-09,-14.533189847462237,touchstone_ri,2.8672804543714,1.0,,,,128,2.0,58.09,18.3224
260603_iris2dsweep_sim50norm,sim,06_3-5_TDS-Half-Plunger-Iris2Dsweep-260527_129.s1p,,S11,f_mean,sim,dispersion_mode_1,2.8672804543714,2.86728,-4.543714000604382e-07,-7.186071848305703e-10,-14.599792108902681,touchstone_ri,2.8672804543714,1.0,,,,129,2.0,58.09,18.5724
260603_iris2dsweep_sim50norm,sim,06_3-5_TDS-Half-Plunger-Iris2Dsweep-260527_13.s1p,,S11,f_mean,sim,dispersion_mode_1,2.8672804543714,2.86728,-4.543714000604382e-07,-1.9696705360084634e-05,32.623130060940895,touchstone_ri,2.8672804543714,1.0,,,,13,2.0,54.84,18.5724
260603_iris2dsweep_sim50norm,sim,06_3-5_TDS-Half-Plunger-Iris2Dsweep-260527_130.s1p,,S11,f_mean,sim,dispersion_mode_1,2.8672804543714,2.86728,-4.543714000604382e-07,4.8498284805696866e-09,-14.664105513761344,touchstone_ri,2.8672804543714,1.0,,,,130,2.0,58.09,18.8224
260603_iris2dsweep_sim50norm,sim,06_3-5_TDS-Half-Plunger-Iris2Dsweep-260527_131.s1p,,S11,f_mean,sim,dispersion_mode_1,2.8672804543714,2.86728,-4.543714000604382e-07,4.151221447787135e-09,-14.728557376637106,touchstone_ri,2.8672804543714,1.0,,,,131,2.0,58.09,19.0724
260603_iris2dsweep_sim50norm,sim,06_3-5_TDS-Half-Plunger-Iris2Dsweep-260527_132.s1p,,S11,f_mean,sim,dispersion_mode_1,2.8672804543714,2.86728,-4.543714000604382e-07,-3.6306340883564547e-09,-14.791516540438282,touchstone_ri,2.8672804543714,1.0,,,,132,2.0,58.09,19.3224
260603_iris2dsweep_sim50norm,sim,06_3-5_TDS-Half-Plunger-Iris2Dsweep-260527_133.s1p,,S11,f_mean,sim,dispersion_mode_1,2.8672804543714,2.86728,-4.543714000604382e-07,-4.437104041991906e-09,-14.853054966201395,touchstone_ri,2.8672804543714,1.0,,,,133,2.0,58.09,19.5724
260603_iris2dsweep_sim50norm,sim,06_3-5_TDS-Half-Plunger-Iris2Dsweep-260527_134.s1p,,S11,f_mean,sim,dispersion_mode_1,2.8672804543714,2.86728,-4.543714000604382e-07,-3.333406706366611e-05,-14.91717150962339,touchstone_ri,2.8672804543714,1.0,,,,134,2.0,58.09,19.8224
260603_iris2dsweep_sim50norm,sim,06_3-5_TDS-Half-Plunger-Iris2Dsweep-260527_135.s1p,,S11,f_mean,sim,dispersion_mode_1,2.8672804543714,2.86728,-4.543714000604382e-07,-4.0175724131362495e-09,-14.977723551044836,touchstone_ri,2.8672804543714,1.0,,,,135,2.0,58.09,20.0724
260603_iris2dsweep_sim50norm,sim,06_3-5_TDS-Half-Plunger-Iris2Dsweep-260527_136.s1p,,S11,f_mean,sim,dispersion_mode_1,2.8672804543714,2.86728,-4.543714000604382e-07,-3.891213692153846e-09,-15.037553069458221,touchstone_ri,2.8672804543714,1.0,,,,136,2.0,58.09,20.3224
260603_iris2dsweep_sim50norm,sim,06_3-5_TDS-Half-Plunger-Iris2Dsweep-260527_137.s1p,,S11,f_mean,sim,dispersion_mode_1,2.8672804543714,2.86728,-4.543714000604382e-07,-2.1604725060424097e-09,-16.192268662619053,touchstone_ri,2.8672804543714,1.0,,,,137,2.0,58.34,18.3224
260603_iris2dsweep_sim50norm,sim,06_3-5_TDS-Half-Plunger-Iris2Dsweep-260527_138.s1p,,S11,f_mean,sim,dispersion_mode_1,2.8672804543714,2.86728,-4.543714000604382e-07,-1.510805091688162e-09,-16.23280485480213,touchstone_ri,2.8672804543714,1.0,,,,138,2.0,58.34,18.5724
260603_iris2dsweep_sim50norm,sim,06_3-5_TDS-Half-Plunger-Iris2Dsweep-260527_139.s1p,,S11,f_mean,sim,dispersion_mode_1,2.8672804543714,2.86728,-4.543714000604382e-07,8.164054191104443e-10,-16.27247563778686,touchstone_ri,2.8672804543714,1.0,,,,139,2.0,58.34,18.8224
260603_iris2dsweep_sim50norm,sim,06_3-5_TDS-Half-Plunger-Iris2Dsweep-260527_14.s1p,,S11,f_mean,sim,dispersion_mode_1,2.8672804543714,2.86728,-4.543714000604382e-07,-2.2978190915285187e-05,28.82324890888432,touchstone_ri,2.8672804543714,1.0,,,,14,2.0,54.84,18.8224
260603_iris2dsweep_sim50norm,sim,06_3-5_TDS-Half-Plunger-Iris2Dsweep-260527_140.s1p,,S11,f_mean,sim,dispersion_mode_1,2.8672804543714,2.86728,-4.543714000604382e-07,-2.4488073829458134e-09,-16.313227183658125,touchstone_ri,2.8672804543714,1.0,,,,140,2.0,58.34,19.0724
260603_iris2dsweep_sim50norm,sim,06_3-5_TDS-Half-Plunger-Iris2Dsweep-260527_141.s1p,,S11,f_mean,sim,dispersion_mode_1,2.8672804543714,2.86728,-4.543714000604382e-07,1.1219950073275029e-10,-16.355107457204276,touchstone_ri,2.8672804543714,1.0,,,,141,2.0,58.34,19.3224
260603_iris2dsweep_sim50norm,sim,06_3-5_TDS-Half-Plunger-Iris2Dsweep-260527_142.s1p,,S11,f_mean,sim,dispersion_mode_1,2.8672804543714,2.86728,-4.543714000604382e-07,2.4606531808512155e-09,-16.39622746199404,touchstone_ri,2.8672804543714,1.0,,,,142,2.0,58.34,19.5724
260603_iris2dsweep_sim50norm,sim,06_3-5_TDS-Half-Plunger-Iris2Dsweep-260527_143.s1p,,S11,f_mean,sim,dispersion_mode_1,2.8672804543714,2.86728,-4.543714000604382e-07,-1.2803308271448962e-09,-16.4363632136942,touchstone_ri,2.8672804543714,1.0,,,,143,2.0,58.34,19.8224
260603_iris2dsweep_sim50norm,sim,06_3-5_TDS-Half-Plunger-Iris2Dsweep-260527_144.s1p,,S11,f_mean,sim,dispersion_mode_1,2.8672804543714,2.86728,-4.543714000604382e-07,4.650486564102673e-09,-16.48014744412169,touchstone_ri,2.8672804543714,1.0,,,,144,2.0,58.34,20.0724
260603_iris2dsweep_sim50norm,sim,06_3-5_TDS-Half-Plunger-Iris2Dsweep-260527_145.s1p,,S11,f_mean,sim,dispersion_mode_1,2.8672804543714,2.86728,-4.543714000604382e-07,6.426278237108727e-12,-16.52297915918843,touchstone_ri,2.8672804543714,1.0,,,,145,2.0,58.34,20.3224
260603_iris2dsweep_sim50norm,sim,06_3-5_TDS-Half-Plunger-Iris2Dsweep-260527_146.s1p,,S11,f_mean,sim,dispersion_mode_1,2.8672804543714,2.86728,-4.543714000604382e-07,7.092956387548446e-10,-17.56284013589653,touchstone_ri,2.8672804543714,1.0,,,,146,2.0,58.59,18.3224
260603_iris2dsweep_sim50norm,sim,06_3-5_TDS-Half-Plunger-Iris2Dsweep-260527_147.s1p,,S11,f_mean,sim,dispersion_mode_1,2.8672804543714,2.86728,-4.543714000604382e-07,3.288080862668916e-09,-17.594058766249876,touchstone_ri,2.8672804543714,1.0,,,,147,2.0,58.59,18.5724
260603_iris2dsweep_sim50norm,sim,06_3-5_TDS-Half-Plunger-Iris2Dsweep-260527_148.s1p,,S11,f_mean,sim,dispersion_mode_1,2.8672804543714,2.86728,-4.543714000604382e-07,-2.3211207830644325e-09,-17.627137034077222,touchstone_ri,2.8672804543714,1.0,,,,148,2.0,58.59,18.8224
260603_iris2dsweep_sim50norm,sim,06_3-5_TDS-Half-Plunger-Iris2Dsweep-260527_149.s1p,,S11,f_mean,sim,dispersion_mode_1,2.8672804543714,2.86728,-4.543714000604382e-07,3.2886980322472766e-09,-17.660409372534733,touchstone_ri,2.8672804543714,1.0,,,,149,2.0,58.59,19.0724
260603_iris2dsweep_sim50norm,sim,06_3-5_TDS-Half-Plunger-Iris2Dsweep-260527_15.s1p,,S11,f_mean,sim,dispersion_mode_1,2.8672804543714,2.86728,-4.543714000604382e-07,-6.199217517684778e-07,25.586457520301032,touchstone_ri,2.8672804543714,1.0,,,,15,2.0,54.84,19.0724
260603_iris2dsweep_sim50norm,sim,06_3-5_TDS-Half-Plunger-Iris2Dsweep-260527_150.s1p,,S11,f_mean,sim,dispersion_mode_1,2.8672804543714,2.86728,-4.543714000604382e-07,-4.060997043302805e-09,-17.69470481360932,touchstone_ri,2.8672804543714,1.0,,,,150,2.0,58.59,19.3224
260603_iris2dsweep_sim50norm,sim,06_3-5_TDS-Half-Plunger-Iris2Dsweep-260527_151.s1p,,S11,f_mean,sim,dispersion_mode_1,2.8672804543714,2.86728,-4.543714000604382e-07,1.46556366833978e-09,-17.7288858714786,touchstone_ri,2.8672804543714,1.0,,,,151,2.0,58.59,19.5724
260603_iris2dsweep_sim50norm,sim,06_3-5_TDS-Half-Plunger-Iris2Dsweep-260527_152.s1p,,S11,f_mean,sim,dispersion_mode_1,2.8672804543714,2.86728,-4.543714000604382e-07,2.6076301872955866e-09,-17.7648492089475,touchstone_ri,2.8672804543714,1.0,,,,152,2.0,58.59,19.8224
260603_iris2dsweep_sim50norm,sim,06_3-5_TDS-Half-Plunger-Iris2Dsweep-260527_153.s1p,,S11,f_mean,sim,dispersion_mode_1,2.8672804543714,2.86728,-4.543714000604382e-07,2.7474499552829797e-09,-17.799942467711727,touchstone_ri,2.8672804543714,1.0,,,,153,2.0,58.59,20.0724
260603_iris2dsweep_sim50norm,sim,06_3-5_TDS-Half-Plunger-Iris2Dsweep-260527_154.s1p,,S11,f_mean,sim,dispersion_mode_1,2.8672804543714,2.86728,-4.543714000604382e-07,-7.382138908821759e-10,-17.83673844983794,touchstone_ri,2.8672804543714,1.0,,,,154,2.0,58.59,20.3224
260603_iris2dsweep_sim50norm,sim,06_3-5_TDS-Half-Plunger-Iris2Dsweep-260527_16.s1p,,S11,f_mean,sim,dispersion_mode_1,2.8672804543714,2.86728,-4.543714000604382e-07,-1.253576368116379e-05,22.792662368413826,touchstone_ri,2.8672804543714,1.0,,,,16,2.0,54.84,19.3224
260603_iris2dsweep_sim50norm,sim,06_3-5_TDS-Half-Plunger-Iris2Dsweep-260527_17.s1p,,S11,f_mean,sim,dispersion_mode_1,2.8672804543714,2.86728,-4.543714000604382e-07,-1.2198484909593223e-05,20.363952928534676,touchstone_ri,2.8672804543714,1.0,,,,17,2.0,54.84,19.5724
260603_iris2dsweep_sim50norm,sim,06_3-5_TDS-Half-Plunger-Iris2Dsweep-260527_18.s1p,,S11,f_mean,sim,dispersion_mode_1,2.8672804543714,2.86728,-4.543714000604382e-07,-1.1395977635088037e-05,18.236211122209184,touchstone_ri,2.8672804543714,1.0,,,,18,2.0,54.84,19.8224
260603_iris2dsweep_sim50norm,sim,06_3-5_TDS-Half-Plunger-Iris2Dsweep-260527_19.s1p,,S11,f_mean,sim,dispersion_mode_1,2.8672804543714,2.86728,-4.543714000604382e-07,-1.0205493732233577e-05,16.353270115933732,touchstone_ri,2.8672804543714,1.0,,,,19,2.0,54.84,20.0724
260603_iris2dsweep_sim50norm,sim,06_3-5_TDS-Half-Plunger-Iris2Dsweep-260527_2.s1p,,S11,f_mean,sim,dispersion_mode_1,2.8672804543714,2.86728,-4.543714000604382e-07,-1.7869691679166348e-06,-0.300453975442448,touchstone_ri,2.8672804543714,1.0,,,,2,2.0,56.59,19.3224
260603_iris2dsweep_sim50norm,sim,06_3-5_TDS-Half-Plunger-Iris2Dsweep-260527_20.s1p,,S11,f_mean,sim,dispersion_mode_1,2.8672804543714,2.86728,-4.543714000604382e-07,-1.1118033800850263e-05,14.67867773252145,touchstone_ri,2.8672804543714,1.0,,,,20,2.0,54.84,20.3224
260603_iris2dsweep_sim50norm,sim,06_3-5_TDS-Half-Plunger-Iris2Dsweep-260527_21.s1p,,S11,f_mean,sim,dispersion_mode_1,2.8672804543714,2.86728,-4.543714000604382e-07,-2.2542579182354192e-05,32.528923907769645,touchstone_ri,2.8672804543714,1.0,,,,21,2.0,55.09,18.3224
260603_iris2dsweep_sim50norm,sim,06_3-5_TDS-Half-Plunger-Iris2Dsweep-260527_22.s1p,,S11,f_mean,sim,dispersion_mode_1,2.8672804543714,2.86728,-4.543714000604382e-07,-4.348282731985163e-09,28.49846756658646,touchstone_ri,2.8672804543714,1.0,,,,22,2.0,55.09,18.5724
260603_iris2dsweep_sim50norm,sim,06_3-5_TDS-Half-Plunger-Iris2Dsweep-260527_23.s1p,,S11,f_mean,sim,dispersion_mode_1,2.8672804543714,2.86728,-4.543714000604382e-07,-7.871456103580737e-06,25.100704689034153,touchstone_ri,2.8672804543714,1.0,,,,23,2.0,55.09,18.8224
260603_iris2dsweep_sim50norm,sim,06_3-5_TDS-Half-Plunger-Iris2Dsweep-260527_24.s1p,,S11,f_mean,sim,dispersion_mode_1,2.8672804543714,2.86728,-4.543714000604382e-07,-1.2567771069445764e-05,22.193671523259304,touchstone_ri,2.8672804543714,1.0,,,,24,2.0,55.09,19.0724
260603_iris2dsweep_sim50norm,sim,06_3-5_TDS-Half-Plunger-Iris2Dsweep-260527_25.s1p,,S11,f_mean,sim,dispersion_mode_1,2.8672804543714,2.86728,-4.543714000604382e-07,-1.3763354326422351e-05,19.683522839049857,touchstone_ri,2.8672804543714,1.0,,,,25,2.0,55.09,19.3224
260603_iris2dsweep_sim50norm,sim,06_3-5_TDS-Half-Plunger-Iris2Dsweep-260527_26.s1p,,S11,f_mean,sim,dispersion_mode_1,2.8672804543714,2.86728,-4.543714000604382e-07,-3.34746993471093e-10,17.495479826210804,touchstone_ri,2.8672804543714,1.0,,,,26,2.0,55.09,19.5724
260603_iris2dsweep_sim50norm,sim,06_3-5_TDS-Half-Plunger-Iris2Dsweep-260527_27.s1p,,S11,f_mean,sim,dispersion_mode_1,2.8672804543714,2.86728,-4.543714000604382e-07,-2.2610950381883585e-05,15.574211050642008,touchstone_ri,2.8672804543714,1.0,,,,27,2.0,55.09,19.8224
260603_iris2dsweep_sim50norm,sim,06_3-5_TDS-Half-Plunger-Iris2Dsweep-260527_28.s1p,,S11,f_mean,sim,dispersion_mode_1,2.8672804543714,2.86728,-4.543714000604382e-07,-8.632846950435931e-06,13.873944507543804,touchstone_ri,2.8672804543714,1.0,,,,28,2.0,55.09,20.0724
260603_iris2dsweep_sim50norm,sim,06_3-5_TDS-Half-Plunger-Iris2Dsweep-260527_29.s1p,,S11,f_mean,sim,dispersion_mode_1,2.8672804543714,2.86728,-4.543714000604382e-07,-4.0785458736855594e-10,12.355729342641254,touchstone_ri,2.8672804543714,1.0,,,,29,2.0,55.09,20.3224
260603_iris2dsweep_sim50norm,sim,06_3-5_TDS-Half-Plunger-Iris2Dsweep-260527_3.s1p,,S11,f_mean,sim,dispersion_mode_1,2.8672804543714,2.86728,-4.543714000604382e-07,-5.470682737756879e-05,41.31245936390081,touchstone_ri,2.8672804543714,1.0,,,,3,2.0,54.59,18.3224
260603_iris2dsweep_sim50norm,sim,06_3-5_TDS-Half-Plunger-Iris2Dsweep-260527_30.s1p,,S11,f_mean,sim,dispersion_mode_1,2.8672804543714,2.86728,-4.543714000604382e-07,-1.7171214896416334e-05,27.63685061662274,touchstone_ri,2.8672804543714,1.0,,,,30,2.0,55.34,18.3224
260603_iris2dsweep_sim50norm,sim,06_3-5_TDS-Half-Plunger-Iris2Dsweep-260527_31.s1p,,S11,f_mean,sim,dispersion_mode_1,2.8672804543714,2.86728,-4.543714000604382e-07,-1.8406416020878008e-05,24.132363696389277,touchstone_ri,2.8672804543714,1.0,,,,31,2.0,55.34,18.5724
260603_iris2dsweep_sim50norm,sim,06_3-5_TDS-Half-Plunger-Iris2Dsweep-260527_32.s1p,,S11,f_mean,sim,dispersion_mode_1,2.8672804543714,2.86728,-4.543714000604382e-07,-1.3266067648800439e-05,21.159719725644763,touchstone_ri,2.8672804543714,1.0,,,,32,2.0,55.34,18.8224
260603_iris2dsweep_sim50norm,sim,06_3-5_TDS-Half-Plunger-Iris2Dsweep-260527_33.s1p,,S11,f_mean,sim,dispersion_mode_1,2.8672804543714,2.86728,-4.543714000604382e-07,-1.7550460951528292e-09,18.616741189380132,touchstone_ri,2.8672804543714,1.0,,,,33,2.0,55.34,19.0724
260603_iris2dsweep_sim50norm,sim,06_3-5_TDS-Half-Plunger-Iris2Dsweep-260527_34.s1p,,S11,f_mean,sim,dispersion_mode_1,2.8672804543714,2.86728,-4.543714000604382e-07,-1.2681710934133069e-05,16.407809397109684,touchstone_ri,2.8672804543714,1.0,,,,34,2.0,55.34,19.3224
260603_iris2dsweep_sim50norm,sim,06_3-5_TDS-Half-Plunger-Iris2Dsweep-260527_35.s1p,,S11,f_mean,sim,dispersion_mode_1,2.8672804543714,2.86728,-4.543714000604382e-07,-1.6514729286724843e-05,14.4818574638854,touchstone_ri,2.8672804543714,1.0,,,,35,2.0,55.34,19.5724
260603_iris2dsweep_sim50norm,sim,06_3-5_TDS-Half-Plunger-Iris2Dsweep-260527_36.s1p,,S11,f_mean,sim,dispersion_mode_1,2.8672804543714,2.86728,-4.543714000604382e-07,-1.2294537711648681e-05,12.783808367467369,touchstone_ri,2.8672804543714,1.0,,,,36,2.0,55.34,19.8224
260603_iris2dsweep_sim50norm,sim,06_3-5_TDS-Half-Plunger-Iris2Dsweep-260527_37.s1p,,S11,f_mean,sim,dispersion_mode_1,2.8672804543714,2.86728,-4.543714000604382e-07,-8.479020783884121e-06,11.275852288901058,touchstone_ri,2.8672804543714,1.0,,,,37,2.0,55.34,20.0724
260603_iris2dsweep_sim50norm,sim,06_3-5_TDS-Half-Plunger-Iris2Dsweep-260527_38.s1p,,S11,f_mean,sim,dispersion_mode_1,2.8672804543714,2.86728,-4.543714000604382e-07,-1.4101224440961155e-05,9.92786074479068,touchstone_ri,2.8672804543714,1.0,,,,38,2.0,55.34,20.3224
260603_iris2dsweep_sim50norm,sim,06_3-5_TDS-Half-Plunger-Iris2Dsweep-260527_39.s1p,,S11,f_mean,sim,dispersion_mode_1,2.8672804543714,2.86728,-4.543714000604382e-07,-1.727964168482068e-05,22.57119109781529,touchstone_ri,2.8672804543714,1.0,,,,39,2.0,55.59,18.3224
260603_iris2dsweep_sim50norm,sim,06_3-5_TDS-Half-Plunger-Iris2Dsweep-260527_4.s1p,,S11,f_mean,sim,dispersion_mode_1,2.8672804543714,2.86728,-4.543714000604382e-07,-4.8113218571938934e-05,36.40436712237207,touchstone_ri,2.8672804543714,1.0,,,,4,2.0,54.59,18.5724
260603_iris2dsweep_sim50norm,sim,06_3-5_TDS-Half-Plunger-Iris2Dsweep-260527_40.s1p,,S11,f_mean,sim,dispersion_mode_1,2.8672804543714,2.86728,-4.543714000604382e-07,-6.9893809449198e-06,19.619063491390097,touchstone_ri,2.8672804543714,1.0,,,,40,2.0,55.59,18.5724
260603_iris2dsweep_sim50norm,sim,06_3-5_TDS-Half-Plunger-Iris2Dsweep-260527_41.s1p,,S11,f_mean,sim,dispersion_mode_1,2.8672804543714,2.86728,-4.543714000604382e-07,-2.1889184293387368e-05,17.094779606247524,touchstone_ri,2.8672804543714,1.0,,,,41,2.0,55.59,18.8224
260603_iris2dsweep_sim50norm,sim,06_3-5_TDS-Half-Plunger-Iris2Dsweep-260527_42.s1p,,S11,f_mean,sim,dispersion_mode_1,2.8672804543714,2.86728,-4.543714000604382e-07,-2.080368942840543e-05,14.9221937649887,touchstone_ri,2.8672804543714,1.0,,,,42,2.0,55.59,19.0724
260603_iris2dsweep_sim50norm,sim,06_3-5_TDS-Half-Plunger-Iris2Dsweep-260527_43.s1p,,S11,f_mean,sim,dispersion_mode_1,2.8672804543714,2.86728,-4.543714000604382e-07,-1.9889667770218392e-05,13.031346098583542,touchstone_ri,2.8672804543714,1.0,,,,43,2.0,55.59,19.3224
260603_iris2dsweep_sim50norm,sim,06_3-5_TDS-Half-Plunger-Iris2Dsweep-260527_44.s1p,,S11,f_mean,sim,dispersion_mode_1,2.8672804543714,2.86728,-4.543714000604382e-07,-8.347235341608304e-06,11.371306663427994,touchstone_ri,2.8672804543714,1.0,,,,44,2.0,55.59,19.5724
260603_iris2dsweep_sim50norm,sim,06_3-5_TDS-Half-Plunger-Iris2Dsweep-260527_45.s1p,,S11,f_mean,sim,dispersion_mode_1,2.8672804543714,2.86728,-4.543714000604382e-07,-8.345561816220582e-06,9.901580374021584,touchstone_ri,2.8672804543714,1.0,,,,45,2.0,55.59,19.8224
260603_iris2dsweep_sim50norm,sim,06_3-5_TDS-Half-Plunger-Iris2Dsweep-260527_46.s1p,,S11,f_mean,sim,dispersion_mode_1,2.8672804543714,2.86728,-4.543714000604382e-07,-6.2108480005432865e-06,8.592835426279013,touchstone_ri,2.8672804543714,1.0,,,,46,2.0,55.59,20.0724
260603_iris2dsweep_sim50norm,sim,06_3-5_TDS-Half-Plunger-Iris2Dsweep-260527_47.s1p,,S11,f_mean,sim,dispersion_mode_1,2.8672804543714,2.86728,-4.543714000604382e-07,-5.530634155317732e-06,7.419281855407431,touchstone_ri,2.8672804543714,1.0,,,,47,2.0,55.59,20.3224
260603_iris2dsweep_sim50norm,sim,06_3-5_TDS-Half-Plunger-Iris2Dsweep-260527_48.s1p,,S11,f_mean,sim,dispersion_mode_1,2.8672804543714,2.86728,-4.543714000604382e-07,-1.7409606880656865e-05,17.486929537397437,touchstone_ri,2.8672804543714,1.0,,,,48,2.0,55.84,18.3224
260603_iris2dsweep_sim50norm,sim,06_3-5_TDS-Half-Plunger-Iris2Dsweep-260527_49.s1p,,S11,f_mean,sim,dispersion_mode_1,2.8672804543714,2.86728,-4.543714000604382e-07,-3.3818939645022694e-07,15.068759661901156,touchstone_ri,2.8672804543714,1.0,,,,49,2.0,55.84,18.5724
260603_iris2dsweep_sim50norm,sim,06_3-5_TDS-Half-Plunger-Iris2Dsweep-260527_5.s1p,,S11,f_mean,sim,dispersion_mode_1,2.8672804543714,2.86728,-4.543714000604382e-07,-4.339161539527317e-05,32.26828481782198,touchstone_ri,2.8672804543714,1.0,,,,5,2.0,54.59,18.8224
260603_iris2dsweep_sim50norm,sim,06_3-5_TDS-Half-Plunger-Iris2Dsweep-260527_50.s1p,,S11,f_mean,sim,dispersion_mode_1,2.8672804543714,2.86728,-4.543714000604382e-07,-9.179640207780239e-07,12.993193036101628,touchstone_ri,2.8672804543714,1.0,,,,50,2.0,55.84,18.8224
260603_iris2dsweep_sim50norm,sim,06_3-5_TDS-Half-Plunger-Iris2Dsweep-260527_51.s1p,,S11,f_mean,sim,dispersion_mode_1,2.8672804543714,2.86728,-4.543714000604382e-07,-4.375339442096785e-06,11.188993632301807,touchstone_ri,2.8672804543714,1.0,,,,51,2.0,55.84,19.0724
260603_iris2dsweep_sim50norm,sim,06_3-5_TDS-Half-Plunger-Iris2Dsweep-260527_52.s1p,,S11,f_mean,sim,dispersion_mode_1,2.8672804543714,2.86728,-4.543714000604382e-07,-3.494681401958285e-06,9.608287477557123,touchstone_ri,2.8672804543714,1.0,,,,52,2.0,55.84,19.3224
260603_iris2dsweep_sim50norm,sim,06_3-5_TDS-Half-Plunger-Iris2Dsweep-260527_53.s1p,,S11,f_mean,sim,dispersion_mode_1,2.8672804543714,2.86728,-4.543714000604382e-07,-7.557775883254855e-06,8.214587228470858,touchstone_ri,2.8672804543714,1.0,,,,53,2.0,55.84,19.5724
260603_iris2dsweep_sim50norm,sim,06_3-5_TDS-Half-Plunger-Iris2Dsweep-260527_54.s1p,,S11,f_mean,sim,dispersion_mode_1,2.8672804543714,2.86728,-4.543714000604382e-07,-1.7976558220336293e-06,6.975315760602482,touchstone_ri,2.8672804543714,1.0,,,,54,2.0,55.84,19.8224
260603_iris2dsweep_sim50norm,sim,06_3-5_TDS-Half-Plunger-Iris2Dsweep-260527_55.s1p,,S11,f_mean,sim,dispersion_mode_1,2.8672804543714,2.86728,-4.543714000604382e-07,-1.3014096967243815e-06,5.8648361955049095,touchstone_ri,2.8672804543714,1.0,,,,55,2.0,55.84,20.0724
260603_iris2dsweep_sim50norm,sim,06_3-5_TDS-Half-Plunger-Iris2Dsweep-260527_56.s1p,,S11,f_mean,sim,dispersion_mode_1,2.8672804543714,2.86728,-4.543714000604382e-07,-2.34670791191269e-06,4.864288089644157,touchstone_ri,2.8672804543714,1.0,,,,56,2.0,55.84,20.3224
260603_iris2dsweep_sim50norm,sim,06_3-5_TDS-Half-Plunger-Iris2Dsweep-260527_57.s1p,,S11,f_mean,sim,dispersion_mode_1,2.8672804543714,2.86728,-4.543714000604382e-07,-1.2237435507061377e-06,12.511444114485249,touchstone_ri,2.8672804543714,1.0,,,,57,2.0,56.09,18.3224
260603_iris2dsweep_sim50norm,sim,06_3-5_TDS-Half-Plunger-Iris2Dsweep-260527_58.s1p,,S11,f_mean,sim,dispersion_mode_1,2.8672804543714,2.86728,-4.543714000604382e-07,-1.1632593778760426e-06,10.59890122749804,touchstone_ri,2.8672804543714,1.0,,,,58,2.0,56.09,18.5724
260603_iris2dsweep_sim50norm,sim,06_3-5_TDS-Half-Plunger-Iris2Dsweep-260527_59.s1p,,S11,f_mean,sim,dispersion_mode_1,2.8672804543714,2.86728,-4.543714000604382e-07,-1.5856583390828837e-06,8.940028926326121,touchstone_ri,2.8672804543714,1.0,,,,59,2.0,56.09,18.8224
260603_iris2dsweep_sim50norm,sim,06_3-5_TDS-Half-Plunger-Iris2Dsweep-260527_6.s1p,,S11,f_mean,sim,dispersion_mode_1,2.8672804543714,2.86728,-4.543714000604382e-07,-2.455752314412055e-05,28.736410453974326,touchstone_ri,2.8672804543714,1.0,,,,6,2.0,54.59,19.0724
260603_iris2dsweep_sim50norm,sim,06_3-5_TDS-Half-Plunger-Iris2Dsweep-260527_60.s1p,,S11,f_mean,sim,dispersion_mode_1,2.8672804543714,2.86728,-4.543714000604382e-07,-2.698325288742608e-06,7.486295230813773,touchstone_ri,2.8672804543714,1.0,,,,60,2.0,56.09,19.0724
260603_iris2dsweep_sim50norm,sim,06_3-5_TDS-Half-Plunger-Iris2Dsweep-260527_61.s1p,,S11,f_mean,sim,dispersion_mode_1,2.8672804543714,2.86728,-4.543714000604382e-07,-2.8819502010556892e-06,6.207864823836449,touchstone_ri,2.8672804543714,1.0,,,,61,2.0,56.09,19.3224
260603_iris2dsweep_sim50norm,sim,06_3-5_TDS-Half-Plunger-Iris2Dsweep-260527_62.s1p,,S11,f_mean,sim,dispersion_mode_1,2.8672804543714,2.86728,-4.543714000604382e-07,-2.358013232136783e-06,5.065853719036213,touchstone_ri,2.8672804543714,1.0,,,,62,2.0,56.09,19.5724
260603_iris2dsweep_sim50norm,sim,06_3-5_TDS-Half-Plunger-Iris2Dsweep-260527_63.s1p,,S11,f_mean,sim,dispersion_mode_1,2.8672804543714,2.86728,-4.543714000604382e-07,-2.6686156106954164e-06,4.046559630820669,touchstone_ri,2.8672804543714,1.0,,,,63,2.0,56.09,19.8224
260603_iris2dsweep_sim50norm,sim,06_3-5_TDS-Half-Plunger-Iris2Dsweep-260527_64.s1p,,S11,f_mean,sim,dispersion_mode_1,2.8672804543714,2.86728,-4.543714000604382e-07,-2.2023464361536716e-06,3.1285260347471673,touchstone_ri,2.8672804543714,1.0,,,,64,2.0,56.09,20.0724
260603_iris2dsweep_sim50norm,sim,06_3-5_TDS-Half-Plunger-Iris2Dsweep-260527_65.s1p,,S11,f_mean,sim,dispersion_mode_1,2.8672804543714,2.86728,-4.543714000604382e-07,-9.111465951734183e-07,2.29555029661478,touchstone_ri,2.8672804543714,1.0,,,,65,2.0,56.09,20.3224
260603_iris2dsweep_sim50norm,sim,06_3-5_TDS-Half-Plunger-Iris2Dsweep-260527_66.s1p,,S11,f_mean,sim,dispersion_mode_1,2.8672804543714,2.86728,-4.543714000604382e-07,-2.8070685547218197e-06,7.768834457499393,touchstone_ri,2.8672804543714,1.0,,,,66,2.0,56.34,18.3224
260603_iris2dsweep_sim50norm,sim,06_3-5_TDS-Half-Plunger-Iris2Dsweep-260527_67.s1p,,S11,f_mean,sim,dispersion_mode_1,2.8672804543714,2.86728,-4.543714000604382e-07,-2.040102647471938e-06,6.3065467568416755,touchstone_ri,2.8672804543714,1.0,,,,67,2.0,56.34,18.5724
260603_iris2dsweep_sim50norm,sim,06_3-5_TDS-Half-Plunger-Iris2Dsweep-260527_68.s1p,,S11,f_mean,sim,dispersion_mode_1,2.8672804543714,2.86728,-4.543714000604382e-07,-2.0871959578547958e-07,5.025461442302512,touchstone_ri,2.8672804543714,1.0,,,,68,2.0,56.34,18.8224
260603_iris2dsweep_sim50norm,sim,06_3-5_TDS-Half-Plunger-Iris2Dsweep-260527_69.s1p,,S11,f_mean,sim,dispersion_mode_1,2.8672804543714,2.86728,-4.543714000604382e-07,-1.1352608417110652e-06,3.893387861900277,touchstone_ri,2.8672804543714,1.0,,,,69,2.0,56.34,19.0724
260603_iris2dsweep_sim50norm,sim,06_3-5_TDS-Half-Plunger-Iris2Dsweep-260527_7.s1p,,S11,f_mean,sim,dispersion_mode_1,2.8672804543714,2.86728,-4.543714000604382e-07,-2.244984445114134e-05,25.695734422911382,touchstone_ri,2.8672804543714,1.0,,,,7,2.0,54.59,19.3224
260603_iris2dsweep_sim50norm,sim,06_3-5_TDS-Half-Plunger-Iris2Dsweep-260527_70.s1p,,S11,f_mean,sim,dispersion_mode_1,2.8672804543714,2.86728,-4.543714000604382e-07,-4.735899506998547e-06,2.886525706131892,touchstone_ri,2.8672804543714,1.0,,,,70,2.0,56.34,19.3224
260603_iris2dsweep_sim50norm,sim,06_3-5_TDS-Half-Plunger-Iris2Dsweep-260527_71.s1p,,S11,f_mean,sim,dispersion_mode_1,2.8672804543714,2.86728,-4.543714000604382e-07,-4.318752131962169e-09,1.9806414279068163,touchstone_ri,2.8672804543714,1.0,,,,71,2.0,56.34,19.5724
260603_iris2dsweep_sim50norm,sim,06_3-5_TDS-Half-Plunger-Iris2Dsweep-260527_72.s1p,,S11,f_mean,sim,dispersion_mode_1,2.8672804543714,2.86728,-4.543714000604382e-07,-2.7597389338000697e-06,1.1659754055693705,touchstone_ri,2.8672804543714,1.0,,,,72,2.0,56.34,19.8224
260603_iris2dsweep_sim50norm,sim,06_3-5_TDS-Half-Plunger-Iris2Dsweep-260527_73.s1p,,S11,f_mean,sim,dispersion_mode_1,2.8672804543714,2.86728,-4.543714000604382e-07,-2.2904323399835935e-06,0.4272470666488647,touchstone_ri,2.8672804543714,1.0,,,,73,2.0,56.34,20.0724
260603_iris2dsweep_sim50norm,sim,06_3-5_TDS-Half-Plunger-Iris2Dsweep-260527_74.s1p,,S11,f_mean,sim,dispersion_mode_1,2.8672804543714,2.86728,-4.543714000604382e-07,-2.0312157158995063e-06,-0.24702607718878028,touchstone_ri,2.8672804543714,1.0,,,,74,2.0,56.34,20.3224
260603_iris2dsweep_sim50norm,sim,06_3-5_TDS-Half-Plunger-Iris2Dsweep-260527_75.s1p,,S11,f_mean,sim,dispersion_mode_1,2.8672804543714,2.86728,-4.543714000604382e-07,-2.7861539892050133e-06,3.3520350697902224,touchstone_ri,2.8672804543714,1.0,,,,75,2.0,56.59,18.3224
260603_iris2dsweep_sim50norm,sim,06_3-5_TDS-Half-Plunger-Iris2Dsweep-260527_76.s1p,,S11,f_mean,sim,dispersion_mode_1,2.8672804543714,2.86728,-4.543714000604382e-07,-3.0797877681402185e-06,2.274660062579381,touchstone_ri,2.8672804543714,1.0,,,,76,2.0,56.59,18.5724
260603_iris2dsweep_sim50norm,sim,06_3-5_TDS-Half-Plunger-Iris2Dsweep-260527_77.s1p,,S11,f_mean,sim,dispersion_mode_1,2.8672804543714,2.86728,-4.543714000604382e-07,-2.2422808282580334e-06,1.3213820528865021,touchstone_ri,2.8672804543714,1.0,,,,77,2.0,56.59,18.8224
260603_iris2dsweep_sim50norm,sim,06_3-5_TDS-Half-Plunger-Iris2Dsweep-260527_78.s1p,,S11,f_mean,sim,dispersion_mode_1,2.8672804543714,2.86728,-4.543714000604382e-07,-2.466027518979058e-06,0.4680772961595896,touchstone_ri,2.8672804543714,1.0,,,,78,2.0,56.59,19.0724
260603_iris2dsweep_sim50norm,sim,06_3-5_TDS-Half-Plunger-Iris2Dsweep-260527_79.s1p,,S11,f_mean,sim,dispersion_mode_1,2.8672804543714,2.86728,-4.543714000604382e-07,-2.233602139191384e-06,-0.9952515358814797,touchstone_ri,2.8672804543714,1.0,,,,79,2.0,56.59,19.5724
260603_iris2dsweep_sim50norm,sim,06_3-5_TDS-Half-Plunger-Iris2Dsweep-260527_8.s1p,,S11,f_mean,sim,dispersion_mode_1,2.8672804543714,2.86728,-4.543714000604382e-07,-2.1094408236623066e-05,23.05271470133325,touchstone_ri,2.8672804543714,1.0,,,,8,2.0,54.59,19.5724
260603_iris2dsweep_sim50norm,sim,06_3-5_TDS-Half-Plunger-Iris2Dsweep-260527_80.s1p,,S11,f_mean,sim,dispersion_mode_1,2.8672804543714,2.86728,-4.543714000604382e-07,-2.125899813322581e-06,-1.6283305827530978,touchstone_ri,2.8672804543714,1.0,,,,80,2.0,56.59,19.8224
260603_iris2dsweep_sim50norm,sim,06_3-5_TDS-Half-Plunger-Iris2Dsweep-260527_81.s1p,,S11,f_mean,sim,dispersion_mode_1,2.8672804543714,2.86728,-4.543714000604382e-07,-8.100352495036818e-07,-2.2034528778704843,touchstone_ri,2.8672804543714,1.0,,,,81,2.0,56.59,20.0724
260603_iris2dsweep_sim50norm,sim,06_3-5_TDS-Half-Plunger-Iris2Dsweep-260527_82.s1p,,S11,f_mean,sim,dispersion_mode_1,2.8672804543714,2.86728,-4.543714000604382e-07,-1.6385832372041757e-06,-2.735687302263425,touchstone_ri,2.8672804543714,1.0,,,,82,2.0,56.59,20.3224
260603_iris2dsweep_sim50norm,sim,06_3-5_TDS-Half-Plunger-Iris2Dsweep-260527_83.s1p,,S11,f_mean,sim,dispersion_mode_1,2.8672804543714,2.86728,-4.543714000604382e-07,-1.7459557635478744e-05,-0.6732526146004869,touchstone_ri,2.8672804543714,1.0,,,,83,2.0,56.84,18.3224
260603_iris2dsweep_sim50norm,sim,06_3-5_TDS-Half-Plunger-Iris2Dsweep-260527_84.s1p,,S11,f_mean,sim,dispersion_mode_1,2.8672804543714,2.86728,-4.543714000604382e-07,-2.2787196309233825e-06,-1.4354443035521887,touchstone_ri,2.8672804543714,1.0,,,,84,2.0,56.84,18.5724
260603_iris2dsweep_sim50norm,sim,06_3-5_TDS-Half-Plunger-Iris2Dsweep-260527_85.s1p,,S11,f_mean,sim,dispersion_mode_1,2.8672804543714,2.86728,-4.543714000604382e-07,9.428461078571735e-10,-2.1212014681056615,touchstone_ri,2.8672804543714,1.0,,,,85,2.0,56.84,18.8224
260603_iris2dsweep_sim50norm,sim,06_3-5_TDS-Half-Plunger-Iris2Dsweep-260527_86.s1p,,S11,f_mean,sim,dispersion_mode_1,2.8672804543714,2.86728,-4.543714000604382e-07,3.5984226564870027e-09,-2.7408861311759694,touchstone_ri,2.8672804543714,1.0,,,,86,2.0,56.84,19.0724
260603_iris2dsweep_sim50norm,sim,06_3-5_TDS-Half-Plunger-Iris2Dsweep-260527_87.s1p,,S11,f_mean,sim,dispersion_mode_1,2.8672804543714,2.86728,-4.543714000604382e-07,-8.402818059680311e-06,-3.305892944186767,touchstone_ri,2.8672804543714,1.0,,,,87,2.0,56.84,19.3224
260603_iris2dsweep_sim50norm,sim,06_3-5_TDS-Half-Plunger-Iris2Dsweep-260527_88.s1p,,S11,f_mean,sim,dispersion_mode_1,2.8672804543714,2.86728,-4.543714000604382e-07,-2.0827481747920144e-06,-3.821015791440999,touchstone_ri,2.8672804543714,1.0,,,,88,2.0,56.84,19.5724
260603_iris2dsweep_sim50norm,sim,06_3-5_TDS-Half-Plunger-Iris2Dsweep-260527_89.s1p,,S11,f_mean,sim,dispersion_mode_1,2.8672804543714,2.86728,-4.543714000604382e-07,-2.832933232725896e-06,-4.293640002057793,touchstone_ri,2.8672804543714,1.0,,,,89,2.0,56.84,19.8224
260603_iris2dsweep_sim50norm,sim,06_3-5_TDS-Half-Plunger-Iris2Dsweep-260527_9.s1p,,S11,f_mean,sim,dispersion_mode_1,2.8672804543714,2.86728,-4.543714000604382e-07,-1.5964265960101346e-05,20.737943503705395,touchstone_ri,2.8672804543714,1.0,,,,9,2.0,54.59,19.8224
260603_iris2dsweep_sim50norm,sim,06_3-5_TDS-Half-Plunger-Iris2Dsweep-260527_90.s1p,,S11,f_mean,sim,dispersion_mode_1,2.8672804543714,2.86728,-4.543714000604382e-07,-1.1404051544208052e-07,-4.730881110309694,touchstone_ri,2.8672804543714,1.0,,,,90,2.0,56.84,20.0724
260603_iris2dsweep_sim50norm,sim,06_3-5_TDS-Half-Plunger-Iris2Dsweep-260527_91.s1p,,S11,f_mean,sim,dispersion_mode_1,2.8672804543714,2.86728,-4.543714000604382e-07,-6.2672148848451e-07,-5.133218951270318,touchstone_ri,2.8672804543714,1.0,,,,91,2.0,56.84,20.3224
260603_iris2dsweep_sim50norm,sim,06_3-5_TDS-Half-Plunger-Iris2Dsweep-260527_92.s1p,,S11,f_mean,sim,dispersion_mode_1,2.8672804543714,2.86728,-4.543714000604382e-07,-2.0337962384816255e-06,-4.274712328093225,touchstone_ri,2.8672804543714,1.0,,,,92,2.0,57.09,18.3224
260603_iris2dsweep_sim50norm,sim,06_3-5_TDS-Half-Plunger-Iris2Dsweep-260527_93.s1p,,S11,f_mean,sim,dispersion_mode_1,2.8672804543714,2.86728,-4.543714000604382e-07,-1.3906040050143474e-06,-4.793354125421882,touchstone_ri,2.8672804543714,1.0,,,,93,2.0,57.09,18.5724
260603_iris2dsweep_sim50norm,sim,06_3-5_TDS-Half-Plunger-Iris2Dsweep-260527_94.s1p,,S11,f_mean,sim,dispersion_mode_1,2.8672804543714,2.86728,-4.543714000604382e-07,-1.420973143779298e-06,-5.264373369098706,touchstone_ri,2.8672804543714,1.0,,,,94,2.0,57.09,18.8224
260603_iris2dsweep_sim50norm,sim,06_3-5_TDS-Half-Plunger-Iris2Dsweep-260527_95.s1p,,S11,f_mean,sim,dispersion_mode_1,2.8672804543714,2.86728,-4.543714000604382e-07,-1.350209499475396e-06,-5.6975155681483045,touchstone_ri,2.8672804543714,1.0,,,,95,2.0,57.09,19.0724
260603_iris2dsweep_sim50norm,sim,06_3-5_TDS-Half-Plunger-Iris2Dsweep-260527_96.s1p,,S11,f_mean,sim,dispersion_mode_1,2.8672804543714,2.86728,-4.543714000604382e-07,-1.8987944860669728e-06,-6.095191167149826,touchstone_ri,2.8672804543714,1.0,,,,96,2.0,57.09,19.3224
260603_iris2dsweep_sim50norm,sim,06_3-5_TDS-Half-Plunger-Iris2Dsweep-260527_97.s1p,,S11,f_mean,sim,dispersion_mode_1,2.8672804543714,2.86728,-4.543714000604382e-07,-1.2709276886526309e-06,-6.460795863753229,touchstone_ri,2.8672804543714,1.0,,,,97,2.0,57.09,19.5724
260603_iris2dsweep_sim50norm,sim,06_3-5_TDS-Half-Plunger-Iris2Dsweep-260527_98.s1p,,S11,f_mean,sim,dispersion_mode_1,2.8672804543714,2.86728,-4.543714000604382e-07,-2.0591209034111767e-07,-6.802884198451561,touchstone_ri,2.8672804543714,1.0,,,,98,2.0,57.09,19.8224
260603_iris2dsweep_sim50norm,sim,06_3-5_TDS-Half-Plunger-Iris2Dsweep-260527_99.s1p,,S11,f_mean,sim,dispersion_mode_1,2.8672804543714,2.86728,-4.543714000604382e-07,-1.2569243230755874e-07,-7.121448574698422,touchstone_ri,2.8672804543714,1.0,,,,99,2.0,57.09,20.0724
260603_iris2dsweep_sim50norm,sim,06_3-5_TDS-Half-Plunger-Iris2Dsweep-260527_1.s1p,,S11,f_pi2,sim,dispersion_mode_1,2.8774448751896,2.877444,-8.75189599902626e-07,-3.3889485526264104e-09,99.61146575029913,touchstone_ri,2.8774448751896,1.0,,,,1,1.0,56.59,19.3224
260603_iris2dsweep_sim50norm,sim,06_3-5_TDS-Half-Plunger-Iris2Dsweep-260527_10.s1p,,S11,f_pi2,sim,dispersion_mode_1,2.8774448751896,2.877444,-8.75189599902626e-07,2.475048661267833e-09,12.483481458354559,touchstone_ri,2.8774448751896,1.0,,,,10,2.0,54.59,20.0724
260603_iris2dsweep_sim50norm,sim,06_3-5_TDS-Half-Plunger-Iris2Dsweep-260527_100.s1p,,S11,f_pi2,sim,dispersion_mode_1,2.8774448751896,2.877444,-8.75189599902626e-07,-4.632534646465628e-09,-12.891982991100429,touchstone_ri,2.8774448751896,1.0,,,,100,2.0,57.09,20.3224
260603_iris2dsweep_sim50norm,sim,06_3-5_TDS-Half-Plunger-Iris2Dsweep-260527_101.s1p,,S11,f_pi2,sim,dispersion_mode_1,2.8774448751896,2.877444,-8.75189599902626e-07,-3.9702048824355253e-07,-14.010010605816008,touchstone_ri,2.8774448751896,1.0,,,,101,2.0,57.34,18.3224
260603_iris2dsweep_sim50norm,sim,06_3-5_TDS-Half-Plunger-Iris2Dsweep-260527_102.s1p,,S11,f_pi2,sim,dispersion_mode_1,2.8774448751896,2.877444,-8.75189599902626e-07,-6.496519523771797e-07,-14.158922337285517,touchstone_ri,2.8774448751896,1.0,,,,102,2.0,57.34,18.5724
260603_iris2dsweep_sim50norm,sim,06_3-5_TDS-Half-Plunger-Iris2Dsweep-260527_103.s1p,,S11,f_pi2,sim,dispersion_mode_1,2.8774448751896,2.877444,-8.75189599902626e-07,-1.2662347507424709e-06,-14.299644422418549,touchstone_ri,2.8774448751896,1.0,,,,103,2.0,57.34,18.8224
260603_iris2dsweep_sim50norm,sim,06_3-5_TDS-Half-Plunger-Iris2Dsweep-260527_104.s1p,,S11,f_pi2,sim,dispersion_mode_1,2.8774448751896,2.877444,-8.75189599902626e-07,-6.096173402128431e-07,-14.438551908899756,touchstone_ri,2.8774448751896,1.0,,,,104,2.0,57.34,19.0724
260603_iris2dsweep_sim50norm,sim,06_3-5_TDS-Half-Plunger-Iris2Dsweep-260527_105.s1p,,S11,f_pi2,sim,dispersion_mode_1,2.8774448751896,2.877444,-8.75189599902626e-07,-6.665388656982914e-07,-14.570565234077364,touchstone_ri,2.8774448751896,1.0,,,,105,2.0,57.34,19.3224
260603_iris2dsweep_sim50norm,sim,06_3-5_TDS-Half-Plunger-Iris2Dsweep-260527_106.s1p,,S11,f_pi2,sim,dispersion_mode_1,2.8774448751896,2.877444,-8.75189599902626e-07,2.207875950766467e-09,-14.69932758991226,touchstone_ri,2.8774448751896,1.0,,,,106,2.0,57.34,19.5724
260603_iris2dsweep_sim50norm,sim,06_3-5_TDS-Half-Plunger-Iris2Dsweep-260527_107.s1p,,S11,f_pi2,sim,dispersion_mode_1,2.8774448751896,2.877444,-8.75189599902626e-07,5.283203031196825e-10,-14.820908605458683,touchstone_ri,2.8774448751896,1.0,,,,107,2.0,57.34,19.8224
260603_iris2dsweep_sim50norm,sim,06_3-5_TDS-Half-Plunger-Iris2Dsweep-260527_108.s1p,,S11,f_pi2,sim,dispersion_mode_1,2.8774448751896,2.877444,-8.75189599902626e-07,-3.4185379766217267e-09,-14.94054846295044,touchstone_ri,2.8774448751896,1.0,,,,108,2.0,57.34,20.0724
260603_iris2dsweep_sim50norm,sim,06_3-5_TDS-Half-Plunger-Iris2Dsweep-260527_109.s1p,,S11,f_pi2,sim,dispersion_mode_1,2.8774448751896,2.877444,-8.75189599902626e-07,-1.005623826039179e-09,-15.056933236427593,touchstone_ri,2.8774448751896,1.0,,,,109,2.0,57.34,20.3224
260603_iris2dsweep_sim50norm,sim,06_3-5_TDS-Half-Plunger-Iris2Dsweep-260527_11.s1p,,S11,f_pi2,sim,dispersion_mode_1,2.8774448751896,2.877444,-8.75189599902626e-07,-5.402811493043945e-07,11.165587132113883,touchstone_ri,2.8774448751896,1.0,,,,11,2.0,54.59,20.3224
260603_iris2dsweep_sim50norm,sim,06_3-5_TDS-Half-Plunger-Iris2Dsweep-260527_110.s1p,,S11,f_pi2,sim,dispersion_mode_1,2.8774448751896,2.877444,-8.75189599902626e-07,-3.1763912412824246e-07,-16.41807580249691,touchstone_ri,2.8774448751896,1.0,,,,110,2.0,57.59,18.3224
260603_iris2dsweep_sim50norm,sim,06_3-5_TDS-Half-Plunger-Iris2Dsweep-260527_111.s1p,,S11,f_pi2,sim,dispersion_mode_1,2.8774448751896,2.877444,-8.75189599902626e-07,-2.7079539960920046e-09,-16.5030061006469,touchstone_ri,2.8774448751896,1.0,,,,111,2.0,57.59,18.5724
260603_iris2dsweep_sim50norm,sim,06_3-5_TDS-Half-Plunger-Iris2Dsweep-260527_112.s1p,,S11,f_pi2,sim,dispersion_mode_1,2.8774448751896,2.877444,-8.75189599902626e-07,-1.991279323340266e-09,-16.588132991320986,touchstone_ri,2.8774448751896,1.0,,,,112,2.0,57.59,18.8224
260603_iris2dsweep_sim50norm,sim,06_3-5_TDS-Half-Plunger-Iris2Dsweep-260527_113.s1p,,S11,f_pi2,sim,dispersion_mode_1,2.8774448751896,2.877444,-8.75189599902626e-07,-6.053546384949877e-10,-16.670051150420747,touchstone_ri,2.8774448751896,1.0,,,,113,2.0,57.59,19.0724
260603_iris2dsweep_sim50norm,sim,06_3-5_TDS-Half-Plunger-Iris2Dsweep-260527_114.s1p,,S11,f_pi2,sim,dispersion_mode_1,2.8774448751896,2.877444,-8.75189599902626e-07,-1.63802592125219e-10,-16.752392249472727,touchstone_ri,2.8774448751896,1.0,,,,114,2.0,57.59,19.3224
260603_iris2dsweep_sim50norm,sim,06_3-5_TDS-Half-Plunger-Iris2Dsweep-260527_115.s1p,,S11,f_pi2,sim,dispersion_mode_1,2.8774448751896,2.877444,-8.75189599902626e-07,1.4692319700219288e-09,-16.831816889866932,touchstone_ri,2.8774448751896,1.0,,,,115,2.0,57.59,19.5724
260603_iris2dsweep_sim50norm,sim,06_3-5_TDS-Half-Plunger-Iris2Dsweep-260527_116.s1p,,S11,f_pi2,sim,dispersion_mode_1,2.8774448751896,2.877444,-8.75189599902626e-07,7.518861256390548e-10,-16.91045550600091,touchstone_ri,2.8774448751896,1.0,,,,116,2.0,57.59,19.8224
260603_iris2dsweep_sim50norm,sim,06_3-5_TDS-Half-Plunger-Iris2Dsweep-260527_117.s1p,,S11,f_pi2,sim,dispersion_mode_1,2.8774448751896,2.877444,-8.75189599902626e-07,1.725772005901917e-09,-16.99024511437409,touchstone_ri,2.8774448751896,1.0,,,,117,2.0,57.59,20.0724
260603_iris2dsweep_sim50norm,sim,06_3-5_TDS-Half-Plunger-Iris2Dsweep-260527_118.s1p,,S11,f_pi2,sim,dispersion_mode_1,2.8774448751896,2.877444,-8.75189599902626e-07,3.792616992963948e-09,-17.06559468309001,touchstone_ri,2.8774448751896,1.0,,,,118,2.0,57.59,20.3224
260603_iris2dsweep_sim50norm,sim,06_3-5_TDS-Half-Plunger-Iris2Dsweep-260527_119.s1p,,S11,f_pi2,sim,dispersion_mode_1,2.8774448751896,2.877444,-8.75189599902626e-07,1.7394654559242425e-09,-18.479798062114494,touchstone_ri,2.8774448751896,1.0,,,,119,2.0,57.84,18.3224
260603_iris2dsweep_sim50norm,sim,06_3-5_TDS-Half-Plunger-Iris2Dsweep-260527_12.s1p,,S11,f_pi2,sim,dispersion_mode_1,2.8774448751896,2.877444,-8.75189599902626e-07,5.506084179646911e-09,23.58816164613644,touchstone_ri,2.8774448751896,1.0,,,,12,2.0,54.84,18.3224
260603_iris2dsweep_sim50norm,sim,06_3-5_TDS-Half-Plunger-Iris2Dsweep-260527_120.s1p,,S11,f_pi2,sim,dispersion_mode_1,2.8774448751896,2.877444,-8.75189599902626e-07,-2.294347195275934e-09,-18.531676181017037,touchstone_ri,2.8774448751896,1.0,,,,120,2.0,57.84,18.5724
260603_iris2dsweep_sim50norm,sim,06_3-5_TDS-Half-Plunger-Iris2Dsweep-260527_121.s1p,,S11,f_pi2,sim,dispersion_mode_1,2.8774448751896,2.877444,-8.75189599902626e-07,-4.4101723044922895e-09,-18.584127252419847,touchstone_ri,2.8774448751896,1.0,,,,121,2.0,57.84,18.8224
260603_iris2dsweep_sim50norm,sim,06_3-5_TDS-Half-Plunger-Iris2Dsweep-260527_122.s1p,,S11,f_pi2,sim,dispersion_mode_1,2.8774448751896,2.877444,-8.75189599902626e-07,-7.488967105256056e-12,-18.636677539494467,touchstone_ri,2.8774448751896,1.0,,,,122,2.0,57.84,19.0724
260603_iris2dsweep_sim50norm,sim,06_3-5_TDS-Half-Plunger-Iris2Dsweep-260527_123.s1p,,S11,f_pi2,sim,dispersion_mode_1,2.8774448751896,2.877444,-8.75189599902626e-07,-2.370258089135925e-09,-18.691845224022163,touchstone_ri,2.8774448751896,1.0,,,,123,2.0,57.84,19.3224
260603_iris2dsweep_sim50norm,sim,06_3-5_TDS-Half-Plunger-Iris2Dsweep-260527_124.s1p,,S11,f_pi2,sim,dispersion_mode_1,2.8774448751896,2.877444,-8.75189599902626e-07,-3.3967692483832124e-09,-18.743916374999177,touchstone_ri,2.8774448751896,1.0,,,,124,2.0,57.84,19.5724
260603_iris2dsweep_sim50norm,sim,06_3-5_TDS-Half-Plunger-Iris2Dsweep-260527_125.s1p,,S11,f_pi2,sim,dispersion_mode_1,2.8774448751896,2.877444,-8.75189599902626e-07,-1.3491028047600198e-09,-18.799308554912898,touchstone_ri,2.8774448751896,1.0,,,,125,2.0,57.84,19.8224
260603_iris2dsweep_sim50norm,sim,06_3-5_TDS-Half-Plunger-Iris2Dsweep-260527_126.s1p,,S11,f_pi2,sim,dispersion_mode_1,2.8774448751896,2.877444,-8.75189599902626e-07,-3.333357002813034e-09,-18.852724836189203,touchstone_ri,2.8774448751896,1.0,,,,126,2.0,57.84,20.0724
260603_iris2dsweep_sim50norm,sim,06_3-5_TDS-Half-Plunger-Iris2Dsweep-260527_127.s1p,,S11,f_pi2,sim,dispersion_mode_1,2.8774448751896,2.877444,-8.75189599902626e-07,8.974629286310505e-10,-18.907410199930016,touchstone_ri,2.8774448751896,1.0,,,,127,2.0,57.84,20.3224
260603_iris2dsweep_sim50norm,sim,06_3-5_TDS-Half-Plunger-Iris2Dsweep-260527_128.s1p,,S11,f_pi2,sim,dispersion_mode_1,2.8774448751896,2.877444,-8.75189599902626e-07,-1.7633489546415348e-09,-20.219665230896034,touchstone_ri,2.8774448751896,1.0,,,,128,2.0,58.09,18.3224
260603_iris2dsweep_sim50norm,sim,06_3-5_TDS-Half-Plunger-Iris2Dsweep-260527_129.s1p,,S11,f_pi2,sim,dispersion_mode_1,2.8774448751896,2.877444,-8.75189599902626e-07,2.0735123475748464e-09,-20.260411998293407,touchstone_ri,2.8774448751896,1.0,,,,129,2.0,58.09,18.5724
260603_iris2dsweep_sim50norm,sim,06_3-5_TDS-Half-Plunger-Iris2Dsweep-260527_13.s1p,,S11,f_pi2,sim,dispersion_mode_1,2.8774448751896,2.877444,-8.75189599902626e-07,-3.515725791081795e-10,20.915139711749923,touchstone_ri,2.8774448751896,1.0,,,,13,2.0,54.84,18.5724
260603_iris2dsweep_sim50norm,sim,06_3-5_TDS-Half-Plunger-Iris2Dsweep-260527_130.s1p,,S11,f_pi2,sim,dispersion_mode_1,2.8774448751896,2.877444,-8.75189599902626e-07,5.407948432262481e-10,-20.300868606996296,touchstone_ri,2.8774448751896,1.0,,,,130,2.0,58.09,18.8224
260603_iris2dsweep_sim50norm,sim,06_3-5_TDS-Half-Plunger-Iris2Dsweep-260527_131.s1p,,S11,f_pi2,sim,dispersion_mode_1,2.8774448751896,2.877444,-8.75189599902626e-07,2.921431988086816e-09,-20.34328636862856,touchstone_ri,2.8774448751896,1.0,,,,131,2.0,58.09,19.0724
260603_iris2dsweep_sim50norm,sim,06_3-5_TDS-Half-Plunger-Iris2Dsweep-260527_132.s1p,,S11,f_pi2,sim,dispersion_mode_1,2.8774448751896,2.877444,-8.75189599902626e-07,2.4923641252523124e-09,-20.385987663678346,touchstone_ri,2.8774448751896,1.0,,,,132,2.0,58.09,19.3224
260603_iris2dsweep_sim50norm,sim,06_3-5_TDS-Half-Plunger-Iris2Dsweep-260527_133.s1p,,S11,f_pi2,sim,dispersion_mode_1,2.8774448751896,2.877444,-8.75189599902626e-07,-2.4375237872564998e-09,-20.42880088761077,touchstone_ri,2.8774448751896,1.0,,,,133,2.0,58.09,19.5724
260603_iris2dsweep_sim50norm,sim,06_3-5_TDS-Half-Plunger-Iris2Dsweep-260527_134.s1p,,S11,f_pi2,sim,dispersion_mode_1,2.8774448751896,2.877444,-8.75189599902626e-07,3.927678769214445e-09,-20.476446322856294,touchstone_ri,2.8774448751896,1.0,,,,134,2.0,58.09,19.8224
260603_iris2dsweep_sim50norm,sim,06_3-5_TDS-Half-Plunger-Iris2Dsweep-260527_135.s1p,,S11,f_pi2,sim,dispersion_mode_1,2.8774448751896,2.877444,-8.75189599902626e-07,1.5351302517649176e-09,-20.521059460098318,touchstone_ri,2.8774448751896,1.0,,,,135,2.0,58.09,20.0724
260603_iris2dsweep_sim50norm,sim,06_3-5_TDS-Half-Plunger-Iris2Dsweep-260527_136.s1p,,S11,f_pi2,sim,dispersion_mode_1,2.8774448751896,2.877444,-8.75189599902626e-07,1.5336220436074944e-09,-20.56626163472246,touchstone_ri,2.8774448751896,1.0,,,,136,2.0,58.09,20.3224
260603_iris2dsweep_sim50norm,sim,06_3-5_TDS-Half-Plunger-Iris2Dsweep-260527_137.s1p,,S11,f_pi2,sim,dispersion_mode_1,2.8774448751896,2.877444,-8.75189599902626e-07,5.654623398191103e-10,-21.658387872528092,touchstone_ri,2.8774448751896,1.0,,,,137,2.0,58.34,18.3224
260603_iris2dsweep_sim50norm,sim,06_3-5_TDS-Half-Plunger-Iris2Dsweep-260527_138.s1p,,S11,f_pi2,sim,dispersion_mode_1,2.8774448751896,2.877444,-8.75189599902626e-07,-2.74776336257876e-09,-21.705559461931504,touchstone_ri,2.8774448751896,1.0,,,,138,2.0,58.34,18.5724
260603_iris2dsweep_sim50norm,sim,06_3-5_TDS-Half-Plunger-Iris2Dsweep-260527_139.s1p,,S11,f_pi2,sim,dispersion_mode_1,2.8774448751896,2.877444,-8.75189599902626e-07,-8.496351793603266e-10,-21.751898472540102,touchstone_ri,2.8774448751896,1.0,,,,139,2.0,58.34,18.8224
260603_iris2dsweep_sim50norm,sim,06_3-5_TDS-Half-Plunger-Iris2Dsweep-260527_14.s1p,,S11,f_pi2,sim,dispersion_mode_1,2.8774448751896,2.877444,-8.75189599902626e-07,-1.7112318767012382e-09,18.573580412600382,touchstone_ri,2.8774448751896,1.0,,,,14,2.0,54.84,18.8224
260603_iris2dsweep_sim50norm,sim,06_3-5_TDS-Half-Plunger-Iris2Dsweep-260527_140.s1p,,S11,f_pi2,sim,dispersion_mode_1,2.8774448751896,2.877444,-8.75189599902626e-07,1.0855511436509324e-09,-21.799559362771085,touchstone_ri,2.8774448751896,1.0,,,,140,2.0,58.34,19.0724
260603_iris2dsweep_sim50norm,sim,06_3-5_TDS-Half-Plunger-Iris2Dsweep-260527_141.s1p,,S11,f_pi2,sim,dispersion_mode_1,2.8774448751896,2.877444,-8.75189599902626e-07,4.4850234001686085e-09,-21.848849413447695,touchstone_ri,2.8774448751896,1.0,,,,141,2.0,58.34,19.3224
260603_iris2dsweep_sim50norm,sim,06_3-5_TDS-Half-Plunger-Iris2Dsweep-260527_142.s1p,,S11,f_pi2,sim,dispersion_mode_1,2.8774448751896,2.877444,-8.75189599902626e-07,-6.405255898576416e-10,-21.897464758772315,touchstone_ri,2.8774448751896,1.0,,,,142,2.0,58.34,19.5724
260603_iris2dsweep_sim50norm,sim,06_3-5_TDS-Half-Plunger-Iris2Dsweep-260527_143.s1p,,S11,f_pi2,sim,dispersion_mode_1,2.8774448751896,2.877444,-8.75189599902626e-07,-2.052024239127529e-09,-21.944798793891973,touchstone_ri,2.8774448751896,1.0,,,,143,2.0,58.34,19.8224
260603_iris2dsweep_sim50norm,sim,06_3-5_TDS-Half-Plunger-Iris2Dsweep-260527_144.s1p,,S11,f_pi2,sim,dispersion_mode_1,2.8774448751896,2.877444,-8.75189599902626e-07,-2.576502661776273e-09,-21.997062315847906,touchstone_ri,2.8774448751896,1.0,,,,144,2.0,58.34,20.0724
260603_iris2dsweep_sim50norm,sim,06_3-5_TDS-Half-Plunger-Iris2Dsweep-260527_145.s1p,,S11,f_pi2,sim,dispersion_mode_1,2.8774448751896,2.877444,-8.75189599902626e-07,4.9032194350529e-09,-22.047819446063013,touchstone_ri,2.8774448751896,1.0,,,,145,2.0,58.34,20.3224
260603_iris2dsweep_sim50norm,sim,06_3-5_TDS-Half-Plunger-Iris2Dsweep-260527_146.s1p,,S11,f_pi2,sim,dispersion_mode_1,2.8774448751896,2.877444,-8.75189599902626e-07,1.385678781023617e-09,-22.83098459928094,touchstone_ri,2.8774448751896,1.0,,,,146,2.0,58.59,18.3224
260603_iris2dsweep_sim50norm,sim,06_3-5_TDS-Half-Plunger-Iris2Dsweep-260527_147.s1p,,S11,f_pi2,sim,dispersion_mode_1,2.8774448751896,2.877444,-8.75189599902626e-07,-3.566256550331247e-10,-22.894073410130858,touchstone_ri,2.8774448751896,1.0,,,,147,2.0,58.59,18.5724
260603_iris2dsweep_sim50norm,sim,06_3-5_TDS-Half-Plunger-Iris2Dsweep-260527_148.s1p,,S11,f_pi2,sim,dispersion_mode_1,2.8774448751896,2.877444,-8.75189599902626e-07,-1.9198216935341627e-10,-22.958752653553695,touchstone_ri,2.8774448751896,1.0,,,,148,2.0,58.59,18.8224
260603_iris2dsweep_sim50norm,sim,06_3-5_TDS-Half-Plunger-Iris2Dsweep-260527_149.s1p,,S11,f_pi2,sim,dispersion_mode_1,2.8774448751896,2.877444,-8.75189599902626e-07,-3.370112343626477e-10,-23.022757063740446,touchstone_ri,2.8774448751896,1.0,,,,149,2.0,58.59,19.0724
260603_iris2dsweep_sim50norm,sim,06_3-5_TDS-Half-Plunger-Iris2Dsweep-260527_15.s1p,,S11,f_pi2,sim,dispersion_mode_1,2.8774448751896,2.877444,-8.75189599902626e-07,-6.092089503950871e-07,16.511564869446982,touchstone_ri,2.8774448751896,1.0,,,,15,2.0,54.84,19.0724
260603_iris2dsweep_sim50norm,sim,06_3-5_TDS-Half-Plunger-Iris2Dsweep-260527_150.s1p,,S11,f_pi2,sim,dispersion_mode_1,2.8774448751896,2.877444,-8.75189599902626e-07,-3.6417923207895005e-10,-23.08745924544685,touchstone_ri,2.8774448751896,1.0,,,,150,2.0,58.59,19.3224
260603_iris2dsweep_sim50norm,sim,06_3-5_TDS-Half-Plunger-Iris2Dsweep-260527_151.s1p,,S11,f_pi2,sim,dispersion_mode_1,2.8774448751896,2.877444,-8.75189599902626e-07,-2.3968397757587613e-09,-23.151632389423522,touchstone_ri,2.8774448751896,1.0,,,,151,2.0,58.59,19.5724
260603_iris2dsweep_sim50norm,sim,06_3-5_TDS-Half-Plunger-Iris2Dsweep-260527_152.s1p,,S11,f_pi2,sim,dispersion_mode_1,2.8774448751896,2.877444,-8.75189599902626e-07,1.8264940811078787e-09,-23.21700815001355,touchstone_ri,2.8774448751896,1.0,,,,152,2.0,58.59,19.8224
260603_iris2dsweep_sim50norm,sim,06_3-5_TDS-Half-Plunger-Iris2Dsweep-260527_153.s1p,,S11,f_pi2,sim,dispersion_mode_1,2.8774448751896,2.877444,-8.75189599902626e-07,2.25587631472929e-09,-23.280592348010984,touchstone_ri,2.8774448751896,1.0,,,,153,2.0,58.59,20.0724
260603_iris2dsweep_sim50norm,sim,06_3-5_TDS-Half-Plunger-Iris2Dsweep-260527_154.s1p,,S11,f_pi2,sim,dispersion_mode_1,2.8774448751896,2.877444,-8.75189599902626e-07,-4.346937494189688e-10,-23.345892725912684,touchstone_ri,2.8774448751896,1.0,,,,154,2.0,58.59,20.3224
260603_iris2dsweep_sim50norm,sim,06_3-5_TDS-Half-Plunger-Iris2Dsweep-260527_16.s1p,,S11,f_pi2,sim,dispersion_mode_1,2.8774448751896,2.877444,-8.75189599902626e-07,-1.4063013500516613e-07,14.676826585996192,touchstone_ri,2.8774448751896,1.0,,,,16,2.0,54.84,19.3224
260603_iris2dsweep_sim50norm,sim,06_3-5_TDS-Half-Plunger-Iris2Dsweep-260527_17.s1p,,S11,f_pi2,sim,dispersion_mode_1,2.8774448751896,2.877444,-8.75189599902626e-07,-1.187679287662534e-06,13.037990374032056,touchstone_ri,2.8774448751896,1.0,,,,17,2.0,54.84,19.5724
260603_iris2dsweep_sim50norm,sim,06_3-5_TDS-Half-Plunger-Iris2Dsweep-260527_18.s1p,,S11,f_pi2,sim,dispersion_mode_1,2.8774448751896,2.877444,-8.75189599902626e-07,-7.252659849551333e-07,11.567736879360924,touchstone_ri,2.8774448751896,1.0,,,,18,2.0,54.84,19.8224
260603_iris2dsweep_sim50norm,sim,06_3-5_TDS-Half-Plunger-Iris2Dsweep-260527_19.s1p,,S11,f_pi2,sim,dispersion_mode_1,2.8774448751896,2.877444,-8.75189599902626e-07,-8.673285834019859e-07,10.236458739774553,touchstone_ri,2.8774448751896,1.0,,,,19,2.0,54.84,20.0724
260603_iris2dsweep_sim50norm,sim,06_3-5_TDS-Half-Plunger-Iris2Dsweep-260527_2.s1p,,S11,f_pi2,sim,dispersion_mode_1,2.8774448751896,2.877444,-8.75189599902626e-07,5.358304854287395e-10,-6.686337576170367,touchstone_ri,2.8774448751896,1.0,,,,2,2.0,56.59,19.3224
260603_iris2dsweep_sim50norm,sim,06_3-5_TDS-Half-Plunger-Iris2Dsweep-260527_20.s1p,,S11,f_pi2,sim,dispersion_mode_1,2.8774448751896,2.877444,-8.75189599902626e-07,-5.558917373203375e-07,9.028641937905395,touchstone_ri,2.8774448751896,1.0,,,,20,2.0,54.84,20.3224
260603_iris2dsweep_sim50norm,sim,06_3-5_TDS-Half-Plunger-Iris2Dsweep-260527_21.s1p,,S11,f_pi2,sim,dispersion_mode_1,2.8774448751896,2.877444,-8.75189599902626e-07,-4.836628362198872e-07,19.757663831091815,touchstone_ri,2.8774448751896,1.0,,,,21,2.0,55.09,18.3224
260603_iris2dsweep_sim50norm,sim,06_3-5_TDS-Half-Plunger-Iris2Dsweep-260527_22.s1p,,S11,f_pi2,sim,dispersion_mode_1,2.8774448751896,2.877444,-8.75189599902626e-07,-1.4204534743728645e-06,17.381751972962107,touchstone_ri,2.8774448751896,1.0,,,,22,2.0,55.09,18.5724
260603_iris2dsweep_sim50norm,sim,06_3-5_TDS-Half-Plunger-Iris2Dsweep-260527_23.s1p,,S11,f_pi2,sim,dispersion_mode_1,2.8774448751896,2.877444,-8.75189599902626e-07,-1.1122817493533482e-06,15.303147678394534,touchstone_ri,2.8774448751896,1.0,,,,23,2.0,55.09,18.8224
260603_iris2dsweep_sim50norm,sim,06_3-5_TDS-Half-Plunger-Iris2Dsweep-260527_24.s1p,,S11,f_pi2,sim,dispersion_mode_1,2.8774448751896,2.877444,-8.75189599902626e-07,-1.2585741254844867e-06,13.463237521218472,touchstone_ri,2.8774448751896,1.0,,,,24,2.0,55.09,19.0724
260603_iris2dsweep_sim50norm,sim,06_3-5_TDS-Half-Plunger-Iris2Dsweep-260527_25.s1p,,S11,f_pi2,sim,dispersion_mode_1,2.8774448751896,2.877444,-8.75189599902626e-07,-8.132232354024925e-07,11.82687055271223,touchstone_ri,2.8774448751896,1.0,,,,25,2.0,55.09,19.3224
260603_iris2dsweep_sim50norm,sim,06_3-5_TDS-Half-Plunger-Iris2Dsweep-260527_26.s1p,,S11,f_pi2,sim,dispersion_mode_1,2.8774448751896,2.877444,-8.75189599902626e-07,-5.783893259693772e-07,10.36044564031142,touchstone_ri,2.8774448751896,1.0,,,,26,2.0,55.09,19.5724
260603_iris2dsweep_sim50norm,sim,06_3-5_TDS-Half-Plunger-Iris2Dsweep-260527_27.s1p,,S11,f_pi2,sim,dispersion_mode_1,2.8774448751896,2.877444,-8.75189599902626e-07,-2.4763572543455854e-09,9.04166076072864,touchstone_ri,2.8774448751896,1.0,,,,27,2.0,55.09,19.8224
260603_iris2dsweep_sim50norm,sim,06_3-5_TDS-Half-Plunger-Iris2Dsweep-260527_28.s1p,,S11,f_pi2,sim,dispersion_mode_1,2.8774448751896,2.877444,-8.75189599902626e-07,2.4923602679424474e-09,7.848624892921006,touchstone_ri,2.8774448751896,1.0,,,,28,2.0,55.09,20.0724
260603_iris2dsweep_sim50norm,sim,06_3-5_TDS-Half-Plunger-Iris2Dsweep-260527_29.s1p,,S11,f_pi2,sim,dispersion_mode_1,2.8774448751896,2.877444,-8.75189599902626e-07,-8.965261337047332e-07,6.760997369243778,touchstone_ri,2.8774448751896,1.0,,,,29,2.0,55.09,20.3224
260603_iris2dsweep_sim50norm,sim,06_3-5_TDS-Half-Plunger-Iris2Dsweep-260527_3.s1p,,S11,f_pi2,sim,dispersion_mode_1,2.8774448751896,2.877444,-8.75189599902626e-07,-1.484840755915029e-05,27.114420109605565,touchstone_ri,2.8774448751896,1.0,,,,3,2.0,54.59,18.3224
260603_iris2dsweep_sim50norm,sim,06_3-5_TDS-Half-Plunger-Iris2Dsweep-260527_30.s1p,,S11,f_pi2,sim,dispersion_mode_1,2.8774448751896,2.877444,-8.75189599902626e-07,-3.308062080691051e-07,15.69968107242765,touchstone_ri,2.8774448751896,1.0,,,,30,2.0,55.34,18.3224
260603_iris2dsweep_sim50norm,sim,06_3-5_TDS-Half-Plunger-Iris2Dsweep-260527_31.s1p,,S11,f_pi2,sim,dispersion_mode_1,2.8774448751896,2.877444,-8.75189599902626e-07,-8.321685513420606e-08,13.650172863336435,touchstone_ri,2.8774448751896,1.0,,,,31,2.0,55.34,18.5724
260603_iris2dsweep_sim50norm,sim,06_3-5_TDS-Half-Plunger-Iris2Dsweep-260527_32.s1p,,S11,f_pi2,sim,dispersion_mode_1,2.8774448751896,2.877444,-8.75189599902626e-07,-1.079856790095896e-09,11.845163548949477,touchstone_ri,2.8774448751896,1.0,,,,32,2.0,55.34,18.8224
260603_iris2dsweep_sim50norm,sim,06_3-5_TDS-Half-Plunger-Iris2Dsweep-260527_33.s1p,,S11,f_pi2,sim,dispersion_mode_1,2.8774448751896,2.877444,-8.75189599902626e-07,-2.810703087685899e-09,10.25000300346378,touchstone_ri,2.8774448751896,1.0,,,,33,2.0,55.34,19.0724
260603_iris2dsweep_sim50norm,sim,06_3-5_TDS-Half-Plunger-Iris2Dsweep-260527_34.s1p,,S11,f_pi2,sim,dispersion_mode_1,2.8774448751896,2.877444,-8.75189599902626e-07,2.1342746212276512e-09,8.821107633687765,touchstone_ri,2.8774448751896,1.0,,,,34,2.0,55.34,19.3224
260603_iris2dsweep_sim50norm,sim,06_3-5_TDS-Half-Plunger-Iris2Dsweep-260527_35.s1p,,S11,f_pi2,sim,dispersion_mode_1,2.8774448751896,2.877444,-8.75189599902626e-07,3.4969484058779797e-09,7.542947956908444,touchstone_ri,2.8774448751896,1.0,,,,35,2.0,55.34,19.5724
260603_iris2dsweep_sim50norm,sim,06_3-5_TDS-Half-Plunger-Iris2Dsweep-260527_36.s1p,,S11,f_pi2,sim,dispersion_mode_1,2.8774448751896,2.877444,-8.75189599902626e-07,-2.295501495253703e-09,6.387957309290053,touchstone_ri,2.8774448751896,1.0,,,,36,2.0,55.34,19.8224
260603_iris2dsweep_sim50norm,sim,06_3-5_TDS-Half-Plunger-Iris2Dsweep-260527_37.s1p,,S11,f_pi2,sim,dispersion_mode_1,2.8774448751896,2.877444,-8.75189599902626e-07,-1.5497937877548736e-06,5.3393978925945085,touchstone_ri,2.8774448751896,1.0,,,,37,2.0,55.34,20.0724
260603_iris2dsweep_sim50norm,sim,06_3-5_TDS-Half-Plunger-Iris2Dsweep-260527_38.s1p,,S11,f_pi2,sim,dispersion_mode_1,2.8774448751896,2.877444,-8.75189599902626e-07,-4.2869633263952703e-07,4.383134288661956,touchstone_ri,2.8774448751896,1.0,,,,38,2.0,55.34,20.3224
260603_iris2dsweep_sim50norm,sim,06_3-5_TDS-Half-Plunger-Iris2Dsweep-260527_39.s1p,,S11,f_pi2,sim,dispersion_mode_1,2.8774448751896,2.877444,-8.75189599902626e-07,-1.5859348802932551e-09,11.499224730727379,touchstone_ri,2.8774448751896,1.0,,,,39,2.0,55.59,18.3224
260603_iris2dsweep_sim50norm,sim,06_3-5_TDS-Half-Plunger-Iris2Dsweep-260527_4.s1p,,S11,f_pi2,sim,dispersion_mode_1,2.8774448751896,2.877444,-8.75189599902626e-07,-1.975464616841628e-06,24.178610562564774,touchstone_ri,2.8774448751896,1.0,,,,4,2.0,54.59,18.5724
260603_iris2dsweep_sim50norm,sim,06_3-5_TDS-Half-Plunger-Iris2Dsweep-260527_40.s1p,,S11,f_pi2,sim,dispersion_mode_1,2.8774448751896,2.877444,-8.75189599902626e-07,-3.0031471694908256e-10,9.790765071791656,touchstone_ri,2.8774448751896,1.0,,,,40,2.0,55.59,18.5724
260603_iris2dsweep_sim50norm,sim,06_3-5_TDS-Half-Plunger-Iris2Dsweep-260527_41.s1p,,S11,f_pi2,sim,dispersion_mode_1,2.8774448751896,2.877444,-8.75189599902626e-07,2.826841106923904e-09,8.273403667385807,touchstone_ri,2.8774448751896,1.0,,,,41,2.0,55.59,18.8224
260603_iris2dsweep_sim50norm,sim,06_3-5_TDS-Half-Plunger-Iris2Dsweep-260527_42.s1p,,S11,f_pi2,sim,dispersion_mode_1,2.8774448751896,2.877444,-8.75189599902626e-07,-3.296952676609287e-09,6.924180915369273,touchstone_ri,2.8774448751896,1.0,,,,42,2.0,55.59,19.0724
260603_iris2dsweep_sim50norm,sim,06_3-5_TDS-Half-Plunger-Iris2Dsweep-260527_43.s1p,,S11,f_pi2,sim,dispersion_mode_1,2.8774448751896,2.877444,-8.75189599902626e-07,-1.908961437794396e-09,5.71542333981838,touchstone_ri,2.8774448751896,1.0,,,,43,2.0,55.59,19.3224
260603_iris2dsweep_sim50norm,sim,06_3-5_TDS-Half-Plunger-Iris2Dsweep-260527_44.s1p,,S11,f_pi2,sim,dispersion_mode_1,2.8774448751896,2.877444,-8.75189599902626e-07,-4.986200618339382e-06,4.62586112870564,touchstone_ri,2.8774448751896,1.0,,,,44,2.0,55.59,19.5724
260603_iris2dsweep_sim50norm,sim,06_3-5_TDS-Half-Plunger-Iris2Dsweep-260527_45.s1p,,S11,f_pi2,sim,dispersion_mode_1,2.8774448751896,2.877444,-8.75189599902626e-07,-5.74906429481812e-06,3.637263217428682,touchstone_ri,2.8774448751896,1.0,,,,45,2.0,55.59,19.8224
260603_iris2dsweep_sim50norm,sim,06_3-5_TDS-Half-Plunger-Iris2Dsweep-260527_46.s1p,,S11,f_pi2,sim,dispersion_mode_1,2.8774448751896,2.877444,-8.75189599902626e-07,-3.0570254814230643e-06,2.7383400697785913,touchstone_ri,2.8774448751896,1.0,,,,46,2.0,55.59,20.0724
260603_iris2dsweep_sim50norm,sim,06_3-5_TDS-Half-Plunger-Iris2Dsweep-260527_47.s1p,,S11,f_pi2,sim,dispersion_mode_1,2.8774448751896,2.877444,-8.75189599902626e-07,-2.2076807730387984e-06,1.9159284923520254,touchstone_ri,2.8774448751896,1.0,,,,47,2.0,55.59,20.3224
260603_iris2dsweep_sim50norm,sim,06_3-5_TDS-Half-Plunger-Iris2Dsweep-260527_48.s1p,,S11,f_pi2,sim,dispersion_mode_1,2.8774448751896,2.877444,-8.75189599902626e-07,-1.5495172889840407e-06,7.269829092612613,touchstone_ri,2.8774448751896,1.0,,,,48,2.0,55.84,18.3224
260603_iris2dsweep_sim50norm,sim,06_3-5_TDS-Half-Plunger-Iris2Dsweep-260527_49.s1p,,S11,f_pi2,sim,dispersion_mode_1,2.8774448751896,2.877444,-8.75189599902626e-07,-4.880491097135029e-06,5.886156132028784,touchstone_ri,2.8774448751896,1.0,,,,49,2.0,55.84,18.5724
260603_iris2dsweep_sim50norm,sim,06_3-5_TDS-Half-Plunger-Iris2Dsweep-260527_5.s1p,,S11,f_pi2,sim,dispersion_mode_1,2.8774448751896,2.877444,-8.75189599902626e-07,9.795599831597274e-10,21.612731863476352,touchstone_ri,2.8774448751896,1.0,,,,5,2.0,54.59,18.8224
260603_iris2dsweep_sim50norm,sim,06_3-5_TDS-Half-Plunger-Iris2Dsweep-260527_50.s1p,,S11,f_pi2,sim,dispersion_mode_1,2.8774448751896,2.877444,-8.75189599902626e-07,-5.810101728833108e-06,4.655537990354568,touchstone_ri,2.8774448751896,1.0,,,,50,2.0,55.84,18.8224
260603_iris2dsweep_sim50norm,sim,06_3-5_TDS-Half-Plunger-Iris2Dsweep-260527_51.s1p,,S11,f_pi2,sim,dispersion_mode_1,2.8774448751896,2.877444,-8.75189599902626e-07,-4.40033606760411e-06,3.5506197583985406,touchstone_ri,2.8774448751896,1.0,,,,51,2.0,55.84,19.0724
260603_iris2dsweep_sim50norm,sim,06_3-5_TDS-Half-Plunger-Iris2Dsweep-260527_52.s1p,,S11,f_pi2,sim,dispersion_mode_1,2.8774448751896,2.877444,-8.75189599902626e-07,-8.068207059535306e-06,2.5545818943790244,touchstone_ri,2.8774448751896,1.0,,,,52,2.0,55.84,19.3224
260603_iris2dsweep_sim50norm,sim,06_3-5_TDS-Half-Plunger-Iris2Dsweep-260527_53.s1p,,S11,f_pi2,sim,dispersion_mode_1,2.8774448751896,2.877444,-8.75189599902626e-07,-7.755051407385045e-07,1.6533494021557962,touchstone_ri,2.8774448751896,1.0,,,,53,2.0,55.84,19.5724
260603_iris2dsweep_sim50norm,sim,06_3-5_TDS-Half-Plunger-Iris2Dsweep-260527_54.s1p,,S11,f_pi2,sim,dispersion_mode_1,2.8774448751896,2.877444,-8.75189599902626e-07,1.9625549006440713e-09,0.8335584576654818,touchstone_ri,2.8774448751896,1.0,,,,54,2.0,55.84,19.8224
260603_iris2dsweep_sim50norm,sim,06_3-5_TDS-Half-Plunger-Iris2Dsweep-260527_55.s1p,,S11,f_pi2,sim,dispersion_mode_1,2.8774448751896,2.877444,-8.75189599902626e-07,3.71341870682508e-09,0.08261040931349518,touchstone_ri,2.8774448751896,1.0,,,,55,2.0,55.84,20.0724
260603_iris2dsweep_sim50norm,sim,06_3-5_TDS-Half-Plunger-Iris2Dsweep-260527_56.s1p,,S11,f_pi2,sim,dispersion_mode_1,2.8774448751896,2.877444,-8.75189599902626e-07,7.312880909552351e-10,-0.6077384243750732,touchstone_ri,2.8774448751896,1.0,,,,56,2.0,55.84,20.3224
260603_iris2dsweep_sim50norm,sim,06_3-5_TDS-Half-Plunger-Iris2Dsweep-260527_57.s1p,,S11,f_pi2,sim,dispersion_mode_1,2.8774448751896,2.877444,-8.75189599902626e-07,-1.1289345441211321e-06,3.10452128995295,touchstone_ri,2.8774448751896,1.0,,,,57,2.0,56.09,18.3224
260603_iris2dsweep_sim50norm,sim,06_3-5_TDS-Half-Plunger-Iris2Dsweep-260527_58.s1p,,S11,f_pi2,sim,dispersion_mode_1,2.8774448751896,2.877444,-8.75189599902626e-07,-2.250233872298681e-06,2.0286308013493914,touchstone_ri,2.8774448751896,1.0,,,,58,2.0,56.09,18.5724
260603_iris2dsweep_sim50norm,sim,06_3-5_TDS-Half-Plunger-Iris2Dsweep-260527_59.s1p,,S11,f_pi2,sim,dispersion_mode_1,2.8774448751896,2.877444,-8.75189599902626e-07,-2.124054897242334e-06,1.062163687693194,touchstone_ri,2.8774448751896,1.0,,,,59,2.0,56.09,18.8224
260603_iris2dsweep_sim50norm,sim,06_3-5_TDS-Half-Plunger-Iris2Dsweep-260527_6.s1p,,S11,f_pi2,sim,dispersion_mode_1,2.8774448751896,2.877444,-8.75189599902626e-07,-1.5241369189155906e-09,19.348447763916845,touchstone_ri,2.8774448751896,1.0,,,,6,2.0,54.59,19.0724
260603_iris2dsweep_sim50norm,sim,06_3-5_TDS-Half-Plunger-Iris2Dsweep-260527_60.s1p,,S11,f_pi2,sim,dispersion_mode_1,2.8774448751896,2.877444,-8.75189599902626e-07,-4.042062220180722e-06,0.18833930421410666,touchstone_ri,2.8774448751896,1.0,,,,60,2.0,56.09,19.0724
260603_iris2dsweep_sim50norm,sim,06_3-5_TDS-Half-Plunger-Iris2Dsweep-260527_61.s1p,,S11,f_pi2,sim,dispersion_mode_1,2.8774448751896,2.877444,-8.75189599902626e-07,-3.609279933030703e-06,-0.600573432695587,touchstone_ri,2.8774448751896,1.0,,,,61,2.0,56.09,19.3224
260603_iris2dsweep_sim50norm,sim,06_3-5_TDS-Half-Plunger-Iris2Dsweep-260527_62.s1p,,S11,f_pi2,sim,dispersion_mode_1,2.8774448751896,2.877444,-8.75189599902626e-07,-5.029992414148928e-07,-1.3253841125189207,touchstone_ri,2.8774448751896,1.0,,,,62,2.0,56.09,19.5724
260603_iris2dsweep_sim50norm,sim,06_3-5_TDS-Half-Plunger-Iris2Dsweep-260527_63.s1p,,S11,f_pi2,sim,dispersion_mode_1,2.8774448751896,2.877444,-8.75189599902626e-07,1.2011142185725336e-09,-1.9857832045601473,touchstone_ri,2.8774448751896,1.0,,,,63,2.0,56.09,19.8224
260603_iris2dsweep_sim50norm,sim,06_3-5_TDS-Half-Plunger-Iris2Dsweep-260527_64.s1p,,S11,f_pi2,sim,dispersion_mode_1,2.8774448751896,2.877444,-8.75189599902626e-07,3.763037212267758e-09,-2.593833072640239,touchstone_ri,2.8774448751896,1.0,,,,64,2.0,56.09,20.0724
260603_iris2dsweep_sim50norm,sim,06_3-5_TDS-Half-Plunger-Iris2Dsweep-260527_65.s1p,,S11,f_pi2,sim,dispersion_mode_1,2.8774448751896,2.877444,-8.75189599902626e-07,1.3837578407105493e-09,-3.1570715009525223,touchstone_ri,2.8774448751896,1.0,,,,65,2.0,56.09,20.3224
260603_iris2dsweep_sim50norm,sim,06_3-5_TDS-Half-Plunger-Iris2Dsweep-260527_66.s1p,,S11,f_pi2,sim,dispersion_mode_1,2.8774448751896,2.877444,-8.75189599902626e-07,-1.7188216663474984e-06,-0.8988159739101371,touchstone_ri,2.8774448751896,1.0,,,,66,2.0,56.34,18.3224
260603_iris2dsweep_sim50norm,sim,06_3-5_TDS-Half-Plunger-Iris2Dsweep-260527_67.s1p,,S11,f_pi2,sim,dispersion_mode_1,2.8774448751896,2.877444,-8.75189599902626e-07,-3.3272246758649243e-06,-1.7026404709475182,touchstone_ri,2.8774448751896,1.0,,,,67,2.0,56.34,18.5724
260603_iris2dsweep_sim50norm,sim,06_3-5_TDS-Half-Plunger-Iris2Dsweep-260527_68.s1p,,S11,f_pi2,sim,dispersion_mode_1,2.8774448751896,2.877444,-8.75189599902626e-07,-2.630788436718999e-06,-2.43057492387378,touchstone_ri,2.8774448751896,1.0,,,,68,2.0,56.34,18.8224
260603_iris2dsweep_sim50norm,sim,06_3-5_TDS-Half-Plunger-Iris2Dsweep-260527_69.s1p,,S11,f_pi2,sim,dispersion_mode_1,2.8774448751896,2.877444,-8.75189599902626e-07,-2.404313983026509e-07,-3.092991724763379,touchstone_ri,2.8774448751896,1.0,,,,69,2.0,56.34,19.0724
260603_iris2dsweep_sim50norm,sim,06_3-5_TDS-Half-Plunger-Iris2Dsweep-260527_7.s1p,,S11,f_pi2,sim,dispersion_mode_1,2.8774448751896,2.877444,-8.75189599902626e-07,-1.8417926835634027e-07,17.34017412780333,touchstone_ri,2.8774448751896,1.0,,,,7,2.0,54.59,19.3224
260603_iris2dsweep_sim50norm,sim,06_3-5_TDS-Half-Plunger-Iris2Dsweep-260527_70.s1p,,S11,f_pi2,sim,dispersion_mode_1,2.8774448751896,2.877444,-8.75189599902626e-07,-1.892469509457793e-09,-3.6984432996373333,touchstone_ri,2.8774448751896,1.0,,,,70,2.0,56.34,19.3224
260603_iris2dsweep_sim50norm,sim,06_3-5_TDS-Half-Plunger-Iris2Dsweep-260527_71.s1p,,S11,f_pi2,sim,dispersion_mode_1,2.8774448751896,2.877444,-8.75189599902626e-07,4.291619812229326e-09,-4.257972507926194,touchstone_ri,2.8774448751896,1.0,,,,71,2.0,56.34,19.5724
260603_iris2dsweep_sim50norm,sim,06_3-5_TDS-Half-Plunger-Iris2Dsweep-260527_72.s1p,,S11,f_pi2,sim,dispersion_mode_1,2.8774448751896,2.877444,-8.75189599902626e-07,-1.7026310400253593e-09,-4.771499110811159,touchstone_ri,2.8774448751896,1.0,,,,72,2.0,56.34,19.8224
260603_iris2dsweep_sim50norm,sim,06_3-5_TDS-Half-Plunger-Iris2Dsweep-260527_73.s1p,,S11,f_pi2,sim,dispersion_mode_1,2.8774448751896,2.877444,-8.75189599902626e-07,-3.3559463737257434e-09,-5.24811437642859,touchstone_ri,2.8774448751896,1.0,,,,73,2.0,56.34,20.0724
260603_iris2dsweep_sim50norm,sim,06_3-5_TDS-Half-Plunger-Iris2Dsweep-260527_74.s1p,,S11,f_pi2,sim,dispersion_mode_1,2.8774448751896,2.877444,-8.75189599902626e-07,-3.0306478606587965e-09,-5.69159593048322,touchstone_ri,2.8774448751896,1.0,,,,74,2.0,56.34,20.3224
260603_iris2dsweep_sim50norm,sim,06_3-5_TDS-Half-Plunger-Iris2Dsweep-260527_75.s1p,,S11,f_pi2,sim,dispersion_mode_1,2.8774448751896,2.877444,-8.75189599902626e-07,-2.1025268541242402e-06,-4.66146987956441,touchstone_ri,2.8774448751896,1.0,,,,75,2.0,56.59,18.3224
260603_iris2dsweep_sim50norm,sim,06_3-5_TDS-Half-Plunger-Iris2Dsweep-260527_76.s1p,,S11,f_pi2,sim,dispersion_mode_1,2.8774448751896,2.877444,-8.75189599902626e-07,-9.06536011996212e-07,-5.234850281137696,touchstone_ri,2.8774448751896,1.0,,,,76,2.0,56.59,18.5724
260603_iris2dsweep_sim50norm,sim,06_3-5_TDS-Half-Plunger-Iris2Dsweep-260527_77.s1p,,S11,f_pi2,sim,dispersion_mode_1,2.8774448751896,2.877444,-8.75189599902626e-07,2.9900573878932612e-09,-5.757204417629743,touchstone_ri,2.8774448751896,1.0,,,,77,2.0,56.59,18.8224
260603_iris2dsweep_sim50norm,sim,06_3-5_TDS-Half-Plunger-Iris2Dsweep-260527_78.s1p,,S11,f_pi2,sim,dispersion_mode_1,2.8774448751896,2.877444,-8.75189599902626e-07,3.599797787453738e-09,-6.239870507577376,touchstone_ri,2.8774448751896,1.0,,,,78,2.0,56.59,19.0724
260603_iris2dsweep_sim50norm,sim,06_3-5_TDS-Half-Plunger-Iris2Dsweep-260527_79.s1p,,S11,f_pi2,sim,dispersion_mode_1,2.8774448751896,2.877444,-8.75189599902626e-07,1.6076746784056638e-09,-7.10024014823866,touchstone_ri,2.8774448751896,1.0,,,,79,2.0,56.59,19.5724
260603_iris2dsweep_sim50norm,sim,06_3-5_TDS-Half-Plunger-Iris2Dsweep-260527_8.s1p,,S11,f_pi2,sim,dispersion_mode_1,2.8774448751896,2.877444,-8.75189599902626e-07,2.5113401614604275e-10,15.546846757793707,touchstone_ri,2.8774448751896,1.0,,,,8,2.0,54.59,19.5724
260603_iris2dsweep_sim50norm,sim,06_3-5_TDS-Half-Plunger-Iris2Dsweep-260527_80.s1p,,S11,f_pi2,sim,dispersion_mode_1,2.8774448751896,2.877444,-8.75189599902626e-07,-1.5540036972464102e-07,-7.486651545695038,touchstone_ri,2.8774448751896,1.0,,,,80,2.0,56.59,19.8224
260603_iris2dsweep_sim50norm,sim,06_3-5_TDS-Half-Plunger-Iris2Dsweep-260527_81.s1p,,S11,f_pi2,sim,dispersion_mode_1,2.8774448751896,2.877444,-8.75189599902626e-07,-2.395381861047673e-07,-7.843826587542101,touchstone_ri,2.8774448751896,1.0,,,,81,2.0,56.59,20.0724
260603_iris2dsweep_sim50norm,sim,06_3-5_TDS-Half-Plunger-Iris2Dsweep-260527_82.s1p,,S11,f_pi2,sim,dispersion_mode_1,2.8774448751896,2.877444,-8.75189599902626e-07,-1.7409491106395442e-07,-8.18275861561446,touchstone_ri,2.8774448751896,1.0,,,,82,2.0,56.59,20.3224
260603_iris2dsweep_sim50norm,sim,06_3-5_TDS-Half-Plunger-Iris2Dsweep-260527_83.s1p,,S11,f_pi2,sim,dispersion_mode_1,2.8774448751896,2.877444,-8.75189599902626e-07,-7.859741448821493e-07,-8.122637476157486,touchstone_ri,2.8774448751896,1.0,,,,83,2.0,56.84,18.3224
260603_iris2dsweep_sim50norm,sim,06_3-5_TDS-Half-Plunger-Iris2Dsweep-260527_84.s1p,,S11,f_pi2,sim,dispersion_mode_1,2.8774448751896,2.877444,-8.75189599902626e-07,-3.4229333812160073e-09,-8.509528904271992,touchstone_ri,2.8774448751896,1.0,,,,84,2.0,56.84,18.5724
260603_iris2dsweep_sim50norm,sim,06_3-5_TDS-Half-Plunger-Iris2Dsweep-260527_85.s1p,,S11,f_pi2,sim,dispersion_mode_1,2.8774448751896,2.877444,-8.75189599902626e-07,-7.355793581438722e-07,-8.869026333124879,touchstone_ri,2.8774448751896,1.0,,,,85,2.0,56.84,18.8224
260603_iris2dsweep_sim50norm,sim,06_3-5_TDS-Half-Plunger-Iris2Dsweep-260527_86.s1p,,S11,f_pi2,sim,dispersion_mode_1,2.8774448751896,2.877444,-8.75189599902626e-07,-2.4185178572128877e-09,-9.203280535324344,touchstone_ri,2.8774448751896,1.0,,,,86,2.0,56.84,19.0724
260603_iris2dsweep_sim50norm,sim,06_3-5_TDS-Half-Plunger-Iris2Dsweep-260527_87.s1p,,S11,f_pi2,sim,dispersion_mode_1,2.8774448751896,2.877444,-8.75189599902626e-07,-5.217270730528117e-07,-9.516892669452435,touchstone_ri,2.8774448751896,1.0,,,,87,2.0,56.84,19.3224
260603_iris2dsweep_sim50norm,sim,06_3-5_TDS-Half-Plunger-Iris2Dsweep-260527_88.s1p,,S11,f_pi2,sim,dispersion_mode_1,2.8774448751896,2.877444,-8.75189599902626e-07,-5.357539546182066e-07,-9.810275252357354,touchstone_ri,2.8774448751896,1.0,,,,88,2.0,56.84,19.5724
260603_iris2dsweep_sim50norm,sim,06_3-5_TDS-Half-Plunger-Iris2Dsweep-260527_89.s1p,,S11,f_pi2,sim,dispersion_mode_1,2.8774448751896,2.877444,-8.75189599902626e-07,-1.7632323465955132e-07,-10.085441106324263,touchstone_ri,2.8774448751896,1.0,,,,89,2.0,56.84,19.8224
260603_iris2dsweep_sim50norm,sim,06_3-5_TDS-Half-Plunger-Iris2Dsweep-260527_9.s1p,,S11,f_pi2,sim,dispersion_mode_1,2.8774448751896,2.877444,-8.75189599902626e-07,-2.694320334365634e-09,13.938608341084755,touchstone_ri,2.8774448751896,1.0,,,,9,2.0,54.59,19.8224
260603_iris2dsweep_sim50norm,sim,06_3-5_TDS-Half-Plunger-Iris2Dsweep-260527_90.s1p,,S11,f_pi2,sim,dispersion_mode_1,2.8774448751896,2.877444,-8.75189599902626e-07,-9.855627124186733e-07,-10.34707687737893,touchstone_ri,2.8774448751896,1.0,,,,90,2.0,56.84,20.0724
260603_iris2dsweep_sim50norm,sim,06_3-5_TDS-Half-Plunger-Iris2Dsweep-260527_91.s1p,,S11,f_pi2,sim,dispersion_mode_1,2.8774448751896,2.877444,-8.75189599902626e-07,-5.494241092742717e-07,-10.591400526096793,touchstone_ri,2.8774448751896,1.0,,,,91,2.0,56.84,20.3224
260603_iris2dsweep_sim50norm,sim,06_3-5_TDS-Half-Plunger-Iris2Dsweep-260527_92.s1p,,S11,f_pi2,sim,dispersion_mode_1,2.8774448751896,2.877444,-8.75189599902626e-07,-7.129242992211126e-07,-11.244568670299376,touchstone_ri,2.8774448751896,1.0,,,,92,2.0,57.09,18.3224
260603_iris2dsweep_sim50norm,sim,06_3-5_TDS-Half-Plunger-Iris2Dsweep-260527_93.s1p,,S11,f_pi2,sim,dispersion_mode_1,2.8774448751896,2.877444,-8.75189599902626e-07,-1.104131988348093e-06,-11.492893926326184,touchstone_ri,2.8774448751896,1.0,,,,93,2.0,57.09,18.5724
260603_iris2dsweep_sim50norm,sim,06_3-5_TDS-Half-Plunger-Iris2Dsweep-260527_94.s1p,,S11,f_pi2,sim,dispersion_mode_1,2.8774448751896,2.877444,-8.75189599902626e-07,-1.1322110409450429e-06,-11.725215160226492,touchstone_ri,2.8774448751896,1.0,,,,94,2.0,57.09,18.8224
260603_iris2dsweep_sim50norm,sim,06_3-5_TDS-Half-Plunger-Iris2Dsweep-260527_95.s1p,,S11,f_pi2,sim,dispersion_mode_1,2.8774448751896,2.877444,-8.75189599902626e-07,-9.187257325167866e-07,-11.946030434287435,touchstone_ri,2.8774448751896,1.0,,,,95,2.0,57.09,19.0724
260603_iris2dsweep_sim50norm,sim,06_3-5_TDS-Half-Plunger-Iris2Dsweep-260527_96.s1p,,S11,f_pi2,sim,dispersion_mode_1,2.8774448751896,2.877444,-8.75189599902626e-07,-6.413728156948771e-07,-12.15432914456306,touchstone_ri,2.8774448751896,1.0,,,,96,2.0,57.09,19.3224
260603_iris2dsweep_sim50norm,sim,06_3-5_TDS-Half-Plunger-Iris2Dsweep-260527_97.s1p,,S11,f_pi2,sim,dispersion_mode_1,2.8774448751896,2.877444,-8.75189599902626e-07,-5.851657741430094e-07,-12.350461966402934,touchstone_ri,2.8774448751896,1.0,,,,97,2.0,57.09,19.5724
260603_iris2dsweep_sim50norm,sim,06_3-5_TDS-Half-Plunger-Iris2Dsweep-260527_98.s1p,,S11,f_pi2,sim,dispersion_mode_1,2.8774448751896,2.877444,-8.75189599902626e-07,-8.745406156685448e-07,-12.539939985182562,touchstone_ri,2.8774448751896,1.0,,,,98,2.0,57.09,19.8224
260603_iris2dsweep_sim50norm,sim,06_3-5_TDS-Half-Plunger-Iris2Dsweep-260527_99.s1p,,S11,f_pi2,sim,dispersion_mode_1,2.8774448751896,2.877444,-8.75189599902626e-07,-8.350530635633588e-07,-12.720840968512954,touchstone_ri,2.8774448751896,1.0,,,,99,2.0,57.09,20.0724
