dataset_id,data_layer,marker_name,marker_role,s_name,position_family,from_source_file,to_source_file,from_tune_position,to_tune_position,target_freq_ghz,from_freq_ghz,to_freq_ghz,from_s_db,to_s_db,from_phase_deg,to_phase_deg,signed_phase_step_deg,phase_advance_0to360_deg,phase_error_from_240_deg
260603_iris2dsweep_sim50norm,sim,f_2pi3,sim,S11,offset_nan,06_3-5_TDS-Half-Plunger-Iris2Dsweep-260527_1.s1p,06_3-5_TDS-Half-Plunger-Iris2Dsweep-260527_10.s1p,,,2.8571160335532,2.857116,2.857116,-1.7701532492469186e-09,-5.523834723071173e-07,-141.87805781868832,26.466685766765742,168.34474358545407,168.34474358545407,-71.65525641454593
260603_iris2dsweep_sim50norm,sim,f_2pi3,sim,S11,offset_nan,06_3-5_TDS-Half-Plunger-Iris2Dsweep-260527_10.s1p,06_3-5_TDS-Half-Plunger-Iris2Dsweep-260527_100.s1p,,,2.8571160335532,2.857116,2.857116,-5.523834723071173e-07,2.8498248877542245e-09,26.466685766765742,-2.610093821300778,-29.07677958806653,330.92322041193347,90.92322041193347
260603_iris2dsweep_sim50norm,sim,f_2pi3,sim,S11,offset_nan,06_3-5_TDS-Half-Plunger-Iris2Dsweep-260527_100.s1p,06_3-5_TDS-Half-Plunger-Iris2Dsweep-260527_101.s1p,,,2.8571160335532,2.857116,2.857116,2.8498248877542245e-09,-3.7801294596604496e-07,-2.610093821300778,-0.8932261199968917,1.7168677013038973,1.7168677013038973,-238.2831322986961
260603_iris2dsweep_sim50norm,sim,f_2pi3,sim,S11,offset_nan,06_3-5_TDS-Half-Plunger-Iris2Dsweep-260527_101.s1p,06_3-5_TDS-Half-Plunger-Iris2Dsweep-260527_102.s1p,,,2.8571160335532,2.857116,2.857116,-3.7801294596604496e-07,3.8343202993258864e-10,-0.8932261199968917,-1.5809756785090043,-0.6877495585121096,359.3122504414879,119.31225044148789
260603_iris2dsweep_sim50norm,sim,f_2pi3,sim,S11,offset_nan,06_3-5_TDS-Half-Plunger-Iris2Dsweep-260527_102.s1p,06_3-5_TDS-Half-Plunger-Iris2Dsweep-260527_103.s1p,,,2.8571160335532,2.857116,2.857116,3.8343202993258864e-10,-1.3025227505121456e-07,-1.5809756785090043,-2.1935208890254114,-0.6125452105164015,359.3874547894836,119.38745478948363
260603_iris2dsweep_sim50norm,sim,f_2pi3,sim,S11,offset_nan,06_3-5_TDS-Half-Plunger-Iris2Dsweep-260527_103.s1p,06_3-5_TDS-Half-Plunger-Iris2Dsweep-260527_104.s1p,,,2.8571160335532,2.857116,2.857116,-1.3025227505121456e-07,-2.6956048185514823e-09,-2.1935208890254114,-2.7498855627680534,-0.5563646737426495,359.4436353262573,119.44363532625732
260603_iris2dsweep_sim50norm,sim,f_2pi3,sim,S11,offset_nan,06_3-5_TDS-Half-Plunger-Iris2Dsweep-260527_104.s1p,06_3-5_TDS-Half-Plunger-Iris2Dsweep-260527_105.s1p,,,2.8571160335532,2.857116,2.857116,-2.6956048185514823e-09,-1.1828421418998685e-09,-2.7498855627680534,-3.251649365961936,-0.5017638031938816,359.49823619680615,119.49823619680615
260603_iris2dsweep_sim50norm,sim,f_2pi3,sim,S11,offset_nan,06_3-5_TDS-Half-Plunger-Iris2Dsweep-260527_105.s1p,06_3-5_TDS-Half-Plunger-Iris2Dsweep-260527_106.s1p,,,2.8571160335532,2.857116,2.857116,-1.1828421418998685e-09,-9.094234822926846e-10,-3.251649365961936,-3.7090337854257536,-0.45738441946380703,359.5426155805362,119.54261558053622
260603_iris2dsweep_sim50norm,sim,f_2pi3,sim,S11,offset_nan,06_3-5_TDS-Half-Plunger-Iris2Dsweep-260527_106.s1p,06_3-5_TDS-Half-Plunger-Iris2Dsweep-260527_107.s1p,,,2.8571160335532,2.857116,2.857116,-9.094234822926846e-10,-1.6880533017106277e-09,-3.7090337854257536,-4.125819651847883,-0.4167858664221171,359.5832141335779,119.58321413357788
260603_iris2dsweep_sim50norm,sim,f_2pi3,sim,S11,offset_nan,06_3-5_TDS-Half-Plunger-Iris2Dsweep-260527_107.s1p,06_3-5_TDS-Half-Plunger-Iris2Dsweep-260527_108.s1p,,,2.8571160335532,2.857116,2.857116,-1.6880533017106277e-09,3.6800799776655887e-09,-4.125819651847883,-4.510829325633937,-0.385009673786044,359.61499032621396,119.61499032621396
260603_iris2dsweep_sim50norm,sim,f_2pi3,sim,S11,offset_nan,06_3-5_TDS-Half-Plunger-Iris2Dsweep-260527_108.s1p,06_3-5_TDS-Half-Plunger-Iris2Dsweep-260527_109.s1p,,,2.8571160335532,2.857116,2.857116,3.6800799776655887e-09,1.8112172053859405e-09,-4.510829325633937,-4.866154266291703,-0.3553249406577663,359.64467505934226,119.64467505934226
260603_iris2dsweep_sim50norm,sim,f_2pi3,sim,S11,offset_nan,06_3-5_TDS-Half-Plunger-Iris2Dsweep-260527_109.s1p,06_3-5_TDS-Half-Plunger-Iris2Dsweep-260527_11.s1p,,,2.8571160335532,2.857116,2.857116,1.8112172053859405e-09,-1.2967012502195332e-09,-4.866154266291703,23.810303126577306,28.676457392868997,28.676457392868997,-211.323542607131
260603_iris2dsweep_sim50norm,sim,f_2pi3,sim,S11,offset_nan,06_3-5_TDS-Half-Plunger-Iris2Dsweep-260527_11.s1p,06_3-5_TDS-Half-Plunger-Iris2Dsweep-260527_110.s1p,,,2.8571160335532,2.857116,2.857116,-1.2967012502195332e-09,4.0823067506134284e-10,23.810303126577306,-4.270203646704799,-28.08050677328211,331.9194932267179,91.91949322671792
260603_iris2dsweep_sim50norm,sim,f_2pi3,sim,S11,offset_nan,06_3-5_TDS-Half-Plunger-Iris2Dsweep-260527_110.s1p,06_3-5_TDS-Half-Plunger-Iris2Dsweep-260527_111.s1p,,,2.8571160335532,2.857116,2.857116,4.0823067506134284e-10,-3.6046213549353453e-09,-4.270203646704799,-4.7135267978394975,-0.443323151134706,359.5566768488653,119.55667684886532
260603_iris2dsweep_sim50norm,sim,f_2pi3,sim,S11,offset_nan,06_3-5_TDS-Half-Plunger-Iris2Dsweep-260527_111.s1p,06_3-5_TDS-Half-Plunger-Iris2Dsweep-260527_112.s1p,,,2.8571160335532,2.857116,2.857116,-3.6046213549353453e-09,1.5414600972542521e-09,-4.7135267978394975,-5.118419690823771,-0.40489289298426456,359.59510710701574,119.59510710701574
260603_iris2dsweep_sim50norm,sim,f_2pi3,sim,S11,offset_nan,06_3-5_TDS-Half-Plunger-Iris2Dsweep-260527_112.s1p,06_3-5_TDS-Half-Plunger-Iris2Dsweep-260527_113.s1p,,,2.8571160335532,2.857116,2.857116,1.5414600972542521e-09,1.0248255144345158e-09,-5.118419690823771,-5.486763054372698,-0.3683433635489166,359.6316566364511,119.63165663645111
260603_iris2dsweep_sim50norm,sim,f_2pi3,sim,S11,offset_nan,06_3-5_TDS-Half-Plunger-Iris2Dsweep-260527_113.s1p,06_3-5_TDS-Half-Plunger-Iris2Dsweep-260527_114.s1p,,,2.8571160335532,2.857116,2.857116,1.0248255144345158e-09,-1.4535847927955254e-09,-5.486763054372698,-5.826839463300456,-0.34007640892775726,359.65992359107224,119.65992359107224
260603_iris2dsweep_sim50norm,sim,f_2pi3,sim,S11,offset_nan,06_3-5_TDS-Half-Plunger-Iris2Dsweep-260527_114.s1p,06_3-5_TDS-Half-Plunger-Iris2Dsweep-260527_115.s1p,,,2.8571160335532,2.857116,2.857116,-1.4535847927955254e-09,-3.62169284408284e-09,-5.826839463300456,-6.1388407215934375,-0.3120012582929803,359.687998741707,119.68799874170702
260603_iris2dsweep_sim50norm,sim,f_2pi3,sim,S11,offset_nan,06_3-5_TDS-Half-Plunger-Iris2Dsweep-260527_115.s1p,06_3-5_TDS-Half-Plunger-Iris2Dsweep-260527_116.s1p,,,2.8571160335532,2.857116,2.857116,-3.62169284408284e-09,1.2793578205425618e-09,-6.1388407215934375,-6.428847778080931,-0.2900070564874966,359.7099929435125,119.70999294351247
260603_iris2dsweep_sim50norm,sim,f_2pi3,sim,S11,offset_nan,06_3-5_TDS-Half-Plunger-Iris2Dsweep-260527_116.s1p,06_3-5_TDS-Half-Plunger-Iris2Dsweep-260527_117.s1p,,,2.8571160335532,2.857116,2.857116,1.2793578205425618e-09,-5.984149543549808e-08,-6.428847778080931,-6.699295591447043,-0.27044781336610413,359.7295521866339,119.7295521866339
260603_iris2dsweep_sim50norm,sim,f_2pi3,sim,S11,offset_nan,06_3-5_TDS-Half-Plunger-Iris2Dsweep-260527_117.s1p,06_3-5_TDS-Half-Plunger-Iris2Dsweep-260527_118.s1p,,,2.8571160335532,2.857116,2.857116,-5.984149543549808e-08,-3.759060327424253e-09,-6.699295591447043,-6.949786601382633,-0.2504910099355868,359.74950899006444,119.74950899006444
260603_iris2dsweep_sim50norm,sim,f_2pi3,sim,S11,offset_nan,06_3-5_TDS-Half-Plunger-Iris2Dsweep-260527_118.s1p,06_3-5_TDS-Half-Plunger-Iris2Dsweep-260527_119.s1p,,,2.8571160335532,2.857116,2.857116,-3.759060327424253e-09,-1.8261613885159284e-09,-6.949786601382633,-7.120275114816443,-0.17048851343380989,359.82951148656616,119.82951148656616
260603_iris2dsweep_sim50norm,sim,f_2pi3,sim,S11,offset_nan,06_3-5_TDS-Half-Plunger-Iris2Dsweep-260527_119.s1p,06_3-5_TDS-Half-Plunger-Iris2Dsweep-260527_12.s1p,,,2.8571160335532,2.857116,2.857116,-1.8261613885159284e-09,-2.185482405271871e-06,-7.120275114816443,59.60594007318265,66.72621518799909,66.72621518799909,-173.2737848120009
260603_iris2dsweep_sim50norm,sim,f_2pi3,sim,S11,offset_nan,06_3-5_TDS-Half-Plunger-Iris2Dsweep-260527_12.s1p,06_3-5_TDS-Half-Plunger-Iris2Dsweep-260527_120.s1p,,,2.8571160335532,2.857116,2.857116,-2.185482405271871e-06,-4.256021665904446e-09,59.60594007318265,-7.394481666236557,-67.00042173941921,292.9995782605808,52.99957826058079
260603_iris2dsweep_sim50norm,sim,f_2pi3,sim,S11,offset_nan,06_3-5_TDS-Half-Plunger-Iris2Dsweep-260527_120.s1p,06_3-5_TDS-Half-Plunger-Iris2Dsweep-260527_121.s1p,,,2.8571160335532,2.857116,2.857116,-4.256021665904446e-09,-8.390275772272093e-10,-7.394481666236557,-7.647793125395986,-0.2533114591594199,359.7466885408406,119.74668854084058
260603_iris2dsweep_sim50norm,sim,f_2pi3,sim,S11,offset_nan,06_3-5_TDS-Half-Plunger-Iris2Dsweep-260527_121.s1p,06_3-5_TDS-Half-Plunger-Iris2Dsweep-260527_122.s1p,,,2.8571160335532,2.857116,2.857116,-8.390275772272093e-10,-1.9458749288947807e-09,-7.647793125395986,-7.882941527900916,-0.23514840250493307,359.76485159749507,119.76485159749507
260603_iris2dsweep_sim50norm,sim,f_2pi3,sim,S11,offset_nan,06_3-5_TDS-Half-Plunger-Iris2Dsweep-260527_122.s1p,06_3-5_TDS-Half-Plunger-Iris2Dsweep-260527_123.s1p,,,2.8571160335532,2.857116,2.857116,-1.9458749288947807e-09,-3.83007629507466e-09,-7.882941527900916,-8.104630811161769,-0.2216892832608437,359.77831071673916,119.77831071673916
260603_iris2dsweep_sim50norm,sim,f_2pi3,sim,S11,offset_nan,06_3-5_TDS-Half-Plunger-Iris2Dsweep-260527_123.s1p,06_3-5_TDS-Half-Plunger-Iris2Dsweep-260527_124.s1p,,,2.8571160335532,2.857116,2.857116,-3.83007629507466e-09,2.9536385972558436e-10,-8.104630811161769,-8.30937564554697,-0.20474483438519542,359.7952551656148,119.79525516561478
260603_iris2dsweep_sim50norm,sim,f_2pi3,sim,S11,offset_nan,06_3-5_TDS-Half-Plunger-Iris2Dsweep-260527_124.s1p,06_3-5_TDS-Half-Plunger-Iris2Dsweep-260527_125.s1p,,,2.8571160335532,2.857116,2.857116,2.9536385972558436e-10,-1.0850950168948664e-09,-8.30937564554697,-8.503376871347136,-0.19400122580017864,359.8059987741998,119.8059987741998
260603_iris2dsweep_sim50norm,sim,f_2pi3,sim,S11,offset_nan,06_3-5_TDS-Half-Plunger-Iris2Dsweep-260527_125.s1p,06_3-5_TDS-Half-Plunger-Iris2Dsweep-260527_126.s1p,,,2.8571160335532,2.857116,2.857116,-1.0850950168948664e-09,-4.422874050291819e-08,-8.503376871347136,-8.684776087318962,-0.18139921597182251,359.81860078402815,119.81860078402815
260603_iris2dsweep_sim50norm,sim,f_2pi3,sim,S11,offset_nan,06_3-5_TDS-Half-Plunger-Iris2Dsweep-260527_126.s1p,06_3-5_TDS-Half-Plunger-Iris2Dsweep-260527_127.s1p,,,2.8571160335532,2.857116,2.857116,-4.422874050291819e-08,-8.963893186044747e-08,-8.684776087318962,-8.856685613527445,-0.17190952620848066,359.8280904737915,119.82809047379152
260603_iris2dsweep_sim50norm,sim,f_2pi3,sim,S11,offset_nan,06_3-5_TDS-Half-Plunger-Iris2Dsweep-260527_127.s1p,06_3-5_TDS-Half-Plunger-Iris2Dsweep-260527_128.s1p,,,2.8571160335532,2.857116,2.857116,-8.963893186044747e-08,1.9555403826539446e-09,-8.856685613527445,-9.506506367768166,-0.6498207542407215,359.35017924575925,119.35017924575925
260603_iris2dsweep_sim50norm,sim,f_2pi3,sim,S11,offset_nan,06_3-5_TDS-Half-Plunger-Iris2Dsweep-260527_128.s1p,06_3-5_TDS-Half-Plunger-Iris2Dsweep-260527_129.s1p,,,2.8571160335532,2.857116,2.857116,1.9555403826539446e-09,3.95840609959475e-09,-9.506506367768166,-9.667360973700639,-0.16085460593248513,359.8391453940675,119.83914539406749
260603_iris2dsweep_sim50norm,sim,f_2pi3,sim,S11,offset_nan,06_3-5_TDS-Half-Plunger-Iris2Dsweep-260527_129.s1p,06_3-5_TDS-Half-Plunger-Iris2Dsweep-260527_13.s1p,,,2.8571160335532,2.857116,2.857116,3.95840609959475e-09,-3.6745293197694955e-07,-9.667360973700639,51.0070837032725,60.67444467697314,60.67444467697314,-179.32555532302686
260603_iris2dsweep_sim50norm,sim,f_2pi3,sim,S11,offset_nan,06_3-5_TDS-Half-Plunger-Iris2Dsweep-260527_13.s1p,06_3-5_TDS-Half-Plunger-Iris2Dsweep-260527_130.s1p,,,2.8571160335532,2.857116,2.857116,-3.6745293197694955e-07,-1.2736403231809658e-09,51.0070837032725,-9.818073861263588,-60.825157564536084,299.1748424354639,59.174842435463916
260603_iris2dsweep_sim50norm,sim,f_2pi3,sim,S11,offset_nan,06_3-5_TDS-Half-Plunger-Iris2Dsweep-260527_130.s1p,06_3-5_TDS-Half-Plunger-Iris2Dsweep-260527_131.s1p,,,2.8571160335532,2.857116,2.857116,-1.2736403231809658e-09,-2.015716733511841e-08,-9.818073861263588,-9.961249461121648,-0.14317559985806838,359.85682440014193,119.85682440014193
260603_iris2dsweep_sim50norm,sim,f_2pi3,sim,S11,offset_nan,06_3-5_TDS-Half-Plunger-Iris2Dsweep-260527_131.s1p,06_3-5_TDS-Half-Plunger-Iris2Dsweep-260527_132.s1p,,,2.8571160335532,2.857116,2.857116,-2.015716733511841e-08,-2.6873791052592338e-09,-9.961249461121648,-10.09652986475716,-0.1352804036355053,359.86471959636447,119.86471959636447
260603_iris2dsweep_sim50norm,sim,f_2pi3,sim,S11,offset_nan,06_3-5_TDS-Half-Plunger-Iris2Dsweep-260527_132.s1p,06_3-5_TDS-Half-Plunger-Iris2Dsweep-260527_133.s1p,,,2.8571160335532,2.857116,2.857116,-2.6873791052592338e-09,-1.9326221765189796e-09,-10.09652986475716,-10.224656979705207,-0.1281271149480574,359.87187288505197,119.87187288505197
260603_iris2dsweep_sim50norm,sim,f_2pi3,sim,S11,offset_nan,06_3-5_TDS-Half-Plunger-Iris2Dsweep-260527_133.s1p,06_3-5_TDS-Half-Plunger-Iris2Dsweep-260527_134.s1p,,,2.8571160335532,2.857116,2.857116,-1.9326221765189796e-09,-6.413935929980703e-08,-10.224656979705207,-10.350110880084765,-0.1254539003795685,359.87454609962043,119.87454609962043
260603_iris2dsweep_sim50norm,sim,f_2pi3,sim,S11,offset_nan,06_3-5_TDS-Half-Plunger-Iris2Dsweep-260527_134.s1p,06_3-5_TDS-Half-Plunger-Iris2Dsweep-260527_135.s1p,,,2.8571160335532,2.857116,2.857116,-6.413935929980703e-08,-4.500082841347889e-07,-10.350110880084765,-10.467165781660452,-0.11705490157569898,359.88294509842433,119.88294509842433
260603_iris2dsweep_sim50norm,sim,f_2pi3,sim,S11,offset_nan,06_3-5_TDS-Half-Plunger-Iris2Dsweep-260527_135.s1p,06_3-5_TDS-Half-Plunger-Iris2Dsweep-260527_136.s1p,,,2.8571160335532,2.857116,2.857116,-4.500082841347889e-07,2.3788801406583964e-10,-10.467165781660452,-10.57942656133848,-0.11226077967802439,359.887739220322,119.88773922032198
260603_iris2dsweep_sim50norm,sim,f_2pi3,sim,S11,offset_nan,06_3-5_TDS-Half-Plunger-Iris2Dsweep-260527_136.s1p,06_3-5_TDS-Half-Plunger-Iris2Dsweep-260527_137.s1p,,,2.8571160335532,2.857116,2.857116,2.3788801406583964e-10,2.5043449296933243e-09,-10.57942656133848,-11.48464136943646,-0.9052148080979805,359.094785191902,119.09478519190202
260603_iris2dsweep_sim50norm,sim,f_2pi3,sim,S11,offset_nan,06_3-5_TDS-Half-Plunger-Iris2Dsweep-260527_137.s1p,06_3-5_TDS-Half-Plunger-Iris2Dsweep-260527_138.s1p,,,2.8571160335532,2.857116,2.857116,2.5043449296933243e-09,-1.3382550849942992e-10,-11.48464136943646,-11.574974051239868,-0.09033268180340315,359.9096673181966,119.90966731819663
260603_iris2dsweep_sim50norm,sim,f_2pi3,sim,S11,offset_nan,06_3-5_TDS-Half-Plunger-Iris2Dsweep-260527_138.s1p,06_3-5_TDS-Half-Plunger-Iris2Dsweep-260527_139.s1p,,,2.8571160335532,2.857116,2.857116,-1.3382550849942992e-10,-6.289071529984933e-08,-11.574974051239868,-11.660842559464593,-0.0858685082247348,359.91413149177527,119.91413149177527
260603_iris2dsweep_sim50norm,sim,f_2pi3,sim,S11,offset_nan,06_3-5_TDS-Half-Plunger-Iris2Dsweep-260527_139.s1p,06_3-5_TDS-Half-Plunger-Iris2Dsweep-260527_14.s1p,,,2.8571160335532,2.857116,2.857116,-6.289071529984933e-08,-2.167176536707471e-06,-11.660842559464593,44.10283515580431,55.7636777152689,55.7636777152689,-184.2363222847311
260603_iris2dsweep_sim50norm,sim,f_2pi3,sim,S11,offset_nan,06_3-5_TDS-Half-Plunger-Iris2Dsweep-260527_14.s1p,06_3-5_TDS-Half-Plunger-Iris2Dsweep-260527_140.s1p,,,2.8571160335532,2.857116,2.857116,-2.167176536707471e-06,1.96144206674792e-09,44.10283515580431,-11.74437794708725,-55.84721310289156,304.15278689710846,64.15278689710846
260603_iris2dsweep_sim50norm,sim,f_2pi3,sim,S11,offset_nan,06_3-5_TDS-Half-Plunger-Iris2Dsweep-260527_140.s1p,06_3-5_TDS-Half-Plunger-Iris2Dsweep-260527_141.s1p,,,2.8571160335532,2.857116,2.857116,1.96144206674792e-09,-7.653155365646432e-08,-11.74437794708725,-11.825756486902288,-0.0813785398150344,359.91862146018497,119.91862146018497
260603_iris2dsweep_sim50norm,sim,f_2pi3,sim,S11,offset_nan,06_3-5_TDS-Half-Plunger-Iris2Dsweep-260527_141.s1p,06_3-5_TDS-Half-Plunger-Iris2Dsweep-260527_142.s1p,,,2.8571160335532,2.857116,2.857116,-7.653155365646432e-08,-2.1068188710137528e-08,-11.825756486902288,-11.903481834859635,-0.07772534795734032,359.9222746520427,119.92227465204269
260603_iris2dsweep_sim50norm,sim,f_2pi3,sim,S11,offset_nan,06_3-5_TDS-Half-Plunger-Iris2Dsweep-260527_142.s1p,06_3-5_TDS-Half-Plunger-Iris2Dsweep-260527_143.s1p,,,2.8571160335532,2.857116,2.857116,-2.1068188710137528e-08,4.2226202533763235e-09,-11.903481834859635,-11.978166875656,-0.07468504079636773,359.92531495920366,119.92531495920366
260603_iris2dsweep_sim50norm,sim,f_2pi3,sim,S11,offset_nan,06_3-5_TDS-Half-Plunger-Iris2Dsweep-260527_143.s1p,06_3-5_TDS-Half-Plunger-Iris2Dsweep-260527_144.s1p,,,2.8571160335532,2.857116,2.857116,4.2226202533763235e-09,-1.8533428868214232e-09,-11.978166875656,-12.053293218635062,-0.07512634297907539,359.92487365702095,119.92487365702095
260603_iris2dsweep_sim50norm,sim,f_2pi3,sim,S11,offset_nan,06_3-5_TDS-Half-Plunger-Iris2Dsweep-260527_144.s1p,06_3-5_TDS-Half-Plunger-Iris2Dsweep-260527_145.s1p,,,2.8571160335532,2.857116,2.857116,-1.8533428868214232e-09,-6.84755860418194e-08,-12.053293218635062,-12.125688370595146,-0.07239515196008028,359.9276048480399,119.92760484803989
260603_iris2dsweep_sim50norm,sim,f_2pi3,sim,S11,offset_nan,06_3-5_TDS-Half-Plunger-Iris2Dsweep-260527_145.s1p,06_3-5_TDS-Half-Plunger-Iris2Dsweep-260527_146.s1p,,,2.8571160335532,2.857116,2.857116,-6.84755860418194e-08,-6.600950753520145e-08,-12.125688370595146,-13.116398149299668,-0.9907097787045132,359.0092902212955,119.00929022129549
260603_iris2dsweep_sim50norm,sim,f_2pi3,sim,S11,offset_nan,06_3-5_TDS-Half-Plunger-Iris2Dsweep-260527_146.s1p,06_3-5_TDS-Half-Plunger-Iris2Dsweep-260527_147.s1p,,,2.8571160335532,2.857116,2.857116,-6.600950753520145e-08,-1.7098352427457845e-08,-13.116398149299668,-13.164856331628613,-0.04845818232894317,359.95154181767106,119.95154181767106
260603_iris2dsweep_sim50norm,sim,f_2pi3,sim,S11,offset_nan,06_3-5_TDS-Half-Plunger-Iris2Dsweep-260527_147.s1p,06_3-5_TDS-Half-Plunger-Iris2Dsweep-260527_148.s1p,,,2.8571160335532,2.857116,2.857116,-1.7098352427457845e-08,-6.363730995634191e-09,-13.164856331628613,-13.213752970396566,-0.0488966387679568,359.9511033612321,119.95110336123207
260603_iris2dsweep_sim50norm,sim,f_2pi3,sim,S11,offset_nan,06_3-5_TDS-Half-Plunger-Iris2Dsweep-260527_148.s1p,06_3-5_TDS-Half-Plunger-Iris2Dsweep-260527_149.s1p,,,2.8571160335532,2.857116,2.857116,-6.363730995634191e-09,-1.219130419754292e-07,-13.213752970396566,-13.261772675705192,-0.048019705308632865,359.95198029469134,119.95198029469134
260603_iris2dsweep_sim50norm,sim,f_2pi3,sim,S11,offset_nan,06_3-5_TDS-Half-Plunger-Iris2Dsweep-260527_149.s1p,06_3-5_TDS-Half-Plunger-Iris2Dsweep-260527_15.s1p,,,2.8571160335532,2.857116,2.857116,-1.219130419754292e-07,-3.944025236928474e-06,-13.261772675705192,38.48653381193103,51.74830648763623,51.74830648763623,-188.25169351236377
260603_iris2dsweep_sim50norm,sim,f_2pi3,sim,S11,offset_nan,06_3-5_TDS-Half-Plunger-Iris2Dsweep-260527_15.s1p,06_3-5_TDS-Half-Plunger-Iris2Dsweep-260527_150.s1p,,,2.8571160335532,2.857116,2.857116,-3.944025236928474e-06,-4.8060605525288405e-09,38.48653381193103,-13.309690934914832,-51.796224746845866,308.20377525315416,68.20377525315416
260603_iris2dsweep_sim50norm,sim,f_2pi3,sim,S11,offset_nan,06_3-5_TDS-Half-Plunger-Iris2Dsweep-260527_150.s1p,06_3-5_TDS-Half-Plunger-Iris2Dsweep-260527_151.s1p,,,2.8571160335532,2.857116,2.857116,-4.8060605525288405e-09,-2.4331685981852877e-08,-13.309690934914832,-13.356340355837233,-0.04664942092239244,359.9533505790776,119.95335057907761
260603_iris2dsweep_sim50norm,sim,f_2pi3,sim,S11,offset_nan,06_3-5_TDS-Half-Plunger-Iris2Dsweep-260527_151.s1p,06_3-5_TDS-Half-Plunger-Iris2Dsweep-260527_152.s1p,,,2.8571160335532,2.857116,2.857116,-2.4331685981852877e-08,-3.338303719193755e-08,-13.356340355837233,-13.403893237081554,-0.04755288124431445,359.9524471187557,119.95244711875569
260603_iris2dsweep_sim50norm,sim,f_2pi3,sim,S11,offset_nan,06_3-5_TDS-Half-Plunger-Iris2Dsweep-260527_152.s1p,06_3-5_TDS-Half-Plunger-Iris2Dsweep-260527_153.s1p,,,2.8571160335532,2.857116,2.857116,-3.338303719193755e-08,-1.8517706186450777e-07,-13.403893237081554,-13.449968936982806,-0.04607569990125171,359.9539243000987,119.95392430009872
260603_iris2dsweep_sim50norm,sim,f_2pi3,sim,S11,offset_nan,06_3-5_TDS-Half-Plunger-Iris2Dsweep-260527_153.s1p,06_3-5_TDS-Half-Plunger-Iris2Dsweep-260527_154.s1p,,,2.8571160335532,2.857116,2.857116,-1.8517706186450777e-07,3.49819431766166e-11,-13.449968936982806,-13.496527238741635,-0.046558301758835796,359.95344169824114,119.95344169824114
260603_iris2dsweep_sim50norm,sim,f_2pi3,sim,S11,offset_nan,06_3-5_TDS-Half-Plunger-Iris2Dsweep-260527_154.s1p,06_3-5_TDS-Half-Plunger-Iris2Dsweep-260527_16.s1p,,,2.8571160335532,2.857116,2.857116,3.49819431766166e-11,-1.954555294448183e-06,-13.496527238741635,33.838812478699786,47.33533971744143,47.33533971744143,-192.66466028255857
260603_iris2dsweep_sim50norm,sim,f_2pi3,sim,S11,offset_nan,06_3-5_TDS-Half-Plunger-Iris2Dsweep-260527_16.s1p,06_3-5_TDS-Half-Plunger-Iris2Dsweep-260527_17.s1p,,,2.8571160335532,2.857116,2.857116,-1.954555294448183e-06,-3.8278096497183065e-07,33.838812478699786,29.947611089970678,-3.8912013887291153,356.1087986112709,116.10879861127091
260603_iris2dsweep_sim50norm,sim,f_2pi3,sim,S11,offset_nan,06_3-5_TDS-Half-Plunger-Iris2Dsweep-260527_17.s1p,06_3-5_TDS-Half-Plunger-Iris2Dsweep-260527_18.s1p,,,2.8571160335532,2.857116,2.857116,-3.8278096497183065e-07,-3.5302292128417805e-07,29.947611089970678,26.65008540309524,-3.2975256868754457,356.7024743131245,116.70247431312453
260603_iris2dsweep_sim50norm,sim,f_2pi3,sim,S11,offset_nan,06_3-5_TDS-Half-Plunger-Iris2Dsweep-260527_18.s1p,06_3-5_TDS-Half-Plunger-Iris2Dsweep-260527_19.s1p,,,2.8571160335532,2.857116,2.857116,-3.5302292128417805e-07,-1.6165064674124984e-07,26.65008540309524,23.81941055715606,-2.8306748459391713,357.16932515406086,117.16932515406086
260603_iris2dsweep_sim50norm,sim,f_2pi3,sim,S11,offset_nan,06_3-5_TDS-Half-Plunger-Iris2Dsweep-260527_19.s1p,06_3-5_TDS-Half-Plunger-Iris2Dsweep-260527_2.s1p,,,2.8571160335532,2.857116,2.857116,-1.6165064674124984e-07,-3.5098617163956787e-09,23.81941055715606,6.263356143028388,-17.556054414127686,342.4439455858723,102.44394558587231
260603_iris2dsweep_sim50norm,sim,f_2pi3,sim,S11,offset_nan,06_3-5_TDS-Half-Plunger-Iris2Dsweep-260527_2.s1p,06_3-5_TDS-Half-Plunger-Iris2Dsweep-260527_20.s1p,,,2.8571160335532,2.857116,2.857116,-3.5098617163956787e-09,-1.858280243451231e-09,6.263356143028388,21.368613915727902,15.105257772699503,15.105257772699503,-224.8947422273005
260603_iris2dsweep_sim50norm,sim,f_2pi3,sim,S11,offset_nan,06_3-5_TDS-Half-Plunger-Iris2Dsweep-260527_20.s1p,06_3-5_TDS-Half-Plunger-Iris2Dsweep-260527_21.s1p,,,2.8571160335532,2.857116,2.857116,-1.858280243451231e-09,-3.4526085463358605e-06,21.368613915727902,53.23295122782723,31.864337312099337,31.864337312099337,-208.13566268790066
260603_iris2dsweep_sim50norm,sim,f_2pi3,sim,S11,offset_nan,06_3-5_TDS-Half-Plunger-Iris2Dsweep-260527_21.s1p,06_3-5_TDS-Half-Plunger-Iris2Dsweep-260527_22.s1p,,,2.8571160335532,2.857116,2.857116,-3.4526085463358605e-06,-7.903380145133944e-06,53.23295122782723,45.49390745250862,-7.739043775318606,352.2609562246814,112.26095622468142
260603_iris2dsweep_sim50norm,sim,f_2pi3,sim,S11,offset_nan,06_3-5_TDS-Half-Plunger-Iris2Dsweep-260527_22.s1p,06_3-5_TDS-Half-Plunger-Iris2Dsweep-260527_23.s1p,,,2.8571160335532,2.857116,2.857116,-7.903380145133944e-06,-1.843501059700457e-06,45.49390745250862,39.30177321224593,-6.192134240262703,353.8078657597373,113.8078657597373
260603_iris2dsweep_sim50norm,sim,f_2pi3,sim,S11,offset_nan,06_3-5_TDS-Half-Plunger-Iris2Dsweep-260527_23.s1p,06_3-5_TDS-Half-Plunger-Iris2Dsweep-260527_24.s1p,,,2.8571160335532,2.857116,2.857116,-1.843501059700457e-06,-1.99566808712798e-07,39.30177321224593,34.25065969799613,-5.051113514249806,354.9488864857502,114.94888648575022
260603_iris2dsweep_sim50norm,sim,f_2pi3,sim,S11,offset_nan,06_3-5_TDS-Half-Plunger-Iris2Dsweep-260527_24.s1p,06_3-5_TDS-Half-Plunger-Iris2Dsweep-260527_25.s1p,,,2.8571160335532,2.857116,2.857116,-1.99566808712798e-07,1.5429374469327496e-09,34.25065969799613,30.06857774850603,-4.182081949490112,355.8179180505099,115.81791805050989
260603_iris2dsweep_sim50norm,sim,f_2pi3,sim,S11,offset_nan,06_3-5_TDS-Half-Plunger-Iris2Dsweep-260527_25.s1p,06_3-5_TDS-Half-Plunger-Iris2Dsweep-260527_26.s1p,,,2.8571160335532,2.857116,2.857116,1.5429374469327496e-09,-7.708408340553382e-08,30.06857774850603,26.55871905841175,-3.5098586900942905,356.4901413099057,116.49014130990571
260603_iris2dsweep_sim50norm,sim,f_2pi3,sim,S11,offset_nan,06_3-5_TDS-Half-Plunger-Iris2Dsweep-260527_26.s1p,06_3-5_TDS-Half-Plunger-Iris2Dsweep-260527_27.s1p,,,2.8571160335532,2.857116,2.857116,-7.708408340553382e-08,2.064466955940731e-09,26.55871905841175,23.57801349575049,-2.9807055626612566,357.0192944373388,117.01929443733877
260603_iris2dsweep_sim50norm,sim,f_2pi3,sim,S11,offset_nan,06_3-5_TDS-Half-Plunger-Iris2Dsweep-260527_27.s1p,06_3-5_TDS-Half-Plunger-Iris2Dsweep-260527_28.s1p,,,2.8571160335532,2.857116,2.857116,2.064466955940731e-09,-3.486375520938315e-09,23.57801349575049,21.017137089528777,-2.5608764062217233,357.4391235937783,117.43912359377828
260603_iris2dsweep_sim50norm,sim,f_2pi3,sim,S11,offset_nan,06_3-5_TDS-Half-Plunger-Iris2Dsweep-260527_28.s1p,06_3-5_TDS-Half-Plunger-Iris2Dsweep-260527_29.s1p,,,2.8571160335532,2.857116,2.857116,-3.486375520938315e-09,-7.789313541033392e-07,21.017137089528777,18.791483080993412,-2.225654008535372,357.77434599146466,117.77434599146466
260603_iris2dsweep_sim50norm,sim,f_2pi3,sim,S11,offset_nan,06_3-5_TDS-Half-Plunger-Iris2Dsweep-260527_29.s1p,06_3-5_TDS-Half-Plunger-Iris2Dsweep-260527_3.s1p,,,2.8571160335532,2.857116,2.857116,-7.789313541033392e-07,-8.364255310568947e-06,18.791483080993412,65.2960677452214,46.50458466422799,46.50458466422799,-193.495415335772
260603_iris2dsweep_sim50norm,sim,f_2pi3,sim,S11,offset_nan,06_3-5_TDS-Half-Plunger-Iris2Dsweep-260527_3.s1p,06_3-5_TDS-Half-Plunger-Iris2Dsweep-260527_30.s1p,,,2.8571160335532,2.857116,2.857116,-8.364255310568947e-06,-1.7832215447079056e-06,65.2960677452214,46.36488764769005,-18.931180097531353,341.06881990246865,101.06881990246865
260603_iris2dsweep_sim50norm,sim,f_2pi3,sim,S11,offset_nan,06_3-5_TDS-Half-Plunger-Iris2Dsweep-260527_30.s1p,06_3-5_TDS-Half-Plunger-Iris2Dsweep-260527_31.s1p,,,2.8571160335532,2.857116,2.857116,-1.7832215447079056e-06,-1.965973474252453e-06,46.36488764769005,39.623015630095196,-6.741872017594858,353.25812798240514,113.25812798240514
260603_iris2dsweep_sim50norm,sim,f_2pi3,sim,S11,offset_nan,06_3-5_TDS-Half-Plunger-Iris2Dsweep-260527_31.s1p,06_3-5_TDS-Half-Plunger-Iris2Dsweep-260527_32.s1p,,,2.8571160335532,2.857116,2.857116,-1.965973474252453e-06,-3.7176422328968665e-07,39.623015630095196,34.20390643739358,-5.419109192701626,354.5808908072984,114.58089080729837
260603_iris2dsweep_sim50norm,sim,f_2pi3,sim,S11,offset_nan,06_3-5_TDS-Half-Plunger-Iris2Dsweep-260527_32.s1p,06_3-5_TDS-Half-Plunger-Iris2Dsweep-260527_33.s1p,,,2.8571160335532,2.857116,2.857116,-3.7176422328968665e-07,9.2413429774243e-11,34.20390643739358,29.781752513284346,-4.422153924109239,355.57784607589076,115.57784607589076
260603_iris2dsweep_sim50norm,sim,f_2pi3,sim,S11,offset_nan,06_3-5_TDS-Half-Plunger-Iris2Dsweep-260527_33.s1p,06_3-5_TDS-Half-Plunger-Iris2Dsweep-260527_34.s1p,,,2.8571160335532,2.857116,2.857116,9.2413429774243e-11,1.5065398710415516e-09,29.781752513284346,26.10022177960589,-3.6815307336784713,356.31846926632153,116.31846926632153
260603_iris2dsweep_sim50norm,sim,f_2pi3,sim,S11,offset_nan,06_3-5_TDS-Half-Plunger-Iris2Dsweep-260527_34.s1p,06_3-5_TDS-Half-Plunger-Iris2Dsweep-260527_35.s1p,,,2.8571160335532,2.857116,2.857116,1.5065398710415516e-09,-4.907437406161873e-09,26.10022177960589,23.005656015049208,-3.094565764556677,356.9054342354433,116.9054342354433
260603_iris2dsweep_sim50norm,sim,f_2pi3,sim,S11,offset_nan,06_3-5_TDS-Half-Plunger-Iris2Dsweep-260527_35.s1p,06_3-5_TDS-Half-Plunger-Iris2Dsweep-260527_36.s1p,,,2.8571160335532,2.857116,2.857116,-4.907437406161873e-09,2.3069239534853468e-09,23.005656015049208,20.36595069477905,-2.639705320270167,357.3602946797298,117.3602946797298
260603_iris2dsweep_sim50norm,sim,f_2pi3,sim,S11,offset_nan,06_3-5_TDS-Half-Plunger-Iris2Dsweep-260527_36.s1p,06_3-5_TDS-Half-Plunger-Iris2Dsweep-260527_37.s1p,,,2.8571160335532,2.857116,2.857116,2.3069239534853468e-09,-9.942477184081114e-08,20.36595069477905,18.08973327923136,-2.276217415547677,357.72378258445235,117.72378258445235
260603_iris2dsweep_sim50norm,sim,f_2pi3,sim,S11,offset_nan,06_3-5_TDS-Half-Plunger-Iris2Dsweep-260527_37.s1p,06_3-5_TDS-Half-Plunger-Iris2Dsweep-260527_38.s1p,,,2.8571160335532,2.857116,2.857116,-9.942477184081114e-08,-1.40394892942893e-09,18.08973327923136,16.10789100541051,-1.9818422738208596,358.01815772617914,118.01815772617914
260603_iris2dsweep_sim50norm,sim,f_2pi3,sim,S11,offset_nan,06_3-5_TDS-Half-Plunger-Iris2Dsweep-260527_38.s1p,06_3-5_TDS-Half-Plunger-Iris2Dsweep-260527_39.s1p,,,2.8571160335532,2.857116,2.857116,-1.40394892942893e-09,-3.648920281686939e-07,16.10789100541051,39.23403342732585,23.126142421915347,23.126142421915347,-216.87385757808465
260603_iris2dsweep_sim50norm,sim,f_2pi3,sim,S11,offset_nan,06_3-5_TDS-Half-Plunger-Iris2Dsweep-260527_39.s1p,06_3-5_TDS-Half-Plunger-Iris2Dsweep-260527_4.s1p,,,2.8571160335532,2.857116,2.857116,-3.648920281686939e-07,-7.089829606714955e-06,39.23403342732585,55.99069884590208,16.756665418576233,16.756665418576233,-223.24333458142377
260603_iris2dsweep_sim50norm,sim,f_2pi3,sim,S11,offset_nan,06_3-5_TDS-Half-Plunger-Iris2Dsweep-260527_4.s1p,06_3-5_TDS-Half-Plunger-Iris2Dsweep-260527_40.s1p,,,2.8571160335532,2.857116,2.857116,-7.089829606714955e-06,-6.7902357367713e-07,55.99069884590208,33.557138962478795,-22.4335598834233,337.5664401165767,97.5664401165767
260603_iris2dsweep_sim50norm,sim,f_2pi3,sim,S11,offset_nan,06_3-5_TDS-Half-Plunger-Iris2Dsweep-260527_40.s1p,06_3-5_TDS-Half-Plunger-Iris2Dsweep-260527_41.s1p,,,2.8571160335532,2.857116,2.857116,-6.7902357367713e-07,-5.903514929272379e-06,33.557138962478795,28.95846582979422,-4.598673132684581,355.40132686731545,115.40132686731545
260603_iris2dsweep_sim50norm,sim,f_2pi3,sim,S11,offset_nan,06_3-5_TDS-Half-Plunger-Iris2Dsweep-260527_41.s1p,06_3-5_TDS-Half-Plunger-Iris2Dsweep-260527_42.s1p,,,2.8571160335532,2.857116,2.857116,-5.903514929272379e-06,-5.942052886154607e-06,28.95846582979422,25.18127920382638,-3.777186625967829,356.22281337403217,116.22281337403217
260603_iris2dsweep_sim50norm,sim,f_2pi3,sim,S11,offset_nan,06_3-5_TDS-Half-Plunger-Iris2Dsweep-260527_42.s1p,06_3-5_TDS-Half-Plunger-Iris2Dsweep-260527_43.s1p,,,2.8571160335532,2.857116,2.857116,-5.942052886154607e-06,-6.21833649084268e-06,25.18127920382638,22.025706415689765,-3.155572788136624,356.8444272118634,116.84442721186338
260603_iris2dsweep_sim50norm,sim,f_2pi3,sim,S11,offset_nan,06_3-5_TDS-Half-Plunger-Iris2Dsweep-260527_43.s1p,06_3-5_TDS-Half-Plunger-Iris2Dsweep-260527_44.s1p,,,2.8571160335532,2.857116,2.857116,-6.21833649084268e-06,-5.804751885982108e-07,22.025706415689765,19.354060844004287,-2.671645571685474,357.3283544283145,117.32835442831453
260603_iris2dsweep_sim50norm,sim,f_2pi3,sim,S11,offset_nan,06_3-5_TDS-Half-Plunger-Iris2Dsweep-260527_44.s1p,06_3-5_TDS-Half-Plunger-Iris2Dsweep-260527_45.s1p,,,2.8571160335532,2.857116,2.857116,-5.804751885982108e-07,-3.6216572772886955e-07,19.354060844004287,17.06408537437718,-2.289975469627109,357.7100245303729,117.71002453037289
260603_iris2dsweep_sim50norm,sim,f_2pi3,sim,S11,offset_nan,06_3-5_TDS-Half-Plunger-Iris2Dsweep-260527_45.s1p,06_3-5_TDS-Half-Plunger-Iris2Dsweep-260527_46.s1p,,,2.8571160335532,2.857116,2.857116,-3.6216572772886955e-07,-2.6923087472697806e-09,17.06408537437718,15.081593253596584,-1.9824921207805914,358.0175078792194,118.01750787921941
260603_iris2dsweep_sim50norm,sim,f_2pi3,sim,S11,offset_nan,06_3-5_TDS-Half-Plunger-Iris2Dsweep-260527_46.s1p,06_3-5_TDS-Half-Plunger-Iris2Dsweep-260527_47.s1p,,,2.8571160335532,2.857116,2.857116,-2.6923087472697806e-09,-1.1268851119907408e-09,15.081593253596584,13.348911815238333,-1.7326814383582416,358.2673185616418,118.26731856164179
260603_iris2dsweep_sim50norm,sim,f_2pi3,sim,S11,offset_nan,06_3-5_TDS-Half-Plunger-Iris2Dsweep-260527_47.s1p,06_3-5_TDS-Half-Plunger-Iris2Dsweep-260527_48.s1p,,,2.8571160335532,2.857116,2.857116,-1.1268851119907408e-09,-3.67962288730398e-10,13.348911815238333,32.11610980306334,18.767197987825,18.767197987825,-221.232802012175
260603_iris2dsweep_sim50norm,sim,f_2pi3,sim,S11,offset_nan,06_3-5_TDS-Half-Plunger-Iris2Dsweep-260527_48.s1p,06_3-5_TDS-Half-Plunger-Iris2Dsweep-260527_49.s1p,,,2.8571160335532,2.857116,2.857116,-3.67962288730398e-10,-6.448640632559748e-07,32.11610980306334,27.48048374590506,-4.635626057158277,355.3643739428417,115.36437394284172
260603_iris2dsweep_sim50norm,sim,f_2pi3,sim,S11,offset_nan,06_3-5_TDS-Half-Plunger-Iris2Dsweep-260527_49.s1p,06_3-5_TDS-Half-Plunger-Iris2Dsweep-260527_5.s1p,,,2.8571160335532,2.857116,2.857116,-6.448640632559748e-07,-6.294621770338156e-06,27.48048374590506,48.509317758345425,21.02883401244037,21.02883401244037,-218.97116598755963
260603_iris2dsweep_sim50norm,sim,f_2pi3,sim,S11,offset_nan,06_3-5_TDS-Half-Plunger-Iris2Dsweep-260527_5.s1p,06_3-5_TDS-Half-Plunger-Iris2Dsweep-260527_50.s1p,,,2.8571160335532,2.857116,2.857116,-6.294621770338156e-06,-1.0479727956649946e-06,48.509317758345425,23.702646480709987,-24.806671277635445,335.1933287223645,95.19332872236453
260603_iris2dsweep_sim50norm,sim,f_2pi3,sim,S11,offset_nan,06_3-5_TDS-Half-Plunger-Iris2Dsweep-260527_50.s1p,06_3-5_TDS-Half-Plunger-Iris2Dsweep-260527_51.s1p,,,2.8571160335532,2.857116,2.857116,-1.0479727956649946e-06,-2.2492957060114039e-07,23.702646480709987,20.56459216512629,-3.1380543155837017,356.8619456844163,116.8619456844163
260603_iris2dsweep_sim50norm,sim,f_2pi3,sim,S11,offset_nan,06_3-5_TDS-Half-Plunger-Iris2Dsweep-260527_51.s1p,06_3-5_TDS-Half-Plunger-Iris2Dsweep-260527_52.s1p,,,2.8571160335532,2.857116,2.857116,-2.2492957060114039e-07,-3.583504141655799e-07,20.56459216512629,17.922199413754065,-2.6423927513722276,357.3576072486278,117.3576072486278
260603_iris2dsweep_sim50norm,sim,f_2pi3,sim,S11,offset_nan,06_3-5_TDS-Half-Plunger-Iris2Dsweep-260527_52.s1p,06_3-5_TDS-Half-Plunger-Iris2Dsweep-260527_53.s1p,,,2.8571160335532,2.857116,2.857116,-3.583504141655799e-07,-4.119192189639696e-08,17.922199413754065,15.672177366064997,-2.2500220476890718,357.7499779523109,117.74997795231093
260603_iris2dsweep_sim50norm,sim,f_2pi3,sim,S11,offset_nan,06_3-5_TDS-Half-Plunger-Iris2Dsweep-260527_53.s1p,06_3-5_TDS-Half-Plunger-Iris2Dsweep-260527_54.s1p,,,2.8571160335532,2.857116,2.857116,-4.119192189639696e-08,1.3464865841341224e-09,15.672177366064997,13.731645489308486,-1.9405318767565234,358.0594681232435,118.0594681232435
260603_iris2dsweep_sim50norm,sim,f_2pi3,sim,S11,offset_nan,06_3-5_TDS-Half-Plunger-Iris2Dsweep-260527_54.s1p,06_3-5_TDS-Half-Plunger-Iris2Dsweep-260527_55.s1p,,,2.8571160335532,2.857116,2.857116,1.3464865841341224e-09,4.320360628995259e-10,13.731645489308486,12.040748655180924,-1.6908968341275568,358.30910316587244,118.30910316587244
260603_iris2dsweep_sim50norm,sim,f_2pi3,sim,S11,offset_nan,06_3-5_TDS-Half-Plunger-Iris2Dsweep-260527_55.s1p,06_3-5_TDS-Half-Plunger-Iris2Dsweep-260527_56.s1p,,,2.8571160335532,2.857116,2.857116,4.320360628995259e-10,-1.5517591148724338e-09,12.040748655180924,10.55484262096314,-1.485906034217777,358.5140939657822,118.5140939657822
260603_iris2dsweep_sim50norm,sim,f_2pi3,sim,S11,offset_nan,06_3-5_TDS-Half-Plunger-Iris2Dsweep-260527_56.s1p,06_3-5_TDS-Half-Plunger-Iris2Dsweep-260527_57.s1p,,,2.8571160335532,2.857116,2.857116,-1.5517591148724338e-09,3.0493558124459405e-09,10.55484262096314,25.23498779856757,14.68014517760443,14.68014517760443,-225.31985482239557
260603_iris2dsweep_sim50norm,sim,f_2pi3,sim,S11,offset_nan,06_3-5_TDS-Half-Plunger-Iris2Dsweep-260527_57.s1p,06_3-5_TDS-Half-Plunger-Iris2Dsweep-260527_58.s1p,,,2.8571160335532,2.857116,2.857116,3.0493558124459405e-09,2.5594755309401053e-09,25.23498779856757,21.579097585050132,-3.655890213517438,356.3441097864826,116.34410978648259
260603_iris2dsweep_sim50norm,sim,f_2pi3,sim,S11,offset_nan,06_3-5_TDS-Half-Plunger-Iris2Dsweep-260527_58.s1p,06_3-5_TDS-Half-Plunger-Iris2Dsweep-260527_59.s1p,,,2.8571160335532,2.857116,2.857116,2.5594755309401053e-09,6.940959092282597e-10,21.579097585050132,18.56120289620584,-3.0178946888442795,356.9821053111557,116.98210531115569
260603_iris2dsweep_sim50norm,sim,f_2pi3,sim,S11,offset_nan,06_3-5_TDS-Half-Plunger-Iris2Dsweep-260527_59.s1p,06_3-5_TDS-Half-Plunger-Iris2Dsweep-260527_6.s1p,,,2.8571160335532,2.857116,2.857116,6.940959092282597e-10,-4.056925651884422e-10,18.56120289620584,42.39996682679317,23.838763930587334,23.838763930587334,-216.16123606941267
260603_iris2dsweep_sim50norm,sim,f_2pi3,sim,S11,offset_nan,06_3-5_TDS-Half-Plunger-Iris2Dsweep-260527_6.s1p,06_3-5_TDS-Half-Plunger-Iris2Dsweep-260527_60.s1p,,,2.8571160335532,2.857116,2.857116,-4.056925651884422e-10,-2.462065921287203e-09,42.39996682679317,16.028137593700322,-26.371829233092853,333.62817076690715,93.62817076690715
260603_iris2dsweep_sim50norm,sim,f_2pi3,sim,S11,offset_nan,06_3-5_TDS-Half-Plunger-Iris2Dsweep-260527_60.s1p,06_3-5_TDS-Half-Plunger-Iris2Dsweep-260527_61.s1p,,,2.8571160335532,2.857116,2.857116,-2.462065921287203e-09,8.107602461217702e-10,16.028137593700322,13.880844984388265,-2.1472926093120464,357.85270739068795,117.85270739068795
260603_iris2dsweep_sim50norm,sim,f_2pi3,sim,S11,offset_nan,06_3-5_TDS-Half-Plunger-Iris2Dsweep-260527_61.s1p,06_3-5_TDS-Half-Plunger-Iris2Dsweep-260527_62.s1p,,,2.8571160335532,2.857116,2.857116,8.107602461217702e-10,2.2831841399200106e-09,13.880844984388265,12.028314636476999,-1.8525303479112551,358.1474696520887,118.14746965208872
260603_iris2dsweep_sim50norm,sim,f_2pi3,sim,S11,offset_nan,06_3-5_TDS-Half-Plunger-Iris2Dsweep-260527_62.s1p,06_3-5_TDS-Half-Plunger-Iris2Dsweep-260527_63.s1p,,,2.8571160335532,2.857116,2.857116,2.2831841399200106e-09,2.9928693667847623e-09,12.028314636476999,10.421121118510364,-1.6071935179666355,358.3928064820334,118.3928064820334
260603_iris2dsweep_sim50norm,sim,f_2pi3,sim,S11,offset_nan,06_3-5_TDS-Half-Plunger-Iris2Dsweep-260527_63.s1p,06_3-5_TDS-Half-Plunger-Iris2Dsweep-260527_64.s1p,,,2.8571160335532,2.857116,2.857116,2.9928693667847623e-09,3.3296260185671386e-09,10.421121118510364,9.01202258809025,-1.409098530420124,358.5909014695799,118.59090146957988
260603_iris2dsweep_sim50norm,sim,f_2pi3,sim,S11,offset_nan,06_3-5_TDS-Half-Plunger-Iris2Dsweep-260527_64.s1p,06_3-5_TDS-Half-Plunger-Iris2Dsweep-260527_65.s1p,,,2.8571160335532,2.857116,2.857116,3.3296260185671386e-09,-1.2980156285566416e-09,9.01202258809025,7.764425110686985,-1.247597477403275,358.75240252259675,118.75240252259675
260603_iris2dsweep_sim50norm,sim,f_2pi3,sim,S11,offset_nan,06_3-5_TDS-Half-Plunger-Iris2Dsweep-260527_65.s1p,06_3-5_TDS-Half-Plunger-Iris2Dsweep-260527_66.s1p,,,2.8571160335532,2.857116,2.857116,-1.2980156285566416e-09,8.425155495923477e-10,7.764425110686985,18.788676473127474,11.02425136244048,11.02425136244048,-228.97574863755952
260603_iris2dsweep_sim50norm,sim,f_2pi3,sim,S11,offset_nan,06_3-5_TDS-Half-Plunger-Iris2Dsweep-260527_66.s1p,06_3-5_TDS-Half-Plunger-Iris2Dsweep-260527_67.s1p,,,2.8571160335532,2.857116,2.857116,8.425155495923477e-10,-4.6320544113870276e-09,18.788676473127474,15.9966898963419,-2.7919865767855754,357.2080134232144,117.20801342321442
260603_iris2dsweep_sim50norm,sim,f_2pi3,sim,S11,offset_nan,06_3-5_TDS-Half-Plunger-Iris2Dsweep-260527_67.s1p,06_3-5_TDS-Half-Plunger-Iris2Dsweep-260527_68.s1p,,,2.8571160335532,2.857116,2.857116,-4.6320544113870276e-09,1.523778188830651e-09,15.9966898963419,13.66018065239225,-2.3365092439496493,357.66349075605035,117.66349075605035
260603_iris2dsweep_sim50norm,sim,f_2pi3,sim,S11,offset_nan,06_3-5_TDS-Half-Plunger-Iris2Dsweep-260527_68.s1p,06_3-5_TDS-Half-Plunger-Iris2Dsweep-260527_69.s1p,,,2.8571160335532,2.857116,2.857116,1.523778188830651e-09,1.6464464285186424e-09,13.66018065239225,11.676214383693162,-1.9839662686990778,358.0160337313009,118.01603373130092
260603_iris2dsweep_sim50norm,sim,f_2pi3,sim,S11,offset_nan,06_3-5_TDS-Half-Plunger-Iris2Dsweep-260527_69.s1p,06_3-5_TDS-Half-Plunger-Iris2Dsweep-260527_7.s1p,,,2.8571160335532,2.857116,2.857116,1.6464464285186424e-09,4.983644347145958e-12,11.676214383693162,37.35100214020952,25.674787756516366,25.674787756516366,-214.32521224348363
260603_iris2dsweep_sim50norm,sim,f_2pi3,sim,S11,offset_nan,06_3-5_TDS-Half-Plunger-Iris2Dsweep-260527_7.s1p,06_3-5_TDS-Half-Plunger-Iris2Dsweep-260527_70.s1p,,,2.8571160335532,2.857116,2.857116,4.983644347145958e-12,1.1193238201802752e-09,37.35100214020952,9.972952546477314,-27.378049593732214,332.6219504062678,92.62195040626779
260603_iris2dsweep_sim50norm,sim,f_2pi3,sim,S11,offset_nan,06_3-5_TDS-Half-Plunger-Iris2Dsweep-260527_70.s1p,06_3-5_TDS-Half-Plunger-Iris2Dsweep-260527_71.s1p,,,2.8571160335532,2.857116,2.857116,1.1193238201802752e-09,1.686234579780998e-09,9.972952546477314,8.489559549460552,-1.4833929970167503,358.5166070029833,118.51660700298328
260603_iris2dsweep_sim50norm,sim,f_2pi3,sim,S11,offset_nan,06_3-5_TDS-Half-Plunger-Iris2Dsweep-260527_71.s1p,06_3-5_TDS-Half-Plunger-Iris2Dsweep-260527_72.s1p,,,2.8571160335532,2.857116,2.857116,1.686234579780998e-09,-2.582677250546447e-09,8.489559549460552,7.191163896396418,-1.2983956530641194,358.7016043469359,118.70160434693588
260603_iris2dsweep_sim50norm,sim,f_2pi3,sim,S11,offset_nan,06_3-5_TDS-Half-Plunger-Iris2Dsweep-260527_72.s1p,06_3-5_TDS-Half-Plunger-Iris2Dsweep-260527_73.s1p,,,2.8571160335532,2.857116,2.857116,-2.582677250546447e-09,2.4610601270419853e-09,7.191163896396418,6.044315771258016,-1.1468481251384048,358.8531518748616,118.85315187486162
260603_iris2dsweep_sim50norm,sim,f_2pi3,sim,S11,offset_nan,06_3-5_TDS-Half-Plunger-Iris2Dsweep-260527_73.s1p,06_3-5_TDS-Half-Plunger-Iris2Dsweep-260527_74.s1p,,,2.8571160335532,2.857116,2.857116,2.4610601270419853e-09,4.145113397616904e-09,6.044315771258016,5.021404171129048,-1.022911600128964,358.97708839987104,118.97708839987104
260603_iris2dsweep_sim50norm,sim,f_2pi3,sim,S11,offset_nan,06_3-5_TDS-Half-Plunger-Iris2Dsweep-260527_74.s1p,06_3-5_TDS-Half-Plunger-Iris2Dsweep-260527_75.s1p,,,2.8571160335532,2.857116,2.857116,4.145113397616904e-09,2.0629973208820534e-09,5.021404171129048,12.906935873326532,7.885531702197483,7.885531702197483,-232.11446829780252
260603_iris2dsweep_sim50norm,sim,f_2pi3,sim,S11,offset_nan,06_3-5_TDS-Half-Plunger-Iris2Dsweep-260527_75.s1p,06_3-5_TDS-Half-Plunger-Iris2Dsweep-260527_76.s1p,,,2.8571160335532,2.857116,2.857116,2.0629973208820534e-09,3.8479944628010073e-10,12.906935873326532,10.842794123959683,-2.064141749366854,357.93585825063315,117.93585825063315
260603_iris2dsweep_sim50norm,sim,f_2pi3,sim,S11,offset_nan,06_3-5_TDS-Half-Plunger-Iris2Dsweep-260527_76.s1p,06_3-5_TDS-Half-Plunger-Iris2Dsweep-260527_77.s1p,,,2.8571160335532,2.857116,2.857116,3.8479944628010073e-10,-1.70153556402314e-09,10.842794123959683,9.089677697598578,-1.7531164263611174,358.2468835736389,118.24688357363891
260603_iris2dsweep_sim50norm,sim,f_2pi3,sim,S11,offset_nan,06_3-5_TDS-Half-Plunger-Iris2Dsweep-260527_77.s1p,06_3-5_TDS-Half-Plunger-Iris2Dsweep-260527_78.s1p,,,2.8571160335532,2.857116,2.857116,-1.70153556402314e-09,-1.7888862746160208e-09,9.089677697598578,7.579233695094405,-1.5104440025041868,358.4895559974958,118.48955599749581
260603_iris2dsweep_sim50norm,sim,f_2pi3,sim,S11,offset_nan,06_3-5_TDS-Half-Plunger-Iris2Dsweep-260527_78.s1p,06_3-5_TDS-Half-Plunger-Iris2Dsweep-260527_79.s1p,,,2.8571160335532,2.857116,2.857116,-1.7888862746160208e-09,3.568148560014518e-09,7.579233695094405,5.108765825998733,-2.470467869095671,357.52953213090433,117.52953213090433
260603_iris2dsweep_sim50norm,sim,f_2pi3,sim,S11,offset_nan,06_3-5_TDS-Half-Plunger-Iris2Dsweep-260527_79.s1p,06_3-5_TDS-Half-Plunger-Iris2Dsweep-260527_8.s1p,,,2.8571160335532,2.857116,2.857116,3.568148560014518e-09,-1.7159918910044175e-07,5.108765825998733,33.12230882320853,28.013542997209782,28.013542997209782,-211.98645700279022
260603_iris2dsweep_sim50norm,sim,f_2pi3,sim,S11,offset_nan,06_3-5_TDS-Half-Plunger-Iris2Dsweep-260527_8.s1p,06_3-5_TDS-Half-Plunger-Iris2Dsweep-260527_80.s1p,,,2.8571160335532,2.857116,2.857116,-1.7159918910044175e-07,2.3603341945335173e-09,33.12230882320853,4.085287132874252,-29.037021690334285,330.9629783096657,90.96297830966569
260603_iris2dsweep_sim50norm,sim,f_2pi3,sim,S11,offset_nan,06_3-5_TDS-Half-Plunger-Iris2Dsweep-260527_80.s1p,06_3-5_TDS-Half-Plunger-Iris2Dsweep-260527_81.s1p,,,2.8571160335532,2.857116,2.857116,2.3603341945335173e-09,2.9186200091952917e-09,4.085287132874252,3.176047965066465,-0.9092391678077831,359.09076083219225,119.09076083219225
260603_iris2dsweep_sim50norm,sim,f_2pi3,sim,S11,offset_nan,06_3-5_TDS-Half-Plunger-Iris2Dsweep-260527_81.s1p,06_3-5_TDS-Half-Plunger-Iris2Dsweep-260527_82.s1p,,,2.8571160335532,2.857116,2.857116,2.9186200091952917e-09,-3.768779783963855e-09,3.176047965066465,2.3554023361790106,-0.820645628887462,359.17935437111254,119.17935437111254
260603_iris2dsweep_sim50norm,sim,f_2pi3,sim,S11,offset_nan,06_3-5_TDS-Half-Plunger-Iris2Dsweep-260527_82.s1p,06_3-5_TDS-Half-Plunger-Iris2Dsweep-260527_83.s1p,,,2.8571160335532,2.857116,2.857116,-3.768779783963855e-09,2.2964012121731055e-09,2.3554023361790106,7.662396642871051,5.306994306692047,5.306994306692047,-234.69300569330795
260603_iris2dsweep_sim50norm,sim,f_2pi3,sim,S11,offset_nan,06_3-5_TDS-Half-Plunger-Iris2Dsweep-260527_83.s1p,06_3-5_TDS-Half-Plunger-Iris2Dsweep-260527_84.s1p,,,2.8571160335532,2.857116,2.857116,2.2964012121731055e-09,2.4798683699442915e-09,7.662396642871051,6.184722048932959,-1.4776745939381044,358.5223254060619,118.5223254060619
260603_iris2dsweep_sim50norm,sim,f_2pi3,sim,S11,offset_nan,06_3-5_TDS-Half-Plunger-Iris2Dsweep-260527_84.s1p,06_3-5_TDS-Half-Plunger-Iris2Dsweep-260527_85.s1p,,,2.8571160335532,2.857116,2.857116,2.4798683699442915e-09,2.8758366572569356e-10,6.184722048932959,4.906040144855553,-1.2786819040774162,358.7213180959226,118.72131809592258
260603_iris2dsweep_sim50norm,sim,f_2pi3,sim,S11,offset_nan,06_3-5_TDS-Half-Plunger-Iris2Dsweep-260527_85.s1p,06_3-5_TDS-Half-Plunger-Iris2Dsweep-260527_86.s1p,,,2.8571160335532,2.857116,2.857116,2.8758366572569356e-10,-3.031338294346134e-07,4.906040144855553,3.789236481387176,-1.1168036634683745,358.8831963365316,118.88319633653163
260603_iris2dsweep_sim50norm,sim,f_2pi3,sim,S11,offset_nan,06_3-5_TDS-Half-Plunger-Iris2Dsweep-260527_86.s1p,06_3-5_TDS-Half-Plunger-Iris2Dsweep-260527_87.s1p,,,2.8571160335532,2.857116,2.857116,-3.031338294346134e-07,-3.3749561610812735e-09,3.789236481387176,2.8031052306188675,-0.9861312507682953,359.01386874923173,119.01386874923173
260603_iris2dsweep_sim50norm,sim,f_2pi3,sim,S11,offset_nan,06_3-5_TDS-Half-Plunger-Iris2Dsweep-260527_87.s1p,06_3-5_TDS-Half-Plunger-Iris2Dsweep-260527_88.s1p,,,2.8571160335532,2.857116,2.857116,-3.3749561610812735e-09,-1.6157171697757756e-09,2.8031052306188675,1.9288338497267354,-0.8742713808921394,359.12572861910786,119.12572861910786
260603_iris2dsweep_sim50norm,sim,f_2pi3,sim,S11,offset_nan,06_3-5_TDS-Half-Plunger-Iris2Dsweep-260527_88.s1p,06_3-5_TDS-Half-Plunger-Iris2Dsweep-260527_89.s1p,,,2.8571160335532,2.857116,2.857116,-1.6157171697757756e-09,3.211964567107413e-09,1.9288338497267354,1.1466717994739761,-0.7821620502527651,359.21783794974726,119.21783794974726
260603_iris2dsweep_sim50norm,sim,f_2pi3,sim,S11,offset_nan,06_3-5_TDS-Half-Plunger-Iris2Dsweep-260527_89.s1p,06_3-5_TDS-Half-Plunger-Iris2Dsweep-260527_9.s1p,,,2.8571160335532,2.857116,2.857116,3.211964567107413e-09,-4.2683857689892467e-07,1.1466717994739761,29.539340798186494,28.39266899871251,28.39266899871251,-211.6073310012875
260603_iris2dsweep_sim50norm,sim,f_2pi3,sim,S11,offset_nan,06_3-5_TDS-Half-Plunger-Iris2Dsweep-260527_9.s1p,06_3-5_TDS-Half-Plunger-Iris2Dsweep-260527_90.s1p,,,2.8571160335532,2.857116,2.857116,-4.2683857689892467e-07,1.548785128688888e-09,29.539340798186494,0.44152207423609274,-29.09781872395041,330.9021812760496,90.90218127604959
260603_iris2dsweep_sim50norm,sim,f_2pi3,sim,S11,offset_nan,06_3-5_TDS-Half-Plunger-Iris2Dsweep-260527_90.s1p,06_3-5_TDS-Half-Plunger-Iris2Dsweep-260527_91.s1p,,,2.8571160335532,2.857116,2.857116,1.548785128688888e-09,4.4834669766798154e-10,0.44152207423609274,-0.19512653265964353,-0.6366486068957329,359.36335139310427,119.36335139310427
260603_iris2dsweep_sim50norm,sim,f_2pi3,sim,S11,offset_nan,06_3-5_TDS-Half-Plunger-Iris2Dsweep-260527_91.s1p,06_3-5_TDS-Half-Plunger-Iris2Dsweep-260527_92.s1p,,,2.8571160335532,2.857116,2.857116,4.4834669766798154e-10,4.214126457055047e-09,-0.19512653265964353,3.069238756433315,3.26436528909295,3.26436528909295,-236.73563471090705
260603_iris2dsweep_sim50norm,sim,f_2pi3,sim,S11,offset_nan,06_3-5_TDS-Half-Plunger-Iris2Dsweep-260527_92.s1p,06_3-5_TDS-Half-Plunger-Iris2Dsweep-260527_93.s1p,,,2.8571160335532,2.857116,2.857116,4.214126457055047e-09,-6.298456631647829e-10,3.069238756433315,2.042459466145422,-1.026779290287891,358.9732207097121,118.97322070971211
260603_iris2dsweep_sim50norm,sim,f_2pi3,sim,S11,offset_nan,06_3-5_TDS-Half-Plunger-Iris2Dsweep-260527_93.s1p,06_3-5_TDS-Half-Plunger-Iris2Dsweep-260527_94.s1p,,,2.8571160335532,2.857116,2.857116,-6.298456631647829e-10,1.8609205716565236e-09,2.042459466145422,1.1414601392878958,-0.9009993268575158,359.0990006731425,119.09900067314248
260603_iris2dsweep_sim50norm,sim,f_2pi3,sim,S11,offset_nan,06_3-5_TDS-Half-Plunger-Iris2Dsweep-260527_94.s1p,06_3-5_TDS-Half-Plunger-Iris2Dsweep-260527_95.s1p,,,2.8571160335532,2.857116,2.857116,1.8609205716565236e-09,-2.717264291991103e-07,1.1414601392878958,0.34037521009556504,-0.8010849291923421,359.19891507080763,119.19891507080763
260603_iris2dsweep_sim50norm,sim,f_2pi3,sim,S11,offset_nan,06_3-5_TDS-Half-Plunger-Iris2Dsweep-260527_95.s1p,06_3-5_TDS-Half-Plunger-Iris2Dsweep-260527_96.s1p,,,2.8571160335532,2.857116,2.857116,-2.717264291991103e-07,-2.9553425644422354e-09,0.34037521009556504,-0.374293077860284,-0.7146682879558455,359.2853317120441,119.28533171204413
260603_iris2dsweep_sim50norm,sim,f_2pi3,sim,S11,offset_nan,06_3-5_TDS-Half-Plunger-Iris2Dsweep-260527_96.s1p,06_3-5_TDS-Half-Plunger-Iris2Dsweep-260527_97.s1p,,,2.8571160335532,2.857116,2.857116,-2.9553425644422354e-09,-1.8465713793498438e-09,-0.374293077860284,-1.0146041875505283,-0.6403111096902308,359.35968889030977,119.35968889030977
260603_iris2dsweep_sim50norm,sim,f_2pi3,sim,S11,offset_nan,06_3-5_TDS-Half-Plunger-Iris2Dsweep-260527_97.s1p,06_3-5_TDS-Half-Plunger-Iris2Dsweep-260527_98.s1p,,,2.8571160335532,2.857116,2.857116,-1.8465713793498438e-09,-8.797067670803179e-10,-1.0146041875505283,-1.5972025780660015,-0.5825983905154715,359.4174016094845,119.4174016094845
260603_iris2dsweep_sim50norm,sim,f_2pi3,sim,S11,offset_nan,06_3-5_TDS-Half-Plunger-Iris2Dsweep-260527_98.s1p,06_3-5_TDS-Half-Plunger-Iris2Dsweep-260527_99.s1p,,,2.8571160335532,2.857116,2.857116,-8.797067670803179e-10,-9.172181412056545e-10,-1.5972025780660015,-2.127137041215834,-0.5299344631498286,359.47006553685014,119.47006553685014
260603_iris2dsweep_sim50norm,sim,f_mean,sim,S11,offset_nan,06_3-5_TDS-Half-Plunger-Iris2Dsweep-260527_1.s1p,06_3-5_TDS-Half-Plunger-Iris2Dsweep-260527_10.s1p,,,2.8672804543714,2.86728,2.86728,1.7351876992834676e-09,-1.3805821719695194e-05,151.95300350229232,18.69126518074612,-133.2617383215462,226.7382616784538,-13.261738321546204
260603_iris2dsweep_sim50norm,sim,f_mean,sim,S11,offset_nan,06_3-5_TDS-Half-Plunger-Iris2Dsweep-260527_10.s1p,06_3-5_TDS-Half-Plunger-Iris2Dsweep-260527_100.s1p,,,2.8672804543714,2.86728,2.86728,-1.3805821719695194e-05,-1.1519256761529217e-06,18.69126518074612,-7.417509870751192,-26.108775051497304,333.89122494850267,93.89122494850267
260603_iris2dsweep_sim50norm,sim,f_mean,sim,S11,offset_nan,06_3-5_TDS-Half-Plunger-Iris2Dsweep-260527_100.s1p,06_3-5_TDS-Half-Plunger-Iris2Dsweep-260527_101.s1p,,,2.8672804543714,2.86728,2.86728,-1.1519256761529217e-06,-2.875011959067271e-06,-7.417509870751192,-7.443987552175684,-0.02647768142449536,359.97352231857553,119.97352231857553
260603_iris2dsweep_sim50norm,sim,f_mean,sim,S11,offset_nan,06_3-5_TDS-Half-Plunger-Iris2Dsweep-260527_101.s1p,06_3-5_TDS-Half-Plunger-Iris2Dsweep-260527_102.s1p,,,2.8672804543714,2.86728,2.86728,-2.875011959067271e-06,-2.4043088697437833e-06,-7.443987552175684,-7.779009321234368,-0.33502176905869874,359.6649782309413,119.6649782309413
260603_iris2dsweep_sim50norm,sim,f_mean,sim,S11,offset_nan,06_3-5_TDS-Half-Plunger-Iris2Dsweep-260527_102.s1p,06_3-5_TDS-Half-Plunger-Iris2Dsweep-260527_103.s1p,,,2.8672804543714,2.86728,2.86728,-2.4043088697437833e-06,-1.4583441324806585e-06,-7.779009321234368,-8.086755004836254,-0.3077456836018939,359.69225431639813,119.69225431639813
260603_iris2dsweep_sim50norm,sim,f_mean,sim,S11,offset_nan,06_3-5_TDS-Half-Plunger-Iris2Dsweep-260527_103.s1p,06_3-5_TDS-Half-Plunger-Iris2Dsweep-260527_104.s1p,,,2.8672804543714,2.86728,2.86728,-1.4583441324806585e-06,-4.579327332591636e-07,-8.086755004836254,-8.376628961438758,-0.2898739566024915,359.7101260433975,119.71012604339751
260603_iris2dsweep_sim50norm,sim,f_mean,sim,S11,offset_nan,06_3-5_TDS-Half-Plunger-Iris2Dsweep-260527_104.s1p,06_3-5_TDS-Half-Plunger-Iris2Dsweep-260527_105.s1p,,,2.8672804543714,2.86728,2.86728,-4.579327332591636e-07,-1.0006160695674369e-07,-8.376628961438758,-8.645014838741096,-0.268385877302336,359.7316141226977,119.73161412269769
260603_iris2dsweep_sim50norm,sim,f_mean,sim,S11,offset_nan,06_3-5_TDS-Half-Plunger-Iris2Dsweep-260527_105.s1p,06_3-5_TDS-Half-Plunger-Iris2Dsweep-260527_106.s1p,,,2.8672804543714,2.86728,2.86728,-1.0006160695674369e-07,-2.1288820608830647e-07,-8.645014838741096,-8.897002155088233,-0.2519873163471402,359.74801268365286,119.74801268365286
260603_iris2dsweep_sim50norm,sim,f_mean,sim,S11,offset_nan,06_3-5_TDS-Half-Plunger-Iris2Dsweep-260527_106.s1p,06_3-5_TDS-Half-Plunger-Iris2Dsweep-260527_107.s1p,,,2.8672804543714,2.86728,2.86728,-2.1288820608830647e-07,-4.453919859955165e-06,-8.897002155088233,-9.131304432391206,-0.23430227730295883,359.76569772269704,119.76569772269704
260603_iris2dsweep_sim50norm,sim,f_mean,sim,S11,offset_nan,06_3-5_TDS-Half-Plunger-Iris2Dsweep-260527_107.s1p,06_3-5_TDS-Half-Plunger-Iris2Dsweep-260527_108.s1p,,,2.8672804543714,2.86728,2.86728,-4.453919859955165e-06,-1.4549551021257272e-09,-9.131304432391206,-9.35379340804595,-0.22248897565475545,359.77751102434524,119.77751102434524
260603_iris2dsweep_sim50norm,sim,f_mean,sim,S11,offset_nan,06_3-5_TDS-Half-Plunger-Iris2Dsweep-260527_108.s1p,06_3-5_TDS-Half-Plunger-Iris2Dsweep-260527_109.s1p,,,2.8672804543714,2.86728,2.86728,-1.4549551021257272e-09,-6.361004692363409e-06,-9.35379340804595,-9.563705556416846,-0.2099121483709041,359.7900878516291,119.7900878516291
260603_iris2dsweep_sim50norm,sim,f_mean,sim,S11,offset_nan,06_3-5_TDS-Half-Plunger-Iris2Dsweep-260527_109.s1p,06_3-5_TDS-Half-Plunger-Iris2Dsweep-260527_11.s1p,,,2.8672804543714,2.86728,2.86728,-6.361004692363409e-06,-8.562137690466566e-06,-9.563705556416846,16.873866702187577,26.437572258604433,26.437572258604433,-213.56242774139557
260603_iris2dsweep_sim50norm,sim,f_mean,sim,S11,offset_nan,06_3-5_TDS-Half-Plunger-Iris2Dsweep-260527_11.s1p,06_3-5_TDS-Half-Plunger-Iris2Dsweep-260527_110.s1p,,,2.8672804543714,2.86728,2.86728,-8.562137690466566e-06,-5.623925006294428e-07,16.873866702187577,-10.192219322421689,-27.066086024609262,332.93391397539074,92.93391397539074
260603_iris2dsweep_sim50norm,sim,f_mean,sim,S11,offset_nan,06_3-5_TDS-Half-Plunger-Iris2Dsweep-260527_110.s1p,06_3-5_TDS-Half-Plunger-Iris2Dsweep-260527_111.s1p,,,2.8672804543714,2.86728,2.86728,-5.623925006294428e-07,-5.83142828098501e-07,-10.192219322421689,-10.396871541895484,-0.2046522194737861,359.7953477805262,119.79534778052619
260603_iris2dsweep_sim50norm,sim,f_mean,sim,S11,offset_nan,06_3-5_TDS-Half-Plunger-Iris2Dsweep-260527_111.s1p,06_3-5_TDS-Half-Plunger-Iris2Dsweep-260527_112.s1p,,,2.8672804543714,2.86728,2.86728,-5.83142828098501e-07,-8.244035511603175e-11,-10.396871541895484,-10.59099969581364,-0.1941281539181432,359.80587184608186,119.80587184608186
260603_iris2dsweep_sim50norm,sim,f_mean,sim,S11,offset_nan,06_3-5_TDS-Half-Plunger-Iris2Dsweep-260527_112.s1p,06_3-5_TDS-Half-Plunger-Iris2Dsweep-260527_113.s1p,,,2.8672804543714,2.86728,2.86728,-8.244035511603175e-11,-9.172639121403875e-06,-10.59099969581364,-10.772556013964683,-0.18155631815105266,359.818443681849,119.81844368184898
260603_iris2dsweep_sim50norm,sim,f_mean,sim,S11,offset_nan,06_3-5_TDS-Half-Plunger-Iris2Dsweep-260527_113.s1p,06_3-5_TDS-Half-Plunger-Iris2Dsweep-260527_114.s1p,,,2.8672804543714,2.86728,2.86728,-9.172639121403875e-06,-8.753223842909017e-06,-10.772556013964683,-10.945821449901759,-0.17326543593708266,359.8267345640629,119.82673456406292
260603_iris2dsweep_sim50norm,sim,f_mean,sim,S11,offset_nan,06_3-5_TDS-Half-Plunger-Iris2Dsweep-260527_114.s1p,06_3-5_TDS-Half-Plunger-Iris2Dsweep-260527_115.s1p,,,2.8672804543714,2.86728,2.86728,-8.753223842909017e-06,-4.906753002486076e-06,-10.945821449901759,-11.108763673024463,-0.16294222312271245,359.83705777687726,119.83705777687726
260603_iris2dsweep_sim50norm,sim,f_mean,sim,S11,offset_nan,06_3-5_TDS-Half-Plunger-Iris2Dsweep-260527_115.s1p,06_3-5_TDS-Half-Plunger-Iris2Dsweep-260527_116.s1p,,,2.8672804543714,2.86728,2.86728,-4.906753002486076e-06,2.3151033790544752e-09,-11.108763673024463,-11.264021949078511,-0.15525827605404174,359.84474172394596,119.84474172394596
260603_iris2dsweep_sim50norm,sim,f_mean,sim,S11,offset_nan,06_3-5_TDS-Half-Plunger-Iris2Dsweep-260527_116.s1p,06_3-5_TDS-Half-Plunger-Iris2Dsweep-260527_117.s1p,,,2.8672804543714,2.86728,2.86728,2.3151033790544752e-09,7.100285276293653e-10,-11.264021949078511,-11.41387076743761,-0.14984881835908936,359.8501511816409,119.85015118164091
260603_iris2dsweep_sim50norm,sim,f_mean,sim,S11,offset_nan,06_3-5_TDS-Half-Plunger-Iris2Dsweep-260527_117.s1p,06_3-5_TDS-Half-Plunger-Iris2Dsweep-260527_118.s1p,,,2.8672804543714,2.86728,2.86728,7.100285276293653e-10,1.8359213464189164e-09,-11.41387076743761,-11.554679603251872,-0.14080883581425496,359.85919116418575,119.85919116418575
260603_iris2dsweep_sim50norm,sim,f_mean,sim,S11,offset_nan,06_3-5_TDS-Half-Plunger-Iris2Dsweep-260527_118.s1p,06_3-5_TDS-Half-Plunger-Iris2Dsweep-260527_119.s1p,,,2.8672804543714,2.86728,2.86728,1.8359213464189164e-09,-4.642389338580012e-06,-11.554679603251872,-12.543825055494837,-0.9891454522429513,359.01085454775705,119.01085454775705
260603_iris2dsweep_sim50norm,sim,f_mean,sim,S11,offset_nan,06_3-5_TDS-Half-Plunger-Iris2Dsweep-260527_119.s1p,06_3-5_TDS-Half-Plunger-Iris2Dsweep-260527_12.s1p,,,2.8672804543714,2.86728,2.86728,-4.642389338580012e-06,-1.896895647653054e-05,-12.543825055494837,37.123584801510084,49.66740985700491,49.66740985700491,-190.3325901429951
260603_iris2dsweep_sim50norm,sim,f_mean,sim,S11,offset_nan,06_3-5_TDS-Half-Plunger-Iris2Dsweep-260527_12.s1p,06_3-5_TDS-Half-Plunger-Iris2Dsweep-260527_120.s1p,,,2.8672804543714,2.86728,2.86728,-1.896895647653054e-05,-2.7833852720480016e-06,37.123584801510084,-12.662873591071184,-49.78645839258127,310.21354160741873,70.21354160741873
260603_iris2dsweep_sim50norm,sim,f_mean,sim,S11,offset_nan,06_3-5_TDS-Half-Plunger-Iris2Dsweep-260527_120.s1p,06_3-5_TDS-Half-Plunger-Iris2Dsweep-260527_121.s1p,,,2.8672804543714,2.86728,2.86728,-2.7833852720480016e-06,-8.858909991239528e-10,-12.662873591071184,-12.77639606168032,-0.11352247060912646,359.88647752939085,119.88647752939085
260603_iris2dsweep_sim50norm,sim,f_mean,sim,S11,offset_nan,06_3-5_TDS-Half-Plunger-Iris2Dsweep-260527_121.s1p,06_3-5_TDS-Half-Plunger-Iris2Dsweep-260527_122.s1p,,,2.8672804543714,2.86728,2.86728,-8.858909991239528e-10,-4.899442167132166e-09,-12.77639606168032,-12.885960906236962,-0.10956484455664395,359.89043515544336,119.89043515544336
260603_iris2dsweep_sim50norm,sim,f_mean,sim,S11,offset_nan,06_3-5_TDS-Half-Plunger-Iris2Dsweep-260527_122.s1p,06_3-5_TDS-Half-Plunger-Iris2Dsweep-260527_123.s1p,,,2.8672804543714,2.86728,2.86728,-4.899442167132166e-09,-1.6078067915661714e-09,-12.885960906236962,-12.993713856063033,-0.10775294982607875,359.8922470501739,119.89224705017392
260603_iris2dsweep_sim50norm,sim,f_mean,sim,S11,offset_nan,06_3-5_TDS-Half-Plunger-Iris2Dsweep-260527_123.s1p,06_3-5_TDS-Half-Plunger-Iris2Dsweep-260527_124.s1p,,,2.8672804543714,2.86728,2.86728,-1.6078067915661714e-09,-1.6168155387603844e-09,-12.993713856063033,-13.094806399823668,-0.10109254376064314,359.8989074562394,119.89890745623939
260603_iris2dsweep_sim50norm,sim,f_mean,sim,S11,offset_nan,06_3-5_TDS-Half-Plunger-Iris2Dsweep-260527_124.s1p,06_3-5_TDS-Half-Plunger-Iris2Dsweep-260527_125.s1p,,,2.8672804543714,2.86728,2.86728,-1.6168155387603844e-09,-3.5472294057397986e-09,-13.094806399823668,-13.19481931092702,-0.10001291110336297,359.89998708889664,119.89998708889664
260603_iris2dsweep_sim50norm,sim,f_mean,sim,S11,offset_nan,06_3-5_TDS-Half-Plunger-Iris2Dsweep-260527_125.s1p,06_3-5_TDS-Half-Plunger-Iris2Dsweep-260527_126.s1p,,,2.8672804543714,2.86728,2.86728,-3.5472294057397986e-09,1.1182148436586629e-10,-13.19481931092702,-13.290100499243485,-0.09528118831647703,359.90471881168355,119.90471881168355
260603_iris2dsweep_sim50norm,sim,f_mean,sim,S11,offset_nan,06_3-5_TDS-Half-Plunger-Iris2Dsweep-260527_126.s1p,06_3-5_TDS-Half-Plunger-Iris2Dsweep-260527_127.s1p,,,2.8672804543714,2.86728,2.86728,1.1182148436586629e-10,-1.1121174011660406e-09,-13.290100499243485,-13.38333300168975,-0.0932325024462557,359.90676749755374,119.90676749755374
260603_iris2dsweep_sim50norm,sim,f_mean,sim,S11,offset_nan,06_3-5_TDS-Half-Plunger-Iris2Dsweep-260527_127.s1p,06_3-5_TDS-Half-Plunger-Iris2Dsweep-260527_128.s1p,,,2.8672804543714,2.86728,2.86728,-1.1121174011660406e-09,1.8179848555447977e-09,-13.38333300168975,-14.533189847462237,-1.14985684577249,358.8501431542275,118.85014315422751
260603_iris2dsweep_sim50norm,sim,f_mean,sim,S11,offset_nan,06_3-5_TDS-Half-Plunger-Iris2Dsweep-260527_128.s1p,06_3-5_TDS-Half-Plunger-Iris2Dsweep-260527_129.s1p,,,2.8672804543714,2.86728,2.86728,1.8179848555447977e-09,-7.186071848305703e-10,-14.533189847462237,-14.599792108902681,-0.0666022614404369,359.93339773855956,119.93339773855956
260603_iris2dsweep_sim50norm,sim,f_mean,sim,S11,offset_nan,06_3-5_TDS-Half-Plunger-Iris2Dsweep-260527_129.s1p,06_3-5_TDS-Half-Plunger-Iris2Dsweep-260527_13.s1p,,,2.8672804543714,2.86728,2.86728,-7.186071848305703e-10,-1.9696705360084634e-05,-14.599792108902681,32.623130060940895,47.22292216984357,47.22292216984357,-192.77707783015643
260603_iris2dsweep_sim50norm,sim,f_mean,sim,S11,offset_nan,06_3-5_TDS-Half-Plunger-Iris2Dsweep-260527_13.s1p,06_3-5_TDS-Half-Plunger-Iris2Dsweep-260527_130.s1p,,,2.8672804543714,2.86728,2.86728,-1.9696705360084634e-05,4.8498284805696866e-09,32.623130060940895,-14.664105513761344,-47.28723557470224,312.7127644252978,72.71276442529779
260603_iris2dsweep_sim50norm,sim,f_mean,sim,S11,offset_nan,06_3-5_TDS-Half-Plunger-Iris2Dsweep-260527_130.s1p,06_3-5_TDS-Half-Plunger-Iris2Dsweep-260527_131.s1p,,,2.8672804543714,2.86728,2.86728,4.8498284805696866e-09,4.151221447787135e-09,-14.664105513761344,-14.728557376637106,-0.06445186287575666,359.9355481371242,119.93554813712421
260603_iris2dsweep_sim50norm,sim,f_mean,sim,S11,offset_nan,06_3-5_TDS-Half-Plunger-Iris2Dsweep-260527_131.s1p,06_3-5_TDS-Half-Plunger-Iris2Dsweep-260527_132.s1p,,,2.8672804543714,2.86728,2.86728,4.151221447787135e-09,-3.6306340883564547e-09,-14.728557376637106,-14.791516540438282,-0.0629591638011675,359.93704083619883,119.93704083619883
260603_iris2dsweep_sim50norm,sim,f_mean,sim,S11,offset_nan,06_3-5_TDS-Half-Plunger-Iris2Dsweep-260527_132.s1p,06_3-5_TDS-Half-Plunger-Iris2Dsweep-260527_133.s1p,,,2.8672804543714,2.86728,2.86728,-3.6306340883564547e-09,-4.437104041991906e-09,-14.791516540438282,-14.853054966201395,-0.06153842576310353,359.9384615742369,119.9384615742369
260603_iris2dsweep_sim50norm,sim,f_mean,sim,S11,offset_nan,06_3-5_TDS-Half-Plunger-Iris2Dsweep-260527_133.s1p,06_3-5_TDS-Half-Plunger-Iris2Dsweep-260527_134.s1p,,,2.8672804543714,2.86728,2.86728,-4.437104041991906e-09,-3.333406706366611e-05,-14.853054966201395,-14.91717150962339,-0.06411654342198858,359.93588345657804,119.93588345657804
260603_iris2dsweep_sim50norm,sim,f_mean,sim,S11,offset_nan,06_3-5_TDS-Half-Plunger-Iris2Dsweep-260527_134.s1p,06_3-5_TDS-Half-Plunger-Iris2Dsweep-260527_135.s1p,,,2.8672804543714,2.86728,2.86728,-3.333406706366611e-05,-4.0175724131362495e-09,-14.91717150962339,-14.977723551044836,-0.06055204142143111,359.93944795857857,119.93944795857857
260603_iris2dsweep_sim50norm,sim,f_mean,sim,S11,offset_nan,06_3-5_TDS-Half-Plunger-Iris2Dsweep-260527_135.s1p,06_3-5_TDS-Half-Plunger-Iris2Dsweep-260527_136.s1p,,,2.8672804543714,2.86728,2.86728,-4.0175724131362495e-09,-3.891213692153846e-09,-14.977723551044836,-15.037553069458221,-0.059829518413380356,359.9401704815866,119.94017048158662
260603_iris2dsweep_sim50norm,sim,f_mean,sim,S11,offset_nan,06_3-5_TDS-Half-Plunger-Iris2Dsweep-260527_136.s1p,06_3-5_TDS-Half-Plunger-Iris2Dsweep-260527_137.s1p,,,2.8672804543714,2.86728,2.86728,-3.891213692153846e-09,-2.1604725060424097e-09,-15.037553069458221,-16.192268662619053,-1.1547155931608302,358.84528440683914,118.84528440683914
260603_iris2dsweep_sim50norm,sim,f_mean,sim,S11,offset_nan,06_3-5_TDS-Half-Plunger-Iris2Dsweep-260527_137.s1p,06_3-5_TDS-Half-Plunger-Iris2Dsweep-260527_138.s1p,,,2.8672804543714,2.86728,2.86728,-2.1604725060424097e-09,-1.510805091688162e-09,-16.192268662619053,-16.23280485480213,-0.04053619218308313,359.9594638078169,119.95946380781692
260603_iris2dsweep_sim50norm,sim,f_mean,sim,S11,offset_nan,06_3-5_TDS-Half-Plunger-Iris2Dsweep-260527_138.s1p,06_3-5_TDS-Half-Plunger-Iris2Dsweep-260527_139.s1p,,,2.8672804543714,2.86728,2.86728,-1.510805091688162e-09,8.164054191104443e-10,-16.23280485480213,-16.27247563778686,-0.0396707829847287,359.96032921701527,119.96032921701527
260603_iris2dsweep_sim50norm,sim,f_mean,sim,S11,offset_nan,06_3-5_TDS-Half-Plunger-Iris2Dsweep-260527_139.s1p,06_3-5_TDS-Half-Plunger-Iris2Dsweep-260527_14.s1p,,,2.8672804543714,2.86728,2.86728,8.164054191104443e-10,-2.2978190915285187e-05,-16.27247563778686,28.82324890888432,45.09572454667119,45.09572454667119,-194.9042754533288
260603_iris2dsweep_sim50norm,sim,f_mean,sim,S11,offset_nan,06_3-5_TDS-Half-Plunger-Iris2Dsweep-260527_14.s1p,06_3-5_TDS-Half-Plunger-Iris2Dsweep-260527_140.s1p,,,2.8672804543714,2.86728,2.86728,-2.2978190915285187e-05,-2.4488073829458134e-09,28.82324890888432,-16.313227183658125,-45.13647609254244,314.86352390745753,74.86352390745753
260603_iris2dsweep_sim50norm,sim,f_mean,sim,S11,offset_nan,06_3-5_TDS-Half-Plunger-Iris2Dsweep-260527_140.s1p,06_3-5_TDS-Half-Plunger-Iris2Dsweep-260527_141.s1p,,,2.8672804543714,2.86728,2.86728,-2.4488073829458134e-09,1.1219950073275029e-10,-16.313227183658125,-16.355107457204276,-0.04188027354615542,359.95811972645384,119.95811972645384
260603_iris2dsweep_sim50norm,sim,f_mean,sim,S11,offset_nan,06_3-5_TDS-Half-Plunger-Iris2Dsweep-260527_141.s1p,06_3-5_TDS-Half-Plunger-Iris2Dsweep-260527_142.s1p,,,2.8672804543714,2.86728,2.86728,1.1219950073275029e-10,2.4606531808512155e-09,-16.355107457204276,-16.39622746199404,-0.041120004789775066,359.9588799952102,119.95887999521022
260603_iris2dsweep_sim50norm,sim,f_mean,sim,S11,offset_nan,06_3-5_TDS-Half-Plunger-Iris2Dsweep-260527_142.s1p,06_3-5_TDS-Half-Plunger-Iris2Dsweep-260527_143.s1p,,,2.8672804543714,2.86728,2.86728,2.4606531808512155e-09,-1.2803308271448962e-09,-16.39622746199404,-16.4363632136942,-0.0401357517001486,359.9598642482998,119.95986424829982
260603_iris2dsweep_sim50norm,sim,f_mean,sim,S11,offset_nan,06_3-5_TDS-Half-Plunger-Iris2Dsweep-260527_143.s1p,06_3-5_TDS-Half-Plunger-Iris2Dsweep-260527_144.s1p,,,2.8672804543714,2.86728,2.86728,-1.2803308271448962e-09,4.650486564102673e-09,-16.4363632136942,-16.48014744412169,-0.04378423042749091,359.9562157695725,119.95621576957251
260603_iris2dsweep_sim50norm,sim,f_mean,sim,S11,offset_nan,06_3-5_TDS-Half-Plunger-Iris2Dsweep-260527_144.s1p,06_3-5_TDS-Half-Plunger-Iris2Dsweep-260527_145.s1p,,,2.8672804543714,2.86728,2.86728,4.650486564102673e-09,6.426278237108727e-12,-16.48014744412169,-16.52297915918843,-0.04283171506673966,359.95716828493323,119.95716828493323
260603_iris2dsweep_sim50norm,sim,f_mean,sim,S11,offset_nan,06_3-5_TDS-Half-Plunger-Iris2Dsweep-260527_145.s1p,06_3-5_TDS-Half-Plunger-Iris2Dsweep-260527_146.s1p,,,2.8672804543714,2.86728,2.86728,6.426278237108727e-12,7.092956387548446e-10,-16.52297915918843,-17.56284013589653,-1.0398609767080984,358.9601390232919,118.9601390232919
260603_iris2dsweep_sim50norm,sim,f_mean,sim,S11,offset_nan,06_3-5_TDS-Half-Plunger-Iris2Dsweep-260527_146.s1p,06_3-5_TDS-Half-Plunger-Iris2Dsweep-260527_147.s1p,,,2.8672804543714,2.86728,2.86728,7.092956387548446e-10,3.288080862668916e-09,-17.56284013589653,-17.594058766249876,-0.031218630353350818,359.96878136964665,119.96878136964665
260603_iris2dsweep_sim50norm,sim,f_mean,sim,S11,offset_nan,06_3-5_TDS-Half-Plunger-Iris2Dsweep-260527_147.s1p,06_3-5_TDS-Half-Plunger-Iris2Dsweep-260527_148.s1p,,,2.8672804543714,2.86728,2.86728,3.288080862668916e-09,-2.3211207830644325e-09,-17.594058766249876,-17.627137034077222,-0.03307826782733514,359.96692173217264,119.96692173217264
260603_iris2dsweep_sim50norm,sim,f_mean,sim,S11,offset_nan,06_3-5_TDS-Half-Plunger-Iris2Dsweep-260527_148.s1p,06_3-5_TDS-Half-Plunger-Iris2Dsweep-260527_149.s1p,,,2.8672804543714,2.86728,2.86728,-2.3211207830644325e-09,3.2886980322472766e-09,-17.627137034077222,-17.660409372534733,-0.033272338457521755,359.96672766154245,119.96672766154245
260603_iris2dsweep_sim50norm,sim,f_mean,sim,S11,offset_nan,06_3-5_TDS-Half-Plunger-Iris2Dsweep-260527_149.s1p,06_3-5_TDS-Half-Plunger-Iris2Dsweep-260527_15.s1p,,,2.8672804543714,2.86728,2.86728,3.2886980322472766e-09,-6.199217517684778e-07,-17.660409372534733,25.586457520301032,43.24686689283578,43.24686689283578,-196.75313310716422
260603_iris2dsweep_sim50norm,sim,f_mean,sim,S11,offset_nan,06_3-5_TDS-Half-Plunger-Iris2Dsweep-260527_15.s1p,06_3-5_TDS-Half-Plunger-Iris2Dsweep-260527_150.s1p,,,2.8672804543714,2.86728,2.86728,-6.199217517684778e-07,-4.060997043302805e-09,25.586457520301032,-17.69470481360932,-43.281162333910345,316.71883766608966,76.71883766608966
260603_iris2dsweep_sim50norm,sim,f_mean,sim,S11,offset_nan,06_3-5_TDS-Half-Plunger-Iris2Dsweep-260527_150.s1p,06_3-5_TDS-Half-Plunger-Iris2Dsweep-260527_151.s1p,,,2.8672804543714,2.86728,2.86728,-4.060997043302805e-09,1.46556366833978e-09,-17.69470481360932,-17.7288858714786,-0.034181057869290044,359.9658189421307,119.96581894213068
260603_iris2dsweep_sim50norm,sim,f_mean,sim,S11,offset_nan,06_3-5_TDS-Half-Plunger-Iris2Dsweep-260527_151.s1p,06_3-5_TDS-Half-Plunger-Iris2Dsweep-260527_152.s1p,,,2.8672804543714,2.86728,2.86728,1.46556366833978e-09,2.6076301872955866e-09,-17.7288858714786,-17.7648492089475,-0.03596333746889968,359.9640366625311,119.9640366625311
260603_iris2dsweep_sim50norm,sim,f_mean,sim,S11,offset_nan,06_3-5_TDS-Half-Plunger-Iris2Dsweep-260527_152.s1p,06_3-5_TDS-Half-Plunger-Iris2Dsweep-260527_153.s1p,,,2.8672804543714,2.86728,2.86728,2.6076301872955866e-09,2.7474499552829797e-09,-17.7648492089475,-17.799942467711727,-0.035093258764220536,359.9649067412358,119.96490674123578
260603_iris2dsweep_sim50norm,sim,f_mean,sim,S11,offset_nan,06_3-5_TDS-Half-Plunger-Iris2Dsweep-260527_153.s1p,06_3-5_TDS-Half-Plunger-Iris2Dsweep-260527_154.s1p,,,2.8672804543714,2.86728,2.86728,2.7474499552829797e-09,-7.382138908821759e-10,-17.799942467711727,-17.83673844983794,-0.036795982126221816,359.96320401787375,119.96320401787375
260603_iris2dsweep_sim50norm,sim,f_mean,sim,S11,offset_nan,06_3-5_TDS-Half-Plunger-Iris2Dsweep-260527_154.s1p,06_3-5_TDS-Half-Plunger-Iris2Dsweep-260527_16.s1p,,,2.8672804543714,2.86728,2.86728,-7.382138908821759e-10,-1.253576368116379e-05,-17.83673844983794,22.792662368413826,40.62940081825178,40.62940081825178,-199.37059918174822
260603_iris2dsweep_sim50norm,sim,f_mean,sim,S11,offset_nan,06_3-5_TDS-Half-Plunger-Iris2Dsweep-260527_16.s1p,06_3-5_TDS-Half-Plunger-Iris2Dsweep-260527_17.s1p,,,2.8672804543714,2.86728,2.86728,-1.253576368116379e-05,-1.2198484909593223e-05,22.792662368413826,20.363952928534676,-2.4287094398791567,357.5712905601208,117.57129056012081
260603_iris2dsweep_sim50norm,sim,f_mean,sim,S11,offset_nan,06_3-5_TDS-Half-Plunger-Iris2Dsweep-260527_17.s1p,06_3-5_TDS-Half-Plunger-Iris2Dsweep-260527_18.s1p,,,2.8672804543714,2.86728,2.86728,-1.2198484909593223e-05,-1.1395977635088037e-05,20.363952928534676,18.236211122209184,-2.1277418063255027,357.8722581936745,117.8722581936745
260603_iris2dsweep_sim50norm,sim,f_mean,sim,S11,offset_nan,06_3-5_TDS-Half-Plunger-Iris2Dsweep-260527_18.s1p,06_3-5_TDS-Half-Plunger-Iris2Dsweep-260527_19.s1p,,,2.8672804543714,2.86728,2.86728,-1.1395977635088037e-05,-1.0205493732233577e-05,18.236211122209184,16.353270115933732,-1.8829410062754448,358.1170589937245,118.11705899372453
260603_iris2dsweep_sim50norm,sim,f_mean,sim,S11,offset_nan,06_3-5_TDS-Half-Plunger-Iris2Dsweep-260527_19.s1p,06_3-5_TDS-Half-Plunger-Iris2Dsweep-260527_2.s1p,,,2.8672804543714,2.86728,2.86728,-1.0205493732233577e-05,-1.7869691679166348e-06,16.353270115933732,-0.300453975442448,-16.653724091376176,343.34627590862385,103.34627590862385
260603_iris2dsweep_sim50norm,sim,f_mean,sim,S11,offset_nan,06_3-5_TDS-Half-Plunger-Iris2Dsweep-260527_2.s1p,06_3-5_TDS-Half-Plunger-Iris2Dsweep-260527_20.s1p,,,2.8672804543714,2.86728,2.86728,-1.7869691679166348e-06,-1.1118033800850263e-05,-0.300453975442448,14.67867773252145,14.979131707963887,14.979131707963887,-225.0208682920361
260603_iris2dsweep_sim50norm,sim,f_mean,sim,S11,offset_nan,06_3-5_TDS-Half-Plunger-Iris2Dsweep-260527_20.s1p,06_3-5_TDS-Half-Plunger-Iris2Dsweep-260527_21.s1p,,,2.8672804543714,2.86728,2.86728,-1.1118033800850263e-05,-2.2542579182354192e-05,14.67867773252145,32.528923907769645,17.850246175248202,17.850246175248202,-222.1497538247518
260603_iris2dsweep_sim50norm,sim,f_mean,sim,S11,offset_nan,06_3-5_TDS-Half-Plunger-Iris2Dsweep-260527_21.s1p,06_3-5_TDS-Half-Plunger-Iris2Dsweep-260527_22.s1p,,,2.8672804543714,2.86728,2.86728,-2.2542579182354192e-05,-4.348282731985163e-09,32.528923907769645,28.49846756658646,-4.030456341183196,355.9695436588168,115.9695436588168
260603_iris2dsweep_sim50norm,sim,f_mean,sim,S11,offset_nan,06_3-5_TDS-Half-Plunger-Iris2Dsweep-260527_22.s1p,06_3-5_TDS-Half-Plunger-Iris2Dsweep-260527_23.s1p,,,2.8672804543714,2.86728,2.86728,-4.348282731985163e-09,-7.871456103580737e-06,28.49846756658646,25.100704689034153,-3.39776287755231,356.6022371224477,116.60223712244772
260603_iris2dsweep_sim50norm,sim,f_mean,sim,S11,offset_nan,06_3-5_TDS-Half-Plunger-Iris2Dsweep-260527_23.s1p,06_3-5_TDS-Half-Plunger-Iris2Dsweep-260527_24.s1p,,,2.8672804543714,2.86728,2.86728,-7.871456103580737e-06,-1.2567771069445764e-05,25.100704689034153,22.193671523259304,-2.9070331657748625,357.09296683422514,117.09296683422514
260603_iris2dsweep_sim50norm,sim,f_mean,sim,S11,offset_nan,06_3-5_TDS-Half-Plunger-Iris2Dsweep-260527_24.s1p,06_3-5_TDS-Half-Plunger-Iris2Dsweep-260527_25.s1p,,,2.8672804543714,2.86728,2.86728,-1.2567771069445764e-05,-1.3763354326422351e-05,22.193671523259304,19.683522839049857,-2.5101486842094403,357.4898513157906,117.48985131579059
260603_iris2dsweep_sim50norm,sim,f_mean,sim,S11,offset_nan,06_3-5_TDS-Half-Plunger-Iris2Dsweep-260527_25.s1p,06_3-5_TDS-Half-Plunger-Iris2Dsweep-260527_26.s1p,,,2.8672804543714,2.86728,2.86728,-1.3763354326422351e-05,-3.34746993471093e-10,19.683522839049857,17.495479826210804,-2.188043012839046,357.81195698716095,117.81195698716095
260603_iris2dsweep_sim50norm,sim,f_mean,sim,S11,offset_nan,06_3-5_TDS-Half-Plunger-Iris2Dsweep-260527_26.s1p,06_3-5_TDS-Half-Plunger-Iris2Dsweep-260527_27.s1p,,,2.8672804543714,2.86728,2.86728,-3.34746993471093e-10,-2.2610950381883585e-05,17.495479826210804,15.574211050642008,-1.921268775568791,358.0787312244312,118.07873122443118
260603_iris2dsweep_sim50norm,sim,f_mean,sim,S11,offset_nan,06_3-5_TDS-Half-Plunger-Iris2Dsweep-260527_27.s1p,06_3-5_TDS-Half-Plunger-Iris2Dsweep-260527_28.s1p,,,2.8672804543714,2.86728,2.86728,-2.2610950381883585e-05,-8.632846950435931e-06,15.574211050642008,13.873944507543804,-1.700266543098195,358.2997334569018,118.29973345690178
260603_iris2dsweep_sim50norm,sim,f_mean,sim,S11,offset_nan,06_3-5_TDS-Half-Plunger-Iris2Dsweep-260527_28.s1p,06_3-5_TDS-Half-Plunger-Iris2Dsweep-260527_29.s1p,,,2.8672804543714,2.86728,2.86728,-8.632846950435931e-06,-4.0785458736855594e-10,13.873944507543804,12.355729342641254,-1.518215164902557,358.4817848350974,118.48178483509741
260603_iris2dsweep_sim50norm,sim,f_mean,sim,S11,offset_nan,06_3-5_TDS-Half-Plunger-Iris2Dsweep-260527_29.s1p,06_3-5_TDS-Half-Plunger-Iris2Dsweep-260527_3.s1p,,,2.8672804543714,2.86728,2.86728,-4.0785458736855594e-10,-5.470682737756879e-05,12.355729342641254,41.31245936390081,28.956730021259546,28.956730021259546,-211.04326997874045
260603_iris2dsweep_sim50norm,sim,f_mean,sim,S11,offset_nan,06_3-5_TDS-Half-Plunger-Iris2Dsweep-260527_3.s1p,06_3-5_TDS-Half-Plunger-Iris2Dsweep-260527_30.s1p,,,2.8672804543714,2.86728,2.86728,-5.470682737756879e-05,-1.7171214896416334e-05,41.31245936390081,27.63685061662274,-13.675608747278062,346.32439125272197,106.32439125272197
260603_iris2dsweep_sim50norm,sim,f_mean,sim,S11,offset_nan,06_3-5_TDS-Half-Plunger-Iris2Dsweep-260527_30.s1p,06_3-5_TDS-Half-Plunger-Iris2Dsweep-260527_31.s1p,,,2.8672804543714,2.86728,2.86728,-1.7171214896416334e-05,-1.8406416020878008e-05,27.63685061662274,24.132363696389277,-3.504486920233461,356.4955130797665,116.49551307976651
260603_iris2dsweep_sim50norm,sim,f_mean,sim,S11,offset_nan,06_3-5_TDS-Half-Plunger-Iris2Dsweep-260527_31.s1p,06_3-5_TDS-Half-Plunger-Iris2Dsweep-260527_32.s1p,,,2.8672804543714,2.86728,2.86728,-1.8406416020878008e-05,-1.3266067648800439e-05,24.132363696389277,21.159719725644763,-2.972643970744514,357.0273560292555,117.02735602925549
260603_iris2dsweep_sim50norm,sim,f_mean,sim,S11,offset_nan,06_3-5_TDS-Half-Plunger-Iris2Dsweep-260527_32.s1p,06_3-5_TDS-Half-Plunger-Iris2Dsweep-260527_33.s1p,,,2.8672804543714,2.86728,2.86728,-1.3266067648800439e-05,-1.7550460951528292e-09,21.159719725644763,18.616741189380132,-2.542978536264627,357.4570214637354,117.45702146373537
260603_iris2dsweep_sim50norm,sim,f_mean,sim,S11,offset_nan,06_3-5_TDS-Half-Plunger-Iris2Dsweep-260527_33.s1p,06_3-5_TDS-Half-Plunger-Iris2Dsweep-260527_34.s1p,,,2.8672804543714,2.86728,2.86728,-1.7550460951528292e-09,-1.2681710934133069e-05,18.616741189380132,16.407809397109684,-2.208931792270448,357.79106820772955,117.79106820772955
260603_iris2dsweep_sim50norm,sim,f_mean,sim,S11,offset_nan,06_3-5_TDS-Half-Plunger-Iris2Dsweep-260527_34.s1p,06_3-5_TDS-Half-Plunger-Iris2Dsweep-260527_35.s1p,,,2.8672804543714,2.86728,2.86728,-1.2681710934133069e-05,-1.6514729286724843e-05,16.407809397109684,14.4818574638854,-1.9259519332242974,358.07404806677573,118.07404806677573
260603_iris2dsweep_sim50norm,sim,f_mean,sim,S11,offset_nan,06_3-5_TDS-Half-Plunger-Iris2Dsweep-260527_35.s1p,06_3-5_TDS-Half-Plunger-Iris2Dsweep-260527_36.s1p,,,2.8672804543714,2.86728,2.86728,-1.6514729286724843e-05,-1.2294537711648681e-05,14.4818574638854,12.783808367467369,-1.698049096418032,358.301950903582,118.301950903582
260603_iris2dsweep_sim50norm,sim,f_mean,sim,S11,offset_nan,06_3-5_TDS-Half-Plunger-Iris2Dsweep-260527_36.s1p,06_3-5_TDS-Half-Plunger-Iris2Dsweep-260527_37.s1p,,,2.8672804543714,2.86728,2.86728,-1.2294537711648681e-05,-8.479020783884121e-06,12.783808367467369,11.275852288901058,-1.507956078566309,358.4920439214337,118.49204392143372
260603_iris2dsweep_sim50norm,sim,f_mean,sim,S11,offset_nan,06_3-5_TDS-Half-Plunger-Iris2Dsweep-260527_37.s1p,06_3-5_TDS-Half-Plunger-Iris2Dsweep-260527_38.s1p,,,2.8672804543714,2.86728,2.86728,-8.479020783884121e-06,-1.4101224440961155e-05,11.275852288901058,9.92786074479068,-1.3479915441103856,358.6520084558896,118.65200845588959
260603_iris2dsweep_sim50norm,sim,f_mean,sim,S11,offset_nan,06_3-5_TDS-Half-Plunger-Iris2Dsweep-260527_38.s1p,06_3-5_TDS-Half-Plunger-Iris2Dsweep-260527_39.s1p,,,2.8672804543714,2.86728,2.86728,-1.4101224440961155e-05,-1.727964168482068e-05,9.92786074479068,22.57119109781529,12.643330353024623,12.643330353024623,-227.35666964697538
260603_iris2dsweep_sim50norm,sim,f_mean,sim,S11,offset_nan,06_3-5_TDS-Half-Plunger-Iris2Dsweep-260527_39.s1p,06_3-5_TDS-Half-Plunger-Iris2Dsweep-260527_4.s1p,,,2.8672804543714,2.86728,2.86728,-1.727964168482068e-05,-4.8113218571938934e-05,22.57119109781529,36.40436712237207,13.833176024556792,13.833176024556792,-226.1668239754432
260603_iris2dsweep_sim50norm,sim,f_mean,sim,S11,offset_nan,06_3-5_TDS-Half-Plunger-Iris2Dsweep-260527_4.s1p,06_3-5_TDS-Half-Plunger-Iris2Dsweep-260527_40.s1p,,,2.8672804543714,2.86728,2.86728,-4.8113218571938934e-05,-6.9893809449198e-06,36.40436712237207,19.619063491390097,-16.785303630981986,343.21469636901804,103.21469636901804
260603_iris2dsweep_sim50norm,sim,f_mean,sim,S11,offset_nan,06_3-5_TDS-Half-Plunger-Iris2Dsweep-260527_40.s1p,06_3-5_TDS-Half-Plunger-Iris2Dsweep-260527_41.s1p,,,2.8672804543714,2.86728,2.86728,-6.9893809449198e-06,-2.1889184293387368e-05,19.619063491390097,17.094779606247524,-2.52428388514258,357.4757161148574,117.47571611485739
260603_iris2dsweep_sim50norm,sim,f_mean,sim,S11,offset_nan,06_3-5_TDS-Half-Plunger-Iris2Dsweep-260527_41.s1p,06_3-5_TDS-Half-Plunger-Iris2Dsweep-260527_42.s1p,,,2.8672804543714,2.86728,2.86728,-2.1889184293387368e-05,-2.080368942840543e-05,17.094779606247524,14.9221937649887,-2.1725858412588366,357.82741415874113,117.82741415874113
260603_iris2dsweep_sim50norm,sim,f_mean,sim,S11,offset_nan,06_3-5_TDS-Half-Plunger-Iris2Dsweep-260527_42.s1p,06_3-5_TDS-Half-Plunger-Iris2Dsweep-260527_43.s1p,,,2.8672804543714,2.86728,2.86728,-2.080368942840543e-05,-1.9889667770218392e-05,14.9221937649887,13.031346098583542,-1.8908476664051648,358.1091523335948,118.1091523335948
260603_iris2dsweep_sim50norm,sim,f_mean,sim,S11,offset_nan,06_3-5_TDS-Half-Plunger-Iris2Dsweep-260527_43.s1p,06_3-5_TDS-Half-Plunger-Iris2Dsweep-260527_44.s1p,,,2.8672804543714,2.86728,2.86728,-1.9889667770218392e-05,-8.347235341608304e-06,13.031346098583542,11.371306663427994,-1.6600394351555394,358.33996056484443,118.33996056484443
260603_iris2dsweep_sim50norm,sim,f_mean,sim,S11,offset_nan,06_3-5_TDS-Half-Plunger-Iris2Dsweep-260527_44.s1p,06_3-5_TDS-Half-Plunger-Iris2Dsweep-260527_45.s1p,,,2.8672804543714,2.86728,2.86728,-8.347235341608304e-06,-8.345561816220582e-06,11.371306663427994,9.901580374021584,-1.4697262894064238,358.5302737105936,118.53027371059358
260603_iris2dsweep_sim50norm,sim,f_mean,sim,S11,offset_nan,06_3-5_TDS-Half-Plunger-Iris2Dsweep-260527_45.s1p,06_3-5_TDS-Half-Plunger-Iris2Dsweep-260527_46.s1p,,,2.8672804543714,2.86728,2.86728,-8.345561816220582e-06,-6.2108480005432865e-06,9.901580374021584,8.592835426279013,-1.308744947742582,358.6912550522574,118.69125505225742
260603_iris2dsweep_sim50norm,sim,f_mean,sim,S11,offset_nan,06_3-5_TDS-Half-Plunger-Iris2Dsweep-260527_46.s1p,06_3-5_TDS-Half-Plunger-Iris2Dsweep-260527_47.s1p,,,2.8672804543714,2.86728,2.86728,-6.2108480005432865e-06,-5.530634155317732e-06,8.592835426279013,7.419281855407431,-1.1735535708715759,358.8264464291284,118.8264464291284
260603_iris2dsweep_sim50norm,sim,f_mean,sim,S11,offset_nan,06_3-5_TDS-Half-Plunger-Iris2Dsweep-260527_47.s1p,06_3-5_TDS-Half-Plunger-Iris2Dsweep-260527_48.s1p,,,2.8672804543714,2.86728,2.86728,-5.530634155317732e-06,-1.7409606880656865e-05,7.419281855407431,17.486929537397437,10.067647681989996,10.067647681989996,-229.93235231801
260603_iris2dsweep_sim50norm,sim,f_mean,sim,S11,offset_nan,06_3-5_TDS-Half-Plunger-Iris2Dsweep-260527_48.s1p,06_3-5_TDS-Half-Plunger-Iris2Dsweep-260527_49.s1p,,,2.8672804543714,2.86728,2.86728,-1.7409606880656865e-05,-3.3818939645022694e-07,17.486929537397437,15.068759661901156,-2.4181698754962895,357.5818301245037,117.58183012450371
260603_iris2dsweep_sim50norm,sim,f_mean,sim,S11,offset_nan,06_3-5_TDS-Half-Plunger-Iris2Dsweep-260527_49.s1p,06_3-5_TDS-Half-Plunger-Iris2Dsweep-260527_5.s1p,,,2.8672804543714,2.86728,2.86728,-3.3818939645022694e-07,-4.339161539527317e-05,15.068759661901156,32.26828481782198,17.19952515592081,17.19952515592081,-222.8004748440792
260603_iris2dsweep_sim50norm,sim,f_mean,sim,S11,offset_nan,06_3-5_TDS-Half-Plunger-Iris2Dsweep-260527_5.s1p,06_3-5_TDS-Half-Plunger-Iris2Dsweep-260527_50.s1p,,,2.8672804543714,2.86728,2.86728,-4.339161539527317e-05,-9.179640207780239e-07,32.26828481782198,12.993193036101628,-19.275091781720334,340.72490821827967,100.72490821827967
260603_iris2dsweep_sim50norm,sim,f_mean,sim,S11,offset_nan,06_3-5_TDS-Half-Plunger-Iris2Dsweep-260527_50.s1p,06_3-5_TDS-Half-Plunger-Iris2Dsweep-260527_51.s1p,,,2.8672804543714,2.86728,2.86728,-9.179640207780239e-07,-4.375339442096785e-06,12.993193036101628,11.188993632301807,-1.804199403799828,358.1958005962002,118.19580059620017
260603_iris2dsweep_sim50norm,sim,f_mean,sim,S11,offset_nan,06_3-5_TDS-Half-Plunger-Iris2Dsweep-260527_51.s1p,06_3-5_TDS-Half-Plunger-Iris2Dsweep-260527_52.s1p,,,2.8672804543714,2.86728,2.86728,-4.375339442096785e-06,-3.494681401958285e-06,11.188993632301807,9.608287477557123,-1.5807061547446892,358.4192938452553,118.41929384525531
260603_iris2dsweep_sim50norm,sim,f_mean,sim,S11,offset_nan,06_3-5_TDS-Half-Plunger-Iris2Dsweep-260527_52.s1p,06_3-5_TDS-Half-Plunger-Iris2Dsweep-260527_53.s1p,,,2.8672804543714,2.86728,2.86728,-3.494681401958285e-06,-7.557775883254855e-06,9.608287477557123,8.214587228470858,-1.3937002490862653,358.60629975091376,118.60629975091376
260603_iris2dsweep_sim50norm,sim,f_mean,sim,S11,offset_nan,06_3-5_TDS-Half-Plunger-Iris2Dsweep-260527_53.s1p,06_3-5_TDS-Half-Plunger-Iris2Dsweep-260527_54.s1p,,,2.8672804543714,2.86728,2.86728,-7.557775883254855e-06,-1.7976558220336293e-06,8.214587228470858,6.975315760602482,-1.2392714678683774,358.7607285321316,118.76072853213162
260603_iris2dsweep_sim50norm,sim,f_mean,sim,S11,offset_nan,06_3-5_TDS-Half-Plunger-Iris2Dsweep-260527_54.s1p,06_3-5_TDS-Half-Plunger-Iris2Dsweep-260527_55.s1p,,,2.8672804543714,2.86728,2.86728,-1.7976558220336293e-06,-1.3014096967243815e-06,6.975315760602482,5.8648361955049095,-1.1104795650975632,358.88952043490247,118.88952043490247
260603_iris2dsweep_sim50norm,sim,f_mean,sim,S11,offset_nan,06_3-5_TDS-Half-Plunger-Iris2Dsweep-260527_55.s1p,06_3-5_TDS-Half-Plunger-Iris2Dsweep-260527_56.s1p,,,2.8672804543714,2.86728,2.86728,-1.3014096967243815e-06,-2.34670791191269e-06,5.8648361955049095,4.864288089644157,-1.0005481058607586,358.99945189413927,118.99945189413927
260603_iris2dsweep_sim50norm,sim,f_mean,sim,S11,offset_nan,06_3-5_TDS-Half-Plunger-Iris2Dsweep-260527_56.s1p,06_3-5_TDS-Half-Plunger-Iris2Dsweep-260527_57.s1p,,,2.8672804543714,2.86728,2.86728,-2.34670791191269e-06,-1.2237435507061377e-06,4.864288089644157,12.511444114485249,7.647156024841081,7.647156024841081,-232.35284397515892
260603_iris2dsweep_sim50norm,sim,f_mean,sim,S11,offset_nan,06_3-5_TDS-Half-Plunger-Iris2Dsweep-260527_57.s1p,06_3-5_TDS-Half-Plunger-Iris2Dsweep-260527_58.s1p,,,2.8672804543714,2.86728,2.86728,-1.2237435507061377e-06,-1.1632593778760426e-06,12.511444114485249,10.59890122749804,-1.912542886987211,358.08745711301276,118.08745711301276
260603_iris2dsweep_sim50norm,sim,f_mean,sim,S11,offset_nan,06_3-5_TDS-Half-Plunger-Iris2Dsweep-260527_58.s1p,06_3-5_TDS-Half-Plunger-Iris2Dsweep-260527_59.s1p,,,2.8672804543714,2.86728,2.86728,-1.1632593778760426e-06,-1.5856583390828837e-06,10.59890122749804,8.940028926326121,-1.6588723011719253,358.3411276988281,118.34112769882807
260603_iris2dsweep_sim50norm,sim,f_mean,sim,S11,offset_nan,06_3-5_TDS-Half-Plunger-Iris2Dsweep-260527_59.s1p,06_3-5_TDS-Half-Plunger-Iris2Dsweep-260527_6.s1p,,,2.8672804543714,2.86728,2.86728,-1.5856583390828837e-06,-2.455752314412055e-05,8.940028926326121,28.736410453974326,19.796381527648208,19.796381527648208,-220.2036184723518
260603_iris2dsweep_sim50norm,sim,f_mean,sim,S11,offset_nan,06_3-5_TDS-Half-Plunger-Iris2Dsweep-260527_6.s1p,06_3-5_TDS-Half-Plunger-Iris2Dsweep-260527_60.s1p,,,2.8672804543714,2.86728,2.86728,-2.455752314412055e-05,-2.698325288742608e-06,28.736410453974326,7.486295230813773,-21.25011522316055,338.74988477683945,98.74988477683945
260603_iris2dsweep_sim50norm,sim,f_mean,sim,S11,offset_nan,06_3-5_TDS-Half-Plunger-Iris2Dsweep-260527_60.s1p,06_3-5_TDS-Half-Plunger-Iris2Dsweep-260527_61.s1p,,,2.8672804543714,2.86728,2.86728,-2.698325288742608e-06,-2.8819502010556892e-06,7.486295230813773,6.207864823836449,-1.2784304069773214,358.72156959302265,118.72156959302265
260603_iris2dsweep_sim50norm,sim,f_mean,sim,S11,offset_nan,06_3-5_TDS-Half-Plunger-Iris2Dsweep-260527_61.s1p,06_3-5_TDS-Half-Plunger-Iris2Dsweep-260527_62.s1p,,,2.8672804543714,2.86728,2.86728,-2.8819502010556892e-06,-2.358013232136783e-06,6.207864823836449,5.065853719036213,-1.1420111048002468,358.85798889519975,118.85798889519975
260603_iris2dsweep_sim50norm,sim,f_mean,sim,S11,offset_nan,06_3-5_TDS-Half-Plunger-Iris2Dsweep-260527_62.s1p,06_3-5_TDS-Half-Plunger-Iris2Dsweep-260527_63.s1p,,,2.8672804543714,2.86728,2.86728,-2.358013232136783e-06,-2.6686156106954164e-06,5.065853719036213,4.046559630820669,-1.0192940882155312,358.98070591178447,118.98070591178447
260603_iris2dsweep_sim50norm,sim,f_mean,sim,S11,offset_nan,06_3-5_TDS-Half-Plunger-Iris2Dsweep-260527_63.s1p,06_3-5_TDS-Half-Plunger-Iris2Dsweep-260527_64.s1p,,,2.8672804543714,2.86728,2.86728,-2.6686156106954164e-06,-2.2023464361536716e-06,4.046559630820669,3.1285260347471673,-0.9180335960735135,359.08196640392646,119.08196640392646
260603_iris2dsweep_sim50norm,sim,f_mean,sim,S11,offset_nan,06_3-5_TDS-Half-Plunger-Iris2Dsweep-260527_64.s1p,06_3-5_TDS-Half-Plunger-Iris2Dsweep-260527_65.s1p,,,2.8672804543714,2.86728,2.86728,-2.2023464361536716e-06,-9.111465951734183e-07,3.1285260347471673,2.29555029661478,-0.8329757381323759,359.1670242618676,119.1670242618676
260603_iris2dsweep_sim50norm,sim,f_mean,sim,S11,offset_nan,06_3-5_TDS-Half-Plunger-Iris2Dsweep-260527_65.s1p,06_3-5_TDS-Half-Plunger-Iris2Dsweep-260527_66.s1p,,,2.8672804543714,2.86728,2.86728,-9.111465951734183e-07,-2.8070685547218197e-06,2.29555029661478,7.768834457499393,5.473284160884617,5.473284160884617,-234.52671583911538
260603_iris2dsweep_sim50norm,sim,f_mean,sim,S11,offset_nan,06_3-5_TDS-Half-Plunger-Iris2Dsweep-260527_66.s1p,06_3-5_TDS-Half-Plunger-Iris2Dsweep-260527_67.s1p,,,2.8672804543714,2.86728,2.86728,-2.8070685547218197e-06,-2.040102647471938e-06,7.768834457499393,6.3065467568416755,-1.4622877006577255,358.5377122993423,118.53771229934227
260603_iris2dsweep_sim50norm,sim,f_mean,sim,S11,offset_nan,06_3-5_TDS-Half-Plunger-Iris2Dsweep-260527_67.s1p,06_3-5_TDS-Half-Plunger-Iris2Dsweep-260527_68.s1p,,,2.8672804543714,2.86728,2.86728,-2.040102647471938e-06,-2.0871959578547958e-07,6.3065467568416755,5.025461442302512,-1.2810853145391548,358.71891468546085,118.71891468546085
260603_iris2dsweep_sim50norm,sim,f_mean,sim,S11,offset_nan,06_3-5_TDS-Half-Plunger-Iris2Dsweep-260527_68.s1p,06_3-5_TDS-Half-Plunger-Iris2Dsweep-260527_69.s1p,,,2.8672804543714,2.86728,2.86728,-2.0871959578547958e-07,-1.1352608417110652e-06,5.025461442302512,3.893387861900277,-1.1320735804022206,358.8679264195978,118.86792641959778
260603_iris2dsweep_sim50norm,sim,f_mean,sim,S11,offset_nan,06_3-5_TDS-Half-Plunger-Iris2Dsweep-260527_69.s1p,06_3-5_TDS-Half-Plunger-Iris2Dsweep-260527_7.s1p,,,2.8672804543714,2.86728,2.86728,-1.1352608417110652e-06,-2.244984445114134e-05,3.893387861900277,25.695734422911382,21.80234656101112,21.80234656101112,-218.19765343898888
260603_iris2dsweep_sim50norm,sim,f_mean,sim,S11,offset_nan,06_3-5_TDS-Half-Plunger-Iris2Dsweep-260527_7.s1p,06_3-5_TDS-Half-Plunger-Iris2Dsweep-260527_70.s1p,,,2.8672804543714,2.86728,2.86728,-2.244984445114134e-05,-4.735899506998547e-06,25.695734422911382,2.886525706131892,-22.809208716779494,337.1907912832205,97.1907912832205
260603_iris2dsweep_sim50norm,sim,f_mean,sim,S11,offset_nan,06_3-5_TDS-Half-Plunger-Iris2Dsweep-260527_70.s1p,06_3-5_TDS-Half-Plunger-Iris2Dsweep-260527_71.s1p,,,2.8672804543714,2.86728,2.86728,-4.735899506998547e-06,-4.318752131962169e-09,2.886525706131892,1.9806414279068163,-0.9058842782250736,359.0941157217749,119.09411572177493
260603_iris2dsweep_sim50norm,sim,f_mean,sim,S11,offset_nan,06_3-5_TDS-Half-Plunger-Iris2Dsweep-260527_71.s1p,06_3-5_TDS-Half-Plunger-Iris2Dsweep-260527_72.s1p,,,2.8672804543714,2.86728,2.86728,-4.318752131962169e-09,-2.7597389338000697e-06,1.9806414279068163,1.1659754055693705,-0.814666022337434,359.1853339776626,119.1853339776626
260603_iris2dsweep_sim50norm,sim,f_mean,sim,S11,offset_nan,06_3-5_TDS-Half-Plunger-Iris2Dsweep-260527_72.s1p,06_3-5_TDS-Half-Plunger-Iris2Dsweep-260527_73.s1p,,,2.8672804543714,2.86728,2.86728,-2.7597389338000697e-06,-2.2904323399835935e-06,1.1659754055693705,0.4272470666488647,-0.7387283389205095,359.2612716610795,119.26127166107949
260603_iris2dsweep_sim50norm,sim,f_mean,sim,S11,offset_nan,06_3-5_TDS-Half-Plunger-Iris2Dsweep-260527_73.s1p,06_3-5_TDS-Half-Plunger-Iris2Dsweep-260527_74.s1p,,,2.8672804543714,2.86728,2.86728,-2.2904323399835935e-06,-2.0312157158995063e-06,0.4272470666488647,-0.24702607718878028,-0.6742731438376381,359.32572685616236,119.32572685616236
260603_iris2dsweep_sim50norm,sim,f_mean,sim,S11,offset_nan,06_3-5_TDS-Half-Plunger-Iris2Dsweep-260527_74.s1p,06_3-5_TDS-Half-Plunger-Iris2Dsweep-260527_75.s1p,,,2.8672804543714,2.86728,2.86728,-2.0312157158995063e-06,-2.7861539892050133e-06,-0.24702607718878028,3.3520350697902224,3.599061146979011,3.599061146979011,-236.400938853021
260603_iris2dsweep_sim50norm,sim,f_mean,sim,S11,offset_nan,06_3-5_TDS-Half-Plunger-Iris2Dsweep-260527_75.s1p,06_3-5_TDS-Half-Plunger-Iris2Dsweep-260527_76.s1p,,,2.8672804543714,2.86728,2.86728,-2.7861539892050133e-06,-3.0797877681402185e-06,3.3520350697902224,2.274660062579381,-1.0773750072108328,358.92262499278917,118.92262499278917
260603_iris2dsweep_sim50norm,sim,f_mean,sim,S11,offset_nan,06_3-5_TDS-Half-Plunger-Iris2Dsweep-260527_76.s1p,06_3-5_TDS-Half-Plunger-Iris2Dsweep-260527_77.s1p,,,2.8672804543714,2.86728,2.86728,-3.0797877681402185e-06,-2.2422808282580334e-06,2.274660062579381,1.3213820528865021,-0.9532780096928661,359.0467219903071,119.0467219903071
260603_iris2dsweep_sim50norm,sim,f_mean,sim,S11,offset_nan,06_3-5_TDS-Half-Plunger-Iris2Dsweep-260527_77.s1p,06_3-5_TDS-Half-Plunger-Iris2Dsweep-260527_78.s1p,,,2.8672804543714,2.86728,2.86728,-2.2422808282580334e-06,-2.466027518979058e-06,1.3213820528865021,0.4680772961595896,-0.8533047567269136,359.1466952432731,119.14669524327309
260603_iris2dsweep_sim50norm,sim,f_mean,sim,S11,offset_nan,06_3-5_TDS-Half-Plunger-Iris2Dsweep-260527_78.s1p,06_3-5_TDS-Half-Plunger-Iris2Dsweep-260527_79.s1p,,,2.8672804543714,2.86728,2.86728,-2.466027518979058e-06,-2.233602139191384e-06,0.4680772961595896,-0.9952515358814797,-1.4633288320410713,358.53667116795896,118.53667116795896
260603_iris2dsweep_sim50norm,sim,f_mean,sim,S11,offset_nan,06_3-5_TDS-Half-Plunger-Iris2Dsweep-260527_79.s1p,06_3-5_TDS-Half-Plunger-Iris2Dsweep-260527_8.s1p,,,2.8672804543714,2.86728,2.86728,-2.233602139191384e-06,-2.1094408236623066e-05,-0.9952515358814797,23.05271470133325,24.047966237214723,24.047966237214723,-215.95203376278528
260603_iris2dsweep_sim50norm,sim,f_mean,sim,S11,offset_nan,06_3-5_TDS-Half-Plunger-Iris2Dsweep-260527_8.s1p,06_3-5_TDS-Half-Plunger-Iris2Dsweep-260527_80.s1p,,,2.8672804543714,2.86728,2.86728,-2.1094408236623066e-05,-2.125899813322581e-06,23.05271470133325,-1.6283305827530978,-24.681045284086338,335.31895471591366,95.31895471591366
260603_iris2dsweep_sim50norm,sim,f_mean,sim,S11,offset_nan,06_3-5_TDS-Half-Plunger-Iris2Dsweep-260527_80.s1p,06_3-5_TDS-Half-Plunger-Iris2Dsweep-260527_81.s1p,,,2.8672804543714,2.86728,2.86728,-2.125899813322581e-06,-8.100352495036818e-07,-1.6283305827530978,-2.2034528778704843,-0.5751222951173816,359.42487770488265,119.42487770488265
260603_iris2dsweep_sim50norm,sim,f_mean,sim,S11,offset_nan,06_3-5_TDS-Half-Plunger-Iris2Dsweep-260527_81.s1p,06_3-5_TDS-Half-Plunger-Iris2Dsweep-260527_82.s1p,,,2.8672804543714,2.86728,2.86728,-8.100352495036818e-07,-1.6385832372041757e-06,-2.2034528778704843,-2.735687302263425,-0.5322344243929535,359.467765575607,119.46776557560702
260603_iris2dsweep_sim50norm,sim,f_mean,sim,S11,offset_nan,06_3-5_TDS-Half-Plunger-Iris2Dsweep-260527_82.s1p,06_3-5_TDS-Half-Plunger-Iris2Dsweep-260527_83.s1p,,,2.8672804543714,2.86728,2.86728,-1.6385832372041757e-06,-1.7459557635478744e-05,-2.735687302263425,-0.6732526146004869,2.062434687662943,2.062434687662943,-237.93756531233706
260603_iris2dsweep_sim50norm,sim,f_mean,sim,S11,offset_nan,06_3-5_TDS-Half-Plunger-Iris2Dsweep-260527_83.s1p,06_3-5_TDS-Half-Plunger-Iris2Dsweep-260527_84.s1p,,,2.8672804543714,2.86728,2.86728,-1.7459557635478744e-05,-2.2787196309233825e-06,-0.6732526146004869,-1.4354443035521887,-0.7621916889517024,359.2378083110483,119.2378083110483
260603_iris2dsweep_sim50norm,sim,f_mean,sim,S11,offset_nan,06_3-5_TDS-Half-Plunger-Iris2Dsweep-260527_84.s1p,06_3-5_TDS-Half-Plunger-Iris2Dsweep-260527_85.s1p,,,2.8672804543714,2.86728,2.86728,-2.2787196309233825e-06,9.428461078571735e-10,-1.4354443035521887,-2.1212014681056615,-0.685757164553479,359.3142428354465,119.31424283544652
260603_iris2dsweep_sim50norm,sim,f_mean,sim,S11,offset_nan,06_3-5_TDS-Half-Plunger-Iris2Dsweep-260527_85.s1p,06_3-5_TDS-Half-Plunger-Iris2Dsweep-260527_86.s1p,,,2.8672804543714,2.86728,2.86728,9.428461078571735e-10,3.5984226564870027e-09,-2.1212014681056615,-2.7408861311759694,-0.6196846630703021,359.3803153369297,119.3803153369297
260603_iris2dsweep_sim50norm,sim,f_mean,sim,S11,offset_nan,06_3-5_TDS-Half-Plunger-Iris2Dsweep-260527_86.s1p,06_3-5_TDS-Half-Plunger-Iris2Dsweep-260527_87.s1p,,,2.8672804543714,2.86728,2.86728,3.5984226564870027e-09,-8.402818059680311e-06,-2.7408861311759694,-3.305892944186767,-0.5650068130107968,359.43499318698923,119.43499318698923
260603_iris2dsweep_sim50norm,sim,f_mean,sim,S11,offset_nan,06_3-5_TDS-Half-Plunger-Iris2Dsweep-260527_87.s1p,06_3-5_TDS-Half-Plunger-Iris2Dsweep-260527_88.s1p,,,2.8672804543714,2.86728,2.86728,-8.402818059680311e-06,-2.0827481747920144e-06,-3.305892944186767,-3.821015791440999,-0.5151228472542186,359.48487715274575,119.48487715274575
260603_iris2dsweep_sim50norm,sim,f_mean,sim,S11,offset_nan,06_3-5_TDS-Half-Plunger-Iris2Dsweep-260527_88.s1p,06_3-5_TDS-Half-Plunger-Iris2Dsweep-260527_89.s1p,,,2.8672804543714,2.86728,2.86728,-2.0827481747920144e-06,-2.832933232725896e-06,-3.821015791440999,-4.293640002057793,-0.47262421061680016,359.5273757893832,119.5273757893832
260603_iris2dsweep_sim50norm,sim,f_mean,sim,S11,offset_nan,06_3-5_TDS-Half-Plunger-Iris2Dsweep-260527_89.s1p,06_3-5_TDS-Half-Plunger-Iris2Dsweep-260527_9.s1p,,,2.8672804543714,2.86728,2.86728,-2.832933232725896e-06,-1.5964265960101346e-05,-4.293640002057793,20.737943503705395,25.031583505763194,25.031583505763194,-214.9684164942368
260603_iris2dsweep_sim50norm,sim,f_mean,sim,S11,offset_nan,06_3-5_TDS-Half-Plunger-Iris2Dsweep-260527_9.s1p,06_3-5_TDS-Half-Plunger-Iris2Dsweep-260527_90.s1p,,,2.8672804543714,2.86728,2.86728,-1.5964265960101346e-05,-1.1404051544208052e-07,20.737943503705395,-4.730881110309694,-25.46882461401509,334.5311753859849,94.53117538598491
260603_iris2dsweep_sim50norm,sim,f_mean,sim,S11,offset_nan,06_3-5_TDS-Half-Plunger-Iris2Dsweep-260527_90.s1p,06_3-5_TDS-Half-Plunger-Iris2Dsweep-260527_91.s1p,,,2.8672804543714,2.86728,2.86728,-1.1404051544208052e-07,-6.2672148848451e-07,-4.730881110309694,-5.133218951270318,-0.40233784096062664,359.5976621590394,119.59766215903937
260603_iris2dsweep_sim50norm,sim,f_mean,sim,S11,offset_nan,06_3-5_TDS-Half-Plunger-Iris2Dsweep-260527_91.s1p,06_3-5_TDS-Half-Plunger-Iris2Dsweep-260527_92.s1p,,,2.8672804543714,2.86728,2.86728,-6.2672148848451e-07,-2.0337962384816255e-06,-5.133218951270318,-4.274712328093225,0.8585066231771066,0.8585066231771066,-239.1414933768229
260603_iris2dsweep_sim50norm,sim,f_mean,sim,S11,offset_nan,06_3-5_TDS-Half-Plunger-Iris2Dsweep-260527_92.s1p,06_3-5_TDS-Half-Plunger-Iris2Dsweep-260527_93.s1p,,,2.8672804543714,2.86728,2.86728,-2.0337962384816255e-06,-1.3906040050143474e-06,-4.274712328093225,-4.793354125421882,-0.5186417973286552,359.48135820267134,119.48135820267134
260603_iris2dsweep_sim50norm,sim,f_mean,sim,S11,offset_nan,06_3-5_TDS-Half-Plunger-Iris2Dsweep-260527_93.s1p,06_3-5_TDS-Half-Plunger-Iris2Dsweep-260527_94.s1p,,,2.8672804543714,2.86728,2.86728,-1.3906040050143474e-06,-1.420973143779298e-06,-4.793354125421882,-5.264373369098706,-0.47101924367683523,359.52898075632316,119.52898075632316
260603_iris2dsweep_sim50norm,sim,f_mean,sim,S11,offset_nan,06_3-5_TDS-Half-Plunger-Iris2Dsweep-260527_94.s1p,06_3-5_TDS-Half-Plunger-Iris2Dsweep-260527_95.s1p,,,2.8672804543714,2.86728,2.86728,-1.420973143779298e-06,-1.350209499475396e-06,-5.264373369098706,-5.6975155681483045,-0.4331421990495983,359.5668578009504,119.5668578009504
260603_iris2dsweep_sim50norm,sim,f_mean,sim,S11,offset_nan,06_3-5_TDS-Half-Plunger-Iris2Dsweep-260527_95.s1p,06_3-5_TDS-Half-Plunger-Iris2Dsweep-260527_96.s1p,,,2.8672804543714,2.86728,2.86728,-1.350209499475396e-06,-1.8987944860669728e-06,-5.6975155681483045,-6.095191167149826,-0.3976755990015306,359.60232440099844,119.60232440099844
260603_iris2dsweep_sim50norm,sim,f_mean,sim,S11,offset_nan,06_3-5_TDS-Half-Plunger-Iris2Dsweep-260527_96.s1p,06_3-5_TDS-Half-Plunger-Iris2Dsweep-260527_97.s1p,,,2.8672804543714,2.86728,2.86728,-1.8987944860669728e-06,-1.2709276886526309e-06,-6.095191167149826,-6.460795863753229,-0.36560469660341255,359.63439530339656,119.63439530339656
260603_iris2dsweep_sim50norm,sim,f_mean,sim,S11,offset_nan,06_3-5_TDS-Half-Plunger-Iris2Dsweep-260527_97.s1p,06_3-5_TDS-Half-Plunger-Iris2Dsweep-260527_98.s1p,,,2.8672804543714,2.86728,2.86728,-1.2709276886526309e-06,-2.0591209034111767e-07,-6.460795863753229,-6.802884198451561,-0.34208833469833166,359.65791166530164,119.65791166530164
260603_iris2dsweep_sim50norm,sim,f_mean,sim,S11,offset_nan,06_3-5_TDS-Half-Plunger-Iris2Dsweep-260527_98.s1p,06_3-5_TDS-Half-Plunger-Iris2Dsweep-260527_99.s1p,,,2.8672804543714,2.86728,2.86728,-2.0591209034111767e-07,-1.2569243230755874e-07,-6.802884198451561,-7.121448574698422,-0.3185643762468544,359.68143562375315,119.68143562375315
260603_iris2dsweep_sim50norm,sim,f_pi2,sim,S11,offset_nan,06_3-5_TDS-Half-Plunger-Iris2Dsweep-260527_1.s1p,06_3-5_TDS-Half-Plunger-Iris2Dsweep-260527_10.s1p,,,2.8774448751896,2.877444,2.877444,-3.3889485526264104e-09,2.475048661267833e-09,99.61146575029913,12.483481458354559,-87.12798429194457,272.8720157080554,32.872015708055415
260603_iris2dsweep_sim50norm,sim,f_pi2,sim,S11,offset_nan,06_3-5_TDS-Half-Plunger-Iris2Dsweep-260527_10.s1p,06_3-5_TDS-Half-Plunger-Iris2Dsweep-260527_100.s1p,,,2.8774448751896,2.877444,2.877444,2.475048661267833e-09,-4.632534646465628e-09,12.483481458354559,-12.891982991100429,-25.375464449454995,334.62453555054503,94.62453555054503
260603_iris2dsweep_sim50norm,sim,f_pi2,sim,S11,offset_nan,06_3-5_TDS-Half-Plunger-Iris2Dsweep-260527_100.s1p,06_3-5_TDS-Half-Plunger-Iris2Dsweep-260527_101.s1p,,,2.8774448751896,2.877444,2.877444,-4.632534646465628e-09,-3.9702048824355253e-07,-12.891982991100429,-14.010010605816008,-1.1180276147155723,358.8819723852844,118.88197238528443
260603_iris2dsweep_sim50norm,sim,f_pi2,sim,S11,offset_nan,06_3-5_TDS-Half-Plunger-Iris2Dsweep-260527_101.s1p,06_3-5_TDS-Half-Plunger-Iris2Dsweep-260527_102.s1p,,,2.8774448751896,2.877444,2.877444,-3.9702048824355253e-07,-6.496519523771797e-07,-14.010010605816008,-14.158922337285517,-0.14891173146949654,359.8510882685305,119.85108826853048
260603_iris2dsweep_sim50norm,sim,f_pi2,sim,S11,offset_nan,06_3-5_TDS-Half-Plunger-Iris2Dsweep-260527_102.s1p,06_3-5_TDS-Half-Plunger-Iris2Dsweep-260527_103.s1p,,,2.8774448751896,2.877444,2.877444,-6.496519523771797e-07,-1.2662347507424709e-06,-14.158922337285517,-14.299644422418549,-0.14072208513303508,359.859277914867,119.859277914867
260603_iris2dsweep_sim50norm,sim,f_pi2,sim,S11,offset_nan,06_3-5_TDS-Half-Plunger-Iris2Dsweep-260527_103.s1p,06_3-5_TDS-Half-Plunger-Iris2Dsweep-260527_104.s1p,,,2.8774448751896,2.877444,2.877444,-1.2662347507424709e-06,-6.096173402128431e-07,-14.299644422418549,-14.438551908899756,-0.13890748648120166,359.86109251351877,119.86109251351877
260603_iris2dsweep_sim50norm,sim,f_pi2,sim,S11,offset_nan,06_3-5_TDS-Half-Plunger-Iris2Dsweep-260527_104.s1p,06_3-5_TDS-Half-Plunger-Iris2Dsweep-260527_105.s1p,,,2.8774448751896,2.877444,2.877444,-6.096173402128431e-07,-6.665388656982914e-07,-14.438551908899756,-14.570565234077364,-0.13201332517760989,359.8679866748224,119.86798667482242
260603_iris2dsweep_sim50norm,sim,f_pi2,sim,S11,offset_nan,06_3-5_TDS-Half-Plunger-Iris2Dsweep-260527_105.s1p,06_3-5_TDS-Half-Plunger-Iris2Dsweep-260527_106.s1p,,,2.8774448751896,2.877444,2.877444,-6.665388656982914e-07,2.207875950766467e-09,-14.570565234077364,-14.69932758991226,-0.12876235583490825,359.8712376441651,119.87123764416509
260603_iris2dsweep_sim50norm,sim,f_pi2,sim,S11,offset_nan,06_3-5_TDS-Half-Plunger-Iris2Dsweep-260527_106.s1p,06_3-5_TDS-Half-Plunger-Iris2Dsweep-260527_107.s1p,,,2.8774448751896,2.877444,2.877444,2.207875950766467e-09,5.283203031196825e-10,-14.69932758991226,-14.820908605458683,-0.12158101554641121,359.87841898445356,119.87841898445356
260603_iris2dsweep_sim50norm,sim,f_pi2,sim,S11,offset_nan,06_3-5_TDS-Half-Plunger-Iris2Dsweep-260527_107.s1p,06_3-5_TDS-Half-Plunger-Iris2Dsweep-260527_108.s1p,,,2.8774448751896,2.877444,2.877444,5.283203031196825e-10,-3.4185379766217267e-09,-14.820908605458683,-14.94054846295044,-0.11963985749176231,359.88036014250827,119.88036014250827
260603_iris2dsweep_sim50norm,sim,f_pi2,sim,S11,offset_nan,06_3-5_TDS-Half-Plunger-Iris2Dsweep-260527_108.s1p,06_3-5_TDS-Half-Plunger-Iris2Dsweep-260527_109.s1p,,,2.8774448751896,2.877444,2.877444,-3.4185379766217267e-09,-1.005623826039179e-09,-14.94054846295044,-15.056933236427593,-0.11638477347716503,359.8836152265228,119.8836152265228
260603_iris2dsweep_sim50norm,sim,f_pi2,sim,S11,offset_nan,06_3-5_TDS-Half-Plunger-Iris2Dsweep-260527_109.s1p,06_3-5_TDS-Half-Plunger-Iris2Dsweep-260527_11.s1p,,,2.8774448751896,2.877444,2.877444,-1.005623826039179e-09,-5.402811493043945e-07,-15.056933236427593,11.165587132113883,26.222520368541467,26.222520368541467,-213.77747963145853
260603_iris2dsweep_sim50norm,sim,f_pi2,sim,S11,offset_nan,06_3-5_TDS-Half-Plunger-Iris2Dsweep-260527_11.s1p,06_3-5_TDS-Half-Plunger-Iris2Dsweep-260527_110.s1p,,,2.8774448751896,2.877444,2.877444,-5.402811493043945e-07,-3.1763912412824246e-07,11.165587132113883,-16.41807580249691,-27.5836629346108,332.4163370653892,92.4163370653892
260603_iris2dsweep_sim50norm,sim,f_pi2,sim,S11,offset_nan,06_3-5_TDS-Half-Plunger-Iris2Dsweep-260527_110.s1p,06_3-5_TDS-Half-Plunger-Iris2Dsweep-260527_111.s1p,,,2.8774448751896,2.877444,2.877444,-3.1763912412824246e-07,-2.7079539960920046e-09,-16.41807580249691,-16.5030061006469,-0.08493029814999886,359.91506970185003,119.91506970185003
260603_iris2dsweep_sim50norm,sim,f_pi2,sim,S11,offset_nan,06_3-5_TDS-Half-Plunger-Iris2Dsweep-260527_111.s1p,06_3-5_TDS-Half-Plunger-Iris2Dsweep-260527_112.s1p,,,2.8774448751896,2.877444,2.877444,-2.7079539960920046e-09,-1.991279323340266e-09,-16.5030061006469,-16.588132991320986,-0.08512689067407564,359.9148731093259,119.91487310932592
260603_iris2dsweep_sim50norm,sim,f_pi2,sim,S11,offset_nan,06_3-5_TDS-Half-Plunger-Iris2Dsweep-260527_112.s1p,06_3-5_TDS-Half-Plunger-Iris2Dsweep-260527_113.s1p,,,2.8774448751896,2.877444,2.877444,-1.991279323340266e-09,-6.053546384949877e-10,-16.588132991320986,-16.670051150420747,-0.0819181590997573,359.91808184090024,119.91808184090024
260603_iris2dsweep_sim50norm,sim,f_pi2,sim,S11,offset_nan,06_3-5_TDS-Half-Plunger-Iris2Dsweep-260527_113.s1p,06_3-5_TDS-Half-Plunger-Iris2Dsweep-260527_114.s1p,,,2.8774448751896,2.877444,2.877444,-6.053546384949877e-10,-1.63802592125219e-10,-16.670051150420747,-16.752392249472727,-0.08234109905197329,359.917658900948,119.91765890094803
260603_iris2dsweep_sim50norm,sim,f_pi2,sim,S11,offset_nan,06_3-5_TDS-Half-Plunger-Iris2Dsweep-260527_114.s1p,06_3-5_TDS-Half-Plunger-Iris2Dsweep-260527_115.s1p,,,2.8774448751896,2.877444,2.877444,-1.63802592125219e-10,1.4692319700219288e-09,-16.752392249472727,-16.831816889866932,-0.07942464039419406,359.9205753596058,119.92057535960578
260603_iris2dsweep_sim50norm,sim,f_pi2,sim,S11,offset_nan,06_3-5_TDS-Half-Plunger-Iris2Dsweep-260527_115.s1p,06_3-5_TDS-Half-Plunger-Iris2Dsweep-260527_116.s1p,,,2.8774448751896,2.877444,2.877444,1.4692319700219288e-09,7.518861256390548e-10,-16.831816889866932,-16.91045550600091,-0.07863861613398626,359.92136138386604,119.92136138386604
260603_iris2dsweep_sim50norm,sim,f_pi2,sim,S11,offset_nan,06_3-5_TDS-Half-Plunger-Iris2Dsweep-260527_116.s1p,06_3-5_TDS-Half-Plunger-Iris2Dsweep-260527_117.s1p,,,2.8774448751896,2.877444,2.877444,7.518861256390548e-10,1.725772005901917e-09,-16.91045550600091,-16.99024511437409,-0.07978960837317572,359.9202103916268,119.92021039162682
260603_iris2dsweep_sim50norm,sim,f_pi2,sim,S11,offset_nan,06_3-5_TDS-Half-Plunger-Iris2Dsweep-260527_117.s1p,06_3-5_TDS-Half-Plunger-Iris2Dsweep-260527_118.s1p,,,2.8774448751896,2.877444,2.877444,1.725772005901917e-09,3.792616992963948e-09,-16.99024511437409,-17.06559468309001,-0.07534956871592158,359.9246504312841,119.92465043128408
260603_iris2dsweep_sim50norm,sim,f_pi2,sim,S11,offset_nan,06_3-5_TDS-Half-Plunger-Iris2Dsweep-260527_118.s1p,06_3-5_TDS-Half-Plunger-Iris2Dsweep-260527_119.s1p,,,2.8774448751896,2.877444,2.877444,3.792616992963948e-09,1.7394654559242425e-09,-17.06559468309001,-18.479798062114494,-1.4142033790244852,358.58579662097554,118.58579662097554
260603_iris2dsweep_sim50norm,sim,f_pi2,sim,S11,offset_nan,06_3-5_TDS-Half-Plunger-Iris2Dsweep-260527_119.s1p,06_3-5_TDS-Half-Plunger-Iris2Dsweep-260527_12.s1p,,,2.8774448751896,2.877444,2.877444,1.7394654559242425e-09,5.506084179646911e-09,-18.479798062114494,23.58816164613644,42.06795970825095,42.06795970825095,-197.93204029174905
260603_iris2dsweep_sim50norm,sim,f_pi2,sim,S11,offset_nan,06_3-5_TDS-Half-Plunger-Iris2Dsweep-260527_12.s1p,06_3-5_TDS-Half-Plunger-Iris2Dsweep-260527_120.s1p,,,2.8774448751896,2.877444,2.877444,5.506084179646911e-09,-2.294347195275934e-09,23.58816164613644,-18.531676181017037,-42.119837827153475,317.88016217284655,77.88016217284655
260603_iris2dsweep_sim50norm,sim,f_pi2,sim,S11,offset_nan,06_3-5_TDS-Half-Plunger-Iris2Dsweep-260527_120.s1p,06_3-5_TDS-Half-Plunger-Iris2Dsweep-260527_121.s1p,,,2.8774448751896,2.877444,2.877444,-2.294347195275934e-09,-4.4101723044922895e-09,-18.531676181017037,-18.584127252419847,-0.0524510714027997,359.9475489285972,119.9475489285972
260603_iris2dsweep_sim50norm,sim,f_pi2,sim,S11,offset_nan,06_3-5_TDS-Half-Plunger-Iris2Dsweep-260527_121.s1p,06_3-5_TDS-Half-Plunger-Iris2Dsweep-260527_122.s1p,,,2.8774448751896,2.877444,2.877444,-4.4101723044922895e-09,-7.488967105256056e-12,-18.584127252419847,-18.636677539494467,-0.052550287074609514,359.9474497129254,119.94744971292539
260603_iris2dsweep_sim50norm,sim,f_pi2,sim,S11,offset_nan,06_3-5_TDS-Half-Plunger-Iris2Dsweep-260527_122.s1p,06_3-5_TDS-Half-Plunger-Iris2Dsweep-260527_123.s1p,,,2.8774448751896,2.877444,2.877444,-7.488967105256056e-12,-2.370258089135925e-09,-18.636677539494467,-18.691845224022163,-0.05516768452770293,359.9448323154723,119.9448323154723
260603_iris2dsweep_sim50norm,sim,f_pi2,sim,S11,offset_nan,06_3-5_TDS-Half-Plunger-Iris2Dsweep-260527_123.s1p,06_3-5_TDS-Half-Plunger-Iris2Dsweep-260527_124.s1p,,,2.8774448751896,2.877444,2.877444,-2.370258089135925e-09,-3.3967692483832124e-09,-18.691845224022163,-18.743916374999177,-0.05207115097701376,359.947928849023,119.94792884902301
260603_iris2dsweep_sim50norm,sim,f_pi2,sim,S11,offset_nan,06_3-5_TDS-Half-Plunger-Iris2Dsweep-260527_124.s1p,06_3-5_TDS-Half-Plunger-Iris2Dsweep-260527_125.s1p,,,2.8774448751896,2.877444,2.877444,-3.3967692483832124e-09,-1.3491028047600198e-09,-18.743916374999177,-18.799308554912898,-0.05539217991372425,359.9446078200863,119.94460782008628
260603_iris2dsweep_sim50norm,sim,f_pi2,sim,S11,offset_nan,06_3-5_TDS-Half-Plunger-Iris2Dsweep-260527_125.s1p,06_3-5_TDS-Half-Plunger-Iris2Dsweep-260527_126.s1p,,,2.8774448751896,2.877444,2.877444,-1.3491028047600198e-09,-3.333357002813034e-09,-18.799308554912898,-18.852724836189203,-0.053416281276298605,359.9465837187237,119.94658371872367
260603_iris2dsweep_sim50norm,sim,f_pi2,sim,S11,offset_nan,06_3-5_TDS-Half-Plunger-Iris2Dsweep-260527_126.s1p,06_3-5_TDS-Half-Plunger-Iris2Dsweep-260527_127.s1p,,,2.8774448751896,2.877444,2.877444,-3.333357002813034e-09,8.974629286310505e-10,-18.852724836189203,-18.907410199930016,-0.05468536374081623,359.9453146362592,119.94531463625918
260603_iris2dsweep_sim50norm,sim,f_pi2,sim,S11,offset_nan,06_3-5_TDS-Half-Plunger-Iris2Dsweep-260527_127.s1p,06_3-5_TDS-Half-Plunger-Iris2Dsweep-260527_128.s1p,,,2.8774448751896,2.877444,2.877444,8.974629286310505e-10,-1.7633489546415348e-09,-18.907410199930016,-20.219665230896034,-1.3122550309660141,358.687744969034,118.68774496903399
260603_iris2dsweep_sim50norm,sim,f_pi2,sim,S11,offset_nan,06_3-5_TDS-Half-Plunger-Iris2Dsweep-260527_128.s1p,06_3-5_TDS-Half-Plunger-Iris2Dsweep-260527_129.s1p,,,2.8774448751896,2.877444,2.877444,-1.7633489546415348e-09,2.0735123475748464e-09,-20.219665230896034,-20.260411998293407,-0.0407467673973656,359.95925323260263,119.95925323260263
260603_iris2dsweep_sim50norm,sim,f_pi2,sim,S11,offset_nan,06_3-5_TDS-Half-Plunger-Iris2Dsweep-260527_129.s1p,06_3-5_TDS-Half-Plunger-Iris2Dsweep-260527_13.s1p,,,2.8774448751896,2.877444,2.877444,2.0735123475748464e-09,-3.515725791081795e-10,-20.260411998293407,20.915139711749923,41.17555171004332,41.17555171004332,-198.82444828995668
260603_iris2dsweep_sim50norm,sim,f_pi2,sim,S11,offset_nan,06_3-5_TDS-Half-Plunger-Iris2Dsweep-260527_13.s1p,06_3-5_TDS-Half-Plunger-Iris2Dsweep-260527_130.s1p,,,2.8774448751896,2.877444,2.877444,-3.515725791081795e-10,5.407948432262481e-10,20.915139711749923,-20.300868606996296,-41.21600831874622,318.7839916812538,78.78399168125378
260603_iris2dsweep_sim50norm,sim,f_pi2,sim,S11,offset_nan,06_3-5_TDS-Half-Plunger-Iris2Dsweep-260527_130.s1p,06_3-5_TDS-Half-Plunger-Iris2Dsweep-260527_131.s1p,,,2.8774448751896,2.877444,2.877444,5.407948432262481e-10,2.921431988086816e-09,-20.300868606996296,-20.34328636862856,-0.04241776163226518,359.95758223836776,119.95758223836776
260603_iris2dsweep_sim50norm,sim,f_pi2,sim,S11,offset_nan,06_3-5_TDS-Half-Plunger-Iris2Dsweep-260527_131.s1p,06_3-5_TDS-Half-Plunger-Iris2Dsweep-260527_132.s1p,,,2.8774448751896,2.877444,2.877444,2.921431988086816e-09,2.4923641252523124e-09,-20.34328636862856,-20.385987663678346,-0.04270129504979536,359.9572987049502,119.95729870495018
260603_iris2dsweep_sim50norm,sim,f_pi2,sim,S11,offset_nan,06_3-5_TDS-Half-Plunger-Iris2Dsweep-260527_132.s1p,06_3-5_TDS-Half-Plunger-Iris2Dsweep-260527_133.s1p,,,2.8774448751896,2.877444,2.877444,2.4923641252523124e-09,-2.4375237872564998e-09,-20.385987663678346,-20.42880088761077,-0.042813223932427036,359.9571867760676,119.9571867760676
260603_iris2dsweep_sim50norm,sim,f_pi2,sim,S11,offset_nan,06_3-5_TDS-Half-Plunger-Iris2Dsweep-260527_133.s1p,06_3-5_TDS-Half-Plunger-Iris2Dsweep-260527_134.s1p,,,2.8774448751896,2.877444,2.877444,-2.4375237872564998e-09,3.927678769214445e-09,-20.42880088761077,-20.476446322856294,-0.04764543524552778,359.9523545647545,119.9523545647545
260603_iris2dsweep_sim50norm,sim,f_pi2,sim,S11,offset_nan,06_3-5_TDS-Half-Plunger-Iris2Dsweep-260527_134.s1p,06_3-5_TDS-Half-Plunger-Iris2Dsweep-260527_135.s1p,,,2.8774448751896,2.877444,2.877444,3.927678769214445e-09,1.5351302517649176e-09,-20.476446322856294,-20.521059460098318,-0.04461313724203819,359.95538686275796,119.95538686275796
260603_iris2dsweep_sim50norm,sim,f_pi2,sim,S11,offset_nan,06_3-5_TDS-Half-Plunger-Iris2Dsweep-260527_135.s1p,06_3-5_TDS-Half-Plunger-Iris2Dsweep-260527_136.s1p,,,2.8774448751896,2.877444,2.877444,1.5351302517649176e-09,1.5336220436074944e-09,-20.521059460098318,-20.56626163472246,-0.045202174624137115,359.95479782537586,119.95479782537586
260603_iris2dsweep_sim50norm,sim,f_pi2,sim,S11,offset_nan,06_3-5_TDS-Half-Plunger-Iris2Dsweep-260527_136.s1p,06_3-5_TDS-Half-Plunger-Iris2Dsweep-260527_137.s1p,,,2.8774448751896,2.877444,2.877444,1.5336220436074944e-09,5.654623398191103e-10,-20.56626163472246,-21.658387872528092,-1.092126237805644,358.90787376219436,118.90787376219436
260603_iris2dsweep_sim50norm,sim,f_pi2,sim,S11,offset_nan,06_3-5_TDS-Half-Plunger-Iris2Dsweep-260527_137.s1p,06_3-5_TDS-Half-Plunger-Iris2Dsweep-260527_138.s1p,,,2.8774448751896,2.877444,2.877444,5.654623398191103e-10,-2.74776336257876e-09,-21.658387872528092,-21.705559461931504,-0.04717158940340482,359.95282841059657,119.95282841059657
260603_iris2dsweep_sim50norm,sim,f_pi2,sim,S11,offset_nan,06_3-5_TDS-Half-Plunger-Iris2Dsweep-260527_138.s1p,06_3-5_TDS-Half-Plunger-Iris2Dsweep-260527_139.s1p,,,2.8774448751896,2.877444,2.877444,-2.74776336257876e-09,-8.496351793603266e-10,-21.705559461931504,-21.751898472540102,-0.046339010608591025,359.95366098939144,119.95366098939144
260603_iris2dsweep_sim50norm,sim,f_pi2,sim,S11,offset_nan,06_3-5_TDS-Half-Plunger-Iris2Dsweep-260527_139.s1p,06_3-5_TDS-Half-Plunger-Iris2Dsweep-260527_14.s1p,,,2.8774448751896,2.877444,2.877444,-8.496351793603266e-10,-1.7112318767012382e-09,-21.751898472540102,18.573580412600382,40.325478885140484,40.325478885140484,-199.67452111485952
260603_iris2dsweep_sim50norm,sim,f_pi2,sim,S11,offset_nan,06_3-5_TDS-Half-Plunger-Iris2Dsweep-260527_14.s1p,06_3-5_TDS-Half-Plunger-Iris2Dsweep-260527_140.s1p,,,2.8774448751896,2.877444,2.877444,-1.7112318767012382e-09,1.0855511436509324e-09,18.573580412600382,-21.799559362771085,-40.37313977537147,319.62686022462856,79.62686022462856
260603_iris2dsweep_sim50norm,sim,f_pi2,sim,S11,offset_nan,06_3-5_TDS-Half-Plunger-Iris2Dsweep-260527_140.s1p,06_3-5_TDS-Half-Plunger-Iris2Dsweep-260527_141.s1p,,,2.8774448751896,2.877444,2.877444,1.0855511436509324e-09,4.4850234001686085e-09,-21.799559362771085,-21.848849413447695,-0.049290050676603414,359.95070994932337,119.95070994932337
260603_iris2dsweep_sim50norm,sim,f_pi2,sim,S11,offset_nan,06_3-5_TDS-Half-Plunger-Iris2Dsweep-260527_141.s1p,06_3-5_TDS-Half-Plunger-Iris2Dsweep-260527_142.s1p,,,2.8774448751896,2.877444,2.877444,4.4850234001686085e-09,-6.405255898576416e-10,-21.848849413447695,-21.897464758772315,-0.048615345324606096,359.9513846546754,119.9513846546754
260603_iris2dsweep_sim50norm,sim,f_pi2,sim,S11,offset_nan,06_3-5_TDS-Half-Plunger-Iris2Dsweep-260527_142.s1p,06_3-5_TDS-Half-Plunger-Iris2Dsweep-260527_143.s1p,,,2.8774448751896,2.877444,2.877444,-6.405255898576416e-10,-2.052024239127529e-09,-21.897464758772315,-21.944798793891973,-0.047334035119661166,359.95266596488034,119.95266596488034
260603_iris2dsweep_sim50norm,sim,f_pi2,sim,S11,offset_nan,06_3-5_TDS-Half-Plunger-Iris2Dsweep-260527_143.s1p,06_3-5_TDS-Half-Plunger-Iris2Dsweep-260527_144.s1p,,,2.8774448751896,2.877444,2.877444,-2.052024239127529e-09,-2.576502661776273e-09,-21.944798793891973,-21.997062315847906,-0.05226352195592199,359.9477364780441,119.94773647804408
260603_iris2dsweep_sim50norm,sim,f_pi2,sim,S11,offset_nan,06_3-5_TDS-Half-Plunger-Iris2Dsweep-260527_144.s1p,06_3-5_TDS-Half-Plunger-Iris2Dsweep-260527_145.s1p,,,2.8774448751896,2.877444,2.877444,-2.576502661776273e-09,4.9032194350529e-09,-21.997062315847906,-22.047819446063013,-0.05075713021511774,359.9492428697849,119.94924286978488
260603_iris2dsweep_sim50norm,sim,f_pi2,sim,S11,offset_nan,06_3-5_TDS-Half-Plunger-Iris2Dsweep-260527_145.s1p,06_3-5_TDS-Half-Plunger-Iris2Dsweep-260527_146.s1p,,,2.8774448751896,2.877444,2.877444,4.9032194350529e-09,1.385678781023617e-09,-22.047819446063013,-22.83098459928094,-0.7831651532179364,359.21683484678204,119.21683484678204
260603_iris2dsweep_sim50norm,sim,f_pi2,sim,S11,offset_nan,06_3-5_TDS-Half-Plunger-Iris2Dsweep-260527_146.s1p,06_3-5_TDS-Half-Plunger-Iris2Dsweep-260527_147.s1p,,,2.8774448751896,2.877444,2.877444,1.385678781023617e-09,-3.566256550331247e-10,-22.83098459928094,-22.894073410130858,-0.06308881084993345,359.93691118915007,119.93691118915007
260603_iris2dsweep_sim50norm,sim,f_pi2,sim,S11,offset_nan,06_3-5_TDS-Half-Plunger-Iris2Dsweep-260527_147.s1p,06_3-5_TDS-Half-Plunger-Iris2Dsweep-260527_148.s1p,,,2.8774448751896,2.877444,2.877444,-3.566256550331247e-10,-1.9198216935341627e-10,-22.894073410130858,-22.958752653553695,-0.06467924342283027,359.9353207565772,119.9353207565772
260603_iris2dsweep_sim50norm,sim,f_pi2,sim,S11,offset_nan,06_3-5_TDS-Half-Plunger-Iris2Dsweep-260527_148.s1p,06_3-5_TDS-Half-Plunger-Iris2Dsweep-260527_149.s1p,,,2.8774448751896,2.877444,2.877444,-1.9198216935341627e-10,-3.370112343626477e-10,-22.958752653553695,-23.022757063740446,-0.06400441018675451,359.9359955898133,119.93599558981327
260603_iris2dsweep_sim50norm,sim,f_pi2,sim,S11,offset_nan,06_3-5_TDS-Half-Plunger-Iris2Dsweep-260527_149.s1p,06_3-5_TDS-Half-Plunger-Iris2Dsweep-260527_15.s1p,,,2.8774448751896,2.877444,2.877444,-3.370112343626477e-10,-6.092089503950871e-07,-23.022757063740446,16.511564869446982,39.534321933187414,39.534321933187414,-200.4656780668126
260603_iris2dsweep_sim50norm,sim,f_pi2,sim,S11,offset_nan,06_3-5_TDS-Half-Plunger-Iris2Dsweep-260527_15.s1p,06_3-5_TDS-Half-Plunger-Iris2Dsweep-260527_150.s1p,,,2.8774448751896,2.877444,2.877444,-6.092089503950871e-07,-3.6417923207895005e-10,16.511564869446982,-23.08745924544685,-39.59902411489384,320.40097588510616,80.40097588510616
260603_iris2dsweep_sim50norm,sim,f_pi2,sim,S11,offset_nan,06_3-5_TDS-Half-Plunger-Iris2Dsweep-260527_150.s1p,06_3-5_TDS-Half-Plunger-Iris2Dsweep-260527_151.s1p,,,2.8774448751896,2.877444,2.877444,-3.6417923207895005e-10,-2.3968397757587613e-09,-23.08745924544685,-23.151632389423522,-0.06417314397666019,359.93582685602337,119.93582685602337
260603_iris2dsweep_sim50norm,sim,f_pi2,sim,S11,offset_nan,06_3-5_TDS-Half-Plunger-Iris2Dsweep-260527_151.s1p,06_3-5_TDS-Half-Plunger-Iris2Dsweep-260527_152.s1p,,,2.8774448751896,2.877444,2.877444,-2.3968397757587613e-09,1.8264940811078787e-09,-23.151632389423522,-23.21700815001355,-0.06537576059002959,359.93462423940997,119.93462423940997
260603_iris2dsweep_sim50norm,sim,f_pi2,sim,S11,offset_nan,06_3-5_TDS-Half-Plunger-Iris2Dsweep-260527_152.s1p,06_3-5_TDS-Half-Plunger-Iris2Dsweep-260527_153.s1p,,,2.8774448751896,2.877444,2.877444,1.8264940811078787e-09,2.25587631472929e-09,-23.21700815001355,-23.280592348010984,-0.06358419799744297,359.93641580200256,119.93641580200256
260603_iris2dsweep_sim50norm,sim,f_pi2,sim,S11,offset_nan,06_3-5_TDS-Half-Plunger-Iris2Dsweep-260527_153.s1p,06_3-5_TDS-Half-Plunger-Iris2Dsweep-260527_154.s1p,,,2.8774448751896,2.877444,2.877444,2.25587631472929e-09,-4.346937494189688e-10,-23.280592348010984,-23.345892725912684,-0.06530037790170695,359.93469962209826,119.93469962209826
260603_iris2dsweep_sim50norm,sim,f_pi2,sim,S11,offset_nan,06_3-5_TDS-Half-Plunger-Iris2Dsweep-260527_154.s1p,06_3-5_TDS-Half-Plunger-Iris2Dsweep-260527_16.s1p,,,2.8774448751896,2.877444,2.877444,-4.346937494189688e-10,-1.4063013500516613e-07,-23.345892725912684,14.676826585996192,38.02271931190887,38.02271931190887,-201.97728068809113
260603_iris2dsweep_sim50norm,sim,f_pi2,sim,S11,offset_nan,06_3-5_TDS-Half-Plunger-Iris2Dsweep-260527_16.s1p,06_3-5_TDS-Half-Plunger-Iris2Dsweep-260527_17.s1p,,,2.8774448751896,2.877444,2.877444,-1.4063013500516613e-07,-1.187679287662534e-06,14.676826585996192,13.037990374032056,-1.6388362119641329,358.36116378803587,118.36116378803587
260603_iris2dsweep_sim50norm,sim,f_pi2,sim,S11,offset_nan,06_3-5_TDS-Half-Plunger-Iris2Dsweep-260527_17.s1p,06_3-5_TDS-Half-Plunger-Iris2Dsweep-260527_18.s1p,,,2.8774448751896,2.877444,2.877444,-1.187679287662534e-06,-7.252659849551333e-07,13.037990374032056,11.567736879360924,-1.470253494671141,358.52974650532883,118.52974650532883
260603_iris2dsweep_sim50norm,sim,f_pi2,sim,S11,offset_nan,06_3-5_TDS-Half-Plunger-Iris2Dsweep-260527_18.s1p,06_3-5_TDS-Half-Plunger-Iris2Dsweep-260527_19.s1p,,,2.8774448751896,2.877444,2.877444,-7.252659849551333e-07,-8.673285834019859e-07,11.567736879360924,10.236458739774553,-1.3312781395863738,358.6687218604136,118.6687218604136
260603_iris2dsweep_sim50norm,sim,f_pi2,sim,S11,offset_nan,06_3-5_TDS-Half-Plunger-Iris2Dsweep-260527_19.s1p,06_3-5_TDS-Half-Plunger-Iris2Dsweep-260527_2.s1p,,,2.8774448751896,2.877444,2.877444,-8.673285834019859e-07,5.358304854287395e-10,10.236458739774553,-6.686337576170367,-16.922796315944936,343.07720368405506,103.07720368405506
260603_iris2dsweep_sim50norm,sim,f_pi2,sim,S11,offset_nan,06_3-5_TDS-Half-Plunger-Iris2Dsweep-260527_2.s1p,06_3-5_TDS-Half-Plunger-Iris2Dsweep-260527_20.s1p,,,2.8774448751896,2.877444,2.877444,5.358304854287395e-10,-5.558917373203375e-07,-6.686337576170367,9.028641937905395,15.714979514075765,15.714979514075765,-224.28502048592424
260603_iris2dsweep_sim50norm,sim,f_pi2,sim,S11,offset_nan,06_3-5_TDS-Half-Plunger-Iris2Dsweep-260527_20.s1p,06_3-5_TDS-Half-Plunger-Iris2Dsweep-260527_21.s1p,,,2.8774448751896,2.877444,2.877444,-5.558917373203375e-07,-4.836628362198872e-07,9.028641937905395,19.757663831091815,10.729021893186427,10.729021893186427,-229.27097810681357
260603_iris2dsweep_sim50norm,sim,f_pi2,sim,S11,offset_nan,06_3-5_TDS-Half-Plunger-Iris2Dsweep-260527_21.s1p,06_3-5_TDS-Half-Plunger-Iris2Dsweep-260527_22.s1p,,,2.8774448751896,2.877444,2.877444,-4.836628362198872e-07,-1.4204534743728645e-06,19.757663831091815,17.381751972962107,-2.3759118581297116,357.6240881418703,117.62408814187029
260603_iris2dsweep_sim50norm,sim,f_pi2,sim,S11,offset_nan,06_3-5_TDS-Half-Plunger-Iris2Dsweep-260527_22.s1p,06_3-5_TDS-Half-Plunger-Iris2Dsweep-260527_23.s1p,,,2.8774448751896,2.877444,2.877444,-1.4204534743728645e-06,-1.1122817493533482e-06,17.381751972962107,15.303147678394534,-2.078604294567583,357.9213957054324,117.92139570543242
260603_iris2dsweep_sim50norm,sim,f_pi2,sim,S11,offset_nan,06_3-5_TDS-Half-Plunger-Iris2Dsweep-260527_23.s1p,06_3-5_TDS-Half-Plunger-Iris2Dsweep-260527_24.s1p,,,2.8774448751896,2.877444,2.877444,-1.1122817493533482e-06,-1.2585741254844867e-06,15.303147678394534,13.463237521218472,-1.8399101571760639,358.16008984282394,118.16008984282394
260603_iris2dsweep_sim50norm,sim,f_pi2,sim,S11,offset_nan,06_3-5_TDS-Half-Plunger-Iris2Dsweep-260527_24.s1p,06_3-5_TDS-Half-Plunger-Iris2Dsweep-260527_25.s1p,,,2.8774448751896,2.877444,2.877444,-1.2585741254844867e-06,-8.132232354024925e-07,13.463237521218472,11.82687055271223,-1.6363669685062519,358.36363303149375,118.36363303149375
260603_iris2dsweep_sim50norm,sim,f_pi2,sim,S11,offset_nan,06_3-5_TDS-Half-Plunger-Iris2Dsweep-260527_25.s1p,06_3-5_TDS-Half-Plunger-Iris2Dsweep-260527_26.s1p,,,2.8774448751896,2.877444,2.877444,-8.132232354024925e-07,-5.783893259693772e-07,11.82687055271223,10.36044564031142,-1.4664249124008109,358.53357508759916,118.53357508759916
260603_iris2dsweep_sim50norm,sim,f_pi2,sim,S11,offset_nan,06_3-5_TDS-Half-Plunger-Iris2Dsweep-260527_26.s1p,06_3-5_TDS-Half-Plunger-Iris2Dsweep-260527_27.s1p,,,2.8774448751896,2.877444,2.877444,-5.783893259693772e-07,-2.4763572543455854e-09,10.36044564031142,9.04166076072864,-1.318784879582779,358.6812151204172,118.68121512041722
260603_iris2dsweep_sim50norm,sim,f_pi2,sim,S11,offset_nan,06_3-5_TDS-Half-Plunger-Iris2Dsweep-260527_27.s1p,06_3-5_TDS-Half-Plunger-Iris2Dsweep-260527_28.s1p,,,2.8774448751896,2.877444,2.877444,-2.4763572543455854e-09,2.4923602679424474e-09,9.04166076072864,7.848624892921006,-1.1930358678076232,358.8069641321924,118.80696413219238
260603_iris2dsweep_sim50norm,sim,f_pi2,sim,S11,offset_nan,06_3-5_TDS-Half-Plunger-Iris2Dsweep-260527_28.s1p,06_3-5_TDS-Half-Plunger-Iris2Dsweep-260527_29.s1p,,,2.8774448751896,2.877444,2.877444,2.4923602679424474e-09,-8.965261337047332e-07,7.848624892921006,6.760997369243778,-1.087627523677213,358.9123724763228,118.91237247632279
260603_iris2dsweep_sim50norm,sim,f_pi2,sim,S11,offset_nan,06_3-5_TDS-Half-Plunger-Iris2Dsweep-260527_29.s1p,06_3-5_TDS-Half-Plunger-Iris2Dsweep-260527_3.s1p,,,2.8774448751896,2.877444,2.877444,-8.965261337047332e-07,-1.484840755915029e-05,6.760997369243778,27.114420109605565,20.353422740361793,20.353422740361793,-219.6465772596382
260603_iris2dsweep_sim50norm,sim,f_pi2,sim,S11,offset_nan,06_3-5_TDS-Half-Plunger-Iris2Dsweep-260527_3.s1p,06_3-5_TDS-Half-Plunger-Iris2Dsweep-260527_30.s1p,,,2.8774448751896,2.877444,2.877444,-1.484840755915029e-05,-3.308062080691051e-07,27.114420109605565,15.69968107242765,-11.414739037177924,348.5852609628221,108.58526096282208
260603_iris2dsweep_sim50norm,sim,f_pi2,sim,S11,offset_nan,06_3-5_TDS-Half-Plunger-Iris2Dsweep-260527_30.s1p,06_3-5_TDS-Half-Plunger-Iris2Dsweep-260527_31.s1p,,,2.8774448751896,2.877444,2.877444,-3.308062080691051e-07,-8.321685513420606e-08,15.69968107242765,13.650172863336435,-2.049508209091215,357.9504917909088,117.95049179090881
260603_iris2dsweep_sim50norm,sim,f_pi2,sim,S11,offset_nan,06_3-5_TDS-Half-Plunger-Iris2Dsweep-260527_31.s1p,06_3-5_TDS-Half-Plunger-Iris2Dsweep-260527_32.s1p,,,2.8774448751896,2.877444,2.877444,-8.321685513420606e-08,-1.079856790095896e-09,13.650172863336435,11.845163548949477,-1.8050093143869503,358.19499068561305,118.19499068561305
260603_iris2dsweep_sim50norm,sim,f_pi2,sim,S11,offset_nan,06_3-5_TDS-Half-Plunger-Iris2Dsweep-260527_32.s1p,06_3-5_TDS-Half-Plunger-Iris2Dsweep-260527_33.s1p,,,2.8774448751896,2.877444,2.877444,-1.079856790095896e-09,-2.810703087685899e-09,11.845163548949477,10.25000300346378,-1.5951605454856974,358.40483945451433,118.40483945451433
260603_iris2dsweep_sim50norm,sim,f_pi2,sim,S11,offset_nan,06_3-5_TDS-Half-Plunger-Iris2Dsweep-260527_33.s1p,06_3-5_TDS-Half-Plunger-Iris2Dsweep-260527_34.s1p,,,2.8774448751896,2.877444,2.877444,-2.810703087685899e-09,2.1342746212276512e-09,10.25000300346378,8.821107633687765,-1.4288953697760007,358.571104630224,118.571104630224
260603_iris2dsweep_sim50norm,sim,f_pi2,sim,S11,offset_nan,06_3-5_TDS-Half-Plunger-Iris2Dsweep-260527_34.s1p,06_3-5_TDS-Half-Plunger-Iris2Dsweep-260527_35.s1p,,,2.8774448751896,2.877444,2.877444,2.1342746212276512e-09,3.4969484058779797e-09,8.821107633687765,7.542947956908444,-1.2781596767793246,358.7218403232207,118.7218403232207
260603_iris2dsweep_sim50norm,sim,f_pi2,sim,S11,offset_nan,06_3-5_TDS-Half-Plunger-Iris2Dsweep-260527_35.s1p,06_3-5_TDS-Half-Plunger-Iris2Dsweep-260527_36.s1p,,,2.8774448751896,2.877444,2.877444,3.4969484058779797e-09,-2.295501495253703e-09,7.542947956908444,6.387957309290053,-1.1549906476183764,358.8450093523816,118.84500935238162
260603_iris2dsweep_sim50norm,sim,f_pi2,sim,S11,offset_nan,06_3-5_TDS-Half-Plunger-Iris2Dsweep-260527_36.s1p,06_3-5_TDS-Half-Plunger-Iris2Dsweep-260527_37.s1p,,,2.8774448751896,2.877444,2.877444,-2.295501495253703e-09,-1.5497937877548736e-06,6.387957309290053,5.3393978925945085,-1.0485594166955536,358.9514405833045,118.95144058330447
260603_iris2dsweep_sim50norm,sim,f_pi2,sim,S11,offset_nan,06_3-5_TDS-Half-Plunger-Iris2Dsweep-260527_37.s1p,06_3-5_TDS-Half-Plunger-Iris2Dsweep-260527_38.s1p,,,2.8774448751896,2.877444,2.877444,-1.5497937877548736e-06,-4.2869633263952703e-07,5.3393978925945085,4.383134288661956,-0.9562636039325412,359.04373639606746,119.04373639606746
260603_iris2dsweep_sim50norm,sim,f_pi2,sim,S11,offset_nan,06_3-5_TDS-Half-Plunger-Iris2Dsweep-260527_38.s1p,06_3-5_TDS-Half-Plunger-Iris2Dsweep-260527_39.s1p,,,2.8774448751896,2.877444,2.877444,-4.2869633263952703e-07,-1.5859348802932551e-09,4.383134288661956,11.499224730727379,7.116090442065428,7.116090442065428,-232.88390955793457
260603_iris2dsweep_sim50norm,sim,f_pi2,sim,S11,offset_nan,06_3-5_TDS-Half-Plunger-Iris2Dsweep-260527_39.s1p,06_3-5_TDS-Half-Plunger-Iris2Dsweep-260527_4.s1p,,,2.8774448751896,2.877444,2.877444,-1.5859348802932551e-09,-1.975464616841628e-06,11.499224730727379,24.178610562564774,12.679385831837408,12.679385831837408,-227.3206141681626
260603_iris2dsweep_sim50norm,sim,f_pi2,sim,S11,offset_nan,06_3-5_TDS-Half-Plunger-Iris2Dsweep-260527_4.s1p,06_3-5_TDS-Half-Plunger-Iris2Dsweep-260527_40.s1p,,,2.8774448751896,2.877444,2.877444,-1.975464616841628e-06,-3.0031471694908256e-10,24.178610562564774,9.790765071791656,-14.387845490773117,345.6121545092269,105.61215450922691
260603_iris2dsweep_sim50norm,sim,f_pi2,sim,S11,offset_nan,06_3-5_TDS-Half-Plunger-Iris2Dsweep-260527_40.s1p,06_3-5_TDS-Half-Plunger-Iris2Dsweep-260527_41.s1p,,,2.8774448751896,2.877444,2.877444,-3.0031471694908256e-10,2.826841106923904e-09,9.790765071791656,8.273403667385807,-1.5173614044058468,358.48263859559415,118.48263859559415
260603_iris2dsweep_sim50norm,sim,f_pi2,sim,S11,offset_nan,06_3-5_TDS-Half-Plunger-Iris2Dsweep-260527_41.s1p,06_3-5_TDS-Half-Plunger-Iris2Dsweep-260527_42.s1p,,,2.8774448751896,2.877444,2.877444,2.826841106923904e-09,-3.296952676609287e-09,8.273403667385807,6.924180915369273,-1.3492227520165443,358.65077724798346,118.65077724798346
260603_iris2dsweep_sim50norm,sim,f_pi2,sim,S11,offset_nan,06_3-5_TDS-Half-Plunger-Iris2Dsweep-260527_42.s1p,06_3-5_TDS-Half-Plunger-Iris2Dsweep-260527_43.s1p,,,2.8774448751896,2.877444,2.877444,-3.296952676609287e-09,-1.908961437794396e-09,6.924180915369273,5.71542333981838,-1.2087575755508908,358.79124242444914,118.79124242444914
260603_iris2dsweep_sim50norm,sim,f_pi2,sim,S11,offset_nan,06_3-5_TDS-Half-Plunger-Iris2Dsweep-260527_43.s1p,06_3-5_TDS-Half-Plunger-Iris2Dsweep-260527_44.s1p,,,2.8774448751896,2.877444,2.877444,-1.908961437794396e-09,-4.986200618339382e-06,5.71542333981838,4.62586112870564,-1.0895622111127352,358.9104377888873,118.9104377888873
260603_iris2dsweep_sim50norm,sim,f_pi2,sim,S11,offset_nan,06_3-5_TDS-Half-Plunger-Iris2Dsweep-260527_44.s1p,06_3-5_TDS-Half-Plunger-Iris2Dsweep-260527_45.s1p,,,2.8774448751896,2.877444,2.877444,-4.986200618339382e-06,-5.74906429481812e-06,4.62586112870564,3.637263217428682,-0.9885979112769689,359.011402088723,119.011402088723
260603_iris2dsweep_sim50norm,sim,f_pi2,sim,S11,offset_nan,06_3-5_TDS-Half-Plunger-Iris2Dsweep-260527_45.s1p,06_3-5_TDS-Half-Plunger-Iris2Dsweep-260527_46.s1p,,,2.8774448751896,2.877444,2.877444,-5.74906429481812e-06,-3.0570254814230643e-06,3.637263217428682,2.7383400697785913,-0.8989231476500947,359.10107685234993,119.10107685234993
260603_iris2dsweep_sim50norm,sim,f_pi2,sim,S11,offset_nan,06_3-5_TDS-Half-Plunger-Iris2Dsweep-260527_46.s1p,06_3-5_TDS-Half-Plunger-Iris2Dsweep-260527_47.s1p,,,2.8774448751896,2.877444,2.877444,-3.0570254814230643e-06,-2.2076807730387984e-06,2.7383400697785913,1.9159284923520254,-0.8224115774265783,359.1775884225734,119.17758842257342
260603_iris2dsweep_sim50norm,sim,f_pi2,sim,S11,offset_nan,06_3-5_TDS-Half-Plunger-Iris2Dsweep-260527_47.s1p,06_3-5_TDS-Half-Plunger-Iris2Dsweep-260527_48.s1p,,,2.8774448751896,2.877444,2.877444,-2.2076807730387984e-06,-1.5495172889840407e-06,1.9159284923520254,7.269829092612613,5.3539006002606015,5.3539006002606015,-234.6460993997394
260603_iris2dsweep_sim50norm,sim,f_pi2,sim,S11,offset_nan,06_3-5_TDS-Half-Plunger-Iris2Dsweep-260527_48.s1p,06_3-5_TDS-Half-Plunger-Iris2Dsweep-260527_49.s1p,,,2.8774448751896,2.877444,2.877444,-1.5495172889840407e-06,-4.880491097135029e-06,7.269829092612613,5.886156132028784,-1.383672960583823,358.6163270394162,118.6163270394162
260603_iris2dsweep_sim50norm,sim,f_pi2,sim,S11,offset_nan,06_3-5_TDS-Half-Plunger-Iris2Dsweep-260527_49.s1p,06_3-5_TDS-Half-Plunger-Iris2Dsweep-260527_5.s1p,,,2.8774448751896,2.877444,2.877444,-4.880491097135029e-06,9.795599831597274e-10,5.886156132028784,21.612731863476352,15.726575731447554,15.726575731447554,-224.27342426855245
260603_iris2dsweep_sim50norm,sim,f_pi2,sim,S11,offset_nan,06_3-5_TDS-Half-Plunger-Iris2Dsweep-260527_5.s1p,06_3-5_TDS-Half-Plunger-Iris2Dsweep-260527_50.s1p,,,2.8774448751896,2.877444,2.877444,9.795599831597274e-10,-5.810101728833108e-06,21.612731863476352,4.655537990354568,-16.95719387312178,343.0428061268782,103.04280612687819
260603_iris2dsweep_sim50norm,sim,f_pi2,sim,S11,offset_nan,06_3-5_TDS-Half-Plunger-Iris2Dsweep-260527_50.s1p,06_3-5_TDS-Half-Plunger-Iris2Dsweep-260527_51.s1p,,,2.8774448751896,2.877444,2.877444,-5.810101728833108e-06,-4.40033606760411e-06,4.655537990354568,3.5506197583985406,-1.1049182319560202,358.89508176804395,118.89508176804395
260603_iris2dsweep_sim50norm,sim,f_pi2,sim,S11,offset_nan,06_3-5_TDS-Half-Plunger-Iris2Dsweep-260527_51.s1p,06_3-5_TDS-Half-Plunger-Iris2Dsweep-260527_52.s1p,,,2.8774448751896,2.877444,2.877444,-4.40033606760411e-06,-8.068207059535306e-06,3.5506197583985406,2.5545818943790244,-0.9960378640195131,359.0039621359805,119.00396213598049
260603_iris2dsweep_sim50norm,sim,f_pi2,sim,S11,offset_nan,06_3-5_TDS-Half-Plunger-Iris2Dsweep-260527_52.s1p,06_3-5_TDS-Half-Plunger-Iris2Dsweep-260527_53.s1p,,,2.8774448751896,2.877444,2.877444,-8.068207059535306e-06,-7.755051407385045e-07,2.5545818943790244,1.6533494021557962,-0.9012324922232153,359.09876750777676,119.09876750777676
260603_iris2dsweep_sim50norm,sim,f_pi2,sim,S11,offset_nan,06_3-5_TDS-Half-Plunger-Iris2Dsweep-260527_53.s1p,06_3-5_TDS-Half-Plunger-Iris2Dsweep-260527_54.s1p,,,2.8774448751896,2.877444,2.877444,-7.755051407385045e-07,1.9625549006440713e-09,1.6533494021557962,0.8335584576654818,-0.8197909444903075,359.1802090555097,119.18020905550969
260603_iris2dsweep_sim50norm,sim,f_pi2,sim,S11,offset_nan,06_3-5_TDS-Half-Plunger-Iris2Dsweep-260527_54.s1p,06_3-5_TDS-Half-Plunger-Iris2Dsweep-260527_55.s1p,,,2.8774448751896,2.877444,2.877444,1.9625549006440713e-09,3.71341870682508e-09,0.8335584576654818,0.08261040931349518,-0.7509480483519724,359.249051951648,119.24905195164803
260603_iris2dsweep_sim50norm,sim,f_pi2,sim,S11,offset_nan,06_3-5_TDS-Half-Plunger-Iris2Dsweep-260527_55.s1p,06_3-5_TDS-Half-Plunger-Iris2Dsweep-260527_56.s1p,,,2.8774448751896,2.877444,2.877444,3.71341870682508e-09,7.312880909552351e-10,0.08261040931349518,-0.6077384243750732,-0.6903488336885744,359.3096511663114,119.30965116631143
260603_iris2dsweep_sim50norm,sim,f_pi2,sim,S11,offset_nan,06_3-5_TDS-Half-Plunger-Iris2Dsweep-260527_56.s1p,06_3-5_TDS-Half-Plunger-Iris2Dsweep-260527_57.s1p,,,2.8774448751896,2.877444,2.877444,7.312880909552351e-10,-1.1289345441211321e-06,-0.6077384243750732,3.10452128995295,3.712259714328013,3.712259714328013,-236.287740285672
260603_iris2dsweep_sim50norm,sim,f_pi2,sim,S11,offset_nan,06_3-5_TDS-Half-Plunger-Iris2Dsweep-260527_57.s1p,06_3-5_TDS-Half-Plunger-Iris2Dsweep-260527_58.s1p,,,2.8774448751896,2.877444,2.877444,-1.1289345441211321e-06,-2.250233872298681e-06,3.10452128995295,2.0286308013493914,-1.0758904886035623,358.9241095113964,118.92410951139641
260603_iris2dsweep_sim50norm,sim,f_pi2,sim,S11,offset_nan,06_3-5_TDS-Half-Plunger-Iris2Dsweep-260527_58.s1p,06_3-5_TDS-Half-Plunger-Iris2Dsweep-260527_59.s1p,,,2.8774448751896,2.877444,2.877444,-2.250233872298681e-06,-2.124054897242334e-06,2.0286308013493914,1.062163687693194,-0.9664671136561935,359.0335328863438,119.03353288634378
260603_iris2dsweep_sim50norm,sim,f_pi2,sim,S11,offset_nan,06_3-5_TDS-Half-Plunger-Iris2Dsweep-260527_59.s1p,06_3-5_TDS-Half-Plunger-Iris2Dsweep-260527_6.s1p,,,2.8774448751896,2.877444,2.877444,-2.124054897242334e-06,-1.5241369189155906e-09,1.062163687693194,19.348447763916845,18.286284076223637,18.286284076223637,-221.71371592377636
260603_iris2dsweep_sim50norm,sim,f_pi2,sim,S11,offset_nan,06_3-5_TDS-Half-Plunger-Iris2Dsweep-260527_6.s1p,06_3-5_TDS-Half-Plunger-Iris2Dsweep-260527_60.s1p,,,2.8774448751896,2.877444,2.877444,-1.5241369189155906e-09,-4.042062220180722e-06,19.348447763916845,0.18833930421410666,-19.16010845970274,340.83989154029723,100.83989154029723
260603_iris2dsweep_sim50norm,sim,f_pi2,sim,S11,offset_nan,06_3-5_TDS-Half-Plunger-Iris2Dsweep-260527_60.s1p,06_3-5_TDS-Half-Plunger-Iris2Dsweep-260527_61.s1p,,,2.8774448751896,2.877444,2.877444,-4.042062220180722e-06,-3.609279933030703e-06,0.18833930421410666,-0.600573432695587,-0.7889127369096798,359.21108726309035,119.21108726309035
260603_iris2dsweep_sim50norm,sim,f_pi2,sim,S11,offset_nan,06_3-5_TDS-Half-Plunger-Iris2Dsweep-260527_61.s1p,06_3-5_TDS-Half-Plunger-Iris2Dsweep-260527_62.s1p,,,2.8774448751896,2.877444,2.877444,-3.609279933030703e-06,-5.029992414148928e-07,-0.600573432695587,-1.3253841125189207,-0.7248106798233209,359.27518932017665,119.27518932017665
260603_iris2dsweep_sim50norm,sim,f_pi2,sim,S11,offset_nan,06_3-5_TDS-Half-Plunger-Iris2Dsweep-260527_62.s1p,06_3-5_TDS-Half-Plunger-Iris2Dsweep-260527_63.s1p,,,2.8774448751896,2.877444,2.877444,-5.029992414148928e-07,1.2011142185725336e-09,-1.3253841125189207,-1.9857832045601473,-0.6603990920412173,359.3396009079588,119.33960090795881
260603_iris2dsweep_sim50norm,sim,f_pi2,sim,S11,offset_nan,06_3-5_TDS-Half-Plunger-Iris2Dsweep-260527_63.s1p,06_3-5_TDS-Half-Plunger-Iris2Dsweep-260527_64.s1p,,,2.8774448751896,2.877444,2.877444,1.2011142185725336e-09,3.763037212267758e-09,-1.9857832045601473,-2.593833072640239,-0.6080498680800872,359.3919501319199,119.39195013191988
260603_iris2dsweep_sim50norm,sim,f_pi2,sim,S11,offset_nan,06_3-5_TDS-Half-Plunger-Iris2Dsweep-260527_64.s1p,06_3-5_TDS-Half-Plunger-Iris2Dsweep-260527_65.s1p,,,2.8774448751896,2.877444,2.877444,3.763037212267758e-09,1.3837578407105493e-09,-2.593833072640239,-3.1570715009525223,-0.5632384283122747,359.4367615716877,119.43676157168773
260603_iris2dsweep_sim50norm,sim,f_pi2,sim,S11,offset_nan,06_3-5_TDS-Half-Plunger-Iris2Dsweep-260527_65.s1p,06_3-5_TDS-Half-Plunger-Iris2Dsweep-260527_66.s1p,,,2.8774448751896,2.877444,2.877444,1.3837578407105493e-09,-1.7188216663474984e-06,-3.1570715009525223,-0.8988159739101371,2.258255527042394,2.258255527042394,-237.7417444729576
260603_iris2dsweep_sim50norm,sim,f_pi2,sim,S11,offset_nan,06_3-5_TDS-Half-Plunger-Iris2Dsweep-260527_66.s1p,06_3-5_TDS-Half-Plunger-Iris2Dsweep-260527_67.s1p,,,2.8774448751896,2.877444,2.877444,-1.7188216663474984e-06,-3.3272246758649243e-06,-0.8988159739101371,-1.7026404709475182,-0.8038244970373682,359.19617550296266,119.19617550296266
260603_iris2dsweep_sim50norm,sim,f_pi2,sim,S11,offset_nan,06_3-5_TDS-Half-Plunger-Iris2Dsweep-260527_67.s1p,06_3-5_TDS-Half-Plunger-Iris2Dsweep-260527_68.s1p,,,2.8774448751896,2.877444,2.877444,-3.3272246758649243e-06,-2.630788436718999e-06,-1.7026404709475182,-2.43057492387378,-0.727934452926263,359.27206554707374,119.27206554707374
260603_iris2dsweep_sim50norm,sim,f_pi2,sim,S11,offset_nan,06_3-5_TDS-Half-Plunger-Iris2Dsweep-260527_68.s1p,06_3-5_TDS-Half-Plunger-Iris2Dsweep-260527_69.s1p,,,2.8774448751896,2.877444,2.877444,-2.630788436718999e-06,-2.404313983026509e-07,-2.43057492387378,-3.092991724763379,-0.6624168008895879,359.33758319911044,119.33758319911044
260603_iris2dsweep_sim50norm,sim,f_pi2,sim,S11,offset_nan,06_3-5_TDS-Half-Plunger-Iris2Dsweep-260527_69.s1p,06_3-5_TDS-Half-Plunger-Iris2Dsweep-260527_7.s1p,,,2.8774448751896,2.877444,2.877444,-2.404313983026509e-07,-1.8417926835634027e-07,-3.092991724763379,17.34017412780333,20.433165852566702,20.433165852566702,-219.5668341474333
260603_iris2dsweep_sim50norm,sim,f_pi2,sim,S11,offset_nan,06_3-5_TDS-Half-Plunger-Iris2Dsweep-260527_7.s1p,06_3-5_TDS-Half-Plunger-Iris2Dsweep-260527_70.s1p,,,2.8774448751896,2.877444,2.877444,-1.8417926835634027e-07,-1.892469509457793e-09,17.34017412780333,-3.6984432996373333,-21.03861742744067,338.96138257255933,98.96138257255933
260603_iris2dsweep_sim50norm,sim,f_pi2,sim,S11,offset_nan,06_3-5_TDS-Half-Plunger-Iris2Dsweep-260527_70.s1p,06_3-5_TDS-Half-Plunger-Iris2Dsweep-260527_71.s1p,,,2.8774448751896,2.877444,2.877444,-1.892469509457793e-09,4.291619812229326e-09,-3.6984432996373333,-4.257972507926194,-0.5595292082888648,359.44047079171116,119.44047079171116
260603_iris2dsweep_sim50norm,sim,f_pi2,sim,S11,offset_nan,06_3-5_TDS-Half-Plunger-Iris2Dsweep-260527_71.s1p,06_3-5_TDS-Half-Plunger-Iris2Dsweep-260527_72.s1p,,,2.8774448751896,2.877444,2.877444,4.291619812229326e-09,-1.7026310400253593e-09,-4.257972507926194,-4.771499110811159,-0.5135266028849514,359.48647339711505,119.48647339711505
260603_iris2dsweep_sim50norm,sim,f_pi2,sim,S11,offset_nan,06_3-5_TDS-Half-Plunger-Iris2Dsweep-260527_72.s1p,06_3-5_TDS-Half-Plunger-Iris2Dsweep-260527_73.s1p,,,2.8774448751896,2.877444,2.877444,-1.7026310400253593e-09,-3.3559463737257434e-09,-4.771499110811159,-5.24811437642859,-0.4766152656174256,359.5233847343826,119.5233847343826
260603_iris2dsweep_sim50norm,sim,f_pi2,sim,S11,offset_nan,06_3-5_TDS-Half-Plunger-Iris2Dsweep-260527_73.s1p,06_3-5_TDS-Half-Plunger-Iris2Dsweep-260527_74.s1p,,,2.8774448751896,2.877444,2.877444,-3.3559463737257434e-09,-3.0306478606587965e-09,-5.24811437642859,-5.69159593048322,-0.4434815540546424,359.55651844594536,119.55651844594536
260603_iris2dsweep_sim50norm,sim,f_pi2,sim,S11,offset_nan,06_3-5_TDS-Half-Plunger-Iris2Dsweep-260527_74.s1p,06_3-5_TDS-Half-Plunger-Iris2Dsweep-260527_75.s1p,,,2.8774448751896,2.877444,2.877444,-3.0306478606587965e-09,-2.1025268541242402e-06,-5.69159593048322,-4.66146987956441,1.0301260509187955,1.0301260509187955,-238.9698739490812
260603_iris2dsweep_sim50norm,sim,f_pi2,sim,S11,offset_nan,06_3-5_TDS-Half-Plunger-Iris2Dsweep-260527_75.s1p,06_3-5_TDS-Half-Plunger-Iris2Dsweep-260527_76.s1p,,,2.8774448751896,2.877444,2.877444,-2.1025268541242402e-06,-9.06536011996212e-07,-4.66146987956441,-5.234850281137696,-0.5733804015732744,359.4266195984267,119.42661959842673
260603_iris2dsweep_sim50norm,sim,f_pi2,sim,S11,offset_nan,06_3-5_TDS-Half-Plunger-Iris2Dsweep-260527_76.s1p,06_3-5_TDS-Half-Plunger-Iris2Dsweep-260527_77.s1p,,,2.8774448751896,2.877444,2.877444,-9.06536011996212e-07,2.9900573878932612e-09,-5.234850281137696,-5.757204417629743,-0.522354136492055,359.477645863508,119.47764586350797
260603_iris2dsweep_sim50norm,sim,f_pi2,sim,S11,offset_nan,06_3-5_TDS-Half-Plunger-Iris2Dsweep-260527_77.s1p,06_3-5_TDS-Half-Plunger-Iris2Dsweep-260527_78.s1p,,,2.8774448751896,2.877444,2.877444,2.9900573878932612e-09,3.599797787453738e-09,-5.757204417629743,-6.239870507577376,-0.48266608994762805,359.51733391005234,119.51733391005234
260603_iris2dsweep_sim50norm,sim,f_pi2,sim,S11,offset_nan,06_3-5_TDS-Half-Plunger-Iris2Dsweep-260527_78.s1p,06_3-5_TDS-Half-Plunger-Iris2Dsweep-260527_79.s1p,,,2.8774448751896,2.877444,2.877444,3.599797787453738e-09,1.6076746784056638e-09,-6.239870507577376,-7.10024014823866,-0.8603696406612755,359.13963035933875,119.13963035933875
260603_iris2dsweep_sim50norm,sim,f_pi2,sim,S11,offset_nan,06_3-5_TDS-Half-Plunger-Iris2Dsweep-260527_79.s1p,06_3-5_TDS-Half-Plunger-Iris2Dsweep-260527_8.s1p,,,2.8774448751896,2.877444,2.877444,1.6076746784056638e-09,2.5113401614604275e-10,-7.10024014823866,15.546846757793707,22.64708690603237,22.64708690603237,-217.35291309396763
260603_iris2dsweep_sim50norm,sim,f_pi2,sim,S11,offset_nan,06_3-5_TDS-Half-Plunger-Iris2Dsweep-260527_8.s1p,06_3-5_TDS-Half-Plunger-Iris2Dsweep-260527_80.s1p,,,2.8774448751896,2.877444,2.877444,2.5113401614604275e-10,-1.5540036972464102e-07,15.546846757793707,-7.486651545695038,-23.033498303488756,336.9665016965113,96.96650169651127
260603_iris2dsweep_sim50norm,sim,f_pi2,sim,S11,offset_nan,06_3-5_TDS-Half-Plunger-Iris2Dsweep-260527_80.s1p,06_3-5_TDS-Half-Plunger-Iris2Dsweep-260527_81.s1p,,,2.8774448751896,2.877444,2.877444,-1.5540036972464102e-07,-2.395381861047673e-07,-7.486651545695038,-7.843826587542101,-0.3571750418470572,359.6428249581529,119.64282495815291
260603_iris2dsweep_sim50norm,sim,f_pi2,sim,S11,offset_nan,06_3-5_TDS-Half-Plunger-Iris2Dsweep-260527_81.s1p,06_3-5_TDS-Half-Plunger-Iris2Dsweep-260527_82.s1p,,,2.8774448751896,2.877444,2.877444,-2.395381861047673e-07,-1.7409491106395442e-07,-7.843826587542101,-8.18275861561446,-0.33893202807234957,359.66106797192765,119.66106797192765
260603_iris2dsweep_sim50norm,sim,f_pi2,sim,S11,offset_nan,06_3-5_TDS-Half-Plunger-Iris2Dsweep-260527_82.s1p,06_3-5_TDS-Half-Plunger-Iris2Dsweep-260527_83.s1p,,,2.8774448751896,2.877444,2.877444,-1.7409491106395442e-07,-7.859741448821493e-07,-8.18275861561446,-8.122637476157486,0.06012113945698161,0.06012113945698161,-239.93987886054302
260603_iris2dsweep_sim50norm,sim,f_pi2,sim,S11,offset_nan,06_3-5_TDS-Half-Plunger-Iris2Dsweep-260527_83.s1p,06_3-5_TDS-Half-Plunger-Iris2Dsweep-260527_84.s1p,,,2.8774448751896,2.877444,2.877444,-7.859741448821493e-07,-3.4229333812160073e-09,-8.122637476157486,-8.509528904271992,-0.3868914281144953,359.6131085718855,119.6131085718855
260603_iris2dsweep_sim50norm,sim,f_pi2,sim,S11,offset_nan,06_3-5_TDS-Half-Plunger-Iris2Dsweep-260527_84.s1p,06_3-5_TDS-Half-Plunger-Iris2Dsweep-260527_85.s1p,,,2.8774448751896,2.877444,2.877444,-3.4229333812160073e-09,-7.355793581438722e-07,-8.509528904271992,-8.869026333124879,-0.35949742885287606,359.6405025711471,119.64050257114712
260603_iris2dsweep_sim50norm,sim,f_pi2,sim,S11,offset_nan,06_3-5_TDS-Half-Plunger-Iris2Dsweep-260527_85.s1p,06_3-5_TDS-Half-Plunger-Iris2Dsweep-260527_86.s1p,,,2.8774448751896,2.877444,2.877444,-7.355793581438722e-07,-2.4185178572128877e-09,-8.869026333124879,-9.203280535324344,-0.33425420219947455,359.6657457978005,119.66574579780053
260603_iris2dsweep_sim50norm,sim,f_pi2,sim,S11,offset_nan,06_3-5_TDS-Half-Plunger-Iris2Dsweep-260527_86.s1p,06_3-5_TDS-Half-Plunger-Iris2Dsweep-260527_87.s1p,,,2.8774448751896,2.877444,2.877444,-2.4185178572128877e-09,-5.217270730528117e-07,-9.203280535324344,-9.516892669452435,-0.3136121341280784,359.6863878658719,119.6863878658719
260603_iris2dsweep_sim50norm,sim,f_pi2,sim,S11,offset_nan,06_3-5_TDS-Half-Plunger-Iris2Dsweep-260527_87.s1p,06_3-5_TDS-Half-Plunger-Iris2Dsweep-260527_88.s1p,,,2.8774448751896,2.877444,2.877444,-5.217270730528117e-07,-5.357539546182066e-07,-9.516892669452435,-9.810275252357354,-0.29338258290491126,359.7066174170951,119.70661741709512
260603_iris2dsweep_sim50norm,sim,f_pi2,sim,S11,offset_nan,06_3-5_TDS-Half-Plunger-Iris2Dsweep-260527_88.s1p,06_3-5_TDS-Half-Plunger-Iris2Dsweep-260527_89.s1p,,,2.8774448751896,2.877444,2.877444,-5.357539546182066e-07,-1.7632323465955132e-07,-9.810275252357354,-10.085441106324263,-0.27516585396691084,359.7248341460331,119.72483414603312
260603_iris2dsweep_sim50norm,sim,f_pi2,sim,S11,offset_nan,06_3-5_TDS-Half-Plunger-Iris2Dsweep-260527_89.s1p,06_3-5_TDS-Half-Plunger-Iris2Dsweep-260527_9.s1p,,,2.8774448751896,2.877444,2.877444,-1.7632323465955132e-07,-2.694320334365634e-09,-10.085441106324263,13.938608341084755,24.024049447409027,24.024049447409027,-215.97595055259097
260603_iris2dsweep_sim50norm,sim,f_pi2,sim,S11,offset_nan,06_3-5_TDS-Half-Plunger-Iris2Dsweep-260527_9.s1p,06_3-5_TDS-Half-Plunger-Iris2Dsweep-260527_90.s1p,,,2.8774448751896,2.877444,2.877444,-2.694320334365634e-09,-9.855627124186733e-07,13.938608341084755,-10.34707687737893,-24.285685218463698,335.7143147815363,95.7143147815363
260603_iris2dsweep_sim50norm,sim,f_pi2,sim,S11,offset_nan,06_3-5_TDS-Half-Plunger-Iris2Dsweep-260527_90.s1p,06_3-5_TDS-Half-Plunger-Iris2Dsweep-260527_91.s1p,,,2.8774448751896,2.877444,2.877444,-9.855627124186733e-07,-5.494241092742717e-07,-10.34707687737893,-10.591400526096793,-0.2443236487178524,359.75567635128215,119.75567635128215
260603_iris2dsweep_sim50norm,sim,f_pi2,sim,S11,offset_nan,06_3-5_TDS-Half-Plunger-Iris2Dsweep-260527_91.s1p,06_3-5_TDS-Half-Plunger-Iris2Dsweep-260527_92.s1p,,,2.8774448751896,2.877444,2.877444,-5.494241092742717e-07,-7.129242992211126e-07,-10.591400526096793,-11.244568670299376,-0.6531681442025956,359.3468318557974,119.3468318557974
260603_iris2dsweep_sim50norm,sim,f_pi2,sim,S11,offset_nan,06_3-5_TDS-Half-Plunger-Iris2Dsweep-260527_92.s1p,06_3-5_TDS-Half-Plunger-Iris2Dsweep-260527_93.s1p,,,2.8774448751896,2.877444,2.877444,-7.129242992211126e-07,-1.104131988348093e-06,-11.244568670299376,-11.492893926326184,-0.248325256026817,359.7516747439732,119.75167474397318
260603_iris2dsweep_sim50norm,sim,f_pi2,sim,S11,offset_nan,06_3-5_TDS-Half-Plunger-Iris2Dsweep-260527_93.s1p,06_3-5_TDS-Half-Plunger-Iris2Dsweep-260527_94.s1p,,,2.8774448751896,2.877444,2.877444,-1.104131988348093e-06,-1.1322110409450429e-06,-11.492893926326184,-11.725215160226492,-0.2323212339003078,359.7676787660997,119.76767876609972
260603_iris2dsweep_sim50norm,sim,f_pi2,sim,S11,offset_nan,06_3-5_TDS-Half-Plunger-Iris2Dsweep-260527_94.s1p,06_3-5_TDS-Half-Plunger-Iris2Dsweep-260527_95.s1p,,,2.8774448751896,2.877444,2.877444,-1.1322110409450429e-06,-9.187257325167866e-07,-11.725215160226492,-11.946030434287435,-0.22081527406095347,359.77918472593905,119.77918472593905
260603_iris2dsweep_sim50norm,sim,f_pi2,sim,S11,offset_nan,06_3-5_TDS-Half-Plunger-Iris2Dsweep-260527_95.s1p,06_3-5_TDS-Half-Plunger-Iris2Dsweep-260527_96.s1p,,,2.8774448751896,2.877444,2.877444,-9.187257325167866e-07,-6.413728156948771e-07,-11.946030434287435,-12.15432914456306,-0.20829871027561353,359.7917012897244,119.79170128972441
260603_iris2dsweep_sim50norm,sim,f_pi2,sim,S11,offset_nan,06_3-5_TDS-Half-Plunger-Iris2Dsweep-260527_96.s1p,06_3-5_TDS-Half-Plunger-Iris2Dsweep-260527_97.s1p,,,2.8774448751896,2.877444,2.877444,-6.413728156948771e-07,-5.851657741430094e-07,-12.15432914456306,-12.350461966402934,-0.1961328218398819,359.8038671781601,119.80386717816009
260603_iris2dsweep_sim50norm,sim,f_pi2,sim,S11,offset_nan,06_3-5_TDS-Half-Plunger-Iris2Dsweep-260527_97.s1p,06_3-5_TDS-Half-Plunger-Iris2Dsweep-260527_98.s1p,,,2.8774448751896,2.877444,2.877444,-5.851657741430094e-07,-8.745406156685448e-07,-12.350461966402934,-12.539939985182562,-0.18947801877962434,359.8105219812204,119.8105219812204
260603_iris2dsweep_sim50norm,sim,f_pi2,sim,S11,offset_nan,06_3-5_TDS-Half-Plunger-Iris2Dsweep-260527_98.s1p,06_3-5_TDS-Half-Plunger-Iris2Dsweep-260527_99.s1p,,,2.8774448751896,2.877444,2.877444,-8.745406156685448e-07,-8.350530635633588e-07,-12.539939985182562,-12.720840968512954,-0.18090098333038895,359.8190990166696,119.81909901666961
