dataset_id,data_layer,source_file,tune_position,s_name,marker_name,marker_role,marker_source,target_freq_ghz,freq_ghz,freq_error_ghz,s_db,s_phase_deg,source_format,uncorrected_freq_ghz,frequency_scale_factor,temp_op_C,temp_meas_C,humidity_fraction
260519_2dsweep_1p5cell,sim,06_2_TDS-KyhlTune-260519_1.s2p,,S11,f_2pi3,sim,dispersion_mode_1,2.8571160335532,2.85712,3.966446799896772e-06,-0.007716403976977027,-33.75716785978963,touchstone_ri,2.8571160335532,1.0,,,
260519_2dsweep_1p5cell,sim,06_2_TDS-KyhlTune-260519_1.s2p,,S12,f_2pi3,sim,dispersion_mode_1,2.8571160335532,2.85712,3.966446799896772e-06,-27.50509634473989,-124.10203288114408,touchstone_ri,2.8571160335532,1.0,,,
260519_2dsweep_1p5cell,sim,06_2_TDS-KyhlTune-260519_1.s2p,,S21,f_2pi3,sim,dispersion_mode_1,2.8571160335532,2.85712,3.966446799896772e-06,-27.505098187956605,-124.10431063458823,touchstone_ri,2.8571160335532,1.0,,,
260519_2dsweep_1p5cell,sim,06_2_TDS-KyhlTune-260519_1.s2p,,S22,f_2pi3,sim,dispersion_mode_1,2.8571160335532,2.85712,3.966446799896772e-06,-0.007746307223238814,-34.448940518924495,touchstone_ri,2.8571160335532,1.0,,,
260519_2dsweep_1p5cell,sim,06_2_TDS-KyhlTune-260519_10.s2p,,S11,f_2pi3,sim,dispersion_mode_1,2.8571160335532,2.85712,3.966446799896772e-06,-0.00037403243649424716,-31.811424373622668,touchstone_ri,2.8571160335532,1.0,,,
260519_2dsweep_1p5cell,sim,06_2_TDS-KyhlTune-260519_10.s2p,,S12,f_2pi3,sim,dispersion_mode_1,2.8571160335532,2.85712,3.966446799896772e-06,-59.495164993322625,-89.84529070138953,touchstone_ri,2.8571160335532,1.0,,,
260519_2dsweep_1p5cell,sim,06_2_TDS-KyhlTune-260519_10.s2p,,S21,f_2pi3,sim,dispersion_mode_1,2.8571160335532,2.85712,3.966446799896772e-06,-59.21333407234488,-89.75281893466952,touchstone_ri,2.8571160335532,1.0,,,
260519_2dsweep_1p5cell,sim,06_2_TDS-KyhlTune-260519_10.s2p,,S22,f_2pi3,sim,dispersion_mode_1,2.8571160335532,2.85712,3.966446799896772e-06,-8.139767817434619e-06,31.881644920944176,touchstone_ri,2.8571160335532,1.0,,,
260519_2dsweep_1p5cell,sim,06_2_TDS-KyhlTune-260519_100.s2p,,S11,f_2pi3,sim,dispersion_mode_1,2.8571160335532,2.85712,3.966446799896772e-06,-0.0003056325958707036,-44.40221539691709,touchstone_ri,2.8571160335532,1.0,,,
260519_2dsweep_1p5cell,sim,06_2_TDS-KyhlTune-260519_100.s2p,,S12,f_2pi3,sim,dispersion_mode_1,2.8571160335532,2.85712,3.966446799896772e-06,-54.775944256396215,-107.3912023500162,touchstone_ri,2.8571160335532,1.0,,,
260519_2dsweep_1p5cell,sim,06_2_TDS-KyhlTune-260519_100.s2p,,S21,f_2pi3,sim,dispersion_mode_1,2.8571160335532,2.85712,3.966446799896772e-06,-54.61755804321315,-107.46104928323038,touchstone_ri,2.8571160335532,1.0,,,
260519_2dsweep_1p5cell,sim,06_2_TDS-KyhlTune-260519_100.s2p,,S22,f_2pi3,sim,dispersion_mode_1,2.8571160335532,2.85712,3.966446799896772e-06,-2.3166858176857554e-05,9.49713002372971,touchstone_ri,2.8571160335532,1.0,,,
260519_2dsweep_1p5cell,sim,06_2_TDS-KyhlTune-260519_101.s2p,,S11,f_2pi3,sim,dispersion_mode_1,2.8571160335532,2.85712,3.966446799896772e-06,-5.882567067070792e-05,-45.11526130233136,touchstone_ri,2.8571160335532,1.0,,,
260519_2dsweep_1p5cell,sim,06_2_TDS-KyhlTune-260519_101.s2p,,S12,f_2pi3,sim,dispersion_mode_1,2.8571160335532,2.85712,3.966446799896772e-06,-54.75614449335933,-108.82600564427173,touchstone_ri,2.8571160335532,1.0,,,
260519_2dsweep_1p5cell,sim,06_2_TDS-KyhlTune-260519_101.s2p,,S21,f_2pi3,sim,dispersion_mode_1,2.8571160335532,2.85712,3.966446799896772e-06,-54.72073311053623,-108.37873061457175,touchstone_ri,2.8571160335532,1.0,,,
260519_2dsweep_1p5cell,sim,06_2_TDS-KyhlTune-260519_101.s2p,,S22,f_2pi3,sim,dispersion_mode_1,2.8571160335532,2.85712,3.966446799896772e-06,-2.638594792884888e-05,8.368121800711934,touchstone_ri,2.8571160335532,1.0,,,
260519_2dsweep_1p5cell,sim,06_2_TDS-KyhlTune-260519_102.s2p,,S11,f_2pi3,sim,dispersion_mode_1,2.8571160335532,2.85712,3.966446799896772e-06,-0.00032742110881683466,-39.080420983302744,touchstone_ri,2.8571160335532,1.0,,,
260519_2dsweep_1p5cell,sim,06_2_TDS-KyhlTune-260519_102.s2p,,S12,f_2pi3,sim,dispersion_mode_1,2.8571160335532,2.85712,3.966446799896772e-06,-52.2404957240613,-96.82124634105888,touchstone_ri,2.8571160335532,1.0,,,
260519_2dsweep_1p5cell,sim,06_2_TDS-KyhlTune-260519_102.s2p,,S21,f_2pi3,sim,dispersion_mode_1,2.8571160335532,2.85712,3.966446799896772e-06,-52.14753830811723,-96.72802392190384,touchstone_ri,2.8571160335532,1.0,,,
260519_2dsweep_1p5cell,sim,06_2_TDS-KyhlTune-260519_102.s2p,,S22,f_2pi3,sim,dispersion_mode_1,2.8571160335532,2.85712,3.966446799896772e-06,-3.4417460261058384e-05,25.608387859904415,touchstone_ri,2.8571160335532,1.0,,,
260519_2dsweep_1p5cell,sim,06_2_TDS-KyhlTune-260519_103.s2p,,S11,f_2pi3,sim,dispersion_mode_1,2.8571160335532,2.85712,3.966446799896772e-06,2.5030209503863943e-05,-39.727708890843495,touchstone_ri,2.8571160335532,1.0,,,
260519_2dsweep_1p5cell,sim,06_2_TDS-KyhlTune-260519_103.s2p,,S12,f_2pi3,sim,dispersion_mode_1,2.8571160335532,2.85712,3.966446799896772e-06,-52.554534471186905,-98.99267842168389,touchstone_ri,2.8571160335532,1.0,,,
260519_2dsweep_1p5cell,sim,06_2_TDS-KyhlTune-260519_103.s2p,,S21,f_2pi3,sim,dispersion_mode_1,2.8571160335532,2.85712,3.966446799896772e-06,-52.47001899780021,-98.71190183867894,touchstone_ri,2.8571160335532,1.0,,,
260519_2dsweep_1p5cell,sim,06_2_TDS-KyhlTune-260519_103.s2p,,S22,f_2pi3,sim,dispersion_mode_1,2.8571160335532,2.85712,3.966446799896772e-06,-0.00010400204344666647,22.307996502641785,touchstone_ri,2.8571160335532,1.0,,,
260519_2dsweep_1p5cell,sim,06_2_TDS-KyhlTune-260519_104.s2p,,S11,f_2pi3,sim,dispersion_mode_1,2.8571160335532,2.85712,3.966446799896772e-06,2.8691908719315203e-05,-40.53097300204791,touchstone_ri,2.8571160335532,1.0,,,
260519_2dsweep_1p5cell,sim,06_2_TDS-KyhlTune-260519_104.s2p,,S12,f_2pi3,sim,dispersion_mode_1,2.8571160335532,2.85712,3.966446799896772e-06,-53.48402046398384,-100.12578095457329,touchstone_ri,2.8571160335532,1.0,,,
260519_2dsweep_1p5cell,sim,06_2_TDS-KyhlTune-260519_104.s2p,,S21,f_2pi3,sim,dispersion_mode_1,2.8571160335532,2.85712,3.966446799896772e-06,-53.39648378081917,-100.55913692841497,touchstone_ri,2.8571160335532,1.0,,,
260519_2dsweep_1p5cell,sim,06_2_TDS-KyhlTune-260519_104.s2p,,S22,f_2pi3,sim,dispersion_mode_1,2.8571160335532,2.85712,3.966446799896772e-06,-3.46670459301472e-05,19.45161550976549,touchstone_ri,2.8571160335532,1.0,,,
260519_2dsweep_1p5cell,sim,06_2_TDS-KyhlTune-260519_105.s2p,,S11,f_2pi3,sim,dispersion_mode_1,2.8571160335532,2.85712,3.966446799896772e-06,-0.00013927063700585146,-41.32360270764105,touchstone_ri,2.8571160335532,1.0,,,
260519_2dsweep_1p5cell,sim,06_2_TDS-KyhlTune-260519_105.s2p,,S12,f_2pi3,sim,dispersion_mode_1,2.8571160335532,2.85712,3.966446799896772e-06,-53.07870934688651,-102.13803516297799,touchstone_ri,2.8571160335532,1.0,,,
260519_2dsweep_1p5cell,sim,06_2_TDS-KyhlTune-260519_105.s2p,,S21,f_2pi3,sim,dispersion_mode_1,2.8571160335532,2.85712,3.966446799896772e-06,-52.974625303839616,-102.11484213401042,touchstone_ri,2.8571160335532,1.0,,,
260519_2dsweep_1p5cell,sim,06_2_TDS-KyhlTune-260519_105.s2p,,S22,f_2pi3,sim,dispersion_mode_1,2.8571160335532,2.85712,3.966446799896772e-06,-2.1625294747085443e-05,17.102467921668254,touchstone_ri,2.8571160335532,1.0,,,
260519_2dsweep_1p5cell,sim,06_2_TDS-KyhlTune-260519_106.s2p,,S11,f_2pi3,sim,dispersion_mode_1,2.8571160335532,2.85712,3.966446799896772e-06,5.054899641496182e-05,-42.127333186085124,touchstone_ri,2.8571160335532,1.0,,,
260519_2dsweep_1p5cell,sim,06_2_TDS-KyhlTune-260519_106.s2p,,S12,f_2pi3,sim,dispersion_mode_1,2.8571160335532,2.85712,3.966446799896772e-06,-53.52484451114114,-103.54830040260555,touchstone_ri,2.8571160335532,1.0,,,
260519_2dsweep_1p5cell,sim,06_2_TDS-KyhlTune-260519_106.s2p,,S21,f_2pi3,sim,dispersion_mode_1,2.8571160335532,2.85712,3.966446799896772e-06,-53.44603308700077,-103.53917200914437,touchstone_ri,2.8571160335532,1.0,,,
260519_2dsweep_1p5cell,sim,06_2_TDS-KyhlTune-260519_106.s2p,,S22,f_2pi3,sim,dispersion_mode_1,2.8571160335532,2.85712,3.966446799896772e-06,-3.026447984700409e-05,15.06953101866749,touchstone_ri,2.8571160335532,1.0,,,
260519_2dsweep_1p5cell,sim,06_2_TDS-KyhlTune-260519_107.s2p,,S11,f_2pi3,sim,dispersion_mode_1,2.8571160335532,2.85712,3.966446799896772e-06,-1.858087591868656e-05,-43.116623319541624,touchstone_ri,2.8571160335532,1.0,,,
260519_2dsweep_1p5cell,sim,06_2_TDS-KyhlTune-260519_107.s2p,,S12,f_2pi3,sim,dispersion_mode_1,2.8571160335532,2.85712,3.966446799896772e-06,-53.30416654215635,-104.99801220771782,touchstone_ri,2.8571160335532,1.0,,,
260519_2dsweep_1p5cell,sim,06_2_TDS-KyhlTune-260519_107.s2p,,S21,f_2pi3,sim,dispersion_mode_1,2.8571160335532,2.85712,3.966446799896772e-06,-53.304469507923,-104.94097119911177,touchstone_ri,2.8571160335532,1.0,,,
260519_2dsweep_1p5cell,sim,06_2_TDS-KyhlTune-260519_107.s2p,,S22,f_2pi3,sim,dispersion_mode_1,2.8571160335532,2.85712,3.966446799896772e-06,-1.6126724839251708e-05,13.308478023741296,touchstone_ri,2.8571160335532,1.0,,,
260519_2dsweep_1p5cell,sim,06_2_TDS-KyhlTune-260519_108.s2p,,S11,f_2pi3,sim,dispersion_mode_1,2.8571160335532,2.85712,3.966446799896772e-06,-0.0002895632677682227,-44.039357985345326,touchstone_ri,2.8571160335532,1.0,,,
260519_2dsweep_1p5cell,sim,06_2_TDS-KyhlTune-260519_108.s2p,,S12,f_2pi3,sim,dispersion_mode_1,2.8571160335532,2.85712,3.966446799896772e-06,-53.628260094429656,-106.27578137248844,touchstone_ri,2.8571160335532,1.0,,,
260519_2dsweep_1p5cell,sim,06_2_TDS-KyhlTune-260519_108.s2p,,S21,f_2pi3,sim,dispersion_mode_1,2.8571160335532,2.85712,3.966446799896772e-06,-53.50532409226459,-106.15780020263536,touchstone_ri,2.8571160335532,1.0,,,
260519_2dsweep_1p5cell,sim,06_2_TDS-KyhlTune-260519_108.s2p,,S22,f_2pi3,sim,dispersion_mode_1,2.8571160335532,2.85712,3.966446799896772e-06,-1.717386894878952e-05,11.734249873714173,touchstone_ri,2.8571160335532,1.0,,,
260519_2dsweep_1p5cell,sim,06_2_TDS-KyhlTune-260519_109.s2p,,S11,f_2pi3,sim,dispersion_mode_1,2.8571160335532,2.85712,3.966446799896772e-06,-0.0005676733746392711,-44.97297398257755,touchstone_ri,2.8571160335532,1.0,,,
260519_2dsweep_1p5cell,sim,06_2_TDS-KyhlTune-260519_109.s2p,,S12,f_2pi3,sim,dispersion_mode_1,2.8571160335532,2.85712,3.966446799896772e-06,-53.62269422761622,-107.53723203614034,touchstone_ri,2.8571160335532,1.0,,,
260519_2dsweep_1p5cell,sim,06_2_TDS-KyhlTune-260519_109.s2p,,S21,f_2pi3,sim,dispersion_mode_1,2.8571160335532,2.85712,3.966446799896772e-06,-53.55499345121726,-107.36885275172628,touchstone_ri,2.8571160335532,1.0,,,
260519_2dsweep_1p5cell,sim,06_2_TDS-KyhlTune-260519_109.s2p,,S22,f_2pi3,sim,dispersion_mode_1,2.8571160335532,2.85712,3.966446799896772e-06,-2.0890864143403615e-05,10.317511438607164,touchstone_ri,2.8571160335532,1.0,,,
260519_2dsweep_1p5cell,sim,06_2_TDS-KyhlTune-260519_11.s2p,,S11,f_2pi3,sim,dispersion_mode_1,2.8571160335532,2.85712,3.966446799896772e-06,-0.00020978837431170528,-32.05796035534017,touchstone_ri,2.8571160335532,1.0,,,
260519_2dsweep_1p5cell,sim,06_2_TDS-KyhlTune-260519_11.s2p,,S12,f_2pi3,sim,dispersion_mode_1,2.8571160335532,2.85712,3.966446799896772e-06,-59.64533383204885,-91.8482008770558,touchstone_ri,2.8571160335532,1.0,,,
260519_2dsweep_1p5cell,sim,06_2_TDS-KyhlTune-260519_11.s2p,,S21,f_2pi3,sim,dispersion_mode_1,2.8571160335532,2.85712,3.966446799896772e-06,-59.63991109448115,-91.89907605433567,touchstone_ri,2.8571160335532,1.0,,,
260519_2dsweep_1p5cell,sim,06_2_TDS-KyhlTune-260519_11.s2p,,S22,f_2pi3,sim,dispersion_mode_1,2.8571160335532,2.85712,3.966446799896772e-06,-4.309700337784749e-06,28.290812540438427,touchstone_ri,2.8571160335532,1.0,,,
260519_2dsweep_1p5cell,sim,06_2_TDS-KyhlTune-260519_110.s2p,,S11,f_2pi3,sim,dispersion_mode_1,2.8571160335532,2.85712,3.966446799896772e-06,0.00010434604744934952,-45.80476573458484,touchstone_ri,2.8571160335532,1.0,,,
260519_2dsweep_1p5cell,sim,06_2_TDS-KyhlTune-260519_110.s2p,,S12,f_2pi3,sim,dispersion_mode_1,2.8571160335532,2.85712,3.966446799896772e-06,-53.429713955875684,-108.3185551603703,touchstone_ri,2.8571160335532,1.0,,,
260519_2dsweep_1p5cell,sim,06_2_TDS-KyhlTune-260519_110.s2p,,S21,f_2pi3,sim,dispersion_mode_1,2.8571160335532,2.85712,3.966446799896772e-06,-53.3963993472273,-108.3491330991829,touchstone_ri,2.8571160335532,1.0,,,
260519_2dsweep_1p5cell,sim,06_2_TDS-KyhlTune-260519_110.s2p,,S22,f_2pi3,sim,dispersion_mode_1,2.8571160335532,2.85712,3.966446799896772e-06,-1.9452156828299055e-05,9.0779654432525,touchstone_ri,2.8571160335532,1.0,,,
260519_2dsweep_1p5cell,sim,06_2_TDS-KyhlTune-260519_111.s2p,,S11,f_2pi3,sim,dispersion_mode_1,2.8571160335532,2.85712,3.966446799896772e-06,-0.00016818607168227222,-46.83343896981915,touchstone_ri,2.8571160335532,1.0,,,
260519_2dsweep_1p5cell,sim,06_2_TDS-KyhlTune-260519_111.s2p,,S12,f_2pi3,sim,dispersion_mode_1,2.8571160335532,2.85712,3.966446799896772e-06,-53.51185354485494,-109.3189303658388,touchstone_ri,2.8571160335532,1.0,,,
260519_2dsweep_1p5cell,sim,06_2_TDS-KyhlTune-260519_111.s2p,,S21,f_2pi3,sim,dispersion_mode_1,2.8571160335532,2.85712,3.966446799896772e-06,-53.520661557133884,-109.47058092687945,touchstone_ri,2.8571160335532,1.0,,,
260519_2dsweep_1p5cell,sim,06_2_TDS-KyhlTune-260519_111.s2p,,S22,f_2pi3,sim,dispersion_mode_1,2.8571160335532,2.85712,3.966446799896772e-06,-2.5202946229302327e-05,7.962825755929639,touchstone_ri,2.8571160335532,1.0,,,
260519_2dsweep_1p5cell,sim,06_2_TDS-KyhlTune-260519_112.s2p,,S11,f_2pi3,sim,dispersion_mode_1,2.8571160335532,2.85712,3.966446799896772e-06,6.614334197836494e-05,-47.94022836188408,touchstone_ri,2.8571160335532,1.0,,,
260519_2dsweep_1p5cell,sim,06_2_TDS-KyhlTune-260519_112.s2p,,S12,f_2pi3,sim,dispersion_mode_1,2.8571160335532,2.85712,3.966446799896772e-06,-53.71271361763188,-110.97468271352565,touchstone_ri,2.8571160335532,1.0,,,
260519_2dsweep_1p5cell,sim,06_2_TDS-KyhlTune-260519_112.s2p,,S21,f_2pi3,sim,dispersion_mode_1,2.8571160335532,2.85712,3.966446799896772e-06,-53.56972910745284,-110.6734048749348,touchstone_ri,2.8571160335532,1.0,,,
260519_2dsweep_1p5cell,sim,06_2_TDS-KyhlTune-260519_112.s2p,,S22,f_2pi3,sim,dispersion_mode_1,2.8571160335532,2.85712,3.966446799896772e-06,-2.0547117577077284e-05,6.964277558888654,touchstone_ri,2.8571160335532,1.0,,,
260519_2dsweep_1p5cell,sim,06_2_TDS-KyhlTune-260519_113.s2p,,S11,f_2pi3,sim,dispersion_mode_1,2.8571160335532,2.85712,3.966446799896772e-06,2.947124043608924e-05,-40.559403035930316,touchstone_ri,2.8571160335532,1.0,,,
260519_2dsweep_1p5cell,sim,06_2_TDS-KyhlTune-260519_113.s2p,,S12,f_2pi3,sim,dispersion_mode_1,2.8571160335532,2.85712,3.966446799896772e-06,-52.0973763168573,-99.36368120031132,touchstone_ri,2.8571160335532,1.0,,,
260519_2dsweep_1p5cell,sim,06_2_TDS-KyhlTune-260519_113.s2p,,S21,f_2pi3,sim,dispersion_mode_1,2.8571160335532,2.85712,3.966446799896772e-06,-52.02201305370147,-99.42333374281824,touchstone_ri,2.8571160335532,1.0,,,
260519_2dsweep_1p5cell,sim,06_2_TDS-KyhlTune-260519_113.s2p,,S22,f_2pi3,sim,dispersion_mode_1,2.8571160335532,2.85712,3.966446799896772e-06,-2.1412885821392472e-05,21.729736783819163,touchstone_ri,2.8571160335532,1.0,,,
260519_2dsweep_1p5cell,sim,06_2_TDS-KyhlTune-260519_114.s2p,,S11,f_2pi3,sim,dispersion_mode_1,2.8571160335532,2.85712,3.966446799896772e-06,-2.3957359286470486e-05,-41.38486692819735,touchstone_ri,2.8571160335532,1.0,,,
260519_2dsweep_1p5cell,sim,06_2_TDS-KyhlTune-260519_114.s2p,,S12,f_2pi3,sim,dispersion_mode_1,2.8571160335532,2.85712,3.966446799896772e-06,-52.65103716240293,-101.16878510992987,touchstone_ri,2.8571160335532,1.0,,,
260519_2dsweep_1p5cell,sim,06_2_TDS-KyhlTune-260519_114.s2p,,S21,f_2pi3,sim,dispersion_mode_1,2.8571160335532,2.85712,3.966446799896772e-06,-52.649900341024384,-101.1887581457891,touchstone_ri,2.8571160335532,1.0,,,
260519_2dsweep_1p5cell,sim,06_2_TDS-KyhlTune-260519_114.s2p,,S22,f_2pi3,sim,dispersion_mode_1,2.8571160335532,2.85712,3.966446799896772e-06,-1.900298149646693e-05,18.98970433572343,touchstone_ri,2.8571160335532,1.0,,,
260519_2dsweep_1p5cell,sim,06_2_TDS-KyhlTune-260519_115.s2p,,S11,f_2pi3,sim,dispersion_mode_1,2.8571160335532,2.85712,3.966446799896772e-06,-7.800330055861518e-05,-42.311081131168166,touchstone_ri,2.8571160335532,1.0,,,
260519_2dsweep_1p5cell,sim,06_2_TDS-KyhlTune-260519_115.s2p,,S12,f_2pi3,sim,dispersion_mode_1,2.8571160335532,2.85712,3.966446799896772e-06,-53.03158280935864,-102.74974516857985,touchstone_ri,2.8571160335532,1.0,,,
260519_2dsweep_1p5cell,sim,06_2_TDS-KyhlTune-260519_115.s2p,,S21,f_2pi3,sim,dispersion_mode_1,2.8571160335532,2.85712,3.966446799896772e-06,-52.838320894361466,-102.84389456118171,touchstone_ri,2.8571160335532,1.0,,,
260519_2dsweep_1p5cell,sim,06_2_TDS-KyhlTune-260519_115.s2p,,S22,f_2pi3,sim,dispersion_mode_1,2.8571160335532,2.85712,3.966446799896772e-06,-8.48385996802311e-06,16.63202275005135,touchstone_ri,2.8571160335532,1.0,,,
260519_2dsweep_1p5cell,sim,06_2_TDS-KyhlTune-260519_116.s2p,,S11,f_2pi3,sim,dispersion_mode_1,2.8571160335532,2.85712,3.966446799896772e-06,-6.856936341577409e-05,-43.2701618676618,touchstone_ri,2.8571160335532,1.0,,,
260519_2dsweep_1p5cell,sim,06_2_TDS-KyhlTune-260519_116.s2p,,S12,f_2pi3,sim,dispersion_mode_1,2.8571160335532,2.85712,3.966446799896772e-06,-52.390315296610275,-104.35295923627919,touchstone_ri,2.8571160335532,1.0,,,
260519_2dsweep_1p5cell,sim,06_2_TDS-KyhlTune-260519_116.s2p,,S21,f_2pi3,sim,dispersion_mode_1,2.8571160335532,2.85712,3.966446799896772e-06,-52.389908933369746,-104.35837154469715,touchstone_ri,2.8571160335532,1.0,,,
260519_2dsweep_1p5cell,sim,06_2_TDS-KyhlTune-260519_116.s2p,,S22,f_2pi3,sim,dispersion_mode_1,2.8571160335532,2.85712,3.966446799896772e-06,-9.086630278528181e-06,14.549475303026497,touchstone_ri,2.8571160335532,1.0,,,
260519_2dsweep_1p5cell,sim,06_2_TDS-KyhlTune-260519_117.s2p,,S11,f_2pi3,sim,dispersion_mode_1,2.8571160335532,2.85712,3.966446799896772e-06,-2.8263212059599075e-05,-44.195866381983045,touchstone_ri,2.8571160335532,1.0,,,
260519_2dsweep_1p5cell,sim,06_2_TDS-KyhlTune-260519_117.s2p,,S12,f_2pi3,sim,dispersion_mode_1,2.8571160335532,2.85712,3.966446799896772e-06,-52.759955486181184,-105.8096119727846,touchstone_ri,2.8571160335532,1.0,,,
260519_2dsweep_1p5cell,sim,06_2_TDS-KyhlTune-260519_117.s2p,,S21,f_2pi3,sim,dispersion_mode_1,2.8571160335532,2.85712,3.966446799896772e-06,-52.66534729043491,-105.75089498318549,touchstone_ri,2.8571160335532,1.0,,,
260519_2dsweep_1p5cell,sim,06_2_TDS-KyhlTune-260519_117.s2p,,S22,f_2pi3,sim,dispersion_mode_1,2.8571160335532,2.85712,3.966446799896772e-06,-2.687655967109879e-05,12.730564429147254,touchstone_ri,2.8571160335532,1.0,,,
260519_2dsweep_1p5cell,sim,06_2_TDS-KyhlTune-260519_118.s2p,,S11,f_2pi3,sim,dispersion_mode_1,2.8571160335532,2.85712,3.966446799896772e-06,-0.00010713706586758272,-46.36454494104286,touchstone_ri,2.8571160335532,1.0,,,
260519_2dsweep_1p5cell,sim,06_2_TDS-KyhlTune-260519_118.s2p,,S12,f_2pi3,sim,dispersion_mode_1,2.8571160335532,2.85712,3.966446799896772e-06,-53.12428460740419,-107.96864877946675,touchstone_ri,2.8571160335532,1.0,,,
260519_2dsweep_1p5cell,sim,06_2_TDS-KyhlTune-260519_118.s2p,,S21,f_2pi3,sim,dispersion_mode_1,2.8571160335532,2.85712,3.966446799896772e-06,-52.89440886746572,-108.29739904269327,touchstone_ri,2.8571160335532,1.0,,,
260519_2dsweep_1p5cell,sim,06_2_TDS-KyhlTune-260519_118.s2p,,S22,f_2pi3,sim,dispersion_mode_1,2.8571160335532,2.85712,3.966446799896772e-06,-9.271470130037571e-06,9.832187945632189,touchstone_ri,2.8571160335532,1.0,,,
260519_2dsweep_1p5cell,sim,06_2_TDS-KyhlTune-260519_119.s2p,,S11,f_2pi3,sim,dispersion_mode_1,2.8571160335532,2.85712,3.966446799896772e-06,-0.0002932789655415471,-47.425869182014175,touchstone_ri,2.8571160335532,1.0,,,
260519_2dsweep_1p5cell,sim,06_2_TDS-KyhlTune-260519_119.s2p,,S12,f_2pi3,sim,dispersion_mode_1,2.8571160335532,2.85712,3.966446799896772e-06,-52.98628817309158,-109.10426428412772,touchstone_ri,2.8571160335532,1.0,,,
260519_2dsweep_1p5cell,sim,06_2_TDS-KyhlTune-260519_119.s2p,,S21,f_2pi3,sim,dispersion_mode_1,2.8571160335532,2.85712,3.966446799896772e-06,-52.84229306325544,-109.37553804565484,touchstone_ri,2.8571160335532,1.0,,,
260519_2dsweep_1p5cell,sim,06_2_TDS-KyhlTune-260519_119.s2p,,S22,f_2pi3,sim,dispersion_mode_1,2.8571160335532,2.85712,3.966446799896772e-06,-9.905380839110056e-06,8.596158924222713,touchstone_ri,2.8571160335532,1.0,,,
260519_2dsweep_1p5cell,sim,06_2_TDS-KyhlTune-260519_12.s2p,,S11,f_2pi3,sim,dispersion_mode_1,2.8571160335532,2.85712,3.966446799896772e-06,-0.000331680220924797,-32.854551160274085,touchstone_ri,2.8571160335532,1.0,,,
260519_2dsweep_1p5cell,sim,06_2_TDS-KyhlTune-260519_12.s2p,,S12,f_2pi3,sim,dispersion_mode_1,2.8571160335532,2.85712,3.966446799896772e-06,-59.23076441424281,-94.14545896140511,touchstone_ri,2.8571160335532,1.0,,,
260519_2dsweep_1p5cell,sim,06_2_TDS-KyhlTune-260519_12.s2p,,S21,f_2pi3,sim,dispersion_mode_1,2.8571160335532,2.85712,3.966446799896772e-06,-59.24853568830201,-93.90322635826055,touchstone_ri,2.8571160335532,1.0,,,
260519_2dsweep_1p5cell,sim,06_2_TDS-KyhlTune-260519_12.s2p,,S22,f_2pi3,sim,dispersion_mode_1,2.8571160335532,2.85712,3.966446799896772e-06,-1.4602973458458323e-05,24.950248098064975,touchstone_ri,2.8571160335532,1.0,,,
260519_2dsweep_1p5cell,sim,06_2_TDS-KyhlTune-260519_120.s2p,,S11,f_2pi3,sim,dispersion_mode_1,2.8571160335532,2.85712,3.966446799896772e-06,-0.00021850800547482444,-48.66021253313101,touchstone_ri,2.8571160335532,1.0,,,
260519_2dsweep_1p5cell,sim,06_2_TDS-KyhlTune-260519_120.s2p,,S12,f_2pi3,sim,dispersion_mode_1,2.8571160335532,2.85712,3.966446799896772e-06,-53.09176032820354,-110.70886243446128,touchstone_ri,2.8571160335532,1.0,,,
260519_2dsweep_1p5cell,sim,06_2_TDS-KyhlTune-260519_120.s2p,,S21,f_2pi3,sim,dispersion_mode_1,2.8571160335532,2.85712,3.966446799896772e-06,-52.98498379385652,-110.61451695577125,touchstone_ri,2.8571160335532,1.0,,,
260519_2dsweep_1p5cell,sim,06_2_TDS-KyhlTune-260519_120.s2p,,S22,f_2pi3,sim,dispersion_mode_1,2.8571160335532,2.85712,3.966446799896772e-06,-2.575426192861308e-05,7.485339226887855,touchstone_ri,2.8571160335532,1.0,,,
260519_2dsweep_1p5cell,sim,06_2_TDS-KyhlTune-260519_121.s2p,,S11,f_2pi3,sim,dispersion_mode_1,2.8571160335532,2.85712,3.966446799896772e-06,-0.0003658325137835633,-49.837613769639105,touchstone_ri,2.8571160335532,1.0,,,
260519_2dsweep_1p5cell,sim,06_2_TDS-KyhlTune-260519_121.s2p,,S12,f_2pi3,sim,dispersion_mode_1,2.8571160335532,2.85712,3.966446799896772e-06,-53.15418793754371,-111.65728612360196,touchstone_ri,2.8571160335532,1.0,,,
260519_2dsweep_1p5cell,sim,06_2_TDS-KyhlTune-260519_121.s2p,,S21,f_2pi3,sim,dispersion_mode_1,2.8571160335532,2.85712,3.966446799896772e-06,-53.162045965573256,-111.63522677469159,touchstone_ri,2.8571160335532,1.0,,,
260519_2dsweep_1p5cell,sim,06_2_TDS-KyhlTune-260519_121.s2p,,S22,f_2pi3,sim,dispersion_mode_1,2.8571160335532,2.85712,3.966446799896772e-06,-4.830950658185171e-05,6.507202682413873,touchstone_ri,2.8571160335532,1.0,,,
260519_2dsweep_1p5cell,sim,06_2_TDS-KyhlTune-260519_122.s2p,,S11,f_2pi3,sim,dispersion_mode_1,2.8571160335532,2.85712,3.966446799896772e-06,-2.8682469929365665e-05,-51.32523641004561,touchstone_ri,2.8571160335532,1.0,,,
260519_2dsweep_1p5cell,sim,06_2_TDS-KyhlTune-260519_122.s2p,,S12,f_2pi3,sim,dispersion_mode_1,2.8571160335532,2.85712,3.966446799896772e-06,-52.95424219358867,-112.81421396482506,touchstone_ri,2.8571160335532,1.0,,,
260519_2dsweep_1p5cell,sim,06_2_TDS-KyhlTune-260519_122.s2p,,S21,f_2pi3,sim,dispersion_mode_1,2.8571160335532,2.85712,3.966446799896772e-06,-52.87612191394774,-112.88989001283832,touchstone_ri,2.8571160335532,1.0,,,
260519_2dsweep_1p5cell,sim,06_2_TDS-KyhlTune-260519_122.s2p,,S22,f_2pi3,sim,dispersion_mode_1,2.8571160335532,2.85712,3.966446799896772e-06,-2.238005756540207e-05,5.623067428965371,touchstone_ri,2.8571160335532,1.0,,,
260519_2dsweep_1p5cell,sim,06_2_TDS-KyhlTune-260519_123.s2p,,S11,f_2pi3,sim,dispersion_mode_1,2.8571160335532,2.85712,3.966446799896772e-06,-0.00011864759320209716,-42.37225446878166,touchstone_ri,2.8571160335532,1.0,,,
260519_2dsweep_1p5cell,sim,06_2_TDS-KyhlTune-260519_123.s2p,,S12,f_2pi3,sim,dispersion_mode_1,2.8571160335532,2.85712,3.966446799896772e-06,-51.83720293789018,-102.12554456215692,touchstone_ri,2.8571160335532,1.0,,,
260519_2dsweep_1p5cell,sim,06_2_TDS-KyhlTune-260519_123.s2p,,S21,f_2pi3,sim,dispersion_mode_1,2.8571160335532,2.85712,3.966446799896772e-06,-51.74862984963156,-102.08706638808512,touchstone_ri,2.8571160335532,1.0,,,
260519_2dsweep_1p5cell,sim,06_2_TDS-KyhlTune-260519_123.s2p,,S22,f_2pi3,sim,dispersion_mode_1,2.8571160335532,2.85712,3.966446799896772e-06,-3.0462215854388814e-05,18.260897255070503,touchstone_ri,2.8571160335532,1.0,,,
260519_2dsweep_1p5cell,sim,06_2_TDS-KyhlTune-260519_124.s2p,,S11,f_2pi3,sim,dispersion_mode_1,2.8571160335532,2.85712,3.966446799896772e-06,6.691053603931941e-05,-43.495161642695585,touchstone_ri,2.8571160335532,1.0,,,
260519_2dsweep_1p5cell,sim,06_2_TDS-KyhlTune-260519_124.s2p,,S12,f_2pi3,sim,dispersion_mode_1,2.8571160335532,2.85712,3.966446799896772e-06,-51.870660619472034,-103.90288038083949,touchstone_ri,2.8571160335532,1.0,,,
260519_2dsweep_1p5cell,sim,06_2_TDS-KyhlTune-260519_124.s2p,,S21,f_2pi3,sim,dispersion_mode_1,2.8571160335532,2.85712,3.966446799896772e-06,-51.77133749587899,-103.78716249508035,touchstone_ri,2.8571160335532,1.0,,,
260519_2dsweep_1p5cell,sim,06_2_TDS-KyhlTune-260519_124.s2p,,S22,f_2pi3,sim,dispersion_mode_1,2.8571160335532,2.85712,3.966446799896772e-06,-3.654700619295366e-05,15.932191169686625,touchstone_ri,2.8571160335532,1.0,,,
260519_2dsweep_1p5cell,sim,06_2_TDS-KyhlTune-260519_125.s2p,,S11,f_2pi3,sim,dispersion_mode_1,2.8571160335532,2.85712,3.966446799896772e-06,0.00010284930024103244,-45.33202086785904,touchstone_ri,2.8571160335532,1.0,,,
260519_2dsweep_1p5cell,sim,06_2_TDS-KyhlTune-260519_125.s2p,,S12,f_2pi3,sim,dispersion_mode_1,2.8571160335532,2.85712,3.966446799896772e-06,-52.465190529698916,-107.1100046100899,touchstone_ri,2.8571160335532,1.0,,,
260519_2dsweep_1p5cell,sim,06_2_TDS-KyhlTune-260519_125.s2p,,S21,f_2pi3,sim,dispersion_mode_1,2.8571160335532,2.85712,3.966446799896772e-06,-52.40925645284417,-107.07678687786989,touchstone_ri,2.8571160335532,1.0,,,
260519_2dsweep_1p5cell,sim,06_2_TDS-KyhlTune-260519_125.s2p,,S22,f_2pi3,sim,dispersion_mode_1,2.8571160335532,2.85712,3.966446799896772e-06,-3.580414290390543e-05,11.172021302673595,touchstone_ri,2.8571160335532,1.0,,,
260519_2dsweep_1p5cell,sim,06_2_TDS-KyhlTune-260519_126.s2p,,S11,f_2pi3,sim,dispersion_mode_1,2.8571160335532,2.85712,3.966446799896772e-06,7.305260406830114e-05,-44.63822436819844,touchstone_ri,2.8571160335532,1.0,,,
260519_2dsweep_1p5cell,sim,06_2_TDS-KyhlTune-260519_126.s2p,,S12,f_2pi3,sim,dispersion_mode_1,2.8571160335532,2.85712,3.966446799896772e-06,-52.079285799761934,-105.71353932042254,touchstone_ri,2.8571160335532,1.0,,,
260519_2dsweep_1p5cell,sim,06_2_TDS-KyhlTune-260519_126.s2p,,S21,f_2pi3,sim,dispersion_mode_1,2.8571160335532,2.85712,3.966446799896772e-06,-51.98116921644104,-105.35743440418123,touchstone_ri,2.8571160335532,1.0,,,
260519_2dsweep_1p5cell,sim,06_2_TDS-KyhlTune-260519_126.s2p,,S22,f_2pi3,sim,dispersion_mode_1,2.8571160335532,2.85712,3.966446799896772e-06,-2.8673989120567015e-05,13.92291509368576,touchstone_ri,2.8571160335532,1.0,,,
260519_2dsweep_1p5cell,sim,06_2_TDS-KyhlTune-260519_127.s2p,,S11,f_2pi3,sim,dispersion_mode_1,2.8571160335532,2.85712,3.966446799896772e-06,-0.00027517283578633837,-45.58011413344916,touchstone_ri,2.8571160335532,1.0,,,
260519_2dsweep_1p5cell,sim,06_2_TDS-KyhlTune-260519_127.s2p,,S12,f_2pi3,sim,dispersion_mode_1,2.8571160335532,2.85712,3.966446799896772e-06,-51.29951690043291,-106.52501551334396,touchstone_ri,2.8571160335532,1.0,,,
260519_2dsweep_1p5cell,sim,06_2_TDS-KyhlTune-260519_127.s2p,,S21,f_2pi3,sim,dispersion_mode_1,2.8571160335532,2.85712,3.966446799896772e-06,-51.214075422452055,-106.72153356973246,touchstone_ri,2.8571160335532,1.0,,,
260519_2dsweep_1p5cell,sim,06_2_TDS-KyhlTune-260519_127.s2p,,S22,f_2pi3,sim,dispersion_mode_1,2.8571160335532,2.85712,3.966446799896772e-06,-1.3436928496329208e-05,12.169528304261055,touchstone_ri,2.8571160335532,1.0,,,
260519_2dsweep_1p5cell,sim,06_2_TDS-KyhlTune-260519_128.s2p,,S11,f_2pi3,sim,dispersion_mode_1,2.8571160335532,2.85712,3.966446799896772e-06,0.00013336856395523253,-47.02919901466856,touchstone_ri,2.8571160335532,1.0,,,
260519_2dsweep_1p5cell,sim,06_2_TDS-KyhlTune-260519_128.s2p,,S12,f_2pi3,sim,dispersion_mode_1,2.8571160335532,2.85712,3.966446799896772e-06,-51.58501061681565,-108.26024163251297,touchstone_ri,2.8571160335532,1.0,,,
260519_2dsweep_1p5cell,sim,06_2_TDS-KyhlTune-260519_128.s2p,,S21,f_2pi3,sim,dispersion_mode_1,2.8571160335532,2.85712,3.966446799896772e-06,-51.573657466851856,-108.18715957118894,touchstone_ri,2.8571160335532,1.0,,,
260519_2dsweep_1p5cell,sim,06_2_TDS-KyhlTune-260519_128.s2p,,S22,f_2pi3,sim,dispersion_mode_1,2.8571160335532,2.85712,3.966446799896772e-06,-8.041378831488886e-05,10.646000058068523,touchstone_ri,2.8571160335532,1.0,,,
260519_2dsweep_1p5cell,sim,06_2_TDS-KyhlTune-260519_129.s2p,,S11,f_2pi3,sim,dispersion_mode_1,2.8571160335532,2.85712,3.966446799896772e-06,-0.00010720916789508069,-47.949012159714215,touchstone_ri,2.8571160335532,1.0,,,
260519_2dsweep_1p5cell,sim,06_2_TDS-KyhlTune-260519_129.s2p,,S12,f_2pi3,sim,dispersion_mode_1,2.8571160335532,2.85712,3.966446799896772e-06,-52.25017566134211,-109.34916664753676,touchstone_ri,2.8571160335532,1.0,,,
260519_2dsweep_1p5cell,sim,06_2_TDS-KyhlTune-260519_129.s2p,,S21,f_2pi3,sim,dispersion_mode_1,2.8571160335532,2.85712,3.966446799896772e-06,-52.248972157309844,-109.34142897060565,touchstone_ri,2.8571160335532,1.0,,,
260519_2dsweep_1p5cell,sim,06_2_TDS-KyhlTune-260519_129.s2p,,S22,f_2pi3,sim,dispersion_mode_1,2.8571160335532,2.85712,3.966446799896772e-06,-2.405019473781013e-05,9.269811121020377,touchstone_ri,2.8571160335532,1.0,,,
260519_2dsweep_1p5cell,sim,06_2_TDS-KyhlTune-260519_13.s2p,,S11,f_2pi3,sim,dispersion_mode_1,2.8571160335532,2.85712,3.966446799896772e-06,4.203773310240771e-06,-32.89034913358928,touchstone_ri,2.8571160335532,1.0,,,
260519_2dsweep_1p5cell,sim,06_2_TDS-KyhlTune-260519_13.s2p,,S12,f_2pi3,sim,dispersion_mode_1,2.8571160335532,2.85712,3.966446799896772e-06,-60.084767029876886,-95.16170635191642,touchstone_ri,2.8571160335532,1.0,,,
260519_2dsweep_1p5cell,sim,06_2_TDS-KyhlTune-260519_13.s2p,,S21,f_2pi3,sim,dispersion_mode_1,2.8571160335532,2.85712,3.966446799896772e-06,-60.066834854614356,-95.26583805358977,touchstone_ri,2.8571160335532,1.0,,,
260519_2dsweep_1p5cell,sim,06_2_TDS-KyhlTune-260519_13.s2p,,S22,f_2pi3,sim,dispersion_mode_1,2.8571160335532,2.85712,3.966446799896772e-06,-4.0081536889093735e-06,22.465710669400355,touchstone_ri,2.8571160335532,1.0,,,
260519_2dsweep_1p5cell,sim,06_2_TDS-KyhlTune-260519_130.s2p,,S11,f_2pi3,sim,dispersion_mode_1,2.8571160335532,2.85712,3.966446799896772e-06,-0.000522053476005249,-49.320722989828205,touchstone_ri,2.8571160335532,1.0,,,
260519_2dsweep_1p5cell,sim,06_2_TDS-KyhlTune-260519_130.s2p,,S12,f_2pi3,sim,dispersion_mode_1,2.8571160335532,2.85712,3.966446799896772e-06,-51.94877886597852,-110.38850568487605,touchstone_ri,2.8571160335532,1.0,,,
260519_2dsweep_1p5cell,sim,06_2_TDS-KyhlTune-260519_130.s2p,,S21,f_2pi3,sim,dispersion_mode_1,2.8571160335532,2.85712,3.966446799896772e-06,-51.87745188886623,-110.64486317592261,touchstone_ri,2.8571160335532,1.0,,,
260519_2dsweep_1p5cell,sim,06_2_TDS-KyhlTune-260519_130.s2p,,S22,f_2pi3,sim,dispersion_mode_1,2.8571160335532,2.85712,3.966446799896772e-06,-1.6559730907468313e-05,8.081292366882433,touchstone_ri,2.8571160335532,1.0,,,
260519_2dsweep_1p5cell,sim,06_2_TDS-KyhlTune-260519_131.s2p,,S11,f_2pi3,sim,dispersion_mode_1,2.8571160335532,2.85712,3.966446799896772e-06,0.0001628651328202892,-50.719540872863256,touchstone_ri,2.8571160335532,1.0,,,
260519_2dsweep_1p5cell,sim,06_2_TDS-KyhlTune-260519_131.s2p,,S12,f_2pi3,sim,dispersion_mode_1,2.8571160335532,2.85712,3.966446799896772e-06,-52.51789738950543,-112.3324372156388,touchstone_ri,2.8571160335532,1.0,,,
260519_2dsweep_1p5cell,sim,06_2_TDS-KyhlTune-260519_131.s2p,,S21,f_2pi3,sim,dispersion_mode_1,2.8571160335532,2.85712,3.966446799896772e-06,-52.4587349886417,-111.9509864730308,touchstone_ri,2.8571160335532,1.0,,,
260519_2dsweep_1p5cell,sim,06_2_TDS-KyhlTune-260519_131.s2p,,S22,f_2pi3,sim,dispersion_mode_1,2.8571160335532,2.85712,3.966446799896772e-06,-1.3224078285662799e-05,6.9848335745838455,touchstone_ri,2.8571160335532,1.0,,,
260519_2dsweep_1p5cell,sim,06_2_TDS-KyhlTune-260519_132.s2p,,S11,f_2pi3,sim,dispersion_mode_1,2.8571160335532,2.85712,3.966446799896772e-06,-0.0005606120382189827,-52.1339009143942,touchstone_ri,2.8571160335532,1.0,,,
260519_2dsweep_1p5cell,sim,06_2_TDS-KyhlTune-260519_132.s2p,,S12,f_2pi3,sim,dispersion_mode_1,2.8571160335532,2.85712,3.966446799896772e-06,-52.554450830872,-113.16843196432774,touchstone_ri,2.8571160335532,1.0,,,
260519_2dsweep_1p5cell,sim,06_2_TDS-KyhlTune-260519_132.s2p,,S21,f_2pi3,sim,dispersion_mode_1,2.8571160335532,2.85712,3.966446799896772e-06,-52.45047793645707,-113.08684113459266,touchstone_ri,2.8571160335532,1.0,,,
260519_2dsweep_1p5cell,sim,06_2_TDS-KyhlTune-260519_132.s2p,,S22,f_2pi3,sim,dispersion_mode_1,2.8571160335532,2.85712,3.966446799896772e-06,-1.8021632841130372e-05,5.996902734440881,touchstone_ri,2.8571160335532,1.0,,,
260519_2dsweep_1p5cell,sim,06_2_TDS-KyhlTune-260519_133.s2p,,S11,f_2pi3,sim,dispersion_mode_1,2.8571160335532,2.85712,3.966446799896772e-06,-7.028960545332522e-05,-53.90494797327203,touchstone_ri,2.8571160335532,1.0,,,
260519_2dsweep_1p5cell,sim,06_2_TDS-KyhlTune-260519_133.s2p,,S12,f_2pi3,sim,dispersion_mode_1,2.8571160335532,2.85712,3.966446799896772e-06,-52.05300305681254,-114.24303382344522,touchstone_ri,2.8571160335532,1.0,,,
260519_2dsweep_1p5cell,sim,06_2_TDS-KyhlTune-260519_133.s2p,,S21,f_2pi3,sim,dispersion_mode_1,2.8571160335532,2.85712,3.966446799896772e-06,-51.97906262802832,-114.38725743754715,touchstone_ri,2.8571160335532,1.0,,,
260519_2dsweep_1p5cell,sim,06_2_TDS-KyhlTune-260519_133.s2p,,S22,f_2pi3,sim,dispersion_mode_1,2.8571160335532,2.85712,3.966446799896772e-06,-2.0690642016696466e-05,5.12027360934789,touchstone_ri,2.8571160335532,1.0,,,
260519_2dsweep_1p5cell,sim,06_2_TDS-KyhlTune-260519_134.s2p,,S11,f_2pi3,sim,dispersion_mode_1,2.8571160335532,2.85712,3.966446799896772e-06,-9.909767330961427e-05,-55.28712736834227,touchstone_ri,2.8571160335532,1.0,,,
260519_2dsweep_1p5cell,sim,06_2_TDS-KyhlTune-260519_134.s2p,,S12,f_2pi3,sim,dispersion_mode_1,2.8571160335532,2.85712,3.966446799896772e-06,-51.288909186998346,-115.36630020297154,touchstone_ri,2.8571160335532,1.0,,,
260519_2dsweep_1p5cell,sim,06_2_TDS-KyhlTune-260519_134.s2p,,S21,f_2pi3,sim,dispersion_mode_1,2.8571160335532,2.85712,3.966446799896772e-06,-51.216218619517136,-115.52001005556527,touchstone_ri,2.8571160335532,1.0,,,
260519_2dsweep_1p5cell,sim,06_2_TDS-KyhlTune-260519_134.s2p,,S22,f_2pi3,sim,dispersion_mode_1,2.8571160335532,2.85712,3.966446799896772e-06,-2.4655040482872876e-05,4.304186343534751,touchstone_ri,2.8571160335532,1.0,,,
260519_2dsweep_1p5cell,sim,06_2_TDS-KyhlTune-260519_135.s2p,,S11,f_2pi3,sim,dispersion_mode_1,2.8571160335532,2.85712,3.966446799896772e-06,-0.0010693072524195033,-44.64349690037806,touchstone_ri,2.8571160335532,1.0,,,
260519_2dsweep_1p5cell,sim,06_2_TDS-KyhlTune-260519_135.s2p,,S12,f_2pi3,sim,dispersion_mode_1,2.8571160335532,2.85712,3.966446799896772e-06,-51.658434465029885,-104.57663747805363,touchstone_ri,2.8571160335532,1.0,,,
260519_2dsweep_1p5cell,sim,06_2_TDS-KyhlTune-260519_135.s2p,,S21,f_2pi3,sim,dispersion_mode_1,2.8571160335532,2.85712,3.966446799896772e-06,-51.52431831309667,-104.75910159620939,touchstone_ri,2.8571160335532,1.0,,,
260519_2dsweep_1p5cell,sim,06_2_TDS-KyhlTune-260519_135.s2p,,S22,f_2pi3,sim,dispersion_mode_1,2.8571160335532,2.85712,3.966446799896772e-06,-1.283528830882838e-05,15.174963015184137,touchstone_ri,2.8571160335532,1.0,,,
260519_2dsweep_1p5cell,sim,06_2_TDS-KyhlTune-260519_136.s2p,,S11,f_2pi3,sim,dispersion_mode_1,2.8571160335532,2.85712,3.966446799896772e-06,0.00011993541438680929,-45.86794821126708,touchstone_ri,2.8571160335532,1.0,,,
260519_2dsweep_1p5cell,sim,06_2_TDS-KyhlTune-260519_136.s2p,,S12,f_2pi3,sim,dispersion_mode_1,2.8571160335532,2.85712,3.966446799896772e-06,-50.759848367442714,-106.43392608334106,touchstone_ri,2.8571160335532,1.0,,,
260519_2dsweep_1p5cell,sim,06_2_TDS-KyhlTune-260519_136.s2p,,S21,f_2pi3,sim,dispersion_mode_1,2.8571160335532,2.85712,3.966446799896772e-06,-50.69853525014332,-106.4162124596329,touchstone_ri,2.8571160335532,1.0,,,
260519_2dsweep_1p5cell,sim,06_2_TDS-KyhlTune-260519_136.s2p,,S22,f_2pi3,sim,dispersion_mode_1,2.8571160335532,2.85712,3.966446799896772e-06,-3.846311334302137e-05,13.226218505595957,touchstone_ri,2.8571160335532,1.0,,,
260519_2dsweep_1p5cell,sim,06_2_TDS-KyhlTune-260519_137.s2p,,S11,f_2pi3,sim,dispersion_mode_1,2.8571160335532,2.85712,3.966446799896772e-06,0.00013691004596004349,-47.05795791723021,touchstone_ri,2.8571160335532,1.0,,,
260519_2dsweep_1p5cell,sim,06_2_TDS-KyhlTune-260519_137.s2p,,S12,f_2pi3,sim,dispersion_mode_1,2.8571160335532,2.85712,3.966446799896772e-06,-51.09516508512173,-107.7929997861424,touchstone_ri,2.8571160335532,1.0,,,
260519_2dsweep_1p5cell,sim,06_2_TDS-KyhlTune-260519_137.s2p,,S21,f_2pi3,sim,dispersion_mode_1,2.8571160335532,2.85712,3.966446799896772e-06,-50.94950413824341,-107.76470068871532,touchstone_ri,2.8571160335532,1.0,,,
260519_2dsweep_1p5cell,sim,06_2_TDS-KyhlTune-260519_137.s2p,,S22,f_2pi3,sim,dispersion_mode_1,2.8571160335532,2.85712,3.966446799896772e-06,-1.551895717080421e-05,11.504833951390195,touchstone_ri,2.8571160335532,1.0,,,
260519_2dsweep_1p5cell,sim,06_2_TDS-KyhlTune-260519_138.s2p,,S11,f_2pi3,sim,dispersion_mode_1,2.8571160335532,2.85712,3.966446799896772e-06,-0.0003488344455392754,-48.53637378957923,touchstone_ri,2.8571160335532,1.0,,,
260519_2dsweep_1p5cell,sim,06_2_TDS-KyhlTune-260519_138.s2p,,S12,f_2pi3,sim,dispersion_mode_1,2.8571160335532,2.85712,3.966446799896772e-06,-51.47756568814917,-109.44786944820034,touchstone_ri,2.8571160335532,1.0,,,
260519_2dsweep_1p5cell,sim,06_2_TDS-KyhlTune-260519_138.s2p,,S21,f_2pi3,sim,dispersion_mode_1,2.8571160335532,2.85712,3.966446799896772e-06,-51.43235428941871,-109.28798709022166,touchstone_ri,2.8571160335532,1.0,,,
260519_2dsweep_1p5cell,sim,06_2_TDS-KyhlTune-260519_138.s2p,,S22,f_2pi3,sim,dispersion_mode_1,2.8571160335532,2.85712,3.966446799896772e-06,-2.919666476816986e-05,9.974659298837134,touchstone_ri,2.8571160335532,1.0,,,
260519_2dsweep_1p5cell,sim,06_2_TDS-KyhlTune-260519_139.s2p,,S11,f_2pi3,sim,dispersion_mode_1,2.8571160335532,2.85712,3.966446799896772e-06,-0.000425598908566635,-49.92735354626892,touchstone_ri,2.8571160335532,1.0,,,
260519_2dsweep_1p5cell,sim,06_2_TDS-KyhlTune-260519_139.s2p,,S12,f_2pi3,sim,dispersion_mode_1,2.8571160335532,2.85712,3.966446799896772e-06,-51.57011589423241,-110.68584177902417,touchstone_ri,2.8571160335532,1.0,,,
260519_2dsweep_1p5cell,sim,06_2_TDS-KyhlTune-260519_139.s2p,,S21,f_2pi3,sim,dispersion_mode_1,2.8571160335532,2.85712,3.966446799896772e-06,-51.49271166963782,-110.62742887652628,touchstone_ri,2.8571160335532,1.0,,,
260519_2dsweep_1p5cell,sim,06_2_TDS-KyhlTune-260519_139.s2p,,S22,f_2pi3,sim,dispersion_mode_1,2.8571160335532,2.85712,3.966446799896772e-06,-3.221690984380318e-05,8.660785775932258,touchstone_ri,2.8571160335532,1.0,,,
260519_2dsweep_1p5cell,sim,06_2_TDS-KyhlTune-260519_14.s2p,,S11,f_2pi3,sim,dispersion_mode_1,2.8571160335532,2.85712,3.966446799896772e-06,-0.0002406073141525059,-30.732633607600203,touchstone_ri,2.8571160335532,1.0,,,
260519_2dsweep_1p5cell,sim,06_2_TDS-KyhlTune-260519_14.s2p,,S12,f_2pi3,sim,dispersion_mode_1,2.8571160335532,2.85712,3.966446799896772e-06,-54.53977002078723,-63.97868429051592,touchstone_ri,2.8571160335532,1.0,,,
260519_2dsweep_1p5cell,sim,06_2_TDS-KyhlTune-260519_14.s2p,,S21,f_2pi3,sim,dispersion_mode_1,2.8571160335532,2.85712,3.966446799896772e-06,-54.38799077846973,-63.40698769910005,touchstone_ri,2.8571160335532,1.0,,,
260519_2dsweep_1p5cell,sim,06_2_TDS-KyhlTune-260519_14.s2p,,S22,f_2pi3,sim,dispersion_mode_1,2.8571160335532,2.85712,3.966446799896772e-06,-0.0002565587239596525,82.73766058148867,touchstone_ri,2.8571160335532,1.0,,,
260519_2dsweep_1p5cell,sim,06_2_TDS-KyhlTune-260519_140.s2p,,S11,f_2pi3,sim,dispersion_mode_1,2.8571160335532,2.85712,3.966446799896772e-06,-0.00012918064992188132,-51.65580183454704,touchstone_ri,2.8571160335532,1.0,,,
260519_2dsweep_1p5cell,sim,06_2_TDS-KyhlTune-260519_140.s2p,,S12,f_2pi3,sim,dispersion_mode_1,2.8571160335532,2.85712,3.966446799896772e-06,-51.79767291544259,-112.13039503536714,touchstone_ri,2.8571160335532,1.0,,,
260519_2dsweep_1p5cell,sim,06_2_TDS-KyhlTune-260519_140.s2p,,S21,f_2pi3,sim,dispersion_mode_1,2.8571160335532,2.85712,3.966446799896772e-06,-51.717183546730226,-112.11519678824011,touchstone_ri,2.8571160335532,1.0,,,
260519_2dsweep_1p5cell,sim,06_2_TDS-KyhlTune-260519_140.s2p,,S22,f_2pi3,sim,dispersion_mode_1,2.8571160335532,2.85712,3.966446799896772e-06,-3.5822322611410944e-05,7.443960477023018,touchstone_ri,2.8571160335532,1.0,,,
260519_2dsweep_1p5cell,sim,06_2_TDS-KyhlTune-260519_141.s2p,,S11,f_2pi3,sim,dispersion_mode_1,2.8571160335532,2.85712,3.966446799896772e-06,-0.0007727830688881183,-53.076228577048624,touchstone_ri,2.8571160335532,1.0,,,
260519_2dsweep_1p5cell,sim,06_2_TDS-KyhlTune-260519_141.s2p,,S12,f_2pi3,sim,dispersion_mode_1,2.8571160335532,2.85712,3.966446799896772e-06,-51.221562305106204,-113.51629630509568,touchstone_ri,2.8571160335532,1.0,,,
260519_2dsweep_1p5cell,sim,06_2_TDS-KyhlTune-260519_141.s2p,,S21,f_2pi3,sim,dispersion_mode_1,2.8571160335532,2.85712,3.966446799896772e-06,-51.09211276419601,-113.3902721242367,touchstone_ri,2.8571160335532,1.0,,,
260519_2dsweep_1p5cell,sim,06_2_TDS-KyhlTune-260519_141.s2p,,S22,f_2pi3,sim,dispersion_mode_1,2.8571160335532,2.85712,3.966446799896772e-06,-1.8819456330145553e-05,6.397287520133408,touchstone_ri,2.8571160335532,1.0,,,
260519_2dsweep_1p5cell,sim,06_2_TDS-KyhlTune-260519_142.s2p,,S11,f_2pi3,sim,dispersion_mode_1,2.8571160335532,2.85712,3.966446799896772e-06,-1.1319838092219455e-05,-54.60249945410012,touchstone_ri,2.8571160335532,1.0,,,
260519_2dsweep_1p5cell,sim,06_2_TDS-KyhlTune-260519_142.s2p,,S12,f_2pi3,sim,dispersion_mode_1,2.8571160335532,2.85712,3.966446799896772e-06,-51.78132911082206,-114.44529760751257,touchstone_ri,2.8571160335532,1.0,,,
260519_2dsweep_1p5cell,sim,06_2_TDS-KyhlTune-260519_142.s2p,,S21,f_2pi3,sim,dispersion_mode_1,2.8571160335532,2.85712,3.966446799896772e-06,-51.670325615902364,-114.60570917714048,touchstone_ri,2.8571160335532,1.0,,,
260519_2dsweep_1p5cell,sim,06_2_TDS-KyhlTune-260519_142.s2p,,S22,f_2pi3,sim,dispersion_mode_1,2.8571160335532,2.85712,3.966446799896772e-06,-2.2602490302464276e-05,5.463494629474711,touchstone_ri,2.8571160335532,1.0,,,
260519_2dsweep_1p5cell,sim,06_2_TDS-KyhlTune-260519_143.s2p,,S11,f_2pi3,sim,dispersion_mode_1,2.8571160335532,2.85712,3.966446799896772e-06,-0.00013555983827571823,-56.664992027423786,touchstone_ri,2.8571160335532,1.0,,,
260519_2dsweep_1p5cell,sim,06_2_TDS-KyhlTune-260519_143.s2p,,S12,f_2pi3,sim,dispersion_mode_1,2.8571160335532,2.85712,3.966446799896772e-06,-50.89994841018046,-115.85279981822252,touchstone_ri,2.8571160335532,1.0,,,
260519_2dsweep_1p5cell,sim,06_2_TDS-KyhlTune-260519_143.s2p,,S21,f_2pi3,sim,dispersion_mode_1,2.8571160335532,2.85712,3.966446799896772e-06,-50.83945740939459,-115.98340302861594,touchstone_ri,2.8571160335532,1.0,,,
260519_2dsweep_1p5cell,sim,06_2_TDS-KyhlTune-260519_143.s2p,,S22,f_2pi3,sim,dispersion_mode_1,2.8571160335532,2.85712,3.966446799896772e-06,-2.9693859729063614e-05,4.57528101020033,touchstone_ri,2.8571160335532,1.0,,,
260519_2dsweep_1p5cell,sim,06_2_TDS-KyhlTune-260519_144.s2p,,S11,f_2pi3,sim,dispersion_mode_1,2.8571160335532,2.85712,3.966446799896772e-06,0.00018096917969306122,-58.84727779292319,touchstone_ri,2.8571160335532,1.0,,,
260519_2dsweep_1p5cell,sim,06_2_TDS-KyhlTune-260519_144.s2p,,S12,f_2pi3,sim,dispersion_mode_1,2.8571160335532,2.85712,3.966446799896772e-06,-50.59114131469578,-117.49075336394348,touchstone_ri,2.8571160335532,1.0,,,
260519_2dsweep_1p5cell,sim,06_2_TDS-KyhlTune-260519_144.s2p,,S21,f_2pi3,sim,dispersion_mode_1,2.8571160335532,2.85712,3.966446799896772e-06,-50.477445525690676,-117.40484098872984,touchstone_ri,2.8571160335532,1.0,,,
260519_2dsweep_1p5cell,sim,06_2_TDS-KyhlTune-260519_144.s2p,,S22,f_2pi3,sim,dispersion_mode_1,2.8571160335532,2.85712,3.966446799896772e-06,-2.4080599975461033e-05,3.7917919305385523,touchstone_ri,2.8571160335532,1.0,,,
260519_2dsweep_1p5cell,sim,06_2_TDS-KyhlTune-260519_145.s2p,,S11,f_2pi3,sim,dispersion_mode_1,2.8571160335532,2.85712,3.966446799896772e-06,-0.000612745238979477,-60.7938323684017,touchstone_ri,2.8571160335532,1.0,,,
260519_2dsweep_1p5cell,sim,06_2_TDS-KyhlTune-260519_145.s2p,,S12,f_2pi3,sim,dispersion_mode_1,2.8571160335532,2.85712,3.966446799896772e-06,-50.536465783167145,-119.00454440077738,touchstone_ri,2.8571160335532,1.0,,,
260519_2dsweep_1p5cell,sim,06_2_TDS-KyhlTune-260519_145.s2p,,S21,f_2pi3,sim,dispersion_mode_1,2.8571160335532,2.85712,3.966446799896772e-06,-50.52562662686847,-119.20993747406396,touchstone_ri,2.8571160335532,1.0,,,
260519_2dsweep_1p5cell,sim,06_2_TDS-KyhlTune-260519_145.s2p,,S22,f_2pi3,sim,dispersion_mode_1,2.8571160335532,2.85712,3.966446799896772e-06,-4.207703606172648e-05,3.0694294191362865,touchstone_ri,2.8571160335532,1.0,,,
260519_2dsweep_1p5cell,sim,06_2_TDS-KyhlTune-260519_146.s2p,,S11,f_2pi3,sim,dispersion_mode_1,2.8571160335532,2.85712,3.966446799896772e-06,2.374735139182792e-05,-47.341777007198765,touchstone_ri,2.8571160335532,1.0,,,
260519_2dsweep_1p5cell,sim,06_2_TDS-KyhlTune-260519_146.s2p,,S12,f_2pi3,sim,dispersion_mode_1,2.8571160335532,2.85712,3.966446799896772e-06,-51.43404825920838,-107.22334234385049,touchstone_ri,2.8571160335532,1.0,,,
260519_2dsweep_1p5cell,sim,06_2_TDS-KyhlTune-260519_146.s2p,,S21,f_2pi3,sim,dispersion_mode_1,2.8571160335532,2.85712,3.966446799896772e-06,-51.23641453888631,-107.42972306718792,touchstone_ri,2.8571160335532,1.0,,,
260519_2dsweep_1p5cell,sim,06_2_TDS-KyhlTune-260519_146.s2p,,S22,f_2pi3,sim,dispersion_mode_1,2.8571160335532,2.85712,3.966446799896772e-06,-1.4243671412156321e-05,12.373124004182058,touchstone_ri,2.8571160335532,1.0,,,
260519_2dsweep_1p5cell,sim,06_2_TDS-KyhlTune-260519_147.s2p,,S11,f_2pi3,sim,dispersion_mode_1,2.8571160335532,2.85712,3.966446799896772e-06,7.60444472637464e-05,-48.988562703535386,touchstone_ri,2.8571160335532,1.0,,,
260519_2dsweep_1p5cell,sim,06_2_TDS-KyhlTune-260519_147.s2p,,S12,f_2pi3,sim,dispersion_mode_1,2.8571160335532,2.85712,3.966446799896772e-06,-50.759238177302066,-109.07545612891457,touchstone_ri,2.8571160335532,1.0,,,
260519_2dsweep_1p5cell,sim,06_2_TDS-KyhlTune-260519_147.s2p,,S21,f_2pi3,sim,dispersion_mode_1,2.8571160335532,2.85712,3.966446799896772e-06,-50.634632595112514,-109.14695211366958,touchstone_ri,2.8571160335532,1.0,,,
260519_2dsweep_1p5cell,sim,06_2_TDS-KyhlTune-260519_147.s2p,,S22,f_2pi3,sim,dispersion_mode_1,2.8571160335532,2.85712,3.966446799896772e-06,-1.802505296480718e-05,10.687475320866676,touchstone_ri,2.8571160335532,1.0,,,
260519_2dsweep_1p5cell,sim,06_2_TDS-KyhlTune-260519_148.s2p,,S11,f_2pi3,sim,dispersion_mode_1,2.8571160335532,2.85712,3.966446799896772e-06,-0.0005000050064160958,-50.48670499049827,touchstone_ri,2.8571160335532,1.0,,,
260519_2dsweep_1p5cell,sim,06_2_TDS-KyhlTune-260519_148.s2p,,S12,f_2pi3,sim,dispersion_mode_1,2.8571160335532,2.85712,3.966446799896772e-06,-50.329800303905856,-110.75088894340337,touchstone_ri,2.8571160335532,1.0,,,
260519_2dsweep_1p5cell,sim,06_2_TDS-KyhlTune-260519_148.s2p,,S21,f_2pi3,sim,dispersion_mode_1,2.8571160335532,2.85712,3.966446799896772e-06,-50.12561519256571,-110.68525879201599,touchstone_ri,2.8571160335532,1.0,,,
260519_2dsweep_1p5cell,sim,06_2_TDS-KyhlTune-260519_148.s2p,,S22,f_2pi3,sim,dispersion_mode_1,2.8571160335532,2.85712,3.966446799896772e-06,-3.97923943556903e-05,9.192501647072516,touchstone_ri,2.8571160335532,1.0,,,
260519_2dsweep_1p5cell,sim,06_2_TDS-KyhlTune-260519_149.s2p,,S11,f_2pi3,sim,dispersion_mode_1,2.8571160335532,2.85712,3.966446799896772e-06,0.00022797215615284543,-52.147040488458806,touchstone_ri,2.8571160335532,1.0,,,
260519_2dsweep_1p5cell,sim,06_2_TDS-KyhlTune-260519_149.s2p,,S12,f_2pi3,sim,dispersion_mode_1,2.8571160335532,2.85712,3.966446799896772e-06,-50.59623179999532,-111.78135919016184,touchstone_ri,2.8571160335532,1.0,,,
260519_2dsweep_1p5cell,sim,06_2_TDS-KyhlTune-260519_149.s2p,,S21,f_2pi3,sim,dispersion_mode_1,2.8571160335532,2.85712,3.966446799896772e-06,-50.489106537370446,-112.09087926188344,touchstone_ri,2.8571160335532,1.0,,,
260519_2dsweep_1p5cell,sim,06_2_TDS-KyhlTune-260519_149.s2p,,S22,f_2pi3,sim,dispersion_mode_1,2.8571160335532,2.85712,3.966446799896772e-06,-2.041229695048288e-05,7.938902813506382,touchstone_ri,2.8571160335532,1.0,,,
260519_2dsweep_1p5cell,sim,06_2_TDS-KyhlTune-260519_15.s2p,,S11,f_2pi3,sim,dispersion_mode_1,2.8571160335532,2.85712,3.966446799896772e-06,-9.604567280065595e-06,-31.00370316098357,touchstone_ri,2.8571160335532,1.0,,,
260519_2dsweep_1p5cell,sim,06_2_TDS-KyhlTune-260519_15.s2p,,S12,f_2pi3,sim,dispersion_mode_1,2.8571160335532,2.85712,3.966446799896772e-06,-55.37373995228766,-70.92802075740134,touchstone_ri,2.8571160335532,1.0,,,
260519_2dsweep_1p5cell,sim,06_2_TDS-KyhlTune-260519_15.s2p,,S21,f_2pi3,sim,dispersion_mode_1,2.8571160335532,2.85712,3.966446799896772e-06,-55.05062151267771,-70.6497376871387,touchstone_ri,2.8571160335532,1.0,,,
260519_2dsweep_1p5cell,sim,06_2_TDS-KyhlTune-260519_15.s2p,,S22,f_2pi3,sim,dispersion_mode_1,2.8571160335532,2.85712,3.966446799896772e-06,-0.00014997964551326871,68.81493953188084,touchstone_ri,2.8571160335532,1.0,,,
260519_2dsweep_1p5cell,sim,06_2_TDS-KyhlTune-260519_150.s2p,,S11,f_2pi3,sim,dispersion_mode_1,2.8571160335532,2.85712,3.966446799896772e-06,4.082848900229689e-05,-53.82172723789617,touchstone_ri,2.8571160335532,1.0,,,
260519_2dsweep_1p5cell,sim,06_2_TDS-KyhlTune-260519_150.s2p,,S12,f_2pi3,sim,dispersion_mode_1,2.8571160335532,2.85712,3.966446799896772e-06,-49.657616620710186,-113.3030680066403,touchstone_ri,2.8571160335532,1.0,,,
260519_2dsweep_1p5cell,sim,06_2_TDS-KyhlTune-260519_150.s2p,,S21,f_2pi3,sim,dispersion_mode_1,2.8571160335532,2.85712,3.966446799896772e-06,-49.54140133986873,-113.53657976601791,touchstone_ri,2.8571160335532,1.0,,,
260519_2dsweep_1p5cell,sim,06_2_TDS-KyhlTune-260519_150.s2p,,S22,f_2pi3,sim,dispersion_mode_1,2.8571160335532,2.85712,3.966446799896772e-06,-2.8241427993280417e-05,6.775153159307961,touchstone_ri,2.8571160335532,1.0,,,
260519_2dsweep_1p5cell,sim,06_2_TDS-KyhlTune-260519_151.s2p,,S11,f_2pi3,sim,dispersion_mode_1,2.8571160335532,2.85712,3.966446799896772e-06,-2.1088217233468686e-05,-55.817803512987645,touchstone_ri,2.8571160335532,1.0,,,
260519_2dsweep_1p5cell,sim,06_2_TDS-KyhlTune-260519_151.s2p,,S12,f_2pi3,sim,dispersion_mode_1,2.8571160335532,2.85712,3.966446799896772e-06,-50.235065964239254,-114.93704678460152,touchstone_ri,2.8571160335532,1.0,,,
260519_2dsweep_1p5cell,sim,06_2_TDS-KyhlTune-260519_151.s2p,,S21,f_2pi3,sim,dispersion_mode_1,2.8571160335532,2.85712,3.966446799896772e-06,-50.23479181368437,-115.01838839303458,touchstone_ri,2.8571160335532,1.0,,,
260519_2dsweep_1p5cell,sim,06_2_TDS-KyhlTune-260519_151.s2p,,S22,f_2pi3,sim,dispersion_mode_1,2.8571160335532,2.85712,3.966446799896772e-06,-4.044999860146311e-05,5.760655080762309,touchstone_ri,2.8571160335532,1.0,,,
260519_2dsweep_1p5cell,sim,06_2_TDS-KyhlTune-260519_152.s2p,,S11,f_2pi3,sim,dispersion_mode_1,2.8571160335532,2.85712,3.966446799896772e-06,0.00033467269377280575,-58.146525889971024,touchstone_ri,2.8571160335532,1.0,,,
260519_2dsweep_1p5cell,sim,06_2_TDS-KyhlTune-260519_152.s2p,,S12,f_2pi3,sim,dispersion_mode_1,2.8571160335532,2.85712,3.966446799896772e-06,-50.00951247103515,-116.5496858650501,touchstone_ri,2.8571160335532,1.0,,,
260519_2dsweep_1p5cell,sim,06_2_TDS-KyhlTune-260519_152.s2p,,S21,f_2pi3,sim,dispersion_mode_1,2.8571160335532,2.85712,3.966446799896772e-06,-49.93481340860527,-116.66793229083805,touchstone_ri,2.8571160335532,1.0,,,
260519_2dsweep_1p5cell,sim,06_2_TDS-KyhlTune-260519_152.s2p,,S22,f_2pi3,sim,dispersion_mode_1,2.8571160335532,2.85712,3.966446799896772e-06,-2.7131508759518307e-05,4.819393003746724,touchstone_ri,2.8571160335532,1.0,,,
260519_2dsweep_1p5cell,sim,06_2_TDS-KyhlTune-260519_153.s2p,,S11,f_2pi3,sim,dispersion_mode_1,2.8571160335532,2.85712,3.966446799896772e-06,-0.0007792706876112266,-60.070894055744425,touchstone_ri,2.8571160335532,1.0,,,
260519_2dsweep_1p5cell,sim,06_2_TDS-KyhlTune-260519_153.s2p,,S12,f_2pi3,sim,dispersion_mode_1,2.8571160335532,2.85712,3.966446799896772e-06,-50.560121605590936,-117.74255564541419,touchstone_ri,2.8571160335532,1.0,,,
260519_2dsweep_1p5cell,sim,06_2_TDS-KyhlTune-260519_153.s2p,,S21,f_2pi3,sim,dispersion_mode_1,2.8571160335532,2.85712,3.966446799896772e-06,-50.46769883099276,-118.0554580604283,touchstone_ri,2.8571160335532,1.0,,,
260519_2dsweep_1p5cell,sim,06_2_TDS-KyhlTune-260519_153.s2p,,S22,f_2pi3,sim,dispersion_mode_1,2.8571160335532,2.85712,3.966446799896772e-06,-2.4569175964566602e-05,3.995292029487461,touchstone_ri,2.8571160335532,1.0,,,
260519_2dsweep_1p5cell,sim,06_2_TDS-KyhlTune-260519_154.s2p,,S11,f_2pi3,sim,dispersion_mode_1,2.8571160335532,2.85712,3.966446799896772e-06,-0.0016448476224094637,-62.941429150690844,touchstone_ri,2.8571160335532,1.0,,,
260519_2dsweep_1p5cell,sim,06_2_TDS-KyhlTune-260519_154.s2p,,S12,f_2pi3,sim,dispersion_mode_1,2.8571160335532,2.85712,3.966446799896772e-06,-49.71554233802478,-119.90237268095598,touchstone_ri,2.8571160335532,1.0,,,
260519_2dsweep_1p5cell,sim,06_2_TDS-KyhlTune-260519_154.s2p,,S21,f_2pi3,sim,dispersion_mode_1,2.8571160335532,2.85712,3.966446799896772e-06,-49.63006651992664,-119.8560308239702,touchstone_ri,2.8571160335532,1.0,,,
260519_2dsweep_1p5cell,sim,06_2_TDS-KyhlTune-260519_154.s2p,,S22,f_2pi3,sim,dispersion_mode_1,2.8571160335532,2.85712,3.966446799896772e-06,-3.945935729751776e-05,3.227286351400689,touchstone_ri,2.8571160335532,1.0,,,
260519_2dsweep_1p5cell,sim,06_2_TDS-KyhlTune-260519_155.s2p,,S11,f_2pi3,sim,dispersion_mode_1,2.8571160335532,2.85712,3.966446799896772e-06,-0.00048390325148586966,-65.08065211271627,touchstone_ri,2.8571160335532,1.0,,,
260519_2dsweep_1p5cell,sim,06_2_TDS-KyhlTune-260519_155.s2p,,S12,f_2pi3,sim,dispersion_mode_1,2.8571160335532,2.85712,3.966446799896772e-06,-50.19512199806057,-121.43711473962261,touchstone_ri,2.8571160335532,1.0,,,
260519_2dsweep_1p5cell,sim,06_2_TDS-KyhlTune-260519_155.s2p,,S21,f_2pi3,sim,dispersion_mode_1,2.8571160335532,2.85712,3.966446799896772e-06,-50.084521016092054,-121.28812041190272,touchstone_ri,2.8571160335532,1.0,,,
260519_2dsweep_1p5cell,sim,06_2_TDS-KyhlTune-260519_155.s2p,,S22,f_2pi3,sim,dispersion_mode_1,2.8571160335532,2.85712,3.966446799896772e-06,-5.608835886415445e-05,2.5291996441630107,touchstone_ri,2.8571160335532,1.0,,,
260519_2dsweep_1p5cell,sim,06_2_TDS-KyhlTune-260519_156.s2p,,S11,f_2pi3,sim,dispersion_mode_1,2.8571160335532,2.85712,3.966446799896772e-06,0.00011890045268131457,-67.79930549864727,touchstone_ri,2.8571160335532,1.0,,,
260519_2dsweep_1p5cell,sim,06_2_TDS-KyhlTune-260519_156.s2p,,S12,f_2pi3,sim,dispersion_mode_1,2.8571160335532,2.85712,3.966446799896772e-06,-49.56261974269418,-123.07958715503031,touchstone_ri,2.8571160335532,1.0,,,
260519_2dsweep_1p5cell,sim,06_2_TDS-KyhlTune-260519_156.s2p,,S21,f_2pi3,sim,dispersion_mode_1,2.8571160335532,2.85712,3.966446799896772e-06,-49.51385936098993,-122.90642785758818,touchstone_ri,2.8571160335532,1.0,,,
260519_2dsweep_1p5cell,sim,06_2_TDS-KyhlTune-260519_156.s2p,,S22,f_2pi3,sim,dispersion_mode_1,2.8571160335532,2.85712,3.966446799896772e-06,-4.770554151839537e-05,1.9031023329052241,touchstone_ri,2.8571160335532,1.0,,,
260519_2dsweep_1p5cell,sim,06_2_TDS-KyhlTune-260519_157.s2p,,S11,f_2pi3,sim,dispersion_mode_1,2.8571160335532,2.85712,3.966446799896772e-06,-0.0002370171230477891,-50.67664908872846,touchstone_ri,2.8571160335532,1.0,,,
260519_2dsweep_1p5cell,sim,06_2_TDS-KyhlTune-260519_157.s2p,,S12,f_2pi3,sim,dispersion_mode_1,2.8571160335532,2.85712,3.966446799896772e-06,-50.48957254091545,-110.47599356850763,touchstone_ri,2.8571160335532,1.0,,,
260519_2dsweep_1p5cell,sim,06_2_TDS-KyhlTune-260519_157.s2p,,S21,f_2pi3,sim,dispersion_mode_1,2.8571160335532,2.85712,3.966446799896772e-06,-50.49278823984386,-110.45334488295524,touchstone_ri,2.8571160335532,1.0,,,
260519_2dsweep_1p5cell,sim,06_2_TDS-KyhlTune-260519_157.s2p,,S22,f_2pi3,sim,dispersion_mode_1,2.8571160335532,2.85712,3.966446799896772e-06,-3.7319819395963956e-05,9.772381659548726,touchstone_ri,2.8571160335532,1.0,,,
260519_2dsweep_1p5cell,sim,06_2_TDS-KyhlTune-260519_158.s2p,,S11,f_2pi3,sim,dispersion_mode_1,2.8571160335532,2.85712,3.966446799896772e-06,-0.0010688361915438904,-52.55446313820524,touchstone_ri,2.8571160335532,1.0,,,
260519_2dsweep_1p5cell,sim,06_2_TDS-KyhlTune-260519_158.s2p,,S12,f_2pi3,sim,dispersion_mode_1,2.8571160335532,2.85712,3.966446799896772e-06,-50.495418209120224,-111.97717063736394,touchstone_ri,2.8571160335532,1.0,,,
260519_2dsweep_1p5cell,sim,06_2_TDS-KyhlTune-260519_158.s2p,,S21,f_2pi3,sim,dispersion_mode_1,2.8571160335532,2.85712,3.966446799896772e-06,-50.403237388715326,-112.15398733568183,touchstone_ri,2.8571160335532,1.0,,,
260519_2dsweep_1p5cell,sim,06_2_TDS-KyhlTune-260519_158.s2p,,S22,f_2pi3,sim,dispersion_mode_1,2.8571160335532,2.85712,3.966446799896772e-06,-4.7036954315364256e-05,8.410368832952935,touchstone_ri,2.8571160335532,1.0,,,
260519_2dsweep_1p5cell,sim,06_2_TDS-KyhlTune-260519_159.s2p,,S11,f_2pi3,sim,dispersion_mode_1,2.8571160335532,2.85712,3.966446799896772e-06,0.0002428846747591315,-54.562310398325295,touchstone_ri,2.8571160335532,1.0,,,
260519_2dsweep_1p5cell,sim,06_2_TDS-KyhlTune-260519_159.s2p,,S12,f_2pi3,sim,dispersion_mode_1,2.8571160335532,2.85712,3.966446799896772e-06,-50.822003330765796,-113.18729881557975,touchstone_ri,2.8571160335532,1.0,,,
260519_2dsweep_1p5cell,sim,06_2_TDS-KyhlTune-260519_159.s2p,,S21,f_2pi3,sim,dispersion_mode_1,2.8571160335532,2.85712,3.966446799896772e-06,-50.42282894562288,-113.7770455825032,touchstone_ri,2.8571160335532,1.0,,,
260519_2dsweep_1p5cell,sim,06_2_TDS-KyhlTune-260519_159.s2p,,S22,f_2pi3,sim,dispersion_mode_1,2.8571160335532,2.85712,3.966446799896772e-06,-2.1248419697879326e-05,7.147477472581182,touchstone_ri,2.8571160335532,1.0,,,
260519_2dsweep_1p5cell,sim,06_2_TDS-KyhlTune-260519_16.s2p,,S11,f_2pi3,sim,dispersion_mode_1,2.8571160335532,2.85712,3.966446799896772e-06,-4.9765694368456595e-05,-31.547168620610123,touchstone_ri,2.8571160335532,1.0,,,
260519_2dsweep_1p5cell,sim,06_2_TDS-KyhlTune-260519_16.s2p,,S12,f_2pi3,sim,dispersion_mode_1,2.8571160335532,2.85712,3.966446799896772e-06,-55.6850332794173,-76.97711368277156,touchstone_ri,2.8571160335532,1.0,,,
260519_2dsweep_1p5cell,sim,06_2_TDS-KyhlTune-260519_16.s2p,,S21,f_2pi3,sim,dispersion_mode_1,2.8571160335532,2.85712,3.966446799896772e-06,-55.66953779897173,-76.98824654960524,touchstone_ri,2.8571160335532,1.0,,,
260519_2dsweep_1p5cell,sim,06_2_TDS-KyhlTune-260519_16.s2p,,S22,f_2pi3,sim,dispersion_mode_1,2.8571160335532,2.85712,3.966446799896772e-06,-2.1855450380803324e-05,57.580009596537806,touchstone_ri,2.8571160335532,1.0,,,
260519_2dsweep_1p5cell,sim,06_2_TDS-KyhlTune-260519_160.s2p,,S11,f_2pi3,sim,dispersion_mode_1,2.8571160335532,2.85712,3.966446799896772e-06,-0.0008515371440952215,-56.96570440954515,touchstone_ri,2.8571160335532,1.0,,,
260519_2dsweep_1p5cell,sim,06_2_TDS-KyhlTune-260519_160.s2p,,S12,f_2pi3,sim,dispersion_mode_1,2.8571160335532,2.85712,3.966446799896772e-06,-50.424463953209596,-115.40945389391736,touchstone_ri,2.8571160335532,1.0,,,
260519_2dsweep_1p5cell,sim,06_2_TDS-KyhlTune-260519_160.s2p,,S21,f_2pi3,sim,dispersion_mode_1,2.8571160335532,2.85712,3.966446799896772e-06,-50.16200087940955,-115.08710607741101,touchstone_ri,2.8571160335532,1.0,,,
260519_2dsweep_1p5cell,sim,06_2_TDS-KyhlTune-260519_160.s2p,,S22,f_2pi3,sim,dispersion_mode_1,2.8571160335532,2.85712,3.966446799896772e-06,-3.4248117946002094e-05,6.035777574838644,touchstone_ri,2.8571160335532,1.0,,,
260519_2dsweep_1p5cell,sim,06_2_TDS-KyhlTune-260519_161.s2p,,S11,f_2pi3,sim,dispersion_mode_1,2.8571160335532,2.85712,3.966446799896772e-06,-4.373507500476543e-05,-59.265342237805065,touchstone_ri,2.8571160335532,1.0,,,
260519_2dsweep_1p5cell,sim,06_2_TDS-KyhlTune-260519_161.s2p,,S12,f_2pi3,sim,dispersion_mode_1,2.8571160335532,2.85712,3.966446799896772e-06,-50.64394707506764,-117.10038836295021,touchstone_ri,2.8571160335532,1.0,,,
260519_2dsweep_1p5cell,sim,06_2_TDS-KyhlTune-260519_161.s2p,,S21,f_2pi3,sim,dispersion_mode_1,2.8571160335532,2.85712,3.966446799896772e-06,-50.6435236049763,-117.10158386535295,touchstone_ri,2.8571160335532,1.0,,,
260519_2dsweep_1p5cell,sim,06_2_TDS-KyhlTune-260519_161.s2p,,S22,f_2pi3,sim,dispersion_mode_1,2.8571160335532,2.85712,3.966446799896772e-06,-3.33540053039288e-05,5.070614482169144,touchstone_ri,2.8571160335532,1.0,,,
260519_2dsweep_1p5cell,sim,06_2_TDS-KyhlTune-260519_162.s2p,,S11,f_2pi3,sim,dispersion_mode_1,2.8571160335532,2.85712,3.966446799896772e-06,-0.00016758251371968636,-61.865235732931545,touchstone_ri,2.8571160335532,1.0,,,
260519_2dsweep_1p5cell,sim,06_2_TDS-KyhlTune-260519_162.s2p,,S12,f_2pi3,sim,dispersion_mode_1,2.8571160335532,2.85712,3.966446799896772e-06,-49.32193304301108,-118.69698767679297,touchstone_ri,2.8571160335532,1.0,,,
260519_2dsweep_1p5cell,sim,06_2_TDS-KyhlTune-260519_162.s2p,,S21,f_2pi3,sim,dispersion_mode_1,2.8571160335532,2.85712,3.966446799896772e-06,-49.323561484550424,-118.83668473978942,touchstone_ri,2.8571160335532,1.0,,,
260519_2dsweep_1p5cell,sim,06_2_TDS-KyhlTune-260519_162.s2p,,S22,f_2pi3,sim,dispersion_mode_1,2.8571160335532,2.85712,3.966446799896772e-06,-3.790040374336554e-05,4.153084126541782,touchstone_ri,2.8571160335532,1.0,,,
260519_2dsweep_1p5cell,sim,06_2_TDS-KyhlTune-260519_163.s2p,,S11,f_2pi3,sim,dispersion_mode_1,2.8571160335532,2.85712,3.966446799896772e-06,-0.0012771443720180052,-64.61870950620822,touchstone_ri,2.8571160335532,1.0,,,
260519_2dsweep_1p5cell,sim,06_2_TDS-KyhlTune-260519_163.s2p,,S12,f_2pi3,sim,dispersion_mode_1,2.8571160335532,2.85712,3.966446799896772e-06,-49.36365049387935,-120.66247290317148,touchstone_ri,2.8571160335532,1.0,,,
260519_2dsweep_1p5cell,sim,06_2_TDS-KyhlTune-260519_163.s2p,,S21,f_2pi3,sim,dispersion_mode_1,2.8571160335532,2.85712,3.966446799896772e-06,-49.17585408867637,-120.59338355623571,touchstone_ri,2.8571160335532,1.0,,,
260519_2dsweep_1p5cell,sim,06_2_TDS-KyhlTune-260519_163.s2p,,S22,f_2pi3,sim,dispersion_mode_1,2.8571160335532,2.85712,3.966446799896772e-06,-4.3866305974054954e-05,3.3540232858786876,touchstone_ri,2.8571160335532,1.0,,,
260519_2dsweep_1p5cell,sim,06_2_TDS-KyhlTune-260519_164.s2p,,S11,f_2pi3,sim,dispersion_mode_1,2.8571160335532,2.85712,3.966446799896772e-06,-0.0014681909316004152,-67.92461281692772,touchstone_ri,2.8571160335532,1.0,,,
260519_2dsweep_1p5cell,sim,06_2_TDS-KyhlTune-260519_164.s2p,,S12,f_2pi3,sim,dispersion_mode_1,2.8571160335532,2.85712,3.966446799896772e-06,-48.898633021975364,-122.62396083012057,touchstone_ri,2.8571160335532,1.0,,,
260519_2dsweep_1p5cell,sim,06_2_TDS-KyhlTune-260519_164.s2p,,S21,f_2pi3,sim,dispersion_mode_1,2.8571160335532,2.85712,3.966446799896772e-06,-48.82045063654674,-122.64998920519906,touchstone_ri,2.8571160335532,1.0,,,
260519_2dsweep_1p5cell,sim,06_2_TDS-KyhlTune-260519_164.s2p,,S22,f_2pi3,sim,dispersion_mode_1,2.8571160335532,2.85712,3.966446799896772e-06,-5.0533303386598584e-05,2.62111467975946,touchstone_ri,2.8571160335532,1.0,,,
260519_2dsweep_1p5cell,sim,06_2_TDS-KyhlTune-260519_165.s2p,,S11,f_2pi3,sim,dispersion_mode_1,2.8571160335532,2.85712,3.966446799896772e-06,-0.0012476987680973357,-71.00587109654103,touchstone_ri,2.8571160335532,1.0,,,
260519_2dsweep_1p5cell,sim,06_2_TDS-KyhlTune-260519_165.s2p,,S12,f_2pi3,sim,dispersion_mode_1,2.8571160335532,2.85712,3.966446799896772e-06,-48.28363892453936,-124.45745037960293,touchstone_ri,2.8571160335532,1.0,,,
260519_2dsweep_1p5cell,sim,06_2_TDS-KyhlTune-260519_165.s2p,,S21,f_2pi3,sim,dispersion_mode_1,2.8571160335532,2.85712,3.966446799896772e-06,-48.04887863790381,-124.60658686759383,touchstone_ri,2.8571160335532,1.0,,,
260519_2dsweep_1p5cell,sim,06_2_TDS-KyhlTune-260519_165.s2p,,S22,f_2pi3,sim,dispersion_mode_1,2.8571160335532,2.85712,3.966446799896772e-06,-4.863475612259834e-05,1.949029886832117,touchstone_ri,2.8571160335532,1.0,,,
260519_2dsweep_1p5cell,sim,06_2_TDS-KyhlTune-260519_166.s2p,,S11,f_2pi3,sim,dispersion_mode_1,2.8571160335532,2.85712,3.966446799896772e-06,-0.0002657079244912749,-75.00477894871617,touchstone_ri,2.8571160335532,1.0,,,
260519_2dsweep_1p5cell,sim,06_2_TDS-KyhlTune-260519_166.s2p,,S12,f_2pi3,sim,dispersion_mode_1,2.8571160335532,2.85712,3.966446799896772e-06,-48.26744532734605,-126.84736736104631,touchstone_ri,2.8571160335532,1.0,,,
260519_2dsweep_1p5cell,sim,06_2_TDS-KyhlTune-260519_166.s2p,,S21,f_2pi3,sim,dispersion_mode_1,2.8571160335532,2.85712,3.966446799896772e-06,-48.10647014541747,-126.84136108287758,touchstone_ri,2.8571160335532,1.0,,,
260519_2dsweep_1p5cell,sim,06_2_TDS-KyhlTune-260519_166.s2p,,S22,f_2pi3,sim,dispersion_mode_1,2.8571160335532,2.85712,3.966446799896772e-06,-6.854400400789426e-05,1.3185634662846983,touchstone_ri,2.8571160335532,1.0,,,
260519_2dsweep_1p5cell,sim,06_2_TDS-KyhlTune-260519_167.s2p,,S11,f_2pi3,sim,dispersion_mode_1,2.8571160335532,2.85712,3.966446799896772e-06,-5.422854577675968e-05,-78.8852591511577,touchstone_ri,2.8571160335532,1.0,,,
260519_2dsweep_1p5cell,sim,06_2_TDS-KyhlTune-260519_167.s2p,,S12,f_2pi3,sim,dispersion_mode_1,2.8571160335532,2.85712,3.966446799896772e-06,-49.14167085935031,-128.71962503834558,touchstone_ri,2.8571160335532,1.0,,,
260519_2dsweep_1p5cell,sim,06_2_TDS-KyhlTune-260519_167.s2p,,S21,f_2pi3,sim,dispersion_mode_1,2.8571160335532,2.85712,3.966446799896772e-06,-48.92216785833117,-129.09095655667844,touchstone_ri,2.8571160335532,1.0,,,
260519_2dsweep_1p5cell,sim,06_2_TDS-KyhlTune-260519_167.s2p,,S22,f_2pi3,sim,dispersion_mode_1,2.8571160335532,2.85712,3.966446799896772e-06,-4.1788275570672225e-05,0.7455040083903166,touchstone_ri,2.8571160335532,1.0,,,
260519_2dsweep_1p5cell,sim,06_2_TDS-KyhlTune-260519_168.s2p,,S11,f_2pi3,sim,dispersion_mode_1,2.8571160335532,2.85712,3.966446799896772e-06,0.00031814953863703633,-55.12568678284138,touchstone_ri,2.8571160335532,1.0,,,
260519_2dsweep_1p5cell,sim,06_2_TDS-KyhlTune-260519_168.s2p,,S12,f_2pi3,sim,dispersion_mode_1,2.8571160335532,2.85712,3.966446799896772e-06,-49.352426086350675,-114.2896606340016,touchstone_ri,2.8571160335532,1.0,,,
260519_2dsweep_1p5cell,sim,06_2_TDS-KyhlTune-260519_168.s2p,,S21,f_2pi3,sim,dispersion_mode_1,2.8571160335532,2.85712,3.966446799896772e-06,-49.354999766734345,-113.88268869460117,touchstone_ri,2.8571160335532,1.0,,,
260519_2dsweep_1p5cell,sim,06_2_TDS-KyhlTune-260519_168.s2p,,S22,f_2pi3,sim,dispersion_mode_1,2.8571160335532,2.85712,3.966446799896772e-06,-5.194263977159238e-05,7.497166154721117,touchstone_ri,2.8571160335532,1.0,,,
260519_2dsweep_1p5cell,sim,06_2_TDS-KyhlTune-260519_169.s2p,,S11,f_2pi3,sim,dispersion_mode_1,2.8571160335532,2.85712,3.966446799896772e-06,-7.994603082238282e-05,-57.762216330258155,touchstone_ri,2.8571160335532,1.0,,,
260519_2dsweep_1p5cell,sim,06_2_TDS-KyhlTune-260519_169.s2p,,S12,f_2pi3,sim,dispersion_mode_1,2.8571160335532,2.85712,3.966446799896772e-06,-49.14153216265929,-115.76232826125906,touchstone_ri,2.8571160335532,1.0,,,
260519_2dsweep_1p5cell,sim,06_2_TDS-KyhlTune-260519_169.s2p,,S21,f_2pi3,sim,dispersion_mode_1,2.8571160335532,2.85712,3.966446799896772e-06,-49.138770439910644,-115.70958622759748,touchstone_ri,2.8571160335532,1.0,,,
260519_2dsweep_1p5cell,sim,06_2_TDS-KyhlTune-260519_169.s2p,,S22,f_2pi3,sim,dispersion_mode_1,2.8571160335532,2.85712,3.966446799896772e-06,-6.57617001520643e-05,6.342776033738267,touchstone_ri,2.8571160335532,1.0,,,
260519_2dsweep_1p5cell,sim,06_2_TDS-KyhlTune-260519_17.s2p,,S11,f_2pi3,sim,dispersion_mode_1,2.8571160335532,2.85712,3.966446799896772e-06,-5.220590983717383e-06,-32.01628694402339,touchstone_ri,2.8571160335532,1.0,,,
260519_2dsweep_1p5cell,sim,06_2_TDS-KyhlTune-260519_17.s2p,,S12,f_2pi3,sim,dispersion_mode_1,2.8571160335532,2.85712,3.966446799896772e-06,-56.091257080892866,-81.5968515826692,touchstone_ri,2.8571160335532,1.0,,,
260519_2dsweep_1p5cell,sim,06_2_TDS-KyhlTune-260519_17.s2p,,S21,f_2pi3,sim,dispersion_mode_1,2.8571160335532,2.85712,3.966446799896772e-06,-56.07154618187926,-81.55346569626008,touchstone_ri,2.8571160335532,1.0,,,
260519_2dsweep_1p5cell,sim,06_2_TDS-KyhlTune-260519_17.s2p,,S22,f_2pi3,sim,dispersion_mode_1,2.8571160335532,2.85712,3.966446799896772e-06,-1.974320380280849e-05,48.86402894989726,touchstone_ri,2.8571160335532,1.0,,,
260519_2dsweep_1p5cell,sim,06_2_TDS-KyhlTune-260519_170.s2p,,S11,f_2pi3,sim,dispersion_mode_1,2.8571160335532,2.85712,3.966446799896772e-06,-0.00010096722080251947,-60.43423597912458,touchstone_ri,2.8571160335532,1.0,,,
260519_2dsweep_1p5cell,sim,06_2_TDS-KyhlTune-260519_170.s2p,,S12,f_2pi3,sim,dispersion_mode_1,2.8571160335532,2.85712,3.966446799896772e-06,-47.83125134030974,-117.58265358391503,touchstone_ri,2.8571160335532,1.0,,,
260519_2dsweep_1p5cell,sim,06_2_TDS-KyhlTune-260519_170.s2p,,S21,f_2pi3,sim,dispersion_mode_1,2.8571160335532,2.85712,3.966446799896772e-06,-47.83604565383712,-117.58763413681675,touchstone_ri,2.8571160335532,1.0,,,
260519_2dsweep_1p5cell,sim,06_2_TDS-KyhlTune-260519_170.s2p,,S22,f_2pi3,sim,dispersion_mode_1,2.8571160335532,2.85712,3.966446799896772e-06,-8.657051572097498e-05,5.24646568677228,touchstone_ri,2.8571160335532,1.0,,,
260519_2dsweep_1p5cell,sim,06_2_TDS-KyhlTune-260519_171.s2p,,S11,f_2pi3,sim,dispersion_mode_1,2.8571160335532,2.85712,3.966446799896772e-06,8.57901088184671e-05,-63.4983760914297,touchstone_ri,2.8571160335532,1.0,,,
260519_2dsweep_1p5cell,sim,06_2_TDS-KyhlTune-260519_171.s2p,,S12,f_2pi3,sim,dispersion_mode_1,2.8571160335532,2.85712,3.966446799896772e-06,-49.08098874114086,-119.58216955665574,touchstone_ri,2.8571160335532,1.0,,,
260519_2dsweep_1p5cell,sim,06_2_TDS-KyhlTune-260519_171.s2p,,S21,f_2pi3,sim,dispersion_mode_1,2.8571160335532,2.85712,3.966446799896772e-06,-48.86688191857172,-119.61781389209767,touchstone_ri,2.8571160335532,1.0,,,
260519_2dsweep_1p5cell,sim,06_2_TDS-KyhlTune-260519_171.s2p,,S22,f_2pi3,sim,dispersion_mode_1,2.8571160335532,2.85712,3.966446799896772e-06,-6.0550955647504796e-05,4.321916302316118,touchstone_ri,2.8571160335532,1.0,,,
260519_2dsweep_1p5cell,sim,06_2_TDS-KyhlTune-260519_172.s2p,,S11,f_2pi3,sim,dispersion_mode_1,2.8571160335532,2.85712,3.966446799896772e-06,-5.007138480197066e-05,-66.24938661669138,touchstone_ri,2.8571160335532,1.0,,,
260519_2dsweep_1p5cell,sim,06_2_TDS-KyhlTune-260519_172.s2p,,S12,f_2pi3,sim,dispersion_mode_1,2.8571160335532,2.85712,3.966446799896772e-06,-47.662698452824756,-121.4077794272429,touchstone_ri,2.8571160335532,1.0,,,
260519_2dsweep_1p5cell,sim,06_2_TDS-KyhlTune-260519_172.s2p,,S21,f_2pi3,sim,dispersion_mode_1,2.8571160335532,2.85712,3.966446799896772e-06,-47.662386025249994,-121.39173346288425,touchstone_ri,2.8571160335532,1.0,,,
260519_2dsweep_1p5cell,sim,06_2_TDS-KyhlTune-260519_172.s2p,,S22,f_2pi3,sim,dispersion_mode_1,2.8571160335532,2.85712,3.966446799896772e-06,-9.23561815118363e-05,3.454720908265953,touchstone_ri,2.8571160335532,1.0,,,
260519_2dsweep_1p5cell,sim,06_2_TDS-KyhlTune-260519_173.s2p,,S11,f_2pi3,sim,dispersion_mode_1,2.8571160335532,2.85712,3.966446799896772e-06,0.0007977556567759617,-73.80041523821623,touchstone_ri,2.8571160335532,1.0,,,
260519_2dsweep_1p5cell,sim,06_2_TDS-KyhlTune-260519_173.s2p,,S12,f_2pi3,sim,dispersion_mode_1,2.8571160335532,2.85712,3.966446799896772e-06,-47.16533112697364,-125.97571011976176,touchstone_ri,2.8571160335532,1.0,,,
260519_2dsweep_1p5cell,sim,06_2_TDS-KyhlTune-260519_173.s2p,,S21,f_2pi3,sim,dispersion_mode_1,2.8571160335532,2.85712,3.966446799896772e-06,-47.1967896500561,-125.85312911439958,touchstone_ri,2.8571160335532,1.0,,,
260519_2dsweep_1p5cell,sim,06_2_TDS-KyhlTune-260519_173.s2p,,S22,f_2pi3,sim,dispersion_mode_1,2.8571160335532,2.85712,3.966446799896772e-06,-8.608605135777272e-05,1.960270937428725,touchstone_ri,2.8571160335532,1.0,,,
260519_2dsweep_1p5cell,sim,06_2_TDS-KyhlTune-260519_174.s2p,,S11,f_2pi3,sim,dispersion_mode_1,2.8571160335532,2.85712,3.966446799896772e-06,-9.969280035568534e-05,-78.58331956504124,touchstone_ri,2.8571160335532,1.0,,,
260519_2dsweep_1p5cell,sim,06_2_TDS-KyhlTune-260519_174.s2p,,S12,f_2pi3,sim,dispersion_mode_1,2.8571160335532,2.85712,3.966446799896772e-06,-47.4700500506528,-128.62456867326745,touchstone_ri,2.8571160335532,1.0,,,
260519_2dsweep_1p5cell,sim,06_2_TDS-KyhlTune-260519_174.s2p,,S21,f_2pi3,sim,dispersion_mode_1,2.8571160335532,2.85712,3.966446799896772e-06,-47.468745541021924,-128.62361851003294,touchstone_ri,2.8571160335532,1.0,,,
260519_2dsweep_1p5cell,sim,06_2_TDS-KyhlTune-260519_174.s2p,,S22,f_2pi3,sim,dispersion_mode_1,2.8571160335532,2.85712,3.966446799896772e-06,-8.275638873159161e-05,1.3181106855269007,touchstone_ri,2.8571160335532,1.0,,,
260519_2dsweep_1p5cell,sim,06_2_TDS-KyhlTune-260519_175.s2p,,S11,f_2pi3,sim,dispersion_mode_1,2.8571160335532,2.85712,3.966446799896772e-06,-0.0006933595016809519,-83.57068908930303,touchstone_ri,2.8571160335532,1.0,,,
260519_2dsweep_1p5cell,sim,06_2_TDS-KyhlTune-260519_175.s2p,,S12,f_2pi3,sim,dispersion_mode_1,2.8571160335532,2.85712,3.966446799896772e-06,-46.900596460352716,-131.16882264935845,touchstone_ri,2.8571160335532,1.0,,,
260519_2dsweep_1p5cell,sim,06_2_TDS-KyhlTune-260519_175.s2p,,S21,f_2pi3,sim,dispersion_mode_1,2.8571160335532,2.85712,3.966446799896772e-06,-46.66407536848615,-131.43894283103978,touchstone_ri,2.8571160335532,1.0,,,
260519_2dsweep_1p5cell,sim,06_2_TDS-KyhlTune-260519_175.s2p,,S22,f_2pi3,sim,dispersion_mode_1,2.8571160335532,2.85712,3.966446799896772e-06,-8.633989868937471e-05,0.7100449711256879,touchstone_ri,2.8571160335532,1.0,,,
260519_2dsweep_1p5cell,sim,06_2_TDS-KyhlTune-260519_176.s2p,,S11,f_2pi3,sim,dispersion_mode_1,2.8571160335532,2.85712,3.966446799896772e-06,-0.00011832090714232831,-89.16204943841707,touchstone_ri,2.8571160335532,1.0,,,
260519_2dsweep_1p5cell,sim,06_2_TDS-KyhlTune-260519_176.s2p,,S12,f_2pi3,sim,dispersion_mode_1,2.8571160335532,2.85712,3.966446799896772e-06,-46.98869454198386,-134.47622175806512,touchstone_ri,2.8571160335532,1.0,,,
260519_2dsweep_1p5cell,sim,06_2_TDS-KyhlTune-260519_176.s2p,,S21,f_2pi3,sim,dispersion_mode_1,2.8571160335532,2.85712,3.966446799896772e-06,-46.98846867680579,-134.50705725418928,touchstone_ri,2.8571160335532,1.0,,,
260519_2dsweep_1p5cell,sim,06_2_TDS-KyhlTune-260519_176.s2p,,S22,f_2pi3,sim,dispersion_mode_1,2.8571160335532,2.85712,3.966446799896772e-06,-9.503480225059267e-05,0.1563622074924875,touchstone_ri,2.8571160335532,1.0,,,
260519_2dsweep_1p5cell,sim,06_2_TDS-KyhlTune-260519_177.s2p,,S11,f_2pi3,sim,dispersion_mode_1,2.8571160335532,2.85712,3.966446799896772e-06,-1.0839774549690386e-06,-93.84404004612338,touchstone_ri,2.8571160335532,1.0,,,
260519_2dsweep_1p5cell,sim,06_2_TDS-KyhlTune-260519_177.s2p,,S12,f_2pi3,sim,dispersion_mode_1,2.8571160335532,2.85712,3.966446799896772e-06,-46.20751648133314,-136.92928157613596,touchstone_ri,2.8571160335532,1.0,,,
260519_2dsweep_1p5cell,sim,06_2_TDS-KyhlTune-260519_177.s2p,,S21,f_2pi3,sim,dispersion_mode_1,2.8571160335532,2.85712,3.966446799896772e-06,-46.02402934655758,-137.0044229872754,touchstone_ri,2.8571160335532,1.0,,,
260519_2dsweep_1p5cell,sim,06_2_TDS-KyhlTune-260519_177.s2p,,S22,f_2pi3,sim,dispersion_mode_1,2.8571160335532,2.85712,3.966446799896772e-06,-9.609508707645741e-05,-0.3262432813845775,touchstone_ri,2.8571160335532,1.0,,,
260519_2dsweep_1p5cell,sim,06_2_TDS-KyhlTune-260519_178.s2p,,S11,f_2pi3,sim,dispersion_mode_1,2.8571160335532,2.85712,3.966446799896772e-06,-0.00013233908717391005,-61.339703981844174,touchstone_ri,2.8571160335532,1.0,,,
260519_2dsweep_1p5cell,sim,06_2_TDS-KyhlTune-260519_178.s2p,,S12,f_2pi3,sim,dispersion_mode_1,2.8571160335532,2.85712,3.966446799896772e-06,-47.21319050666124,-117.85574394991305,touchstone_ri,2.8571160335532,1.0,,,
260519_2dsweep_1p5cell,sim,06_2_TDS-KyhlTune-260519_178.s2p,,S21,f_2pi3,sim,dispersion_mode_1,2.8571160335532,2.85712,3.966446799896772e-06,-47.21678936197481,-117.97377578561175,touchstone_ri,2.8571160335532,1.0,,,
260519_2dsweep_1p5cell,sim,06_2_TDS-KyhlTune-260519_178.s2p,,S22,f_2pi3,sim,dispersion_mode_1,2.8571160335532,2.85712,3.966446799896772e-06,-8.275215488576541e-05,5.37777075118858,touchstone_ri,2.8571160335532,1.0,,,
260519_2dsweep_1p5cell,sim,06_2_TDS-KyhlTune-260519_179.s2p,,S11,f_2pi3,sim,dispersion_mode_1,2.8571160335532,2.85712,3.966446799896772e-06,2.701022765195418e-06,-64.93496248331357,touchstone_ri,2.8571160335532,1.0,,,
260519_2dsweep_1p5cell,sim,06_2_TDS-KyhlTune-260519_179.s2p,,S12,f_2pi3,sim,dispersion_mode_1,2.8571160335532,2.85712,3.966446799896772e-06,-48.31698343682159,-120.27085101181238,touchstone_ri,2.8571160335532,1.0,,,
260519_2dsweep_1p5cell,sim,06_2_TDS-KyhlTune-260519_179.s2p,,S21,f_2pi3,sim,dispersion_mode_1,2.8571160335532,2.85712,3.966446799896772e-06,-48.31359312609243,-120.28421270819157,touchstone_ri,2.8571160335532,1.0,,,
260519_2dsweep_1p5cell,sim,06_2_TDS-KyhlTune-260519_179.s2p,,S22,f_2pi3,sim,dispersion_mode_1,2.8571160335532,2.85712,3.966446799896772e-06,-8.62668320332588e-05,4.362310288470786,touchstone_ri,2.8571160335532,1.0,,,
260519_2dsweep_1p5cell,sim,06_2_TDS-KyhlTune-260519_18.s2p,,S11,f_2pi3,sim,dispersion_mode_1,2.8571160335532,2.85712,3.966446799896772e-06,-3.123930924802804e-06,-32.28385931564752,touchstone_ri,2.8571160335532,1.0,,,
260519_2dsweep_1p5cell,sim,06_2_TDS-KyhlTune-260519_18.s2p,,S12,f_2pi3,sim,dispersion_mode_1,2.8571160335532,2.85712,3.966446799896772e-06,-56.74917468453185,-84.88151917483951,touchstone_ri,2.8571160335532,1.0,,,
260519_2dsweep_1p5cell,sim,06_2_TDS-KyhlTune-260519_18.s2p,,S21,f_2pi3,sim,dispersion_mode_1,2.8571160335532,2.85712,3.966446799896772e-06,-56.74426441925749,-85.07473064658912,touchstone_ri,2.8571160335532,1.0,,,
260519_2dsweep_1p5cell,sim,06_2_TDS-KyhlTune-260519_18.s2p,,S22,f_2pi3,sim,dispersion_mode_1,2.8571160335532,2.85712,3.966446799896772e-06,-1.5079210137938459e-05,42.14698796965456,touchstone_ri,2.8571160335532,1.0,,,
260519_2dsweep_1p5cell,sim,06_2_TDS-KyhlTune-260519_180.s2p,,S11,f_2pi3,sim,dispersion_mode_1,2.8571160335532,2.85712,3.966446799896772e-06,-0.0006151572475790343,-68.66645616801777,touchstone_ri,2.8571160335532,1.0,,,
260519_2dsweep_1p5cell,sim,06_2_TDS-KyhlTune-260519_180.s2p,,S12,f_2pi3,sim,dispersion_mode_1,2.8571160335532,2.85712,3.966446799896772e-06,-47.76754804472557,-122.31175321293466,touchstone_ri,2.8571160335532,1.0,,,
260519_2dsweep_1p5cell,sim,06_2_TDS-KyhlTune-260519_180.s2p,,S21,f_2pi3,sim,dispersion_mode_1,2.8571160335532,2.85712,3.966446799896772e-06,-47.46998391703304,-122.63225198126634,touchstone_ri,2.8571160335532,1.0,,,
260519_2dsweep_1p5cell,sim,06_2_TDS-KyhlTune-260519_180.s2p,,S22,f_2pi3,sim,dispersion_mode_1,2.8571160335532,2.85712,3.966446799896772e-06,-5.351031392248e-05,3.4709599949543564,touchstone_ri,2.8571160335532,1.0,,,
260519_2dsweep_1p5cell,sim,06_2_TDS-KyhlTune-260519_181.s2p,,S11,f_2pi3,sim,dispersion_mode_1,2.8571160335532,2.85712,3.966446799896772e-06,0.00026645378032175176,-73.05490677098243,touchstone_ri,2.8571160335532,1.0,,,
260519_2dsweep_1p5cell,sim,06_2_TDS-KyhlTune-260519_181.s2p,,S12,f_2pi3,sim,dispersion_mode_1,2.8571160335532,2.85712,3.966446799896772e-06,-47.48582521796864,-125.13730405114161,touchstone_ri,2.8571160335532,1.0,,,
260519_2dsweep_1p5cell,sim,06_2_TDS-KyhlTune-260519_181.s2p,,S21,f_2pi3,sim,dispersion_mode_1,2.8571160335532,2.85712,3.966446799896772e-06,-47.239626379354746,-125.24684085483992,touchstone_ri,2.8571160335532,1.0,,,
260519_2dsweep_1p5cell,sim,06_2_TDS-KyhlTune-260519_181.s2p,,S22,f_2pi3,sim,dispersion_mode_1,2.8571160335532,2.85712,3.966446799896772e-06,-9.497677011698146e-05,2.6479989580635976,touchstone_ri,2.8571160335532,1.0,,,
260519_2dsweep_1p5cell,sim,06_2_TDS-KyhlTune-260519_182.s2p,,S11,f_2pi3,sim,dispersion_mode_1,2.8571160335532,2.85712,3.966446799896772e-06,-4.5838432295998746e-05,-77.3316911320795,touchstone_ri,2.8571160335532,1.0,,,
260519_2dsweep_1p5cell,sim,06_2_TDS-KyhlTune-260519_182.s2p,,S12,f_2pi3,sim,dispersion_mode_1,2.8571160335532,2.85712,3.966446799896772e-06,-46.946049757462696,-127.6866248007907,touchstone_ri,2.8571160335532,1.0,,,
260519_2dsweep_1p5cell,sim,06_2_TDS-KyhlTune-260519_182.s2p,,S21,f_2pi3,sim,dispersion_mode_1,2.8571160335532,2.85712,3.966446799896772e-06,-46.94562517958711,-127.6992264199472,touchstone_ri,2.8571160335532,1.0,,,
260519_2dsweep_1p5cell,sim,06_2_TDS-KyhlTune-260519_182.s2p,,S22,f_2pi3,sim,dispersion_mode_1,2.8571160335532,2.85712,3.966446799896772e-06,-9.946279757850448e-05,1.9310858121514756,touchstone_ri,2.8571160335532,1.0,,,
260519_2dsweep_1p5cell,sim,06_2_TDS-KyhlTune-260519_183.s2p,,S11,f_2pi3,sim,dispersion_mode_1,2.8571160335532,2.85712,3.966446799896772e-06,-0.0013156933155504666,-81.94140077922485,touchstone_ri,2.8571160335532,1.0,,,
260519_2dsweep_1p5cell,sim,06_2_TDS-KyhlTune-260519_183.s2p,,S12,f_2pi3,sim,dispersion_mode_1,2.8571160335532,2.85712,3.966446799896772e-06,-46.59832794446003,-130.1945925852371,touchstone_ri,2.8571160335532,1.0,,,
260519_2dsweep_1p5cell,sim,06_2_TDS-KyhlTune-260519_183.s2p,,S21,f_2pi3,sim,dispersion_mode_1,2.8571160335532,2.85712,3.966446799896772e-06,-46.40232913954594,-130.38491680932302,touchstone_ri,2.8571160335532,1.0,,,
260519_2dsweep_1p5cell,sim,06_2_TDS-KyhlTune-260519_183.s2p,,S22,f_2pi3,sim,dispersion_mode_1,2.8571160335532,2.85712,3.966446799896772e-06,-0.00012131172914729216,1.250992346186041,touchstone_ri,2.8571160335532,1.0,,,
260519_2dsweep_1p5cell,sim,06_2_TDS-KyhlTune-260519_184.s2p,,S11,f_2pi3,sim,dispersion_mode_1,2.8571160335532,2.85712,3.966446799896772e-06,0.0005670379784291895,-88.35967671121634,touchstone_ri,2.8571160335532,1.0,,,
260519_2dsweep_1p5cell,sim,06_2_TDS-KyhlTune-260519_184.s2p,,S12,f_2pi3,sim,dispersion_mode_1,2.8571160335532,2.85712,3.966446799896772e-06,-44.677102738144036,-133.79249366479394,touchstone_ri,2.8571160335532,1.0,,,
260519_2dsweep_1p5cell,sim,06_2_TDS-KyhlTune-260519_184.s2p,,S21,f_2pi3,sim,dispersion_mode_1,2.8571160335532,2.85712,3.966446799896772e-06,-44.575603831207516,-133.86232461483985,touchstone_ri,2.8571160335532,1.0,,,
260519_2dsweep_1p5cell,sim,06_2_TDS-KyhlTune-260519_184.s2p,,S22,f_2pi3,sim,dispersion_mode_1,2.8571160335532,2.85712,3.966446799896772e-06,-0.00017315131197456228,0.6494439864618565,touchstone_ri,2.8571160335532,1.0,,,
260519_2dsweep_1p5cell,sim,06_2_TDS-KyhlTune-260519_185.s2p,,S11,f_2pi3,sim,dispersion_mode_1,2.8571160335532,2.85712,3.966446799896772e-06,-0.0005712485546182029,-95.95740959222307,touchstone_ri,2.8571160335532,1.0,,,
260519_2dsweep_1p5cell,sim,06_2_TDS-KyhlTune-260519_185.s2p,,S12,f_2pi3,sim,dispersion_mode_1,2.8571160335532,2.85712,3.966446799896772e-06,-45.037831933801925,-137.83669314057119,touchstone_ri,2.8571160335532,1.0,,,
260519_2dsweep_1p5cell,sim,06_2_TDS-KyhlTune-260519_185.s2p,,S21,f_2pi3,sim,dispersion_mode_1,2.8571160335532,2.85712,3.966446799896772e-06,-44.96893123142301,-137.97383234936038,touchstone_ri,2.8571160335532,1.0,,,
260519_2dsweep_1p5cell,sim,06_2_TDS-KyhlTune-260519_185.s2p,,S22,f_2pi3,sim,dispersion_mode_1,2.8571160335532,2.85712,3.966446799896772e-06,-0.00017975998134157363,0.060342712383246004,touchstone_ri,2.8571160335532,1.0,,,
260519_2dsweep_1p5cell,sim,06_2_TDS-KyhlTune-260519_186.s2p,,S11,f_2pi3,sim,dispersion_mode_1,2.8571160335532,2.85712,3.966446799896772e-06,-0.00023287795562400981,-102.71406506816038,touchstone_ri,2.8571160335532,1.0,,,
260519_2dsweep_1p5cell,sim,06_2_TDS-KyhlTune-260519_186.s2p,,S12,f_2pi3,sim,dispersion_mode_1,2.8571160335532,2.85712,3.966446799896772e-06,-44.6653602754881,-141.51540550684092,touchstone_ri,2.8571160335532,1.0,,,
260519_2dsweep_1p5cell,sim,06_2_TDS-KyhlTune-260519_186.s2p,,S21,f_2pi3,sim,dispersion_mode_1,2.8571160335532,2.85712,3.966446799896772e-06,-44.66447059591233,-141.59978597461082,touchstone_ri,2.8571160335532,1.0,,,
260519_2dsweep_1p5cell,sim,06_2_TDS-KyhlTune-260519_186.s2p,,S22,f_2pi3,sim,dispersion_mode_1,2.8571160335532,2.85712,3.966446799896772e-06,-0.0001514904629948905,-0.46827119846913146,touchstone_ri,2.8571160335532,1.0,,,
260519_2dsweep_1p5cell,sim,06_2_TDS-KyhlTune-260519_187.s2p,,S11,f_2pi3,sim,dispersion_mode_1,2.8571160335532,2.85712,3.966446799896772e-06,-9.050167885000428e-05,-110.21883764085052,touchstone_ri,2.8571160335532,1.0,,,
260519_2dsweep_1p5cell,sim,06_2_TDS-KyhlTune-260519_187.s2p,,S12,f_2pi3,sim,dispersion_mode_1,2.8571160335532,2.85712,3.966446799896772e-06,-44.47321159746817,-145.56673995351167,touchstone_ri,2.8571160335532,1.0,,,
260519_2dsweep_1p5cell,sim,06_2_TDS-KyhlTune-260519_187.s2p,,S21,f_2pi3,sim,dispersion_mode_1,2.8571160335532,2.85712,3.966446799896772e-06,-44.30929656278565,-145.62050380053086,touchstone_ri,2.8571160335532,1.0,,,
260519_2dsweep_1p5cell,sim,06_2_TDS-KyhlTune-260519_187.s2p,,S22,f_2pi3,sim,dispersion_mode_1,2.8571160335532,2.85712,3.966446799896772e-06,-0.000163626418038788,-0.9443993115160603,touchstone_ri,2.8571160335532,1.0,,,
260519_2dsweep_1p5cell,sim,06_2_TDS-KyhlTune-260519_188.s2p,,S11,f_2pi3,sim,dispersion_mode_1,2.8571160335532,2.85712,3.966446799896772e-06,-0.0020302376924261453,-120.38928140195257,touchstone_ri,2.8571160335532,1.0,,,
260519_2dsweep_1p5cell,sim,06_2_TDS-KyhlTune-260519_188.s2p,,S12,f_2pi3,sim,dispersion_mode_1,2.8571160335532,2.85712,3.966446799896772e-06,-44.3217065479146,-150.5672904731557,touchstone_ri,2.8571160335532,1.0,,,
260519_2dsweep_1p5cell,sim,06_2_TDS-KyhlTune-260519_188.s2p,,S21,f_2pi3,sim,dispersion_mode_1,2.8571160335532,2.85712,3.966446799896772e-06,-44.14088927596182,-151.00005920524984,touchstone_ri,2.8571160335532,1.0,,,
260519_2dsweep_1p5cell,sim,06_2_TDS-KyhlTune-260519_188.s2p,,S22,f_2pi3,sim,dispersion_mode_1,2.8571160335532,2.85712,3.966446799896772e-06,-0.00017921584558194993,-1.3989024329948923,touchstone_ri,2.8571160335532,1.0,,,
260519_2dsweep_1p5cell,sim,06_2_TDS-KyhlTune-260519_189.s2p,,S11,f_2pi3,sim,dispersion_mode_1,2.8571160335532,2.85712,3.966446799896772e-06,0.0007326388432995345,-70.91153003216763,touchstone_ri,2.8571160335532,1.0,,,
260519_2dsweep_1p5cell,sim,06_2_TDS-KyhlTune-260519_189.s2p,,S12,f_2pi3,sim,dispersion_mode_1,2.8571160335532,2.85712,3.966446799896772e-06,-47.24936407971535,-123.79061990382304,touchstone_ri,2.8571160335532,1.0,,,
260519_2dsweep_1p5cell,sim,06_2_TDS-KyhlTune-260519_189.s2p,,S21,f_2pi3,sim,dispersion_mode_1,2.8571160335532,2.85712,3.966446799896772e-06,-47.217880541383195,-123.81023263621802,touchstone_ri,2.8571160335532,1.0,,,
260519_2dsweep_1p5cell,sim,06_2_TDS-KyhlTune-260519_189.s2p,,S22,f_2pi3,sim,dispersion_mode_1,2.8571160335532,2.85712,3.966446799896772e-06,-9.498065974059848e-05,3.418317580775439,touchstone_ri,2.8571160335532,1.0,,,
260519_2dsweep_1p5cell,sim,06_2_TDS-KyhlTune-260519_19.s2p,,S11,f_2pi3,sim,dispersion_mode_1,2.8571160335532,2.85712,3.966446799896772e-06,-0.00012069165982871383,-32.10278446415833,touchstone_ri,2.8571160335532,1.0,,,
260519_2dsweep_1p5cell,sim,06_2_TDS-KyhlTune-260519_19.s2p,,S12,f_2pi3,sim,dispersion_mode_1,2.8571160335532,2.85712,3.966446799896772e-06,-57.878039465170524,-87.4012257097078,touchstone_ri,2.8571160335532,1.0,,,
260519_2dsweep_1p5cell,sim,06_2_TDS-KyhlTune-260519_19.s2p,,S21,f_2pi3,sim,dispersion_mode_1,2.8571160335532,2.85712,3.966446799896772e-06,-57.691472027475044,-87.77917739509186,touchstone_ri,2.8571160335532,1.0,,,
260519_2dsweep_1p5cell,sim,06_2_TDS-KyhlTune-260519_19.s2p,,S22,f_2pi3,sim,dispersion_mode_1,2.8571160335532,2.85712,3.966446799896772e-06,-2.516384408033556e-06,37.20801796070955,touchstone_ri,2.8571160335532,1.0,,,
260519_2dsweep_1p5cell,sim,06_2_TDS-KyhlTune-260519_190.s2p,,S11,f_2pi3,sim,dispersion_mode_1,2.8571160335532,2.85712,3.966446799896772e-06,-0.0003591333969452573,-75.90293369688754,touchstone_ri,2.8571160335532,1.0,,,
260519_2dsweep_1p5cell,sim,06_2_TDS-KyhlTune-260519_190.s2p,,S12,f_2pi3,sim,dispersion_mode_1,2.8571160335532,2.85712,3.966446799896772e-06,-46.283659147253466,-126.82997481788108,touchstone_ri,2.8571160335532,1.0,,,
260519_2dsweep_1p5cell,sim,06_2_TDS-KyhlTune-260519_190.s2p,,S21,f_2pi3,sim,dispersion_mode_1,2.8571160335532,2.85712,3.966446799896772e-06,-46.17384680146873,-126.43164172740805,touchstone_ri,2.8571160335532,1.0,,,
260519_2dsweep_1p5cell,sim,06_2_TDS-KyhlTune-260519_190.s2p,,S22,f_2pi3,sim,dispersion_mode_1,2.8571160335532,2.85712,3.966446799896772e-06,-0.00017153895941832,2.561766365104473,touchstone_ri,2.8571160335532,1.0,,,
260519_2dsweep_1p5cell,sim,06_2_TDS-KyhlTune-260519_191.s2p,,S11,f_2pi3,sim,dispersion_mode_1,2.8571160335532,2.85712,3.966446799896772e-06,-0.0001734337961882001,-81.23382021533682,touchstone_ri,2.8571160335532,1.0,,,
260519_2dsweep_1p5cell,sim,06_2_TDS-KyhlTune-260519_191.s2p,,S12,f_2pi3,sim,dispersion_mode_1,2.8571160335532,2.85712,3.966446799896772e-06,-44.65389193995905,-129.30202613451755,touchstone_ri,2.8571160335532,1.0,,,
260519_2dsweep_1p5cell,sim,06_2_TDS-KyhlTune-260519_191.s2p,,S21,f_2pi3,sim,dispersion_mode_1,2.8571160335532,2.85712,3.966446799896772e-06,-44.654447040581424,-129.72566370104147,touchstone_ri,2.8571160335532,1.0,,,
260519_2dsweep_1p5cell,sim,06_2_TDS-KyhlTune-260519_191.s2p,,S22,f_2pi3,sim,dispersion_mode_1,2.8571160335532,2.85712,3.966446799896772e-06,-0.0001436528905041226,1.8141668894927847,touchstone_ri,2.8571160335532,1.0,,,
260519_2dsweep_1p5cell,sim,06_2_TDS-KyhlTune-260519_192.s2p,,S11,f_2pi3,sim,dispersion_mode_1,2.8571160335532,2.85712,3.966446799896772e-06,0.0012041234088209082,-87.6281733782385,touchstone_ri,2.8571160335532,1.0,,,
260519_2dsweep_1p5cell,sim,06_2_TDS-KyhlTune-260519_192.s2p,,S12,f_2pi3,sim,dispersion_mode_1,2.8571160335532,2.85712,3.966446799896772e-06,-45.50224074488871,-133.23088699386534,touchstone_ri,2.8571160335532,1.0,,,
260519_2dsweep_1p5cell,sim,06_2_TDS-KyhlTune-260519_192.s2p,,S21,f_2pi3,sim,dispersion_mode_1,2.8571160335532,2.85712,3.966446799896772e-06,-45.50154244306683,-133.23786715919192,touchstone_ri,2.8571160335532,1.0,,,
260519_2dsweep_1p5cell,sim,06_2_TDS-KyhlTune-260519_192.s2p,,S22,f_2pi3,sim,dispersion_mode_1,2.8571160335532,2.85712,3.966446799896772e-06,-0.00012569986041187318,1.1299782097119258,touchstone_ri,2.8571160335532,1.0,,,
260519_2dsweep_1p5cell,sim,06_2_TDS-KyhlTune-260519_193.s2p,,S11,f_2pi3,sim,dispersion_mode_1,2.8571160335532,2.85712,3.966446799896772e-06,0.001391175119668009,-94.97554987981786,touchstone_ri,2.8571160335532,1.0,,,
260519_2dsweep_1p5cell,sim,06_2_TDS-KyhlTune-260519_193.s2p,,S12,f_2pi3,sim,dispersion_mode_1,2.8571160335532,2.85712,3.966446799896772e-06,-44.92120632600355,-137.38237213382985,touchstone_ri,2.8571160335532,1.0,,,
260519_2dsweep_1p5cell,sim,06_2_TDS-KyhlTune-260519_193.s2p,,S21,f_2pi3,sim,dispersion_mode_1,2.8571160335532,2.85712,3.966446799896772e-06,-44.91932138441143,-137.23874026384695,touchstone_ri,2.8571160335532,1.0,,,
260519_2dsweep_1p5cell,sim,06_2_TDS-KyhlTune-260519_193.s2p,,S22,f_2pi3,sim,dispersion_mode_1,2.8571160335532,2.85712,3.966446799896772e-06,-0.00015157869573167426,0.48788196829671554,touchstone_ri,2.8571160335532,1.0,,,
260519_2dsweep_1p5cell,sim,06_2_TDS-KyhlTune-260519_194.s2p,,S11,f_2pi3,sim,dispersion_mode_1,2.8571160335532,2.85712,3.966446799896772e-06,-0.0024145543873536324,-102.21919146071939,touchstone_ri,2.8571160335532,1.0,,,
260519_2dsweep_1p5cell,sim,06_2_TDS-KyhlTune-260519_194.s2p,,S12,f_2pi3,sim,dispersion_mode_1,2.8571160335532,2.85712,3.966446799896772e-06,-44.34604219913587,-141.10701874442148,touchstone_ri,2.8571160335532,1.0,,,
260519_2dsweep_1p5cell,sim,06_2_TDS-KyhlTune-260519_194.s2p,,S21,f_2pi3,sim,dispersion_mode_1,2.8571160335532,2.85712,3.966446799896772e-06,-44.28168017621126,-141.16482368427046,touchstone_ri,2.8571160335532,1.0,,,
260519_2dsweep_1p5cell,sim,06_2_TDS-KyhlTune-260519_194.s2p,,S22,f_2pi3,sim,dispersion_mode_1,2.8571160335532,2.85712,3.966446799896772e-06,-0.0001934635268001169,-0.10401901826623537,touchstone_ri,2.8571160335532,1.0,,,
260519_2dsweep_1p5cell,sim,06_2_TDS-KyhlTune-260519_195.s2p,,S11,f_2pi3,sim,dispersion_mode_1,2.8571160335532,2.85712,3.966446799896772e-06,0.0014233337785113764,-112.40293921493107,touchstone_ri,2.8571160335532,1.0,,,
260519_2dsweep_1p5cell,sim,06_2_TDS-KyhlTune-260519_195.s2p,,S12,f_2pi3,sim,dispersion_mode_1,2.8571160335532,2.85712,3.966446799896772e-06,-44.881995972221205,-146.3873312366416,touchstone_ri,2.8571160335532,1.0,,,
260519_2dsweep_1p5cell,sim,06_2_TDS-KyhlTune-260519_195.s2p,,S21,f_2pi3,sim,dispersion_mode_1,2.8571160335532,2.85712,3.966446799896772e-06,-44.74770610582377,-146.5392943034176,touchstone_ri,2.8571160335532,1.0,,,
260519_2dsweep_1p5cell,sim,06_2_TDS-KyhlTune-260519_195.s2p,,S22,f_2pi3,sim,dispersion_mode_1,2.8571160335532,2.85712,3.966446799896772e-06,-0.00016668826278094302,-0.6146699392334537,touchstone_ri,2.8571160335532,1.0,,,
260519_2dsweep_1p5cell,sim,06_2_TDS-KyhlTune-260519_196.s2p,,S11,f_2pi3,sim,dispersion_mode_1,2.8571160335532,2.85712,3.966446799896772e-06,-0.00015047547398931228,-122.53419869088148,touchstone_ri,2.8571160335532,1.0,,,
260519_2dsweep_1p5cell,sim,06_2_TDS-KyhlTune-260519_196.s2p,,S12,f_2pi3,sim,dispersion_mode_1,2.8571160335532,2.85712,3.966446799896772e-06,-42.214542025115584,-151.85721842231686,touchstone_ri,2.8571160335532,1.0,,,
260519_2dsweep_1p5cell,sim,06_2_TDS-KyhlTune-260519_196.s2p,,S21,f_2pi3,sim,dispersion_mode_1,2.8571160335532,2.85712,3.966446799896772e-06,-42.209012379730694,-151.83235069745152,touchstone_ri,2.8571160335532,1.0,,,
260519_2dsweep_1p5cell,sim,06_2_TDS-KyhlTune-260519_196.s2p,,S22,f_2pi3,sim,dispersion_mode_1,2.8571160335532,2.85712,3.966446799896772e-06,-0.00023020346676302402,-1.1201708812015787,touchstone_ri,2.8571160335532,1.0,,,
260519_2dsweep_1p5cell,sim,06_2_TDS-KyhlTune-260519_197.s2p,,S11,f_2pi3,sim,dispersion_mode_1,2.8571160335532,2.85712,3.966446799896772e-06,-0.0011439388121333863,-135.71317646831992,touchstone_ri,2.8571160335532,1.0,,,
260519_2dsweep_1p5cell,sim,06_2_TDS-KyhlTune-260519_197.s2p,,S12,f_2pi3,sim,dispersion_mode_1,2.8571160335532,2.85712,3.966446799896772e-06,-43.074345077848065,-158.66670947039287,touchstone_ri,2.8571160335532,1.0,,,
260519_2dsweep_1p5cell,sim,06_2_TDS-KyhlTune-260519_197.s2p,,S21,f_2pi3,sim,dispersion_mode_1,2.8571160335532,2.85712,3.966446799896772e-06,-43.03742526863189,-158.63359379532682,touchstone_ri,2.8571160335532,1.0,,,
260519_2dsweep_1p5cell,sim,06_2_TDS-KyhlTune-260519_197.s2p,,S22,f_2pi3,sim,dispersion_mode_1,2.8571160335532,2.85712,3.966446799896772e-06,-0.00025058196991191976,-1.5626543040535643,touchstone_ri,2.8571160335532,1.0,,,
260519_2dsweep_1p5cell,sim,06_2_TDS-KyhlTune-260519_198.s2p,,S11,f_2pi3,sim,dispersion_mode_1,2.8571160335532,2.85712,3.966446799896772e-06,-0.0008609885650886883,-147.6599440263723,touchstone_ri,2.8571160335532,1.0,,,
260519_2dsweep_1p5cell,sim,06_2_TDS-KyhlTune-260519_198.s2p,,S12,f_2pi3,sim,dispersion_mode_1,2.8571160335532,2.85712,3.966446799896772e-06,-42.50322970628468,-164.83463361570196,touchstone_ri,2.8571160335532,1.0,,,
260519_2dsweep_1p5cell,sim,06_2_TDS-KyhlTune-260519_198.s2p,,S21,f_2pi3,sim,dispersion_mode_1,2.8571160335532,2.85712,3.966446799896772e-06,-42.42982226418035,-164.79969869050186,touchstone_ri,2.8571160335532,1.0,,,
260519_2dsweep_1p5cell,sim,06_2_TDS-KyhlTune-260519_198.s2p,,S22,f_2pi3,sim,dispersion_mode_1,2.8571160335532,2.85712,3.966446799896772e-06,-0.0002876230640736492,-1.99527576793521,touchstone_ri,2.8571160335532,1.0,,,
260519_2dsweep_1p5cell,sim,06_2_TDS-KyhlTune-260519_199.s2p,,S11,f_2pi3,sim,dispersion_mode_1,2.8571160335532,2.85712,3.966446799896772e-06,0.00283874590432943,-162.44051758540218,touchstone_ri,2.8571160335532,1.0,,,
260519_2dsweep_1p5cell,sim,06_2_TDS-KyhlTune-260519_199.s2p,,S12,f_2pi3,sim,dispersion_mode_1,2.8571160335532,2.85712,3.966446799896772e-06,-41.71247848947594,-171.93442219257653,touchstone_ri,2.8571160335532,1.0,,,
260519_2dsweep_1p5cell,sim,06_2_TDS-KyhlTune-260519_199.s2p,,S21,f_2pi3,sim,dispersion_mode_1,2.8571160335532,2.85712,3.966446799896772e-06,-41.47440152721594,-172.40588544033065,touchstone_ri,2.8571160335532,1.0,,,
260519_2dsweep_1p5cell,sim,06_2_TDS-KyhlTune-260519_199.s2p,,S22,f_2pi3,sim,dispersion_mode_1,2.8571160335532,2.85712,3.966446799896772e-06,-0.00030313782050646104,-2.419616718619762,touchstone_ri,2.8571160335532,1.0,,,
260519_2dsweep_1p5cell,sim,06_2_TDS-KyhlTune-260519_1_1.s2p,,S11,f_2pi3,sim,dispersion_mode_1,2.8571160335532,2.85712,3.966446799896772e-06,-0.007716403976977027,-33.75716785978963,touchstone_ri,2.8571160335532,1.0,,,
260519_2dsweep_1p5cell,sim,06_2_TDS-KyhlTune-260519_1_1.s2p,,S12,f_2pi3,sim,dispersion_mode_1,2.8571160335532,2.85712,3.966446799896772e-06,-27.50509634473989,-124.10203288114408,touchstone_ri,2.8571160335532,1.0,,,
260519_2dsweep_1p5cell,sim,06_2_TDS-KyhlTune-260519_1_1.s2p,,S21,f_2pi3,sim,dispersion_mode_1,2.8571160335532,2.85712,3.966446799896772e-06,-27.505098187956605,-124.10431063458823,touchstone_ri,2.8571160335532,1.0,,,
260519_2dsweep_1p5cell,sim,06_2_TDS-KyhlTune-260519_1_1.s2p,,S22,f_2pi3,sim,dispersion_mode_1,2.8571160335532,2.85712,3.966446799896772e-06,-0.007746307223238814,-34.448940518924495,touchstone_ri,2.8571160335532,1.0,,,
260519_2dsweep_1p5cell,sim,06_2_TDS-KyhlTune-260519_2.s2p,,S11,f_2pi3,sim,dispersion_mode_1,2.8571160335532,2.85712,3.966446799896772e-06,-2.572243310885864e-05,-69.88781708375554,touchstone_ri,2.8571160335532,1.0,,,
260519_2dsweep_1p5cell,sim,06_2_TDS-KyhlTune-260519_2.s2p,,S12,f_2pi3,sim,dispersion_mode_1,2.8571160335532,2.85712,3.966446799896772e-06,-49.04869986512323,-123.68454078074485,touchstone_ri,2.8571160335532,1.0,,,
260519_2dsweep_1p5cell,sim,06_2_TDS-KyhlTune-260519_2.s2p,,S21,f_2pi3,sim,dispersion_mode_1,2.8571160335532,2.85712,3.966446799896772e-06,-48.930210133966554,-123.6617811995413,touchstone_ri,2.8571160335532,1.0,,,
260519_2dsweep_1p5cell,sim,06_2_TDS-KyhlTune-260519_2.s2p,,S22,f_2pi3,sim,dispersion_mode_1,2.8571160335532,2.85712,3.966446799896772e-06,-3.998923742348305e-05,2.6563333228366885,touchstone_ri,2.8571160335532,1.0,,,
260519_2dsweep_1p5cell,sim,06_2_TDS-KyhlTune-260519_20.s2p,,S11,f_2pi3,sim,dispersion_mode_1,2.8571160335532,2.85712,3.966446799896772e-06,4.161861680477201e-07,-32.7108475427491,touchstone_ri,2.8571160335532,1.0,,,
260519_2dsweep_1p5cell,sim,06_2_TDS-KyhlTune-260519_20.s2p,,S12,f_2pi3,sim,dispersion_mode_1,2.8571160335532,2.85712,3.966446799896772e-06,-58.11151692295037,-90.13322998339939,touchstone_ri,2.8571160335532,1.0,,,
260519_2dsweep_1p5cell,sim,06_2_TDS-KyhlTune-260519_20.s2p,,S21,f_2pi3,sim,dispersion_mode_1,2.8571160335532,2.85712,3.966446799896772e-06,-58.08516211198948,-90.10817459182626,touchstone_ri,2.8571160335532,1.0,,,
260519_2dsweep_1p5cell,sim,06_2_TDS-KyhlTune-260519_20.s2p,,S22,f_2pi3,sim,dispersion_mode_1,2.8571160335532,2.85712,3.966446799896772e-06,3.263566479160314e-07,32.463979966038025,touchstone_ri,2.8571160335532,1.0,,,
260519_2dsweep_1p5cell,sim,06_2_TDS-KyhlTune-260519_200.s2p,,S11,f_2pi3,sim,dispersion_mode_1,2.8571160335532,2.85712,3.966446799896772e-06,-0.014065747503725967,-85.86886108411666,touchstone_ri,2.8571160335532,1.0,,,
260519_2dsweep_1p5cell,sim,06_2_TDS-KyhlTune-260519_200.s2p,,S12,f_2pi3,sim,dispersion_mode_1,2.8571160335532,2.85712,3.966446799896772e-06,-46.18939628750595,-132.16053354075527,touchstone_ri,2.8571160335532,1.0,,,
260519_2dsweep_1p5cell,sim,06_2_TDS-KyhlTune-260519_200.s2p,,S21,f_2pi3,sim,dispersion_mode_1,2.8571160335532,2.85712,3.966446799896772e-06,-46.1928910845437,-132.1729080998763,touchstone_ri,2.8571160335532,1.0,,,
260519_2dsweep_1p5cell,sim,06_2_TDS-KyhlTune-260519_200.s2p,,S22,f_2pi3,sim,dispersion_mode_1,2.8571160335532,2.85712,3.966446799896772e-06,-8.428746588728464e-05,1.663194469115317,touchstone_ri,2.8571160335532,1.0,,,
260519_2dsweep_1p5cell,sim,06_2_TDS-KyhlTune-260519_201.s2p,,S11,f_2pi3,sim,dispersion_mode_1,2.8571160335532,2.85712,3.966446799896772e-06,-0.0001382366428176542,-93.64337945199672,touchstone_ri,2.8571160335532,1.0,,,
260519_2dsweep_1p5cell,sim,06_2_TDS-KyhlTune-260519_201.s2p,,S12,f_2pi3,sim,dispersion_mode_1,2.8571160335532,2.85712,3.966446799896772e-06,-44.428892590282764,-136.3581192199525,touchstone_ri,2.8571160335532,1.0,,,
260519_2dsweep_1p5cell,sim,06_2_TDS-KyhlTune-260519_201.s2p,,S21,f_2pi3,sim,dispersion_mode_1,2.8571160335532,2.85712,3.966446799896772e-06,-44.430400459278054,-136.37618916762102,touchstone_ri,2.8571160335532,1.0,,,
260519_2dsweep_1p5cell,sim,06_2_TDS-KyhlTune-260519_201.s2p,,S22,f_2pi3,sim,dispersion_mode_1,2.8571160335532,2.85712,3.966446799896772e-06,-0.00017127529861239444,0.932791962225282,touchstone_ri,2.8571160335532,1.0,,,
260519_2dsweep_1p5cell,sim,06_2_TDS-KyhlTune-260519_202.s2p,,S11,f_2pi3,sim,dispersion_mode_1,2.8571160335532,2.85712,3.966446799896772e-06,-0.00038274086130868096,-101.32822747531843,touchstone_ri,2.8571160335532,1.0,,,
260519_2dsweep_1p5cell,sim,06_2_TDS-KyhlTune-260519_202.s2p,,S12,f_2pi3,sim,dispersion_mode_1,2.8571160335532,2.85712,3.966446799896772e-06,-44.21184820309408,-140.38322551556772,touchstone_ri,2.8571160335532,1.0,,,
260519_2dsweep_1p5cell,sim,06_2_TDS-KyhlTune-260519_202.s2p,,S21,f_2pi3,sim,dispersion_mode_1,2.8571160335532,2.85712,3.966446799896772e-06,-44.21115910031005,-140.47857074614194,touchstone_ri,2.8571160335532,1.0,,,
260519_2dsweep_1p5cell,sim,06_2_TDS-KyhlTune-260519_202.s2p,,S22,f_2pi3,sim,dispersion_mode_1,2.8571160335532,2.85712,3.966446799896772e-06,-0.00020671625045929774,0.2866108675333706,touchstone_ri,2.8571160335532,1.0,,,
260519_2dsweep_1p5cell,sim,06_2_TDS-KyhlTune-260519_203.s2p,,S11,f_2pi3,sim,dispersion_mode_1,2.8571160335532,2.85712,3.966446799896772e-06,-0.0008697490218212901,-111.20221684340376,touchstone_ri,2.8571160335532,1.0,,,
260519_2dsweep_1p5cell,sim,06_2_TDS-KyhlTune-260519_203.s2p,,S12,f_2pi3,sim,dispersion_mode_1,2.8571160335532,2.85712,3.966446799896772e-06,-43.89554576848258,-145.73826880657137,touchstone_ri,2.8571160335532,1.0,,,
260519_2dsweep_1p5cell,sim,06_2_TDS-KyhlTune-260519_203.s2p,,S21,f_2pi3,sim,dispersion_mode_1,2.8571160335532,2.85712,3.966446799896772e-06,-43.89385497887406,-145.75331377343025,touchstone_ri,2.8571160335532,1.0,,,
260519_2dsweep_1p5cell,sim,06_2_TDS-KyhlTune-260519_203.s2p,,S22,f_2pi3,sim,dispersion_mode_1,2.8571160335532,2.85712,3.966446799896772e-06,-0.00015347465429232452,-0.3097580404706138,touchstone_ri,2.8571160335532,1.0,,,
260519_2dsweep_1p5cell,sim,06_2_TDS-KyhlTune-260519_204.s2p,,S11,f_2pi3,sim,dispersion_mode_1,2.8571160335532,2.85712,3.966446799896772e-06,0.00026598734303103454,-123.41146091658017,touchstone_ri,2.8571160335532,1.0,,,
260519_2dsweep_1p5cell,sim,06_2_TDS-KyhlTune-260519_204.s2p,,S12,f_2pi3,sim,dispersion_mode_1,2.8571160335532,2.85712,3.966446799896772e-06,-43.614378934115635,-152.17513302773997,touchstone_ri,2.8571160335532,1.0,,,
260519_2dsweep_1p5cell,sim,06_2_TDS-KyhlTune-260519_204.s2p,,S21,f_2pi3,sim,dispersion_mode_1,2.8571160335532,2.85712,3.966446799896772e-06,-43.612176628763386,-152.12273398166207,touchstone_ri,2.8571160335532,1.0,,,
260519_2dsweep_1p5cell,sim,06_2_TDS-KyhlTune-260519_204.s2p,,S22,f_2pi3,sim,dispersion_mode_1,2.8571160335532,2.85712,3.966446799896772e-06,-0.00019279785527172026,-0.8268346426419384,touchstone_ri,2.8571160335532,1.0,,,
260519_2dsweep_1p5cell,sim,06_2_TDS-KyhlTune-260519_205.s2p,,S11,f_2pi3,sim,dispersion_mode_1,2.8571160335532,2.85712,3.966446799896772e-06,-0.003774627742358159,-136.34418564588412,touchstone_ri,2.8571160335532,1.0,,,
260519_2dsweep_1p5cell,sim,06_2_TDS-KyhlTune-260519_205.s2p,,S12,f_2pi3,sim,dispersion_mode_1,2.8571160335532,2.85712,3.966446799896772e-06,-41.893092358424994,-158.86661270485416,touchstone_ri,2.8571160335532,1.0,,,
260519_2dsweep_1p5cell,sim,06_2_TDS-KyhlTune-260519_205.s2p,,S21,f_2pi3,sim,dispersion_mode_1,2.8571160335532,2.85712,3.966446799896772e-06,-41.8846572860685,-158.83172929890173,touchstone_ri,2.8571160335532,1.0,,,
260519_2dsweep_1p5cell,sim,06_2_TDS-KyhlTune-260519_205.s2p,,S22,f_2pi3,sim,dispersion_mode_1,2.8571160335532,2.85712,3.966446799896772e-06,-0.00030949338110762255,-1.325456740728616,touchstone_ri,2.8571160335532,1.0,,,
260519_2dsweep_1p5cell,sim,06_2_TDS-KyhlTune-260519_206.s2p,,S11,f_2pi3,sim,dispersion_mode_1,2.8571160335532,2.85712,3.966446799896772e-06,-0.0020035571023800237,-151.46064772593002,touchstone_ri,2.8571160335532,1.0,,,
260519_2dsweep_1p5cell,sim,06_2_TDS-KyhlTune-260519_206.s2p,,S12,f_2pi3,sim,dispersion_mode_1,2.8571160335532,2.85712,3.966446799896772e-06,-42.989809666140566,-166.5602016060387,touchstone_ri,2.8571160335532,1.0,,,
260519_2dsweep_1p5cell,sim,06_2_TDS-KyhlTune-260519_206.s2p,,S21,f_2pi3,sim,dispersion_mode_1,2.8571160335532,2.85712,3.966446799896772e-06,-42.91736531211847,-166.40648830875733,touchstone_ri,2.8571160335532,1.0,,,
260519_2dsweep_1p5cell,sim,06_2_TDS-KyhlTune-260519_206.s2p,,S22,f_2pi3,sim,dispersion_mode_1,2.8571160335532,2.85712,3.966446799896772e-06,-0.0002700635747630045,-1.7959823646187487,touchstone_ri,2.8571160335532,1.0,,,
260519_2dsweep_1p5cell,sim,06_2_TDS-KyhlTune-260519_207.s2p,,S11,f_2pi3,sim,dispersion_mode_1,2.8571160335532,2.85712,3.966446799896772e-06,-0.0022952325938886404,-167.3987062805768,touchstone_ri,2.8571160335532,1.0,,,
260519_2dsweep_1p5cell,sim,06_2_TDS-KyhlTune-260519_207.s2p,,S12,f_2pi3,sim,dispersion_mode_1,2.8571160335532,2.85712,3.966446799896772e-06,-41.73110720428582,-174.4290690528344,touchstone_ri,2.8571160335532,1.0,,,
260519_2dsweep_1p5cell,sim,06_2_TDS-KyhlTune-260519_207.s2p,,S21,f_2pi3,sim,dispersion_mode_1,2.8571160335532,2.85712,3.966446799896772e-06,-41.46400687149517,-174.8164469201715,touchstone_ri,2.8571160335532,1.0,,,
260519_2dsweep_1p5cell,sim,06_2_TDS-KyhlTune-260519_207.s2p,,S22,f_2pi3,sim,dispersion_mode_1,2.8571160335532,2.85712,3.966446799896772e-06,-0.00035844788022281203,-2.2192360919193446,touchstone_ri,2.8571160335532,1.0,,,
260519_2dsweep_1p5cell,sim,06_2_TDS-KyhlTune-260519_208.s2p,,S11,f_2pi3,sim,dispersion_mode_1,2.8571160335532,2.85712,3.966446799896772e-06,-0.0005738562151930693,174.0670563705315,touchstone_ri,2.8571160335532,1.0,,,
260519_2dsweep_1p5cell,sim,06_2_TDS-KyhlTune-260519_208.s2p,,S12,f_2pi3,sim,dispersion_mode_1,2.8571160335532,2.85712,3.966446799896772e-06,-41.97933578658475,175.85643276817538,touchstone_ri,2.8571160335532,1.0,,,
260519_2dsweep_1p5cell,sim,06_2_TDS-KyhlTune-260519_208.s2p,,S21,f_2pi3,sim,dispersion_mode_1,2.8571160335532,2.85712,3.966446799896772e-06,-41.82639702967762,176.25996716125624,touchstone_ri,2.8571160335532,1.0,,,
260519_2dsweep_1p5cell,sim,06_2_TDS-KyhlTune-260519_208.s2p,,S22,f_2pi3,sim,dispersion_mode_1,2.8571160335532,2.85712,3.966446799896772e-06,-0.0002771651852634787,-2.6454213244296594,touchstone_ri,2.8571160335532,1.0,,,
260519_2dsweep_1p5cell,sim,06_2_TDS-KyhlTune-260519_209.s2p,,S11,f_2pi3,sim,dispersion_mode_1,2.8571160335532,2.85712,3.966446799896772e-06,0.0010414399754275563,155.2906978179388,touchstone_ri,2.8571160335532,1.0,,,
260519_2dsweep_1p5cell,sim,06_2_TDS-KyhlTune-260519_209.s2p,,S12,f_2pi3,sim,dispersion_mode_1,2.8571160335532,2.85712,3.966446799896772e-06,-41.729020112897935,166.3603799527355,touchstone_ri,2.8571160335532,1.0,,,
260519_2dsweep_1p5cell,sim,06_2_TDS-KyhlTune-260519_209.s2p,,S21,f_2pi3,sim,dispersion_mode_1,2.8571160335532,2.85712,3.966446799896772e-06,-41.61278716674786,166.08859298866474,touchstone_ri,2.8571160335532,1.0,,,
260519_2dsweep_1p5cell,sim,06_2_TDS-KyhlTune-260519_209.s2p,,S22,f_2pi3,sim,dispersion_mode_1,2.8571160335532,2.85712,3.966446799896772e-06,-0.0003084202481664207,-3.013694218722838,touchstone_ri,2.8571160335532,1.0,,,
260519_2dsweep_1p5cell,sim,06_2_TDS-KyhlTune-260519_21.s2p,,S11,f_2pi3,sim,dispersion_mode_1,2.8571160335532,2.85712,3.966446799896772e-06,1.9918195250607167e-06,-33.2757347455972,touchstone_ri,2.8571160335532,1.0,,,
260519_2dsweep_1p5cell,sim,06_2_TDS-KyhlTune-260519_21.s2p,,S12,f_2pi3,sim,dispersion_mode_1,2.8571160335532,2.85712,3.966446799896772e-06,-58.58717502199593,-92.43954854990125,touchstone_ri,2.8571160335532,1.0,,,
260519_2dsweep_1p5cell,sim,06_2_TDS-KyhlTune-260519_21.s2p,,S21,f_2pi3,sim,dispersion_mode_1,2.8571160335532,2.85712,3.966446799896772e-06,-58.61787332384906,-92.36372282970551,touchstone_ri,2.8571160335532,1.0,,,
260519_2dsweep_1p5cell,sim,06_2_TDS-KyhlTune-260519_21.s2p,,S22,f_2pi3,sim,dispersion_mode_1,2.8571160335532,2.85712,3.966446799896772e-06,-8.428614304388656e-06,28.56486526080095,touchstone_ri,2.8571160335532,1.0,,,
260519_2dsweep_1p5cell,sim,06_2_TDS-KyhlTune-260519_210.s2p,,S11,f_2pi3,sim,dispersion_mode_1,2.8571160335532,2.85712,3.966446799896772e-06,0.0007591643735648183,137.11207335875568,touchstone_ri,2.8571160335532,1.0,,,
260519_2dsweep_1p5cell,sim,06_2_TDS-KyhlTune-260519_210.s2p,,S12,f_2pi3,sim,dispersion_mode_1,2.8571160335532,2.85712,3.966446799896772e-06,-43.37026800085442,156.93530968704795,touchstone_ri,2.8571160335532,1.0,,,
260519_2dsweep_1p5cell,sim,06_2_TDS-KyhlTune-260519_210.s2p,,S21,f_2pi3,sim,dispersion_mode_1,2.8571160335532,2.85712,3.966446799896772e-06,-43.26281045113254,156.98572571281392,touchstone_ri,2.8571160335532,1.0,,,
260519_2dsweep_1p5cell,sim,06_2_TDS-KyhlTune-260519_210.s2p,,S22,f_2pi3,sim,dispersion_mode_1,2.8571160335532,2.85712,3.966446799896772e-06,-0.00021219617286805643,-3.344603209878418,touchstone_ri,2.8571160335532,1.0,,,
260519_2dsweep_1p5cell,sim,06_2_TDS-KyhlTune-260519_211.s2p,,S11,f_2pi3,sim,dispersion_mode_1,2.8571160335532,2.85712,3.966446799896772e-06,-0.002840332681752179,-111.59756026055155,touchstone_ri,2.8571160335532,1.0,,,
260519_2dsweep_1p5cell,sim,06_2_TDS-KyhlTune-260519_211.s2p,,S12,f_2pi3,sim,dispersion_mode_1,2.8571160335532,2.85712,3.966446799896772e-06,-43.65626985883448,-145.80336134953467,touchstone_ri,2.8571160335532,1.0,,,
260519_2dsweep_1p5cell,sim,06_2_TDS-KyhlTune-260519_211.s2p,,S21,f_2pi3,sim,dispersion_mode_1,2.8571160335532,2.85712,3.966446799896772e-06,-43.65054455663062,-145.80514080081556,touchstone_ri,2.8571160335532,1.0,,,
260519_2dsweep_1p5cell,sim,06_2_TDS-KyhlTune-260519_211.s2p,,S22,f_2pi3,sim,dispersion_mode_1,2.8571160335532,2.85712,3.966446799896772e-06,-0.00021998660372486326,0.02926354211080626,touchstone_ri,2.8571160335532,1.0,,,
260519_2dsweep_1p5cell,sim,06_2_TDS-KyhlTune-260519_212.s2p,,S11,f_2pi3,sim,dispersion_mode_1,2.8571160335532,2.85712,3.966446799896772e-06,-0.0023011764432137984,-124.62746325203427,touchstone_ri,2.8571160335532,1.0,,,
260519_2dsweep_1p5cell,sim,06_2_TDS-KyhlTune-260519_212.s2p,,S12,f_2pi3,sim,dispersion_mode_1,2.8571160335532,2.85712,3.966446799896772e-06,-42.05813335113632,-152.57947273023538,touchstone_ri,2.8571160335532,1.0,,,
260519_2dsweep_1p5cell,sim,06_2_TDS-KyhlTune-260519_212.s2p,,S21,f_2pi3,sim,dispersion_mode_1,2.8571160335532,2.85712,3.966446799896772e-06,-42.03976261373541,-152.61437371378565,touchstone_ri,2.8571160335532,1.0,,,
260519_2dsweep_1p5cell,sim,06_2_TDS-KyhlTune-260519_212.s2p,,S22,f_2pi3,sim,dispersion_mode_1,2.8571160335532,2.85712,3.966446799896772e-06,-0.0003163479469589745,-0.5741540776459451,touchstone_ri,2.8571160335532,1.0,,,
260519_2dsweep_1p5cell,sim,06_2_TDS-KyhlTune-260519_213.s2p,,S11,f_2pi3,sim,dispersion_mode_1,2.8571160335532,2.85712,3.966446799896772e-06,-0.0010990160143209233,-138.96787492521688,touchstone_ri,2.8571160335532,1.0,,,
260519_2dsweep_1p5cell,sim,06_2_TDS-KyhlTune-260519_213.s2p,,S12,f_2pi3,sim,dispersion_mode_1,2.8571160335532,2.85712,3.966446799896772e-06,-41.77289777056405,-160.03175456328157,touchstone_ri,2.8571160335532,1.0,,,
260519_2dsweep_1p5cell,sim,06_2_TDS-KyhlTune-260519_213.s2p,,S21,f_2pi3,sim,dispersion_mode_1,2.8571160335532,2.85712,3.966446799896772e-06,-41.73342132340889,-159.99612436975306,touchstone_ri,2.8571160335532,1.0,,,
260519_2dsweep_1p5cell,sim,06_2_TDS-KyhlTune-260519_213.s2p,,S22,f_2pi3,sim,dispersion_mode_1,2.8571160335532,2.85712,3.966446799896772e-06,-0.00036108525561274053,-1.106657088949325,touchstone_ri,2.8571160335532,1.0,,,
260519_2dsweep_1p5cell,sim,06_2_TDS-KyhlTune-260519_214.s2p,,S11,f_2pi3,sim,dispersion_mode_1,2.8571160335532,2.85712,3.966446799896772e-06,0.003312508348452981,-155.04876489016516,touchstone_ri,2.8571160335532,1.0,,,
260519_2dsweep_1p5cell,sim,06_2_TDS-KyhlTune-260519_214.s2p,,S12,f_2pi3,sim,dispersion_mode_1,2.8571160335532,2.85712,3.966446799896772e-06,-41.07411989499687,-168.32405627250785,touchstone_ri,2.8571160335532,1.0,,,
260519_2dsweep_1p5cell,sim,06_2_TDS-KyhlTune-260519_214.s2p,,S21,f_2pi3,sim,dispersion_mode_1,2.8571160335532,2.85712,3.966446799896772e-06,-41.01656628056367,-168.28504605664958,touchstone_ri,2.8571160335532,1.0,,,
260519_2dsweep_1p5cell,sim,06_2_TDS-KyhlTune-260519_214.s2p,,S22,f_2pi3,sim,dispersion_mode_1,2.8571160335532,2.85712,3.966446799896772e-06,-0.00039335769818090913,-1.651513688797659,touchstone_ri,2.8571160335532,1.0,,,
260519_2dsweep_1p5cell,sim,06_2_TDS-KyhlTune-260519_215.s2p,,S11,f_2pi3,sim,dispersion_mode_1,2.8571160335532,2.85712,3.966446799896772e-06,-0.0013900473245978561,-173.49577700972156,touchstone_ri,2.8571160335532,1.0,,,
260519_2dsweep_1p5cell,sim,06_2_TDS-KyhlTune-260519_215.s2p,,S12,f_2pi3,sim,dispersion_mode_1,2.8571160335532,2.85712,3.966446799896772e-06,-41.81002416525441,-177.8089763676868,touchstone_ri,2.8571160335532,1.0,,,
260519_2dsweep_1p5cell,sim,06_2_TDS-KyhlTune-260519_215.s2p,,S21,f_2pi3,sim,dispersion_mode_1,2.8571160335532,2.85712,3.966446799896772e-06,-41.799453920782874,-177.78913223674087,touchstone_ri,2.8571160335532,1.0,,,
260519_2dsweep_1p5cell,sim,06_2_TDS-KyhlTune-260519_215.s2p,,S22,f_2pi3,sim,dispersion_mode_1,2.8571160335532,2.85712,3.966446799896772e-06,-0.0003271367706561398,-2.0787769140362315,touchstone_ri,2.8571160335532,1.0,,,
260519_2dsweep_1p5cell,sim,06_2_TDS-KyhlTune-260519_216.s2p,,S11,f_2pi3,sim,dispersion_mode_1,2.8571160335532,2.85712,3.966446799896772e-06,0.0012845885612047915,163.2038563834517,touchstone_ri,2.8571160335532,1.0,,,
260519_2dsweep_1p5cell,sim,06_2_TDS-KyhlTune-260519_216.s2p,,S12,f_2pi3,sim,dispersion_mode_1,2.8571160335532,2.85712,3.966446799896772e-06,-41.29013487051154,170.34960923372938,touchstone_ri,2.8571160335532,1.0,,,
260519_2dsweep_1p5cell,sim,06_2_TDS-KyhlTune-260519_216.s2p,,S21,f_2pi3,sim,dispersion_mode_1,2.8571160335532,2.85712,3.966446799896772e-06,-41.25669854630674,170.03756509074879,touchstone_ri,2.8571160335532,1.0,,,
260519_2dsweep_1p5cell,sim,06_2_TDS-KyhlTune-260519_216.s2p,,S22,f_2pi3,sim,dispersion_mode_1,2.8571160335532,2.85712,3.966446799896772e-06,-0.00033174629739377693,-2.5221280122588405,touchstone_ri,2.8571160335532,1.0,,,
260519_2dsweep_1p5cell,sim,06_2_TDS-KyhlTune-260519_217.s2p,,S11,f_2pi3,sim,dispersion_mode_1,2.8571160335532,2.85712,3.966446799896772e-06,5.2112993151239245e-05,146.63333443001048,touchstone_ri,2.8571160335532,1.0,,,
260519_2dsweep_1p5cell,sim,06_2_TDS-KyhlTune-260519_217.s2p,,S12,f_2pi3,sim,dispersion_mode_1,2.8571160335532,2.85712,3.966446799896772e-06,-41.69618515657383,161.9604831120425,touchstone_ri,2.8571160335532,1.0,,,
260519_2dsweep_1p5cell,sim,06_2_TDS-KyhlTune-260519_217.s2p,,S21,f_2pi3,sim,dispersion_mode_1,2.8571160335532,2.85712,3.966446799896772e-06,-41.563309101811484,161.8550118469816,touchstone_ri,2.8571160335532,1.0,,,
260519_2dsweep_1p5cell,sim,06_2_TDS-KyhlTune-260519_217.s2p,,S22,f_2pi3,sim,dispersion_mode_1,2.8571160335532,2.85712,3.966446799896772e-06,-0.00032216792709916403,-2.9152191183975162,touchstone_ri,2.8571160335532,1.0,,,
260519_2dsweep_1p5cell,sim,06_2_TDS-KyhlTune-260519_218.s2p,,S11,f_2pi3,sim,dispersion_mode_1,2.8571160335532,2.85712,3.966446799896772e-06,0.00026662623138854575,128.4846652135369,touchstone_ri,2.8571160335532,1.0,,,
260519_2dsweep_1p5cell,sim,06_2_TDS-KyhlTune-260519_218.s2p,,S12,f_2pi3,sim,dispersion_mode_1,2.8571160335532,2.85712,3.966446799896772e-06,-42.873940491030595,152.99792734239136,touchstone_ri,2.8571160335532,1.0,,,
260519_2dsweep_1p5cell,sim,06_2_TDS-KyhlTune-260519_218.s2p,,S21,f_2pi3,sim,dispersion_mode_1,2.8571160335532,2.85712,3.966446799896772e-06,-42.55575463718212,152.58614128831564,touchstone_ri,2.8571160335532,1.0,,,
260519_2dsweep_1p5cell,sim,06_2_TDS-KyhlTune-260519_218.s2p,,S22,f_2pi3,sim,dispersion_mode_1,2.8571160335532,2.85712,3.966446799896772e-06,-0.0002533725842692944,-3.300369074375539,touchstone_ri,2.8571160335532,1.0,,,
260519_2dsweep_1p5cell,sim,06_2_TDS-KyhlTune-260519_219.s2p,,S11,f_2pi3,sim,dispersion_mode_1,2.8571160335532,2.85712,3.966446799896772e-06,0.0003211662555041947,112.97894822784563,touchstone_ri,2.8571160335532,1.0,,,
260519_2dsweep_1p5cell,sim,06_2_TDS-KyhlTune-260519_219.s2p,,S12,f_2pi3,sim,dispersion_mode_1,2.8571160335532,2.85712,3.966446799896772e-06,-42.70786988153635,144.62498610464704,touchstone_ri,2.8571160335532,1.0,,,
260519_2dsweep_1p5cell,sim,06_2_TDS-KyhlTune-260519_219.s2p,,S21,f_2pi3,sim,dispersion_mode_1,2.8571160335532,2.85712,3.966446799896772e-06,-42.56755028004592,144.9833042605445,touchstone_ri,2.8571160335532,1.0,,,
260519_2dsweep_1p5cell,sim,06_2_TDS-KyhlTune-260519_219.s2p,,S22,f_2pi3,sim,dispersion_mode_1,2.8571160335532,2.85712,3.966446799896772e-06,-0.00027488130429484256,-3.6577529358262892,touchstone_ri,2.8571160335532,1.0,,,
260519_2dsweep_1p5cell,sim,06_2_TDS-KyhlTune-260519_22.s2p,,S11,f_2pi3,sim,dispersion_mode_1,2.8571160335532,2.85712,3.966446799896772e-06,3.5455978705321e-06,-33.3073047230982,touchstone_ri,2.8571160335532,1.0,,,
260519_2dsweep_1p5cell,sim,06_2_TDS-KyhlTune-260519_22.s2p,,S12,f_2pi3,sim,dispersion_mode_1,2.8571160335532,2.85712,3.966446799896772e-06,-58.787338645584214,-93.90839014246147,touchstone_ri,2.8571160335532,1.0,,,
260519_2dsweep_1p5cell,sim,06_2_TDS-KyhlTune-260519_22.s2p,,S21,f_2pi3,sim,dispersion_mode_1,2.8571160335532,2.85712,3.966446799896772e-06,-58.72326535489874,-93.93594445966808,touchstone_ri,2.8571160335532,1.0,,,
260519_2dsweep_1p5cell,sim,06_2_TDS-KyhlTune-260519_22.s2p,,S22,f_2pi3,sim,dispersion_mode_1,2.8571160335532,2.85712,3.966446799896772e-06,-9.21926833341356e-06,25.501400759994524,touchstone_ri,2.8571160335532,1.0,,,
260519_2dsweep_1p5cell,sim,06_2_TDS-KyhlTune-260519_220.s2p,,S11,f_2pi3,sim,dispersion_mode_1,2.8571160335532,2.85712,3.966446799896772e-06,0.00015058166753978235,101.35214320224796,touchstone_ri,2.8571160335532,1.0,,,
260519_2dsweep_1p5cell,sim,06_2_TDS-KyhlTune-260519_220.s2p,,S12,f_2pi3,sim,dispersion_mode_1,2.8571160335532,2.85712,3.966446799896772e-06,-43.43064281900914,138.84432292018823,touchstone_ri,2.8571160335532,1.0,,,
260519_2dsweep_1p5cell,sim,06_2_TDS-KyhlTune-260519_220.s2p,,S21,f_2pi3,sim,dispersion_mode_1,2.8571160335532,2.85712,3.966446799896772e-06,-43.37187804808988,138.75578655480626,touchstone_ri,2.8571160335532,1.0,,,
260519_2dsweep_1p5cell,sim,06_2_TDS-KyhlTune-260519_220.s2p,,S22,f_2pi3,sim,dispersion_mode_1,2.8571160335532,2.85712,3.966446799896772e-06,-0.00018108900814892728,-3.966602580048001,touchstone_ri,2.8571160335532,1.0,,,
260519_2dsweep_1p5cell,sim,06_2_TDS-KyhlTune-260519_221.s2p,,S11,f_2pi3,sim,dispersion_mode_1,2.8571160335532,2.85712,3.966446799896772e-06,0.00028959064395020994,88.02033605866569,touchstone_ri,2.8571160335532,1.0,,,
260519_2dsweep_1p5cell,sim,06_2_TDS-KyhlTune-260519_221.s2p,,S12,f_2pi3,sim,dispersion_mode_1,2.8571160335532,2.85712,3.966446799896772e-06,-44.61834947712425,131.9099566580763,touchstone_ri,2.8571160335532,1.0,,,
260519_2dsweep_1p5cell,sim,06_2_TDS-KyhlTune-260519_221.s2p,,S21,f_2pi3,sim,dispersion_mode_1,2.8571160335532,2.85712,3.966446799896772e-06,-44.5251467261517,131.75933093085604,touchstone_ri,2.8571160335532,1.0,,,
260519_2dsweep_1p5cell,sim,06_2_TDS-KyhlTune-260519_221.s2p,,S22,f_2pi3,sim,dispersion_mode_1,2.8571160335532,2.85712,3.966446799896772e-06,-0.000153065539394371,-4.3061220043720825,touchstone_ri,2.8571160335532,1.0,,,
260519_2dsweep_1p5cell,sim,06_2_TDS-KyhlTune-260519_222.s2p,,S11,f_2pi3,sim,dispersion_mode_1,2.8571160335532,2.85712,3.966446799896772e-06,-0.01941469937943867,-158.38015707074345,touchstone_ri,2.8571160335532,1.0,,,
260519_2dsweep_1p5cell,sim,06_2_TDS-KyhlTune-260519_222.s2p,,S12,f_2pi3,sim,dispersion_mode_1,2.8571160335532,2.85712,3.966446799896772e-06,-43.21029920798147,-170.40581134388506,touchstone_ri,2.8571160335532,1.0,,,
260519_2dsweep_1p5cell,sim,06_2_TDS-KyhlTune-260519_222.s2p,,S21,f_2pi3,sim,dispersion_mode_1,2.8571160335532,2.85712,3.966446799896772e-06,-41.43598390941606,-169.9574705929233,touchstone_ri,2.8571160335532,1.0,,,
260519_2dsweep_1p5cell,sim,06_2_TDS-KyhlTune-260519_222.s2p,,S22,f_2pi3,sim,dispersion_mode_1,2.8571160335532,2.85712,3.966446799896772e-06,-0.00023099856715913498,-1.4658074837760624,touchstone_ri,2.8571160335532,1.0,,,
260519_2dsweep_1p5cell,sim,06_2_TDS-KyhlTune-260519_223.s2p,,S11,f_2pi3,sim,dispersion_mode_1,2.8571160335532,2.85712,3.966446799896772e-06,9.11657395411024e-07,-178.0985112249966,touchstone_ri,2.8571160335532,1.0,,,
260519_2dsweep_1p5cell,sim,06_2_TDS-KyhlTune-260519_223.s2p,,S12,f_2pi3,sim,dispersion_mode_1,2.8571160335532,2.85712,3.966446799896772e-06,-40.96166451808702,179.9654233904148,touchstone_ri,2.8571160335532,1.0,,,
260519_2dsweep_1p5cell,sim,06_2_TDS-KyhlTune-260519_223.s2p,,S21,f_2pi3,sim,dispersion_mode_1,2.8571160335532,2.85712,3.966446799896772e-06,-40.95505345385835,179.95736813631825,touchstone_ri,2.8571160335532,1.0,,,
260519_2dsweep_1p5cell,sim,06_2_TDS-KyhlTune-260519_223.s2p,,S22,f_2pi3,sim,dispersion_mode_1,2.8571160335532,2.85712,3.966446799896772e-06,-0.00034642743434418677,-1.9899650601884182,touchstone_ri,2.8571160335532,1.0,,,
260519_2dsweep_1p5cell,sim,06_2_TDS-KyhlTune-260519_224.s2p,,S11,f_2pi3,sim,dispersion_mode_1,2.8571160335532,2.85712,3.966446799896772e-06,2.2099036471688713e-05,155.89580631384186,touchstone_ri,2.8571160335532,1.0,,,
260519_2dsweep_1p5cell,sim,06_2_TDS-KyhlTune-260519_224.s2p,,S12,f_2pi3,sim,dispersion_mode_1,2.8571160335532,2.85712,3.966446799896772e-06,-41.11812017971953,166.68439442809733,touchstone_ri,2.8571160335532,1.0,,,
260519_2dsweep_1p5cell,sim,06_2_TDS-KyhlTune-260519_224.s2p,,S21,f_2pi3,sim,dispersion_mode_1,2.8571160335532,2.85712,3.966446799896772e-06,-41.02183728661554,166.71477343534588,touchstone_ri,2.8571160335532,1.0,,,
260519_2dsweep_1p5cell,sim,06_2_TDS-KyhlTune-260519_224.s2p,,S22,f_2pi3,sim,dispersion_mode_1,2.8571160335532,2.85712,3.966446799896772e-06,-0.00030703588678846687,-2.429371110608639,touchstone_ri,2.8571160335532,1.0,,,
260519_2dsweep_1p5cell,sim,06_2_TDS-KyhlTune-260519_225.s2p,,S11,f_2pi3,sim,dispersion_mode_1,2.8571160335532,2.85712,3.966446799896772e-06,-0.000469893257270743,137.86947289069386,touchstone_ri,2.8571160335532,1.0,,,
260519_2dsweep_1p5cell,sim,06_2_TDS-KyhlTune-260519_225.s2p,,S12,f_2pi3,sim,dispersion_mode_1,2.8571160335532,2.85712,3.966446799896772e-06,-41.07894207657636,157.48301953920756,touchstone_ri,2.8571160335532,1.0,,,
260519_2dsweep_1p5cell,sim,06_2_TDS-KyhlTune-260519_225.s2p,,S21,f_2pi3,sim,dispersion_mode_1,2.8571160335532,2.85712,3.966446799896772e-06,-41.07328988313501,157.49845879614506,touchstone_ri,2.8571160335532,1.0,,,
260519_2dsweep_1p5cell,sim,06_2_TDS-KyhlTune-260519_225.s2p,,S22,f_2pi3,sim,dispersion_mode_1,2.8571160335532,2.85712,3.966446799896772e-06,-0.00033532938889870327,-2.8816028126026803,touchstone_ri,2.8571160335532,1.0,,,
260519_2dsweep_1p5cell,sim,06_2_TDS-KyhlTune-260519_226.s2p,,S11,f_2pi3,sim,dispersion_mode_1,2.8571160335532,2.85712,3.966446799896772e-06,0.0018224622513670148,117.59308983478718,touchstone_ri,2.8571160335532,1.0,,,
260519_2dsweep_1p5cell,sim,06_2_TDS-KyhlTune-260519_226.s2p,,S12,f_2pi3,sim,dispersion_mode_1,2.8571160335532,2.85712,3.966446799896772e-06,-41.62588818406279,147.11448519732588,touchstone_ri,2.8571160335532,1.0,,,
260519_2dsweep_1p5cell,sim,06_2_TDS-KyhlTune-260519_226.s2p,,S21,f_2pi3,sim,dispersion_mode_1,2.8571160335532,2.85712,3.966446799896772e-06,-41.629740027044654,147.00909190896826,touchstone_ri,2.8571160335532,1.0,,,
260519_2dsweep_1p5cell,sim,06_2_TDS-KyhlTune-260519_226.s2p,,S22,f_2pi3,sim,dispersion_mode_1,2.8571160335532,2.85712,3.966446799896772e-06,-0.0002964688919225523,-3.272405013154013,touchstone_ri,2.8571160335532,1.0,,,
260519_2dsweep_1p5cell,sim,06_2_TDS-KyhlTune-260519_227.s2p,,S11,f_2pi3,sim,dispersion_mode_1,2.8571160335532,2.85712,3.966446799896772e-06,-0.00017928341163904837,105.21196095518218,touchstone_ri,2.8571160335532,1.0,,,
260519_2dsweep_1p5cell,sim,06_2_TDS-KyhlTune-260519_227.s2p,,S12,f_2pi3,sim,dispersion_mode_1,2.8571160335532,2.85712,3.966446799896772e-06,-42.64719926360019,140.7043365474321,touchstone_ri,2.8571160335532,1.0,,,
260519_2dsweep_1p5cell,sim,06_2_TDS-KyhlTune-260519_227.s2p,,S21,f_2pi3,sim,dispersion_mode_1,2.8571160335532,2.85712,3.966446799896772e-06,-42.64325695730811,140.84052962777574,touchstone_ri,2.8571160335532,1.0,,,
260519_2dsweep_1p5cell,sim,06_2_TDS-KyhlTune-260519_227.s2p,,S22,f_2pi3,sim,dispersion_mode_1,2.8571160335532,2.85712,3.966446799896772e-06,-0.00023105717192696762,-3.64720093015176,touchstone_ri,2.8571160335532,1.0,,,
260519_2dsweep_1p5cell,sim,06_2_TDS-KyhlTune-260519_228.s2p,,S11,f_2pi3,sim,dispersion_mode_1,2.8571160335532,2.85712,3.966446799896772e-06,0.0014576956548358355,91.93439917191385,touchstone_ri,2.8571160335532,1.0,,,
260519_2dsweep_1p5cell,sim,06_2_TDS-KyhlTune-260519_228.s2p,,S12,f_2pi3,sim,dispersion_mode_1,2.8571160335532,2.85712,3.966446799896772e-06,-44.07309390087995,133.95169684635152,touchstone_ri,2.8571160335532,1.0,,,
260519_2dsweep_1p5cell,sim,06_2_TDS-KyhlTune-260519_228.s2p,,S21,f_2pi3,sim,dispersion_mode_1,2.8571160335532,2.85712,3.966446799896772e-06,-44.07274601637643,133.9641446752173,touchstone_ri,2.8571160335532,1.0,,,
260519_2dsweep_1p5cell,sim,06_2_TDS-KyhlTune-260519_228.s2p,,S22,f_2pi3,sim,dispersion_mode_1,2.8571160335532,2.85712,3.966446799896772e-06,-0.00016745887978542794,-4.002107933574367,touchstone_ri,2.8571160335532,1.0,,,
260519_2dsweep_1p5cell,sim,06_2_TDS-KyhlTune-260519_229.s2p,,S11,f_2pi3,sim,dispersion_mode_1,2.8571160335532,2.85712,3.966446799896772e-06,-0.00025733205391378726,78.09284375318313,touchstone_ri,2.8571160335532,1.0,,,
260519_2dsweep_1p5cell,sim,06_2_TDS-KyhlTune-260519_229.s2p,,S12,f_2pi3,sim,dispersion_mode_1,2.8571160335532,2.85712,3.966446799896772e-06,-44.66036449781512,126.8286248881164,touchstone_ri,2.8571160335532,1.0,,,
260519_2dsweep_1p5cell,sim,06_2_TDS-KyhlTune-260519_229.s2p,,S21,f_2pi3,sim,dispersion_mode_1,2.8571160335532,2.85712,3.966446799896772e-06,-44.67385885491144,126.82106265802913,touchstone_ri,2.8571160335532,1.0,,,
260519_2dsweep_1p5cell,sim,06_2_TDS-KyhlTune-260519_229.s2p,,S22,f_2pi3,sim,dispersion_mode_1,2.8571160335532,2.85712,3.966446799896772e-06,-0.00011426648529393199,-4.323709803438182,touchstone_ri,2.8571160335532,1.0,,,
260519_2dsweep_1p5cell,sim,06_2_TDS-KyhlTune-260519_23.s2p,,S11,f_2pi3,sim,dispersion_mode_1,2.8571160335532,2.85712,3.966446799896772e-06,4.7085232837007535e-06,-33.91011229868409,touchstone_ri,2.8571160335532,1.0,,,
260519_2dsweep_1p5cell,sim,06_2_TDS-KyhlTune-260519_23.s2p,,S12,f_2pi3,sim,dispersion_mode_1,2.8571160335532,2.85712,3.966446799896772e-06,-59.37163307962679,-95.28251511270608,touchstone_ri,2.8571160335532,1.0,,,
260519_2dsweep_1p5cell,sim,06_2_TDS-KyhlTune-260519_23.s2p,,S21,f_2pi3,sim,dispersion_mode_1,2.8571160335532,2.85712,3.966446799896772e-06,-59.286165383903715,-95.61905293126354,touchstone_ri,2.8571160335532,1.0,,,
260519_2dsweep_1p5cell,sim,06_2_TDS-KyhlTune-260519_23.s2p,,S22,f_2pi3,sim,dispersion_mode_1,2.8571160335532,2.85712,3.966446799896772e-06,-1.5720704863793623e-05,22.69236748211698,touchstone_ri,2.8571160335532,1.0,,,
260519_2dsweep_1p5cell,sim,06_2_TDS-KyhlTune-260519_230.s2p,,S11,f_2pi3,sim,dispersion_mode_1,2.8571160335532,2.85712,3.966446799896772e-06,2.416955629469658e-05,68.26259489380891,touchstone_ri,2.8571160335532,1.0,,,
260519_2dsweep_1p5cell,sim,06_2_TDS-KyhlTune-260519_230.s2p,,S12,f_2pi3,sim,dispersion_mode_1,2.8571160335532,2.85712,3.966446799896772e-06,-45.91466908692924,122.03909209301864,touchstone_ri,2.8571160335532,1.0,,,
260519_2dsweep_1p5cell,sim,06_2_TDS-KyhlTune-260519_230.s2p,,S21,f_2pi3,sim,dispersion_mode_1,2.8571160335532,2.85712,3.966446799896772e-06,-45.774220102074395,121.71272175591206,touchstone_ri,2.8571160335532,1.0,,,
260519_2dsweep_1p5cell,sim,06_2_TDS-KyhlTune-260519_230.s2p,,S22,f_2pi3,sim,dispersion_mode_1,2.8571160335532,2.85712,3.966446799896772e-06,-0.0001303382169179361,-4.606806481018431,touchstone_ri,2.8571160335532,1.0,,,
260519_2dsweep_1p5cell,sim,06_2_TDS-KyhlTune-260519_231.s2p,,S11,f_2pi3,sim,dispersion_mode_1,2.8571160335532,2.85712,3.966446799896772e-06,0.00025480645803299424,60.45234720310913,touchstone_ri,2.8571160335532,1.0,,,
260519_2dsweep_1p5cell,sim,06_2_TDS-KyhlTune-260519_231.s2p,,S12,f_2pi3,sim,dispersion_mode_1,2.8571160335532,2.85712,3.966446799896772e-06,-46.83745685056627,117.60467732742875,touchstone_ri,2.8571160335532,1.0,,,
260519_2dsweep_1p5cell,sim,06_2_TDS-KyhlTune-260519_231.s2p,,S21,f_2pi3,sim,dispersion_mode_1,2.8571160335532,2.85712,3.966446799896772e-06,-46.84774756471004,117.70847474140491,touchstone_ri,2.8571160335532,1.0,,,
260519_2dsweep_1p5cell,sim,06_2_TDS-KyhlTune-260519_231.s2p,,S22,f_2pi3,sim,dispersion_mode_1,2.8571160335532,2.85712,3.966446799896772e-06,-7.779142739232531e-05,-4.907948323548594,touchstone_ri,2.8571160335532,1.0,,,
260519_2dsweep_1p5cell,sim,06_2_TDS-KyhlTune-260519_232.s2p,,S11,f_2pi3,sim,dispersion_mode_1,2.8571160335532,2.85712,3.966446799896772e-06,0.0001035284644912286,54.58550115703182,touchstone_ri,2.8571160335532,1.0,,,
260519_2dsweep_1p5cell,sim,06_2_TDS-KyhlTune-260519_232.s2p,,S12,f_2pi3,sim,dispersion_mode_1,2.8571160335532,2.85712,3.966446799896772e-06,-46.846543647422635,114.6926020306794,touchstone_ri,2.8571160335532,1.0,,,
260519_2dsweep_1p5cell,sim,06_2_TDS-KyhlTune-260519_232.s2p,,S21,f_2pi3,sim,dispersion_mode_1,2.8571160335532,2.85712,3.966446799896772e-06,-46.85032947724152,114.69834472702361,touchstone_ri,2.8571160335532,1.0,,,
260519_2dsweep_1p5cell,sim,06_2_TDS-KyhlTune-260519_232.s2p,,S22,f_2pi3,sim,dispersion_mode_1,2.8571160335532,2.85712,3.966446799896772e-06,-5.195640085216702e-05,-5.176497287811553,touchstone_ri,2.8571160335532,1.0,,,
260519_2dsweep_1p5cell,sim,06_2_TDS-KyhlTune-260519_233.s2p,,S11,f_2pi3,sim,dispersion_mode_1,2.8571160335532,2.85712,3.966446799896772e-06,-8.14633144155551e-05,128.29119402448907,touchstone_ri,2.8571160335532,1.0,,,
260519_2dsweep_1p5cell,sim,06_2_TDS-KyhlTune-260519_233.s2p,,S12,f_2pi3,sim,dispersion_mode_1,2.8571160335532,2.85712,3.966446799896772e-06,-40.93031972401455,152.8564092437685,touchstone_ri,2.8571160335532,1.0,,,
260519_2dsweep_1p5cell,sim,06_2_TDS-KyhlTune-260519_233.s2p,,S21,f_2pi3,sim,dispersion_mode_1,2.8571160335532,2.85712,3.966446799896772e-06,-40.92160039975199,152.69977715487286,touchstone_ri,2.8571160335532,1.0,,,
260519_2dsweep_1p5cell,sim,06_2_TDS-KyhlTune-260519_233.s2p,,S22,f_2pi3,sim,dispersion_mode_1,2.8571160335532,2.85712,3.966446799896772e-06,-0.000344187258929573,-2.871365062970202,touchstone_ri,2.8571160335532,1.0,,,
260519_2dsweep_1p5cell,sim,06_2_TDS-KyhlTune-260519_234.s2p,,S11,f_2pi3,sim,dispersion_mode_1,2.8571160335532,2.85712,3.966446799896772e-06,0.002640219171225179,108.77925894254977,touchstone_ri,2.8571160335532,1.0,,,
260519_2dsweep_1p5cell,sim,06_2_TDS-KyhlTune-260519_234.s2p,,S12,f_2pi3,sim,dispersion_mode_1,2.8571160335532,2.85712,3.966446799896772e-06,-41.65303832445161,142.82642655565277,touchstone_ri,2.8571160335532,1.0,,,
260519_2dsweep_1p5cell,sim,06_2_TDS-KyhlTune-260519_234.s2p,,S21,f_2pi3,sim,dispersion_mode_1,2.8571160335532,2.85712,3.966446799896772e-06,-41.732908169111965,142.3902799649659,touchstone_ri,2.8571160335532,1.0,,,
260519_2dsweep_1p5cell,sim,06_2_TDS-KyhlTune-260519_234.s2p,,S22,f_2pi3,sim,dispersion_mode_1,2.8571160335532,2.85712,3.966446799896772e-06,-0.0002694631775503377,-3.2746516276629754,touchstone_ri,2.8571160335532,1.0,,,
260519_2dsweep_1p5cell,sim,06_2_TDS-KyhlTune-260519_235.s2p,,S11,f_2pi3,sim,dispersion_mode_1,2.8571160335532,2.85712,3.966446799896772e-06,0.0007528632331347091,91.15807679835694,touchstone_ri,2.8571160335532,1.0,,,
260519_2dsweep_1p5cell,sim,06_2_TDS-KyhlTune-260519_235.s2p,,S12,f_2pi3,sim,dispersion_mode_1,2.8571160335532,2.85712,3.966446799896772e-06,-43.79316656604065,133.5941283469946,touchstone_ri,2.8571160335532,1.0,,,
260519_2dsweep_1p5cell,sim,06_2_TDS-KyhlTune-260519_235.s2p,,S21,f_2pi3,sim,dispersion_mode_1,2.8571160335532,2.85712,3.966446799896772e-06,-43.818551107293054,133.39128003852343,touchstone_ri,2.8571160335532,1.0,,,
260519_2dsweep_1p5cell,sim,06_2_TDS-KyhlTune-260519_235.s2p,,S22,f_2pi3,sim,dispersion_mode_1,2.8571160335532,2.85712,3.966446799896772e-06,-0.0001958015636030624,-3.6930137956887825,touchstone_ri,2.8571160335532,1.0,,,
260519_2dsweep_1p5cell,sim,06_2_TDS-KyhlTune-260519_236.s2p,,S11,f_2pi3,sim,dispersion_mode_1,2.8571160335532,2.85712,3.966446799896772e-06,-0.00020971128803446554,80.424045359082,touchstone_ri,2.8571160335532,1.0,,,
260519_2dsweep_1p5cell,sim,06_2_TDS-KyhlTune-260519_236.s2p,,S12,f_2pi3,sim,dispersion_mode_1,2.8571160335532,2.85712,3.966446799896772e-06,-43.325172999645844,128.18674255623634,touchstone_ri,2.8571160335532,1.0,,,
260519_2dsweep_1p5cell,sim,06_2_TDS-KyhlTune-260519_236.s2p,,S21,f_2pi3,sim,dispersion_mode_1,2.8571160335532,2.85712,3.966446799896772e-06,-43.3274389535856,128.2264726681665,touchstone_ri,2.8571160335532,1.0,,,
260519_2dsweep_1p5cell,sim,06_2_TDS-KyhlTune-260519_236.s2p,,S22,f_2pi3,sim,dispersion_mode_1,2.8571160335532,2.85712,3.966446799896772e-06,-0.00019537144034292145,-4.054211409009485,touchstone_ri,2.8571160335532,1.0,,,
260519_2dsweep_1p5cell,sim,06_2_TDS-KyhlTune-260519_237.s2p,,S11,f_2pi3,sim,dispersion_mode_1,2.8571160335532,2.85712,3.966446799896772e-06,0.0011543539080474375,70.49364753075129,touchstone_ri,2.8571160335532,1.0,,,
260519_2dsweep_1p5cell,sim,06_2_TDS-KyhlTune-260519_237.s2p,,S12,f_2pi3,sim,dispersion_mode_1,2.8571160335532,2.85712,3.966446799896772e-06,-44.960367360511995,123.09511830128429,touchstone_ri,2.8571160335532,1.0,,,
260519_2dsweep_1p5cell,sim,06_2_TDS-KyhlTune-260519_237.s2p,,S21,f_2pi3,sim,dispersion_mode_1,2.8571160335532,2.85712,3.966446799896772e-06,-44.95412331040316,122.85521176219065,touchstone_ri,2.8571160335532,1.0,,,
260519_2dsweep_1p5cell,sim,06_2_TDS-KyhlTune-260519_237.s2p,,S22,f_2pi3,sim,dispersion_mode_1,2.8571160335532,2.85712,3.966446799896772e-06,-0.00011860491596391018,-4.391678115570094,touchstone_ri,2.8571160335532,1.0,,,
260519_2dsweep_1p5cell,sim,06_2_TDS-KyhlTune-260519_238.s2p,,S11,f_2pi3,sim,dispersion_mode_1,2.8571160335532,2.85712,3.966446799896772e-06,-2.0599277189673044e-05,62.939562210712324,touchstone_ri,2.8571160335532,1.0,,,
260519_2dsweep_1p5cell,sim,06_2_TDS-KyhlTune-260519_238.s2p,,S12,f_2pi3,sim,dispersion_mode_1,2.8571160335532,2.85712,3.966446799896772e-06,-44.56486076233076,119.14378622706148,touchstone_ri,2.8571160335532,1.0,,,
260519_2dsweep_1p5cell,sim,06_2_TDS-KyhlTune-260519_238.s2p,,S21,f_2pi3,sim,dispersion_mode_1,2.8571160335532,2.85712,3.966446799896772e-06,-44.58914639365781,119.28822765990174,touchstone_ri,2.8571160335532,1.0,,,
260519_2dsweep_1p5cell,sim,06_2_TDS-KyhlTune-260519_238.s2p,,S22,f_2pi3,sim,dispersion_mode_1,2.8571160335532,2.85712,3.966446799896772e-06,-0.00014434174534412722,-4.705251264834706,touchstone_ri,2.8571160335532,1.0,,,
260519_2dsweep_1p5cell,sim,06_2_TDS-KyhlTune-260519_239.s2p,,S11,f_2pi3,sim,dispersion_mode_1,2.8571160335532,2.85712,3.966446799896772e-06,-0.0008824974231018118,53.51939270422446,touchstone_ri,2.8571160335532,1.0,,,
260519_2dsweep_1p5cell,sim,06_2_TDS-KyhlTune-260519_239.s2p,,S12,f_2pi3,sim,dispersion_mode_1,2.8571160335532,2.85712,3.966446799896772e-06,-47.24755249644625,114.8308617450164,touchstone_ri,2.8571160335532,1.0,,,
260519_2dsweep_1p5cell,sim,06_2_TDS-KyhlTune-260519_239.s2p,,S21,f_2pi3,sim,dispersion_mode_1,2.8571160335532,2.85712,3.966446799896772e-06,-47.015019110850204,114.25685831613364,touchstone_ri,2.8571160335532,1.0,,,
260519_2dsweep_1p5cell,sim,06_2_TDS-KyhlTune-260519_239.s2p,,S22,f_2pi3,sim,dispersion_mode_1,2.8571160335532,2.85712,3.966446799896772e-06,-0.00014080425035616453,-5.009188176932107,touchstone_ri,2.8571160335532,1.0,,,
260519_2dsweep_1p5cell,sim,06_2_TDS-KyhlTune-260519_24.s2p,,S11,f_2pi3,sim,dispersion_mode_1,2.8571160335532,2.85712,3.966446799896772e-06,7.051896183970306e-06,-34.1980010895233,touchstone_ri,2.8571160335532,1.0,,,
260519_2dsweep_1p5cell,sim,06_2_TDS-KyhlTune-260519_24.s2p,,S12,f_2pi3,sim,dispersion_mode_1,2.8571160335532,2.85712,3.966446799896772e-06,-59.18426876031597,-97.05873621191178,touchstone_ri,2.8571160335532,1.0,,,
260519_2dsweep_1p5cell,sim,06_2_TDS-KyhlTune-260519_24.s2p,,S21,f_2pi3,sim,dispersion_mode_1,2.8571160335532,2.85712,3.966446799896772e-06,-59.130718793058264,-96.96691278795583,touchstone_ri,2.8571160335532,1.0,,,
260519_2dsweep_1p5cell,sim,06_2_TDS-KyhlTune-260519_24.s2p,,S22,f_2pi3,sim,dispersion_mode_1,2.8571160335532,2.85712,3.966446799896772e-06,-1.3587536156152143e-05,20.330899608460037,touchstone_ri,2.8571160335532,1.0,,,
260519_2dsweep_1p5cell,sim,06_2_TDS-KyhlTune-260519_240.s2p,,S11,f_2pi3,sim,dispersion_mode_1,2.8571160335532,2.85712,3.966446799896772e-06,-0.00023525914227532502,48.49723988687264,touchstone_ri,2.8571160335532,1.0,,,
260519_2dsweep_1p5cell,sim,06_2_TDS-KyhlTune-260519_240.s2p,,S12,f_2pi3,sim,dispersion_mode_1,2.8571160335532,2.85712,3.966446799896772e-06,-45.763749789866644,111.52371558431027,touchstone_ri,2.8571160335532,1.0,,,
260519_2dsweep_1p5cell,sim,06_2_TDS-KyhlTune-260519_240.s2p,,S21,f_2pi3,sim,dispersion_mode_1,2.8571160335532,2.85712,3.966446799896772e-06,-45.778544764645616,111.6124426457265,touchstone_ri,2.8571160335532,1.0,,,
260519_2dsweep_1p5cell,sim,06_2_TDS-KyhlTune-260519_240.s2p,,S22,f_2pi3,sim,dispersion_mode_1,2.8571160335532,2.85712,3.966446799896772e-06,-0.00010497006034654984,-5.275255388946012,touchstone_ri,2.8571160335532,1.0,,,
260519_2dsweep_1p5cell,sim,06_2_TDS-KyhlTune-260519_241.s2p,,S11,f_2pi3,sim,dispersion_mode_1,2.8571160335532,2.85712,3.966446799896772e-06,2.2331405909390223e-05,42.19645322819501,touchstone_ri,2.8571160335532,1.0,,,
260519_2dsweep_1p5cell,sim,06_2_TDS-KyhlTune-260519_241.s2p,,S12,f_2pi3,sim,dispersion_mode_1,2.8571160335532,2.85712,3.966446799896772e-06,-47.38703207261568,108.19444491387067,touchstone_ri,2.8571160335532,1.0,,,
260519_2dsweep_1p5cell,sim,06_2_TDS-KyhlTune-260519_241.s2p,,S21,f_2pi3,sim,dispersion_mode_1,2.8571160335532,2.85712,3.966446799896772e-06,-47.37886751433003,108.48685586285107,touchstone_ri,2.8571160335532,1.0,,,
260519_2dsweep_1p5cell,sim,06_2_TDS-KyhlTune-260519_241.s2p,,S22,f_2pi3,sim,dispersion_mode_1,2.8571160335532,2.85712,3.966446799896772e-06,-6.385963393125894e-05,-5.554723514864139,touchstone_ri,2.8571160335532,1.0,,,
260519_2dsweep_1p5cell,sim,06_2_TDS-KyhlTune-260519_242.s2p,,S11,f_2pi3,sim,dispersion_mode_1,2.8571160335532,2.85712,3.966446799896772e-06,-0.00017477479611340663,38.2212110400923,touchstone_ri,2.8571160335532,1.0,,,
260519_2dsweep_1p5cell,sim,06_2_TDS-KyhlTune-260519_242.s2p,,S12,f_2pi3,sim,dispersion_mode_1,2.8571160335532,2.85712,3.966446799896772e-06,-48.1504368505798,106.2260803525226,touchstone_ri,2.8571160335532,1.0,,,
260519_2dsweep_1p5cell,sim,06_2_TDS-KyhlTune-260519_242.s2p,,S21,f_2pi3,sim,dispersion_mode_1,2.8571160335532,2.85712,3.966446799896772e-06,-48.14755681898316,106.25369572285304,touchstone_ri,2.8571160335532,1.0,,,
260519_2dsweep_1p5cell,sim,06_2_TDS-KyhlTune-260519_242.s2p,,S22,f_2pi3,sim,dispersion_mode_1,2.8571160335532,2.85712,3.966446799896772e-06,-6.1056436759516e-05,-5.808767560611877,touchstone_ri,2.8571160335532,1.0,,,
260519_2dsweep_1p5cell,sim,06_2_TDS-KyhlTune-260519_243.s2p,,S11,f_2pi3,sim,dispersion_mode_1,2.8571160335532,2.85712,3.966446799896772e-06,1.8458622938324783e-05,34.59845970589808,touchstone_ri,2.8571160335532,1.0,,,
260519_2dsweep_1p5cell,sim,06_2_TDS-KyhlTune-260519_243.s2p,,S12,f_2pi3,sim,dispersion_mode_1,2.8571160335532,2.85712,3.966446799896772e-06,-48.703579968009485,104.09463975606783,touchstone_ri,2.8571160335532,1.0,,,
260519_2dsweep_1p5cell,sim,06_2_TDS-KyhlTune-260519_243.s2p,,S21,f_2pi3,sim,dispersion_mode_1,2.8571160335532,2.85712,3.966446799896772e-06,-48.71817575829783,104.22234739837168,touchstone_ri,2.8571160335532,1.0,,,
260519_2dsweep_1p5cell,sim,06_2_TDS-KyhlTune-260519_243.s2p,,S22,f_2pi3,sim,dispersion_mode_1,2.8571160335532,2.85712,3.966446799896772e-06,-4.166910720737068e-05,-6.0504162934463945,touchstone_ri,2.8571160335532,1.0,,,
260519_2dsweep_1p5cell,sim,06_2_TDS-KyhlTune-260519_244.s2p,,S11,f_2pi3,sim,dispersion_mode_1,2.8571160335532,2.85712,3.966446799896772e-06,0.000903340220344257,72.56477153991652,touchstone_ri,2.8571160335532,1.0,,,
260519_2dsweep_1p5cell,sim,06_2_TDS-KyhlTune-260519_244.s2p,,S12,f_2pi3,sim,dispersion_mode_1,2.8571160335532,2.85712,3.966446799896772e-06,-45.29927830326004,123.88732439334528,touchstone_ri,2.8571160335532,1.0,,,
260519_2dsweep_1p5cell,sim,06_2_TDS-KyhlTune-260519_244.s2p,,S21,f_2pi3,sim,dispersion_mode_1,2.8571160335532,2.85712,3.966446799896772e-06,-45.29819669021322,124.15779088654398,touchstone_ri,2.8571160335532,1.0,,,
260519_2dsweep_1p5cell,sim,06_2_TDS-KyhlTune-260519_244.s2p,,S22,f_2pi3,sim,dispersion_mode_1,2.8571160335532,2.85712,3.966446799896772e-06,-0.0001253492098958298,-4.159491194309568,touchstone_ri,2.8571160335532,1.0,,,
260519_2dsweep_1p5cell,sim,06_2_TDS-KyhlTune-260519_245.s2p,,S11,f_2pi3,sim,dispersion_mode_1,2.8571160335532,2.85712,3.966446799896772e-06,-0.001257549066820133,62.91232202531709,touchstone_ri,2.8571160335532,1.0,,,
260519_2dsweep_1p5cell,sim,06_2_TDS-KyhlTune-260519_245.s2p,,S12,f_2pi3,sim,dispersion_mode_1,2.8571160335532,2.85712,3.966446799896772e-06,-44.11524294717074,119.38737710410678,touchstone_ri,2.8571160335532,1.0,,,
260519_2dsweep_1p5cell,sim,06_2_TDS-KyhlTune-260519_245.s2p,,S21,f_2pi3,sim,dispersion_mode_1,2.8571160335532,2.85712,3.966446799896772e-06,-44.059614717873565,119.18648940130974,touchstone_ri,2.8571160335532,1.0,,,
260519_2dsweep_1p5cell,sim,06_2_TDS-KyhlTune-260519_245.s2p,,S22,f_2pi3,sim,dispersion_mode_1,2.8571160335532,2.85712,3.966446799896772e-06,-0.00025661526475869985,-4.518126708302906,touchstone_ri,2.8571160335532,1.0,,,
260519_2dsweep_1p5cell,sim,06_2_TDS-KyhlTune-260519_246.s2p,,S11,f_2pi3,sim,dispersion_mode_1,2.8571160335532,2.85712,3.966446799896772e-06,-9.847694173979981e-05,54.008324314016285,touchstone_ri,2.8571160335532,1.0,,,
260519_2dsweep_1p5cell,sim,06_2_TDS-KyhlTune-260519_246.s2p,,S12,f_2pi3,sim,dispersion_mode_1,2.8571160335532,2.85712,3.966446799896772e-06,-46.152379992362796,114.32652882944883,touchstone_ri,2.8571160335532,1.0,,,
260519_2dsweep_1p5cell,sim,06_2_TDS-KyhlTune-260519_246.s2p,,S21,f_2pi3,sim,dispersion_mode_1,2.8571160335532,2.85712,3.966446799896772e-06,-46.160616529786445,114.57424122371658,touchstone_ri,2.8571160335532,1.0,,,
260519_2dsweep_1p5cell,sim,06_2_TDS-KyhlTune-260519_246.s2p,,S22,f_2pi3,sim,dispersion_mode_1,2.8571160335532,2.85712,3.966446799896772e-06,-0.0001130734413895985,-4.866348612528497,touchstone_ri,2.8571160335532,1.0,,,
260519_2dsweep_1p5cell,sim,06_2_TDS-KyhlTune-260519_247.s2p,,S11,f_2pi3,sim,dispersion_mode_1,2.8571160335532,2.85712,3.966446799896772e-06,-7.124307898178224e-05,47.35511377164965,touchstone_ri,2.8571160335532,1.0,,,
260519_2dsweep_1p5cell,sim,06_2_TDS-KyhlTune-260519_247.s2p,,S12,f_2pi3,sim,dispersion_mode_1,2.8571160335532,2.85712,3.966446799896772e-06,-47.013083905450756,111.15502039283561,touchstone_ri,2.8571160335532,1.0,,,
260519_2dsweep_1p5cell,sim,06_2_TDS-KyhlTune-260519_247.s2p,,S21,f_2pi3,sim,dispersion_mode_1,2.8571160335532,2.85712,3.966446799896772e-06,-46.92925327716995,111.0800793271464,touchstone_ri,2.8571160335532,1.0,,,
260519_2dsweep_1p5cell,sim,06_2_TDS-KyhlTune-260519_247.s2p,,S22,f_2pi3,sim,dispersion_mode_1,2.8571160335532,2.85712,3.966446799896772e-06,-8.578345039538646e-05,-5.168258298648135,touchstone_ri,2.8571160335532,1.0,,,
260519_2dsweep_1p5cell,sim,06_2_TDS-KyhlTune-260519_248.s2p,,S11,f_2pi3,sim,dispersion_mode_1,2.8571160335532,2.85712,3.966446799896772e-06,-4.4735861154071396e-05,41.498938441532644,touchstone_ri,2.8571160335532,1.0,,,
260519_2dsweep_1p5cell,sim,06_2_TDS-KyhlTune-260519_248.s2p,,S12,f_2pi3,sim,dispersion_mode_1,2.8571160335532,2.85712,3.966446799896772e-06,-47.54527262709702,107.88960196924211,touchstone_ri,2.8571160335532,1.0,,,
260519_2dsweep_1p5cell,sim,06_2_TDS-KyhlTune-260519_248.s2p,,S21,f_2pi3,sim,dispersion_mode_1,2.8571160335532,2.85712,3.966446799896772e-06,-47.56747413872857,108.01678182333771,touchstone_ri,2.8571160335532,1.0,,,
260519_2dsweep_1p5cell,sim,06_2_TDS-KyhlTune-260519_248.s2p,,S22,f_2pi3,sim,dispersion_mode_1,2.8571160335532,2.85712,3.966446799896772e-06,-0.00010670182668322283,-5.450935973196391,touchstone_ri,2.8571160335532,1.0,,,
260519_2dsweep_1p5cell,sim,06_2_TDS-KyhlTune-260519_249.s2p,,S11,f_2pi3,sim,dispersion_mode_1,2.8571160335532,2.85712,3.966446799896772e-06,-0.00010637512959228829,37.06553505052857,touchstone_ri,2.8571160335532,1.0,,,
260519_2dsweep_1p5cell,sim,06_2_TDS-KyhlTune-260519_249.s2p,,S12,f_2pi3,sim,dispersion_mode_1,2.8571160335532,2.85712,3.966446799896772e-06,-47.31219740218531,105.66945394440744,touchstone_ri,2.8571160335532,1.0,,,
260519_2dsweep_1p5cell,sim,06_2_TDS-KyhlTune-260519_249.s2p,,S21,f_2pi3,sim,dispersion_mode_1,2.8571160335532,2.85712,3.966446799896772e-06,-47.29455265344334,105.67103713152342,touchstone_ri,2.8571160335532,1.0,,,
260519_2dsweep_1p5cell,sim,06_2_TDS-KyhlTune-260519_249.s2p,,S22,f_2pi3,sim,dispersion_mode_1,2.8571160335532,2.85712,3.966446799896772e-06,-5.690179982448205e-05,-5.706123429091023,touchstone_ri,2.8571160335532,1.0,,,
260519_2dsweep_1p5cell,sim,06_2_TDS-KyhlTune-260519_25.s2p,,S11,f_2pi3,sim,dispersion_mode_1,2.8571160335532,2.85712,3.966446799896772e-06,-0.00023130314562898785,-31.420452379049493,touchstone_ri,2.8571160335532,1.0,,,
260519_2dsweep_1p5cell,sim,06_2_TDS-KyhlTune-260519_25.s2p,,S12,f_2pi3,sim,dispersion_mode_1,2.8571160335532,2.85712,3.966446799896772e-06,-54.22641235682204,-69.56448294941067,touchstone_ri,2.8571160335532,1.0,,,
260519_2dsweep_1p5cell,sim,06_2_TDS-KyhlTune-260519_25.s2p,,S21,f_2pi3,sim,dispersion_mode_1,2.8571160335532,2.85712,3.966446799896772e-06,-54.05691701106173,-69.27170878286684,touchstone_ri,2.8571160335532,1.0,,,
260519_2dsweep_1p5cell,sim,06_2_TDS-KyhlTune-260519_25.s2p,,S22,f_2pi3,sim,dispersion_mode_1,2.8571160335532,2.85712,3.966446799896772e-06,-0.00030492555618267164,72.15507810286742,touchstone_ri,2.8571160335532,1.0,,,
260519_2dsweep_1p5cell,sim,06_2_TDS-KyhlTune-260519_250.s2p,,S11,f_2pi3,sim,dispersion_mode_1,2.8571160335532,2.85712,3.966446799896772e-06,0.0004040725384965807,33.763391996125875,touchstone_ri,2.8571160335532,1.0,,,
260519_2dsweep_1p5cell,sim,06_2_TDS-KyhlTune-260519_250.s2p,,S12,f_2pi3,sim,dispersion_mode_1,2.8571160335532,2.85712,3.966446799896772e-06,-48.937883914080736,103.91638673553832,touchstone_ri,2.8571160335532,1.0,,,
260519_2dsweep_1p5cell,sim,06_2_TDS-KyhlTune-260519_250.s2p,,S21,f_2pi3,sim,dispersion_mode_1,2.8571160335532,2.85712,3.966446799896772e-06,-48.93238110920891,103.87141765149096,touchstone_ri,2.8571160335532,1.0,,,
260519_2dsweep_1p5cell,sim,06_2_TDS-KyhlTune-260519_250.s2p,,S22,f_2pi3,sim,dispersion_mode_1,2.8571160335532,2.85712,3.966446799896772e-06,-5.4399992054361727e-05,-5.980055087099831,touchstone_ri,2.8571160335532,1.0,,,
260519_2dsweep_1p5cell,sim,06_2_TDS-KyhlTune-260519_251.s2p,,S11,f_2pi3,sim,dispersion_mode_1,2.8571160335532,2.85712,3.966446799896772e-06,-7.92177603402346e-05,30.386966816995308,touchstone_ri,2.8571160335532,1.0,,,
260519_2dsweep_1p5cell,sim,06_2_TDS-KyhlTune-260519_251.s2p,,S12,f_2pi3,sim,dispersion_mode_1,2.8571160335532,2.85712,3.966446799896772e-06,-49.210675795459466,102.11108513628128,touchstone_ri,2.8571160335532,1.0,,,
260519_2dsweep_1p5cell,sim,06_2_TDS-KyhlTune-260519_251.s2p,,S21,f_2pi3,sim,dispersion_mode_1,2.8571160335532,2.85712,3.966446799896772e-06,-49.2015498784889,102.09189799634436,touchstone_ri,2.8571160335532,1.0,,,
260519_2dsweep_1p5cell,sim,06_2_TDS-KyhlTune-260519_251.s2p,,S22,f_2pi3,sim,dispersion_mode_1,2.8571160335532,2.85712,3.966446799896772e-06,-3.885017665734348e-05,-6.22514019331998,touchstone_ri,2.8571160335532,1.0,,,
260519_2dsweep_1p5cell,sim,06_2_TDS-KyhlTune-260519_252.s2p,,S11,f_2pi3,sim,dispersion_mode_1,2.8571160335532,2.85712,3.966446799896772e-06,0.00024919889765323387,27.053355626650895,touchstone_ri,2.8571160335532,1.0,,,
260519_2dsweep_1p5cell,sim,06_2_TDS-KyhlTune-260519_252.s2p,,S12,f_2pi3,sim,dispersion_mode_1,2.8571160335532,2.85712,3.966446799896772e-06,-50.833517321925754,100.1149472877124,touchstone_ri,2.8571160335532,1.0,,,
260519_2dsweep_1p5cell,sim,06_2_TDS-KyhlTune-260519_252.s2p,,S21,f_2pi3,sim,dispersion_mode_1,2.8571160335532,2.85712,3.966446799896772e-06,-50.831217315665135,100.39430012238624,touchstone_ri,2.8571160335532,1.0,,,
260519_2dsweep_1p5cell,sim,06_2_TDS-KyhlTune-260519_252.s2p,,S22,f_2pi3,sim,dispersion_mode_1,2.8571160335532,2.85712,3.966446799896772e-06,-3.5550174188575703e-05,-6.456700425463529,touchstone_ri,2.8571160335532,1.0,,,
260519_2dsweep_1p5cell,sim,06_2_TDS-KyhlTune-260519_253.s2p,,S11,f_2pi3,sim,dispersion_mode_1,2.8571160335532,2.85712,3.966446799896772e-06,-0.0011409743298133384,24.687361570056716,touchstone_ri,2.8571160335532,1.0,,,
260519_2dsweep_1p5cell,sim,06_2_TDS-KyhlTune-260519_253.s2p,,S12,f_2pi3,sim,dispersion_mode_1,2.8571160335532,2.85712,3.966446799896772e-06,-51.02918467092881,99.2301711044828,touchstone_ri,2.8571160335532,1.0,,,
260519_2dsweep_1p5cell,sim,06_2_TDS-KyhlTune-260519_253.s2p,,S21,f_2pi3,sim,dispersion_mode_1,2.8571160335532,2.85712,3.966446799896772e-06,-50.96549259497784,99.45421376123507,touchstone_ri,2.8571160335532,1.0,,,
260519_2dsweep_1p5cell,sim,06_2_TDS-KyhlTune-260519_253.s2p,,S22,f_2pi3,sim,dispersion_mode_1,2.8571160335532,2.85712,3.966446799896772e-06,-2.6539899782234775e-05,-6.660825047135372,touchstone_ri,2.8571160335532,1.0,,,
260519_2dsweep_1p5cell,sim,06_2_TDS-KyhlTune-260519_254.s2p,,S11,f_2pi3,sim,dispersion_mode_1,2.8571160335532,2.85712,3.966446799896772e-06,6.689944826951657e-06,21.973171207071303,touchstone_ri,2.8571160335532,1.0,,,
260519_2dsweep_1p5cell,sim,06_2_TDS-KyhlTune-260519_254.s2p,,S12,f_2pi3,sim,dispersion_mode_1,2.8571160335532,2.85712,3.966446799896772e-06,-52.04651613331982,97.5274864420878,touchstone_ri,2.8571160335532,1.0,,,
260519_2dsweep_1p5cell,sim,06_2_TDS-KyhlTune-260519_254.s2p,,S21,f_2pi3,sim,dispersion_mode_1,2.8571160335532,2.85712,3.966446799896772e-06,-52.04587995313502,97.55813269791193,touchstone_ri,2.8571160335532,1.0,,,
260519_2dsweep_1p5cell,sim,06_2_TDS-KyhlTune-260519_254.s2p,,S22,f_2pi3,sim,dispersion_mode_1,2.8571160335532,2.85712,3.966446799896772e-06,-3.7364772375607e-05,-6.871746417603689,touchstone_ri,2.8571160335532,1.0,,,
260519_2dsweep_1p5cell,sim,06_2_TDS-KyhlTune-260519_255.s2p,,S11,f_2pi3,sim,dispersion_mode_1,2.8571160335532,2.85712,3.966446799896772e-06,0.0006236636243270553,40.99621019342998,touchstone_ri,2.8571160335532,1.0,,,
260519_2dsweep_1p5cell,sim,06_2_TDS-KyhlTune-260519_255.s2p,,S12,f_2pi3,sim,dispersion_mode_1,2.8571160335532,2.85712,3.966446799896772e-06,-47.297040244109596,107.79584709838453,touchstone_ri,2.8571160335532,1.0,,,
260519_2dsweep_1p5cell,sim,06_2_TDS-KyhlTune-260519_255.s2p,,S21,f_2pi3,sim,dispersion_mode_1,2.8571160335532,2.85712,3.966446799896772e-06,-47.27525758739151,107.82754999189294,touchstone_ri,2.8571160335532,1.0,,,
260519_2dsweep_1p5cell,sim,06_2_TDS-KyhlTune-260519_255.s2p,,S22,f_2pi3,sim,dispersion_mode_1,2.8571160335532,2.85712,3.966446799896772e-06,-7.378822509444428e-05,-5.378386007041345,touchstone_ri,2.8571160335532,1.0,,,
260519_2dsweep_1p5cell,sim,06_2_TDS-KyhlTune-260519_256.s2p,,S11,f_2pi3,sim,dispersion_mode_1,2.8571160335532,2.85712,3.966446799896772e-06,-0.00011049853351725595,35.05557571664897,touchstone_ri,2.8571160335532,1.0,,,
260519_2dsweep_1p5cell,sim,06_2_TDS-KyhlTune-260519_256.s2p,,S12,f_2pi3,sim,dispersion_mode_1,2.8571160335532,2.85712,3.966446799896772e-06,-47.884046013973894,104.73500533393273,touchstone_ri,2.8571160335532,1.0,,,
260519_2dsweep_1p5cell,sim,06_2_TDS-KyhlTune-260519_256.s2p,,S21,f_2pi3,sim,dispersion_mode_1,2.8571160335532,2.85712,3.966446799896772e-06,-47.88482474317051,104.66872796048513,touchstone_ri,2.8571160335532,1.0,,,
260519_2dsweep_1p5cell,sim,06_2_TDS-KyhlTune-260519_256.s2p,,S22,f_2pi3,sim,dispersion_mode_1,2.8571160335532,2.85712,3.966446799896772e-06,-6.0917742115879314e-05,-5.689774348950475,touchstone_ri,2.8571160335532,1.0,,,
260519_2dsweep_1p5cell,sim,06_2_TDS-KyhlTune-260519_257.s2p,,S11,f_2pi3,sim,dispersion_mode_1,2.8571160335532,2.85712,3.966446799896772e-06,-7.032789532650803e-05,31.94196807923915,touchstone_ri,2.8571160335532,1.0,,,
260519_2dsweep_1p5cell,sim,06_2_TDS-KyhlTune-260519_257.s2p,,S12,f_2pi3,sim,dispersion_mode_1,2.8571160335532,2.85712,3.966446799896772e-06,-50.77064947743435,103.69886126994821,touchstone_ri,2.8571160335532,1.0,,,
260519_2dsweep_1p5cell,sim,06_2_TDS-KyhlTune-260519_257.s2p,,S21,f_2pi3,sim,dispersion_mode_1,2.8571160335532,2.85712,3.966446799896772e-06,-50.485140575468996,102.96970515796714,touchstone_ri,2.8571160335532,1.0,,,
260519_2dsweep_1p5cell,sim,06_2_TDS-KyhlTune-260519_257.s2p,,S22,f_2pi3,sim,dispersion_mode_1,2.8571160335532,2.85712,3.966446799896772e-06,-0.00014096046484683112,-5.955585997803798,touchstone_ri,2.8571160335532,1.0,,,
260519_2dsweep_1p5cell,sim,06_2_TDS-KyhlTune-260519_258.s2p,,S11,f_2pi3,sim,dispersion_mode_1,2.8571160335532,2.85712,3.966446799896772e-06,-0.00012112832780654785,28.56946088901729,touchstone_ri,2.8571160335532,1.0,,,
260519_2dsweep_1p5cell,sim,06_2_TDS-KyhlTune-260519_258.s2p,,S12,f_2pi3,sim,dispersion_mode_1,2.8571160335532,2.85712,3.966446799896772e-06,-50.160983196212705,102.69470711094627,touchstone_ri,2.8571160335532,1.0,,,
260519_2dsweep_1p5cell,sim,06_2_TDS-KyhlTune-260519_258.s2p,,S21,f_2pi3,sim,dispersion_mode_1,2.8571160335532,2.85712,3.966446799896772e-06,-49.67393096051672,101.13797122533259,touchstone_ri,2.8571160335532,1.0,,,
260519_2dsweep_1p5cell,sim,06_2_TDS-KyhlTune-260519_258.s2p,,S22,f_2pi3,sim,dispersion_mode_1,2.8571160335532,2.85712,3.966446799896772e-06,-9.722994384340224e-05,-6.1924622366474695,touchstone_ri,2.8571160335532,1.0,,,
260519_2dsweep_1p5cell,sim,06_2_TDS-KyhlTune-260519_259.s2p,,S11,f_2pi3,sim,dispersion_mode_1,2.8571160335532,2.85712,3.966446799896772e-06,-3.542181628296319e-05,24.98979734047587,touchstone_ri,2.8571160335532,1.0,,,
260519_2dsweep_1p5cell,sim,06_2_TDS-KyhlTune-260519_259.s2p,,S12,f_2pi3,sim,dispersion_mode_1,2.8571160335532,2.85712,3.966446799896772e-06,-49.16881251294559,99.36505591448696,touchstone_ri,2.8571160335532,1.0,,,
260519_2dsweep_1p5cell,sim,06_2_TDS-KyhlTune-260519_259.s2p,,S21,f_2pi3,sim,dispersion_mode_1,2.8571160335532,2.85712,3.966446799896772e-06,-49.16988315472573,99.27388143335611,touchstone_ri,2.8571160335532,1.0,,,
260519_2dsweep_1p5cell,sim,06_2_TDS-KyhlTune-260519_259.s2p,,S22,f_2pi3,sim,dispersion_mode_1,2.8571160335532,2.85712,3.966446799896772e-06,-0.0004172110472292931,-6.4461212184327845,touchstone_ri,2.8571160335532,1.0,,,
260519_2dsweep_1p5cell,sim,06_2_TDS-KyhlTune-260519_26.s2p,,S11,f_2pi3,sim,dispersion_mode_1,2.8571160335532,2.85712,3.966446799896772e-06,-0.00024242438114285272,-31.72979618621365,touchstone_ri,2.8571160335532,1.0,,,
260519_2dsweep_1p5cell,sim,06_2_TDS-KyhlTune-260519_26.s2p,,S12,f_2pi3,sim,dispersion_mode_1,2.8571160335532,2.85712,3.966446799896772e-06,-55.08000168026611,-75.51091972857232,touchstone_ri,2.8571160335532,1.0,,,
260519_2dsweep_1p5cell,sim,06_2_TDS-KyhlTune-260519_26.s2p,,S21,f_2pi3,sim,dispersion_mode_1,2.8571160335532,2.85712,3.966446799896772e-06,-54.791315188310776,-74.39634910584095,touchstone_ri,2.8571160335532,1.0,,,
260519_2dsweep_1p5cell,sim,06_2_TDS-KyhlTune-260519_26.s2p,,S22,f_2pi3,sim,dispersion_mode_1,2.8571160335532,2.85712,3.966446799896772e-06,2.564345554223866e-06,60.40888168423727,touchstone_ri,2.8571160335532,1.0,,,
260519_2dsweep_1p5cell,sim,06_2_TDS-KyhlTune-260519_260.s2p,,S11,f_2pi3,sim,dispersion_mode_1,2.8571160335532,2.85712,3.966446799896772e-06,5.609561702892391e-05,22.63498184397884,touchstone_ri,2.8571160335532,1.0,,,
260519_2dsweep_1p5cell,sim,06_2_TDS-KyhlTune-260519_260.s2p,,S12,f_2pi3,sim,dispersion_mode_1,2.8571160335532,2.85712,3.966446799896772e-06,-51.70464940411374,99.03950833867965,touchstone_ri,2.8571160335532,1.0,,,
260519_2dsweep_1p5cell,sim,06_2_TDS-KyhlTune-260519_260.s2p,,S21,f_2pi3,sim,dispersion_mode_1,2.8571160335532,2.85712,3.966446799896772e-06,-51.42121028143475,98.00056311218697,touchstone_ri,2.8571160335532,1.0,,,
260519_2dsweep_1p5cell,sim,06_2_TDS-KyhlTune-260519_260.s2p,,S22,f_2pi3,sim,dispersion_mode_1,2.8571160335532,2.85712,3.966446799896772e-06,2.6749750753882033e-05,-6.675845309833868,touchstone_ri,2.8571160335532,1.0,,,
260519_2dsweep_1p5cell,sim,06_2_TDS-KyhlTune-260519_261.s2p,,S11,f_2pi3,sim,dispersion_mode_1,2.8571160335532,2.85712,3.966446799896772e-06,-8.486495522199401e-05,20.572091292662048,touchstone_ri,2.8571160335532,1.0,,,
260519_2dsweep_1p5cell,sim,06_2_TDS-KyhlTune-260519_261.s2p,,S12,f_2pi3,sim,dispersion_mode_1,2.8571160335532,2.85712,3.966446799896772e-06,-51.866500625303516,96.92895980882736,touchstone_ri,2.8571160335532,1.0,,,
260519_2dsweep_1p5cell,sim,06_2_TDS-KyhlTune-260519_261.s2p,,S21,f_2pi3,sim,dispersion_mode_1,2.8571160335532,2.85712,3.966446799896772e-06,-51.76579704089555,96.77074112348149,touchstone_ri,2.8571160335532,1.0,,,
260519_2dsweep_1p5cell,sim,06_2_TDS-KyhlTune-260519_261.s2p,,S22,f_2pi3,sim,dispersion_mode_1,2.8571160335532,2.85712,3.966446799896772e-06,-1.0335699881230392e-05,-6.879461766716698,touchstone_ri,2.8571160335532,1.0,,,
260519_2dsweep_1p5cell,sim,06_2_TDS-KyhlTune-260519_262.s2p,,S11,f_2pi3,sim,dispersion_mode_1,2.8571160335532,2.85712,3.966446799896772e-06,-9.031942315146715e-05,18.839690968740054,touchstone_ri,2.8571160335532,1.0,,,
260519_2dsweep_1p5cell,sim,06_2_TDS-KyhlTune-260519_262.s2p,,S12,f_2pi3,sim,dispersion_mode_1,2.8571160335532,2.85712,3.966446799896772e-06,-53.10768600978437,95.81945172102859,touchstone_ri,2.8571160335532,1.0,,,
260519_2dsweep_1p5cell,sim,06_2_TDS-KyhlTune-260519_262.s2p,,S21,f_2pi3,sim,dispersion_mode_1,2.8571160335532,2.85712,3.966446799896772e-06,-53.083751991133745,95.84129547660405,touchstone_ri,2.8571160335532,1.0,,,
260519_2dsweep_1p5cell,sim,06_2_TDS-KyhlTune-260519_262.s2p,,S22,f_2pi3,sim,dispersion_mode_1,2.8571160335532,2.85712,3.966446799896772e-06,1.236221412086694e-05,-7.099318187088346,touchstone_ri,2.8571160335532,1.0,,,
260519_2dsweep_1p5cell,sim,06_2_TDS-KyhlTune-260519_263.s2p,,S11,f_2pi3,sim,dispersion_mode_1,2.8571160335532,2.85712,3.966446799896772e-06,3.2381247743605464e-05,16.57847498151541,touchstone_ri,2.8571160335532,1.0,,,
260519_2dsweep_1p5cell,sim,06_2_TDS-KyhlTune-260519_263.s2p,,S12,f_2pi3,sim,dispersion_mode_1,2.8571160335532,2.85712,3.966446799896772e-06,-53.460819767117016,95.37213346622394,touchstone_ri,2.8571160335532,1.0,,,
260519_2dsweep_1p5cell,sim,06_2_TDS-KyhlTune-260519_263.s2p,,S21,f_2pi3,sim,dispersion_mode_1,2.8571160335532,2.85712,3.966446799896772e-06,-53.25735926823342,94.69301330945989,touchstone_ri,2.8571160335532,1.0,,,
260519_2dsweep_1p5cell,sim,06_2_TDS-KyhlTune-260519_263.s2p,,S22,f_2pi3,sim,dispersion_mode_1,2.8571160335532,2.85712,3.966446799896772e-06,3.7915242888559877e-05,-7.292597796699938,touchstone_ri,2.8571160335532,1.0,,,
260519_2dsweep_1p5cell,sim,06_2_TDS-KyhlTune-260519_264.s2p,,S11,f_2pi3,sim,dispersion_mode_1,2.8571160335532,2.85712,3.966446799896772e-06,1.4548180457833596e-05,15.428108222131778,touchstone_ri,2.8571160335532,1.0,,,
260519_2dsweep_1p5cell,sim,06_2_TDS-KyhlTune-260519_264.s2p,,S12,f_2pi3,sim,dispersion_mode_1,2.8571160335532,2.85712,3.966446799896772e-06,-53.0703450417906,95.294852555167,touchstone_ri,2.8571160335532,1.0,,,
260519_2dsweep_1p5cell,sim,06_2_TDS-KyhlTune-260519_264.s2p,,S21,f_2pi3,sim,dispersion_mode_1,2.8571160335532,2.85712,3.966446799896772e-06,-52.61731679298301,93.96751412117905,touchstone_ri,2.8571160335532,1.0,,,
260519_2dsweep_1p5cell,sim,06_2_TDS-KyhlTune-260519_264.s2p,,S22,f_2pi3,sim,dispersion_mode_1,2.8571160335532,2.85712,3.966446799896772e-06,-3.348683675859898e-05,-7.511065153978058,touchstone_ri,2.8571160335532,1.0,,,
260519_2dsweep_1p5cell,sim,06_2_TDS-KyhlTune-260519_265.s2p,,S11,f_2pi3,sim,dispersion_mode_1,2.8571160335532,2.85712,3.966446799896772e-06,-2.2209715609896183e-05,13.604465245153058,touchstone_ri,2.8571160335532,1.0,,,
260519_2dsweep_1p5cell,sim,06_2_TDS-KyhlTune-260519_265.s2p,,S12,f_2pi3,sim,dispersion_mode_1,2.8571160335532,2.85712,3.966446799896772e-06,-53.28285768059164,93.34561388502827,touchstone_ri,2.8571160335532,1.0,,,
260519_2dsweep_1p5cell,sim,06_2_TDS-KyhlTune-260519_265.s2p,,S21,f_2pi3,sim,dispersion_mode_1,2.8571160335532,2.85712,3.966446799896772e-06,-53.17223705008942,92.92524810822852,touchstone_ri,2.8571160335532,1.0,,,
260519_2dsweep_1p5cell,sim,06_2_TDS-KyhlTune-260519_265.s2p,,S22,f_2pi3,sim,dispersion_mode_1,2.8571160335532,2.85712,3.966446799896772e-06,1.72002450459296e-05,-7.6718982456316605,touchstone_ri,2.8571160335532,1.0,,,
260519_2dsweep_1p5cell,sim,06_2_TDS-KyhlTune-260519_266.s2p,,S11,f_2pi3,sim,dispersion_mode_1,2.8571160335532,2.85712,3.966446799896772e-06,-7.345648409689772e-05,23.0151447798073,touchstone_ri,2.8571160335532,1.0,,,
260519_2dsweep_1p5cell,sim,06_2_TDS-KyhlTune-260519_266.s2p,,S12,f_2pi3,sim,dispersion_mode_1,2.8571160335532,2.85712,3.966446799896772e-06,-52.501751695771205,97.94278541915493,touchstone_ri,2.8571160335532,1.0,,,
260519_2dsweep_1p5cell,sim,06_2_TDS-KyhlTune-260519_266.s2p,,S21,f_2pi3,sim,dispersion_mode_1,2.8571160335532,2.85712,3.966446799896772e-06,-52.436149336702265,98.23978753348347,touchstone_ri,2.8571160335532,1.0,,,
260519_2dsweep_1p5cell,sim,06_2_TDS-KyhlTune-260519_266.s2p,,S22,f_2pi3,sim,dispersion_mode_1,2.8571160335532,2.85712,3.966446799896772e-06,-4.339550735647537e-05,-6.501442178689193,touchstone_ri,2.8571160335532,1.0,,,
260519_2dsweep_1p5cell,sim,06_2_TDS-KyhlTune-260519_267.s2p,,S11,f_2pi3,sim,dispersion_mode_1,2.8571160335532,2.85712,3.966446799896772e-06,-0.0005070895825891484,20.580413721218545,touchstone_ri,2.8571160335532,1.0,,,
260519_2dsweep_1p5cell,sim,06_2_TDS-KyhlTune-260519_267.s2p,,S12,f_2pi3,sim,dispersion_mode_1,2.8571160335532,2.85712,3.966446799896772e-06,-50.658254295596976,97.42790337960784,touchstone_ri,2.8571160335532,1.0,,,
260519_2dsweep_1p5cell,sim,06_2_TDS-KyhlTune-260519_267.s2p,,S21,f_2pi3,sim,dispersion_mode_1,2.8571160335532,2.85712,3.966446799896772e-06,-50.487627929155806,96.88528325924067,touchstone_ri,2.8571160335532,1.0,,,
260519_2dsweep_1p5cell,sim,06_2_TDS-KyhlTune-260519_267.s2p,,S22,f_2pi3,sim,dispersion_mode_1,2.8571160335532,2.85712,3.966446799896772e-06,-0.00010528233470025173,-6.762310214936523,touchstone_ri,2.8571160335532,1.0,,,
260519_2dsweep_1p5cell,sim,06_2_TDS-KyhlTune-260519_268.s2p,,S11,f_2pi3,sim,dispersion_mode_1,2.8571160335532,2.85712,3.966446799896772e-06,-3.1557525045057007e-06,18.809387959265173,touchstone_ri,2.8571160335532,1.0,,,
260519_2dsweep_1p5cell,sim,06_2_TDS-KyhlTune-260519_268.s2p,,S12,f_2pi3,sim,dispersion_mode_1,2.8571160335532,2.85712,3.966446799896772e-06,-50.491219859931384,95.974006931619,touchstone_ri,2.8571160335532,1.0,,,
260519_2dsweep_1p5cell,sim,06_2_TDS-KyhlTune-260519_268.s2p,,S21,f_2pi3,sim,dispersion_mode_1,2.8571160335532,2.85712,3.966446799896772e-06,-50.49070068915438,95.96329084511848,touchstone_ri,2.8571160335532,1.0,,,
260519_2dsweep_1p5cell,sim,06_2_TDS-KyhlTune-260519_268.s2p,,S22,f_2pi3,sim,dispersion_mode_1,2.8571160335532,2.85712,3.966446799896772e-06,-1.7461089451523406e-05,-6.975298789886065,touchstone_ri,2.8571160335532,1.0,,,
260519_2dsweep_1p5cell,sim,06_2_TDS-KyhlTune-260519_269.s2p,,S11,f_2pi3,sim,dispersion_mode_1,2.8571160335532,2.85712,3.966446799896772e-06,3.498789934068056e-05,16.402965924203297,touchstone_ri,2.8571160335532,1.0,,,
260519_2dsweep_1p5cell,sim,06_2_TDS-KyhlTune-260519_269.s2p,,S12,f_2pi3,sim,dispersion_mode_1,2.8571160335532,2.85712,3.966446799896772e-06,-52.04536502109839,94.05311291837404,touchstone_ri,2.8571160335532,1.0,,,
260519_2dsweep_1p5cell,sim,06_2_TDS-KyhlTune-260519_269.s2p,,S21,f_2pi3,sim,dispersion_mode_1,2.8571160335532,2.85712,3.966446799896772e-06,-51.87447274374368,94.8892164987424,touchstone_ri,2.8571160335532,1.0,,,
260519_2dsweep_1p5cell,sim,06_2_TDS-KyhlTune-260519_269.s2p,,S22,f_2pi3,sim,dispersion_mode_1,2.8571160335532,2.85712,3.966446799896772e-06,-6.589478271135105e-06,-7.207091760568401,touchstone_ri,2.8571160335532,1.0,,,
260519_2dsweep_1p5cell,sim,06_2_TDS-KyhlTune-260519_27.s2p,,S11,f_2pi3,sim,dispersion_mode_1,2.8571160335532,2.85712,3.966446799896772e-06,-0.0002301840928982446,-32.02462819096602,touchstone_ri,2.8571160335532,1.0,,,
260519_2dsweep_1p5cell,sim,06_2_TDS-KyhlTune-260519_27.s2p,,S12,f_2pi3,sim,dispersion_mode_1,2.8571160335532,2.85712,3.966446799896772e-06,-55.5468265689312,-80.41233229091436,touchstone_ri,2.8571160335532,1.0,,,
260519_2dsweep_1p5cell,sim,06_2_TDS-KyhlTune-260519_27.s2p,,S21,f_2pi3,sim,dispersion_mode_1,2.8571160335532,2.85712,3.966446799896772e-06,-55.469005282569306,-80.63088162503824,touchstone_ri,2.8571160335532,1.0,,,
260519_2dsweep_1p5cell,sim,06_2_TDS-KyhlTune-260519_27.s2p,,S22,f_2pi3,sim,dispersion_mode_1,2.8571160335532,2.85712,3.966446799896772e-06,-2.0283108563131557e-05,51.23949426823318,touchstone_ri,2.8571160335532,1.0,,,
260519_2dsweep_1p5cell,sim,06_2_TDS-KyhlTune-260519_270.s2p,,S11,f_2pi3,sim,dispersion_mode_1,2.8571160335532,2.85712,3.966446799896772e-06,-2.9576232957503002e-05,14.35786122145654,touchstone_ri,2.8571160335532,1.0,,,
260519_2dsweep_1p5cell,sim,06_2_TDS-KyhlTune-260519_270.s2p,,S12,f_2pi3,sim,dispersion_mode_1,2.8571160335532,2.85712,3.966446799896772e-06,-52.63755003706021,93.82229768018811,touchstone_ri,2.8571160335532,1.0,,,
260519_2dsweep_1p5cell,sim,06_2_TDS-KyhlTune-260519_270.s2p,,S21,f_2pi3,sim,dispersion_mode_1,2.8571160335532,2.85712,3.966446799896772e-06,-52.70782762113325,92.53188635845505,touchstone_ri,2.8571160335532,1.0,,,
260519_2dsweep_1p5cell,sim,06_2_TDS-KyhlTune-260519_270.s2p,,S22,f_2pi3,sim,dispersion_mode_1,2.8571160335532,2.85712,3.966446799896772e-06,-7.570535129014284e-06,-7.381910994766986,touchstone_ri,2.8571160335532,1.0,,,
260519_2dsweep_1p5cell,sim,06_2_TDS-KyhlTune-260519_271.s2p,,S11,f_2pi3,sim,dispersion_mode_1,2.8571160335532,2.85712,3.966446799896772e-06,-9.622239360339392e-06,13.080370921184537,touchstone_ri,2.8571160335532,1.0,,,
260519_2dsweep_1p5cell,sim,06_2_TDS-KyhlTune-260519_271.s2p,,S12,f_2pi3,sim,dispersion_mode_1,2.8571160335532,2.85712,3.966446799896772e-06,-54.91010428776251,92.88729974745662,touchstone_ri,2.8571160335532,1.0,,,
260519_2dsweep_1p5cell,sim,06_2_TDS-KyhlTune-260519_271.s2p,,S21,f_2pi3,sim,dispersion_mode_1,2.8571160335532,2.85712,3.966446799896772e-06,-54.99492948091227,92.7802932460139,touchstone_ri,2.8571160335532,1.0,,,
260519_2dsweep_1p5cell,sim,06_2_TDS-KyhlTune-260519_271.s2p,,S22,f_2pi3,sim,dispersion_mode_1,2.8571160335532,2.85712,3.966446799896772e-06,-9.348046531443027e-06,-7.603652226037084,touchstone_ri,2.8571160335532,1.0,,,
260519_2dsweep_1p5cell,sim,06_2_TDS-KyhlTune-260519_272.s2p,,S11,f_2pi3,sim,dispersion_mode_1,2.8571160335532,2.85712,3.966446799896772e-06,8.749978685135158e-05,11.715216281837726,touchstone_ri,2.8571160335532,1.0,,,
260519_2dsweep_1p5cell,sim,06_2_TDS-KyhlTune-260519_272.s2p,,S12,f_2pi3,sim,dispersion_mode_1,2.8571160335532,2.85712,3.966446799896772e-06,-55.1123937765033,93.54321583094493,touchstone_ri,2.8571160335532,1.0,,,
260519_2dsweep_1p5cell,sim,06_2_TDS-KyhlTune-260519_272.s2p,,S21,f_2pi3,sim,dispersion_mode_1,2.8571160335532,2.85712,3.966446799896772e-06,-54.65466786475111,91.843597959075,touchstone_ri,2.8571160335532,1.0,,,
260519_2dsweep_1p5cell,sim,06_2_TDS-KyhlTune-260519_272.s2p,,S22,f_2pi3,sim,dispersion_mode_1,2.8571160335532,2.85712,3.966446799896772e-06,-1.2096453591100312e-05,-7.794611903029893,touchstone_ri,2.8571160335532,1.0,,,
260519_2dsweep_1p5cell,sim,06_2_TDS-KyhlTune-260519_273.s2p,,S11,f_2pi3,sim,dispersion_mode_1,2.8571160335532,2.85712,3.966446799896772e-06,-4.5405522514859305e-05,10.892473775655072,touchstone_ri,2.8571160335532,1.0,,,
260519_2dsweep_1p5cell,sim,06_2_TDS-KyhlTune-260519_273.s2p,,S12,f_2pi3,sim,dispersion_mode_1,2.8571160335532,2.85712,3.966446799896772e-06,-55.56279750180812,94.08402437944608,touchstone_ri,2.8571160335532,1.0,,,
260519_2dsweep_1p5cell,sim,06_2_TDS-KyhlTune-260519_273.s2p,,S21,f_2pi3,sim,dispersion_mode_1,2.8571160335532,2.85712,3.966446799896772e-06,-54.916351557946044,91.45277522648398,touchstone_ri,2.8571160335532,1.0,,,
260519_2dsweep_1p5cell,sim,06_2_TDS-KyhlTune-260519_273.s2p,,S22,f_2pi3,sim,dispersion_mode_1,2.8571160335532,2.85712,3.966446799896772e-06,-7.377091822121882e-05,-7.9580916761177205,touchstone_ri,2.8571160335532,1.0,,,
260519_2dsweep_1p5cell,sim,06_2_TDS-KyhlTune-260519_274.s2p,,S11,f_2pi3,sim,dispersion_mode_1,2.8571160335532,2.85712,3.966446799896772e-06,2.6360709778236465e-05,9.363958813252236,touchstone_ri,2.8571160335532,1.0,,,
260519_2dsweep_1p5cell,sim,06_2_TDS-KyhlTune-260519_274.s2p,,S12,f_2pi3,sim,dispersion_mode_1,2.8571160335532,2.85712,3.966446799896772e-06,-54.92307889876596,90.88603479033348,touchstone_ri,2.8571160335532,1.0,,,
260519_2dsweep_1p5cell,sim,06_2_TDS-KyhlTune-260519_274.s2p,,S21,f_2pi3,sim,dispersion_mode_1,2.8571160335532,2.85712,3.966446799896772e-06,-54.94781237791365,90.7425494672592,touchstone_ri,2.8571160335532,1.0,,,
260519_2dsweep_1p5cell,sim,06_2_TDS-KyhlTune-260519_274.s2p,,S22,f_2pi3,sim,dispersion_mode_1,2.8571160335532,2.85712,3.966446799896772e-06,-7.528571260356141e-06,-8.12175970440048,touchstone_ri,2.8571160335532,1.0,,,
260519_2dsweep_1p5cell,sim,06_2_TDS-KyhlTune-260519_275.s2p,,S11,f_2pi3,sim,dispersion_mode_1,2.8571160335532,2.85712,3.966446799896772e-06,-2.585761062685105e-05,8.67521682333406,touchstone_ri,2.8571160335532,1.0,,,
260519_2dsweep_1p5cell,sim,06_2_TDS-KyhlTune-260519_275.s2p,,S12,f_2pi3,sim,dispersion_mode_1,2.8571160335532,2.85712,3.966446799896772e-06,-56.13958873462627,93.13973705403535,touchstone_ri,2.8571160335532,1.0,,,
260519_2dsweep_1p5cell,sim,06_2_TDS-KyhlTune-260519_275.s2p,,S21,f_2pi3,sim,dispersion_mode_1,2.8571160335532,2.85712,3.966446799896772e-06,-55.463100622582225,90.21841557734469,touchstone_ri,2.8571160335532,1.0,,,
260519_2dsweep_1p5cell,sim,06_2_TDS-KyhlTune-260519_275.s2p,,S22,f_2pi3,sim,dispersion_mode_1,2.8571160335532,2.85712,3.966446799896772e-06,-9.025982622341973e-06,-8.279472137374107,touchstone_ri,2.8571160335532,1.0,,,
260519_2dsweep_1p5cell,sim,06_2_TDS-KyhlTune-260519_276.s2p,,S11,f_2pi3,sim,dispersion_mode_1,2.8571160335532,2.85712,3.966446799896772e-06,-1.1842171961529871e-05,7.806882548809757,touchstone_ri,2.8571160335532,1.0,,,
260519_2dsweep_1p5cell,sim,06_2_TDS-KyhlTune-260519_276.s2p,,S12,f_2pi3,sim,dispersion_mode_1,2.8571160335532,2.85712,3.966446799896772e-06,-55.88582180023768,90.61946504465611,touchstone_ri,2.8571160335532,1.0,,,
260519_2dsweep_1p5cell,sim,06_2_TDS-KyhlTune-260519_276.s2p,,S21,f_2pi3,sim,dispersion_mode_1,2.8571160335532,2.85712,3.966446799896772e-06,-55.62128142670577,88.43734592166722,touchstone_ri,2.8571160335532,1.0,,,
260519_2dsweep_1p5cell,sim,06_2_TDS-KyhlTune-260519_276.s2p,,S22,f_2pi3,sim,dispersion_mode_1,2.8571160335532,2.85712,3.966446799896772e-06,1.3249419814180325e-05,-8.45106697350784,touchstone_ri,2.8571160335532,1.0,,,
260519_2dsweep_1p5cell,sim,06_2_TDS-KyhlTune-260519_277.s2p,,S11,f_2pi3,sim,dispersion_mode_1,2.8571160335532,2.85712,3.966446799896772e-06,-0.00017506937685422952,12.995476104378163,touchstone_ri,2.8571160335532,1.0,,,
260519_2dsweep_1p5cell,sim,06_2_TDS-KyhlTune-260519_277.s2p,,S12,f_2pi3,sim,dispersion_mode_1,2.8571160335532,2.85712,3.966446799896772e-06,-53.91723507355043,92.7170649158246,touchstone_ri,2.8571160335532,1.0,,,
260519_2dsweep_1p5cell,sim,06_2_TDS-KyhlTune-260519_277.s2p,,S21,f_2pi3,sim,dispersion_mode_1,2.8571160335532,2.85712,3.966446799896772e-06,-53.909088851121666,92.72776896604883,touchstone_ri,2.8571160335532,1.0,,,
260519_2dsweep_1p5cell,sim,06_2_TDS-KyhlTune-260519_277.s2p,,S22,f_2pi3,sim,dispersion_mode_1,2.8571160335532,2.85712,3.966446799896772e-06,1.6441734862983737e-06,-7.559387108828852,touchstone_ri,2.8571160335532,1.0,,,
260519_2dsweep_1p5cell,sim,06_2_TDS-KyhlTune-260519_278.s2p,,S11,f_2pi3,sim,dispersion_mode_1,2.8571160335532,2.85712,3.966446799896772e-06,0.0001554214157925504,11.332711305283539,touchstone_ri,2.8571160335532,1.0,,,
260519_2dsweep_1p5cell,sim,06_2_TDS-KyhlTune-260519_278.s2p,,S12,f_2pi3,sim,dispersion_mode_1,2.8571160335532,2.85712,3.966446799896772e-06,-51.90705709772699,91.93680501248937,touchstone_ri,2.8571160335532,1.0,,,
260519_2dsweep_1p5cell,sim,06_2_TDS-KyhlTune-260519_278.s2p,,S21,f_2pi3,sim,dispersion_mode_1,2.8571160335532,2.85712,3.966446799896772e-06,-51.852094122487685,91.8519329089883,touchstone_ri,2.8571160335532,1.0,,,
260519_2dsweep_1p5cell,sim,06_2_TDS-KyhlTune-260519_278.s2p,,S22,f_2pi3,sim,dispersion_mode_1,2.8571160335532,2.85712,3.966446799896772e-06,1.990621225024316e-06,-7.781157027861373,touchstone_ri,2.8571160335532,1.0,,,
260519_2dsweep_1p5cell,sim,06_2_TDS-KyhlTune-260519_279.s2p,,S11,f_2pi3,sim,dispersion_mode_1,2.8571160335532,2.85712,3.966446799896772e-06,0.00010420961089364804,10.430576560446541,touchstone_ri,2.8571160335532,1.0,,,
260519_2dsweep_1p5cell,sim,06_2_TDS-KyhlTune-260519_279.s2p,,S12,f_2pi3,sim,dispersion_mode_1,2.8571160335532,2.85712,3.966446799896772e-06,-53.95391573019185,91.17695311414847,touchstone_ri,2.8571160335532,1.0,,,
260519_2dsweep_1p5cell,sim,06_2_TDS-KyhlTune-260519_279.s2p,,S21,f_2pi3,sim,dispersion_mode_1,2.8571160335532,2.85712,3.966446799896772e-06,-53.945068256922504,91.13940326295874,touchstone_ri,2.8571160335532,1.0,,,
260519_2dsweep_1p5cell,sim,06_2_TDS-KyhlTune-260519_279.s2p,,S22,f_2pi3,sim,dispersion_mode_1,2.8571160335532,2.85712,3.966446799896772e-06,4.034970426602224e-06,-7.948391758232222,touchstone_ri,2.8571160335532,1.0,,,
260519_2dsweep_1p5cell,sim,06_2_TDS-KyhlTune-260519_28.s2p,,S11,f_2pi3,sim,dispersion_mode_1,2.8571160335532,2.85712,3.966446799896772e-06,-4.0631511016003235e-06,-32.63611316119135,touchstone_ri,2.8571160335532,1.0,,,
260519_2dsweep_1p5cell,sim,06_2_TDS-KyhlTune-260519_28.s2p,,S12,f_2pi3,sim,dispersion_mode_1,2.8571160335532,2.85712,3.966446799896772e-06,-55.990447971270754,-84.50102706270958,touchstone_ri,2.8571160335532,1.0,,,
260519_2dsweep_1p5cell,sim,06_2_TDS-KyhlTune-260519_28.s2p,,S21,f_2pi3,sim,dispersion_mode_1,2.8571160335532,2.85712,3.966446799896772e-06,-55.901622220500336,-84.61833545157027,touchstone_ri,2.8571160335532,1.0,,,
260519_2dsweep_1p5cell,sim,06_2_TDS-KyhlTune-260519_28.s2p,,S22,f_2pi3,sim,dispersion_mode_1,2.8571160335532,2.85712,3.966446799896772e-06,-4.432353250035541e-07,43.626260550931896,touchstone_ri,2.8571160335532,1.0,,,
260519_2dsweep_1p5cell,sim,06_2_TDS-KyhlTune-260519_280.s2p,,S11,f_2pi3,sim,dispersion_mode_1,2.8571160335532,2.85712,3.966446799896772e-06,-1.3616725909219207e-05,8.972137570831089,touchstone_ri,2.8571160335532,1.0,,,
260519_2dsweep_1p5cell,sim,06_2_TDS-KyhlTune-260519_280.s2p,,S12,f_2pi3,sim,dispersion_mode_1,2.8571160335532,2.85712,3.966446799896772e-06,-54.19368147004447,90.37613262055937,touchstone_ri,2.8571160335532,1.0,,,
260519_2dsweep_1p5cell,sim,06_2_TDS-KyhlTune-260519_280.s2p,,S21,f_2pi3,sim,dispersion_mode_1,2.8571160335532,2.85712,3.966446799896772e-06,-54.18305027033699,90.47075071171673,touchstone_ri,2.8571160335532,1.0,,,
260519_2dsweep_1p5cell,sim,06_2_TDS-KyhlTune-260519_280.s2p,,S22,f_2pi3,sim,dispersion_mode_1,2.8571160335532,2.85712,3.966446799896772e-06,1.7661908732966188e-05,-8.136930042126039,touchstone_ri,2.8571160335532,1.0,,,
260519_2dsweep_1p5cell,sim,06_2_TDS-KyhlTune-260519_281.s2p,,S11,f_2pi3,sim,dispersion_mode_1,2.8571160335532,2.85712,3.966446799896772e-06,-4.4165405029661985e-05,7.943605491697723,touchstone_ri,2.8571160335532,1.0,,,
260519_2dsweep_1p5cell,sim,06_2_TDS-KyhlTune-260519_281.s2p,,S12,f_2pi3,sim,dispersion_mode_1,2.8571160335532,2.85712,3.966446799896772e-06,-54.247878956847806,90.75317987535375,touchstone_ri,2.8571160335532,1.0,,,
260519_2dsweep_1p5cell,sim,06_2_TDS-KyhlTune-260519_281.s2p,,S21,f_2pi3,sim,dispersion_mode_1,2.8571160335532,2.85712,3.966446799896772e-06,-53.953399315665834,89.80067819067074,touchstone_ri,2.8571160335532,1.0,,,
260519_2dsweep_1p5cell,sim,06_2_TDS-KyhlTune-260519_281.s2p,,S22,f_2pi3,sim,dispersion_mode_1,2.8571160335532,2.85712,3.966446799896772e-06,5.9941070918639174e-05,-8.306858755163217,touchstone_ri,2.8571160335532,1.0,,,
260519_2dsweep_1p5cell,sim,06_2_TDS-KyhlTune-260519_282.s2p,,S11,f_2pi3,sim,dispersion_mode_1,2.8571160335532,2.85712,3.966446799896772e-06,8.076887224441521e-05,7.1438907558859155,touchstone_ri,2.8571160335532,1.0,,,
260519_2dsweep_1p5cell,sim,06_2_TDS-KyhlTune-260519_282.s2p,,S12,f_2pi3,sim,dispersion_mode_1,2.8571160335532,2.85712,3.966446799896772e-06,-55.4931683853214,96.2852457483778,touchstone_ri,2.8571160335532,1.0,,,
260519_2dsweep_1p5cell,sim,06_2_TDS-KyhlTune-260519_282.s2p,,S21,f_2pi3,sim,dispersion_mode_1,2.8571160335532,2.85712,3.966446799896772e-06,-54.65275515554097,89.34769494603482,touchstone_ri,2.8571160335532,1.0,,,
260519_2dsweep_1p5cell,sim,06_2_TDS-KyhlTune-260519_282.s2p,,S22,f_2pi3,sim,dispersion_mode_1,2.8571160335532,2.85712,3.966446799896772e-06,-1.599410404163384e-05,-8.464768459339696,touchstone_ri,2.8571160335532,1.0,,,
260519_2dsweep_1p5cell,sim,06_2_TDS-KyhlTune-260519_283.s2p,,S11,f_2pi3,sim,dispersion_mode_1,2.8571160335532,2.85712,3.966446799896772e-06,-4.661853128223556e-06,5.817996614872778,touchstone_ri,2.8571160335532,1.0,,,
260519_2dsweep_1p5cell,sim,06_2_TDS-KyhlTune-260519_283.s2p,,S12,f_2pi3,sim,dispersion_mode_1,2.8571160335532,2.85712,3.966446799896772e-06,-55.82952855053132,88.48821700947049,touchstone_ri,2.8571160335532,1.0,,,
260519_2dsweep_1p5cell,sim,06_2_TDS-KyhlTune-260519_283.s2p,,S21,f_2pi3,sim,dispersion_mode_1,2.8571160335532,2.85712,3.966446799896772e-06,-55.79666142335733,88.55454814251108,touchstone_ri,2.8571160335532,1.0,,,
260519_2dsweep_1p5cell,sim,06_2_TDS-KyhlTune-260519_283.s2p,,S22,f_2pi3,sim,dispersion_mode_1,2.8571160335532,2.85712,3.966446799896772e-06,2.258967958954564e-05,-8.616769739780812,touchstone_ri,2.8571160335532,1.0,,,
260519_2dsweep_1p5cell,sim,06_2_TDS-KyhlTune-260519_284.s2p,,S11,f_2pi3,sim,dispersion_mode_1,2.8571160335532,2.85712,3.966446799896772e-06,-7.445971209678865e-05,5.098776441193267,touchstone_ri,2.8571160335532,1.0,,,
260519_2dsweep_1p5cell,sim,06_2_TDS-KyhlTune-260519_284.s2p,,S12,f_2pi3,sim,dispersion_mode_1,2.8571160335532,2.85712,3.966446799896772e-06,-56.468643314590935,88.63971617891173,touchstone_ri,2.8571160335532,1.0,,,
260519_2dsweep_1p5cell,sim,06_2_TDS-KyhlTune-260519_284.s2p,,S21,f_2pi3,sim,dispersion_mode_1,2.8571160335532,2.85712,3.966446799896772e-06,-56.21058402247633,88.12669666667252,touchstone_ri,2.8571160335532,1.0,,,
260519_2dsweep_1p5cell,sim,06_2_TDS-KyhlTune-260519_284.s2p,,S22,f_2pi3,sim,dispersion_mode_1,2.8571160335532,2.85712,3.966446799896772e-06,-5.086910717366528e-05,-8.762128254197002,touchstone_ri,2.8571160335532,1.0,,,
260519_2dsweep_1p5cell,sim,06_2_TDS-KyhlTune-260519_285.s2p,,S11,f_2pi3,sim,dispersion_mode_1,2.8571160335532,2.85712,3.966446799896772e-06,-1.18490388088852e-05,4.346818106241232,touchstone_ri,2.8571160335532,1.0,,,
260519_2dsweep_1p5cell,sim,06_2_TDS-KyhlTune-260519_285.s2p,,S12,f_2pi3,sim,dispersion_mode_1,2.8571160335532,2.85712,3.966446799896772e-06,-55.336155660914166,89.45424538592695,touchstone_ri,2.8571160335532,1.0,,,
260519_2dsweep_1p5cell,sim,06_2_TDS-KyhlTune-260519_285.s2p,,S21,f_2pi3,sim,dispersion_mode_1,2.8571160335532,2.85712,3.966446799896772e-06,-55.01849651657739,87.65185384163539,touchstone_ri,2.8571160335532,1.0,,,
260519_2dsweep_1p5cell,sim,06_2_TDS-KyhlTune-260519_285.s2p,,S22,f_2pi3,sim,dispersion_mode_1,2.8571160335532,2.85712,3.966446799896772e-06,3.6185635123333267e-06,-8.923560724732388,touchstone_ri,2.8571160335532,1.0,,,
260519_2dsweep_1p5cell,sim,06_2_TDS-KyhlTune-260519_286.s2p,,S11,f_2pi3,sim,dispersion_mode_1,2.8571160335532,2.85712,3.966446799896772e-06,-0.00012185278978686053,3.2123695147443856,touchstone_ri,2.8571160335532,1.0,,,
260519_2dsweep_1p5cell,sim,06_2_TDS-KyhlTune-260519_286.s2p,,S12,f_2pi3,sim,dispersion_mode_1,2.8571160335532,2.85712,3.966446799896772e-06,-59.234764057206505,92.61887214409644,touchstone_ri,2.8571160335532,1.0,,,
260519_2dsweep_1p5cell,sim,06_2_TDS-KyhlTune-260519_286.s2p,,S21,f_2pi3,sim,dispersion_mode_1,2.8571160335532,2.85712,3.966446799896772e-06,-58.00864207280334,87.27227479460369,touchstone_ri,2.8571160335532,1.0,,,
260519_2dsweep_1p5cell,sim,06_2_TDS-KyhlTune-260519_286.s2p,,S22,f_2pi3,sim,dispersion_mode_1,2.8571160335532,2.85712,3.966446799896772e-06,-8.669064296979706e-05,-9.059704256051358,touchstone_ri,2.8571160335532,1.0,,,
260519_2dsweep_1p5cell,sim,06_2_TDS-KyhlTune-260519_287.s2p,,S11,f_2pi3,sim,dispersion_mode_1,2.8571160335532,2.85712,3.966446799896772e-06,-1.0251459402989738e-05,3.354111826819886,touchstone_ri,2.8571160335532,1.0,,,
260519_2dsweep_1p5cell,sim,06_2_TDS-KyhlTune-260519_287.s2p,,S12,f_2pi3,sim,dispersion_mode_1,2.8571160335532,2.85712,3.966446799896772e-06,-58.328796902760836,87.95104178157632,touchstone_ri,2.8571160335532,1.0,,,
260519_2dsweep_1p5cell,sim,06_2_TDS-KyhlTune-260519_287.s2p,,S21,f_2pi3,sim,dispersion_mode_1,2.8571160335532,2.85712,3.966446799896772e-06,-58.22406942184483,87.04386252457343,touchstone_ri,2.8571160335532,1.0,,,
260519_2dsweep_1p5cell,sim,06_2_TDS-KyhlTune-260519_287.s2p,,S22,f_2pi3,sim,dispersion_mode_1,2.8571160335532,2.85712,3.966446799896772e-06,5.751811053330832e-05,-9.18485289442554,touchstone_ri,2.8571160335532,1.0,,,
260519_2dsweep_1p5cell,sim,06_2_TDS-KyhlTune-260519_288.s2p,,S11,f_2pi3,sim,dispersion_mode_1,2.8571160335532,2.85712,3.966446799896772e-06,8.453280308156084e-05,5.735421329433246,touchstone_ri,2.8571160335532,1.0,,,
260519_2dsweep_1p5cell,sim,06_2_TDS-KyhlTune-260519_288.s2p,,S12,f_2pi3,sim,dispersion_mode_1,2.8571160335532,2.85712,3.966446799896772e-06,-54.57042984642114,88.7352672941007,touchstone_ri,2.8571160335532,1.0,,,
260519_2dsweep_1p5cell,sim,06_2_TDS-KyhlTune-260519_288.s2p,,S21,f_2pi3,sim,dispersion_mode_1,2.8571160335532,2.85712,3.966446799896772e-06,-54.62103935198601,88.63884570468461,touchstone_ri,2.8571160335532,1.0,,,
260519_2dsweep_1p5cell,sim,06_2_TDS-KyhlTune-260519_288.s2p,,S22,f_2pi3,sim,dispersion_mode_1,2.8571160335532,2.85712,3.966446799896772e-06,2.1645699240315186e-05,-8.560300145567982,touchstone_ri,2.8571160335532,1.0,,,
260519_2dsweep_1p5cell,sim,06_2_TDS-KyhlTune-260519_289.s2p,,S11,f_2pi3,sim,dispersion_mode_1,2.8571160335532,2.85712,3.966446799896772e-06,-0.00046778119684042066,4.6742671700403795,touchstone_ri,2.8571160335532,1.0,,,
260519_2dsweep_1p5cell,sim,06_2_TDS-KyhlTune-260519_289.s2p,,S12,f_2pi3,sim,dispersion_mode_1,2.8571160335532,2.85712,3.966446799896772e-06,-56.78310855305149,89.32375629249272,touchstone_ri,2.8571160335532,1.0,,,
260519_2dsweep_1p5cell,sim,06_2_TDS-KyhlTune-260519_289.s2p,,S21,f_2pi3,sim,dispersion_mode_1,2.8571160335532,2.85712,3.966446799896772e-06,-56.725577793752244,88.58899739918292,touchstone_ri,2.8571160335532,1.0,,,
260519_2dsweep_1p5cell,sim,06_2_TDS-KyhlTune-260519_289.s2p,,S22,f_2pi3,sim,dispersion_mode_1,2.8571160335532,2.85712,3.966446799896772e-06,5.844315788634992e-06,-8.715913929011856,touchstone_ri,2.8571160335532,1.0,,,
260519_2dsweep_1p5cell,sim,06_2_TDS-KyhlTune-260519_29.s2p,,S11,f_2pi3,sim,dispersion_mode_1,2.8571160335532,2.85712,3.966446799896772e-06,-1.7316885446759848e-06,-33.00571565750309,touchstone_ri,2.8571160335532,1.0,,,
260519_2dsweep_1p5cell,sim,06_2_TDS-KyhlTune-260519_29.s2p,,S12,f_2pi3,sim,dispersion_mode_1,2.8571160335532,2.85712,3.966446799896772e-06,-56.65437622306095,-87.7427280016149,touchstone_ri,2.8571160335532,1.0,,,
260519_2dsweep_1p5cell,sim,06_2_TDS-KyhlTune-260519_29.s2p,,S21,f_2pi3,sim,dispersion_mode_1,2.8571160335532,2.85712,3.966446799896772e-06,-56.636541536402625,-87.54756905523911,touchstone_ri,2.8571160335532,1.0,,,
260519_2dsweep_1p5cell,sim,06_2_TDS-KyhlTune-260519_29.s2p,,S22,f_2pi3,sim,dispersion_mode_1,2.8571160335532,2.85712,3.966446799896772e-06,-3.4222283667569264e-05,37.86848555006856,touchstone_ri,2.8571160335532,1.0,,,
260519_2dsweep_1p5cell,sim,06_2_TDS-KyhlTune-260519_290.s2p,,S11,f_2pi3,sim,dispersion_mode_1,2.8571160335532,2.85712,3.966446799896772e-06,-2.0311328830437415e-06,4.464635329894864,touchstone_ri,2.8571160335532,1.0,,,
260519_2dsweep_1p5cell,sim,06_2_TDS-KyhlTune-260519_290.s2p,,S12,f_2pi3,sim,dispersion_mode_1,2.8571160335532,2.85712,3.966446799896772e-06,-56.59755695933644,87.93725461998287,touchstone_ri,2.8571160335532,1.0,,,
260519_2dsweep_1p5cell,sim,06_2_TDS-KyhlTune-260519_290.s2p,,S21,f_2pi3,sim,dispersion_mode_1,2.8571160335532,2.85712,3.966446799896772e-06,-56.58888910645498,87.88379532697854,touchstone_ri,2.8571160335532,1.0,,,
260519_2dsweep_1p5cell,sim,06_2_TDS-KyhlTune-260519_290.s2p,,S22,f_2pi3,sim,dispersion_mode_1,2.8571160335532,2.85712,3.966446799896772e-06,-1.506730390957889e-06,-8.867963897449021,touchstone_ri,2.8571160335532,1.0,,,
260519_2dsweep_1p5cell,sim,06_2_TDS-KyhlTune-260519_291.s2p,,S11,f_2pi3,sim,dispersion_mode_1,2.8571160335532,2.85712,3.966446799896772e-06,-1.0733219208884552e-05,3.302122337656856,touchstone_ri,2.8571160335532,1.0,,,
260519_2dsweep_1p5cell,sim,06_2_TDS-KyhlTune-260519_291.s2p,,S12,f_2pi3,sim,dispersion_mode_1,2.8571160335532,2.85712,3.966446799896772e-06,-58.50355164621963,88.49250800413066,touchstone_ri,2.8571160335532,1.0,,,
260519_2dsweep_1p5cell,sim,06_2_TDS-KyhlTune-260519_291.s2p,,S21,f_2pi3,sim,dispersion_mode_1,2.8571160335532,2.85712,3.966446799896772e-06,-58.105088524024254,87.24391858002078,touchstone_ri,2.8571160335532,1.0,,,
260519_2dsweep_1p5cell,sim,06_2_TDS-KyhlTune-260519_291.s2p,,S22,f_2pi3,sim,dispersion_mode_1,2.8571160335532,2.85712,3.966446799896772e-06,-4.2845319633526705e-05,-9.014216542400924,touchstone_ri,2.8571160335532,1.0,,,
260519_2dsweep_1p5cell,sim,06_2_TDS-KyhlTune-260519_292.s2p,,S11,f_2pi3,sim,dispersion_mode_1,2.8571160335532,2.85712,3.966446799896772e-06,-1.5103687444182048e-05,2.4549421542689984,touchstone_ri,2.8571160335532,1.0,,,
260519_2dsweep_1p5cell,sim,06_2_TDS-KyhlTune-260519_292.s2p,,S12,f_2pi3,sim,dispersion_mode_1,2.8571160335532,2.85712,3.966446799896772e-06,-57.616325833670636,86.64187142211598,touchstone_ri,2.8571160335532,1.0,,,
260519_2dsweep_1p5cell,sim,06_2_TDS-KyhlTune-260519_292.s2p,,S21,f_2pi3,sim,dispersion_mode_1,2.8571160335532,2.85712,3.966446799896772e-06,-57.59082540966941,86.75758356521926,touchstone_ri,2.8571160335532,1.0,,,
260519_2dsweep_1p5cell,sim,06_2_TDS-KyhlTune-260519_292.s2p,,S22,f_2pi3,sim,dispersion_mode_1,2.8571160335532,2.85712,3.966446799896772e-06,-1.1164351852752377e-05,-9.145849721659495,touchstone_ri,2.8571160335532,1.0,,,
260519_2dsweep_1p5cell,sim,06_2_TDS-KyhlTune-260519_293.s2p,,S11,f_2pi3,sim,dispersion_mode_1,2.8571160335532,2.85712,3.966446799896772e-06,-2.624754425559599e-05,1.7396964110315551,touchstone_ri,2.8571160335532,1.0,,,
260519_2dsweep_1p5cell,sim,06_2_TDS-KyhlTune-260519_293.s2p,,S12,f_2pi3,sim,dispersion_mode_1,2.8571160335532,2.85712,3.966446799896772e-06,-57.783643929589374,86.34489898818573,touchstone_ri,2.8571160335532,1.0,,,
260519_2dsweep_1p5cell,sim,06_2_TDS-KyhlTune-260519_293.s2p,,S21,f_2pi3,sim,dispersion_mode_1,2.8571160335532,2.85712,3.966446799896772e-06,-57.69259222407321,86.26069484816574,touchstone_ri,2.8571160335532,1.0,,,
260519_2dsweep_1p5cell,sim,06_2_TDS-KyhlTune-260519_293.s2p,,S22,f_2pi3,sim,dispersion_mode_1,2.8571160335532,2.85712,3.966446799896772e-06,4.040591857831599e-05,-9.306089135861402,touchstone_ri,2.8571160335532,1.0,,,
260519_2dsweep_1p5cell,sim,06_2_TDS-KyhlTune-260519_294.s2p,,S11,f_2pi3,sim,dispersion_mode_1,2.8571160335532,2.85712,3.966446799896772e-06,4.68183574393302e-05,1.3236431418354568,touchstone_ri,2.8571160335532,1.0,,,
260519_2dsweep_1p5cell,sim,06_2_TDS-KyhlTune-260519_294.s2p,,S12,f_2pi3,sim,dispersion_mode_1,2.8571160335532,2.85712,3.966446799896772e-06,-56.86631409495839,86.66067083917514,touchstone_ri,2.8571160335532,1.0,,,
260519_2dsweep_1p5cell,sim,06_2_TDS-KyhlTune-260519_294.s2p,,S21,f_2pi3,sim,dispersion_mode_1,2.8571160335532,2.85712,3.966446799896772e-06,-56.720139147164524,86.11263945558197,touchstone_ri,2.8571160335532,1.0,,,
260519_2dsweep_1p5cell,sim,06_2_TDS-KyhlTune-260519_294.s2p,,S22,f_2pi3,sim,dispersion_mode_1,2.8571160335532,2.85712,3.966446799896772e-06,8.883641496766356e-05,-9.438605856192003,touchstone_ri,2.8571160335532,1.0,,,
260519_2dsweep_1p5cell,sim,06_2_TDS-KyhlTune-260519_295.s2p,,S11,f_2pi3,sim,dispersion_mode_1,2.8571160335532,2.85712,3.966446799896772e-06,1.1892997930683744e-06,1.0477565630916539,touchstone_ri,2.8571160335532,1.0,,,
260519_2dsweep_1p5cell,sim,06_2_TDS-KyhlTune-260519_295.s2p,,S12,f_2pi3,sim,dispersion_mode_1,2.8571160335532,2.85712,3.966446799896772e-06,-58.67550067885464,89.05933679173981,touchstone_ri,2.8571160335532,1.0,,,
260519_2dsweep_1p5cell,sim,06_2_TDS-KyhlTune-260519_295.s2p,,S21,f_2pi3,sim,dispersion_mode_1,2.8571160335532,2.85712,3.966446799896772e-06,-58.08802804254778,85.60226877790194,touchstone_ri,2.8571160335532,1.0,,,
260519_2dsweep_1p5cell,sim,06_2_TDS-KyhlTune-260519_295.s2p,,S22,f_2pi3,sim,dispersion_mode_1,2.8571160335532,2.85712,3.966446799896772e-06,-7.124289532663482e-06,-9.553961329620666,touchstone_ri,2.8571160335532,1.0,,,
260519_2dsweep_1p5cell,sim,06_2_TDS-KyhlTune-260519_296.s2p,,S11,f_2pi3,sim,dispersion_mode_1,2.8571160335532,2.85712,3.966446799896772e-06,3.4607049812681245e-05,0.09289294032894052,touchstone_ri,2.8571160335532,1.0,,,
260519_2dsweep_1p5cell,sim,06_2_TDS-KyhlTune-260519_296.s2p,,S12,f_2pi3,sim,dispersion_mode_1,2.8571160335532,2.85712,3.966446799896772e-06,-58.40603082456222,88.36696121571967,touchstone_ri,2.8571160335532,1.0,,,
260519_2dsweep_1p5cell,sim,06_2_TDS-KyhlTune-260519_296.s2p,,S21,f_2pi3,sim,dispersion_mode_1,2.8571160335532,2.85712,3.966446799896772e-06,-57.92487151443947,85.34758831553224,touchstone_ri,2.8571160335532,1.0,,,
260519_2dsweep_1p5cell,sim,06_2_TDS-KyhlTune-260519_296.s2p,,S22,f_2pi3,sim,dispersion_mode_1,2.8571160335532,2.85712,3.966446799896772e-06,-4.963251744906069e-05,-9.692962576945225,touchstone_ri,2.8571160335532,1.0,,,
260519_2dsweep_1p5cell,sim,06_2_TDS-KyhlTune-260519_297.s2p,,S11,f_2pi3,sim,dispersion_mode_1,2.8571160335532,2.85712,3.966446799896772e-06,-1.2914124982981486e-05,-0.2794747970284197,touchstone_ri,2.8571160335532,1.0,,,
260519_2dsweep_1p5cell,sim,06_2_TDS-KyhlTune-260519_297.s2p,,S12,f_2pi3,sim,dispersion_mode_1,2.8571160335532,2.85712,3.966446799896772e-06,-62.134659368980614,88.90437363452429,touchstone_ri,2.8571160335532,1.0,,,
260519_2dsweep_1p5cell,sim,06_2_TDS-KyhlTune-260519_297.s2p,,S21,f_2pi3,sim,dispersion_mode_1,2.8571160335532,2.85712,3.966446799896772e-06,-61.44521859947872,84.93309754061404,touchstone_ri,2.8571160335532,1.0,,,
260519_2dsweep_1p5cell,sim,06_2_TDS-KyhlTune-260519_297.s2p,,S22,f_2pi3,sim,dispersion_mode_1,2.8571160335532,2.85712,3.966446799896772e-06,-0.00019084460284612975,-9.793692819573216,touchstone_ri,2.8571160335532,1.0,,,
260519_2dsweep_1p5cell,sim,06_2_TDS-KyhlTune-260519_298.s2p,,S11,f_2pi3,sim,dispersion_mode_1,2.8571160335532,2.85712,3.966446799896772e-06,-2.0866800418038144e-05,-0.48124986795303404,touchstone_ri,2.8571160335532,1.0,,,
260519_2dsweep_1p5cell,sim,06_2_TDS-KyhlTune-260519_298.s2p,,S12,f_2pi3,sim,dispersion_mode_1,2.8571160335532,2.85712,3.966446799896772e-06,-58.778936455864816,84.7778720064407,touchstone_ri,2.8571160335532,1.0,,,
260519_2dsweep_1p5cell,sim,06_2_TDS-KyhlTune-260519_298.s2p,,S21,f_2pi3,sim,dispersion_mode_1,2.8571160335532,2.85712,3.966446799896772e-06,-58.87132155616929,84.53829658385519,touchstone_ri,2.8571160335532,1.0,,,
260519_2dsweep_1p5cell,sim,06_2_TDS-KyhlTune-260519_298.s2p,,S22,f_2pi3,sim,dispersion_mode_1,2.8571160335532,2.85712,3.966446799896772e-06,-6.938523709952023e-07,-9.900650974556516,touchstone_ri,2.8571160335532,1.0,,,
260519_2dsweep_1p5cell,sim,06_2_TDS-KyhlTune-260519_299.s2p,,S11,f_2pi3,sim,dispersion_mode_1,2.8571160335532,2.85712,3.966446799896772e-06,-6.1248307491243595e-06,0.90838866926142,touchstone_ri,2.8571160335532,1.0,,,
260519_2dsweep_1p5cell,sim,06_2_TDS-KyhlTune-260519_299.s2p,,S12,f_2pi3,sim,dispersion_mode_1,2.8571160335532,2.85712,3.966446799896772e-06,-57.48032353718326,85.92944275277553,touchstone_ri,2.8571160335532,1.0,,,
260519_2dsweep_1p5cell,sim,06_2_TDS-KyhlTune-260519_299.s2p,,S21,f_2pi3,sim,dispersion_mode_1,2.8571160335532,2.85712,3.966446799896772e-06,-57.479237765511414,86.0419543730894,touchstone_ri,2.8571160335532,1.0,,,
260519_2dsweep_1p5cell,sim,06_2_TDS-KyhlTune-260519_299.s2p,,S22,f_2pi3,sim,dispersion_mode_1,2.8571160335532,2.85712,3.966446799896772e-06,9.880041453113932e-06,-9.460159363433666,touchstone_ri,2.8571160335532,1.0,,,
260519_2dsweep_1p5cell,sim,06_2_TDS-KyhlTune-260519_3.s2p,,S11,f_2pi3,sim,dispersion_mode_1,2.8571160335532,2.85712,3.966446799896772e-06,-0.0002484884232481654,-30.05009017716496,touchstone_ri,2.8571160335532,1.0,,,
260519_2dsweep_1p5cell,sim,06_2_TDS-KyhlTune-260519_3.s2p,,S12,f_2pi3,sim,dispersion_mode_1,2.8571160335532,2.85712,3.966446799896772e-06,-55.092192904403944,-57.67595324008901,touchstone_ri,2.8571160335532,1.0,,,
260519_2dsweep_1p5cell,sim,06_2_TDS-KyhlTune-260519_3.s2p,,S21,f_2pi3,sim,dispersion_mode_1,2.8571160335532,2.85712,3.966446799896772e-06,-54.63571596004188,-57.450017897663336,touchstone_ri,2.8571160335532,1.0,,,
260519_2dsweep_1p5cell,sim,06_2_TDS-KyhlTune-260519_3.s2p,,S22,f_2pi3,sim,dispersion_mode_1,2.8571160335532,2.85712,3.966446799896772e-06,-0.0009319760421989503,94.51922144319006,touchstone_ri,2.8571160335532,1.0,,,
260519_2dsweep_1p5cell,sim,06_2_TDS-KyhlTune-260519_30.s2p,,S11,f_2pi3,sim,dispersion_mode_1,2.8571160335532,2.85712,3.966446799896772e-06,-0.00017169910787983612,-33.24836574908457,touchstone_ri,2.8571160335532,1.0,,,
260519_2dsweep_1p5cell,sim,06_2_TDS-KyhlTune-260519_30.s2p,,S12,f_2pi3,sim,dispersion_mode_1,2.8571160335532,2.85712,3.966446799896772e-06,-56.976701423575676,-90.16251869589925,touchstone_ri,2.8571160335532,1.0,,,
260519_2dsweep_1p5cell,sim,06_2_TDS-KyhlTune-260519_30.s2p,,S21,f_2pi3,sim,dispersion_mode_1,2.8571160335532,2.85712,3.966446799896772e-06,-56.95853332798903,-90.05523472401892,touchstone_ri,2.8571160335532,1.0,,,
260519_2dsweep_1p5cell,sim,06_2_TDS-KyhlTune-260519_30.s2p,,S22,f_2pi3,sim,dispersion_mode_1,2.8571160335532,2.85712,3.966446799896772e-06,1.2288823472331885e-07,33.117810309674375,touchstone_ri,2.8571160335532,1.0,,,
260519_2dsweep_1p5cell,sim,06_2_TDS-KyhlTune-260519_300.s2p,,S11,f_2pi3,sim,dispersion_mode_1,2.8571160335532,2.85712,3.966446799896772e-06,-0.000251732190176729,0.3779210666990664,touchstone_ri,2.8571160335532,1.0,,,
260519_2dsweep_1p5cell,sim,06_2_TDS-KyhlTune-260519_300.s2p,,S12,f_2pi3,sim,dispersion_mode_1,2.8571160335532,2.85712,3.966446799896772e-06,-58.76345924415081,85.2448540407649,touchstone_ri,2.8571160335532,1.0,,,
260519_2dsweep_1p5cell,sim,06_2_TDS-KyhlTune-260519_300.s2p,,S21,f_2pi3,sim,dispersion_mode_1,2.8571160335532,2.85712,3.966446799896772e-06,-58.77227993545098,85.30161293549097,touchstone_ri,2.8571160335532,1.0,,,
260519_2dsweep_1p5cell,sim,06_2_TDS-KyhlTune-260519_300.s2p,,S22,f_2pi3,sim,dispersion_mode_1,2.8571160335532,2.85712,3.966446799896772e-06,-1.7066005127543337e-05,-9.603421917798272,touchstone_ri,2.8571160335532,1.0,,,
260519_2dsweep_1p5cell,sim,06_2_TDS-KyhlTune-260519_301.s2p,,S11,f_2pi3,sim,dispersion_mode_1,2.8571160335532,2.85712,3.966446799896772e-06,-0.0001572860548519049,-0.13082989182715,touchstone_ri,2.8571160335532,1.0,,,
260519_2dsweep_1p5cell,sim,06_2_TDS-KyhlTune-260519_301.s2p,,S12,f_2pi3,sim,dispersion_mode_1,2.8571160335532,2.85712,3.966446799896772e-06,-57.46932460595807,85.17263466092535,touchstone_ri,2.8571160335532,1.0,,,
260519_2dsweep_1p5cell,sim,06_2_TDS-KyhlTune-260519_301.s2p,,S21,f_2pi3,sim,dispersion_mode_1,2.8571160335532,2.85712,3.966446799896772e-06,-57.4875036238877,85.19148732314335,touchstone_ri,2.8571160335532,1.0,,,
260519_2dsweep_1p5cell,sim,06_2_TDS-KyhlTune-260519_301.s2p,,S22,f_2pi3,sim,dispersion_mode_1,2.8571160335532,2.85712,3.966446799896772e-06,-7.244672527714138e-06,-9.745016857008956,touchstone_ri,2.8571160335532,1.0,,,
260519_2dsweep_1p5cell,sim,06_2_TDS-KyhlTune-260519_302.s2p,,S11,f_2pi3,sim,dispersion_mode_1,2.8571160335532,2.85712,3.966446799896772e-06,4.229160697752096e-06,-0.6877437987307017,touchstone_ri,2.8571160335532,1.0,,,
260519_2dsweep_1p5cell,sim,06_2_TDS-KyhlTune-260519_302.s2p,,S12,f_2pi3,sim,dispersion_mode_1,2.8571160335532,2.85712,3.966446799896772e-06,-59.047382945561026,85.10809218664292,touchstone_ri,2.8571160335532,1.0,,,
260519_2dsweep_1p5cell,sim,06_2_TDS-KyhlTune-260519_302.s2p,,S21,f_2pi3,sim,dispersion_mode_1,2.8571160335532,2.85712,3.966446799896772e-06,-59.100487144259844,84.76654436636686,touchstone_ri,2.8571160335532,1.0,,,
260519_2dsweep_1p5cell,sim,06_2_TDS-KyhlTune-260519_302.s2p,,S22,f_2pi3,sim,dispersion_mode_1,2.8571160335532,2.85712,3.966446799896772e-06,-8.923619056673271e-06,-9.851520874456897,touchstone_ri,2.8571160335532,1.0,,,
260519_2dsweep_1p5cell,sim,06_2_TDS-KyhlTune-260519_303.s2p,,S11,f_2pi3,sim,dispersion_mode_1,2.8571160335532,2.85712,3.966446799896772e-06,-9.159871645312645e-05,-1.1400391126273033,touchstone_ri,2.8571160335532,1.0,,,
260519_2dsweep_1p5cell,sim,06_2_TDS-KyhlTune-260519_303.s2p,,S12,f_2pi3,sim,dispersion_mode_1,2.8571160335532,2.85712,3.966446799896772e-06,-59.93114482329975,84.81177768957434,touchstone_ri,2.8571160335532,1.0,,,
260519_2dsweep_1p5cell,sim,06_2_TDS-KyhlTune-260519_303.s2p,,S21,f_2pi3,sim,dispersion_mode_1,2.8571160335532,2.85712,3.966446799896772e-06,-59.89073108626994,84.19784968340797,touchstone_ri,2.8571160335532,1.0,,,
260519_2dsweep_1p5cell,sim,06_2_TDS-KyhlTune-260519_303.s2p,,S22,f_2pi3,sim,dispersion_mode_1,2.8571160335532,2.85712,3.966446799896772e-06,1.4027807431606059e-05,-9.978667643003424,touchstone_ri,2.8571160335532,1.0,,,
260519_2dsweep_1p5cell,sim,06_2_TDS-KyhlTune-260519_304.s2p,,S11,f_2pi3,sim,dispersion_mode_1,2.8571160335532,2.85712,3.966446799896772e-06,2.0980223487630392e-05,-1.6640021421611746,touchstone_ri,2.8571160335532,1.0,,,
260519_2dsweep_1p5cell,sim,06_2_TDS-KyhlTune-260519_304.s2p,,S12,f_2pi3,sim,dispersion_mode_1,2.8571160335532,2.85712,3.966446799896772e-06,-57.74635110168089,83.56039822071541,touchstone_ri,2.8571160335532,1.0,,,
260519_2dsweep_1p5cell,sim,06_2_TDS-KyhlTune-260519_304.s2p,,S21,f_2pi3,sim,dispersion_mode_1,2.8571160335532,2.85712,3.966446799896772e-06,-57.79872139555506,84.1263248823277,touchstone_ri,2.8571160335532,1.0,,,
260519_2dsweep_1p5cell,sim,06_2_TDS-KyhlTune-260519_304.s2p,,S22,f_2pi3,sim,dispersion_mode_1,2.8571160335532,2.85712,3.966446799896772e-06,4.305423990740798e-06,-10.115290451124483,touchstone_ri,2.8571160335532,1.0,,,
260519_2dsweep_1p5cell,sim,06_2_TDS-KyhlTune-260519_305.s2p,,S11,f_2pi3,sim,dispersion_mode_1,2.8571160335532,2.85712,3.966446799896772e-06,-4.909289572985382e-07,-1.9691995928455037,touchstone_ri,2.8571160335532,1.0,,,
260519_2dsweep_1p5cell,sim,06_2_TDS-KyhlTune-260519_305.s2p,,S12,f_2pi3,sim,dispersion_mode_1,2.8571160335532,2.85712,3.966446799896772e-06,-61.75984652486039,85.88712757226583,touchstone_ri,2.8571160335532,1.0,,,
260519_2dsweep_1p5cell,sim,06_2_TDS-KyhlTune-260519_305.s2p,,S21,f_2pi3,sim,dispersion_mode_1,2.8571160335532,2.85712,3.966446799896772e-06,-61.3431264306936,84.09585772643169,touchstone_ri,2.8571160335532,1.0,,,
260519_2dsweep_1p5cell,sim,06_2_TDS-KyhlTune-260519_305.s2p,,S22,f_2pi3,sim,dispersion_mode_1,2.8571160335532,2.85712,3.966446799896772e-06,2.2710288395950886e-05,-10.219121907306619,touchstone_ri,2.8571160335532,1.0,,,
260519_2dsweep_1p5cell,sim,06_2_TDS-KyhlTune-260519_306.s2p,,S11,f_2pi3,sim,dispersion_mode_1,2.8571160335532,2.85712,3.966446799896772e-06,2.190615895770904e-05,-2.4370975788483853,touchstone_ri,2.8571160335532,1.0,,,
260519_2dsweep_1p5cell,sim,06_2_TDS-KyhlTune-260519_306.s2p,,S12,f_2pi3,sim,dispersion_mode_1,2.8571160335532,2.85712,3.966446799896772e-06,-59.777477083331945,83.88045653047945,touchstone_ri,2.8571160335532,1.0,,,
260519_2dsweep_1p5cell,sim,06_2_TDS-KyhlTune-260519_306.s2p,,S21,f_2pi3,sim,dispersion_mode_1,2.8571160335532,2.85712,3.966446799896772e-06,-59.453526300761595,83.65364388097137,touchstone_ri,2.8571160335532,1.0,,,
260519_2dsweep_1p5cell,sim,06_2_TDS-KyhlTune-260519_306.s2p,,S22,f_2pi3,sim,dispersion_mode_1,2.8571160335532,2.85712,3.966446799896772e-06,2.7036128692558038e-05,-10.304712120302979,touchstone_ri,2.8571160335532,1.0,,,
260519_2dsweep_1p5cell,sim,06_2_TDS-KyhlTune-260519_307.s2p,,S11,f_2pi3,sim,dispersion_mode_1,2.8571160335532,2.85712,3.966446799896772e-06,1.8214407036956358e-05,-2.835526813241735,touchstone_ri,2.8571160335532,1.0,,,
260519_2dsweep_1p5cell,sim,06_2_TDS-KyhlTune-260519_307.s2p,,S12,f_2pi3,sim,dispersion_mode_1,2.8571160335532,2.85712,3.966446799896772e-06,-60.36868437593681,83.54628870039626,touchstone_ri,2.8571160335532,1.0,,,
260519_2dsweep_1p5cell,sim,06_2_TDS-KyhlTune-260519_307.s2p,,S21,f_2pi3,sim,dispersion_mode_1,2.8571160335532,2.85712,3.966446799896772e-06,-60.353451467569236,83.44796242822595,touchstone_ri,2.8571160335532,1.0,,,
260519_2dsweep_1p5cell,sim,06_2_TDS-KyhlTune-260519_307.s2p,,S22,f_2pi3,sim,dispersion_mode_1,2.8571160335532,2.85712,3.966446799896772e-06,-5.160844245208813e-06,-10.406878045133364,touchstone_ri,2.8571160335532,1.0,,,
260519_2dsweep_1p5cell,sim,06_2_TDS-KyhlTune-260519_308.s2p,,S11,f_2pi3,sim,dispersion_mode_1,2.8571160335532,2.85712,3.966446799896772e-06,-3.561701082023391e-06,-3.1650683653008596,touchstone_ri,2.8571160335532,1.0,,,
260519_2dsweep_1p5cell,sim,06_2_TDS-KyhlTune-260519_308.s2p,,S12,f_2pi3,sim,dispersion_mode_1,2.8571160335532,2.85712,3.966446799896772e-06,-60.652679614817295,82.85775013969902,touchstone_ri,2.8571160335532,1.0,,,
260519_2dsweep_1p5cell,sim,06_2_TDS-KyhlTune-260519_308.s2p,,S21,f_2pi3,sim,dispersion_mode_1,2.8571160335532,2.85712,3.966446799896772e-06,-60.620244292334775,83.09675278707925,touchstone_ri,2.8571160335532,1.0,,,
260519_2dsweep_1p5cell,sim,06_2_TDS-KyhlTune-260519_308.s2p,,S22,f_2pi3,sim,dispersion_mode_1,2.8571160335532,2.85712,3.966446799896772e-06,-6.11980566119102e-06,-10.518133186415255,touchstone_ri,2.8571160335532,1.0,,,
260519_2dsweep_1p5cell,sim,06_2_TDS-KyhlTune-260519_309.s2p,,S11,f_2pi3,sim,dispersion_mode_1,2.8571160335532,2.85712,3.966446799896772e-06,1.4598896886529403e-05,-3.3144650260761224,touchstone_ri,2.8571160335532,1.0,,,
260519_2dsweep_1p5cell,sim,06_2_TDS-KyhlTune-260519_309.s2p,,S12,f_2pi3,sim,dispersion_mode_1,2.8571160335532,2.85712,3.966446799896772e-06,-61.205187431082265,83.46318258068466,touchstone_ri,2.8571160335532,1.0,,,
260519_2dsweep_1p5cell,sim,06_2_TDS-KyhlTune-260519_309.s2p,,S21,f_2pi3,sim,dispersion_mode_1,2.8571160335532,2.85712,3.966446799896772e-06,-61.253881253237225,82.96615921333051,touchstone_ri,2.8571160335532,1.0,,,
260519_2dsweep_1p5cell,sim,06_2_TDS-KyhlTune-260519_309.s2p,,S22,f_2pi3,sim,dispersion_mode_1,2.8571160335532,2.85712,3.966446799896772e-06,-1.245775371510267e-05,-10.615433704748572,touchstone_ri,2.8571160335532,1.0,,,
260519_2dsweep_1p5cell,sim,06_2_TDS-KyhlTune-260519_31.s2p,,S11,f_2pi3,sim,dispersion_mode_1,2.8571160335532,2.85712,3.966446799896772e-06,2.1296948560505205e-06,-33.57025240630623,touchstone_ri,2.8571160335532,1.0,,,
260519_2dsweep_1p5cell,sim,06_2_TDS-KyhlTune-260519_31.s2p,,S12,f_2pi3,sim,dispersion_mode_1,2.8571160335532,2.85712,3.966446799896772e-06,-57.50902980703738,-92.14958054373521,touchstone_ri,2.8571160335532,1.0,,,
260519_2dsweep_1p5cell,sim,06_2_TDS-KyhlTune-260519_31.s2p,,S21,f_2pi3,sim,dispersion_mode_1,2.8571160335532,2.85712,3.966446799896772e-06,-57.43706177255085,-92.15389015407386,touchstone_ri,2.8571160335532,1.0,,,
260519_2dsweep_1p5cell,sim,06_2_TDS-KyhlTune-260519_31.s2p,,S22,f_2pi3,sim,dispersion_mode_1,2.8571160335532,2.85712,3.966446799896772e-06,-4.2699539560154025e-06,29.196305744915374,touchstone_ri,2.8571160335532,1.0,,,
260519_2dsweep_1p5cell,sim,06_2_TDS-KyhlTune-260519_310.s2p,,S11,f_2pi3,sim,dispersion_mode_1,2.8571160335532,2.85712,3.966446799896772e-06,-2.1231852346590836e-05,-3.2238345425247625,touchstone_ri,2.8571160335532,1.0,,,
260519_2dsweep_1p5cell,sim,06_2_TDS-KyhlTune-260519_310.s2p,,S12,f_2pi3,sim,dispersion_mode_1,2.8571160335532,2.85712,3.966446799896772e-06,-60.51911096361898,83.31787310005949,touchstone_ri,2.8571160335532,1.0,,,
260519_2dsweep_1p5cell,sim,06_2_TDS-KyhlTune-260519_310.s2p,,S21,f_2pi3,sim,dispersion_mode_1,2.8571160335532,2.85712,3.966446799896772e-06,-60.61281080021506,83.27765049919927,touchstone_ri,2.8571160335532,1.0,,,
260519_2dsweep_1p5cell,sim,06_2_TDS-KyhlTune-260519_310.s2p,,S22,f_2pi3,sim,dispersion_mode_1,2.8571160335532,2.85712,3.966446799896772e-06,-8.424273624061793e-06,-10.462291147806887,touchstone_ri,2.8571160335532,1.0,,,
260519_2dsweep_1p5cell,sim,06_2_TDS-KyhlTune-260519_311.s2p,,S11,f_2pi3,sim,dispersion_mode_1,2.8571160335532,2.85712,3.966446799896772e-06,1.1922683734178157e-05,-3.388954235866885,touchstone_ri,2.8571160335532,1.0,,,
260519_2dsweep_1p5cell,sim,06_2_TDS-KyhlTune-260519_311.s2p,,S12,f_2pi3,sim,dispersion_mode_1,2.8571160335532,2.85712,3.966446799896772e-06,-62.01523536842174,83.11515623627868,touchstone_ri,2.8571160335532,1.0,,,
260519_2dsweep_1p5cell,sim,06_2_TDS-KyhlTune-260519_311.s2p,,S21,f_2pi3,sim,dispersion_mode_1,2.8571160335532,2.85712,3.966446799896772e-06,-62.22365643908046,83.18961445671073,touchstone_ri,2.8571160335532,1.0,,,
260519_2dsweep_1p5cell,sim,06_2_TDS-KyhlTune-260519_311.s2p,,S22,f_2pi3,sim,dispersion_mode_1,2.8571160335532,2.85712,3.966446799896772e-06,-6.222220259814244e-06,-10.578720567126211,touchstone_ri,2.8571160335532,1.0,,,
260519_2dsweep_1p5cell,sim,06_2_TDS-KyhlTune-260519_312.s2p,,S11,f_2pi3,sim,dispersion_mode_1,2.8571160335532,2.85712,3.966446799896772e-06,1.3447837642541546e-05,-3.880330684802457,touchstone_ri,2.8571160335532,1.0,,,
260519_2dsweep_1p5cell,sim,06_2_TDS-KyhlTune-260519_312.s2p,,S12,f_2pi3,sim,dispersion_mode_1,2.8571160335532,2.85712,3.966446799896772e-06,-61.572918000038456,82.94550109485354,touchstone_ri,2.8571160335532,1.0,,,
260519_2dsweep_1p5cell,sim,06_2_TDS-KyhlTune-260519_312.s2p,,S21,f_2pi3,sim,dispersion_mode_1,2.8571160335532,2.85712,3.966446799896772e-06,-61.570748106234674,82.99128225069273,touchstone_ri,2.8571160335532,1.0,,,
260519_2dsweep_1p5cell,sim,06_2_TDS-KyhlTune-260519_312.s2p,,S22,f_2pi3,sim,dispersion_mode_1,2.8571160335532,2.85712,3.966446799896772e-06,-6.738670488922162e-06,-10.666576678807505,touchstone_ri,2.8571160335532,1.0,,,
260519_2dsweep_1p5cell,sim,06_2_TDS-KyhlTune-260519_313.s2p,,S11,f_2pi3,sim,dispersion_mode_1,2.8571160335532,2.85712,3.966446799896772e-06,1.9001634610084754e-05,-4.1042346243345404,touchstone_ri,2.8571160335532,1.0,,,
260519_2dsweep_1p5cell,sim,06_2_TDS-KyhlTune-260519_313.s2p,,S12,f_2pi3,sim,dispersion_mode_1,2.8571160335532,2.85712,3.966446799896772e-06,-60.33021438673009,83.87747525571558,touchstone_ri,2.8571160335532,1.0,,,
260519_2dsweep_1p5cell,sim,06_2_TDS-KyhlTune-260519_313.s2p,,S21,f_2pi3,sim,dispersion_mode_1,2.8571160335532,2.85712,3.966446799896772e-06,-59.88101332807994,82.60778505477626,touchstone_ri,2.8571160335532,1.0,,,
260519_2dsweep_1p5cell,sim,06_2_TDS-KyhlTune-260519_313.s2p,,S22,f_2pi3,sim,dispersion_mode_1,2.8571160335532,2.85712,3.966446799896772e-06,-5.449672791211809e-05,-10.753191632474147,touchstone_ri,2.8571160335532,1.0,,,
260519_2dsweep_1p5cell,sim,06_2_TDS-KyhlTune-260519_314.s2p,,S11,f_2pi3,sim,dispersion_mode_1,2.8571160335532,2.85712,3.966446799896772e-06,4.2500123542771965e-07,-4.452572308271523,touchstone_ri,2.8571160335532,1.0,,,
260519_2dsweep_1p5cell,sim,06_2_TDS-KyhlTune-260519_314.s2p,,S12,f_2pi3,sim,dispersion_mode_1,2.8571160335532,2.85712,3.966446799896772e-06,-62.354424450027466,82.53873691598353,touchstone_ri,2.8571160335532,1.0,,,
260519_2dsweep_1p5cell,sim,06_2_TDS-KyhlTune-260519_314.s2p,,S21,f_2pi3,sim,dispersion_mode_1,2.8571160335532,2.85712,3.966446799896772e-06,-62.49254592355644,82.63998850833806,touchstone_ri,2.8571160335532,1.0,,,
260519_2dsweep_1p5cell,sim,06_2_TDS-KyhlTune-260519_314.s2p,,S22,f_2pi3,sim,dispersion_mode_1,2.8571160335532,2.85712,3.966446799896772e-06,-4.077062851024211e-06,-10.852330284164465,touchstone_ri,2.8571160335532,1.0,,,
260519_2dsweep_1p5cell,sim,06_2_TDS-KyhlTune-260519_315.s2p,,S11,f_2pi3,sim,dispersion_mode_1,2.8571160335532,2.85712,3.966446799896772e-06,2.3706732884272445e-05,-4.643205629351063,touchstone_ri,2.8571160335532,1.0,,,
260519_2dsweep_1p5cell,sim,06_2_TDS-KyhlTune-260519_315.s2p,,S12,f_2pi3,sim,dispersion_mode_1,2.8571160335532,2.85712,3.966446799896772e-06,-59.05806696438971,82.68618953294983,touchstone_ri,2.8571160335532,1.0,,,
260519_2dsweep_1p5cell,sim,06_2_TDS-KyhlTune-260519_315.s2p,,S21,f_2pi3,sim,dispersion_mode_1,2.8571160335532,2.85712,3.966446799896772e-06,-58.91249940452382,82.3381722581899,touchstone_ri,2.8571160335532,1.0,,,
260519_2dsweep_1p5cell,sim,06_2_TDS-KyhlTune-260519_315.s2p,,S22,f_2pi3,sim,dispersion_mode_1,2.8571160335532,2.85712,3.966446799896772e-06,-2.6887301236130728e-05,-10.938686521191446,touchstone_ri,2.8571160335532,1.0,,,
260519_2dsweep_1p5cell,sim,06_2_TDS-KyhlTune-260519_316.s2p,,S11,f_2pi3,sim,dispersion_mode_1,2.8571160335532,2.85712,3.966446799896772e-06,1.1741854433818282e-05,-5.022225081955828,touchstone_ri,2.8571160335532,1.0,,,
260519_2dsweep_1p5cell,sim,06_2_TDS-KyhlTune-260519_316.s2p,,S12,f_2pi3,sim,dispersion_mode_1,2.8571160335532,2.85712,3.966446799896772e-06,-61.015355677171996,78.2197570704684,touchstone_ri,2.8571160335532,1.0,,,
260519_2dsweep_1p5cell,sim,06_2_TDS-KyhlTune-260519_316.s2p,,S21,f_2pi3,sim,dispersion_mode_1,2.8571160335532,2.85712,3.966446799896772e-06,-62.076892986810094,81.9719419485192,touchstone_ri,2.8571160335532,1.0,,,
260519_2dsweep_1p5cell,sim,06_2_TDS-KyhlTune-260519_316.s2p,,S22,f_2pi3,sim,dispersion_mode_1,2.8571160335532,2.85712,3.966446799896772e-06,-9.386468135622872e-05,-11.014461318157158,touchstone_ri,2.8571160335532,1.0,,,
260519_2dsweep_1p5cell,sim,06_2_TDS-KyhlTune-260519_317.s2p,,S11,f_2pi3,sim,dispersion_mode_1,2.8571160335532,2.85712,3.966446799896772e-06,6.0739483906625856e-06,-5.432437267974973,touchstone_ri,2.8571160335532,1.0,,,
260519_2dsweep_1p5cell,sim,06_2_TDS-KyhlTune-260519_317.s2p,,S12,f_2pi3,sim,dispersion_mode_1,2.8571160335532,2.85712,3.966446799896772e-06,-63.6492627959792,81.71667649801482,touchstone_ri,2.8571160335532,1.0,,,
260519_2dsweep_1p5cell,sim,06_2_TDS-KyhlTune-260519_317.s2p,,S21,f_2pi3,sim,dispersion_mode_1,2.8571160335532,2.85712,3.966446799896772e-06,-63.60120125259834,81.70714063636167,touchstone_ri,2.8571160335532,1.0,,,
260519_2dsweep_1p5cell,sim,06_2_TDS-KyhlTune-260519_317.s2p,,S22,f_2pi3,sim,dispersion_mode_1,2.8571160335532,2.85712,3.966446799896772e-06,1.44172738339046e-05,-11.10261678038448,touchstone_ri,2.8571160335532,1.0,,,
260519_2dsweep_1p5cell,sim,06_2_TDS-KyhlTune-260519_318.s2p,,S11,f_2pi3,sim,dispersion_mode_1,2.8571160335532,2.85712,3.966446799896772e-06,-9.545619365009898e-06,-5.712640192207664,touchstone_ri,2.8571160335532,1.0,,,
260519_2dsweep_1p5cell,sim,06_2_TDS-KyhlTune-260519_318.s2p,,S12,f_2pi3,sim,dispersion_mode_1,2.8571160335532,2.85712,3.966446799896772e-06,-63.986878637412225,82.20461469554515,touchstone_ri,2.8571160335532,1.0,,,
260519_2dsweep_1p5cell,sim,06_2_TDS-KyhlTune-260519_318.s2p,,S21,f_2pi3,sim,dispersion_mode_1,2.8571160335532,2.85712,3.966446799896772e-06,-63.75828526512434,82.01155938150985,touchstone_ri,2.8571160335532,1.0,,,
260519_2dsweep_1p5cell,sim,06_2_TDS-KyhlTune-260519_318.s2p,,S22,f_2pi3,sim,dispersion_mode_1,2.8571160335532,2.85712,3.966446799896772e-06,8.263934089967371e-06,-11.198468834670294,touchstone_ri,2.8571160335532,1.0,,,
260519_2dsweep_1p5cell,sim,06_2_TDS-KyhlTune-260519_319.s2p,,S11,f_2pi3,sim,dispersion_mode_1,2.8571160335532,2.85712,3.966446799896772e-06,1.3647182862494996e-05,-5.73245977549678,touchstone_ri,2.8571160335532,1.0,,,
260519_2dsweep_1p5cell,sim,06_2_TDS-KyhlTune-260519_319.s2p,,S12,f_2pi3,sim,dispersion_mode_1,2.8571160335532,2.85712,3.966446799896772e-06,-61.15955352759801,81.60670044652646,touchstone_ri,2.8571160335532,1.0,,,
260519_2dsweep_1p5cell,sim,06_2_TDS-KyhlTune-260519_319.s2p,,S21,f_2pi3,sim,dispersion_mode_1,2.8571160335532,2.85712,3.966446799896772e-06,-61.14641122142914,81.37804115787344,touchstone_ri,2.8571160335532,1.0,,,
260519_2dsweep_1p5cell,sim,06_2_TDS-KyhlTune-260519_319.s2p,,S22,f_2pi3,sim,dispersion_mode_1,2.8571160335532,2.85712,3.966446799896772e-06,1.2035880606126838e-05,-11.2756226368355,touchstone_ri,2.8571160335532,1.0,,,
260519_2dsweep_1p5cell,sim,06_2_TDS-KyhlTune-260519_32.s2p,,S11,f_2pi3,sim,dispersion_mode_1,2.8571160335532,2.85712,3.966446799896772e-06,-0.00011475758834572743,-34.034282968714614,touchstone_ri,2.8571160335532,1.0,,,
260519_2dsweep_1p5cell,sim,06_2_TDS-KyhlTune-260519_32.s2p,,S12,f_2pi3,sim,dispersion_mode_1,2.8571160335532,2.85712,3.966446799896772e-06,-57.86259585889812,-94.04658320094491,touchstone_ri,2.8571160335532,1.0,,,
260519_2dsweep_1p5cell,sim,06_2_TDS-KyhlTune-260519_32.s2p,,S21,f_2pi3,sim,dispersion_mode_1,2.8571160335532,2.85712,3.966446799896772e-06,-57.85911768736554,-94.10084744709908,touchstone_ri,2.8571160335532,1.0,,,
260519_2dsweep_1p5cell,sim,06_2_TDS-KyhlTune-260519_32.s2p,,S22,f_2pi3,sim,dispersion_mode_1,2.8571160335532,2.85712,3.966446799896772e-06,-1.4079127219878263e-07,25.840622142904767,touchstone_ri,2.8571160335532,1.0,,,
260519_2dsweep_1p5cell,sim,06_2_TDS-KyhlTune-260519_320.s2p,,S11,f_2pi3,sim,dispersion_mode_1,2.8571160335532,2.85712,3.966446799896772e-06,3.158743800006737e-06,-6.565021871539963,touchstone_ri,2.8571160335532,1.0,,,
260519_2dsweep_1p5cell,sim,06_2_TDS-KyhlTune-260519_320.s2p,,S12,f_2pi3,sim,dispersion_mode_1,2.8571160335532,2.85712,3.966446799896772e-06,-67.41086143928506,78.92690896548007,touchstone_ri,2.8571160335532,1.0,,,
260519_2dsweep_1p5cell,sim,06_2_TDS-KyhlTune-260519_320.s2p,,S21,f_2pi3,sim,dispersion_mode_1,2.8571160335532,2.85712,3.966446799896772e-06,-66.99556816057667,81.03100387013063,touchstone_ri,2.8571160335532,1.0,,,
260519_2dsweep_1p5cell,sim,06_2_TDS-KyhlTune-260519_320.s2p,,S22,f_2pi3,sim,dispersion_mode_1,2.8571160335532,2.85712,3.966446799896772e-06,-3.861079644957759e-06,-11.440155182184627,touchstone_ri,2.8571160335532,1.0,,,
260519_2dsweep_1p5cell,sim,06_2_TDS-KyhlTune-260519_321.s2p,,S11,f_2pi3,sim,dispersion_mode_1,2.8571160335532,2.85712,3.966446799896772e-06,7.591700273449746e-06,-6.724900089091965,touchstone_ri,2.8571160335532,1.0,,,
260519_2dsweep_1p5cell,sim,06_2_TDS-KyhlTune-260519_321.s2p,,S12,f_2pi3,sim,dispersion_mode_1,2.8571160335532,2.85712,3.966446799896772e-06,-63.64895839234153,81.12358857901692,touchstone_ri,2.8571160335532,1.0,,,
260519_2dsweep_1p5cell,sim,06_2_TDS-KyhlTune-260519_321.s2p,,S21,f_2pi3,sim,dispersion_mode_1,2.8571160335532,2.85712,3.966446799896772e-06,-63.64937139080382,81.31557744136211,touchstone_ri,2.8571160335532,1.0,,,
260519_2dsweep_1p5cell,sim,06_2_TDS-KyhlTune-260519_321.s2p,,S22,f_2pi3,sim,dispersion_mode_1,2.8571160335532,2.85712,3.966446799896772e-06,-1.3434848773388437e-05,-11.511866782630667,touchstone_ri,2.8571160335532,1.0,,,
260519_2dsweep_1p5cell,sim,06_2_TDS-KyhlTune-260519_322.s2p,,S11,f_2pi3,sim,dispersion_mode_1,2.8571160335532,2.85712,3.966446799896772e-06,9.486819546237415e-06,-6.839119563663309,touchstone_ri,2.8571160335532,1.0,,,
260519_2dsweep_1p5cell,sim,06_2_TDS-KyhlTune-260519_322.s2p,,S12,f_2pi3,sim,dispersion_mode_1,2.8571160335532,2.85712,3.966446799896772e-06,-62.80084620776509,82.61335596702631,touchstone_ri,2.8571160335532,1.0,,,
260519_2dsweep_1p5cell,sim,06_2_TDS-KyhlTune-260519_322.s2p,,S21,f_2pi3,sim,dispersion_mode_1,2.8571160335532,2.85712,3.966446799896772e-06,-62.713243934118154,80.7535006102742,touchstone_ri,2.8571160335532,1.0,,,
260519_2dsweep_1p5cell,sim,06_2_TDS-KyhlTune-260519_322.s2p,,S22,f_2pi3,sim,dispersion_mode_1,2.8571160335532,2.85712,3.966446799896772e-06,-1.560313439674168e-05,-11.575006653271867,touchstone_ri,2.8571160335532,1.0,,,
260519_2dsweep_1p5cell,sim,06_2_TDS-KyhlTune-260519_323.s2p,,S11,f_2pi3,sim,dispersion_mode_1,2.8571160335532,2.85712,3.966446799896772e-06,8.894667476292474e-06,-6.771903560183664,touchstone_ri,2.8571160335532,1.0,,,
260519_2dsweep_1p5cell,sim,06_2_TDS-KyhlTune-260519_323.s2p,,S12,f_2pi3,sim,dispersion_mode_1,2.8571160335532,2.85712,3.966446799896772e-06,-63.01832561203817,81.42894552866562,touchstone_ri,2.8571160335532,1.0,,,
260519_2dsweep_1p5cell,sim,06_2_TDS-KyhlTune-260519_323.s2p,,S21,f_2pi3,sim,dispersion_mode_1,2.8571160335532,2.85712,3.966446799896772e-06,-62.503664900430145,79.6100677015636,touchstone_ri,2.8571160335532,1.0,,,
260519_2dsweep_1p5cell,sim,06_2_TDS-KyhlTune-260519_323.s2p,,S22,f_2pi3,sim,dispersion_mode_1,2.8571160335532,2.85712,3.966446799896772e-06,3.669256614129455e-06,-11.653250829951178,touchstone_ri,2.8571160335532,1.0,,,
260519_2dsweep_1p5cell,sim,06_2_TDS-KyhlTune-260519_324.s2p,,S11,f_2pi3,sim,dispersion_mode_1,2.8571160335532,2.85712,3.966446799896772e-06,4.8462651299352986e-06,-7.093167006265247,touchstone_ri,2.8571160335532,1.0,,,
260519_2dsweep_1p5cell,sim,06_2_TDS-KyhlTune-260519_324.s2p,,S12,f_2pi3,sim,dispersion_mode_1,2.8571160335532,2.85712,3.966446799896772e-06,-65.48995568931423,79.88326948278106,touchstone_ri,2.8571160335532,1.0,,,
260519_2dsweep_1p5cell,sim,06_2_TDS-KyhlTune-260519_324.s2p,,S21,f_2pi3,sim,dispersion_mode_1,2.8571160335532,2.85712,3.966446799896772e-06,-65.1931734782654,80.56223423497137,touchstone_ri,2.8571160335532,1.0,,,
260519_2dsweep_1p5cell,sim,06_2_TDS-KyhlTune-260519_324.s2p,,S22,f_2pi3,sim,dispersion_mode_1,2.8571160335532,2.85712,3.966446799896772e-06,-3.7753325281887446e-07,-11.717568424541433,touchstone_ri,2.8571160335532,1.0,,,
260519_2dsweep_1p5cell,sim,06_2_TDS-KyhlTune-260519_325.s2p,,S11,f_2pi3,sim,dispersion_mode_1,2.8571160335532,2.85712,3.966446799896772e-06,8.213916500666015e-06,-7.534638202654815,touchstone_ri,2.8571160335532,1.0,,,
260519_2dsweep_1p5cell,sim,06_2_TDS-KyhlTune-260519_325.s2p,,S12,f_2pi3,sim,dispersion_mode_1,2.8571160335532,2.85712,3.966446799896772e-06,-63.08586647457267,80.33197216625663,touchstone_ri,2.8571160335532,1.0,,,
260519_2dsweep_1p5cell,sim,06_2_TDS-KyhlTune-260519_325.s2p,,S21,f_2pi3,sim,dispersion_mode_1,2.8571160335532,2.85712,3.966446799896772e-06,-63.0900012811705,80.36313298614105,touchstone_ri,2.8571160335532,1.0,,,
260519_2dsweep_1p5cell,sim,06_2_TDS-KyhlTune-260519_325.s2p,,S22,f_2pi3,sim,dispersion_mode_1,2.8571160335532,2.85712,3.966446799896772e-06,-7.3259569586351305e-06,-11.805471560368376,touchstone_ri,2.8571160335532,1.0,,,
260519_2dsweep_1p5cell,sim,06_2_TDS-KyhlTune-260519_326.s2p,,S11,f_2pi3,sim,dispersion_mode_1,2.8571160335532,2.85712,3.966446799896772e-06,-9.562239291964471e-05,-7.62487806839717,touchstone_ri,2.8571160335532,1.0,,,
260519_2dsweep_1p5cell,sim,06_2_TDS-KyhlTune-260519_326.s2p,,S12,f_2pi3,sim,dispersion_mode_1,2.8571160335532,2.85712,3.966446799896772e-06,-65.23243696011775,80.41926045603186,touchstone_ri,2.8571160335532,1.0,,,
260519_2dsweep_1p5cell,sim,06_2_TDS-KyhlTune-260519_326.s2p,,S21,f_2pi3,sim,dispersion_mode_1,2.8571160335532,2.85712,3.966446799896772e-06,-65.23751592392153,79.93913850868276,touchstone_ri,2.8571160335532,1.0,,,
260519_2dsweep_1p5cell,sim,06_2_TDS-KyhlTune-260519_326.s2p,,S22,f_2pi3,sim,dispersion_mode_1,2.8571160335532,2.85712,3.966446799896772e-06,-1.8059952678986214e-05,-11.861347974851892,touchstone_ri,2.8571160335532,1.0,,,
260519_2dsweep_1p5cell,sim,06_2_TDS-KyhlTune-260519_327.s2p,,S11,f_2pi3,sim,dispersion_mode_1,2.8571160335532,2.85712,3.966446799896772e-06,2.752381267730924e-06,-7.82197782605539,touchstone_ri,2.8571160335532,1.0,,,
260519_2dsweep_1p5cell,sim,06_2_TDS-KyhlTune-260519_327.s2p,,S12,f_2pi3,sim,dispersion_mode_1,2.8571160335532,2.85712,3.966446799896772e-06,-65.04884038814178,81.82111997599647,touchstone_ri,2.8571160335532,1.0,,,
260519_2dsweep_1p5cell,sim,06_2_TDS-KyhlTune-260519_327.s2p,,S21,f_2pi3,sim,dispersion_mode_1,2.8571160335532,2.85712,3.966446799896772e-06,-64.79375381770157,79.05651167408354,touchstone_ri,2.8571160335532,1.0,,,
260519_2dsweep_1p5cell,sim,06_2_TDS-KyhlTune-260519_327.s2p,,S22,f_2pi3,sim,dispersion_mode_1,2.8571160335532,2.85712,3.966446799896772e-06,-1.5614391038488377e-05,-11.936396220014608,touchstone_ri,2.8571160335532,1.0,,,
260519_2dsweep_1p5cell,sim,06_2_TDS-KyhlTune-260519_328.s2p,,S11,f_2pi3,sim,dispersion_mode_1,2.8571160335532,2.85712,3.966446799896772e-06,-0.00028104062594770446,-8.724648967066456,touchstone_ri,2.8571160335532,1.0,,,
260519_2dsweep_1p5cell,sim,06_2_TDS-KyhlTune-260519_328.s2p,,S12,f_2pi3,sim,dispersion_mode_1,2.8571160335532,2.85712,3.966446799896772e-06,-62.47935054178078,80.28701729025533,touchstone_ri,2.8571160335532,1.0,,,
260519_2dsweep_1p5cell,sim,06_2_TDS-KyhlTune-260519_328.s2p,,S21,f_2pi3,sim,dispersion_mode_1,2.8571160335532,2.85712,3.966446799896772e-06,-62.5974731634948,79.55216786384307,touchstone_ri,2.8571160335532,1.0,,,
260519_2dsweep_1p5cell,sim,06_2_TDS-KyhlTune-260519_328.s2p,,S22,f_2pi3,sim,dispersion_mode_1,2.8571160335532,2.85712,3.966446799896772e-06,-1.4049806648560475e-05,-12.211228051522234,touchstone_ri,2.8571160335532,1.0,,,
260519_2dsweep_1p5cell,sim,06_2_TDS-KyhlTune-260519_329.s2p,,S11,f_2pi3,sim,dispersion_mode_1,2.8571160335532,2.85712,3.966446799896772e-06,-0.0003345752865677326,-8.73231569649156,touchstone_ri,2.8571160335532,1.0,,,
260519_2dsweep_1p5cell,sim,06_2_TDS-KyhlTune-260519_329.s2p,,S12,f_2pi3,sim,dispersion_mode_1,2.8571160335532,2.85712,3.966446799896772e-06,-68.18558721230227,81.93157406205032,touchstone_ri,2.8571160335532,1.0,,,
260519_2dsweep_1p5cell,sim,06_2_TDS-KyhlTune-260519_329.s2p,,S21,f_2pi3,sim,dispersion_mode_1,2.8571160335532,2.85712,3.966446799896772e-06,-68.43221087714798,79.92927011011051,touchstone_ri,2.8571160335532,1.0,,,
260519_2dsweep_1p5cell,sim,06_2_TDS-KyhlTune-260519_329.s2p,,S22,f_2pi3,sim,dispersion_mode_1,2.8571160335532,2.85712,3.966446799896772e-06,3.680440676845989e-06,-12.279890513402492,touchstone_ri,2.8571160335532,1.0,,,
260519_2dsweep_1p5cell,sim,06_2_TDS-KyhlTune-260519_33.s2p,,S11,f_2pi3,sim,dispersion_mode_1,2.8571160335532,2.85712,3.966446799896772e-06,6.131254040480349e-06,-34.58135448742625,touchstone_ri,2.8571160335532,1.0,,,
260519_2dsweep_1p5cell,sim,06_2_TDS-KyhlTune-260519_33.s2p,,S12,f_2pi3,sim,dispersion_mode_1,2.8571160335532,2.85712,3.966446799896772e-06,-58.10864206229408,-95.77694572672235,touchstone_ri,2.8571160335532,1.0,,,
260519_2dsweep_1p5cell,sim,06_2_TDS-KyhlTune-260519_33.s2p,,S21,f_2pi3,sim,dispersion_mode_1,2.8571160335532,2.85712,3.966446799896772e-06,-58.066707462995055,-95.70060255764466,touchstone_ri,2.8571160335532,1.0,,,
260519_2dsweep_1p5cell,sim,06_2_TDS-KyhlTune-260519_33.s2p,,S22,f_2pi3,sim,dispersion_mode_1,2.8571160335532,2.85712,3.966446799896772e-06,-1.5858621273115388e-05,22.91257803259998,touchstone_ri,2.8571160335532,1.0,,,
260519_2dsweep_1p5cell,sim,06_2_TDS-KyhlTune-260519_330.s2p,,S11,f_2pi3,sim,dispersion_mode_1,2.8571160335532,2.85712,3.966446799896772e-06,5.894573195278876e-07,-8.957135504585445,touchstone_ri,2.8571160335532,1.0,,,
260519_2dsweep_1p5cell,sim,06_2_TDS-KyhlTune-260519_330.s2p,,S12,f_2pi3,sim,dispersion_mode_1,2.8571160335532,2.85712,3.966446799896772e-06,-63.543128017252045,78.65132638629461,touchstone_ri,2.8571160335532,1.0,,,
260519_2dsweep_1p5cell,sim,06_2_TDS-KyhlTune-260519_330.s2p,,S21,f_2pi3,sim,dispersion_mode_1,2.8571160335532,2.85712,3.966446799896772e-06,-63.48834095280401,79.2303161815673,touchstone_ri,2.8571160335532,1.0,,,
260519_2dsweep_1p5cell,sim,06_2_TDS-KyhlTune-260519_330.s2p,,S22,f_2pi3,sim,dispersion_mode_1,2.8571160335532,2.85712,3.966446799896772e-06,-3.818067518694635e-06,-12.323836336366428,touchstone_ri,2.8571160335532,1.0,,,
260519_2dsweep_1p5cell,sim,06_2_TDS-KyhlTune-260519_331.s2p,,S11,f_2pi3,sim,dispersion_mode_1,2.8571160335532,2.85712,3.966446799896772e-06,-8.205876790762526e-06,-9.047659997223999,touchstone_ri,2.8571160335532,1.0,,,
260519_2dsweep_1p5cell,sim,06_2_TDS-KyhlTune-260519_331.s2p,,S12,f_2pi3,sim,dispersion_mode_1,2.8571160335532,2.85712,3.966446799896772e-06,-62.98788821520168,79.23306718878818,touchstone_ri,2.8571160335532,1.0,,,
260519_2dsweep_1p5cell,sim,06_2_TDS-KyhlTune-260519_331.s2p,,S21,f_2pi3,sim,dispersion_mode_1,2.8571160335532,2.85712,3.966446799896772e-06,-62.98251855546697,79.17914105182625,touchstone_ri,2.8571160335532,1.0,,,
260519_2dsweep_1p5cell,sim,06_2_TDS-KyhlTune-260519_331.s2p,,S22,f_2pi3,sim,dispersion_mode_1,2.8571160335532,2.85712,3.966446799896772e-06,-2.175721311443557e-05,-12.38967055536557,touchstone_ri,2.8571160335532,1.0,,,
260519_2dsweep_1p5cell,sim,06_2_TDS-KyhlTune-260519_332.s2p,,S11,f_2pi3,sim,dispersion_mode_1,2.8571160335532,2.85712,3.966446799896772e-06,3.6928082485014595e-06,-9.094360112574877,touchstone_ri,2.8571160335532,1.0,,,
260519_2dsweep_1p5cell,sim,06_2_TDS-KyhlTune-260519_332.s2p,,S12,f_2pi3,sim,dispersion_mode_1,2.8571160335532,2.85712,3.966446799896772e-06,-66.20577239186058,78.97939240707278,touchstone_ri,2.8571160335532,1.0,,,
260519_2dsweep_1p5cell,sim,06_2_TDS-KyhlTune-260519_332.s2p,,S21,f_2pi3,sim,dispersion_mode_1,2.8571160335532,2.85712,3.966446799896772e-06,-66.20854842827502,79.2842241564357,touchstone_ri,2.8571160335532,1.0,,,
260519_2dsweep_1p5cell,sim,06_2_TDS-KyhlTune-260519_332.s2p,,S22,f_2pi3,sim,dispersion_mode_1,2.8571160335532,2.85712,3.966446799896772e-06,5.460697910497455e-06,-12.44481476761009,touchstone_ri,2.8571160335532,1.0,,,
260519_2dsweep_1p5cell,sim,06_2_TDS-KyhlTune-260519_333.s2p,,S11,f_2pi3,sim,dispersion_mode_1,2.8571160335532,2.85712,3.966446799896772e-06,-5.705757371221519e-05,-9.383357716641399,touchstone_ri,2.8571160335532,1.0,,,
260519_2dsweep_1p5cell,sim,06_2_TDS-KyhlTune-260519_333.s2p,,S12,f_2pi3,sim,dispersion_mode_1,2.8571160335532,2.85712,3.966446799896772e-06,-66.08108231492693,79.11514085925326,touchstone_ri,2.8571160335532,1.0,,,
260519_2dsweep_1p5cell,sim,06_2_TDS-KyhlTune-260519_333.s2p,,S21,f_2pi3,sim,dispersion_mode_1,2.8571160335532,2.85712,3.966446799896772e-06,-65.79046515848935,79.07037278660526,touchstone_ri,2.8571160335532,1.0,,,
260519_2dsweep_1p5cell,sim,06_2_TDS-KyhlTune-260519_333.s2p,,S22,f_2pi3,sim,dispersion_mode_1,2.8571160335532,2.85712,3.966446799896772e-06,5.652827335101404e-06,-12.502492219839299,touchstone_ri,2.8571160335532,1.0,,,
260519_2dsweep_1p5cell,sim,06_2_TDS-KyhlTune-260519_334.s2p,,S11,f_2pi3,sim,dispersion_mode_1,2.8571160335532,2.85712,3.966446799896772e-06,-2.6840555334970823e-05,-9.506666323273883,touchstone_ri,2.8571160335532,1.0,,,
260519_2dsweep_1p5cell,sim,06_2_TDS-KyhlTune-260519_334.s2p,,S12,f_2pi3,sim,dispersion_mode_1,2.8571160335532,2.85712,3.966446799896772e-06,-65.17089630337868,78.55174386438898,touchstone_ri,2.8571160335532,1.0,,,
260519_2dsweep_1p5cell,sim,06_2_TDS-KyhlTune-260519_334.s2p,,S21,f_2pi3,sim,dispersion_mode_1,2.8571160335532,2.85712,3.966446799896772e-06,-64.80373642645645,78.39646239819308,touchstone_ri,2.8571160335532,1.0,,,
260519_2dsweep_1p5cell,sim,06_2_TDS-KyhlTune-260519_334.s2p,,S22,f_2pi3,sim,dispersion_mode_1,2.8571160335532,2.85712,3.966446799896772e-06,6.798425762027929e-06,-12.553242658368589,touchstone_ri,2.8571160335532,1.0,,,
260519_2dsweep_1p5cell,sim,06_2_TDS-KyhlTune-260519_34.s2p,,S11,f_2pi3,sim,dispersion_mode_1,2.8571160335532,2.85712,3.966446799896772e-06,-1.9822776789932373e-05,-34.638317088482395,touchstone_ri,2.8571160335532,1.0,,,
260519_2dsweep_1p5cell,sim,06_2_TDS-KyhlTune-260519_34.s2p,,S12,f_2pi3,sim,dispersion_mode_1,2.8571160335532,2.85712,3.966446799896772e-06,-58.37466754038739,-97.14279888295853,touchstone_ri,2.8571160335532,1.0,,,
260519_2dsweep_1p5cell,sim,06_2_TDS-KyhlTune-260519_34.s2p,,S21,f_2pi3,sim,dispersion_mode_1,2.8571160335532,2.85712,3.966446799896772e-06,-58.34158817351912,-97.02225906193503,touchstone_ri,2.8571160335532,1.0,,,
260519_2dsweep_1p5cell,sim,06_2_TDS-KyhlTune-260519_34.s2p,,S22,f_2pi3,sim,dispersion_mode_1,2.8571160335532,2.85712,3.966446799896772e-06,-7.56148940355588e-06,20.58787418051063,touchstone_ri,2.8571160335532,1.0,,,
260519_2dsweep_1p5cell,sim,06_2_TDS-KyhlTune-260519_35.s2p,,S11,f_2pi3,sim,dispersion_mode_1,2.8571160335532,2.85712,3.966446799896772e-06,1.0395334265305906e-05,-35.29748808998862,touchstone_ri,2.8571160335532,1.0,,,
260519_2dsweep_1p5cell,sim,06_2_TDS-KyhlTune-260519_35.s2p,,S12,f_2pi3,sim,dispersion_mode_1,2.8571160335532,2.85712,3.966446799896772e-06,-58.602946125639534,-98.73164720078735,touchstone_ri,2.8571160335532,1.0,,,
260519_2dsweep_1p5cell,sim,06_2_TDS-KyhlTune-260519_35.s2p,,S21,f_2pi3,sim,dispersion_mode_1,2.8571160335532,2.85712,3.966446799896772e-06,-58.580550434818676,-98.41080339147445,touchstone_ri,2.8571160335532,1.0,,,
260519_2dsweep_1p5cell,sim,06_2_TDS-KyhlTune-260519_35.s2p,,S22,f_2pi3,sim,dispersion_mode_1,2.8571160335532,2.85712,3.966446799896772e-06,-2.210088063238306e-05,18.38474590363552,touchstone_ri,2.8571160335532,1.0,,,
260519_2dsweep_1p5cell,sim,06_2_TDS-KyhlTune-260519_36.s2p,,S11,f_2pi3,sim,dispersion_mode_1,2.8571160335532,2.85712,3.966446799896772e-06,-1.2378725435844077e-05,-32.4145884177233,touchstone_ri,2.8571160335532,1.0,,,
260519_2dsweep_1p5cell,sim,06_2_TDS-KyhlTune-260519_36.s2p,,S12,f_2pi3,sim,dispersion_mode_1,2.8571160335532,2.85712,3.966446799896772e-06,-53.725068017424746,-74.99739260373245,touchstone_ri,2.8571160335532,1.0,,,
260519_2dsweep_1p5cell,sim,06_2_TDS-KyhlTune-260519_36.s2p,,S21,f_2pi3,sim,dispersion_mode_1,2.8571160335532,2.85712,3.966446799896772e-06,-53.663143016570956,-75.12369016196344,touchstone_ri,2.8571160335532,1.0,,,
260519_2dsweep_1p5cell,sim,06_2_TDS-KyhlTune-260519_36.s2p,,S22,f_2pi3,sim,dispersion_mode_1,2.8571160335532,2.85712,3.966446799896772e-06,1.2346428943088843e-06,62.267826548167875,touchstone_ri,2.8571160335532,1.0,,,
260519_2dsweep_1p5cell,sim,06_2_TDS-KyhlTune-260519_37.s2p,,S11,f_2pi3,sim,dispersion_mode_1,2.8571160335532,2.85712,3.966446799896772e-06,-0.0001589670846902858,-32.765924729012596,touchstone_ri,2.8571160335532,1.0,,,
260519_2dsweep_1p5cell,sim,06_2_TDS-KyhlTune-260519_37.s2p,,S12,f_2pi3,sim,dispersion_mode_1,2.8571160335532,2.85712,3.966446799896772e-06,-54.537042813475566,-79.93619009756812,touchstone_ri,2.8571160335532,1.0,,,
260519_2dsweep_1p5cell,sim,06_2_TDS-KyhlTune-260519_37.s2p,,S21,f_2pi3,sim,dispersion_mode_1,2.8571160335532,2.85712,3.966446799896772e-06,-54.489842402798914,-80.04775356424722,touchstone_ri,2.8571160335532,1.0,,,
260519_2dsweep_1p5cell,sim,06_2_TDS-KyhlTune-260519_37.s2p,,S22,f_2pi3,sim,dispersion_mode_1,2.8571160335532,2.85712,3.966446799896772e-06,-6.574301958442971e-06,52.67725765110707,touchstone_ri,2.8571160335532,1.0,,,
260519_2dsweep_1p5cell,sim,06_2_TDS-KyhlTune-260519_38.s2p,,S11,f_2pi3,sim,dispersion_mode_1,2.8571160335532,2.85712,3.966446799896772e-06,-5.8423108384517655e-06,-33.41504959629365,touchstone_ri,2.8571160335532,1.0,,,
260519_2dsweep_1p5cell,sim,06_2_TDS-KyhlTune-260519_38.s2p,,S12,f_2pi3,sim,dispersion_mode_1,2.8571160335532,2.85712,3.966446799896772e-06,-54.654934465142446,-84.54582120747229,touchstone_ri,2.8571160335532,1.0,,,
260519_2dsweep_1p5cell,sim,06_2_TDS-KyhlTune-260519_38.s2p,,S21,f_2pi3,sim,dispersion_mode_1,2.8571160335532,2.85712,3.966446799896772e-06,-54.621220353383784,-84.40109599120197,touchstone_ri,2.8571160335532,1.0,,,
260519_2dsweep_1p5cell,sim,06_2_TDS-KyhlTune-260519_38.s2p,,S22,f_2pi3,sim,dispersion_mode_1,2.8571160335532,2.85712,3.966446799896772e-06,-4.008312160669634e-05,44.596930610200125,touchstone_ri,2.8571160335532,1.0,,,
260519_2dsweep_1p5cell,sim,06_2_TDS-KyhlTune-260519_39.s2p,,S11,f_2pi3,sim,dispersion_mode_1,2.8571160335532,2.85712,3.966446799896772e-06,-2.521385812885721e-06,-33.72935961840204,touchstone_ri,2.8571160335532,1.0,,,
260519_2dsweep_1p5cell,sim,06_2_TDS-KyhlTune-260519_39.s2p,,S12,f_2pi3,sim,dispersion_mode_1,2.8571160335532,2.85712,3.966446799896772e-06,-55.606500863453896,-87.76223267650765,touchstone_ri,2.8571160335532,1.0,,,
260519_2dsweep_1p5cell,sim,06_2_TDS-KyhlTune-260519_39.s2p,,S21,f_2pi3,sim,dispersion_mode_1,2.8571160335532,2.85712,3.966446799896772e-06,-55.55271340811761,-87.54058509479883,touchstone_ri,2.8571160335532,1.0,,,
260519_2dsweep_1p5cell,sim,06_2_TDS-KyhlTune-260519_39.s2p,,S22,f_2pi3,sim,dispersion_mode_1,2.8571160335532,2.85712,3.966446799896772e-06,-3.307353984344104e-05,38.639277007525976,touchstone_ri,2.8571160335532,1.0,,,
260519_2dsweep_1p5cell,sim,06_2_TDS-KyhlTune-260519_4.s2p,,S11,f_2pi3,sim,dispersion_mode_1,2.8571160335532,2.85712,3.966446799896772e-06,-9.148088907425816e-06,-30.3012950816811,touchstone_ri,2.8571160335532,1.0,,,
260519_2dsweep_1p5cell,sim,06_2_TDS-KyhlTune-260519_4.s2p,,S12,f_2pi3,sim,dispersion_mode_1,2.8571160335532,2.85712,3.966446799896772e-06,-55.78931470435472,-66.0125928238163,touchstone_ri,2.8571160335532,1.0,,,
260519_2dsweep_1p5cell,sim,06_2_TDS-KyhlTune-260519_4.s2p,,S21,f_2pi3,sim,dispersion_mode_1,2.8571160335532,2.85712,3.966446799896772e-06,-55.52567150907969,-66.02347563440523,touchstone_ri,2.8571160335532,1.0,,,
260519_2dsweep_1p5cell,sim,06_2_TDS-KyhlTune-260519_4.s2p,,S22,f_2pi3,sim,dispersion_mode_1,2.8571160335532,2.85712,3.966446799896772e-06,-0.0005890771763661025,78.18907071045317,touchstone_ri,2.8571160335532,1.0,,,
260519_2dsweep_1p5cell,sim,06_2_TDS-KyhlTune-260519_40.s2p,,S11,f_2pi3,sim,dispersion_mode_1,2.8571160335532,2.85712,3.966446799896772e-06,-1.7332448090569312e-07,-33.868292675781355,touchstone_ri,2.8571160335532,1.0,,,
260519_2dsweep_1p5cell,sim,06_2_TDS-KyhlTune-260519_40.s2p,,S12,f_2pi3,sim,dispersion_mode_1,2.8571160335532,2.85712,3.966446799896772e-06,-56.249657605045556,-89.87439157172037,touchstone_ri,2.8571160335532,1.0,,,
260519_2dsweep_1p5cell,sim,06_2_TDS-KyhlTune-260519_40.s2p,,S21,f_2pi3,sim,dispersion_mode_1,2.8571160335532,2.85712,3.966446799896772e-06,-56.1954148621982,-90.06699922326274,touchstone_ri,2.8571160335532,1.0,,,
260519_2dsweep_1p5cell,sim,06_2_TDS-KyhlTune-260519_40.s2p,,S22,f_2pi3,sim,dispersion_mode_1,2.8571160335532,2.85712,3.966446799896772e-06,-8.110351797067984e-08,33.8095881201125,touchstone_ri,2.8571160335532,1.0,,,
260519_2dsweep_1p5cell,sim,06_2_TDS-KyhlTune-260519_41.s2p,,S11,f_2pi3,sim,dispersion_mode_1,2.8571160335532,2.85712,3.966446799896772e-06,2.564284008934466e-06,-34.27452919397319,touchstone_ri,2.8571160335532,1.0,,,
260519_2dsweep_1p5cell,sim,06_2_TDS-KyhlTune-260519_41.s2p,,S12,f_2pi3,sim,dispersion_mode_1,2.8571160335532,2.85712,3.966446799896772e-06,-56.42125354463307,-92.46709994009069,touchstone_ri,2.8571160335532,1.0,,,
260519_2dsweep_1p5cell,sim,06_2_TDS-KyhlTune-260519_41.s2p,,S21,f_2pi3,sim,dispersion_mode_1,2.8571160335532,2.85712,3.966446799896772e-06,-56.40792812137931,-92.3872567147299,touchstone_ri,2.8571160335532,1.0,,,
260519_2dsweep_1p5cell,sim,06_2_TDS-KyhlTune-260519_41.s2p,,S22,f_2pi3,sim,dispersion_mode_1,2.8571160335532,2.85712,3.966446799896772e-06,-1.3519277176216678e-05,29.622142963562048,touchstone_ri,2.8571160335532,1.0,,,
260519_2dsweep_1p5cell,sim,06_2_TDS-KyhlTune-260519_42.s2p,,S11,f_2pi3,sim,dispersion_mode_1,2.8571160335532,2.85712,3.966446799896772e-06,5.333845027426467e-06,-34.90851700928682,touchstone_ri,2.8571160335532,1.0,,,
260519_2dsweep_1p5cell,sim,06_2_TDS-KyhlTune-260519_42.s2p,,S12,f_2pi3,sim,dispersion_mode_1,2.8571160335532,2.85712,3.966446799896772e-06,-56.59721296158249,-94.5152865491842,touchstone_ri,2.8571160335532,1.0,,,
260519_2dsweep_1p5cell,sim,06_2_TDS-KyhlTune-260519_42.s2p,,S21,f_2pi3,sim,dispersion_mode_1,2.8571160335532,2.85712,3.966446799896772e-06,-56.56300242748621,-94.42654920630144,touchstone_ri,2.8571160335532,1.0,,,
260519_2dsweep_1p5cell,sim,06_2_TDS-KyhlTune-260519_42.s2p,,S22,f_2pi3,sim,dispersion_mode_1,2.8571160335532,2.85712,3.966446799896772e-06,-1.3983755868512073e-05,26.050536184978757,touchstone_ri,2.8571160335532,1.0,,,
260519_2dsweep_1p5cell,sim,06_2_TDS-KyhlTune-260519_43.s2p,,S11,f_2pi3,sim,dispersion_mode_1,2.8571160335532,2.85712,3.966446799896772e-06,8.019587089132164e-06,-35.199927121593774,touchstone_ri,2.8571160335532,1.0,,,
260519_2dsweep_1p5cell,sim,06_2_TDS-KyhlTune-260519_43.s2p,,S12,f_2pi3,sim,dispersion_mode_1,2.8571160335532,2.85712,3.966446799896772e-06,-56.9531948825922,-96.30119302855333,touchstone_ri,2.8571160335532,1.0,,,
260519_2dsweep_1p5cell,sim,06_2_TDS-KyhlTune-260519_43.s2p,,S21,f_2pi3,sim,dispersion_mode_1,2.8571160335532,2.85712,3.966446799896772e-06,-56.9508127983995,-96.0886746203694,touchstone_ri,2.8571160335532,1.0,,,
260519_2dsweep_1p5cell,sim,06_2_TDS-KyhlTune-260519_43.s2p,,S22,f_2pi3,sim,dispersion_mode_1,2.8571160335532,2.85712,3.966446799896772e-06,-3.727116146899329e-05,23.131592717337735,touchstone_ri,2.8571160335532,1.0,,,
260519_2dsweep_1p5cell,sim,06_2_TDS-KyhlTune-260519_44.s2p,,S11,f_2pi3,sim,dispersion_mode_1,2.8571160335532,2.85712,3.966446799896772e-06,7.0140207586815695e-06,-35.61896138537198,touchstone_ri,2.8571160335532,1.0,,,
260519_2dsweep_1p5cell,sim,06_2_TDS-KyhlTune-260519_44.s2p,,S12,f_2pi3,sim,dispersion_mode_1,2.8571160335532,2.85712,3.966446799896772e-06,-57.66650981666545,-97.05705200309428,touchstone_ri,2.8571160335532,1.0,,,
260519_2dsweep_1p5cell,sim,06_2_TDS-KyhlTune-260519_44.s2p,,S21,f_2pi3,sim,dispersion_mode_1,2.8571160335532,2.85712,3.966446799896772e-06,-57.60476296906964,-97.47783334316264,touchstone_ri,2.8571160335532,1.0,,,
260519_2dsweep_1p5cell,sim,06_2_TDS-KyhlTune-260519_44.s2p,,S22,f_2pi3,sim,dispersion_mode_1,2.8571160335532,2.85712,3.966446799896772e-06,-2.4494305954917854e-05,20.580842120261046,touchstone_ri,2.8571160335532,1.0,,,
260519_2dsweep_1p5cell,sim,06_2_TDS-KyhlTune-260519_45.s2p,,S11,f_2pi3,sim,dispersion_mode_1,2.8571160335532,2.85712,3.966446799896772e-06,1.3411515660502296e-05,-36.0182559765198,touchstone_ri,2.8571160335532,1.0,,,
260519_2dsweep_1p5cell,sim,06_2_TDS-KyhlTune-260519_45.s2p,,S12,f_2pi3,sim,dispersion_mode_1,2.8571160335532,2.85712,3.966446799896772e-06,-57.404450159325286,-98.68344461955111,touchstone_ri,2.8571160335532,1.0,,,
260519_2dsweep_1p5cell,sim,06_2_TDS-KyhlTune-260519_45.s2p,,S21,f_2pi3,sim,dispersion_mode_1,2.8571160335532,2.85712,3.966446799896772e-06,-57.425948988974724,-98.85909334414131,touchstone_ri,2.8571160335532,1.0,,,
260519_2dsweep_1p5cell,sim,06_2_TDS-KyhlTune-260519_45.s2p,,S22,f_2pi3,sim,dispersion_mode_1,2.8571160335532,2.85712,3.966446799896772e-06,-2.513404089673484e-05,18.39369700550183,touchstone_ri,2.8571160335532,1.0,,,
260519_2dsweep_1p5cell,sim,06_2_TDS-KyhlTune-260519_46.s2p,,S11,f_2pi3,sim,dispersion_mode_1,2.8571160335532,2.85712,3.966446799896772e-06,-3.129722596273502e-05,-36.507685720513855,touchstone_ri,2.8571160335532,1.0,,,
260519_2dsweep_1p5cell,sim,06_2_TDS-KyhlTune-260519_46.s2p,,S12,f_2pi3,sim,dispersion_mode_1,2.8571160335532,2.85712,3.966446799896772e-06,-58.126889064482796,-99.87388189653844,touchstone_ri,2.8571160335532,1.0,,,
260519_2dsweep_1p5cell,sim,06_2_TDS-KyhlTune-260519_46.s2p,,S21,f_2pi3,sim,dispersion_mode_1,2.8571160335532,2.85712,3.966446799896772e-06,-58.15027300984685,-100.09395466532702,touchstone_ri,2.8571160335532,1.0,,,
260519_2dsweep_1p5cell,sim,06_2_TDS-KyhlTune-260519_46.s2p,,S22,f_2pi3,sim,dispersion_mode_1,2.8571160335532,2.85712,3.966446799896772e-06,-4.942205635676889e-06,16.484152235216072,touchstone_ri,2.8571160335532,1.0,,,
260519_2dsweep_1p5cell,sim,06_2_TDS-KyhlTune-260519_47.s2p,,S11,f_2pi3,sim,dispersion_mode_1,2.8571160335532,2.85712,3.966446799896772e-06,-1.100961875195299e-05,-33.280715227662085,touchstone_ri,2.8571160335532,1.0,,,
260519_2dsweep_1p5cell,sim,06_2_TDS-KyhlTune-260519_47.s2p,,S12,f_2pi3,sim,dispersion_mode_1,2.8571160335532,2.85712,3.966446799896772e-06,-53.53741870854934,-79.5523886097338,touchstone_ri,2.8571160335532,1.0,,,
260519_2dsweep_1p5cell,sim,06_2_TDS-KyhlTune-260519_47.s2p,,S21,f_2pi3,sim,dispersion_mode_1,2.8571160335532,2.85712,3.966446799896772e-06,-53.50849077445898,-79.65968428462013,touchstone_ri,2.8571160335532,1.0,,,
260519_2dsweep_1p5cell,sim,06_2_TDS-KyhlTune-260519_47.s2p,,S22,f_2pi3,sim,dispersion_mode_1,2.8571160335532,2.85712,3.966446799896772e-06,-2.8680431621740322e-05,54.15493164490107,touchstone_ri,2.8571160335532,1.0,,,
260519_2dsweep_1p5cell,sim,06_2_TDS-KyhlTune-260519_48.s2p,,S11,f_2pi3,sim,dispersion_mode_1,2.8571160335532,2.85712,3.966446799896772e-06,-3.562951059064668e-05,-33.804535513312494,touchstone_ri,2.8571160335532,1.0,,,
260519_2dsweep_1p5cell,sim,06_2_TDS-KyhlTune-260519_48.s2p,,S12,f_2pi3,sim,dispersion_mode_1,2.8571160335532,2.85712,3.966446799896772e-06,-53.67926953825293,-84.23421974302957,touchstone_ri,2.8571160335532,1.0,,,
260519_2dsweep_1p5cell,sim,06_2_TDS-KyhlTune-260519_48.s2p,,S21,f_2pi3,sim,dispersion_mode_1,2.8571160335532,2.85712,3.966446799896772e-06,-53.68905605928964,-84.09179075948205,touchstone_ri,2.8571160335532,1.0,,,
260519_2dsweep_1p5cell,sim,06_2_TDS-KyhlTune-260519_48.s2p,,S22,f_2pi3,sim,dispersion_mode_1,2.8571160335532,2.85712,3.966446799896772e-06,-2.9670661351412266e-05,45.6133520764263,touchstone_ri,2.8571160335532,1.0,,,
260519_2dsweep_1p5cell,sim,06_2_TDS-KyhlTune-260519_49.s2p,,S11,f_2pi3,sim,dispersion_mode_1,2.8571160335532,2.85712,3.966446799896772e-06,-3.710344332124843e-06,-34.2639642013783,touchstone_ri,2.8571160335532,1.0,,,
260519_2dsweep_1p5cell,sim,06_2_TDS-KyhlTune-260519_49.s2p,,S12,f_2pi3,sim,dispersion_mode_1,2.8571160335532,2.85712,3.966446799896772e-06,-54.40450755540489,-87.64810886776353,touchstone_ri,2.8571160335532,1.0,,,
260519_2dsweep_1p5cell,sim,06_2_TDS-KyhlTune-260519_49.s2p,,S21,f_2pi3,sim,dispersion_mode_1,2.8571160335532,2.85712,3.966446799896772e-06,-54.39801287956381,-87.4908918859765,touchstone_ri,2.8571160335532,1.0,,,
260519_2dsweep_1p5cell,sim,06_2_TDS-KyhlTune-260519_49.s2p,,S22,f_2pi3,sim,dispersion_mode_1,2.8571160335532,2.85712,3.966446799896772e-06,-3.0146820530229996e-05,39.27739044037064,touchstone_ri,2.8571160335532,1.0,,,
260519_2dsweep_1p5cell,sim,06_2_TDS-KyhlTune-260519_5.s2p,,S11,f_2pi3,sim,dispersion_mode_1,2.8571160335532,2.85712,3.966446799896772e-06,-0.00028751960347330504,-30.554022310224333,touchstone_ri,2.8571160335532,1.0,,,
260519_2dsweep_1p5cell,sim,06_2_TDS-KyhlTune-260519_5.s2p,,S12,f_2pi3,sim,dispersion_mode_1,2.8571160335532,2.85712,3.966446799896772e-06,-56.6046519359329,-72.32720890067183,touchstone_ri,2.8571160335532,1.0,,,
260519_2dsweep_1p5cell,sim,06_2_TDS-KyhlTune-260519_5.s2p,,S21,f_2pi3,sim,dispersion_mode_1,2.8571160335532,2.85712,3.966446799896772e-06,-56.1072162065622,-72.07837677750325,touchstone_ri,2.8571160335532,1.0,,,
260519_2dsweep_1p5cell,sim,06_2_TDS-KyhlTune-260519_5.s2p,,S22,f_2pi3,sim,dispersion_mode_1,2.8571160335532,2.85712,3.966446799896772e-06,-0.0008253168333133801,65.51141771873178,touchstone_ri,2.8571160335532,1.0,,,
260519_2dsweep_1p5cell,sim,06_2_TDS-KyhlTune-260519_50.s2p,,S11,f_2pi3,sim,dispersion_mode_1,2.8571160335532,2.85712,3.966446799896772e-06,-0.00022947608206684886,-34.721846221894886,touchstone_ri,2.8571160335532,1.0,,,
260519_2dsweep_1p5cell,sim,06_2_TDS-KyhlTune-260519_50.s2p,,S12,f_2pi3,sim,dispersion_mode_1,2.8571160335532,2.85712,3.966446799896772e-06,-55.0700567683931,-90.30311713748397,touchstone_ri,2.8571160335532,1.0,,,
260519_2dsweep_1p5cell,sim,06_2_TDS-KyhlTune-260519_50.s2p,,S21,f_2pi3,sim,dispersion_mode_1,2.8571160335532,2.85712,3.966446799896772e-06,-55.02637283740188,-90.30847900562975,touchstone_ri,2.8571160335532,1.0,,,
260519_2dsweep_1p5cell,sim,06_2_TDS-KyhlTune-260519_50.s2p,,S22,f_2pi3,sim,dispersion_mode_1,2.8571160335532,2.85712,3.966446799896772e-06,-1.6109100260175106e-05,34.081638421591094,touchstone_ri,2.8571160335532,1.0,,,
260519_2dsweep_1p5cell,sim,06_2_TDS-KyhlTune-260519_51.s2p,,S11,f_2pi3,sim,dispersion_mode_1,2.8571160335532,2.85712,3.966446799896772e-06,-0.0007496393175293748,-35.14268175112636,touchstone_ri,2.8571160335532,1.0,,,
260519_2dsweep_1p5cell,sim,06_2_TDS-KyhlTune-260519_51.s2p,,S12,f_2pi3,sim,dispersion_mode_1,2.8571160335532,2.85712,3.966446799896772e-06,-54.91326478622569,-92.19736774773821,touchstone_ri,2.8571160335532,1.0,,,
260519_2dsweep_1p5cell,sim,06_2_TDS-KyhlTune-260519_51.s2p,,S21,f_2pi3,sim,dispersion_mode_1,2.8571160335532,2.85712,3.966446799896772e-06,-54.93112471995647,-92.61041497424604,touchstone_ri,2.8571160335532,1.0,,,
260519_2dsweep_1p5cell,sim,06_2_TDS-KyhlTune-260519_51.s2p,,S22,f_2pi3,sim,dispersion_mode_1,2.8571160335532,2.85712,3.966446799896772e-06,-3.6998484751498274e-05,29.787613813572314,touchstone_ri,2.8571160335532,1.0,,,
260519_2dsweep_1p5cell,sim,06_2_TDS-KyhlTune-260519_52.s2p,,S11,f_2pi3,sim,dispersion_mode_1,2.8571160335532,2.85712,3.966446799896772e-06,-0.00028835518058708523,-35.530275860151356,touchstone_ri,2.8571160335532,1.0,,,
260519_2dsweep_1p5cell,sim,06_2_TDS-KyhlTune-260519_52.s2p,,S12,f_2pi3,sim,dispersion_mode_1,2.8571160335532,2.85712,3.966446799896772e-06,-55.922290732850435,-94.668025751536,touchstone_ri,2.8571160335532,1.0,,,
260519_2dsweep_1p5cell,sim,06_2_TDS-KyhlTune-260519_52.s2p,,S21,f_2pi3,sim,dispersion_mode_1,2.8571160335532,2.85712,3.966446799896772e-06,-55.870323990483676,-94.59138874798099,touchstone_ri,2.8571160335532,1.0,,,
260519_2dsweep_1p5cell,sim,06_2_TDS-KyhlTune-260519_52.s2p,,S22,f_2pi3,sim,dispersion_mode_1,2.8571160335532,2.85712,3.966446799896772e-06,-1.1552941190807603e-05,26.226672915067454,touchstone_ri,2.8571160335532,1.0,,,
260519_2dsweep_1p5cell,sim,06_2_TDS-KyhlTune-260519_53.s2p,,S11,f_2pi3,sim,dispersion_mode_1,2.8571160335532,2.85712,3.966446799896772e-06,-0.00010438765531844014,-36.055717113010175,touchstone_ri,2.8571160335532,1.0,,,
260519_2dsweep_1p5cell,sim,06_2_TDS-KyhlTune-260519_53.s2p,,S12,f_2pi3,sim,dispersion_mode_1,2.8571160335532,2.85712,3.966446799896772e-06,-56.4146020708537,-96.21334002508942,touchstone_ri,2.8571160335532,1.0,,,
260519_2dsweep_1p5cell,sim,06_2_TDS-KyhlTune-260519_53.s2p,,S21,f_2pi3,sim,dispersion_mode_1,2.8571160335532,2.85712,3.966446799896772e-06,-56.33304632589101,-96.41872584698056,touchstone_ri,2.8571160335532,1.0,,,
260519_2dsweep_1p5cell,sim,06_2_TDS-KyhlTune-260519_53.s2p,,S22,f_2pi3,sim,dispersion_mode_1,2.8571160335532,2.85712,3.966446799896772e-06,-5.53955842220515e-05,23.180675853941388,touchstone_ri,2.8571160335532,1.0,,,
260519_2dsweep_1p5cell,sim,06_2_TDS-KyhlTune-260519_54.s2p,,S11,f_2pi3,sim,dispersion_mode_1,2.8571160335532,2.85712,3.966446799896772e-06,1.4061153561112637e-05,-36.39914534914655,touchstone_ri,2.8571160335532,1.0,,,
260519_2dsweep_1p5cell,sim,06_2_TDS-KyhlTune-260519_54.s2p,,S12,f_2pi3,sim,dispersion_mode_1,2.8571160335532,2.85712,3.966446799896772e-06,-56.03985418049789,-98.10614524425506,touchstone_ri,2.8571160335532,1.0,,,
260519_2dsweep_1p5cell,sim,06_2_TDS-KyhlTune-260519_54.s2p,,S21,f_2pi3,sim,dispersion_mode_1,2.8571160335532,2.85712,3.966446799896772e-06,-55.97448626525275,-97.8966847494228,touchstone_ri,2.8571160335532,1.0,,,
260519_2dsweep_1p5cell,sim,06_2_TDS-KyhlTune-260519_54.s2p,,S22,f_2pi3,sim,dispersion_mode_1,2.8571160335532,2.85712,3.966446799896772e-06,-4.134268522542341e-05,20.623828849626353,touchstone_ri,2.8571160335532,1.0,,,
260519_2dsweep_1p5cell,sim,06_2_TDS-KyhlTune-260519_55.s2p,,S11,f_2pi3,sim,dispersion_mode_1,2.8571160335532,2.85712,3.966446799896772e-06,1.533760252644047e-05,-36.83234307619578,touchstone_ri,2.8571160335532,1.0,,,
260519_2dsweep_1p5cell,sim,06_2_TDS-KyhlTune-260519_55.s2p,,S12,f_2pi3,sim,dispersion_mode_1,2.8571160335532,2.85712,3.966446799896772e-06,-57.0251532935874,-99.80132745438806,touchstone_ri,2.8571160335532,1.0,,,
260519_2dsweep_1p5cell,sim,06_2_TDS-KyhlTune-260519_55.s2p,,S21,f_2pi3,sim,dispersion_mode_1,2.8571160335532,2.85712,3.966446799896772e-06,-56.907279887573225,-99.22783284576971,touchstone_ri,2.8571160335532,1.0,,,
260519_2dsweep_1p5cell,sim,06_2_TDS-KyhlTune-260519_55.s2p,,S22,f_2pi3,sim,dispersion_mode_1,2.8571160335532,2.85712,3.966446799896772e-06,-3.3319577728483153e-05,18.401542243501158,touchstone_ri,2.8571160335532,1.0,,,
260519_2dsweep_1p5cell,sim,06_2_TDS-KyhlTune-260519_56.s2p,,S11,f_2pi3,sim,dispersion_mode_1,2.8571160335532,2.85712,3.966446799896772e-06,-0.0003212751455619482,-37.3382291392186,touchstone_ri,2.8571160335532,1.0,,,
260519_2dsweep_1p5cell,sim,06_2_TDS-KyhlTune-260519_56.s2p,,S12,f_2pi3,sim,dispersion_mode_1,2.8571160335532,2.85712,3.966446799896772e-06,-56.87124893503946,-100.77217031525296,touchstone_ri,2.8571160335532,1.0,,,
260519_2dsweep_1p5cell,sim,06_2_TDS-KyhlTune-260519_56.s2p,,S21,f_2pi3,sim,dispersion_mode_1,2.8571160335532,2.85712,3.966446799896772e-06,-56.86426961911084,-100.41987055427228,touchstone_ri,2.8571160335532,1.0,,,
260519_2dsweep_1p5cell,sim,06_2_TDS-KyhlTune-260519_56.s2p,,S22,f_2pi3,sim,dispersion_mode_1,2.8571160335532,2.85712,3.966446799896772e-06,-3.308898877641646e-05,16.427811776874616,touchstone_ri,2.8571160335532,1.0,,,
260519_2dsweep_1p5cell,sim,06_2_TDS-KyhlTune-260519_57.s2p,,S11,f_2pi3,sim,dispersion_mode_1,2.8571160335532,2.85712,3.966446799896772e-06,2.358613289598929e-05,-37.80892530295739,touchstone_ri,2.8571160335532,1.0,,,
260519_2dsweep_1p5cell,sim,06_2_TDS-KyhlTune-260519_57.s2p,,S12,f_2pi3,sim,dispersion_mode_1,2.8571160335532,2.85712,3.966446799896772e-06,-56.92667121898034,-101.0827589493426,touchstone_ri,2.8571160335532,1.0,,,
260519_2dsweep_1p5cell,sim,06_2_TDS-KyhlTune-260519_57.s2p,,S21,f_2pi3,sim,dispersion_mode_1,2.8571160335532,2.85712,3.966446799896772e-06,-56.9040022298545,-101.56125482307381,touchstone_ri,2.8571160335532,1.0,,,
260519_2dsweep_1p5cell,sim,06_2_TDS-KyhlTune-260519_57.s2p,,S22,f_2pi3,sim,dispersion_mode_1,2.8571160335532,2.85712,3.966446799896772e-06,-1.7532687668073612e-05,14.715421943130966,touchstone_ri,2.8571160335532,1.0,,,
260519_2dsweep_1p5cell,sim,06_2_TDS-KyhlTune-260519_58.s2p,,S11,f_2pi3,sim,dispersion_mode_1,2.8571160335532,2.85712,3.966446799896772e-06,-7.810614186150465e-06,-34.32055767574573,touchstone_ri,2.8571160335532,1.0,,,
260519_2dsweep_1p5cell,sim,06_2_TDS-KyhlTune-260519_58.s2p,,S12,f_2pi3,sim,dispersion_mode_1,2.8571160335532,2.85712,3.966446799896772e-06,-53.940337531261505,-83.80962968601872,touchstone_ri,2.8571160335532,1.0,,,
260519_2dsweep_1p5cell,sim,06_2_TDS-KyhlTune-260519_58.s2p,,S21,f_2pi3,sim,dispersion_mode_1,2.8571160335532,2.85712,3.966446799896772e-06,-53.93424783622088,-83.82086639636313,touchstone_ri,2.8571160335532,1.0,,,
260519_2dsweep_1p5cell,sim,06_2_TDS-KyhlTune-260519_58.s2p,,S22,f_2pi3,sim,dispersion_mode_1,2.8571160335532,2.85712,3.966446799896772e-06,-3.775481983473212e-05,46.62616685684269,touchstone_ri,2.8571160335532,1.0,,,
260519_2dsweep_1p5cell,sim,06_2_TDS-KyhlTune-260519_59.s2p,,S11,f_2pi3,sim,dispersion_mode_1,2.8571160335532,2.85712,3.966446799896772e-06,-4.638140914510278e-06,-34.75896756203593,touchstone_ri,2.8571160335532,1.0,,,
260519_2dsweep_1p5cell,sim,06_2_TDS-KyhlTune-260519_59.s2p,,S12,f_2pi3,sim,dispersion_mode_1,2.8571160335532,2.85712,3.966446799896772e-06,-53.936205959912215,-87.46054528774671,touchstone_ri,2.8571160335532,1.0,,,
260519_2dsweep_1p5cell,sim,06_2_TDS-KyhlTune-260519_59.s2p,,S21,f_2pi3,sim,dispersion_mode_1,2.8571160335532,2.85712,3.966446799896772e-06,-53.85761005885091,-87.40548878393442,touchstone_ri,2.8571160335532,1.0,,,
260519_2dsweep_1p5cell,sim,06_2_TDS-KyhlTune-260519_59.s2p,,S22,f_2pi3,sim,dispersion_mode_1,2.8571160335532,2.85712,3.966446799896772e-06,-9.296777165547761e-05,39.99183975800747,touchstone_ri,2.8571160335532,1.0,,,
260519_2dsweep_1p5cell,sim,06_2_TDS-KyhlTune-260519_6.s2p,,S11,f_2pi3,sim,dispersion_mode_1,2.8571160335532,2.85712,3.966446799896772e-06,-4.998339754008669e-06,-30.778744196587283,touchstone_ri,2.8571160335532,1.0,,,
260519_2dsweep_1p5cell,sim,06_2_TDS-KyhlTune-260519_6.s2p,,S12,f_2pi3,sim,dispersion_mode_1,2.8571160335532,2.85712,3.966446799896772e-06,-57.28671541671459,-77.47142727005108,touchstone_ri,2.8571160335532,1.0,,,
260519_2dsweep_1p5cell,sim,06_2_TDS-KyhlTune-260519_6.s2p,,S21,f_2pi3,sim,dispersion_mode_1,2.8571160335532,2.85712,3.966446799896772e-06,-57.024878195628844,-77.60767200021237,touchstone_ri,2.8571160335532,1.0,,,
260519_2dsweep_1p5cell,sim,06_2_TDS-KyhlTune-260519_6.s2p,,S22,f_2pi3,sim,dispersion_mode_1,2.8571160335532,2.85712,3.966446799896772e-06,-0.00027025500455617565,55.53892197865856,touchstone_ri,2.8571160335532,1.0,,,
260519_2dsweep_1p5cell,sim,06_2_TDS-KyhlTune-260519_60.s2p,,S11,f_2pi3,sim,dispersion_mode_1,2.8571160335532,2.85712,3.966446799896772e-06,-6.198315813579553e-07,-35.25774186313442,touchstone_ri,2.8571160335532,1.0,,,
260519_2dsweep_1p5cell,sim,06_2_TDS-KyhlTune-260519_60.s2p,,S12,f_2pi3,sim,dispersion_mode_1,2.8571160335532,2.85712,3.966446799896772e-06,-54.20254957272508,-90.51037694132202,touchstone_ri,2.8571160335532,1.0,,,
260519_2dsweep_1p5cell,sim,06_2_TDS-KyhlTune-260519_60.s2p,,S21,f_2pi3,sim,dispersion_mode_1,2.8571160335532,2.85712,3.966446799896772e-06,-54.093568701321104,-90.41640698906777,touchstone_ri,2.8571160335532,1.0,,,
260519_2dsweep_1p5cell,sim,06_2_TDS-KyhlTune-260519_60.s2p,,S22,f_2pi3,sim,dispersion_mode_1,2.8571160335532,2.85712,3.966446799896772e-06,-7.698455081412293e-05,34.45327685002777,touchstone_ri,2.8571160335532,1.0,,,
260519_2dsweep_1p5cell,sim,06_2_TDS-KyhlTune-260519_61.s2p,,S11,f_2pi3,sim,dispersion_mode_1,2.8571160335532,2.85712,3.966446799896772e-06,2.780949670051226e-06,-35.773650161516855,touchstone_ri,2.8571160335532,1.0,,,
260519_2dsweep_1p5cell,sim,06_2_TDS-KyhlTune-260519_61.s2p,,S12,f_2pi3,sim,dispersion_mode_1,2.8571160335532,2.85712,3.966446799896772e-06,-55.41201828190368,-92.94366902794154,touchstone_ri,2.8571160335532,1.0,,,
260519_2dsweep_1p5cell,sim,06_2_TDS-KyhlTune-260519_61.s2p,,S21,f_2pi3,sim,dispersion_mode_1,2.8571160335532,2.85712,3.966446799896772e-06,-55.424397074114964,-92.89096900094408,touchstone_ri,2.8571160335532,1.0,,,
260519_2dsweep_1p5cell,sim,06_2_TDS-KyhlTune-260519_61.s2p,,S22,f_2pi3,sim,dispersion_mode_1,2.8571160335532,2.85712,3.966446799896772e-06,-3.0111820176210744e-05,30.032704249982434,touchstone_ri,2.8571160335532,1.0,,,
260519_2dsweep_1p5cell,sim,06_2_TDS-KyhlTune-260519_62.s2p,,S11,f_2pi3,sim,dispersion_mode_1,2.8571160335532,2.85712,3.966446799896772e-06,6.9385084858905754e-06,-36.33637391566482,touchstone_ri,2.8571160335532,1.0,,,
260519_2dsweep_1p5cell,sim,06_2_TDS-KyhlTune-260519_62.s2p,,S12,f_2pi3,sim,dispersion_mode_1,2.8571160335532,2.85712,3.966446799896772e-06,-55.1865418619154,-94.98717471432406,touchstone_ri,2.8571160335532,1.0,,,
260519_2dsweep_1p5cell,sim,06_2_TDS-KyhlTune-260519_62.s2p,,S21,f_2pi3,sim,dispersion_mode_1,2.8571160335532,2.85712,3.966446799896772e-06,-55.15672832897166,-95.02240431507242,touchstone_ri,2.8571160335532,1.0,,,
260519_2dsweep_1p5cell,sim,06_2_TDS-KyhlTune-260519_62.s2p,,S22,f_2pi3,sim,dispersion_mode_1,2.8571160335532,2.85712,3.966446799896772e-06,-3.1554090984460576e-05,26.343080081058456,touchstone_ri,2.8571160335532,1.0,,,
260519_2dsweep_1p5cell,sim,06_2_TDS-KyhlTune-260519_63.s2p,,S11,f_2pi3,sim,dispersion_mode_1,2.8571160335532,2.85712,3.966446799896772e-06,1.0953609042957467e-05,-36.62463578079692,touchstone_ri,2.8571160335532,1.0,,,
260519_2dsweep_1p5cell,sim,06_2_TDS-KyhlTune-260519_63.s2p,,S12,f_2pi3,sim,dispersion_mode_1,2.8571160335532,2.85712,3.966446799896772e-06,-55.448631900439636,-96.71332461231655,touchstone_ri,2.8571160335532,1.0,,,
260519_2dsweep_1p5cell,sim,06_2_TDS-KyhlTune-260519_63.s2p,,S21,f_2pi3,sim,dispersion_mode_1,2.8571160335532,2.85712,3.966446799896772e-06,-55.41686423015481,-96.67181445752706,touchstone_ri,2.8571160335532,1.0,,,
260519_2dsweep_1p5cell,sim,06_2_TDS-KyhlTune-260519_63.s2p,,S22,f_2pi3,sim,dispersion_mode_1,2.8571160335532,2.85712,3.966446799896772e-06,-1.6390894742853105e-05,23.18905952969706,touchstone_ri,2.8571160335532,1.0,,,
260519_2dsweep_1p5cell,sim,06_2_TDS-KyhlTune-260519_64.s2p,,S11,f_2pi3,sim,dispersion_mode_1,2.8571160335532,2.85712,3.966446799896772e-06,1.264368925024952e-05,-37.21137555328363,touchstone_ri,2.8571160335532,1.0,,,
260519_2dsweep_1p5cell,sim,06_2_TDS-KyhlTune-260519_64.s2p,,S12,f_2pi3,sim,dispersion_mode_1,2.8571160335532,2.85712,3.966446799896772e-06,-56.41388161407776,-98.19955271730126,touchstone_ri,2.8571160335532,1.0,,,
260519_2dsweep_1p5cell,sim,06_2_TDS-KyhlTune-260519_64.s2p,,S21,f_2pi3,sim,dispersion_mode_1,2.8571160335532,2.85712,3.966446799896772e-06,-56.3854439353329,-98.28814150360527,touchstone_ri,2.8571160335532,1.0,,,
260519_2dsweep_1p5cell,sim,06_2_TDS-KyhlTune-260519_64.s2p,,S22,f_2pi3,sim,dispersion_mode_1,2.8571160335532,2.85712,3.966446799896772e-06,-2.9210939710329157e-05,20.57711299479045,touchstone_ri,2.8571160335532,1.0,,,
260519_2dsweep_1p5cell,sim,06_2_TDS-KyhlTune-260519_65.s2p,,S11,f_2pi3,sim,dispersion_mode_1,2.8571160335532,2.85712,3.966446799896772e-06,-1.9933875712082903e-05,-37.790437048362556,touchstone_ri,2.8571160335532,1.0,,,
260519_2dsweep_1p5cell,sim,06_2_TDS-KyhlTune-260519_65.s2p,,S12,f_2pi3,sim,dispersion_mode_1,2.8571160335532,2.85712,3.966446799896772e-06,-55.676782508610955,-99.41804752297948,touchstone_ri,2.8571160335532,1.0,,,
260519_2dsweep_1p5cell,sim,06_2_TDS-KyhlTune-260519_65.s2p,,S21,f_2pi3,sim,dispersion_mode_1,2.8571160335532,2.85712,3.966446799896772e-06,-55.6404772225533,-99.74260758008528,touchstone_ri,2.8571160335532,1.0,,,
260519_2dsweep_1p5cell,sim,06_2_TDS-KyhlTune-260519_65.s2p,,S22,f_2pi3,sim,dispersion_mode_1,2.8571160335532,2.85712,3.966446799896772e-06,-6.01694617902674e-05,18.301632315543323,touchstone_ri,2.8571160335532,1.0,,,
260519_2dsweep_1p5cell,sim,06_2_TDS-KyhlTune-260519_66.s2p,,S11,f_2pi3,sim,dispersion_mode_1,2.8571160335532,2.85712,3.966446799896772e-06,-7.557045146201408e-05,-38.259312701899724,touchstone_ri,2.8571160335532,1.0,,,
260519_2dsweep_1p5cell,sim,06_2_TDS-KyhlTune-260519_66.s2p,,S12,f_2pi3,sim,dispersion_mode_1,2.8571160335532,2.85712,3.966446799896772e-06,-56.74857188950931,-101.1564797289726,touchstone_ri,2.8571160335532,1.0,,,
260519_2dsweep_1p5cell,sim,06_2_TDS-KyhlTune-260519_66.s2p,,S21,f_2pi3,sim,dispersion_mode_1,2.8571160335532,2.85712,3.966446799896772e-06,-56.61031159227072,-100.97145875236832,touchstone_ri,2.8571160335532,1.0,,,
260519_2dsweep_1p5cell,sim,06_2_TDS-KyhlTune-260519_66.s2p,,S22,f_2pi3,sim,dispersion_mode_1,2.8571160335532,2.85712,3.966446799896772e-06,-4.808540679913162e-05,16.323867603928168,touchstone_ri,2.8571160335532,1.0,,,
260519_2dsweep_1p5cell,sim,06_2_TDS-KyhlTune-260519_67.s2p,,S11,f_2pi3,sim,dispersion_mode_1,2.8571160335532,2.85712,3.966446799896772e-06,2.5998493432911458e-05,-38.642030987636154,touchstone_ri,2.8571160335532,1.0,,,
260519_2dsweep_1p5cell,sim,06_2_TDS-KyhlTune-260519_67.s2p,,S12,f_2pi3,sim,dispersion_mode_1,2.8571160335532,2.85712,3.966446799896772e-06,-56.68529453346019,-102.12802289334638,touchstone_ri,2.8571160335532,1.0,,,
260519_2dsweep_1p5cell,sim,06_2_TDS-KyhlTune-260519_67.s2p,,S21,f_2pi3,sim,dispersion_mode_1,2.8571160335532,2.85712,3.966446799896772e-06,-56.634247124462256,-102.07156741695744,touchstone_ri,2.8571160335532,1.0,,,
260519_2dsweep_1p5cell,sim,06_2_TDS-KyhlTune-260519_67.s2p,,S22,f_2pi3,sim,dispersion_mode_1,2.8571160335532,2.85712,3.966446799896772e-06,-2.884207395933367e-05,14.551517003905255,touchstone_ri,2.8571160335532,1.0,,,
260519_2dsweep_1p5cell,sim,06_2_TDS-KyhlTune-260519_68.s2p,,S11,f_2pi3,sim,dispersion_mode_1,2.8571160335532,2.85712,3.966446799896772e-06,-4.4797159322460855e-05,-39.255659052572796,touchstone_ri,2.8571160335532,1.0,,,
260519_2dsweep_1p5cell,sim,06_2_TDS-KyhlTune-260519_68.s2p,,S12,f_2pi3,sim,dispersion_mode_1,2.8571160335532,2.85712,3.966446799896772e-06,-56.60060180462626,-103.27703248933327,touchstone_ri,2.8571160335532,1.0,,,
260519_2dsweep_1p5cell,sim,06_2_TDS-KyhlTune-260519_68.s2p,,S21,f_2pi3,sim,dispersion_mode_1,2.8571160335532,2.85712,3.966446799896772e-06,-56.564343635554195,-103.13080240503554,touchstone_ri,2.8571160335532,1.0,,,
260519_2dsweep_1p5cell,sim,06_2_TDS-KyhlTune-260519_68.s2p,,S22,f_2pi3,sim,dispersion_mode_1,2.8571160335532,2.85712,3.966446799896772e-06,-1.6251756208415166e-05,12.986310658893307,touchstone_ri,2.8571160335532,1.0,,,
260519_2dsweep_1p5cell,sim,06_2_TDS-KyhlTune-260519_69.s2p,,S11,f_2pi3,sim,dispersion_mode_1,2.8571160335532,2.85712,3.966446799896772e-06,-0.0003837768899699038,-35.28465905348492,touchstone_ri,2.8571160335532,1.0,,,
260519_2dsweep_1p5cell,sim,06_2_TDS-KyhlTune-260519_69.s2p,,S12,f_2pi3,sim,dispersion_mode_1,2.8571160335532,2.85712,3.966446799896772e-06,-54.23689504099521,-85.34516594563817,touchstone_ri,2.8571160335532,1.0,,,
260519_2dsweep_1p5cell,sim,06_2_TDS-KyhlTune-260519_69.s2p,,S21,f_2pi3,sim,dispersion_mode_1,2.8571160335532,2.85712,3.966446799896772e-06,-53.2187632185188,-87.40766338451179,touchstone_ri,2.8571160335532,1.0,,,
260519_2dsweep_1p5cell,sim,06_2_TDS-KyhlTune-260519_69.s2p,,S22,f_2pi3,sim,dispersion_mode_1,2.8571160335532,2.85712,3.966446799896772e-06,5.006242696318079e-07,40.345350199919764,touchstone_ri,2.8571160335532,1.0,,,
260519_2dsweep_1p5cell,sim,06_2_TDS-KyhlTune-260519_7.s2p,,S11,f_2pi3,sim,dispersion_mode_1,2.8571160335532,2.85712,3.966446799896772e-06,-0.00035370250065785985,-31.020212716575145,touchstone_ri,2.8571160335532,1.0,,,
260519_2dsweep_1p5cell,sim,06_2_TDS-KyhlTune-260519_7.s2p,,S12,f_2pi3,sim,dispersion_mode_1,2.8571160335532,2.85712,3.966446799896772e-06,-57.83072225734527,-81.67279326280423,touchstone_ri,2.8571160335532,1.0,,,
260519_2dsweep_1p5cell,sim,06_2_TDS-KyhlTune-260519_7.s2p,,S21,f_2pi3,sim,dispersion_mode_1,2.8571160335532,2.85712,3.966446799896772e-06,-57.56010700344348,-81.73933919618575,touchstone_ri,2.8571160335532,1.0,,,
260519_2dsweep_1p5cell,sim,06_2_TDS-KyhlTune-260519_7.s2p,,S22,f_2pi3,sim,dispersion_mode_1,2.8571160335532,2.85712,3.966446799896772e-06,-0.000273772982919148,47.707096422297525,touchstone_ri,2.8571160335532,1.0,,,
260519_2dsweep_1p5cell,sim,06_2_TDS-KyhlTune-260519_70.s2p,,S11,f_2pi3,sim,dispersion_mode_1,2.8571160335532,2.85712,3.966446799896772e-06,-0.00015255987941138345,-35.855483690200195,touchstone_ri,2.8571160335532,1.0,,,
260519_2dsweep_1p5cell,sim,06_2_TDS-KyhlTune-260519_70.s2p,,S12,f_2pi3,sim,dispersion_mode_1,2.8571160335532,2.85712,3.966446799896772e-06,-53.684965386093225,-90.41807078928989,touchstone_ri,2.8571160335532,1.0,,,
260519_2dsweep_1p5cell,sim,06_2_TDS-KyhlTune-260519_70.s2p,,S21,f_2pi3,sim,dispersion_mode_1,2.8571160335532,2.85712,3.966446799896772e-06,-53.612663057237214,-90.66289606014868,touchstone_ri,2.8571160335532,1.0,,,
260519_2dsweep_1p5cell,sim,06_2_TDS-KyhlTune-260519_70.s2p,,S22,f_2pi3,sim,dispersion_mode_1,2.8571160335532,2.85712,3.966446799896772e-06,-0.0007230161880547261,34.66315434526782,touchstone_ri,2.8571160335532,1.0,,,
260519_2dsweep_1p5cell,sim,06_2_TDS-KyhlTune-260519_71.s2p,,S11,f_2pi3,sim,dispersion_mode_1,2.8571160335532,2.85712,3.966446799896772e-06,-9.426812456086908e-05,-36.263972804911624,touchstone_ri,2.8571160335532,1.0,,,
260519_2dsweep_1p5cell,sim,06_2_TDS-KyhlTune-260519_71.s2p,,S12,f_2pi3,sim,dispersion_mode_1,2.8571160335532,2.85712,3.966446799896772e-06,-54.1740640182682,-93.13974816800106,touchstone_ri,2.8571160335532,1.0,,,
260519_2dsweep_1p5cell,sim,06_2_TDS-KyhlTune-260519_71.s2p,,S21,f_2pi3,sim,dispersion_mode_1,2.8571160335532,2.85712,3.966446799896772e-06,-54.08685363078254,-93.00751636792914,touchstone_ri,2.8571160335532,1.0,,,
260519_2dsweep_1p5cell,sim,06_2_TDS-KyhlTune-260519_71.s2p,,S22,f_2pi3,sim,dispersion_mode_1,2.8571160335532,2.85712,3.966446799896772e-06,-3.184740591843769e-05,30.171999640091403,touchstone_ri,2.8571160335532,1.0,,,
260519_2dsweep_1p5cell,sim,06_2_TDS-KyhlTune-260519_72.s2p,,S11,f_2pi3,sim,dispersion_mode_1,2.8571160335532,2.85712,3.966446799896772e-06,-0.0005460388536580531,-36.899904267553495,touchstone_ri,2.8571160335532,1.0,,,
260519_2dsweep_1p5cell,sim,06_2_TDS-KyhlTune-260519_72.s2p,,S12,f_2pi3,sim,dispersion_mode_1,2.8571160335532,2.85712,3.966446799896772e-06,-54.20182181261281,-95.46743269085005,touchstone_ri,2.8571160335532,1.0,,,
260519_2dsweep_1p5cell,sim,06_2_TDS-KyhlTune-260519_72.s2p,,S21,f_2pi3,sim,dispersion_mode_1,2.8571160335532,2.85712,3.966446799896772e-06,-54.12336846795404,-95.25725542276463,touchstone_ri,2.8571160335532,1.0,,,
260519_2dsweep_1p5cell,sim,06_2_TDS-KyhlTune-260519_72.s2p,,S22,f_2pi3,sim,dispersion_mode_1,2.8571160335532,2.85712,3.966446799896772e-06,-2.0515114074570268e-05,26.353172281364866,touchstone_ri,2.8571160335532,1.0,,,
260519_2dsweep_1p5cell,sim,06_2_TDS-KyhlTune-260519_73.s2p,,S11,f_2pi3,sim,dispersion_mode_1,2.8571160335532,2.85712,3.966446799896772e-06,-0.00018390033499469396,-37.42197010354485,touchstone_ri,2.8571160335532,1.0,,,
260519_2dsweep_1p5cell,sim,06_2_TDS-KyhlTune-260519_73.s2p,,S12,f_2pi3,sim,dispersion_mode_1,2.8571160335532,2.85712,3.966446799896772e-06,-55.5314309206119,-97.22494150906485,touchstone_ri,2.8571160335532,1.0,,,
260519_2dsweep_1p5cell,sim,06_2_TDS-KyhlTune-260519_73.s2p,,S21,f_2pi3,sim,dispersion_mode_1,2.8571160335532,2.85712,3.966446799896772e-06,-55.47388323171496,-97.13551800087522,touchstone_ri,2.8571160335532,1.0,,,
260519_2dsweep_1p5cell,sim,06_2_TDS-KyhlTune-260519_73.s2p,,S22,f_2pi3,sim,dispersion_mode_1,2.8571160335532,2.85712,3.966446799896772e-06,-2.163363115314033e-05,23.114017820493334,touchstone_ri,2.8571160335532,1.0,,,
260519_2dsweep_1p5cell,sim,06_2_TDS-KyhlTune-260519_74.s2p,,S11,f_2pi3,sim,dispersion_mode_1,2.8571160335532,2.85712,3.966446799896772e-06,-0.00016195756815429852,-37.985635961287606,touchstone_ri,2.8571160335532,1.0,,,
260519_2dsweep_1p5cell,sim,06_2_TDS-KyhlTune-260519_74.s2p,,S12,f_2pi3,sim,dispersion_mode_1,2.8571160335532,2.85712,3.966446799896772e-06,-55.48875336093153,-99.14199781687952,touchstone_ri,2.8571160335532,1.0,,,
260519_2dsweep_1p5cell,sim,06_2_TDS-KyhlTune-260519_74.s2p,,S21,f_2pi3,sim,dispersion_mode_1,2.8571160335532,2.85712,3.966446799896772e-06,-55.447631193563105,-98.72205723013168,touchstone_ri,2.8571160335532,1.0,,,
260519_2dsweep_1p5cell,sim,06_2_TDS-KyhlTune-260519_74.s2p,,S22,f_2pi3,sim,dispersion_mode_1,2.8571160335532,2.85712,3.966446799896772e-06,-2.6457600629894284e-06,20.517317486210658,touchstone_ri,2.8571160335532,1.0,,,
260519_2dsweep_1p5cell,sim,06_2_TDS-KyhlTune-260519_75.s2p,,S11,f_2pi3,sim,dispersion_mode_1,2.8571160335532,2.85712,3.966446799896772e-06,2.207749403139366e-05,-38.543730143822415,touchstone_ri,2.8571160335532,1.0,,,
260519_2dsweep_1p5cell,sim,06_2_TDS-KyhlTune-260519_75.s2p,,S12,f_2pi3,sim,dispersion_mode_1,2.8571160335532,2.85712,3.966446799896772e-06,-55.46674450169008,-100.36339955356293,touchstone_ri,2.8571160335532,1.0,,,
260519_2dsweep_1p5cell,sim,06_2_TDS-KyhlTune-260519_75.s2p,,S21,f_2pi3,sim,dispersion_mode_1,2.8571160335532,2.85712,3.966446799896772e-06,-55.42775148261942,-100.22533712052834,touchstone_ri,2.8571160335532,1.0,,,
260519_2dsweep_1p5cell,sim,06_2_TDS-KyhlTune-260519_75.s2p,,S22,f_2pi3,sim,dispersion_mode_1,2.8571160335532,2.85712,3.966446799896772e-06,-2.221692679295108e-05,18.136343012843067,touchstone_ri,2.8571160335532,1.0,,,
260519_2dsweep_1p5cell,sim,06_2_TDS-KyhlTune-260519_76.s2p,,S11,f_2pi3,sim,dispersion_mode_1,2.8571160335532,2.85712,3.966446799896772e-06,-0.00015357752797362018,-39.13335762477099,touchstone_ri,2.8571160335532,1.0,,,
260519_2dsweep_1p5cell,sim,06_2_TDS-KyhlTune-260519_76.s2p,,S12,f_2pi3,sim,dispersion_mode_1,2.8571160335532,2.85712,3.966446799896772e-06,-55.377715401494626,-101.35736893978014,touchstone_ri,2.8571160335532,1.0,,,
260519_2dsweep_1p5cell,sim,06_2_TDS-KyhlTune-260519_76.s2p,,S21,f_2pi3,sim,dispersion_mode_1,2.8571160335532,2.85712,3.966446799896772e-06,-55.25972101666505,-101.45678033563352,touchstone_ri,2.8571160335532,1.0,,,
260519_2dsweep_1p5cell,sim,06_2_TDS-KyhlTune-260519_76.s2p,,S22,f_2pi3,sim,dispersion_mode_1,2.8571160335532,2.85712,3.966446799896772e-06,-3.149050441811339e-05,16.11641030559575,touchstone_ri,2.8571160335532,1.0,,,
260519_2dsweep_1p5cell,sim,06_2_TDS-KyhlTune-260519_77.s2p,,S11,f_2pi3,sim,dispersion_mode_1,2.8571160335532,2.85712,3.966446799896772e-06,3.4459459573477666e-05,-39.722588635649124,touchstone_ri,2.8571160335532,1.0,,,
260519_2dsweep_1p5cell,sim,06_2_TDS-KyhlTune-260519_77.s2p,,S12,f_2pi3,sim,dispersion_mode_1,2.8571160335532,2.85712,3.966446799896772e-06,-55.564681153670605,-102.67356099716474,touchstone_ri,2.8571160335532,1.0,,,
260519_2dsweep_1p5cell,sim,06_2_TDS-KyhlTune-260519_77.s2p,,S21,f_2pi3,sim,dispersion_mode_1,2.8571160335532,2.85712,3.966446799896772e-06,-55.49590488403293,-102.66199048885997,touchstone_ri,2.8571160335532,1.0,,,
260519_2dsweep_1p5cell,sim,06_2_TDS-KyhlTune-260519_77.s2p,,S22,f_2pi3,sim,dispersion_mode_1,2.8571160335532,2.85712,3.966446799896772e-06,-2.4298968196039567e-05,14.330457127396059,touchstone_ri,2.8571160335532,1.0,,,
260519_2dsweep_1p5cell,sim,06_2_TDS-KyhlTune-260519_78.s2p,,S11,f_2pi3,sim,dispersion_mode_1,2.8571160335532,2.85712,3.966446799896772e-06,3.511039378295624e-05,-40.31251392416722,touchstone_ri,2.8571160335532,1.0,,,
260519_2dsweep_1p5cell,sim,06_2_TDS-KyhlTune-260519_78.s2p,,S12,f_2pi3,sim,dispersion_mode_1,2.8571160335532,2.85712,3.966446799896772e-06,-56.30900080651196,-104.09850548683234,touchstone_ri,2.8571160335532,1.0,,,
260519_2dsweep_1p5cell,sim,06_2_TDS-KyhlTune-260519_78.s2p,,S21,f_2pi3,sim,dispersion_mode_1,2.8571160335532,2.85712,3.966446799896772e-06,-56.31220759890234,-103.75809378197407,touchstone_ri,2.8571160335532,1.0,,,
260519_2dsweep_1p5cell,sim,06_2_TDS-KyhlTune-260519_78.s2p,,S22,f_2pi3,sim,dispersion_mode_1,2.8571160335532,2.85712,3.966446799896772e-06,-1.7438290891476872e-05,12.778340650694167,touchstone_ri,2.8571160335532,1.0,,,
260519_2dsweep_1p5cell,sim,06_2_TDS-KyhlTune-260519_79.s2p,,S11,f_2pi3,sim,dispersion_mode_1,2.8571160335532,2.85712,3.966446799896772e-06,4.691353151055607e-05,-41.004704876832264,touchstone_ri,2.8571160335532,1.0,,,
260519_2dsweep_1p5cell,sim,06_2_TDS-KyhlTune-260519_79.s2p,,S12,f_2pi3,sim,dispersion_mode_1,2.8571160335532,2.85712,3.966446799896772e-06,-55.78963735181255,-104.85515214600886,touchstone_ri,2.8571160335532,1.0,,,
260519_2dsweep_1p5cell,sim,06_2_TDS-KyhlTune-260519_79.s2p,,S21,f_2pi3,sim,dispersion_mode_1,2.8571160335532,2.85712,3.966446799896772e-06,-55.67469683859806,-104.80990164279297,touchstone_ri,2.8571160335532,1.0,,,
260519_2dsweep_1p5cell,sim,06_2_TDS-KyhlTune-260519_79.s2p,,S22,f_2pi3,sim,dispersion_mode_1,2.8571160335532,2.85712,3.966446799896772e-06,-1.1348062979522737e-05,11.393347172440171,touchstone_ri,2.8571160335532,1.0,,,
260519_2dsweep_1p5cell,sim,06_2_TDS-KyhlTune-260519_8.s2p,,S11,f_2pi3,sim,dispersion_mode_1,2.8571160335532,2.85712,3.966446799896772e-06,-7.361963867703642e-06,-31.712493788821075,touchstone_ri,2.8571160335532,1.0,,,
260519_2dsweep_1p5cell,sim,06_2_TDS-KyhlTune-260519_8.s2p,,S12,f_2pi3,sim,dispersion_mode_1,2.8571160335532,2.85712,3.966446799896772e-06,-58.00619184921311,-85.56579065650494,touchstone_ri,2.8571160335532,1.0,,,
260519_2dsweep_1p5cell,sim,06_2_TDS-KyhlTune-260519_8.s2p,,S21,f_2pi3,sim,dispersion_mode_1,2.8571160335532,2.85712,3.966446799896772e-06,-57.983417709006915,-85.43536608667723,touchstone_ri,2.8571160335532,1.0,,,
260519_2dsweep_1p5cell,sim,06_2_TDS-KyhlTune-260519_8.s2p,,S22,f_2pi3,sim,dispersion_mode_1,2.8571160335532,2.85712,3.966446799896772e-06,-1.5655616973036484e-05,40.900696814162714,touchstone_ri,2.8571160335532,1.0,,,
260519_2dsweep_1p5cell,sim,06_2_TDS-KyhlTune-260519_80.s2p,,S11,f_2pi3,sim,dispersion_mode_1,2.8571160335532,2.85712,3.966446799896772e-06,-0.00045831218103837103,-36.385143154296465,touchstone_ri,2.8571160335532,1.0,,,
260519_2dsweep_1p5cell,sim,06_2_TDS-KyhlTune-260519_80.s2p,,S12,f_2pi3,sim,dispersion_mode_1,2.8571160335532,2.85712,3.966446799896772e-06,-53.058078846838015,-90.85415703366866,touchstone_ri,2.8571160335532,1.0,,,
260519_2dsweep_1p5cell,sim,06_2_TDS-KyhlTune-260519_80.s2p,,S21,f_2pi3,sim,dispersion_mode_1,2.8571160335532,2.85712,3.966446799896772e-06,-52.955684032427456,-90.7416035636648,touchstone_ri,2.8571160335532,1.0,,,
260519_2dsweep_1p5cell,sim,06_2_TDS-KyhlTune-260519_80.s2p,,S22,f_2pi3,sim,dispersion_mode_1,2.8571160335532,2.85712,3.966446799896772e-06,-6.85933178116218e-05,34.89485394428541,touchstone_ri,2.8571160335532,1.0,,,
260519_2dsweep_1p5cell,sim,06_2_TDS-KyhlTune-260519_81.s2p,,S11,f_2pi3,sim,dispersion_mode_1,2.8571160335532,2.85712,3.966446799896772e-06,4.533576239200655e-06,-37.03293908641324,touchstone_ri,2.8571160335532,1.0,,,
260519_2dsweep_1p5cell,sim,06_2_TDS-KyhlTune-260519_81.s2p,,S12,f_2pi3,sim,dispersion_mode_1,2.8571160335532,2.85712,3.966446799896772e-06,-53.37712286053065,-93.65453447080537,touchstone_ri,2.8571160335532,1.0,,,
260519_2dsweep_1p5cell,sim,06_2_TDS-KyhlTune-260519_81.s2p,,S21,f_2pi3,sim,dispersion_mode_1,2.8571160335532,2.85712,3.966446799896772e-06,-53.27116346228842,-93.49191865997769,touchstone_ri,2.8571160335532,1.0,,,
260519_2dsweep_1p5cell,sim,06_2_TDS-KyhlTune-260519_81.s2p,,S22,f_2pi3,sim,dispersion_mode_1,2.8571160335532,2.85712,3.966446799896772e-06,-4.0678803574699036e-05,30.133756607720645,touchstone_ri,2.8571160335532,1.0,,,
260519_2dsweep_1p5cell,sim,06_2_TDS-KyhlTune-260519_82.s2p,,S11,f_2pi3,sim,dispersion_mode_1,2.8571160335532,2.85712,3.966446799896772e-06,-1.5676894955787833e-05,-37.54593960526753,touchstone_ri,2.8571160335532,1.0,,,
260519_2dsweep_1p5cell,sim,06_2_TDS-KyhlTune-260519_82.s2p,,S12,f_2pi3,sim,dispersion_mode_1,2.8571160335532,2.85712,3.966446799896772e-06,-53.18862229683387,-95.63253752704239,touchstone_ri,2.8571160335532,1.0,,,
260519_2dsweep_1p5cell,sim,06_2_TDS-KyhlTune-260519_82.s2p,,S21,f_2pi3,sim,dispersion_mode_1,2.8571160335532,2.85712,3.966446799896772e-06,-53.18638592678027,-95.64032852932819,touchstone_ri,2.8571160335532,1.0,,,
260519_2dsweep_1p5cell,sim,06_2_TDS-KyhlTune-260519_82.s2p,,S22,f_2pi3,sim,dispersion_mode_1,2.8571160335532,2.85712,3.966446799896772e-06,-3.735073403912093e-06,26.280216006505345,touchstone_ri,2.8571160335532,1.0,,,
260519_2dsweep_1p5cell,sim,06_2_TDS-KyhlTune-260519_83.s2p,,S11,f_2pi3,sim,dispersion_mode_1,2.8571160335532,2.85712,3.966446799896772e-06,1.700786848866725e-05,-38.20346525945362,touchstone_ri,2.8571160335532,1.0,,,
260519_2dsweep_1p5cell,sim,06_2_TDS-KyhlTune-260519_83.s2p,,S12,f_2pi3,sim,dispersion_mode_1,2.8571160335532,2.85712,3.966446799896772e-06,-53.73734994185266,-97.61939222825971,touchstone_ri,2.8571160335532,1.0,,,
260519_2dsweep_1p5cell,sim,06_2_TDS-KyhlTune-260519_83.s2p,,S21,f_2pi3,sim,dispersion_mode_1,2.8571160335532,2.85712,3.966446799896772e-06,-53.649357465013736,-97.64282690852862,touchstone_ri,2.8571160335532,1.0,,,
260519_2dsweep_1p5cell,sim,06_2_TDS-KyhlTune-260519_83.s2p,,S22,f_2pi3,sim,dispersion_mode_1,2.8571160335532,2.85712,3.966446799896772e-06,-3.877938785823906e-05,22.958851809546932,touchstone_ri,2.8571160335532,1.0,,,
260519_2dsweep_1p5cell,sim,06_2_TDS-KyhlTune-260519_84.s2p,,S11,f_2pi3,sim,dispersion_mode_1,2.8571160335532,2.85712,3.966446799896772e-06,2.2897342779375554e-05,-38.83416236828727,touchstone_ri,2.8571160335532,1.0,,,
260519_2dsweep_1p5cell,sim,06_2_TDS-KyhlTune-260519_84.s2p,,S12,f_2pi3,sim,dispersion_mode_1,2.8571160335532,2.85712,3.966446799896772e-06,-54.093964287348484,-99.37753634576168,touchstone_ri,2.8571160335532,1.0,,,
260519_2dsweep_1p5cell,sim,06_2_TDS-KyhlTune-260519_84.s2p,,S21,f_2pi3,sim,dispersion_mode_1,2.8571160335532,2.85712,3.966446799896772e-06,-54.07696652168923,-99.30692196800148,touchstone_ri,2.8571160335532,1.0,,,
260519_2dsweep_1p5cell,sim,06_2_TDS-KyhlTune-260519_84.s2p,,S22,f_2pi3,sim,dispersion_mode_1,2.8571160335532,2.85712,3.966446799896772e-06,-2.7516686346103333e-05,20.221911466532667,touchstone_ri,2.8571160335532,1.0,,,
260519_2dsweep_1p5cell,sim,06_2_TDS-KyhlTune-260519_85.s2p,,S11,f_2pi3,sim,dispersion_mode_1,2.8571160335532,2.85712,3.966446799896772e-06,-0.0010036726861667599,-39.41932558353912,touchstone_ri,2.8571160335532,1.0,,,
260519_2dsweep_1p5cell,sim,06_2_TDS-KyhlTune-260519_85.s2p,,S12,f_2pi3,sim,dispersion_mode_1,2.8571160335532,2.85712,3.966446799896772e-06,-54.58678251596795,-100.75072844190194,touchstone_ri,2.8571160335532,1.0,,,
260519_2dsweep_1p5cell,sim,06_2_TDS-KyhlTune-260519_85.s2p,,S21,f_2pi3,sim,dispersion_mode_1,2.8571160335532,2.85712,3.966446799896772e-06,-54.41805896625493,-101.09414846055694,touchstone_ri,2.8571160335532,1.0,,,
260519_2dsweep_1p5cell,sim,06_2_TDS-KyhlTune-260519_85.s2p,,S22,f_2pi3,sim,dispersion_mode_1,2.8571160335532,2.85712,3.966446799896772e-06,-2.1363357015286477e-05,17.907813690754473,touchstone_ri,2.8571160335532,1.0,,,
260519_2dsweep_1p5cell,sim,06_2_TDS-KyhlTune-260519_86.s2p,,S11,f_2pi3,sim,dispersion_mode_1,2.8571160335532,2.85712,3.966446799896772e-06,-0.00016773143212735545,-40.133756162799784,touchstone_ri,2.8571160335532,1.0,,,
260519_2dsweep_1p5cell,sim,06_2_TDS-KyhlTune-260519_86.s2p,,S12,f_2pi3,sim,dispersion_mode_1,2.8571160335532,2.85712,3.966446799896772e-06,-54.76225060022414,-102.0980468094158,touchstone_ri,2.8571160335532,1.0,,,
260519_2dsweep_1p5cell,sim,06_2_TDS-KyhlTune-260519_86.s2p,,S21,f_2pi3,sim,dispersion_mode_1,2.8571160335532,2.85712,3.966446799896772e-06,-54.69192920135989,-102.14081477583377,touchstone_ri,2.8571160335532,1.0,,,
260519_2dsweep_1p5cell,sim,06_2_TDS-KyhlTune-260519_86.s2p,,S22,f_2pi3,sim,dispersion_mode_1,2.8571160335532,2.85712,3.966446799896772e-06,-1.9740170401649287e-05,15.854585121360142,touchstone_ri,2.8571160335532,1.0,,,
260519_2dsweep_1p5cell,sim,06_2_TDS-KyhlTune-260519_87.s2p,,S11,f_2pi3,sim,dispersion_mode_1,2.8571160335532,2.85712,3.966446799896772e-06,-0.0003205637002243257,-40.811479484087116,touchstone_ri,2.8571160335532,1.0,,,
260519_2dsweep_1p5cell,sim,06_2_TDS-KyhlTune-260519_87.s2p,,S12,f_2pi3,sim,dispersion_mode_1,2.8571160335532,2.85712,3.966446799896772e-06,-54.70991656276545,-103.3144752836307,touchstone_ri,2.8571160335532,1.0,,,
260519_2dsweep_1p5cell,sim,06_2_TDS-KyhlTune-260519_87.s2p,,S21,f_2pi3,sim,dispersion_mode_1,2.8571160335532,2.85712,3.966446799896772e-06,-54.65146314436522,-103.40006967500234,touchstone_ri,2.8571160335532,1.0,,,
260519_2dsweep_1p5cell,sim,06_2_TDS-KyhlTune-260519_87.s2p,,S22,f_2pi3,sim,dispersion_mode_1,2.8571160335532,2.85712,3.966446799896772e-06,-1.2845016392153166e-05,14.04802860435308,touchstone_ri,2.8571160335532,1.0,,,
260519_2dsweep_1p5cell,sim,06_2_TDS-KyhlTune-260519_88.s2p,,S11,f_2pi3,sim,dispersion_mode_1,2.8571160335532,2.85712,3.966446799896772e-06,-4.95064012725458e-05,-41.49076591281864,touchstone_ri,2.8571160335532,1.0,,,
260519_2dsweep_1p5cell,sim,06_2_TDS-KyhlTune-260519_88.s2p,,S12,f_2pi3,sim,dispersion_mode_1,2.8571160335532,2.85712,3.966446799896772e-06,-55.0494911544716,-104.68754477139363,touchstone_ri,2.8571160335532,1.0,,,
260519_2dsweep_1p5cell,sim,06_2_TDS-KyhlTune-260519_88.s2p,,S21,f_2pi3,sim,dispersion_mode_1,2.8571160335532,2.85712,3.966446799896772e-06,-54.872369225094744,-104.50536523673895,touchstone_ri,2.8571160335532,1.0,,,
260519_2dsweep_1p5cell,sim,06_2_TDS-KyhlTune-260519_88.s2p,,S22,f_2pi3,sim,dispersion_mode_1,2.8571160335532,2.85712,3.966446799896772e-06,-6.005253419569483e-05,12.49339063154838,touchstone_ri,2.8571160335532,1.0,,,
260519_2dsweep_1p5cell,sim,06_2_TDS-KyhlTune-260519_89.s2p,,S11,f_2pi3,sim,dispersion_mode_1,2.8571160335532,2.85712,3.966446799896772e-06,-0.00017124500622515837,-42.074791045654656,touchstone_ri,2.8571160335532,1.0,,,
260519_2dsweep_1p5cell,sim,06_2_TDS-KyhlTune-260519_89.s2p,,S12,f_2pi3,sim,dispersion_mode_1,2.8571160335532,2.85712,3.966446799896772e-06,-55.28858446973726,-105.77809740797846,touchstone_ri,2.8571160335532,1.0,,,
260519_2dsweep_1p5cell,sim,06_2_TDS-KyhlTune-260519_89.s2p,,S21,f_2pi3,sim,dispersion_mode_1,2.8571160335532,2.85712,3.966446799896772e-06,-55.282008897699846,-105.5121676482847,touchstone_ri,2.8571160335532,1.0,,,
260519_2dsweep_1p5cell,sim,06_2_TDS-KyhlTune-260519_89.s2p,,S22,f_2pi3,sim,dispersion_mode_1,2.8571160335532,2.85712,3.966446799896772e-06,-4.203318171550884e-05,11.094791930434877,touchstone_ri,2.8571160335532,1.0,,,
260519_2dsweep_1p5cell,sim,06_2_TDS-KyhlTune-260519_9.s2p,,S11,f_2pi3,sim,dispersion_mode_1,2.8571160335532,2.85712,3.966446799896772e-06,-6.750331004843475e-07,-31.822036815397013,touchstone_ri,2.8571160335532,1.0,,,
260519_2dsweep_1p5cell,sim,06_2_TDS-KyhlTune-260519_9.s2p,,S12,f_2pi3,sim,dispersion_mode_1,2.8571160335532,2.85712,3.966446799896772e-06,-58.40428816235238,-87.93000887080547,touchstone_ri,2.8571160335532,1.0,,,
260519_2dsweep_1p5cell,sim,06_2_TDS-KyhlTune-260519_9.s2p,,S21,f_2pi3,sim,dispersion_mode_1,2.8571160335532,2.85712,3.966446799896772e-06,-58.42310940534182,-88.02906234659477,touchstone_ri,2.8571160335532,1.0,,,
260519_2dsweep_1p5cell,sim,06_2_TDS-KyhlTune-260519_9.s2p,,S22,f_2pi3,sim,dispersion_mode_1,2.8571160335532,2.85712,3.966446799896772e-06,5.907087310535279e-07,35.975183083385616,touchstone_ri,2.8571160335532,1.0,,,
260519_2dsweep_1p5cell,sim,06_2_TDS-KyhlTune-260519_90.s2p,,S11,f_2pi3,sim,dispersion_mode_1,2.8571160335532,2.85712,3.966446799896772e-06,5.235751660528698e-05,-42.94396756097841,touchstone_ri,2.8571160335532,1.0,,,
260519_2dsweep_1p5cell,sim,06_2_TDS-KyhlTune-260519_90.s2p,,S12,f_2pi3,sim,dispersion_mode_1,2.8571160335532,2.85712,3.966446799896772e-06,-56.05998521739622,-106.5807271534662,touchstone_ri,2.8571160335532,1.0,,,
260519_2dsweep_1p5cell,sim,06_2_TDS-KyhlTune-260519_90.s2p,,S21,f_2pi3,sim,dispersion_mode_1,2.8571160335532,2.85712,3.966446799896772e-06,-56.01573509655115,-106.56772073872087,touchstone_ri,2.8571160335532,1.0,,,
260519_2dsweep_1p5cell,sim,06_2_TDS-KyhlTune-260519_90.s2p,,S22,f_2pi3,sim,dispersion_mode_1,2.8571160335532,2.85712,3.966446799896772e-06,-1.4998477676244204e-05,9.850871165912364,touchstone_ri,2.8571160335532,1.0,,,
260519_2dsweep_1p5cell,sim,06_2_TDS-KyhlTune-260519_91.s2p,,S11,f_2pi3,sim,dispersion_mode_1,2.8571160335532,2.85712,3.966446799896772e-06,5.714642461549047e-06,-37.58500077055215,touchstone_ri,2.8571160335532,1.0,,,
260519_2dsweep_1p5cell,sim,06_2_TDS-KyhlTune-260519_91.s2p,,S12,f_2pi3,sim,dispersion_mode_1,2.8571160335532,2.85712,3.966446799896772e-06,-52.330991272608564,-93.87629493129724,touchstone_ri,2.8571160335532,1.0,,,
260519_2dsweep_1p5cell,sim,06_2_TDS-KyhlTune-260519_91.s2p,,S21,f_2pi3,sim,dispersion_mode_1,2.8571160335532,2.85712,3.966446799896772e-06,-52.300337551672484,-93.78872181229801,touchstone_ri,2.8571160335532,1.0,,,
260519_2dsweep_1p5cell,sim,06_2_TDS-KyhlTune-260519_91.s2p,,S22,f_2pi3,sim,dispersion_mode_1,2.8571160335532,2.85712,3.966446799896772e-06,-2.954564647586587e-05,30.005363035121494,touchstone_ri,2.8571160335532,1.0,,,
260519_2dsweep_1p5cell,sim,06_2_TDS-KyhlTune-260519_92.s2p,,S11,f_2pi3,sim,dispersion_mode_1,2.8571160335532,2.85712,3.966446799896772e-06,-1.7087059675743206e-05,-38.25980726157092,touchstone_ri,2.8571160335532,1.0,,,
260519_2dsweep_1p5cell,sim,06_2_TDS-KyhlTune-260519_92.s2p,,S12,f_2pi3,sim,dispersion_mode_1,2.8571160335532,2.85712,3.966446799896772e-06,-53.285277946456034,-96.13322128724283,touchstone_ri,2.8571160335532,1.0,,,
260519_2dsweep_1p5cell,sim,06_2_TDS-KyhlTune-260519_92.s2p,,S21,f_2pi3,sim,dispersion_mode_1,2.8571160335532,2.85712,3.966446799896772e-06,-53.284594948010486,-96.12904944254913,touchstone_ri,2.8571160335532,1.0,,,
260519_2dsweep_1p5cell,sim,06_2_TDS-KyhlTune-260519_92.s2p,,S22,f_2pi3,sim,dispersion_mode_1,2.8571160335532,2.85712,3.966446799896772e-06,-1.4980682541456741e-05,25.99935081475991,touchstone_ri,2.8571160335532,1.0,,,
260519_2dsweep_1p5cell,sim,06_2_TDS-KyhlTune-260519_93.s2p,,S11,f_2pi3,sim,dispersion_mode_1,2.8571160335532,2.85712,3.966446799896772e-06,-8.582098676440517e-05,-38.90396100420873,touchstone_ri,2.8571160335532,1.0,,,
260519_2dsweep_1p5cell,sim,06_2_TDS-KyhlTune-260519_93.s2p,,S12,f_2pi3,sim,dispersion_mode_1,2.8571160335532,2.85712,3.966446799896772e-06,-53.78326828553522,-98.11435979816248,touchstone_ri,2.8571160335532,1.0,,,
260519_2dsweep_1p5cell,sim,06_2_TDS-KyhlTune-260519_93.s2p,,S21,f_2pi3,sim,dispersion_mode_1,2.8571160335532,2.85712,3.966446799896772e-06,-53.744856612823654,-98.06293115857126,touchstone_ri,2.8571160335532,1.0,,,
260519_2dsweep_1p5cell,sim,06_2_TDS-KyhlTune-260519_93.s2p,,S22,f_2pi3,sim,dispersion_mode_1,2.8571160335532,2.85712,3.966446799896772e-06,-3.780901184396372e-05,22.729169618332868,touchstone_ri,2.8571160335532,1.0,,,
260519_2dsweep_1p5cell,sim,06_2_TDS-KyhlTune-260519_94.s2p,,S11,f_2pi3,sim,dispersion_mode_1,2.8571160335532,2.85712,3.966446799896772e-06,-0.00033776863215457886,-39.66323194140026,touchstone_ri,2.8571160335532,1.0,,,
260519_2dsweep_1p5cell,sim,06_2_TDS-KyhlTune-260519_94.s2p,,S12,f_2pi3,sim,dispersion_mode_1,2.8571160335532,2.85712,3.966446799896772e-06,-52.912745361872396,-99.78883850052993,touchstone_ri,2.8571160335532,1.0,,,
260519_2dsweep_1p5cell,sim,06_2_TDS-KyhlTune-260519_94.s2p,,S21,f_2pi3,sim,dispersion_mode_1,2.8571160335532,2.85712,3.966446799896772e-06,-52.842720868449774,-99.84250126275852,touchstone_ri,2.8571160335532,1.0,,,
260519_2dsweep_1p5cell,sim,06_2_TDS-KyhlTune-260519_94.s2p,,S22,f_2pi3,sim,dispersion_mode_1,2.8571160335532,2.85712,3.966446799896772e-06,-3.2289710651697965e-05,19.95528701968229,touchstone_ri,2.8571160335532,1.0,,,
260519_2dsweep_1p5cell,sim,06_2_TDS-KyhlTune-260519_95.s2p,,S11,f_2pi3,sim,dispersion_mode_1,2.8571160335532,2.85712,3.966446799896772e-06,-8.62235649692069e-06,-40.266879166472336,touchstone_ri,2.8571160335532,1.0,,,
260519_2dsweep_1p5cell,sim,06_2_TDS-KyhlTune-260519_95.s2p,,S12,f_2pi3,sim,dispersion_mode_1,2.8571160335532,2.85712,3.966446799896772e-06,-54.483102181325336,-101.3572871998146,touchstone_ri,2.8571160335532,1.0,,,
260519_2dsweep_1p5cell,sim,06_2_TDS-KyhlTune-260519_95.s2p,,S21,f_2pi3,sim,dispersion_mode_1,2.8571160335532,2.85712,3.966446799896772e-06,-54.4802954499888,-101.36217398046279,touchstone_ri,2.8571160335532,1.0,,,
260519_2dsweep_1p5cell,sim,06_2_TDS-KyhlTune-260519_95.s2p,,S22,f_2pi3,sim,dispersion_mode_1,2.8571160335532,2.85712,3.966446799896772e-06,-4.281451709419215e-06,17.57837607993265,touchstone_ri,2.8571160335532,1.0,,,
260519_2dsweep_1p5cell,sim,06_2_TDS-KyhlTune-260519_96.s2p,,S11,f_2pi3,sim,dispersion_mode_1,2.8571160335532,2.85712,3.966446799896772e-06,-9.148088033414895e-05,-41.00903648443985,touchstone_ri,2.8571160335532,1.0,,,
260519_2dsweep_1p5cell,sim,06_2_TDS-KyhlTune-260519_96.s2p,,S12,f_2pi3,sim,dispersion_mode_1,2.8571160335532,2.85712,3.966446799896772e-06,-54.31826885030796,-102.71358774527455,touchstone_ri,2.8571160335532,1.0,,,
260519_2dsweep_1p5cell,sim,06_2_TDS-KyhlTune-260519_96.s2p,,S21,f_2pi3,sim,dispersion_mode_1,2.8571160335532,2.85712,3.966446799896772e-06,-54.25660346402136,-102.72222561162195,touchstone_ri,2.8571160335532,1.0,,,
260519_2dsweep_1p5cell,sim,06_2_TDS-KyhlTune-260519_96.s2p,,S22,f_2pi3,sim,dispersion_mode_1,2.8571160335532,2.85712,3.966446799896772e-06,-3.90071316705094e-05,15.52382533456141,touchstone_ri,2.8571160335532,1.0,,,
260519_2dsweep_1p5cell,sim,06_2_TDS-KyhlTune-260519_97.s2p,,S11,f_2pi3,sim,dispersion_mode_1,2.8571160335532,2.85712,3.966446799896772e-06,5.194278369400669e-05,-41.85367239926123,touchstone_ri,2.8571160335532,1.0,,,
260519_2dsweep_1p5cell,sim,06_2_TDS-KyhlTune-260519_97.s2p,,S12,f_2pi3,sim,dispersion_mode_1,2.8571160335532,2.85712,3.966446799896772e-06,-54.09657017992481,-104.0290002032349,touchstone_ri,2.8571160335532,1.0,,,
260519_2dsweep_1p5cell,sim,06_2_TDS-KyhlTune-260519_97.s2p,,S21,f_2pi3,sim,dispersion_mode_1,2.8571160335532,2.85712,3.966446799896772e-06,-54.0653870999936,-104.07777229997839,touchstone_ri,2.8571160335532,1.0,,,
260519_2dsweep_1p5cell,sim,06_2_TDS-KyhlTune-260519_97.s2p,,S22,f_2pi3,sim,dispersion_mode_1,2.8571160335532,2.85712,3.966446799896772e-06,-3.225474051889348e-05,13.704658415528597,touchstone_ri,2.8571160335532,1.0,,,
260519_2dsweep_1p5cell,sim,06_2_TDS-KyhlTune-260519_98.s2p,,S11,f_2pi3,sim,dispersion_mode_1,2.8571160335532,2.85712,3.966446799896772e-06,-0.0009881417351925027,-42.678604982175024,touchstone_ri,2.8571160335532,1.0,,,
260519_2dsweep_1p5cell,sim,06_2_TDS-KyhlTune-260519_98.s2p,,S12,f_2pi3,sim,dispersion_mode_1,2.8571160335532,2.85712,3.966446799896772e-06,-54.53734021418248,-105.40050008055171,touchstone_ri,2.8571160335532,1.0,,,
260519_2dsweep_1p5cell,sim,06_2_TDS-KyhlTune-260519_98.s2p,,S21,f_2pi3,sim,dispersion_mode_1,2.8571160335532,2.85712,3.966446799896772e-06,-54.489201634731316,-105.33036215638164,touchstone_ri,2.8571160335532,1.0,,,
260519_2dsweep_1p5cell,sim,06_2_TDS-KyhlTune-260519_98.s2p,,S22,f_2pi3,sim,dispersion_mode_1,2.8571160335532,2.85712,3.966446799896772e-06,-2.2155414206041357e-05,12.11436397778502,touchstone_ri,2.8571160335532,1.0,,,
260519_2dsweep_1p5cell,sim,06_2_TDS-KyhlTune-260519_99.s2p,,S11,f_2pi3,sim,dispersion_mode_1,2.8571160335532,2.85712,3.966446799896772e-06,-2.3278118457805264e-05,-43.52245204320728,touchstone_ri,2.8571160335532,1.0,,,
260519_2dsweep_1p5cell,sim,06_2_TDS-KyhlTune-260519_99.s2p,,S12,f_2pi3,sim,dispersion_mode_1,2.8571160335532,2.85712,3.966446799896772e-06,-53.70297761711874,-106.36694754024839,touchstone_ri,2.8571160335532,1.0,,,
260519_2dsweep_1p5cell,sim,06_2_TDS-KyhlTune-260519_99.s2p,,S21,f_2pi3,sim,dispersion_mode_1,2.8571160335532,2.85712,3.966446799896772e-06,-53.701785905808535,-106.38970692521104,touchstone_ri,2.8571160335532,1.0,,,
260519_2dsweep_1p5cell,sim,06_2_TDS-KyhlTune-260519_99.s2p,,S22,f_2pi3,sim,dispersion_mode_1,2.8571160335532,2.85712,3.966446799896772e-06,-2.7969886520408088e-05,10.742327102693816,touchstone_ri,2.8571160335532,1.0,,,
260519_2dsweep_1p5cell,sim,06_2_TDS-KyhlTune-260519_1.s2p,,S11,f_mean,sim,dispersion_mode_1,2.8672804543714,2.86728,-4.543714000604382e-07,-0.01682256540942862,-55.891179766992586,touchstone_ri,2.8672804543714,1.0,,,
260519_2dsweep_1p5cell,sim,06_2_TDS-KyhlTune-260519_1.s2p,,S12,f_mean,sim,dispersion_mode_1,2.8672804543714,2.86728,-4.543714000604382e-07,-24.125313092519654,-142.60117608761186,touchstone_ri,2.8672804543714,1.0,,,
260519_2dsweep_1p5cell,sim,06_2_TDS-KyhlTune-260519_1.s2p,,S21,f_mean,sim,dispersion_mode_1,2.8672804543714,2.86728,-4.543714000604382e-07,-24.125349108566976,-142.60156420063217,touchstone_ri,2.8672804543714,1.0,,,
260519_2dsweep_1p5cell,sim,06_2_TDS-KyhlTune-260519_1.s2p,,S22,f_mean,sim,dispersion_mode_1,2.8672804543714,2.86728,-4.543714000604382e-07,-0.015818307289737925,-49.337074602955106,touchstone_ri,2.8672804543714,1.0,,,
260519_2dsweep_1p5cell,sim,06_2_TDS-KyhlTune-260519_10.s2p,,S11,f_mean,sim,dispersion_mode_1,2.8672804543714,2.86728,-4.543714000604382e-07,-4.548410776588129e-05,-42.652333395999115,touchstone_ri,2.8672804543714,1.0,,,
260519_2dsweep_1p5cell,sim,06_2_TDS-KyhlTune-260519_10.s2p,,S12,f_mean,sim,dispersion_mode_1,2.8672804543714,2.86728,-4.543714000604382e-07,-57.0204136198484,78.30533553421083,touchstone_ri,2.8672804543714,1.0,,,
260519_2dsweep_1p5cell,sim,06_2_TDS-KyhlTune-260519_10.s2p,,S21,f_mean,sim,dispersion_mode_1,2.8672804543714,2.86728,-4.543714000604382e-07,-57.02038808049703,78.29501043308207,touchstone_ri,2.8672804543714,1.0,,,
260519_2dsweep_1p5cell,sim,06_2_TDS-KyhlTune-260519_10.s2p,,S22,f_mean,sim,dispersion_mode_1,2.8672804543714,2.86728,-4.543714000604382e-07,-2.9142173666680012e-05,19.297876653145423,touchstone_ri,2.8672804543714,1.0,,,
260519_2dsweep_1p5cell,sim,06_2_TDS-KyhlTune-260519_100.s2p,,S11,f_mean,sim,dispersion_mode_1,2.8672804543714,2.86728,-4.543714000604382e-07,4.9186293461874585e-05,-48.13907277121026,touchstone_ri,2.8672804543714,1.0,,,
260519_2dsweep_1p5cell,sim,06_2_TDS-KyhlTune-260519_100.s2p,,S12,f_mean,sim,dispersion_mode_1,2.8672804543714,2.86728,-4.543714000604382e-07,-58.971650470266695,67.99497014682393,touchstone_ri,2.8672804543714,1.0,,,
260519_2dsweep_1p5cell,sim,06_2_TDS-KyhlTune-260519_100.s2p,,S21,f_mean,sim,dispersion_mode_1,2.8672804543714,2.86728,-4.543714000604382e-07,-59.01172436014232,67.5447370941659,touchstone_ri,2.8672804543714,1.0,,,
260519_2dsweep_1p5cell,sim,06_2_TDS-KyhlTune-260519_100.s2p,,S22,f_mean,sim,dispersion_mode_1,2.8672804543714,2.86728,-4.543714000604382e-07,-3.596712566943521e-05,3.1977182666755977,touchstone_ri,2.8672804543714,1.0,,,
260519_2dsweep_1p5cell,sim,06_2_TDS-KyhlTune-260519_101.s2p,,S11,f_mean,sim,dispersion_mode_1,2.8672804543714,2.86728,-4.543714000604382e-07,2.462220406416655e-05,-48.858867247957,touchstone_ri,2.8672804543714,1.0,,,
260519_2dsweep_1p5cell,sim,06_2_TDS-KyhlTune-260519_101.s2p,,S12,f_mean,sim,dispersion_mode_1,2.8672804543714,2.86728,-4.543714000604382e-07,-59.030335090750484,66.7493979927609,touchstone_ri,2.8672804543714,1.0,,,
260519_2dsweep_1p5cell,sim,06_2_TDS-KyhlTune-260519_101.s2p,,S21,f_mean,sim,dispersion_mode_1,2.8672804543714,2.86728,-4.543714000604382e-07,-59.028202594968704,66.83783216977139,touchstone_ri,2.8672804543714,1.0,,,
260519_2dsweep_1p5cell,sim,06_2_TDS-KyhlTune-260519_101.s2p,,S22,f_mean,sim,dispersion_mode_1,2.8672804543714,2.86728,-4.543714000604382e-07,-2.6416805901198032e-06,2.4597294575489994,touchstone_ri,2.8672804543714,1.0,,,
260519_2dsweep_1p5cell,sim,06_2_TDS-KyhlTune-260519_102.s2p,,S11,f_mean,sim,dispersion_mode_1,2.8672804543714,2.86728,-4.543714000604382e-07,-0.0002146704934232824,-41.86396335340257,touchstone_ri,2.8672804543714,1.0,,,
260519_2dsweep_1p5cell,sim,06_2_TDS-KyhlTune-260519_102.s2p,,S12,f_mean,sim,dispersion_mode_1,2.8672804543714,2.86728,-4.543714000604382e-07,-58.30852059815038,74.84382873854929,touchstone_ri,2.8672804543714,1.0,,,
260519_2dsweep_1p5cell,sim,06_2_TDS-KyhlTune-260519_102.s2p,,S21,f_mean,sim,dispersion_mode_1,2.8672804543714,2.86728,-4.543714000604382e-07,-58.29737346077952,74.88668909477268,touchstone_ri,2.8672804543714,1.0,,,
260519_2dsweep_1p5cell,sim,06_2_TDS-KyhlTune-260519_102.s2p,,S22,f_mean,sim,dispersion_mode_1,2.8672804543714,2.86728,-4.543714000604382e-07,-1.0629250201050295e-05,11.606091613818146,touchstone_ri,2.8672804543714,1.0,,,
260519_2dsweep_1p5cell,sim,06_2_TDS-KyhlTune-260519_103.s2p,,S11,f_mean,sim,dispersion_mode_1,2.8672804543714,2.86728,-4.543714000604382e-07,-0.0006308665141382074,-42.42634034580586,touchstone_ri,2.8672804543714,1.0,,,
260519_2dsweep_1p5cell,sim,06_2_TDS-KyhlTune-260519_103.s2p,,S12,f_mean,sim,dispersion_mode_1,2.8672804543714,2.86728,-4.543714000604382e-07,-58.434049895934656,73.81664641674004,touchstone_ri,2.8672804543714,1.0,,,
260519_2dsweep_1p5cell,sim,06_2_TDS-KyhlTune-260519_103.s2p,,S21,f_mean,sim,dispersion_mode_1,2.8672804543714,2.86728,-4.543714000604382e-07,-58.407006661551236,73.81145343777327,touchstone_ri,2.8672804543714,1.0,,,
260519_2dsweep_1p5cell,sim,06_2_TDS-KyhlTune-260519_103.s2p,,S22,f_mean,sim,dispersion_mode_1,2.8672804543714,2.86728,-4.543714000604382e-07,-1.17343311980207e-05,10.010623731348382,touchstone_ri,2.8672804543714,1.0,,,
260519_2dsweep_1p5cell,sim,06_2_TDS-KyhlTune-260519_104.s2p,,S11,f_mean,sim,dispersion_mode_1,2.8672804543714,2.86728,-4.543714000604382e-07,-5.3371051189031103e-05,-43.171979897268976,touchstone_ri,2.8672804543714,1.0,,,
260519_2dsweep_1p5cell,sim,06_2_TDS-KyhlTune-260519_104.s2p,,S12,f_mean,sim,dispersion_mode_1,2.8672804543714,2.86728,-4.543714000604382e-07,-59.33491551220109,72.66512261785238,touchstone_ri,2.8672804543714,1.0,,,
260519_2dsweep_1p5cell,sim,06_2_TDS-KyhlTune-260519_104.s2p,,S21,f_mean,sim,dispersion_mode_1,2.8672804543714,2.86728,-4.543714000604382e-07,-59.340924984947094,72.68597365452733,touchstone_ri,2.8672804543714,1.0,,,
260519_2dsweep_1p5cell,sim,06_2_TDS-KyhlTune-260519_104.s2p,,S22,f_mean,sim,dispersion_mode_1,2.8672804543714,2.86728,-4.543714000604382e-07,-1.1434595928529608e-05,8.542504859120442,touchstone_ri,2.8672804543714,1.0,,,
260519_2dsweep_1p5cell,sim,06_2_TDS-KyhlTune-260519_105.s2p,,S11,f_mean,sim,dispersion_mode_1,2.8672804543714,2.86728,-4.543714000604382e-07,7.792251207706344e-06,-43.88525339022033,touchstone_ri,2.8672804543714,1.0,,,
260519_2dsweep_1p5cell,sim,06_2_TDS-KyhlTune-260519_105.s2p,,S12,f_mean,sim,dispersion_mode_1,2.8672804543714,2.86728,-4.543714000604382e-07,-58.64522307709758,71.89375161096247,touchstone_ri,2.8672804543714,1.0,,,
260519_2dsweep_1p5cell,sim,06_2_TDS-KyhlTune-260519_105.s2p,,S21,f_mean,sim,dispersion_mode_1,2.8672804543714,2.86728,-4.543714000604382e-07,-58.66252364505226,71.68550901972574,touchstone_ri,2.8672804543714,1.0,,,
260519_2dsweep_1p5cell,sim,06_2_TDS-KyhlTune-260519_105.s2p,,S22,f_mean,sim,dispersion_mode_1,2.8672804543714,2.86728,-4.543714000604382e-07,-1.4818260107416569e-05,7.287560051248954,touchstone_ri,2.8672804543714,1.0,,,
260519_2dsweep_1p5cell,sim,06_2_TDS-KyhlTune-260519_106.s2p,,S11,f_mean,sim,dispersion_mode_1,2.8672804543714,2.86728,-4.543714000604382e-07,-0.00047521739349895884,-44.58050293837966,touchstone_ri,2.8672804543714,1.0,,,
260519_2dsweep_1p5cell,sim,06_2_TDS-KyhlTune-260519_106.s2p,,S12,f_mean,sim,dispersion_mode_1,2.8672804543714,2.86728,-4.543714000604382e-07,-59.071036500361046,70.76744191513897,touchstone_ri,2.8672804543714,1.0,,,
260519_2dsweep_1p5cell,sim,06_2_TDS-KyhlTune-260519_106.s2p,,S21,f_mean,sim,dispersion_mode_1,2.8672804543714,2.86728,-4.543714000604382e-07,-59.06909224205549,70.73939851191972,touchstone_ri,2.8672804543714,1.0,,,
260519_2dsweep_1p5cell,sim,06_2_TDS-KyhlTune-260519_106.s2p,,S22,f_mean,sim,dispersion_mode_1,2.8672804543714,2.86728,-4.543714000604382e-07,-2.1398571376282794e-06,6.1692920655666095,touchstone_ri,2.8672804543714,1.0,,,
260519_2dsweep_1p5cell,sim,06_2_TDS-KyhlTune-260519_107.s2p,,S11,f_mean,sim,dispersion_mode_1,2.8672804543714,2.86728,-4.543714000604382e-07,-1.771080653917943e-05,-45.39493903782353,touchstone_ri,2.8672804543714,1.0,,,
260519_2dsweep_1p5cell,sim,06_2_TDS-KyhlTune-260519_107.s2p,,S12,f_mean,sim,dispersion_mode_1,2.8672804543714,2.86728,-4.543714000604382e-07,-58.98357751471611,69.93930072685907,touchstone_ri,2.8672804543714,1.0,,,
260519_2dsweep_1p5cell,sim,06_2_TDS-KyhlTune-260519_107.s2p,,S21,f_mean,sim,dispersion_mode_1,2.8672804543714,2.86728,-4.543714000604382e-07,-58.98275207525416,69.8886142858086,touchstone_ri,2.8672804543714,1.0,,,
260519_2dsweep_1p5cell,sim,06_2_TDS-KyhlTune-260519_107.s2p,,S22,f_mean,sim,dispersion_mode_1,2.8672804543714,2.86728,-4.543714000604382e-07,-4.884903968178655e-06,5.168959097685813,touchstone_ri,2.8672804543714,1.0,,,
260519_2dsweep_1p5cell,sim,06_2_TDS-KyhlTune-260519_108.s2p,,S11,f_mean,sim,dispersion_mode_1,2.8672804543714,2.86728,-4.543714000604382e-07,-5.9282207021350975e-05,-46.193913793986376,touchstone_ri,2.8672804543714,1.0,,,
260519_2dsweep_1p5cell,sim,06_2_TDS-KyhlTune-260519_108.s2p,,S12,f_mean,sim,dispersion_mode_1,2.8672804543714,2.86728,-4.543714000604382e-07,-59.02897708278324,69.16031201949433,touchstone_ri,2.8672804543714,1.0,,,
260519_2dsweep_1p5cell,sim,06_2_TDS-KyhlTune-260519_108.s2p,,S21,f_mean,sim,dispersion_mode_1,2.8672804543714,2.86728,-4.543714000604382e-07,-59.03213210402528,69.01965670361677,touchstone_ri,2.8672804543714,1.0,,,
260519_2dsweep_1p5cell,sim,06_2_TDS-KyhlTune-260519_108.s2p,,S22,f_mean,sim,dispersion_mode_1,2.8672804543714,2.86728,-4.543714000604382e-07,-2.0193311463738076e-05,4.241912785120747,touchstone_ri,2.8672804543714,1.0,,,
260519_2dsweep_1p5cell,sim,06_2_TDS-KyhlTune-260519_109.s2p,,S11,f_mean,sim,dispersion_mode_1,2.8672804543714,2.86728,-4.543714000604382e-07,-0.0005235531945068402,-46.99941552771699,touchstone_ri,2.8672804543714,1.0,,,
260519_2dsweep_1p5cell,sim,06_2_TDS-KyhlTune-260519_109.s2p,,S12,f_mean,sim,dispersion_mode_1,2.8672804543714,2.86728,-4.543714000604382e-07,-58.99813082243047,68.25208482215879,touchstone_ri,2.8672804543714,1.0,,,
260519_2dsweep_1p5cell,sim,06_2_TDS-KyhlTune-260519_109.s2p,,S21,f_mean,sim,dispersion_mode_1,2.8672804543714,2.86728,-4.543714000604382e-07,-59.00912928271157,68.242802307136,touchstone_ri,2.8672804543714,1.0,,,
260519_2dsweep_1p5cell,sim,06_2_TDS-KyhlTune-260519_109.s2p,,S22,f_mean,sim,dispersion_mode_1,2.8672804543714,2.86728,-4.543714000604382e-07,-4.737051925237218e-06,3.378347047867525,touchstone_ri,2.8672804543714,1.0,,,
260519_2dsweep_1p5cell,sim,06_2_TDS-KyhlTune-260519_11.s2p,,S11,f_mean,sim,dispersion_mode_1,2.8672804543714,2.86728,-4.543714000604382e-07,-4.4492291055116715e-05,-43.22257701660708,touchstone_ri,2.8672804543714,1.0,,,
260519_2dsweep_1p5cell,sim,06_2_TDS-KyhlTune-260519_11.s2p,,S12,f_mean,sim,dispersion_mode_1,2.8672804543714,2.86728,-4.543714000604382e-07,-57.231420257090655,77.00029524279937,touchstone_ri,2.8672804543714,1.0,,,
260519_2dsweep_1p5cell,sim,06_2_TDS-KyhlTune-260519_11.s2p,,S21,f_mean,sim,dispersion_mode_1,2.8672804543714,2.86728,-4.543714000604382e-07,-57.24271173630833,76.97327155514249,touchstone_ri,2.8672804543714,1.0,,,
260519_2dsweep_1p5cell,sim,06_2_TDS-KyhlTune-260519_11.s2p,,S22,f_mean,sim,dispersion_mode_1,2.8672804543714,2.86728,-4.543714000604382e-07,-9.24557169968592e-06,17.258578717931297,touchstone_ri,2.8672804543714,1.0,,,
260519_2dsweep_1p5cell,sim,06_2_TDS-KyhlTune-260519_110.s2p,,S11,f_mean,sim,dispersion_mode_1,2.8672804543714,2.86728,-4.543714000604382e-07,4.51744283330559e-05,-47.647059015662464,touchstone_ri,2.8672804543714,1.0,,,
260519_2dsweep_1p5cell,sim,06_2_TDS-KyhlTune-260519_110.s2p,,S12,f_mean,sim,dispersion_mode_1,2.8672804543714,2.86728,-4.543714000604382e-07,-58.747098028313275,67.55390553622982,touchstone_ri,2.8672804543714,1.0,,,
260519_2dsweep_1p5cell,sim,06_2_TDS-KyhlTune-260519_110.s2p,,S21,f_mean,sim,dispersion_mode_1,2.8672804543714,2.86728,-4.543714000604382e-07,-58.74908376216557,67.49169458390853,touchstone_ri,2.8672804543714,1.0,,,
260519_2dsweep_1p5cell,sim,06_2_TDS-KyhlTune-260519_110.s2p,,S22,f_mean,sim,dispersion_mode_1,2.8672804543714,2.86728,-4.543714000604382e-07,-5.603562945032495e-06,2.6149837900971664,touchstone_ri,2.8672804543714,1.0,,,
260519_2dsweep_1p5cell,sim,06_2_TDS-KyhlTune-260519_111.s2p,,S11,f_mean,sim,dispersion_mode_1,2.8672804543714,2.86728,-4.543714000604382e-07,-8.546356227388539e-06,-48.53027003873077,touchstone_ri,2.8672804543714,1.0,,,
260519_2dsweep_1p5cell,sim,06_2_TDS-KyhlTune-260519_111.s2p,,S12,f_mean,sim,dispersion_mode_1,2.8672804543714,2.86728,-4.543714000604382e-07,-58.86181304798878,66.72006943579623,touchstone_ri,2.8672804543714,1.0,,,
260519_2dsweep_1p5cell,sim,06_2_TDS-KyhlTune-260519_111.s2p,,S21,f_mean,sim,dispersion_mode_1,2.8672804543714,2.86728,-4.543714000604382e-07,-58.86423800934126,66.69903550123094,touchstone_ri,2.8672804543714,1.0,,,
260519_2dsweep_1p5cell,sim,06_2_TDS-KyhlTune-260519_111.s2p,,S22,f_mean,sim,dispersion_mode_1,2.8672804543714,2.86728,-4.543714000604382e-07,-2.7002810332063617e-06,1.9085818297574315,touchstone_ri,2.8672804543714,1.0,,,
260519_2dsweep_1p5cell,sim,06_2_TDS-KyhlTune-260519_112.s2p,,S11,f_mean,sim,dispersion_mode_1,2.8672804543714,2.86728,-4.543714000604382e-07,-0.0002085006425698411,-49.442662266701674,touchstone_ri,2.8672804543714,1.0,,,
260519_2dsweep_1p5cell,sim,06_2_TDS-KyhlTune-260519_112.s2p,,S12,f_mean,sim,dispersion_mode_1,2.8672804543714,2.86728,-4.543714000604382e-07,-58.76417687061307,66.14599442834938,touchstone_ri,2.8672804543714,1.0,,,
260519_2dsweep_1p5cell,sim,06_2_TDS-KyhlTune-260519_112.s2p,,S21,f_mean,sim,dispersion_mode_1,2.8672804543714,2.86728,-4.543714000604382e-07,-58.7689663412392,65.98358305226823,touchstone_ri,2.8672804543714,1.0,,,
260519_2dsweep_1p5cell,sim,06_2_TDS-KyhlTune-260519_112.s2p,,S22,f_mean,sim,dispersion_mode_1,2.8672804543714,2.86728,-4.543714000604382e-07,-2.8022503565536654e-06,1.2603879005292673,touchstone_ri,2.8672804543714,1.0,,,
260519_2dsweep_1p5cell,sim,06_2_TDS-KyhlTune-260519_113.s2p,,S11,f_mean,sim,dispersion_mode_1,2.8672804543714,2.86728,-4.543714000604382e-07,-0.0005891622402075231,-42.08281259615846,touchstone_ri,2.8672804543714,1.0,,,
260519_2dsweep_1p5cell,sim,06_2_TDS-KyhlTune-260519_113.s2p,,S12,f_mean,sim,dispersion_mode_1,2.8672804543714,2.86728,-4.543714000604382e-07,-58.95826706540791,73.51296062838433,touchstone_ri,2.8672804543714,1.0,,,
260519_2dsweep_1p5cell,sim,06_2_TDS-KyhlTune-260519_113.s2p,,S21,f_mean,sim,dispersion_mode_1,2.8672804543714,2.86728,-4.543714000604382e-07,-58.961277311069125,73.46997610441427,touchstone_ri,2.8672804543714,1.0,,,
260519_2dsweep_1p5cell,sim,06_2_TDS-KyhlTune-260519_113.s2p,,S22,f_mean,sim,dispersion_mode_1,2.8672804543714,2.86728,-4.543714000604382e-07,-6.996307518930027e-06,9.146092228336647,touchstone_ri,2.8672804543714,1.0,,,
260519_2dsweep_1p5cell,sim,06_2_TDS-KyhlTune-260519_114.s2p,,S11,f_mean,sim,dispersion_mode_1,2.8672804543714,2.86728,-4.543714000604382e-07,3.34647157910061e-07,-42.75370009749403,touchstone_ri,2.8672804543714,1.0,,,
260519_2dsweep_1p5cell,sim,06_2_TDS-KyhlTune-260519_114.s2p,,S12,f_mean,sim,dispersion_mode_1,2.8672804543714,2.86728,-4.543714000604382e-07,-59.393377225892095,72.50453067830743,touchstone_ri,2.8672804543714,1.0,,,
260519_2dsweep_1p5cell,sim,06_2_TDS-KyhlTune-260519_114.s2p,,S21,f_mean,sim,dispersion_mode_1,2.8672804543714,2.86728,-4.543714000604382e-07,-59.338959568684984,72.55247934978432,touchstone_ri,2.8672804543714,1.0,,,
260519_2dsweep_1p5cell,sim,06_2_TDS-KyhlTune-260519_114.s2p,,S22,f_mean,sim,dispersion_mode_1,2.8672804543714,2.86728,-4.543714000604382e-07,-1.7382173100473394e-06,7.796605905208864,touchstone_ri,2.8672804543714,1.0,,,
260519_2dsweep_1p5cell,sim,06_2_TDS-KyhlTune-260519_115.s2p,,S11,f_mean,sim,dispersion_mode_1,2.8672804543714,2.86728,-4.543714000604382e-07,-0.0004824627419559145,-43.44032075751386,touchstone_ri,2.8672804543714,1.0,,,
260519_2dsweep_1p5cell,sim,06_2_TDS-KyhlTune-260519_115.s2p,,S12,f_mean,sim,dispersion_mode_1,2.8672804543714,2.86728,-4.543714000604382e-07,-59.639135173260996,71.58807495630981,touchstone_ri,2.8672804543714,1.0,,,
260519_2dsweep_1p5cell,sim,06_2_TDS-KyhlTune-260519_115.s2p,,S21,f_mean,sim,dispersion_mode_1,2.8672804543714,2.86728,-4.543714000604382e-07,-59.66202629365776,71.55285555116366,touchstone_ri,2.8672804543714,1.0,,,
260519_2dsweep_1p5cell,sim,06_2_TDS-KyhlTune-260519_115.s2p,,S22,f_mean,sim,dispersion_mode_1,2.8672804543714,2.86728,-4.543714000604382e-07,-1.7188953274799355e-06,6.578652909960564,touchstone_ri,2.8672804543714,1.0,,,
260519_2dsweep_1p5cell,sim,06_2_TDS-KyhlTune-260519_116.s2p,,S11,f_mean,sim,dispersion_mode_1,2.8672804543714,2.86728,-4.543714000604382e-07,-9.003556742290075e-07,-44.208110993752264,touchstone_ri,2.8672804543714,1.0,,,
260519_2dsweep_1p5cell,sim,06_2_TDS-KyhlTune-260519_116.s2p,,S12,f_mean,sim,dispersion_mode_1,2.8672804543714,2.86728,-4.543714000604382e-07,-58.94372578423283,70.6662651714707,touchstone_ri,2.8672804543714,1.0,,,
260519_2dsweep_1p5cell,sim,06_2_TDS-KyhlTune-260519_116.s2p,,S21,f_mean,sim,dispersion_mode_1,2.8672804543714,2.86728,-4.543714000604382e-07,-58.94127669526037,70.61293891522192,touchstone_ri,2.8672804543714,1.0,,,
260519_2dsweep_1p5cell,sim,06_2_TDS-KyhlTune-260519_116.s2p,,S22,f_mean,sim,dispersion_mode_1,2.8672804543714,2.86728,-4.543714000604382e-07,-6.166799636114652e-06,5.44125041993457,touchstone_ri,2.8672804543714,1.0,,,
260519_2dsweep_1p5cell,sim,06_2_TDS-KyhlTune-260519_117.s2p,,S11,f_mean,sim,dispersion_mode_1,2.8672804543714,2.86728,-4.543714000604382e-07,-0.0003672447888959468,-44.91633129795723,touchstone_ri,2.8672804543714,1.0,,,
260519_2dsweep_1p5cell,sim,06_2_TDS-KyhlTune-260519_117.s2p,,S12,f_mean,sim,dispersion_mode_1,2.8672804543714,2.86728,-4.543714000604382e-07,-59.177652378279156,69.78029626522068,touchstone_ri,2.8672804543714,1.0,,,
260519_2dsweep_1p5cell,sim,06_2_TDS-KyhlTune-260519_117.s2p,,S21,f_mean,sim,dispersion_mode_1,2.8672804543714,2.86728,-4.543714000604382e-07,-59.18446534809035,69.77572958738689,touchstone_ri,2.8672804543714,1.0,,,
260519_2dsweep_1p5cell,sim,06_2_TDS-KyhlTune-260519_117.s2p,,S22,f_mean,sim,dispersion_mode_1,2.8672804543714,2.86728,-4.543714000604382e-07,-2.102660714380931e-06,4.428475539391621,touchstone_ri,2.8672804543714,1.0,,,
260519_2dsweep_1p5cell,sim,06_2_TDS-KyhlTune-260519_118.s2p,,S11,f_mean,sim,dispersion_mode_1,2.8672804543714,2.86728,-4.543714000604382e-07,-3.386064740199371e-05,-46.51671429147635,touchstone_ri,2.8672804543714,1.0,,,
260519_2dsweep_1p5cell,sim,06_2_TDS-KyhlTune-260519_118.s2p,,S12,f_mean,sim,dispersion_mode_1,2.8672804543714,2.86728,-4.543714000604382e-07,-59.34985975760181,68.12039714870869,touchstone_ri,2.8672804543714,1.0,,,
260519_2dsweep_1p5cell,sim,06_2_TDS-KyhlTune-260519_118.s2p,,S21,f_mean,sim,dispersion_mode_1,2.8672804543714,2.86728,-4.543714000604382e-07,-59.36408091958561,68.13428810624731,touchstone_ri,2.8672804543714,1.0,,,
260519_2dsweep_1p5cell,sim,06_2_TDS-KyhlTune-260519_118.s2p,,S22,f_mean,sim,dispersion_mode_1,2.8672804543714,2.86728,-4.543714000604382e-07,-2.20475866817176e-06,2.74348738572436,touchstone_ri,2.8672804543714,1.0,,,
260519_2dsweep_1p5cell,sim,06_2_TDS-KyhlTune-260519_119.s2p,,S11,f_mean,sim,dispersion_mode_1,2.8672804543714,2.86728,-4.543714000604382e-07,-0.00027853062216807295,-47.2600497799119,touchstone_ri,2.8672804543714,1.0,,,
260519_2dsweep_1p5cell,sim,06_2_TDS-KyhlTune-260519_119.s2p,,S12,f_mean,sim,dispersion_mode_1,2.8672804543714,2.86728,-4.543714000604382e-07,-59.30322093704266,67.41093626462391,touchstone_ri,2.8672804543714,1.0,,,
260519_2dsweep_1p5cell,sim,06_2_TDS-KyhlTune-260519_119.s2p,,S21,f_mean,sim,dispersion_mode_1,2.8672804543714,2.86728,-4.543714000604382e-07,-59.3158038995159,67.38580301201529,touchstone_ri,2.8672804543714,1.0,,,
260519_2dsweep_1p5cell,sim,06_2_TDS-KyhlTune-260519_119.s2p,,S22,f_mean,sim,dispersion_mode_1,2.8672804543714,2.86728,-4.543714000604382e-07,-2.2982541178501945e-06,1.9831017961067912,touchstone_ri,2.8672804543714,1.0,,,
260519_2dsweep_1p5cell,sim,06_2_TDS-KyhlTune-260519_12.s2p,,S11,f_mean,sim,dispersion_mode_1,2.8672804543714,2.86728,-4.543714000604382e-07,-5.3634646788333e-05,-44.367484502565034,touchstone_ri,2.8672804543714,1.0,,,
260519_2dsweep_1p5cell,sim,06_2_TDS-KyhlTune-260519_12.s2p,,S12,f_mean,sim,dispersion_mode_1,2.8672804543714,2.86728,-4.543714000604382e-07,-56.714495408667275,75.33795298218992,touchstone_ri,2.8672804543714,1.0,,,
260519_2dsweep_1p5cell,sim,06_2_TDS-KyhlTune-260519_12.s2p,,S21,f_mean,sim,dispersion_mode_1,2.8672804543714,2.86728,-4.543714000604382e-07,-56.70873301397036,75.43920210171056,touchstone_ri,2.8672804543714,1.0,,,
260519_2dsweep_1p5cell,sim,06_2_TDS-KyhlTune-260519_12.s2p,,S22,f_mean,sim,dispersion_mode_1,2.8672804543714,2.86728,-4.543714000604382e-07,-5.1520614096551676e-06,15.24677112810308,touchstone_ri,2.8672804543714,1.0,,,
260519_2dsweep_1p5cell,sim,06_2_TDS-KyhlTune-260519_120.s2p,,S11,f_mean,sim,dispersion_mode_1,2.8672804543714,2.86728,-4.543714000604382e-07,-0.00046775294152211786,-48.181777556886836,touchstone_ri,2.8672804543714,1.0,,,
260519_2dsweep_1p5cell,sim,06_2_TDS-KyhlTune-260519_120.s2p,,S12,f_mean,sim,dispersion_mode_1,2.8672804543714,2.86728,-4.543714000604382e-07,-59.429164853573326,66.51664205989623,touchstone_ri,2.8672804543714,1.0,,,
260519_2dsweep_1p5cell,sim,06_2_TDS-KyhlTune-260519_120.s2p,,S21,f_mean,sim,dispersion_mode_1,2.8672804543714,2.86728,-4.543714000604382e-07,-59.41964125644762,66.5823282930243,touchstone_ri,2.8672804543714,1.0,,,
260519_2dsweep_1p5cell,sim,06_2_TDS-KyhlTune-260519_120.s2p,,S22,f_mean,sim,dispersion_mode_1,2.8672804543714,2.86728,-4.543714000604382e-07,-2.3483681438512105e-06,1.2923202128423805,touchstone_ri,2.8672804543714,1.0,,,
260519_2dsweep_1p5cell,sim,06_2_TDS-KyhlTune-260519_121.s2p,,S11,f_mean,sim,dispersion_mode_1,2.8672804543714,2.86728,-4.543714000604382e-07,2.119156555302675e-05,-48.97320150238882,touchstone_ri,2.8672804543714,1.0,,,
260519_2dsweep_1p5cell,sim,06_2_TDS-KyhlTune-260519_121.s2p,,S12,f_mean,sim,dispersion_mode_1,2.8672804543714,2.86728,-4.543714000604382e-07,-59.72015852078844,65.98973483473144,touchstone_ri,2.8672804543714,1.0,,,
260519_2dsweep_1p5cell,sim,06_2_TDS-KyhlTune-260519_121.s2p,,S21,f_mean,sim,dispersion_mode_1,2.8672804543714,2.86728,-4.543714000604382e-07,-59.70924768092515,65.86662326942971,touchstone_ri,2.8672804543714,1.0,,,
260519_2dsweep_1p5cell,sim,06_2_TDS-KyhlTune-260519_121.s2p,,S22,f_mean,sim,dispersion_mode_1,2.8672804543714,2.86728,-4.543714000604382e-07,-2.2383069841785047e-06,0.6683551792756796,touchstone_ri,2.8672804543714,1.0,,,
260519_2dsweep_1p5cell,sim,06_2_TDS-KyhlTune-260519_122.s2p,,S11,f_mean,sim,dispersion_mode_1,2.8672804543714,2.86728,-4.543714000604382e-07,-0.00032623212746042885,-49.86833250610921,touchstone_ri,2.8672804543714,1.0,,,
260519_2dsweep_1p5cell,sim,06_2_TDS-KyhlTune-260519_122.s2p,,S12,f_mean,sim,dispersion_mode_1,2.8672804543714,2.86728,-4.543714000604382e-07,-59.46012236950433,65.08397496881801,touchstone_ri,2.8672804543714,1.0,,,
260519_2dsweep_1p5cell,sim,06_2_TDS-KyhlTune-260519_122.s2p,,S21,f_mean,sim,dispersion_mode_1,2.8672804543714,2.86728,-4.543714000604382e-07,-59.440398834636305,65.24369003483503,touchstone_ri,2.8672804543714,1.0,,,
260519_2dsweep_1p5cell,sim,06_2_TDS-KyhlTune-260519_122.s2p,,S22,f_mean,sim,dispersion_mode_1,2.8672804543714,2.86728,-4.543714000604382e-07,-2.468306275574817e-06,0.1033177056776222,touchstone_ri,2.8672804543714,1.0,,,
260519_2dsweep_1p5cell,sim,06_2_TDS-KyhlTune-260519_123.s2p,,S11,f_mean,sim,dispersion_mode_1,2.8672804543714,2.86728,-4.543714000604382e-07,-0.00045315047157086703,-42.31422174981484,touchstone_ri,2.8672804543714,1.0,,,
260519_2dsweep_1p5cell,sim,06_2_TDS-KyhlTune-260519_123.s2p,,S12,f_mean,sim,dispersion_mode_1,2.8672804543714,2.86728,-4.543714000604382e-07,-59.58149794255887,72.31071286224656,touchstone_ri,2.8672804543714,1.0,,,
260519_2dsweep_1p5cell,sim,06_2_TDS-KyhlTune-260519_123.s2p,,S21,f_mean,sim,dispersion_mode_1,2.8672804543714,2.86728,-4.543714000604382e-07,-59.582489789205525,72.28885677441868,touchstone_ri,2.8672804543714,1.0,,,
260519_2dsweep_1p5cell,sim,06_2_TDS-KyhlTune-260519_123.s2p,,S22,f_mean,sim,dispersion_mode_1,2.8672804543714,2.86728,-4.543714000604382e-07,-1.5901249581467387e-06,6.88266044868042,touchstone_ri,2.8672804543714,1.0,,,
260519_2dsweep_1p5cell,sim,06_2_TDS-KyhlTune-260519_124.s2p,,S11,f_mean,sim,dispersion_mode_1,2.8672804543714,2.86728,-4.543714000604382e-07,3.6521414048894425e-05,-43.09509485516229,touchstone_ri,2.8672804543714,1.0,,,
260519_2dsweep_1p5cell,sim,06_2_TDS-KyhlTune-260519_124.s2p,,S12,f_mean,sim,dispersion_mode_1,2.8672804543714,2.86728,-4.543714000604382e-07,-59.46864169043054,71.26856941014903,touchstone_ri,2.8672804543714,1.0,,,
260519_2dsweep_1p5cell,sim,06_2_TDS-KyhlTune-260519_124.s2p,,S21,f_mean,sim,dispersion_mode_1,2.8672804543714,2.86728,-4.543714000604382e-07,-59.47678444751812,71.31785252755513,touchstone_ri,2.8672804543714,1.0,,,
260519_2dsweep_1p5cell,sim,06_2_TDS-KyhlTune-260519_124.s2p,,S22,f_mean,sim,dispersion_mode_1,2.8672804543714,2.86728,-4.543714000604382e-07,-1.7475720925991267e-06,5.708728926028152,touchstone_ri,2.8672804543714,1.0,,,
260519_2dsweep_1p5cell,sim,06_2_TDS-KyhlTune-260519_125.s2p,,S11,f_mean,sim,dispersion_mode_1,2.8672804543714,2.86728,-4.543714000604382e-07,-5.5525206471355266e-05,-45.748908476670806,touchstone_ri,2.8672804543714,1.0,,,
260519_2dsweep_1p5cell,sim,06_2_TDS-KyhlTune-260519_125.s2p,,S12,f_mean,sim,dispersion_mode_1,2.8672804543714,2.86728,-4.543714000604382e-07,-58.817994606104975,68.86197503404843,touchstone_ri,2.8672804543714,1.0,,,
260519_2dsweep_1p5cell,sim,06_2_TDS-KyhlTune-260519_125.s2p,,S21,f_mean,sim,dispersion_mode_1,2.8672804543714,2.86728,-4.543714000604382e-07,-58.815955614353044,68.88728634404076,touchstone_ri,2.8672804543714,1.0,,,
260519_2dsweep_1p5cell,sim,06_2_TDS-KyhlTune-260519_125.s2p,,S22,f_mean,sim,dispersion_mode_1,2.8672804543714,2.86728,-4.543714000604382e-07,-2.9157975403678716e-06,3.5303104256881985,touchstone_ri,2.8672804543714,1.0,,,
260519_2dsweep_1p5cell,sim,06_2_TDS-KyhlTune-260519_126.s2p,,S11,f_mean,sim,dispersion_mode_1,2.8672804543714,2.86728,-4.543714000604382e-07,-8.002270246273182e-05,-43.83844673765044,touchstone_ri,2.8672804543714,1.0,,,
260519_2dsweep_1p5cell,sim,06_2_TDS-KyhlTune-260519_126.s2p,,S12,f_mean,sim,dispersion_mode_1,2.8672804543714,2.86728,-4.543714000604382e-07,-59.715213929035784,70.39245800974484,touchstone_ri,2.8672804543714,1.0,,,
260519_2dsweep_1p5cell,sim,06_2_TDS-KyhlTune-260519_126.s2p,,S21,f_mean,sim,dispersion_mode_1,2.8672804543714,2.86728,-4.543714000604382e-07,-59.705075469073414,70.42486214391927,touchstone_ri,2.8672804543714,1.0,,,
260519_2dsweep_1p5cell,sim,06_2_TDS-KyhlTune-260519_126.s2p,,S22,f_mean,sim,dispersion_mode_1,2.8672804543714,2.86728,-4.543714000604382e-07,-1.745499388905275e-06,4.6461599285762665,touchstone_ri,2.8672804543714,1.0,,,
260519_2dsweep_1p5cell,sim,06_2_TDS-KyhlTune-260519_127.s2p,,S11,f_mean,sim,dispersion_mode_1,2.8672804543714,2.86728,-4.543714000604382e-07,-0.0003465901211718836,-44.42095113439497,touchstone_ri,2.8672804543714,1.0,,,
260519_2dsweep_1p5cell,sim,06_2_TDS-KyhlTune-260519_127.s2p,,S12,f_mean,sim,dispersion_mode_1,2.8672804543714,2.86728,-4.543714000604382e-07,-58.75500372995041,69.71726397275413,touchstone_ri,2.8672804543714,1.0,,,
260519_2dsweep_1p5cell,sim,06_2_TDS-KyhlTune-260519_127.s2p,,S21,f_mean,sim,dispersion_mode_1,2.8672804543714,2.86728,-4.543714000604382e-07,-58.749164834863336,69.6553801351119,touchstone_ri,2.8672804543714,1.0,,,
260519_2dsweep_1p5cell,sim,06_2_TDS-KyhlTune-260519_127.s2p,,S22,f_mean,sim,dispersion_mode_1,2.8672804543714,2.86728,-4.543714000604382e-07,-1.7749421345716542e-05,3.693911404730255,touchstone_ri,2.8672804543714,1.0,,,
260519_2dsweep_1p5cell,sim,06_2_TDS-KyhlTune-260519_128.s2p,,S11,f_mean,sim,dispersion_mode_1,2.8672804543714,2.86728,-4.543714000604382e-07,-4.464462959778354e-06,-45.3850264744334,touchstone_ri,2.8672804543714,1.0,,,
260519_2dsweep_1p5cell,sim,06_2_TDS-KyhlTune-260519_128.s2p,,S12,f_mean,sim,dispersion_mode_1,2.8672804543714,2.86728,-4.543714000604382e-07,-59.16817796467544,68.76355129805431,touchstone_ri,2.8672804543714,1.0,,,
260519_2dsweep_1p5cell,sim,06_2_TDS-KyhlTune-260519_128.s2p,,S21,f_mean,sim,dispersion_mode_1,2.8672804543714,2.86728,-4.543714000604382e-07,-59.186898465412455,68.726871824678,touchstone_ri,2.8672804543714,1.0,,,
260519_2dsweep_1p5cell,sim,06_2_TDS-KyhlTune-260519_128.s2p,,S22,f_mean,sim,dispersion_mode_1,2.8672804543714,2.86728,-4.543714000604382e-07,-2.1603438747089437e-06,2.832743579824148,touchstone_ri,2.8672804543714,1.0,,,
260519_2dsweep_1p5cell,sim,06_2_TDS-KyhlTune-260519_129.s2p,,S11,f_mean,sim,dispersion_mode_1,2.8672804543714,2.86728,-4.543714000604382e-07,-2.6326564813438465e-06,-46.03218664589692,touchstone_ri,2.8672804543714,1.0,,,
260519_2dsweep_1p5cell,sim,06_2_TDS-KyhlTune-260519_129.s2p,,S12,f_mean,sim,dispersion_mode_1,2.8672804543714,2.86728,-4.543714000604382e-07,-59.84378020085521,67.9675938252446,touchstone_ri,2.8672804543714,1.0,,,
260519_2dsweep_1p5cell,sim,06_2_TDS-KyhlTune-260519_129.s2p,,S21,f_mean,sim,dispersion_mode_1,2.8672804543714,2.86728,-4.543714000604382e-07,-59.82832258683983,68.06892699710322,touchstone_ri,2.8672804543714,1.0,,,
260519_2dsweep_1p5cell,sim,06_2_TDS-KyhlTune-260519_129.s2p,,S22,f_mean,sim,dispersion_mode_1,2.8672804543714,2.86728,-4.543714000604382e-07,-1.9211769982219757e-06,2.03779046800238,touchstone_ri,2.8672804543714,1.0,,,
260519_2dsweep_1p5cell,sim,06_2_TDS-KyhlTune-260519_13.s2p,,S11,f_mean,sim,dispersion_mode_1,2.8672804543714,2.86728,-4.543714000604382e-07,-7.681841400341617e-05,-44.73384657055951,touchstone_ri,2.8672804543714,1.0,,,
260519_2dsweep_1p5cell,sim,06_2_TDS-KyhlTune-260519_13.s2p,,S12,f_mean,sim,dispersion_mode_1,2.8672804543714,2.86728,-4.543714000604382e-07,-57.47163770212804,74.4735001084048,touchstone_ri,2.8672804543714,1.0,,,
260519_2dsweep_1p5cell,sim,06_2_TDS-KyhlTune-260519_13.s2p,,S21,f_mean,sim,dispersion_mode_1,2.8672804543714,2.86728,-4.543714000604382e-07,-57.43481438878632,74.58093274978253,touchstone_ri,2.8672804543714,1.0,,,
260519_2dsweep_1p5cell,sim,06_2_TDS-KyhlTune-260519_13.s2p,,S22,f_mean,sim,dispersion_mode_1,2.8672804543714,2.86728,-4.543714000604382e-07,-7.309203028665715e-06,13.757011900255762,touchstone_ri,2.8672804543714,1.0,,,
260519_2dsweep_1p5cell,sim,06_2_TDS-KyhlTune-260519_130.s2p,,S11,f_mean,sim,dispersion_mode_1,2.8672804543714,2.86728,-4.543714000604382e-07,-0.00011084289071366311,-46.85174036878295,touchstone_ri,2.8672804543714,1.0,,,
260519_2dsweep_1p5cell,sim,06_2_TDS-KyhlTune-260519_130.s2p,,S12,f_mean,sim,dispersion_mode_1,2.8672804543714,2.86728,-4.543714000604382e-07,-59.433534567487925,67.2556111491752,touchstone_ri,2.8672804543714,1.0,,,
260519_2dsweep_1p5cell,sim,06_2_TDS-KyhlTune-260519_130.s2p,,S21,f_mean,sim,dispersion_mode_1,2.8672804543714,2.86728,-4.543714000604382e-07,-59.43999519700752,67.27121961656492,touchstone_ri,2.8672804543714,1.0,,,
260519_2dsweep_1p5cell,sim,06_2_TDS-KyhlTune-260519_130.s2p,,S22,f_mean,sim,dispersion_mode_1,2.8672804543714,2.86728,-4.543714000604382e-07,-2.1936536052610547e-06,1.331982540627171,touchstone_ri,2.8672804543714,1.0,,,
260519_2dsweep_1p5cell,sim,06_2_TDS-KyhlTune-260519_131.s2p,,S11,f_mean,sim,dispersion_mode_1,2.8672804543714,2.86728,-4.543714000604382e-07,2.8486931164570166e-06,-47.69454413172111,touchstone_ri,2.8672804543714,1.0,,,
260519_2dsweep_1p5cell,sim,06_2_TDS-KyhlTune-260519_131.s2p,,S12,f_mean,sim,dispersion_mode_1,2.8672804543714,2.86728,-4.543714000604382e-07,-60.17434271055019,66.51360648769622,touchstone_ri,2.8672804543714,1.0,,,
260519_2dsweep_1p5cell,sim,06_2_TDS-KyhlTune-260519_131.s2p,,S21,f_mean,sim,dispersion_mode_1,2.8672804543714,2.86728,-4.543714000604382e-07,-60.19810087629041,66.41653836458573,touchstone_ri,2.8672804543714,1.0,,,
260519_2dsweep_1p5cell,sim,06_2_TDS-KyhlTune-260519_131.s2p,,S22,f_mean,sim,dispersion_mode_1,2.8672804543714,2.86728,-4.543714000604382e-07,-1.9346564062214575e-06,0.6532019550304216,touchstone_ri,2.8672804543714,1.0,,,
260519_2dsweep_1p5cell,sim,06_2_TDS-KyhlTune-260519_132.s2p,,S11,f_mean,sim,dispersion_mode_1,2.8672804543714,2.86728,-4.543714000604382e-07,1.030086920831172e-05,-48.520407889683526,touchstone_ri,2.8672804543714,1.0,,,
260519_2dsweep_1p5cell,sim,06_2_TDS-KyhlTune-260519_132.s2p,,S12,f_mean,sim,dispersion_mode_1,2.8672804543714,2.86728,-4.543714000604382e-07,-60.20502804773947,65.84931909422463,touchstone_ri,2.8672804543714,1.0,,,
260519_2dsweep_1p5cell,sim,06_2_TDS-KyhlTune-260519_132.s2p,,S21,f_mean,sim,dispersion_mode_1,2.8672804543714,2.86728,-4.543714000604382e-07,-60.19873781690637,65.73899599809315,touchstone_ri,2.8672804543714,1.0,,,
260519_2dsweep_1p5cell,sim,06_2_TDS-KyhlTune-260519_132.s2p,,S22,f_mean,sim,dispersion_mode_1,2.8672804543714,2.86728,-4.543714000604382e-07,-1.9798521284485127e-06,0.033902564042082445,touchstone_ri,2.8672804543714,1.0,,,
260519_2dsweep_1p5cell,sim,06_2_TDS-KyhlTune-260519_133.s2p,,S11,f_mean,sim,dispersion_mode_1,2.8672804543714,2.86728,-4.543714000604382e-07,-1.0283270154322208e-05,-49.47635299914268,touchstone_ri,2.8672804543714,1.0,,,
260519_2dsweep_1p5cell,sim,06_2_TDS-KyhlTune-260519_133.s2p,,S12,f_mean,sim,dispersion_mode_1,2.8672804543714,2.86728,-4.543714000604382e-07,-59.747786202433595,65.10338390032412,touchstone_ri,2.8672804543714,1.0,,,
260519_2dsweep_1p5cell,sim,06_2_TDS-KyhlTune-260519_133.s2p,,S21,f_mean,sim,dispersion_mode_1,2.8672804543714,2.86728,-4.543714000604382e-07,-59.759570555652886,64.97120831237234,touchstone_ri,2.8672804543714,1.0,,,
260519_2dsweep_1p5cell,sim,06_2_TDS-KyhlTune-260519_133.s2p,,S22,f_mean,sim,dispersion_mode_1,2.8672804543714,2.86728,-4.543714000604382e-07,-7.517953052996922e-06,-0.5234200133105014,touchstone_ri,2.8672804543714,1.0,,,
260519_2dsweep_1p5cell,sim,06_2_TDS-KyhlTune-260519_134.s2p,,S11,f_mean,sim,dispersion_mode_1,2.8672804543714,2.86728,-4.543714000604382e-07,-0.00042586011785124885,-50.30691452361816,touchstone_ri,2.8672804543714,1.0,,,
260519_2dsweep_1p5cell,sim,06_2_TDS-KyhlTune-260519_134.s2p,,S12,f_mean,sim,dispersion_mode_1,2.8672804543714,2.86728,-4.543714000604382e-07,-58.85480066957502,64.31883524346914,touchstone_ri,2.8672804543714,1.0,,,
260519_2dsweep_1p5cell,sim,06_2_TDS-KyhlTune-260519_134.s2p,,S21,f_mean,sim,dispersion_mode_1,2.8672804543714,2.86728,-4.543714000604382e-07,-58.72547024569946,64.64423756248557,touchstone_ri,2.8672804543714,1.0,,,
260519_2dsweep_1p5cell,sim,06_2_TDS-KyhlTune-260519_134.s2p,,S22,f_mean,sim,dispersion_mode_1,2.8672804543714,2.86728,-4.543714000604382e-07,-2.874198830163747e-06,-1.0564321543348232,touchstone_ri,2.8672804543714,1.0,,,
260519_2dsweep_1p5cell,sim,06_2_TDS-KyhlTune-260519_135.s2p,,S11,f_mean,sim,dispersion_mode_1,2.8672804543714,2.86728,-4.543714000604382e-07,1.4617426274558787e-05,-42.562316288760236,touchstone_ri,2.8672804543714,1.0,,,
260519_2dsweep_1p5cell,sim,06_2_TDS-KyhlTune-260519_135.s2p,,S12,f_mean,sim,dispersion_mode_1,2.8672804543714,2.86728,-4.543714000604382e-07,-60.454638085843555,71.09681507220031,touchstone_ri,2.8672804543714,1.0,,,
260519_2dsweep_1p5cell,sim,06_2_TDS-KyhlTune-260519_135.s2p,,S21,f_mean,sim,dispersion_mode_1,2.8672804543714,2.86728,-4.543714000604382e-07,-60.4399854830223,71.17239531070202,touchstone_ri,2.8672804543714,1.0,,,
260519_2dsweep_1p5cell,sim,06_2_TDS-KyhlTune-260519_135.s2p,,S22,f_mean,sim,dispersion_mode_1,2.8672804543714,2.86728,-4.543714000604382e-07,-4.752648309494098e-06,4.8030508252661015,touchstone_ri,2.8672804543714,1.0,,,
260519_2dsweep_1p5cell,sim,06_2_TDS-KyhlTune-260519_136.s2p,,S11,f_mean,sim,dispersion_mode_1,2.8672804543714,2.86728,-4.543714000604382e-07,4.3842550917771605e-05,-43.31826991736566,touchstone_ri,2.8672804543714,1.0,,,
260519_2dsweep_1p5cell,sim,06_2_TDS-KyhlTune-260519_136.s2p,,S12,f_mean,sim,dispersion_mode_1,2.8672804543714,2.86728,-4.543714000604382e-07,-59.31485692396299,70.33660833148654,touchstone_ri,2.8672804543714,1.0,,,
260519_2dsweep_1p5cell,sim,06_2_TDS-KyhlTune-260519_136.s2p,,S21,f_mean,sim,dispersion_mode_1,2.8672804543714,2.86728,-4.543714000604382e-07,-59.35446669599575,70.21318230473483,touchstone_ri,2.8672804543714,1.0,,,
260519_2dsweep_1p5cell,sim,06_2_TDS-KyhlTune-260519_136.s2p,,S22,f_mean,sim,dispersion_mode_1,2.8672804543714,2.86728,-4.543714000604382e-07,-1.8235405425111517e-06,3.8040471440734125,touchstone_ri,2.8672804543714,1.0,,,
260519_2dsweep_1p5cell,sim,06_2_TDS-KyhlTune-260519_137.s2p,,S11,f_mean,sim,dispersion_mode_1,2.8672804543714,2.86728,-4.543714000604382e-07,-7.117895139407707e-05,-43.98085400145431,touchstone_ri,2.8672804543714,1.0,,,
260519_2dsweep_1p5cell,sim,06_2_TDS-KyhlTune-260519_137.s2p,,S12,f_mean,sim,dispersion_mode_1,2.8672804543714,2.86728,-4.543714000604382e-07,-59.62065702659287,69.46978551890346,touchstone_ri,2.8672804543714,1.0,,,
260519_2dsweep_1p5cell,sim,06_2_TDS-KyhlTune-260519_137.s2p,,S21,f_mean,sim,dispersion_mode_1,2.8672804543714,2.86728,-4.543714000604382e-07,-59.62162833554722,69.45197077847354,touchstone_ri,2.8672804543714,1.0,,,
260519_2dsweep_1p5cell,sim,06_2_TDS-KyhlTune-260519_137.s2p,,S22,f_mean,sim,dispersion_mode_1,2.8672804543714,2.86728,-4.543714000604382e-07,-1.7953298897400746e-06,2.8903973432412458,touchstone_ri,2.8672804543714,1.0,,,
260519_2dsweep_1p5cell,sim,06_2_TDS-KyhlTune-260519_138.s2p,,S11,f_mean,sim,dispersion_mode_1,2.8672804543714,2.86728,-4.543714000604382e-07,3.943083262618764e-05,-44.82095009151524,touchstone_ri,2.8672804543714,1.0,,,
260519_2dsweep_1p5cell,sim,06_2_TDS-KyhlTune-260519_138.s2p,,S12,f_mean,sim,dispersion_mode_1,2.8672804543714,2.86728,-4.543714000604382e-07,-60.21411004730111,68.61103957076213,touchstone_ri,2.8672804543714,1.0,,,
260519_2dsweep_1p5cell,sim,06_2_TDS-KyhlTune-260519_138.s2p,,S21,f_mean,sim,dispersion_mode_1,2.8672804543714,2.86728,-4.543714000604382e-07,-60.20633174624528,68.61942723660624,touchstone_ri,2.8672804543714,1.0,,,
260519_2dsweep_1p5cell,sim,06_2_TDS-KyhlTune-260519_138.s2p,,S22,f_mean,sim,dispersion_mode_1,2.8672804543714,2.86728,-4.543714000604382e-07,-1.6563820042805918e-06,2.042058318077082,touchstone_ri,2.8672804543714,1.0,,,
260519_2dsweep_1p5cell,sim,06_2_TDS-KyhlTune-260519_139.s2p,,S11,f_mean,sim,dispersion_mode_1,2.8672804543714,2.86728,-4.543714000604382e-07,-0.0003422248159370018,-45.554434165261874,touchstone_ri,2.8672804543714,1.0,,,
260519_2dsweep_1p5cell,sim,06_2_TDS-KyhlTune-260519_139.s2p,,S12,f_mean,sim,dispersion_mode_1,2.8672804543714,2.86728,-4.543714000604382e-07,-60.34461490626094,67.96671656553748,touchstone_ri,2.8672804543714,1.0,,,
260519_2dsweep_1p5cell,sim,06_2_TDS-KyhlTune-260519_139.s2p,,S21,f_mean,sim,dispersion_mode_1,2.8672804543714,2.86728,-4.543714000604382e-07,-60.32505993003017,68.04364311894264,touchstone_ri,2.8672804543714,1.0,,,
260519_2dsweep_1p5cell,sim,06_2_TDS-KyhlTune-260519_139.s2p,,S22,f_mean,sim,dispersion_mode_1,2.8672804543714,2.86728,-4.543714000604382e-07,-1.6377790544839945e-06,1.2933532298469854,touchstone_ri,2.8672804543714,1.0,,,
260519_2dsweep_1p5cell,sim,06_2_TDS-KyhlTune-260519_14.s2p,,S11,f_mean,sim,dispersion_mode_1,2.8672804543714,2.86728,-4.543714000604382e-07,-1.8045178448497486e-05,-39.19039040366763,touchstone_ri,2.8672804543714,1.0,,,
260519_2dsweep_1p5cell,sim,06_2_TDS-KyhlTune-260519_14.s2p,,S12,f_mean,sim,dispersion_mode_1,2.8672804543714,2.86728,-4.543714000604382e-07,-55.02562883668784,91.18070176236392,touchstone_ri,2.8672804543714,1.0,,,
260519_2dsweep_1p5cell,sim,06_2_TDS-KyhlTune-260519_14.s2p,,S21,f_mean,sim,dispersion_mode_1,2.8672804543714,2.86728,-4.543714000604382e-07,-55.01015682675302,91.21213438924231,touchstone_ri,2.8672804543714,1.0,,,
260519_2dsweep_1p5cell,sim,06_2_TDS-KyhlTune-260519_14.s2p,,S22,f_mean,sim,dispersion_mode_1,2.8672804543714,2.86728,-4.543714000604382e-07,-3.322921116380826e-05,41.59405070742317,touchstone_ri,2.8672804543714,1.0,,,
260519_2dsweep_1p5cell,sim,06_2_TDS-KyhlTune-260519_140.s2p,,S11,f_mean,sim,dispersion_mode_1,2.8672804543714,2.86728,-4.543714000604382e-07,3.681077652783744e-05,-46.48796338539207,touchstone_ri,2.8672804543714,1.0,,,
260519_2dsweep_1p5cell,sim,06_2_TDS-KyhlTune-260519_140.s2p,,S12,f_mean,sim,dispersion_mode_1,2.8672804543714,2.86728,-4.543714000604382e-07,-60.66641237439384,67.08596729488637,touchstone_ri,2.8672804543714,1.0,,,
260519_2dsweep_1p5cell,sim,06_2_TDS-KyhlTune-260519_140.s2p,,S21,f_mean,sim,dispersion_mode_1,2.8672804543714,2.86728,-4.543714000604382e-07,-60.675342528801856,67.10473998503274,touchstone_ri,2.8672804543714,1.0,,,
260519_2dsweep_1p5cell,sim,06_2_TDS-KyhlTune-260519_140.s2p,,S22,f_mean,sim,dispersion_mode_1,2.8672804543714,2.86728,-4.543714000604382e-07,-1.6118156184230105e-06,0.5754382957853154,touchstone_ri,2.8672804543714,1.0,,,
260519_2dsweep_1p5cell,sim,06_2_TDS-KyhlTune-260519_141.s2p,,S11,f_mean,sim,dispersion_mode_1,2.8672804543714,2.86728,-4.543714000604382e-07,-0.001205873360251838,-47.26109538585161,touchstone_ri,2.8672804543714,1.0,,,
260519_2dsweep_1p5cell,sim,06_2_TDS-KyhlTune-260519_141.s2p,,S12,f_mean,sim,dispersion_mode_1,2.8672804543714,2.86728,-4.543714000604382e-07,-59.839114835968424,66.68829241928445,touchstone_ri,2.8672804543714,1.0,,,
260519_2dsweep_1p5cell,sim,06_2_TDS-KyhlTune-260519_141.s2p,,S21,f_mean,sim,dispersion_mode_1,2.8672804543714,2.86728,-4.543714000604382e-07,-59.78174105386239,66.69286262805653,touchstone_ri,2.8672804543714,1.0,,,
260519_2dsweep_1p5cell,sim,06_2_TDS-KyhlTune-260519_141.s2p,,S22,f_mean,sim,dispersion_mode_1,2.8672804543714,2.86728,-4.543714000604382e-07,-1.9414245342696364e-06,-0.04971777496182201,touchstone_ri,2.8672804543714,1.0,,,
260519_2dsweep_1p5cell,sim,06_2_TDS-KyhlTune-260519_142.s2p,,S11,f_mean,sim,dispersion_mode_1,2.8672804543714,2.86728,-4.543714000604382e-07,-0.0002792748685099479,-47.9988053267181,touchstone_ri,2.8672804543714,1.0,,,
260519_2dsweep_1p5cell,sim,06_2_TDS-KyhlTune-260519_142.s2p,,S12,f_mean,sim,dispersion_mode_1,2.8672804543714,2.86728,-4.543714000604382e-07,-60.671391766652754,65.76255632330613,touchstone_ri,2.8672804543714,1.0,,,
260519_2dsweep_1p5cell,sim,06_2_TDS-KyhlTune-260519_142.s2p,,S21,f_mean,sim,dispersion_mode_1,2.8672804543714,2.86728,-4.543714000604382e-07,-60.42771250801812,66.11425260899193,touchstone_ri,2.8672804543714,1.0,,,
260519_2dsweep_1p5cell,sim,06_2_TDS-KyhlTune-260519_142.s2p,,S22,f_mean,sim,dispersion_mode_1,2.8672804543714,2.86728,-4.543714000604382e-07,-1.7263799170585511e-06,-0.6139520367196991,touchstone_ri,2.8672804543714,1.0,,,
260519_2dsweep_1p5cell,sim,06_2_TDS-KyhlTune-260519_143.s2p,,S11,f_mean,sim,dispersion_mode_1,2.8672804543714,2.86728,-4.543714000604382e-07,-0.0004644269800821115,-48.950455060330654,touchstone_ri,2.8672804543714,1.0,,,
260519_2dsweep_1p5cell,sim,06_2_TDS-KyhlTune-260519_143.s2p,,S12,f_mean,sim,dispersion_mode_1,2.8672804543714,2.86728,-4.543714000604382e-07,-59.769439261794226,64.95314529216557,touchstone_ri,2.8672804543714,1.0,,,
260519_2dsweep_1p5cell,sim,06_2_TDS-KyhlTune-260519_143.s2p,,S21,f_mean,sim,dispersion_mode_1,2.8672804543714,2.86728,-4.543714000604382e-07,-59.76765260574874,64.7759300922736,touchstone_ri,2.8672804543714,1.0,,,
260519_2dsweep_1p5cell,sim,06_2_TDS-KyhlTune-260519_143.s2p,,S22,f_mean,sim,dispersion_mode_1,2.8672804543714,2.86728,-4.543714000604382e-07,-2.2597057083932394e-06,-1.1795011651631555,touchstone_ri,2.8672804543714,1.0,,,
260519_2dsweep_1p5cell,sim,06_2_TDS-KyhlTune-260519_144.s2p,,S11,f_mean,sim,dispersion_mode_1,2.8672804543714,2.86728,-4.543714000604382e-07,-0.0003772763175726424,-49.8615124431126,touchstone_ri,2.8672804543714,1.0,,,
260519_2dsweep_1p5cell,sim,06_2_TDS-KyhlTune-260519_144.s2p,,S12,f_mean,sim,dispersion_mode_1,2.8672804543714,2.86728,-4.543714000604382e-07,-59.612608351264676,64.23638786444613,touchstone_ri,2.8672804543714,1.0,,,
260519_2dsweep_1p5cell,sim,06_2_TDS-KyhlTune-260519_144.s2p,,S21,f_mean,sim,dispersion_mode_1,2.8672804543714,2.86728,-4.543714000604382e-07,-59.58466483911839,64.19913339450665,touchstone_ri,2.8672804543714,1.0,,,
260519_2dsweep_1p5cell,sim,06_2_TDS-KyhlTune-260519_144.s2p,,S22,f_mean,sim,dispersion_mode_1,2.8672804543714,2.86728,-4.543714000604382e-07,-2.4034047710275957e-06,-1.6793512554538912,touchstone_ri,2.8672804543714,1.0,,,
260519_2dsweep_1p5cell,sim,06_2_TDS-KyhlTune-260519_145.s2p,,S11,f_mean,sim,dispersion_mode_1,2.8672804543714,2.86728,-4.543714000604382e-07,-6.176284074767541e-05,-50.85406376717274,touchstone_ri,2.8672804543714,1.0,,,
260519_2dsweep_1p5cell,sim,06_2_TDS-KyhlTune-260519_145.s2p,,S12,f_mean,sim,dispersion_mode_1,2.8672804543714,2.86728,-4.543714000604382e-07,-59.58440465269553,63.554759984758114,touchstone_ri,2.8672804543714,1.0,,,
260519_2dsweep_1p5cell,sim,06_2_TDS-KyhlTune-260519_145.s2p,,S21,f_mean,sim,dispersion_mode_1,2.8672804543714,2.86728,-4.543714000604382e-07,-59.620515547918814,63.32653865471852,touchstone_ri,2.8672804543714,1.0,,,
260519_2dsweep_1p5cell,sim,06_2_TDS-KyhlTune-260519_145.s2p,,S22,f_mean,sim,dispersion_mode_1,2.8672804543714,2.86728,-4.543714000604382e-07,-2.5012646352077613e-06,-2.1535308921005534,touchstone_ri,2.8672804543714,1.0,,,
260519_2dsweep_1p5cell,sim,06_2_TDS-KyhlTune-260519_146.s2p,,S11,f_mean,sim,dispersion_mode_1,2.8672804543714,2.86728,-4.543714000604382e-07,2.9443943386287263e-05,-42.81076573720442,touchstone_ri,2.8672804543714,1.0,,,
260519_2dsweep_1p5cell,sim,06_2_TDS-KyhlTune-260519_146.s2p,,S12,f_mean,sim,dispersion_mode_1,2.8672804543714,2.86728,-4.543714000604382e-07,-61.331685565237215,70.21822426091167,touchstone_ri,2.8672804543714,1.0,,,
260519_2dsweep_1p5cell,sim,06_2_TDS-KyhlTune-260519_146.s2p,,S21,f_mean,sim,dispersion_mode_1,2.8672804543714,2.86728,-4.543714000604382e-07,-61.29901263050441,69.95500794530432,touchstone_ri,2.8672804543714,1.0,,,
260519_2dsweep_1p5cell,sim,06_2_TDS-KyhlTune-260519_146.s2p,,S22,f_mean,sim,dispersion_mode_1,2.8672804543714,2.86728,-4.543714000604382e-07,-1.096151111005341e-06,2.8427836023193787,touchstone_ri,2.8672804543714,1.0,,,
260519_2dsweep_1p5cell,sim,06_2_TDS-KyhlTune-260519_147.s2p,,S11,f_mean,sim,dispersion_mode_1,2.8672804543714,2.86728,-4.543714000604382e-07,-8.491115883777792e-05,-43.59641058257968,touchstone_ri,2.8672804543714,1.0,,,
260519_2dsweep_1p5cell,sim,06_2_TDS-KyhlTune-260519_147.s2p,,S12,f_mean,sim,dispersion_mode_1,2.8672804543714,2.86728,-4.543714000604382e-07,-60.631708050429374,69.21765343407955,touchstone_ri,2.8672804543714,1.0,,,
260519_2dsweep_1p5cell,sim,06_2_TDS-KyhlTune-260519_147.s2p,,S21,f_mean,sim,dispersion_mode_1,2.8672804543714,2.86728,-4.543714000604382e-07,-60.618133616136404,69.18161910861386,touchstone_ri,2.8672804543714,1.0,,,
260519_2dsweep_1p5cell,sim,06_2_TDS-KyhlTune-260519_147.s2p,,S22,f_mean,sim,dispersion_mode_1,2.8672804543714,2.86728,-4.543714000604382e-07,-1.3852311774940523e-06,1.9738696285917352,touchstone_ri,2.8672804543714,1.0,,,
260519_2dsweep_1p5cell,sim,06_2_TDS-KyhlTune-260519_148.s2p,,S11,f_mean,sim,dispersion_mode_1,2.8672804543714,2.86728,-4.543714000604382e-07,2.0995994087912313e-05,-44.30745341080787,touchstone_ri,2.8672804543714,1.0,,,
260519_2dsweep_1p5cell,sim,06_2_TDS-KyhlTune-260519_148.s2p,,S12,f_mean,sim,dispersion_mode_1,2.8672804543714,2.86728,-4.543714000604382e-07,-60.02278150067681,68.50282620298856,touchstone_ri,2.8672804543714,1.0,,,
260519_2dsweep_1p5cell,sim,06_2_TDS-KyhlTune-260519_148.s2p,,S21,f_mean,sim,dispersion_mode_1,2.8672804543714,2.86728,-4.543714000604382e-07,-60.01967714726036,68.44421097994224,touchstone_ri,2.8672804543714,1.0,,,
260519_2dsweep_1p5cell,sim,06_2_TDS-KyhlTune-260519_148.s2p,,S22,f_mean,sim,dispersion_mode_1,2.8672804543714,2.86728,-4.543714000604382e-07,-6.390379754412861e-06,1.1535969209140389,touchstone_ri,2.8672804543714,1.0,,,
260519_2dsweep_1p5cell,sim,06_2_TDS-KyhlTune-260519_149.s2p,,S11,f_mean,sim,dispersion_mode_1,2.8672804543714,2.86728,-4.543714000604382e-07,-6.454516993724407e-05,-45.130963470910814,touchstone_ri,2.8672804543714,1.0,,,
260519_2dsweep_1p5cell,sim,06_2_TDS-KyhlTune-260519_149.s2p,,S12,f_mean,sim,dispersion_mode_1,2.8672804543714,2.86728,-4.543714000604382e-07,-60.469892712659075,67.70230664598529,touchstone_ri,2.8672804543714,1.0,,,
260519_2dsweep_1p5cell,sim,06_2_TDS-KyhlTune-260519_149.s2p,,S21,f_mean,sim,dispersion_mode_1,2.8672804543714,2.86728,-4.543714000604382e-07,-60.427767262547846,67.71983266940606,touchstone_ri,2.8672804543714,1.0,,,
260519_2dsweep_1p5cell,sim,06_2_TDS-KyhlTune-260519_149.s2p,,S22,f_mean,sim,dispersion_mode_1,2.8672804543714,2.86728,-4.543714000604382e-07,-1.5790101572769977e-06,0.4686388655573938,touchstone_ri,2.8672804543714,1.0,,,
260519_2dsweep_1p5cell,sim,06_2_TDS-KyhlTune-260519_15.s2p,,S11,f_mean,sim,dispersion_mode_1,2.8672804543714,2.86728,-4.543714000604382e-07,-1.8784153096928437e-05,-39.7137908944442,touchstone_ri,2.8672804543714,1.0,,,
260519_2dsweep_1p5cell,sim,06_2_TDS-KyhlTune-260519_15.s2p,,S12,f_mean,sim,dispersion_mode_1,2.8672804543714,2.86728,-4.543714000604382e-07,-55.46435732588427,88.17198208311316,touchstone_ri,2.8672804543714,1.0,,,
260519_2dsweep_1p5cell,sim,06_2_TDS-KyhlTune-260519_15.s2p,,S21,f_mean,sim,dispersion_mode_1,2.8672804543714,2.86728,-4.543714000604382e-07,-55.44748677135166,88.21454346942257,touchstone_ri,2.8672804543714,1.0,,,
260519_2dsweep_1p5cell,sim,06_2_TDS-KyhlTune-260519_15.s2p,,S22,f_mean,sim,dispersion_mode_1,2.8672804543714,2.86728,-4.543714000604382e-07,-1.2224313687563914e-05,36.09474292179602,touchstone_ri,2.8672804543714,1.0,,,
260519_2dsweep_1p5cell,sim,06_2_TDS-KyhlTune-260519_150.s2p,,S11,f_mean,sim,dispersion_mode_1,2.8672804543714,2.86728,-4.543714000604382e-07,-0.0003156056130742954,-45.867622637756284,touchstone_ri,2.8672804543714,1.0,,,
260519_2dsweep_1p5cell,sim,06_2_TDS-KyhlTune-260519_150.s2p,,S12,f_mean,sim,dispersion_mode_1,2.8672804543714,2.86728,-4.543714000604382e-07,-59.324187599703244,67.0317963724287,touchstone_ri,2.8672804543714,1.0,,,
260519_2dsweep_1p5cell,sim,06_2_TDS-KyhlTune-260519_150.s2p,,S21,f_mean,sim,dispersion_mode_1,2.8672804543714,2.86728,-4.543714000604382e-07,-59.32503724748207,67.03103805261154,touchstone_ri,2.8672804543714,1.0,,,
260519_2dsweep_1p5cell,sim,06_2_TDS-KyhlTune-260519_150.s2p,,S22,f_mean,sim,dispersion_mode_1,2.8672804543714,2.86728,-4.543714000604382e-07,-4.199704477681781e-05,-0.20091072480792826,touchstone_ri,2.8672804543714,1.0,,,
260519_2dsweep_1p5cell,sim,06_2_TDS-KyhlTune-260519_151.s2p,,S11,f_mean,sim,dispersion_mode_1,2.8672804543714,2.86728,-4.543714000604382e-07,-1.297189628437475e-05,-46.701454452693135,touchstone_ri,2.8672804543714,1.0,,,
260519_2dsweep_1p5cell,sim,06_2_TDS-KyhlTune-260519_151.s2p,,S12,f_mean,sim,dispersion_mode_1,2.8672804543714,2.86728,-4.543714000604382e-07,-60.386876616021546,66.2760744301071,touchstone_ri,2.8672804543714,1.0,,,
260519_2dsweep_1p5cell,sim,06_2_TDS-KyhlTune-260519_151.s2p,,S21,f_mean,sim,dispersion_mode_1,2.8672804543714,2.86728,-4.543714000604382e-07,-60.38454917733162,66.24909803677359,touchstone_ri,2.8672804543714,1.0,,,
260519_2dsweep_1p5cell,sim,06_2_TDS-KyhlTune-260519_151.s2p,,S22,f_mean,sim,dispersion_mode_1,2.8672804543714,2.86728,-4.543714000604382e-07,-1.7518783074117587e-06,-0.7918386461922333,touchstone_ri,2.8672804543714,1.0,,,
260519_2dsweep_1p5cell,sim,06_2_TDS-KyhlTune-260519_152.s2p,,S11,f_mean,sim,dispersion_mode_1,2.8672804543714,2.86728,-4.543714000604382e-07,-0.0005046897922325653,-47.62233321956646,touchstone_ri,2.8672804543714,1.0,,,
260519_2dsweep_1p5cell,sim,06_2_TDS-KyhlTune-260519_152.s2p,,S12,f_mean,sim,dispersion_mode_1,2.8672804543714,2.86728,-4.543714000604382e-07,-60.16837498948747,65.53754273693285,touchstone_ri,2.8672804543714,1.0,,,
260519_2dsweep_1p5cell,sim,06_2_TDS-KyhlTune-260519_152.s2p,,S21,f_mean,sim,dispersion_mode_1,2.8672804543714,2.86728,-4.543714000604382e-07,-60.1286906623984,65.33597357516773,touchstone_ri,2.8672804543714,1.0,,,
260519_2dsweep_1p5cell,sim,06_2_TDS-KyhlTune-260519_152.s2p,,S22,f_mean,sim,dispersion_mode_1,2.8672804543714,2.86728,-4.543714000604382e-07,-1.959057108769224e-06,-1.3630492892181258,touchstone_ri,2.8672804543714,1.0,,,
260519_2dsweep_1p5cell,sim,06_2_TDS-KyhlTune-260519_153.s2p,,S11,f_mean,sim,dispersion_mode_1,2.8672804543714,2.86728,-4.543714000604382e-07,-0.0002090018315406236,-48.44117474983389,touchstone_ri,2.8672804543714,1.0,,,
260519_2dsweep_1p5cell,sim,06_2_TDS-KyhlTune-260519_153.s2p,,S12,f_mean,sim,dispersion_mode_1,2.8672804543714,2.86728,-4.543714000604382e-07,-60.880113249114764,64.83495167394265,touchstone_ri,2.8672804543714,1.0,,,
260519_2dsweep_1p5cell,sim,06_2_TDS-KyhlTune-260519_153.s2p,,S21,f_mean,sim,dispersion_mode_1,2.8672804543714,2.86728,-4.543714000604382e-07,-60.75379943974197,65.40166972557451,touchstone_ri,2.8672804543714,1.0,,,
260519_2dsweep_1p5cell,sim,06_2_TDS-KyhlTune-260519_153.s2p,,S22,f_mean,sim,dispersion_mode_1,2.8672804543714,2.86728,-4.543714000604382e-07,-1.6503243708873108e-06,-1.864138745628737,touchstone_ri,2.8672804543714,1.0,,,
260519_2dsweep_1p5cell,sim,06_2_TDS-KyhlTune-260519_154.s2p,,S11,f_mean,sim,dispersion_mode_1,2.8672804543714,2.86728,-4.543714000604382e-07,3.430583786144608e-05,-49.404902504633746,touchstone_ri,2.8672804543714,1.0,,,
260519_2dsweep_1p5cell,sim,06_2_TDS-KyhlTune-260519_154.s2p,,S12,f_mean,sim,dispersion_mode_1,2.8672804543714,2.86728,-4.543714000604382e-07,-60.15800985764548,64.14883221073464,touchstone_ri,2.8672804543714,1.0,,,
260519_2dsweep_1p5cell,sim,06_2_TDS-KyhlTune-260519_154.s2p,,S21,f_mean,sim,dispersion_mode_1,2.8672804543714,2.86728,-4.543714000604382e-07,-60.15480666865356,64.13285511846689,touchstone_ri,2.8672804543714,1.0,,,
260519_2dsweep_1p5cell,sim,06_2_TDS-KyhlTune-260519_154.s2p,,S22,f_mean,sim,dispersion_mode_1,2.8672804543714,2.86728,-4.543714000604382e-07,-2.0701605083490195e-06,-2.3451923503700147,touchstone_ri,2.8672804543714,1.0,,,
260519_2dsweep_1p5cell,sim,06_2_TDS-KyhlTune-260519_155.s2p,,S11,f_mean,sim,dispersion_mode_1,2.8672804543714,2.86728,-4.543714000604382e-07,-0.00045752661661027926,-50.28487242608853,touchstone_ri,2.8672804543714,1.0,,,
260519_2dsweep_1p5cell,sim,06_2_TDS-KyhlTune-260519_155.s2p,,S12,f_mean,sim,dispersion_mode_1,2.8672804543714,2.86728,-4.543714000604382e-07,-60.734895426796555,63.48503320621117,touchstone_ri,2.8672804543714,1.0,,,
260519_2dsweep_1p5cell,sim,06_2_TDS-KyhlTune-260519_155.s2p,,S21,f_mean,sim,dispersion_mode_1,2.8672804543714,2.86728,-4.543714000604382e-07,-60.662428875522565,63.58137208944521,touchstone_ri,2.8672804543714,1.0,,,
260519_2dsweep_1p5cell,sim,06_2_TDS-KyhlTune-260519_155.s2p,,S22,f_mean,sim,dispersion_mode_1,2.8672804543714,2.86728,-4.543714000604382e-07,-1.8765235003939028e-06,-2.791099470464414,touchstone_ri,2.8672804543714,1.0,,,
260519_2dsweep_1p5cell,sim,06_2_TDS-KyhlTune-260519_156.s2p,,S11,f_mean,sim,dispersion_mode_1,2.8672804543714,2.86728,-4.543714000604382e-07,-0.0002937239363975994,-51.153259588357116,touchstone_ri,2.8672804543714,1.0,,,
260519_2dsweep_1p5cell,sim,06_2_TDS-KyhlTune-260519_156.s2p,,S12,f_mean,sim,dispersion_mode_1,2.8672804543714,2.86728,-4.543714000604382e-07,-60.27306050590579,62.8395782069938,touchstone_ri,2.8672804543714,1.0,,,
260519_2dsweep_1p5cell,sim,06_2_TDS-KyhlTune-260519_156.s2p,,S21,f_mean,sim,dispersion_mode_1,2.8672804543714,2.86728,-4.543714000604382e-07,-60.240932793937745,62.74247071796032,touchstone_ri,2.8672804543714,1.0,,,
260519_2dsweep_1p5cell,sim,06_2_TDS-KyhlTune-260519_156.s2p,,S22,f_mean,sim,dispersion_mode_1,2.8672804543714,2.86728,-4.543714000604382e-07,-2.1620035955181574e-06,-3.192796412145286,touchstone_ri,2.8672804543714,1.0,,,
260519_2dsweep_1p5cell,sim,06_2_TDS-KyhlTune-260519_157.s2p,,S11,f_mean,sim,dispersion_mode_1,2.8672804543714,2.86728,-4.543714000604382e-07,2.8409311686636294e-05,-43.04688537211043,touchstone_ri,2.8672804543714,1.0,,,
260519_2dsweep_1p5cell,sim,06_2_TDS-KyhlTune-260519_157.s2p,,S12,f_mean,sim,dispersion_mode_1,2.8672804543714,2.86728,-4.543714000604382e-07,-61.7673471851182,68.99822320997512,touchstone_ri,2.8672804543714,1.0,,,
260519_2dsweep_1p5cell,sim,06_2_TDS-KyhlTune-260519_157.s2p,,S21,f_mean,sim,dispersion_mode_1,2.8672804543714,2.86728,-4.543714000604382e-07,-61.771569871023,68.9687159821646,touchstone_ri,2.8672804543714,1.0,,,
260519_2dsweep_1p5cell,sim,06_2_TDS-KyhlTune-260519_157.s2p,,S22,f_mean,sim,dispersion_mode_1,2.8672804543714,2.86728,-4.543714000604382e-07,-2.5204412056417053e-06,0.9751107461998685,touchstone_ri,2.8672804543714,1.0,,,
260519_2dsweep_1p5cell,sim,06_2_TDS-KyhlTune-260519_158.s2p,,S11,f_mean,sim,dispersion_mode_1,2.8672804543714,2.86728,-4.543714000604382e-07,2.9666789866503987e-05,-43.819731720015206,touchstone_ri,2.8672804543714,1.0,,,
260519_2dsweep_1p5cell,sim,06_2_TDS-KyhlTune-260519_158.s2p,,S12,f_mean,sim,dispersion_mode_1,2.8672804543714,2.86728,-4.543714000604382e-07,-61.625808610592486,68.46291400320851,touchstone_ri,2.8672804543714,1.0,,,
260519_2dsweep_1p5cell,sim,06_2_TDS-KyhlTune-260519_158.s2p,,S21,f_mean,sim,dispersion_mode_1,2.8672804543714,2.86728,-4.543714000604382e-07,-61.6142316742763,68.06652131488775,touchstone_ri,2.8672804543714,1.0,,,
260519_2dsweep_1p5cell,sim,06_2_TDS-KyhlTune-260519_158.s2p,,S22,f_mean,sim,dispersion_mode_1,2.8672804543714,2.86728,-4.543714000604382e-07,-1.1107283458614999e-06,0.2892290877974237,touchstone_ri,2.8672804543714,1.0,,,
260519_2dsweep_1p5cell,sim,06_2_TDS-KyhlTune-260519_159.s2p,,S11,f_mean,sim,dispersion_mode_1,2.8672804543714,2.86728,-4.543714000604382e-07,-0.0003453579192610628,-44.604087922335886,touchstone_ri,2.8672804543714,1.0,,,
260519_2dsweep_1p5cell,sim,06_2_TDS-KyhlTune-260519_159.s2p,,S12,f_mean,sim,dispersion_mode_1,2.8672804543714,2.86728,-4.543714000604382e-07,-61.741427628614495,67.60542007209145,touchstone_ri,2.8672804543714,1.0,,,
260519_2dsweep_1p5cell,sim,06_2_TDS-KyhlTune-260519_159.s2p,,S21,f_mean,sim,dispersion_mode_1,2.8672804543714,2.86728,-4.543714000604382e-07,-61.75060919591346,67.49947279166379,touchstone_ri,2.8672804543714,1.0,,,
260519_2dsweep_1p5cell,sim,06_2_TDS-KyhlTune-260519_159.s2p,,S22,f_mean,sim,dispersion_mode_1,2.8672804543714,2.86728,-4.543714000604382e-07,-1.1338472454651297e-06,-0.40454689506896013,touchstone_ri,2.8672804543714,1.0,,,
260519_2dsweep_1p5cell,sim,06_2_TDS-KyhlTune-260519_16.s2p,,S11,f_mean,sim,dispersion_mode_1,2.8672804543714,2.86728,-4.543714000604382e-07,-0.00011904328701774184,-40.518374385774806,touchstone_ri,2.8672804543714,1.0,,,
260519_2dsweep_1p5cell,sim,06_2_TDS-KyhlTune-260519_16.s2p,,S12,f_mean,sim,dispersion_mode_1,2.8672804543714,2.86728,-4.543714000604382e-07,-55.898690228592535,85.39705143244338,touchstone_ri,2.8672804543714,1.0,,,
260519_2dsweep_1p5cell,sim,06_2_TDS-KyhlTune-260519_16.s2p,,S21,f_mean,sim,dispersion_mode_1,2.8672804543714,2.86728,-4.543714000604382e-07,-55.908194209353546,85.34693155713256,touchstone_ri,2.8672804543714,1.0,,,
260519_2dsweep_1p5cell,sim,06_2_TDS-KyhlTune-260519_16.s2p,,S22,f_mean,sim,dispersion_mode_1,2.8672804543714,2.86728,-4.543714000604382e-07,-1.2327432373181298e-05,31.35562334207361,touchstone_ri,2.8672804543714,1.0,,,
260519_2dsweep_1p5cell,sim,06_2_TDS-KyhlTune-260519_160.s2p,,S11,f_mean,sim,dispersion_mode_1,2.8672804543714,2.86728,-4.543714000604382e-07,-0.00047250104971259364,-45.40437280654263,touchstone_ri,2.8672804543714,1.0,,,
260519_2dsweep_1p5cell,sim,06_2_TDS-KyhlTune-260519_160.s2p,,S12,f_mean,sim,dispersion_mode_1,2.8672804543714,2.86728,-4.543714000604382e-07,-61.92186165091057,66.8388174225692,touchstone_ri,2.8672804543714,1.0,,,
260519_2dsweep_1p5cell,sim,06_2_TDS-KyhlTune-260519_160.s2p,,S21,f_mean,sim,dispersion_mode_1,2.8672804543714,2.86728,-4.543714000604382e-07,-61.98528257842733,66.64050758235935,touchstone_ri,2.8672804543714,1.0,,,
260519_2dsweep_1p5cell,sim,06_2_TDS-KyhlTune-260519_160.s2p,,S22,f_mean,sim,dispersion_mode_1,2.8672804543714,2.86728,-4.543714000604382e-07,-1.151777640295245e-06,-1.026514968780217,touchstone_ri,2.8672804543714,1.0,,,
260519_2dsweep_1p5cell,sim,06_2_TDS-KyhlTune-260519_161.s2p,,S11,f_mean,sim,dispersion_mode_1,2.8672804543714,2.86728,-4.543714000604382e-07,-1.952052185397204e-05,-46.28936066402229,touchstone_ri,2.8672804543714,1.0,,,
260519_2dsweep_1p5cell,sim,06_2_TDS-KyhlTune-260519_161.s2p,,S12,f_mean,sim,dispersion_mode_1,2.8672804543714,2.86728,-4.543714000604382e-07,-62.44454929916043,66.08190629420862,touchstone_ri,2.8672804543714,1.0,,,
260519_2dsweep_1p5cell,sim,06_2_TDS-KyhlTune-260519_161.s2p,,S21,f_mean,sim,dispersion_mode_1,2.8672804543714,2.86728,-4.543714000604382e-07,-62.442611149585225,66.06986211275974,touchstone_ri,2.8672804543714,1.0,,,
260519_2dsweep_1p5cell,sim,06_2_TDS-KyhlTune-260519_161.s2p,,S22,f_mean,sim,dispersion_mode_1,2.8672804543714,2.86728,-4.543714000604382e-07,-9.611512331731682e-06,-1.570377631460493,touchstone_ri,2.8672804543714,1.0,,,
260519_2dsweep_1p5cell,sim,06_2_TDS-KyhlTune-260519_162.s2p,,S11,f_mean,sim,dispersion_mode_1,2.8672804543714,2.86728,-4.543714000604382e-07,-3.88517198303509e-06,-47.14968921903272,touchstone_ri,2.8672804543714,1.0,,,
260519_2dsweep_1p5cell,sim,06_2_TDS-KyhlTune-260519_162.s2p,,S12,f_mean,sim,dispersion_mode_1,2.8672804543714,2.86728,-4.543714000604382e-07,-60.83452172417466,65.3230935237676,touchstone_ri,2.8672804543714,1.0,,,
260519_2dsweep_1p5cell,sim,06_2_TDS-KyhlTune-260519_162.s2p,,S21,f_mean,sim,dispersion_mode_1,2.8672804543714,2.86728,-4.543714000604382e-07,-60.82664821543216,65.33895523099352,touchstone_ri,2.8672804543714,1.0,,,
260519_2dsweep_1p5cell,sim,06_2_TDS-KyhlTune-260519_162.s2p,,S22,f_mean,sim,dispersion_mode_1,2.8672804543714,2.86728,-4.543714000604382e-07,-3.142741838933072e-06,-2.127908007847949,touchstone_ri,2.8672804543714,1.0,,,
260519_2dsweep_1p5cell,sim,06_2_TDS-KyhlTune-260519_163.s2p,,S11,f_mean,sim,dispersion_mode_1,2.8672804543714,2.86728,-4.543714000604382e-07,-4.27258792928242e-05,-47.96919515815519,touchstone_ri,2.8672804543714,1.0,,,
260519_2dsweep_1p5cell,sim,06_2_TDS-KyhlTune-260519_163.s2p,,S12,f_mean,sim,dispersion_mode_1,2.8672804543714,2.86728,-4.543714000604382e-07,-61.01478034195192,64.96648945452863,touchstone_ri,2.8672804543714,1.0,,,
260519_2dsweep_1p5cell,sim,06_2_TDS-KyhlTune-260519_163.s2p,,S21,f_mean,sim,dispersion_mode_1,2.8672804543714,2.86728,-4.543714000604382e-07,-61.016805283683055,64.99361942084813,touchstone_ri,2.8672804543714,1.0,,,
260519_2dsweep_1p5cell,sim,06_2_TDS-KyhlTune-260519_163.s2p,,S22,f_mean,sim,dispersion_mode_1,2.8672804543714,2.86728,-4.543714000604382e-07,-1.543857443708919e-06,-2.595699836426082,touchstone_ri,2.8672804543714,1.0,,,
260519_2dsweep_1p5cell,sim,06_2_TDS-KyhlTune-260519_164.s2p,,S11,f_mean,sim,dispersion_mode_1,2.8672804543714,2.86728,-4.543714000604382e-07,-0.0005197029631691484,-48.87874594888106,touchstone_ri,2.8672804543714,1.0,,,
260519_2dsweep_1p5cell,sim,06_2_TDS-KyhlTune-260519_164.s2p,,S12,f_mean,sim,dispersion_mode_1,2.8672804543714,2.86728,-4.543714000604382e-07,-60.8861567792004,64.1944844554922,touchstone_ri,2.8672804543714,1.0,,,
260519_2dsweep_1p5cell,sim,06_2_TDS-KyhlTune-260519_164.s2p,,S21,f_mean,sim,dispersion_mode_1,2.8672804543714,2.86728,-4.543714000604382e-07,-60.80138424401678,64.44713762833868,touchstone_ri,2.8672804543714,1.0,,,
260519_2dsweep_1p5cell,sim,06_2_TDS-KyhlTune-260519_164.s2p,,S22,f_mean,sim,dispersion_mode_1,2.8672804543714,2.86728,-4.543714000604382e-07,-1.6604577379891523e-06,-3.0522636193152852,touchstone_ri,2.8672804543714,1.0,,,
260519_2dsweep_1p5cell,sim,06_2_TDS-KyhlTune-260519_165.s2p,,S11,f_mean,sim,dispersion_mode_1,2.8672804543714,2.86728,-4.543714000604382e-07,-0.0005315514942018386,-49.78306328236165,touchstone_ri,2.8672804543714,1.0,,,
260519_2dsweep_1p5cell,sim,06_2_TDS-KyhlTune-260519_165.s2p,,S12,f_mean,sim,dispersion_mode_1,2.8672804543714,2.86728,-4.543714000604382e-07,-60.13493954012792,63.38693959003009,touchstone_ri,2.8672804543714,1.0,,,
260519_2dsweep_1p5cell,sim,06_2_TDS-KyhlTune-260519_165.s2p,,S21,f_mean,sim,dispersion_mode_1,2.8672804543714,2.86728,-4.543714000604382e-07,-60.06205375091261,63.502900242826236,touchstone_ri,2.8672804543714,1.0,,,
260519_2dsweep_1p5cell,sim,06_2_TDS-KyhlTune-260519_165.s2p,,S22,f_mean,sim,dispersion_mode_1,2.8672804543714,2.86728,-4.543714000604382e-07,-2.1148552736478893e-06,-3.468509210583669,touchstone_ri,2.8672804543714,1.0,,,
260519_2dsweep_1p5cell,sim,06_2_TDS-KyhlTune-260519_166.s2p,,S11,f_mean,sim,dispersion_mode_1,2.8672804543714,2.86728,-4.543714000604382e-07,3.330044766062638e-05,-50.84662762437641,touchstone_ri,2.8672804543714,1.0,,,
260519_2dsweep_1p5cell,sim,06_2_TDS-KyhlTune-260519_166.s2p,,S12,f_mean,sim,dispersion_mode_1,2.8672804543714,2.86728,-4.543714000604382e-07,-60.51272401937452,62.661530551086074,touchstone_ri,2.8672804543714,1.0,,,
260519_2dsweep_1p5cell,sim,06_2_TDS-KyhlTune-260519_166.s2p,,S21,f_mean,sim,dispersion_mode_1,2.8672804543714,2.86728,-4.543714000604382e-07,-60.51369396304785,62.72388504190295,touchstone_ri,2.8672804543714,1.0,,,
260519_2dsweep_1p5cell,sim,06_2_TDS-KyhlTune-260519_166.s2p,,S22,f_mean,sim,dispersion_mode_1,2.8672804543714,2.86728,-4.543714000604382e-07,-1.9961616184366615e-06,-3.8765934430385025,touchstone_ri,2.8672804543714,1.0,,,
260519_2dsweep_1p5cell,sim,06_2_TDS-KyhlTune-260519_167.s2p,,S11,f_mean,sim,dispersion_mode_1,2.8672804543714,2.86728,-4.543714000604382e-07,-0.00011150865854381824,-51.74313485702877,touchstone_ri,2.8672804543714,1.0,,,
260519_2dsweep_1p5cell,sim,06_2_TDS-KyhlTune-260519_167.s2p,,S12,f_mean,sim,dispersion_mode_1,2.8672804543714,2.86728,-4.543714000604382e-07,-61.90607392133569,61.91393879404105,touchstone_ri,2.8672804543714,1.0,,,
260519_2dsweep_1p5cell,sim,06_2_TDS-KyhlTune-260519_167.s2p,,S21,f_mean,sim,dispersion_mode_1,2.8672804543714,2.86728,-4.543714000604382e-07,-61.448520580894964,60.79888264565973,touchstone_ri,2.8672804543714,1.0,,,
260519_2dsweep_1p5cell,sim,06_2_TDS-KyhlTune-260519_167.s2p,,S22,f_mean,sim,dispersion_mode_1,2.8672804543714,2.86728,-4.543714000604382e-07,-1.7144295714231148e-06,-4.247766805457064,touchstone_ri,2.8672804543714,1.0,,,
260519_2dsweep_1p5cell,sim,06_2_TDS-KyhlTune-260519_168.s2p,,S11,f_mean,sim,dispersion_mode_1,2.8672804543714,2.86728,-4.543714000604382e-07,-0.0006787760368701433,-43.2786395620781,touchstone_ri,2.8672804543714,1.0,,,
260519_2dsweep_1p5cell,sim,06_2_TDS-KyhlTune-260519_168.s2p,,S12,f_mean,sim,dispersion_mode_1,2.8672804543714,2.86728,-4.543714000604382e-07,-61.73244195550811,68.2292623624493,touchstone_ri,2.8672804543714,1.0,,,
260519_2dsweep_1p5cell,sim,06_2_TDS-KyhlTune-260519_168.s2p,,S21,f_mean,sim,dispersion_mode_1,2.8672804543714,2.86728,-4.543714000604382e-07,-61.72811547370233,67.99681203305019,touchstone_ri,2.8672804543714,1.0,,,
260519_2dsweep_1p5cell,sim,06_2_TDS-KyhlTune-260519_168.s2p,,S22,f_mean,sim,dispersion_mode_1,2.8672804543714,2.86728,-4.543714000604382e-07,-6.032595258019009e-05,-0.682849725367448,touchstone_ri,2.8672804543714,1.0,,,
260519_2dsweep_1p5cell,sim,06_2_TDS-KyhlTune-260519_169.s2p,,S11,f_mean,sim,dispersion_mode_1,2.8672804543714,2.86728,-4.543714000604382e-07,-0.0005038587148689618,-44.1497560636835,touchstone_ri,2.8672804543714,1.0,,,
260519_2dsweep_1p5cell,sim,06_2_TDS-KyhlTune-260519_169.s2p,,S12,f_mean,sim,dispersion_mode_1,2.8672804543714,2.86728,-4.543714000604382e-07,-61.673781243745026,67.12272671371116,touchstone_ri,2.8672804543714,1.0,,,
260519_2dsweep_1p5cell,sim,06_2_TDS-KyhlTune-260519_169.s2p,,S21,f_mean,sim,dispersion_mode_1,2.8672804543714,2.86728,-4.543714000604382e-07,-61.81198612541167,67.3071234027009,touchstone_ri,2.8672804543714,1.0,,,
260519_2dsweep_1p5cell,sim,06_2_TDS-KyhlTune-260519_169.s2p,,S22,f_mean,sim,dispersion_mode_1,2.8672804543714,2.86728,-4.543714000604382e-07,-5.363163912523897e-06,-1.2770481983105173,touchstone_ri,2.8672804543714,1.0,,,
260519_2dsweep_1p5cell,sim,06_2_TDS-KyhlTune-260519_17.s2p,,S11,f_mean,sim,dispersion_mode_1,2.8672804543714,2.86728,-4.543714000604382e-07,-3.538829398277692e-05,-41.25222196740071,touchstone_ri,2.8672804543714,1.0,,,
260519_2dsweep_1p5cell,sim,06_2_TDS-KyhlTune-260519_17.s2p,,S12,f_mean,sim,dispersion_mode_1,2.8672804543714,2.86728,-4.543714000604382e-07,-55.82074496150253,82.99489430370616,touchstone_ri,2.8672804543714,1.0,,,
260519_2dsweep_1p5cell,sim,06_2_TDS-KyhlTune-260519_17.s2p,,S21,f_mean,sim,dispersion_mode_1,2.8672804543714,2.86728,-4.543714000604382e-07,-55.816017220658054,83.02694805572601,touchstone_ri,2.8672804543714,1.0,,,
260519_2dsweep_1p5cell,sim,06_2_TDS-KyhlTune-260519_17.s2p,,S22,f_mean,sim,dispersion_mode_1,2.8672804543714,2.86728,-4.543714000604382e-07,-3.519176949568961e-06,27.40765121101408,touchstone_ri,2.8672804543714,1.0,,,
260519_2dsweep_1p5cell,sim,06_2_TDS-KyhlTune-260519_170.s2p,,S11,f_mean,sim,dispersion_mode_1,2.8672804543714,2.86728,-4.543714000604382e-07,-1.0970340790149015e-05,-44.8999478956492,touchstone_ri,2.8672804543714,1.0,,,
260519_2dsweep_1p5cell,sim,06_2_TDS-KyhlTune-260519_170.s2p,,S12,f_mean,sim,dispersion_mode_1,2.8672804543714,2.86728,-4.543714000604382e-07,-60.477032733894454,66.63688697126176,touchstone_ri,2.8672804543714,1.0,,,
260519_2dsweep_1p5cell,sim,06_2_TDS-KyhlTune-260519_170.s2p,,S21,f_mean,sim,dispersion_mode_1,2.8672804543714,2.86728,-4.543714000604382e-07,-60.4692917601877,66.61241556780979,touchstone_ri,2.8672804543714,1.0,,,
260519_2dsweep_1p5cell,sim,06_2_TDS-KyhlTune-260519_170.s2p,,S22,f_mean,sim,dispersion_mode_1,2.8672804543714,2.86728,-4.543714000604382e-07,-1.558946744043371e-06,-1.8930412276981108,touchstone_ri,2.8672804543714,1.0,,,
260519_2dsweep_1p5cell,sim,06_2_TDS-KyhlTune-260519_171.s2p,,S11,f_mean,sim,dispersion_mode_1,2.8672804543714,2.86728,-4.543714000604382e-07,-0.000407357191823012,-45.746368738237095,touchstone_ri,2.8672804543714,1.0,,,
260519_2dsweep_1p5cell,sim,06_2_TDS-KyhlTune-260519_171.s2p,,S12,f_mean,sim,dispersion_mode_1,2.8672804543714,2.86728,-4.543714000604382e-07,-61.997775099068264,66.09681719015647,touchstone_ri,2.8672804543714,1.0,,,
260519_2dsweep_1p5cell,sim,06_2_TDS-KyhlTune-260519_171.s2p,,S21,f_mean,sim,dispersion_mode_1,2.8672804543714,2.86728,-4.543714000604382e-07,-62.01258199852862,65.97758368601377,touchstone_ri,2.8672804543714,1.0,,,
260519_2dsweep_1p5cell,sim,06_2_TDS-KyhlTune-260519_171.s2p,,S22,f_mean,sim,dispersion_mode_1,2.8672804543714,2.86728,-4.543714000604382e-07,-1.128200647428993e-06,-2.400501165341843,touchstone_ri,2.8672804543714,1.0,,,
260519_2dsweep_1p5cell,sim,06_2_TDS-KyhlTune-260519_172.s2p,,S11,f_mean,sim,dispersion_mode_1,2.8672804543714,2.86728,-4.543714000604382e-07,-5.1611757156145e-06,-46.59402345802442,touchstone_ri,2.8672804543714,1.0,,,
260519_2dsweep_1p5cell,sim,06_2_TDS-KyhlTune-260519_172.s2p,,S12,f_mean,sim,dispersion_mode_1,2.8672804543714,2.86728,-4.543714000604382e-07,-60.559938045273256,65.93795875522967,touchstone_ri,2.8672804543714,1.0,,,
260519_2dsweep_1p5cell,sim,06_2_TDS-KyhlTune-260519_172.s2p,,S21,f_mean,sim,dispersion_mode_1,2.8672804543714,2.86728,-4.543714000604382e-07,-60.56313831842662,65.22204466995952,touchstone_ri,2.8672804543714,1.0,,,
260519_2dsweep_1p5cell,sim,06_2_TDS-KyhlTune-260519_172.s2p,,S22,f_mean,sim,dispersion_mode_1,2.8672804543714,2.86728,-4.543714000604382e-07,-5.105043312734262e-06,-2.894400339221316,touchstone_ri,2.8672804543714,1.0,,,
260519_2dsweep_1p5cell,sim,06_2_TDS-KyhlTune-260519_173.s2p,,S11,f_mean,sim,dispersion_mode_1,2.8672804543714,2.86728,-4.543714000604382e-07,-1.335960613057253e-07,-48.31045562649247,touchstone_ri,2.8672804543714,1.0,,,
260519_2dsweep_1p5cell,sim,06_2_TDS-KyhlTune-260519_173.s2p,,S12,f_mean,sim,dispersion_mode_1,2.8672804543714,2.86728,-4.543714000604382e-07,-60.64037244866909,63.96031104997018,touchstone_ri,2.8672804543714,1.0,,,
260519_2dsweep_1p5cell,sim,06_2_TDS-KyhlTune-260519_173.s2p,,S21,f_mean,sim,dispersion_mode_1,2.8672804543714,2.86728,-4.543714000604382e-07,-60.6377292611301,63.94981636806926,touchstone_ri,2.8672804543714,1.0,,,
260519_2dsweep_1p5cell,sim,06_2_TDS-KyhlTune-260519_173.s2p,,S22,f_mean,sim,dispersion_mode_1,2.8672804543714,2.86728,-4.543714000604382e-07,-7.33334413467375e-06,-3.7907563335402656,touchstone_ri,2.8672804543714,1.0,,,
260519_2dsweep_1p5cell,sim,06_2_TDS-KyhlTune-260519_174.s2p,,S11,f_mean,sim,dispersion_mode_1,2.8672804543714,2.86728,-4.543714000604382e-07,-5.2493264416880054e-06,-49.38693767984396,touchstone_ri,2.8672804543714,1.0,,,
260519_2dsweep_1p5cell,sim,06_2_TDS-KyhlTune-260519_174.s2p,,S12,f_mean,sim,dispersion_mode_1,2.8672804543714,2.86728,-4.543714000604382e-07,-61.45176647457273,63.2823161142236,touchstone_ri,2.8672804543714,1.0,,,
260519_2dsweep_1p5cell,sim,06_2_TDS-KyhlTune-260519_174.s2p,,S21,f_mean,sim,dispersion_mode_1,2.8672804543714,2.86728,-4.543714000604382e-07,-61.50422523636187,63.59837050210322,touchstone_ri,2.8672804543714,1.0,,,
260519_2dsweep_1p5cell,sim,06_2_TDS-KyhlTune-260519_174.s2p,,S22,f_mean,sim,dispersion_mode_1,2.8672804543714,2.86728,-4.543714000604382e-07,-2.4359970156742902e-06,-4.1791939846786335,touchstone_ri,2.8672804543714,1.0,,,
260519_2dsweep_1p5cell,sim,06_2_TDS-KyhlTune-260519_175.s2p,,S11,f_mean,sim,dispersion_mode_1,2.8672804543714,2.86728,-4.543714000604382e-07,3.087165876151262e-05,-50.20432032427328,touchstone_ri,2.8672804543714,1.0,,,
260519_2dsweep_1p5cell,sim,06_2_TDS-KyhlTune-260519_175.s2p,,S12,f_mean,sim,dispersion_mode_1,2.8672804543714,2.86728,-4.543714000604382e-07,-60.85397601952232,62.688589630120056,touchstone_ri,2.8672804543714,1.0,,,
260519_2dsweep_1p5cell,sim,06_2_TDS-KyhlTune-260519_175.s2p,,S21,f_mean,sim,dispersion_mode_1,2.8672804543714,2.86728,-4.543714000604382e-07,-60.52519716803364,64.56558483634338,touchstone_ri,2.8672804543714,1.0,,,
260519_2dsweep_1p5cell,sim,06_2_TDS-KyhlTune-260519_175.s2p,,S22,f_mean,sim,dispersion_mode_1,2.8672804543714,2.86728,-4.543714000604382e-07,-1.6256064893074735e-06,-4.570177123159331,touchstone_ri,2.8672804543714,1.0,,,
260519_2dsweep_1p5cell,sim,06_2_TDS-KyhlTune-260519_176.s2p,,S11,f_mean,sim,dispersion_mode_1,2.8672804543714,2.86728,-4.543714000604382e-07,2.2645594982692574e-05,-51.161342468697576,touchstone_ri,2.8672804543714,1.0,,,
260519_2dsweep_1p5cell,sim,06_2_TDS-KyhlTune-260519_176.s2p,,S12,f_mean,sim,dispersion_mode_1,2.8672804543714,2.86728,-4.543714000604382e-07,-61.84264463274793,61.97670062892816,touchstone_ri,2.8672804543714,1.0,,,
260519_2dsweep_1p5cell,sim,06_2_TDS-KyhlTune-260519_176.s2p,,S21,f_mean,sim,dispersion_mode_1,2.8672804543714,2.86728,-4.543714000604382e-07,-61.8422156666253,61.957574657878524,touchstone_ri,2.8672804543714,1.0,,,
260519_2dsweep_1p5cell,sim,06_2_TDS-KyhlTune-260519_176.s2p,,S22,f_mean,sim,dispersion_mode_1,2.8672804543714,2.86728,-4.543714000604382e-07,-4.28510238692481e-06,-4.923855083896161,touchstone_ri,2.8672804543714,1.0,,,
260519_2dsweep_1p5cell,sim,06_2_TDS-KyhlTune-260519_177.s2p,,S11,f_mean,sim,dispersion_mode_1,2.8672804543714,2.86728,-4.543714000604382e-07,-1.179774812063486e-05,-52.04645356848226,touchstone_ri,2.8672804543714,1.0,,,
260519_2dsweep_1p5cell,sim,06_2_TDS-KyhlTune-260519_177.s2p,,S12,f_mean,sim,dispersion_mode_1,2.8672804543714,2.86728,-4.543714000604382e-07,-60.71081732312544,61.42901446349917,touchstone_ri,2.8672804543714,1.0,,,
260519_2dsweep_1p5cell,sim,06_2_TDS-KyhlTune-260519_177.s2p,,S21,f_mean,sim,dispersion_mode_1,2.8672804543714,2.86728,-4.543714000604382e-07,-60.463340183360366,60.16144502167694,touchstone_ri,2.8672804543714,1.0,,,
260519_2dsweep_1p5cell,sim,06_2_TDS-KyhlTune-260519_177.s2p,,S22,f_mean,sim,dispersion_mode_1,2.8672804543714,2.86728,-4.543714000604382e-07,-2.201616447791049e-06,-5.22477505501551,touchstone_ri,2.8672804543714,1.0,,,
260519_2dsweep_1p5cell,sim,06_2_TDS-KyhlTune-260519_178.s2p,,S11,f_mean,sim,dispersion_mode_1,2.8672804543714,2.86728,-4.543714000604382e-07,3.199555716633413e-05,-43.587021412684194,touchstone_ri,2.8672804543714,1.0,,,
260519_2dsweep_1p5cell,sim,06_2_TDS-KyhlTune-260519_178.s2p,,S12,f_mean,sim,dispersion_mode_1,2.8672804543714,2.86728,-4.543714000604382e-07,-61.07732691665429,67.0776202547833,touchstone_ri,2.8672804543714,1.0,,,
260519_2dsweep_1p5cell,sim,06_2_TDS-KyhlTune-260519_178.s2p,,S21,f_mean,sim,dispersion_mode_1,2.8672804543714,2.86728,-4.543714000604382e-07,-61.07456132185754,67.04801825615547,touchstone_ri,2.8672804543714,1.0,,,
260519_2dsweep_1p5cell,sim,06_2_TDS-KyhlTune-260519_178.s2p,,S22,f_mean,sim,dispersion_mode_1,2.8672804543714,2.86728,-4.543714000604382e-07,-5.290583055353759e-06,-2.278888262098328,touchstone_ri,2.8672804543714,1.0,,,
260519_2dsweep_1p5cell,sim,06_2_TDS-KyhlTune-260519_179.s2p,,S11,f_mean,sim,dispersion_mode_1,2.8672804543714,2.86728,-4.543714000604382e-07,-2.1618280536611636e-05,-44.410316083432534,touchstone_ri,2.8672804543714,1.0,,,
260519_2dsweep_1p5cell,sim,06_2_TDS-KyhlTune-260519_179.s2p,,S12,f_mean,sim,dispersion_mode_1,2.8672804543714,2.86728,-4.543714000604382e-07,-62.84894439820305,66.08588841128186,touchstone_ri,2.8672804543714,1.0,,,
260519_2dsweep_1p5cell,sim,06_2_TDS-KyhlTune-260519_179.s2p,,S21,f_mean,sim,dispersion_mode_1,2.8672804543714,2.86728,-4.543714000604382e-07,-62.84867516310935,66.40148099350499,touchstone_ri,2.8672804543714,1.0,,,
260519_2dsweep_1p5cell,sim,06_2_TDS-KyhlTune-260519_179.s2p,,S22,f_mean,sim,dispersion_mode_1,2.8672804543714,2.86728,-4.543714000604382e-07,-5.712969910519151e-06,-2.816501476250254,touchstone_ri,2.8672804543714,1.0,,,
260519_2dsweep_1p5cell,sim,06_2_TDS-KyhlTune-260519_18.s2p,,S11,f_mean,sim,dispersion_mode_1,2.8672804543714,2.86728,-4.543714000604382e-07,7.90683882743072e-06,-41.75571462905892,touchstone_ri,2.8672804543714,1.0,,,
260519_2dsweep_1p5cell,sim,06_2_TDS-KyhlTune-260519_18.s2p,,S12,f_mean,sim,dispersion_mode_1,2.8672804543714,2.86728,-4.543714000604382e-07,-56.23590956906411,81.18516552666942,touchstone_ri,2.8672804543714,1.0,,,
260519_2dsweep_1p5cell,sim,06_2_TDS-KyhlTune-260519_18.s2p,,S21,f_mean,sim,dispersion_mode_1,2.8672804543714,2.86728,-4.543714000604382e-07,-56.228157253964895,81.21716750747221,touchstone_ri,2.8672804543714,1.0,,,
260519_2dsweep_1p5cell,sim,06_2_TDS-KyhlTune-260519_18.s2p,,S22,f_mean,sim,dispersion_mode_1,2.8672804543714,2.86728,-4.543714000604382e-07,-3.318110288897805e-06,24.19970028941128,touchstone_ri,2.8672804543714,1.0,,,
260519_2dsweep_1p5cell,sim,06_2_TDS-KyhlTune-260519_180.s2p,,S11,f_mean,sim,dispersion_mode_1,2.8672804543714,2.86728,-4.543714000604382e-07,-0.0005523629171475909,-45.20588690045999,touchstone_ri,2.8672804543714,1.0,,,
260519_2dsweep_1p5cell,sim,06_2_TDS-KyhlTune-260519_180.s2p,,S12,f_mean,sim,dispersion_mode_1,2.8672804543714,2.86728,-4.543714000604382e-07,-62.055086159354396,65.90805727151712,touchstone_ri,2.8672804543714,1.0,,,
260519_2dsweep_1p5cell,sim,06_2_TDS-KyhlTune-260519_180.s2p,,S21,f_mean,sim,dispersion_mode_1,2.8672804543714,2.86728,-4.543714000604382e-07,-61.95318298317758,66.30589381917953,touchstone_ri,2.8672804543714,1.0,,,
260519_2dsweep_1p5cell,sim,06_2_TDS-KyhlTune-260519_180.s2p,,S22,f_mean,sim,dispersion_mode_1,2.8672804543714,2.86728,-4.543714000604382e-07,-1.0430194817134364e-06,-3.3027477191381105,touchstone_ri,2.8672804543714,1.0,,,
260519_2dsweep_1p5cell,sim,06_2_TDS-KyhlTune-260519_181.s2p,,S11,f_mean,sim,dispersion_mode_1,2.8672804543714,2.86728,-4.543714000604382e-07,-0.00039317788190279236,-46.06588251671646,touchstone_ri,2.8672804543714,1.0,,,
260519_2dsweep_1p5cell,sim,06_2_TDS-KyhlTune-260519_181.s2p,,S12,f_mean,sim,dispersion_mode_1,2.8672804543714,2.86728,-4.543714000604382e-07,-62.1900110560459,65.16049390829464,touchstone_ri,2.8672804543714,1.0,,,
260519_2dsweep_1p5cell,sim,06_2_TDS-KyhlTune-260519_181.s2p,,S21,f_mean,sim,dispersion_mode_1,2.8672804543714,2.86728,-4.543714000604382e-07,-62.14985088004731,65.39329436702977,touchstone_ri,2.8672804543714,1.0,,,
260519_2dsweep_1p5cell,sim,06_2_TDS-KyhlTune-260519_181.s2p,,S22,f_mean,sim,dispersion_mode_1,2.8672804543714,2.86728,-4.543714000604382e-07,-1.0933026917475645e-06,-3.7655443863642764,touchstone_ri,2.8672804543714,1.0,,,
260519_2dsweep_1p5cell,sim,06_2_TDS-KyhlTune-260519_182.s2p,,S11,f_mean,sim,dispersion_mode_1,2.8672804543714,2.86728,-4.543714000604382e-07,2.1952510686855393e-05,-46.847354428171464,touchstone_ri,2.8672804543714,1.0,,,
260519_2dsweep_1p5cell,sim,06_2_TDS-KyhlTune-260519_182.s2p,,S12,f_mean,sim,dispersion_mode_1,2.8672804543714,2.86728,-4.543714000604382e-07,-62.23115108550374,64.49433282352783,touchstone_ri,2.8672804543714,1.0,,,
260519_2dsweep_1p5cell,sim,06_2_TDS-KyhlTune-260519_182.s2p,,S21,f_mean,sim,dispersion_mode_1,2.8672804543714,2.86728,-4.543714000604382e-07,-62.2265465518997,64.4945286435258,touchstone_ri,2.8672804543714,1.0,,,
260519_2dsweep_1p5cell,sim,06_2_TDS-KyhlTune-260519_182.s2p,,S22,f_mean,sim,dispersion_mode_1,2.8672804543714,2.86728,-4.543714000604382e-07,-1.155417067604045e-06,-4.174428450436935,touchstone_ri,2.8672804543714,1.0,,,
260519_2dsweep_1p5cell,sim,06_2_TDS-KyhlTune-260519_183.s2p,,S11,f_mean,sim,dispersion_mode_1,2.8672804543714,2.86728,-4.543714000604382e-07,2.385714718483823e-05,-47.733839845129474,touchstone_ri,2.8672804543714,1.0,,,
260519_2dsweep_1p5cell,sim,06_2_TDS-KyhlTune-260519_183.s2p,,S12,f_mean,sim,dispersion_mode_1,2.8672804543714,2.86728,-4.543714000604382e-07,-61.74758830592931,63.92738554238298,touchstone_ri,2.8672804543714,1.0,,,
260519_2dsweep_1p5cell,sim,06_2_TDS-KyhlTune-260519_183.s2p,,S21,f_mean,sim,dispersion_mode_1,2.8672804543714,2.86728,-4.543714000604382e-07,-61.7391630017145,63.933990295668885,touchstone_ri,2.8672804543714,1.0,,,
260519_2dsweep_1p5cell,sim,06_2_TDS-KyhlTune-260519_183.s2p,,S22,f_mean,sim,dispersion_mode_1,2.8672804543714,2.86728,-4.543714000604382e-07,-1.3284945792983006e-06,-4.573821442956479,touchstone_ri,2.8672804543714,1.0,,,
260519_2dsweep_1p5cell,sim,06_2_TDS-KyhlTune-260519_184.s2p,,S11,f_mean,sim,dispersion_mode_1,2.8672804543714,2.86728,-4.543714000604382e-07,-0.00032185475938090093,-48.724132742751365,touchstone_ri,2.8672804543714,1.0,,,
260519_2dsweep_1p5cell,sim,06_2_TDS-KyhlTune-260519_184.s2p,,S12,f_mean,sim,dispersion_mode_1,2.8672804543714,2.86728,-4.543714000604382e-07,-59.92533045546212,64.21173729491116,touchstone_ri,2.8672804543714,1.0,,,
260519_2dsweep_1p5cell,sim,06_2_TDS-KyhlTune-260519_184.s2p,,S21,f_mean,sim,dispersion_mode_1,2.8672804543714,2.86728,-4.543714000604382e-07,-59.93156319662102,63.271808719404135,touchstone_ri,2.8672804543714,1.0,,,
260519_2dsweep_1p5cell,sim,06_2_TDS-KyhlTune-260519_184.s2p,,S22,f_mean,sim,dispersion_mode_1,2.8672804543714,2.86728,-4.543714000604382e-07,-1.0212030039237968e-05,-4.9243377935051305,touchstone_ri,2.8672804543714,1.0,,,
260519_2dsweep_1p5cell,sim,06_2_TDS-KyhlTune-260519_185.s2p,,S11,f_mean,sim,dispersion_mode_1,2.8672804543714,2.86728,-4.543714000604382e-07,-0.0006396360853472354,-49.755811210597955,touchstone_ri,2.8672804543714,1.0,,,
260519_2dsweep_1p5cell,sim,06_2_TDS-KyhlTune-260519_185.s2p,,S12,f_mean,sim,dispersion_mode_1,2.8672804543714,2.86728,-4.543714000604382e-07,-61.04908361236073,62.50933534644212,touchstone_ri,2.8672804543714,1.0,,,
260519_2dsweep_1p5cell,sim,06_2_TDS-KyhlTune-260519_185.s2p,,S21,f_mean,sim,dispersion_mode_1,2.8672804543714,2.86728,-4.543714000604382e-07,-60.186401726190596,65.0938652621242,touchstone_ri,2.8672804543714,1.0,,,
260519_2dsweep_1p5cell,sim,06_2_TDS-KyhlTune-260519_185.s2p,,S22,f_mean,sim,dispersion_mode_1,2.8672804543714,2.86728,-4.543714000604382e-07,-1.5265636740308526e-06,-5.298717837018102,touchstone_ri,2.8672804543714,1.0,,,
260519_2dsweep_1p5cell,sim,06_2_TDS-KyhlTune-260519_186.s2p,,S11,f_mean,sim,dispersion_mode_1,2.8672804543714,2.86728,-4.543714000604382e-07,5.400300786327522e-06,-50.64379811968527,touchstone_ri,2.8672804543714,1.0,,,
260519_2dsweep_1p5cell,sim,06_2_TDS-KyhlTune-260519_186.s2p,,S12,f_mean,sim,dispersion_mode_1,2.8672804543714,2.86728,-4.543714000604382e-07,-61.129659626242436,61.90767963302951,touchstone_ri,2.8672804543714,1.0,,,
260519_2dsweep_1p5cell,sim,06_2_TDS-KyhlTune-260519_186.s2p,,S21,f_mean,sim,dispersion_mode_1,2.8672804543714,2.86728,-4.543714000604382e-07,-61.12911323723537,61.85958858328048,touchstone_ri,2.8672804543714,1.0,,,
260519_2dsweep_1p5cell,sim,06_2_TDS-KyhlTune-260519_186.s2p,,S22,f_mean,sim,dispersion_mode_1,2.8672804543714,2.86728,-4.543714000604382e-07,-3.2429078223651022e-06,-5.630903261414893,touchstone_ri,2.8672804543714,1.0,,,
260519_2dsweep_1p5cell,sim,06_2_TDS-KyhlTune-260519_187.s2p,,S11,f_mean,sim,dispersion_mode_1,2.8672804543714,2.86728,-4.543714000604382e-07,-1.02603778736251e-05,-51.631733207627114,touchstone_ri,2.8672804543714,1.0,,,
260519_2dsweep_1p5cell,sim,06_2_TDS-KyhlTune-260519_187.s2p,,S12,f_mean,sim,dispersion_mode_1,2.8672804543714,2.86728,-4.543714000604382e-07,-61.17085536322921,61.232157906860905,touchstone_ri,2.8672804543714,1.0,,,
260519_2dsweep_1p5cell,sim,06_2_TDS-KyhlTune-260519_187.s2p,,S21,f_mean,sim,dispersion_mode_1,2.8672804543714,2.86728,-4.543714000604382e-07,-61.148758823282535,61.22395234917396,touchstone_ri,2.8672804543714,1.0,,,
260519_2dsweep_1p5cell,sim,06_2_TDS-KyhlTune-260519_187.s2p,,S22,f_mean,sim,dispersion_mode_1,2.8672804543714,2.86728,-4.543714000604382e-07,-2.5322406671593077e-05,-5.925147060570027,touchstone_ri,2.8672804543714,1.0,,,
260519_2dsweep_1p5cell,sim,06_2_TDS-KyhlTune-260519_188.s2p,,S11,f_mean,sim,dispersion_mode_1,2.8672804543714,2.86728,-4.543714000604382e-07,2.3193037830090555e-05,-52.66631298177748,touchstone_ri,2.8672804543714,1.0,,,
260519_2dsweep_1p5cell,sim,06_2_TDS-KyhlTune-260519_188.s2p,,S12,f_mean,sim,dispersion_mode_1,2.8672804543714,2.86728,-4.543714000604382e-07,-61.23343367776181,60.60313694385968,touchstone_ri,2.8672804543714,1.0,,,
260519_2dsweep_1p5cell,sim,06_2_TDS-KyhlTune-260519_188.s2p,,S21,f_mean,sim,dispersion_mode_1,2.8672804543714,2.86728,-4.543714000604382e-07,-61.244780779626396,60.53397306970458,touchstone_ri,2.8672804543714,1.0,,,
260519_2dsweep_1p5cell,sim,06_2_TDS-KyhlTune-260519_188.s2p,,S22,f_mean,sim,dispersion_mode_1,2.8672804543714,2.86728,-4.543714000604382e-07,-1.7902353331821637e-06,-6.222781306747872,touchstone_ri,2.8672804543714,1.0,,,
260519_2dsweep_1p5cell,sim,06_2_TDS-KyhlTune-260519_189.s2p,,S11,f_mean,sim,dispersion_mode_1,2.8672804543714,2.86728,-4.543714000604382e-07,1.6678502236404116e-05,-43.86435670236269,touchstone_ri,2.8672804543714,1.0,,,
260519_2dsweep_1p5cell,sim,06_2_TDS-KyhlTune-260519_189.s2p,,S12,f_mean,sim,dispersion_mode_1,2.8672804543714,2.86728,-4.543714000604382e-07,-63.45662213252507,66.38039214348439,touchstone_ri,2.8672804543714,1.0,,,
260519_2dsweep_1p5cell,sim,06_2_TDS-KyhlTune-260519_189.s2p,,S21,f_mean,sim,dispersion_mode_1,2.8672804543714,2.86728,-4.543714000604382e-07,-63.62588294474758,66.01658296137627,touchstone_ri,2.8672804543714,1.0,,,
260519_2dsweep_1p5cell,sim,06_2_TDS-KyhlTune-260519_189.s2p,,S22,f_mean,sim,dispersion_mode_1,2.8672804543714,2.86728,-4.543714000604382e-07,-7.182646959901571e-07,-3.78232581138425,touchstone_ri,2.8672804543714,1.0,,,
260519_2dsweep_1p5cell,sim,06_2_TDS-KyhlTune-260519_19.s2p,,S11,f_mean,sim,dispersion_mode_1,2.8672804543714,2.86728,-4.543714000604382e-07,-2.3056921712237195e-05,-41.88980542954666,touchstone_ri,2.8672804543714,1.0,,,
260519_2dsweep_1p5cell,sim,06_2_TDS-KyhlTune-260519_19.s2p,,S12,f_mean,sim,dispersion_mode_1,2.8672804543714,2.86728,-4.543714000604382e-07,-56.77829596172705,79.89021778702521,touchstone_ri,2.8672804543714,1.0,,,
260519_2dsweep_1p5cell,sim,06_2_TDS-KyhlTune-260519_19.s2p,,S21,f_mean,sim,dispersion_mode_1,2.8672804543714,2.86728,-4.543714000604382e-07,-56.78285334793523,79.9148021396286,touchstone_ri,2.8672804543714,1.0,,,
260519_2dsweep_1p5cell,sim,06_2_TDS-KyhlTune-260519_19.s2p,,S22,f_mean,sim,dispersion_mode_1,2.8672804543714,2.86728,-4.543714000604382e-07,-9.562305767366238e-06,21.735393009238187,touchstone_ri,2.8672804543714,1.0,,,
260519_2dsweep_1p5cell,sim,06_2_TDS-KyhlTune-260519_190.s2p,,S11,f_mean,sim,dispersion_mode_1,2.8672804543714,2.86728,-4.543714000604382e-07,-5.385221724718092e-05,-44.70038903162585,touchstone_ri,2.8672804543714,1.0,,,
260519_2dsweep_1p5cell,sim,06_2_TDS-KyhlTune-260519_190.s2p,,S12,f_mean,sim,dispersion_mode_1,2.8672804543714,2.86728,-4.543714000604382e-07,-62.57808331394125,65.56944724937345,touchstone_ri,2.8672804543714,1.0,,,
260519_2dsweep_1p5cell,sim,06_2_TDS-KyhlTune-260519_190.s2p,,S21,f_mean,sim,dispersion_mode_1,2.8672804543714,2.86728,-4.543714000604382e-07,-61.97342767991364,68.70028371220945,touchstone_ri,2.8672804543714,1.0,,,
260519_2dsweep_1p5cell,sim,06_2_TDS-KyhlTune-260519_190.s2p,,S22,f_mean,sim,dispersion_mode_1,2.8672804543714,2.86728,-4.543714000604382e-07,-6.862584960302183e-07,-4.242741282158925,touchstone_ri,2.8672804543714,1.0,,,
260519_2dsweep_1p5cell,sim,06_2_TDS-KyhlTune-260519_191.s2p,,S11,f_mean,sim,dispersion_mode_1,2.8672804543714,2.86728,-4.543714000604382e-07,-3.648587375766501e-06,-45.538204576294625,touchstone_ri,2.8672804543714,1.0,,,
260519_2dsweep_1p5cell,sim,06_2_TDS-KyhlTune-260519_191.s2p,,S12,f_mean,sim,dispersion_mode_1,2.8672804543714,2.86728,-4.543714000604382e-07,-61.20727681644138,64.82996436422805,touchstone_ri,2.8672804543714,1.0,,,
260519_2dsweep_1p5cell,sim,06_2_TDS-KyhlTune-260519_191.s2p,,S21,f_mean,sim,dispersion_mode_1,2.8672804543714,2.86728,-4.543714000604382e-07,-61.20767392609273,64.9148566901805,touchstone_ri,2.8672804543714,1.0,,,
260519_2dsweep_1p5cell,sim,06_2_TDS-KyhlTune-260519_191.s2p,,S22,f_mean,sim,dispersion_mode_1,2.8672804543714,2.86728,-4.543714000604382e-07,-2.004650150524721e-06,-4.648913675793102,touchstone_ri,2.8672804543714,1.0,,,
260519_2dsweep_1p5cell,sim,06_2_TDS-KyhlTune-260519_192.s2p,,S11,f_mean,sim,dispersion_mode_1,2.8672804543714,2.86728,-4.543714000604382e-07,-0.0001850050668292297,-46.317189064784124,touchstone_ri,2.8672804543714,1.0,,,
260519_2dsweep_1p5cell,sim,06_2_TDS-KyhlTune-260519_192.s2p,,S12,f_mean,sim,dispersion_mode_1,2.8672804543714,2.86728,-4.543714000604382e-07,-62.684590674310286,64.40283722360607,touchstone_ri,2.8672804543714,1.0,,,
260519_2dsweep_1p5cell,sim,06_2_TDS-KyhlTune-260519_192.s2p,,S21,f_mean,sim,dispersion_mode_1,2.8672804543714,2.86728,-4.543714000604382e-07,-62.420814694528126,64.6648866539154,touchstone_ri,2.8672804543714,1.0,,,
260519_2dsweep_1p5cell,sim,06_2_TDS-KyhlTune-260519_192.s2p,,S22,f_mean,sim,dispersion_mode_1,2.8672804543714,2.86728,-4.543714000604382e-07,-1.0126831584088115e-06,-5.026143461135123,touchstone_ri,2.8672804543714,1.0,,,
260519_2dsweep_1p5cell,sim,06_2_TDS-KyhlTune-260519_193.s2p,,S11,f_mean,sim,dispersion_mode_1,2.8672804543714,2.86728,-4.543714000604382e-07,-2.2413298517443573e-05,-47.262313156870505,touchstone_ri,2.8672804543714,1.0,,,
260519_2dsweep_1p5cell,sim,06_2_TDS-KyhlTune-260519_193.s2p,,S12,f_mean,sim,dispersion_mode_1,2.8672804543714,2.86728,-4.543714000604382e-07,-62.01265911614379,63.16635292086601,touchstone_ri,2.8672804543714,1.0,,,
260519_2dsweep_1p5cell,sim,06_2_TDS-KyhlTune-260519_193.s2p,,S21,f_mean,sim,dispersion_mode_1,2.8672804543714,2.86728,-4.543714000604382e-07,-61.93424048846111,64.31733069524331,touchstone_ri,2.8672804543714,1.0,,,
260519_2dsweep_1p5cell,sim,06_2_TDS-KyhlTune-260519_193.s2p,,S22,f_mean,sim,dispersion_mode_1,2.8672804543714,2.86728,-4.543714000604382e-07,-2.7323585738414674e-06,-5.397546734093895,touchstone_ri,2.8672804543714,1.0,,,
260519_2dsweep_1p5cell,sim,06_2_TDS-KyhlTune-260519_194.s2p,,S11,f_mean,sim,dispersion_mode_1,2.8672804543714,2.86728,-4.543714000604382e-07,-2.3075620921043763e-05,-48.105491886431075,touchstone_ri,2.8672804543714,1.0,,,
260519_2dsweep_1p5cell,sim,06_2_TDS-KyhlTune-260519_194.s2p,,S12,f_mean,sim,dispersion_mode_1,2.8672804543714,2.86728,-4.543714000604382e-07,-62.03515818432406,63.089241086968855,touchstone_ri,2.8672804543714,1.0,,,
260519_2dsweep_1p5cell,sim,06_2_TDS-KyhlTune-260519_194.s2p,,S21,f_mean,sim,dispersion_mode_1,2.8672804543714,2.86728,-4.543714000604382e-07,-62.03721388530752,63.082665578771625,touchstone_ri,2.8672804543714,1.0,,,
260519_2dsweep_1p5cell,sim,06_2_TDS-KyhlTune-260519_194.s2p,,S22,f_mean,sim,dispersion_mode_1,2.8672804543714,2.86728,-4.543714000604382e-07,-1.2753519928591938e-06,-5.743874838726325,touchstone_ri,2.8672804543714,1.0,,,
260519_2dsweep_1p5cell,sim,06_2_TDS-KyhlTune-260519_195.s2p,,S11,f_mean,sim,dispersion_mode_1,2.8672804543714,2.86728,-4.543714000604382e-07,1.4812804279455111e-05,-49.087460396945104,touchstone_ri,2.8672804543714,1.0,,,
260519_2dsweep_1p5cell,sim,06_2_TDS-KyhlTune-260519_195.s2p,,S12,f_mean,sim,dispersion_mode_1,2.8672804543714,2.86728,-4.543714000604382e-07,-63.24776340201356,62.451048114835665,touchstone_ri,2.8672804543714,1.0,,,
260519_2dsweep_1p5cell,sim,06_2_TDS-KyhlTune-260519_195.s2p,,S21,f_mean,sim,dispersion_mode_1,2.8672804543714,2.86728,-4.543714000604382e-07,-63.2720759393191,62.46227837296709,touchstone_ri,2.8672804543714,1.0,,,
260519_2dsweep_1p5cell,sim,06_2_TDS-KyhlTune-260519_195.s2p,,S22,f_mean,sim,dispersion_mode_1,2.8672804543714,2.86728,-4.543714000604382e-07,-1.0055112256612343e-06,-6.043894379997457,touchstone_ri,2.8672804543714,1.0,,,
260519_2dsweep_1p5cell,sim,06_2_TDS-KyhlTune-260519_196.s2p,,S11,f_mean,sim,dispersion_mode_1,2.8672804543714,2.86728,-4.543714000604382e-07,-3.635351356757268e-05,-50.05132330570255,touchstone_ri,2.8672804543714,1.0,,,
260519_2dsweep_1p5cell,sim,06_2_TDS-KyhlTune-260519_196.s2p,,S12,f_mean,sim,dispersion_mode_1,2.8672804543714,2.86728,-4.543714000604382e-07,-60.38811751178965,61.90789598145058,touchstone_ri,2.8672804543714,1.0,,,
260519_2dsweep_1p5cell,sim,06_2_TDS-KyhlTune-260519_196.s2p,,S21,f_mean,sim,dispersion_mode_1,2.8672804543714,2.86728,-4.543714000604382e-07,-60.397816937184444,61.808624343352356,touchstone_ri,2.8672804543714,1.0,,,
260519_2dsweep_1p5cell,sim,06_2_TDS-KyhlTune-260519_196.s2p,,S22,f_mean,sim,dispersion_mode_1,2.8672804543714,2.86728,-4.543714000604382e-07,-4.616843343405322e-06,-6.356700646523825,touchstone_ri,2.8672804543714,1.0,,,
260519_2dsweep_1p5cell,sim,06_2_TDS-KyhlTune-260519_197.s2p,,S11,f_mean,sim,dispersion_mode_1,2.8672804543714,2.86728,-4.543714000604382e-07,-0.00029110948675826294,-51.02579606680938,touchstone_ri,2.8672804543714,1.0,,,
260519_2dsweep_1p5cell,sim,06_2_TDS-KyhlTune-260519_197.s2p,,S12,f_mean,sim,dispersion_mode_1,2.8672804543714,2.86728,-4.543714000604382e-07,-62.01342966083736,61.186713025768384,touchstone_ri,2.8672804543714,1.0,,,
260519_2dsweep_1p5cell,sim,06_2_TDS-KyhlTune-260519_197.s2p,,S21,f_mean,sim,dispersion_mode_1,2.8672804543714,2.86728,-4.543714000604382e-07,-61.61447351218489,58.36869595429781,touchstone_ri,2.8672804543714,1.0,,,
260519_2dsweep_1p5cell,sim,06_2_TDS-KyhlTune-260519_197.s2p,,S22,f_mean,sim,dispersion_mode_1,2.8672804543714,2.86728,-4.543714000604382e-07,-1.777712306046393e-06,-6.619758527079992,touchstone_ri,2.8672804543714,1.0,,,
260519_2dsweep_1p5cell,sim,06_2_TDS-KyhlTune-260519_198.s2p,,S11,f_mean,sim,dispersion_mode_1,2.8672804543714,2.86728,-4.543714000604382e-07,-0.0007391269977106888,-52.03318495444471,touchstone_ri,2.8672804543714,1.0,,,
260519_2dsweep_1p5cell,sim,06_2_TDS-KyhlTune-260519_198.s2p,,S12,f_mean,sim,dispersion_mode_1,2.8672804543714,2.86728,-4.543714000604382e-07,-61.460472179250004,60.5301024195324,touchstone_ri,2.8672804543714,1.0,,,
260519_2dsweep_1p5cell,sim,06_2_TDS-KyhlTune-260519_198.s2p,,S21,f_mean,sim,dispersion_mode_1,2.8672804543714,2.86728,-4.543714000604382e-07,-60.881680148152704,62.39483210495773,touchstone_ri,2.8672804543714,1.0,,,
260519_2dsweep_1p5cell,sim,06_2_TDS-KyhlTune-260519_198.s2p,,S22,f_mean,sim,dispersion_mode_1,2.8672804543714,2.86728,-4.543714000604382e-07,-1.576582987033195e-06,-6.894248680844841,touchstone_ri,2.8672804543714,1.0,,,
260519_2dsweep_1p5cell,sim,06_2_TDS-KyhlTune-260519_199.s2p,,S11,f_mean,sim,dispersion_mode_1,2.8672804543714,2.86728,-4.543714000604382e-07,-0.0007130958525765573,-53.0302398688487,touchstone_ri,2.8672804543714,1.0,,,
260519_2dsweep_1p5cell,sim,06_2_TDS-KyhlTune-260519_199.s2p,,S12,f_mean,sim,dispersion_mode_1,2.8672804543714,2.86728,-4.543714000604382e-07,-60.47303937078954,59.92090842329682,touchstone_ri,2.8672804543714,1.0,,,
260519_2dsweep_1p5cell,sim,06_2_TDS-KyhlTune-260519_199.s2p,,S21,f_mean,sim,dispersion_mode_1,2.8672804543714,2.86728,-4.543714000604382e-07,-60.35614441897759,60.31976088617925,touchstone_ri,2.8672804543714,1.0,,,
260519_2dsweep_1p5cell,sim,06_2_TDS-KyhlTune-260519_199.s2p,,S22,f_mean,sim,dispersion_mode_1,2.8672804543714,2.86728,-4.543714000604382e-07,-2.1367699244519266e-06,-7.1772005380231025,touchstone_ri,2.8672804543714,1.0,,,
260519_2dsweep_1p5cell,sim,06_2_TDS-KyhlTune-260519_1_1.s2p,,S11,f_mean,sim,dispersion_mode_1,2.8672804543714,2.86728,-4.543714000604382e-07,-0.01682256540942862,-55.891179766992586,touchstone_ri,2.8672804543714,1.0,,,
260519_2dsweep_1p5cell,sim,06_2_TDS-KyhlTune-260519_1_1.s2p,,S12,f_mean,sim,dispersion_mode_1,2.8672804543714,2.86728,-4.543714000604382e-07,-24.125313092519654,-142.60117608761186,touchstone_ri,2.8672804543714,1.0,,,
260519_2dsweep_1p5cell,sim,06_2_TDS-KyhlTune-260519_1_1.s2p,,S21,f_mean,sim,dispersion_mode_1,2.8672804543714,2.86728,-4.543714000604382e-07,-24.125349108566976,-142.60156420063217,touchstone_ri,2.8672804543714,1.0,,,
260519_2dsweep_1p5cell,sim,06_2_TDS-KyhlTune-260519_1_1.s2p,,S22,f_mean,sim,dispersion_mode_1,2.8672804543714,2.86728,-4.543714000604382e-07,-0.015818307289737925,-49.337074602955106,touchstone_ri,2.8672804543714,1.0,,,
260519_2dsweep_1p5cell,sim,06_2_TDS-KyhlTune-260519_2.s2p,,S11,f_mean,sim,dispersion_mode_1,2.8672804543714,2.86728,-4.543714000604382e-07,-1.4638514943041954e-05,-47.50417459385837,touchstone_ri,2.8672804543714,1.0,,,
260519_2dsweep_1p5cell,sim,06_2_TDS-KyhlTune-260519_2.s2p,,S12,f_mean,sim,dispersion_mode_1,2.8672804543714,2.86728,-4.543714000604382e-07,-62.47840727462136,64.56165636953459,touchstone_ri,2.8672804543714,1.0,,,
260519_2dsweep_1p5cell,sim,06_2_TDS-KyhlTune-260519_2.s2p,,S21,f_mean,sim,dispersion_mode_1,2.8672804543714,2.86728,-4.543714000604382e-07,-62.48176693097256,64.57166443772769,touchstone_ri,2.8672804543714,1.0,,,
260519_2dsweep_1p5cell,sim,06_2_TDS-KyhlTune-260519_2.s2p,,S22,f_mean,sim,dispersion_mode_1,2.8672804543714,2.86728,-4.543714000604382e-07,-1.1282126263063385e-06,-3.3792985466179046,touchstone_ri,2.8672804543714,1.0,,,
260519_2dsweep_1p5cell,sim,06_2_TDS-KyhlTune-260519_20.s2p,,S11,f_mean,sim,dispersion_mode_1,2.8672804543714,2.86728,-4.543714000604382e-07,-0.00011303287721460475,-42.828369865062875,touchstone_ri,2.8672804543714,1.0,,,
260519_2dsweep_1p5cell,sim,06_2_TDS-KyhlTune-260519_20.s2p,,S12,f_mean,sim,dispersion_mode_1,2.8672804543714,2.86728,-4.543714000604382e-07,-57.14226452046367,78.17891441634376,touchstone_ri,2.8672804543714,1.0,,,
260519_2dsweep_1p5cell,sim,06_2_TDS-KyhlTune-260519_20.s2p,,S21,f_mean,sim,dispersion_mode_1,2.8672804543714,2.86728,-4.543714000604382e-07,-57.11283073709261,78.17708667811371,touchstone_ri,2.8672804543714,1.0,,,
260519_2dsweep_1p5cell,sim,06_2_TDS-KyhlTune-260519_20.s2p,,S22,f_mean,sim,dispersion_mode_1,2.8672804543714,2.86728,-4.543714000604382e-07,-1.0758982421649705e-05,19.19772339028985,touchstone_ri,2.8672804543714,1.0,,,
260519_2dsweep_1p5cell,sim,06_2_TDS-KyhlTune-260519_200.s2p,,S11,f_mean,sim,dispersion_mode_1,2.8672804543714,2.86728,-4.543714000604382e-07,-5.314865052079683e-05,-44.123971945699715,touchstone_ri,2.8672804543714,1.0,,,
260519_2dsweep_1p5cell,sim,06_2_TDS-KyhlTune-260519_200.s2p,,S12,f_mean,sim,dispersion_mode_1,2.8672804543714,2.86728,-4.543714000604382e-07,-64.9605902201999,65.38954904410545,touchstone_ri,2.8672804543714,1.0,,,
260519_2dsweep_1p5cell,sim,06_2_TDS-KyhlTune-260519_200.s2p,,S21,f_mean,sim,dispersion_mode_1,2.8672804543714,2.86728,-4.543714000604382e-07,-64.95793415181055,65.37352011098653,touchstone_ri,2.8672804543714,1.0,,,
260519_2dsweep_1p5cell,sim,06_2_TDS-KyhlTune-260519_200.s2p,,S22,f_mean,sim,dispersion_mode_1,2.8672804543714,2.86728,-4.543714000604382e-07,-5.303057210715169e-07,-5.16685891674605,touchstone_ri,2.8672804543714,1.0,,,
260519_2dsweep_1p5cell,sim,06_2_TDS-KyhlTune-260519_201.s2p,,S11,f_mean,sim,dispersion_mode_1,2.8672804543714,2.86728,-4.543714000604382e-07,-1.0459364092340113e-05,-44.954322652949394,touchstone_ri,2.8672804543714,1.0,,,
260519_2dsweep_1p5cell,sim,06_2_TDS-KyhlTune-260519_201.s2p,,S12,f_mean,sim,dispersion_mode_1,2.8672804543714,2.86728,-4.543714000604382e-07,-63.35606382747318,64.79146800234312,touchstone_ri,2.8672804543714,1.0,,,
260519_2dsweep_1p5cell,sim,06_2_TDS-KyhlTune-260519_201.s2p,,S21,f_mean,sim,dispersion_mode_1,2.8672804543714,2.86728,-4.543714000604382e-07,-61.65915709298618,62.79640488091448,touchstone_ri,2.8672804543714,1.0,,,
260519_2dsweep_1p5cell,sim,06_2_TDS-KyhlTune-260519_201.s2p,,S22,f_mean,sim,dispersion_mode_1,2.8672804543714,2.86728,-4.543714000604382e-07,-6.434874218032647e-05,-5.560213254110694,touchstone_ri,2.8672804543714,1.0,,,
260519_2dsweep_1p5cell,sim,06_2_TDS-KyhlTune-260519_202.s2p,,S11,f_mean,sim,dispersion_mode_1,2.8672804543714,2.86728,-4.543714000604382e-07,-0.00034341123144645164,-45.8137090359703,touchstone_ri,2.8672804543714,1.0,,,
260519_2dsweep_1p5cell,sim,06_2_TDS-KyhlTune-260519_202.s2p,,S12,f_mean,sim,dispersion_mode_1,2.8672804543714,2.86728,-4.543714000604382e-07,-63.372849156966744,64.23343587089045,touchstone_ri,2.8672804543714,1.0,,,
260519_2dsweep_1p5cell,sim,06_2_TDS-KyhlTune-260519_202.s2p,,S21,f_mean,sim,dispersion_mode_1,2.8672804543714,2.86728,-4.543714000604382e-07,-63.32196012104235,64.48010244301909,touchstone_ri,2.8672804543714,1.0,,,
260519_2dsweep_1p5cell,sim,06_2_TDS-KyhlTune-260519_202.s2p,,S22,f_mean,sim,dispersion_mode_1,2.8672804543714,2.86728,-4.543714000604382e-07,-8.145682081186367e-07,-5.907099060817783,touchstone_ri,2.8672804543714,1.0,,,
260519_2dsweep_1p5cell,sim,06_2_TDS-KyhlTune-260519_203.s2p,,S11,f_mean,sim,dispersion_mode_1,2.8672804543714,2.86728,-4.543714000604382e-07,-5.494089758936079e-05,-46.59065136884872,touchstone_ri,2.8672804543714,1.0,,,
260519_2dsweep_1p5cell,sim,06_2_TDS-KyhlTune-260519_203.s2p,,S12,f_mean,sim,dispersion_mode_1,2.8672804543714,2.86728,-4.543714000604382e-07,-63.6295178476206,63.609341285036386,touchstone_ri,2.8672804543714,1.0,,,
260519_2dsweep_1p5cell,sim,06_2_TDS-KyhlTune-260519_203.s2p,,S21,f_mean,sim,dispersion_mode_1,2.8672804543714,2.86728,-4.543714000604382e-07,-63.631285435464164,63.58284503980355,touchstone_ri,2.8672804543714,1.0,,,
260519_2dsweep_1p5cell,sim,06_2_TDS-KyhlTune-260519_203.s2p,,S22,f_mean,sim,dispersion_mode_1,2.8672804543714,2.86728,-4.543714000604382e-07,-3.8054950861174466e-06,-6.236753819667845,touchstone_ri,2.8672804543714,1.0,,,
260519_2dsweep_1p5cell,sim,06_2_TDS-KyhlTune-260519_204.s2p,,S11,f_mean,sim,dispersion_mode_1,2.8672804543714,2.86728,-4.543714000604382e-07,-4.5582555203004066e-05,-47.500006388389394,touchstone_ri,2.8672804543714,1.0,,,
260519_2dsweep_1p5cell,sim,06_2_TDS-KyhlTune-260519_204.s2p,,S12,f_mean,sim,dispersion_mode_1,2.8672804543714,2.86728,-4.543714000604382e-07,-63.96211510257114,63.00860222753414,touchstone_ri,2.8672804543714,1.0,,,
260519_2dsweep_1p5cell,sim,06_2_TDS-KyhlTune-260519_204.s2p,,S21,f_mean,sim,dispersion_mode_1,2.8672804543714,2.86728,-4.543714000604382e-07,-63.96342386114736,63.0598624595643,touchstone_ri,2.8672804543714,1.0,,,
260519_2dsweep_1p5cell,sim,06_2_TDS-KyhlTune-260519_204.s2p,,S22,f_mean,sim,dispersion_mode_1,2.8672804543714,2.86728,-4.543714000604382e-07,-6.958827010244156e-05,-6.518029264734533,touchstone_ri,2.8672804543714,1.0,,,
260519_2dsweep_1p5cell,sim,06_2_TDS-KyhlTune-260519_205.s2p,,S11,f_mean,sim,dispersion_mode_1,2.8672804543714,2.86728,-4.543714000604382e-07,-0.000225398772413739,-48.45167517615541,touchstone_ri,2.8672804543714,1.0,,,
260519_2dsweep_1p5cell,sim,06_2_TDS-KyhlTune-260519_205.s2p,,S12,f_mean,sim,dispersion_mode_1,2.8672804543714,2.86728,-4.543714000604382e-07,-62.05002661235639,62.37843089206264,touchstone_ri,2.8672804543714,1.0,,,
260519_2dsweep_1p5cell,sim,06_2_TDS-KyhlTune-260519_205.s2p,,S21,f_mean,sim,dispersion_mode_1,2.8672804543714,2.86728,-4.543714000604382e-07,-62.08119453238278,62.51755667046505,touchstone_ri,2.8672804543714,1.0,,,
260519_2dsweep_1p5cell,sim,06_2_TDS-KyhlTune-260519_205.s2p,,S22,f_mean,sim,dispersion_mode_1,2.8672804543714,2.86728,-4.543714000604382e-07,-1.2727308559165433e-06,-6.8105199436118005,touchstone_ri,2.8672804543714,1.0,,,
260519_2dsweep_1p5cell,sim,06_2_TDS-KyhlTune-260519_206.s2p,,S11,f_mean,sim,dispersion_mode_1,2.8672804543714,2.86728,-4.543714000604382e-07,-0.0007722602480803235,-49.392836069597884,touchstone_ri,2.8672804543714,1.0,,,
260519_2dsweep_1p5cell,sim,06_2_TDS-KyhlTune-260519_206.s2p,,S12,f_mean,sim,dispersion_mode_1,2.8672804543714,2.86728,-4.543714000604382e-07,-63.79433348277243,61.79431969547327,touchstone_ri,2.8672804543714,1.0,,,
260519_2dsweep_1p5cell,sim,06_2_TDS-KyhlTune-260519_206.s2p,,S21,f_mean,sim,dispersion_mode_1,2.8672804543714,2.86728,-4.543714000604382e-07,-63.407623428753524,66.99470359928482,touchstone_ri,2.8672804543714,1.0,,,
260519_2dsweep_1p5cell,sim,06_2_TDS-KyhlTune-260519_206.s2p,,S22,f_mean,sim,dispersion_mode_1,2.8672804543714,2.86728,-4.543714000604382e-07,-5.716358779769502e-07,-7.094298147690685,touchstone_ri,2.8672804543714,1.0,,,
260519_2dsweep_1p5cell,sim,06_2_TDS-KyhlTune-260519_207.s2p,,S11,f_mean,sim,dispersion_mode_1,2.8672804543714,2.86728,-4.543714000604382e-07,1.713835852541104e-05,-50.382053728942424,touchstone_ri,2.8672804543714,1.0,,,
260519_2dsweep_1p5cell,sim,06_2_TDS-KyhlTune-260519_207.s2p,,S12,f_mean,sim,dispersion_mode_1,2.8672804543714,2.86728,-4.543714000604382e-07,-62.05700241034415,61.15361413453408,touchstone_ri,2.8672804543714,1.0,,,
260519_2dsweep_1p5cell,sim,06_2_TDS-KyhlTune-260519_207.s2p,,S21,f_mean,sim,dispersion_mode_1,2.8672804543714,2.86728,-4.543714000604382e-07,-62.07103241251782,61.02779010865225,touchstone_ri,2.8672804543714,1.0,,,
260519_2dsweep_1p5cell,sim,06_2_TDS-KyhlTune-260519_207.s2p,,S22,f_mean,sim,dispersion_mode_1,2.8672804543714,2.86728,-4.543714000604382e-07,-1.391588294217098e-06,-7.343714743185431,touchstone_ri,2.8672804543714,1.0,,,
260519_2dsweep_1p5cell,sim,06_2_TDS-KyhlTune-260519_208.s2p,,S11,f_mean,sim,dispersion_mode_1,2.8672804543714,2.86728,-4.543714000604382e-07,-3.11922593678102e-05,-51.38109856213093,touchstone_ri,2.8672804543714,1.0,,,
260519_2dsweep_1p5cell,sim,06_2_TDS-KyhlTune-260519_208.s2p,,S12,f_mean,sim,dispersion_mode_1,2.8672804543714,2.86728,-4.543714000604382e-07,-62.70359551214577,60.44648852677226,touchstone_ri,2.8672804543714,1.0,,,
260519_2dsweep_1p5cell,sim,06_2_TDS-KyhlTune-260519_208.s2p,,S21,f_mean,sim,dispersion_mode_1,2.8672804543714,2.86728,-4.543714000604382e-07,-62.76040424166488,60.47498287144324,touchstone_ri,2.8672804543714,1.0,,,
260519_2dsweep_1p5cell,sim,06_2_TDS-KyhlTune-260519_208.s2p,,S22,f_mean,sim,dispersion_mode_1,2.8672804543714,2.86728,-4.543714000604382e-07,-3.111395785715492e-06,-7.622172065188638,touchstone_ri,2.8672804543714,1.0,,,
260519_2dsweep_1p5cell,sim,06_2_TDS-KyhlTune-260519_209.s2p,,S11,f_mean,sim,dispersion_mode_1,2.8672804543714,2.86728,-4.543714000604382e-07,1.6175075413546783e-05,-52.52897471434785,touchstone_ri,2.8672804543714,1.0,,,
260519_2dsweep_1p5cell,sim,06_2_TDS-KyhlTune-260519_209.s2p,,S12,f_mean,sim,dispersion_mode_1,2.8672804543714,2.86728,-4.543714000604382e-07,-61.862270909631675,59.82905474604236,touchstone_ri,2.8672804543714,1.0,,,
260519_2dsweep_1p5cell,sim,06_2_TDS-KyhlTune-260519_209.s2p,,S21,f_mean,sim,dispersion_mode_1,2.8672804543714,2.86728,-4.543714000604382e-07,-61.77825108297286,55.90358224512026,touchstone_ri,2.8672804543714,1.0,,,
260519_2dsweep_1p5cell,sim,06_2_TDS-KyhlTune-260519_209.s2p,,S22,f_mean,sim,dispersion_mode_1,2.8672804543714,2.86728,-4.543714000604382e-07,-5.314013385220992e-06,-7.844848494319772,touchstone_ri,2.8672804543714,1.0,,,
260519_2dsweep_1p5cell,sim,06_2_TDS-KyhlTune-260519_21.s2p,,S11,f_mean,sim,dispersion_mode_1,2.8672804543714,2.86728,-4.543714000604382e-07,1.6221134483079352e-05,-43.67110356239543,touchstone_ri,2.8672804543714,1.0,,,
260519_2dsweep_1p5cell,sim,06_2_TDS-KyhlTune-260519_21.s2p,,S12,f_mean,sim,dispersion_mode_1,2.8672804543714,2.86728,-4.543714000604382e-07,-57.422041582763754,76.58946514303786,touchstone_ri,2.8672804543714,1.0,,,
260519_2dsweep_1p5cell,sim,06_2_TDS-KyhlTune-260519_21.s2p,,S21,f_mean,sim,dispersion_mode_1,2.8672804543714,2.86728,-4.543714000604382e-07,-57.370438156711515,76.6496062319289,touchstone_ri,2.8672804543714,1.0,,,
260519_2dsweep_1p5cell,sim,06_2_TDS-KyhlTune-260519_21.s2p,,S22,f_mean,sim,dispersion_mode_1,2.8672804543714,2.86728,-4.543714000604382e-07,-4.983289304332464e-06,17.017843168105177,touchstone_ri,2.8672804543714,1.0,,,
260519_2dsweep_1p5cell,sim,06_2_TDS-KyhlTune-260519_210.s2p,,S11,f_mean,sim,dispersion_mode_1,2.8672804543714,2.86728,-4.543714000604382e-07,-0.0001621019680865757,-53.54500687847739,touchstone_ri,2.8672804543714,1.0,,,
260519_2dsweep_1p5cell,sim,06_2_TDS-KyhlTune-260519_210.s2p,,S12,f_mean,sim,dispersion_mode_1,2.8672804543714,2.86728,-4.543714000604382e-07,-63.452541669074954,59.18749741091648,touchstone_ri,2.8672804543714,1.0,,,
260519_2dsweep_1p5cell,sim,06_2_TDS-KyhlTune-260519_210.s2p,,S21,f_mean,sim,dispersion_mode_1,2.8672804543714,2.86728,-4.543714000604382e-07,-63.613580405742454,61.250510318965475,touchstone_ri,2.8672804543714,1.0,,,
260519_2dsweep_1p5cell,sim,06_2_TDS-KyhlTune-260519_210.s2p,,S22,f_mean,sim,dispersion_mode_1,2.8672804543714,2.86728,-4.543714000604382e-07,-1.7296991993973869e-06,-8.046770808084007,touchstone_ri,2.8672804543714,1.0,,,
260519_2dsweep_1p5cell,sim,06_2_TDS-KyhlTune-260519_211.s2p,,S11,f_mean,sim,dispersion_mode_1,2.8672804543714,2.86728,-4.543714000604382e-07,9.431869627209451e-06,-44.37141750804921,touchstone_ri,2.8672804543714,1.0,,,
260519_2dsweep_1p5cell,sim,06_2_TDS-KyhlTune-260519_211.s2p,,S12,f_mean,sim,dispersion_mode_1,2.8672804543714,2.86728,-4.543714000604382e-07,-65.12068105003935,64.60751935431611,touchstone_ri,2.8672804543714,1.0,,,
260519_2dsweep_1p5cell,sim,06_2_TDS-KyhlTune-260519_211.s2p,,S21,f_mean,sim,dispersion_mode_1,2.8672804543714,2.86728,-4.543714000604382e-07,-65.07618426871241,65.63095793295176,touchstone_ri,2.8672804543714,1.0,,,
260519_2dsweep_1p5cell,sim,06_2_TDS-KyhlTune-260519_211.s2p,,S22,f_mean,sim,dispersion_mode_1,2.8672804543714,2.86728,-4.543714000604382e-07,-4.6007712668208025e-07,-6.469365862758835,touchstone_ri,2.8672804543714,1.0,,,
260519_2dsweep_1p5cell,sim,06_2_TDS-KyhlTune-260519_212.s2p,,S11,f_mean,sim,dispersion_mode_1,2.8672804543714,2.86728,-4.543714000604382e-07,-0.00017941748901433352,-45.20839758765254,touchstone_ri,2.8672804543714,1.0,,,
260519_2dsweep_1p5cell,sim,06_2_TDS-KyhlTune-260519_212.s2p,,S12,f_mean,sim,dispersion_mode_1,2.8672804543714,2.86728,-4.543714000604382e-07,-63.60788578518205,64.0824746606606,touchstone_ri,2.8672804543714,1.0,,,
260519_2dsweep_1p5cell,sim,06_2_TDS-KyhlTune-260519_212.s2p,,S21,f_mean,sim,dispersion_mode_1,2.8672804543714,2.86728,-4.543714000604382e-07,-63.57585071520464,64.24537923992699,touchstone_ri,2.8672804543714,1.0,,,
260519_2dsweep_1p5cell,sim,06_2_TDS-KyhlTune-260519_212.s2p,,S22,f_mean,sim,dispersion_mode_1,2.8672804543714,2.86728,-4.543714000604382e-07,-7.563403158092579e-07,-6.791405180035251,touchstone_ri,2.8672804543714,1.0,,,
260519_2dsweep_1p5cell,sim,06_2_TDS-KyhlTune-260519_213.s2p,,S11,f_mean,sim,dispersion_mode_1,2.8672804543714,2.86728,-4.543714000604382e-07,-0.00020249131354853307,-46.1061732875848,touchstone_ri,2.8672804543714,1.0,,,
260519_2dsweep_1p5cell,sim,06_2_TDS-KyhlTune-260519_213.s2p,,S12,f_mean,sim,dispersion_mode_1,2.8672804543714,2.86728,-4.543714000604382e-07,-63.65668896065819,63.38863145258121,touchstone_ri,2.8672804543714,1.0,,,
260519_2dsweep_1p5cell,sim,06_2_TDS-KyhlTune-260519_213.s2p,,S21,f_mean,sim,dispersion_mode_1,2.8672804543714,2.86728,-4.543714000604382e-07,-63.67244767146932,64.21862495238985,touchstone_ri,2.8672804543714,1.0,,,
260519_2dsweep_1p5cell,sim,06_2_TDS-KyhlTune-260519_213.s2p,,S22,f_mean,sim,dispersion_mode_1,2.8672804543714,2.86728,-4.543714000604382e-07,-7.484638012064732e-07,-7.074896833495685,touchstone_ri,2.8672804543714,1.0,,,
260519_2dsweep_1p5cell,sim,06_2_TDS-KyhlTune-260519_214.s2p,,S11,f_mean,sim,dispersion_mode_1,2.8672804543714,2.86728,-4.543714000604382e-07,-0.0002831102800584548,-46.91510512815755,touchstone_ri,2.8672804543714,1.0,,,
260519_2dsweep_1p5cell,sim,06_2_TDS-KyhlTune-260519_214.s2p,,S12,f_mean,sim,dispersion_mode_1,2.8672804543714,2.86728,-4.543714000604382e-07,-63.10468913559088,62.8196531738557,touchstone_ri,2.8672804543714,1.0,,,
260519_2dsweep_1p5cell,sim,06_2_TDS-KyhlTune-260519_214.s2p,,S21,f_mean,sim,dispersion_mode_1,2.8672804543714,2.86728,-4.543714000604382e-07,-63.23892559338654,65.18713663843089,touchstone_ri,2.8672804543714,1.0,,,
260519_2dsweep_1p5cell,sim,06_2_TDS-KyhlTune-260519_214.s2p,,S22,f_mean,sim,dispersion_mode_1,2.8672804543714,2.86728,-4.543714000604382e-07,-7.492618352918599e-07,-7.392168081296743,touchstone_ri,2.8672804543714,1.0,,,
260519_2dsweep_1p5cell,sim,06_2_TDS-KyhlTune-260519_215.s2p,,S11,f_mean,sim,dispersion_mode_1,2.8672804543714,2.86728,-4.543714000604382e-07,-4.968686651809326e-05,-47.82556922995812,touchstone_ri,2.8672804543714,1.0,,,
260519_2dsweep_1p5cell,sim,06_2_TDS-KyhlTune-260519_215.s2p,,S12,f_mean,sim,dispersion_mode_1,2.8672804543714,2.86728,-4.543714000604382e-07,-64.2641605414662,62.161832809343736,touchstone_ri,2.8672804543714,1.0,,,
260519_2dsweep_1p5cell,sim,06_2_TDS-KyhlTune-260519_215.s2p,,S21,f_mean,sim,dispersion_mode_1,2.8672804543714,2.86728,-4.543714000604382e-07,-64.36726508398588,62.37624183647452,touchstone_ri,2.8672804543714,1.0,,,
260519_2dsweep_1p5cell,sim,06_2_TDS-KyhlTune-260519_215.s2p,,S22,f_mean,sim,dispersion_mode_1,2.8672804543714,2.86728,-4.543714000604382e-07,-7.513600442473497e-07,-7.618423555993535,touchstone_ri,2.8672804543714,1.0,,,
260519_2dsweep_1p5cell,sim,06_2_TDS-KyhlTune-260519_216.s2p,,S11,f_mean,sim,dispersion_mode_1,2.8672804543714,2.86728,-4.543714000604382e-07,-0.000305789288697165,-48.80841158803988,touchstone_ri,2.8672804543714,1.0,,,
260519_2dsweep_1p5cell,sim,06_2_TDS-KyhlTune-260519_216.s2p,,S12,f_mean,sim,dispersion_mode_1,2.8672804543714,2.86728,-4.543714000604382e-07,-63.445788183302895,61.65840024062605,touchstone_ri,2.8672804543714,1.0,,,
260519_2dsweep_1p5cell,sim,06_2_TDS-KyhlTune-260519_216.s2p,,S21,f_mean,sim,dispersion_mode_1,2.8672804543714,2.86728,-4.543714000604382e-07,-63.74583847253264,57.492725770148745,touchstone_ri,2.8672804543714,1.0,,,
260519_2dsweep_1p5cell,sim,06_2_TDS-KyhlTune-260519_216.s2p,,S22,f_mean,sim,dispersion_mode_1,2.8672804543714,2.86728,-4.543714000604382e-07,-1.2104098816759035e-06,-7.875170366355551,touchstone_ri,2.8672804543714,1.0,,,
260519_2dsweep_1p5cell,sim,06_2_TDS-KyhlTune-260519_217.s2p,,S11,f_mean,sim,dispersion_mode_1,2.8672804543714,2.86728,-4.543714000604382e-07,-6.053816045743744e-05,-49.76521246335922,touchstone_ri,2.8672804543714,1.0,,,
260519_2dsweep_1p5cell,sim,06_2_TDS-KyhlTune-260519_217.s2p,,S12,f_mean,sim,dispersion_mode_1,2.8672804543714,2.86728,-4.543714000604382e-07,-63.34288598075381,61.0592275602654,touchstone_ri,2.8672804543714,1.0,,,
260519_2dsweep_1p5cell,sim,06_2_TDS-KyhlTune-260519_217.s2p,,S21,f_mean,sim,dispersion_mode_1,2.8672804543714,2.86728,-4.543714000604382e-07,-63.5885624027175,60.3279397432279,touchstone_ri,2.8672804543714,1.0,,,
260519_2dsweep_1p5cell,sim,06_2_TDS-KyhlTune-260519_217.s2p,,S22,f_mean,sim,dispersion_mode_1,2.8672804543714,2.86728,-4.543714000604382e-07,-1.0333602019147334e-06,-8.102582934682468,touchstone_ri,2.8672804543714,1.0,,,
260519_2dsweep_1p5cell,sim,06_2_TDS-KyhlTune-260519_218.s2p,,S11,f_mean,sim,dispersion_mode_1,2.8672804543714,2.86728,-4.543714000604382e-07,2.2428602931943327e-06,-50.800914268301,touchstone_ri,2.8672804543714,1.0,,,
260519_2dsweep_1p5cell,sim,06_2_TDS-KyhlTune-260519_218.s2p,,S12,f_mean,sim,dispersion_mode_1,2.8672804543714,2.86728,-4.543714000604382e-07,-63.894670519855055,60.38422743538759,touchstone_ri,2.8672804543714,1.0,,,
260519_2dsweep_1p5cell,sim,06_2_TDS-KyhlTune-260519_218.s2p,,S21,f_mean,sim,dispersion_mode_1,2.8672804543714,2.86728,-4.543714000604382e-07,-63.90696915130336,60.46830521018503,touchstone_ri,2.8672804543714,1.0,,,
260519_2dsweep_1p5cell,sim,06_2_TDS-KyhlTune-260519_218.s2p,,S22,f_mean,sim,dispersion_mode_1,2.8672804543714,2.86728,-4.543714000604382e-07,-1.984635013444903e-06,-8.33997678191557,touchstone_ri,2.8672804543714,1.0,,,
260519_2dsweep_1p5cell,sim,06_2_TDS-KyhlTune-260519_219.s2p,,S11,f_mean,sim,dispersion_mode_1,2.8672804543714,2.86728,-4.543714000604382e-07,-0.0008404298416993634,-51.76438210889059,touchstone_ri,2.8672804543714,1.0,,,
260519_2dsweep_1p5cell,sim,06_2_TDS-KyhlTune-260519_219.s2p,,S12,f_mean,sim,dispersion_mode_1,2.8672804543714,2.86728,-4.543714000604382e-07,-63.003717601011566,59.81576901461605,touchstone_ri,2.8672804543714,1.0,,,
260519_2dsweep_1p5cell,sim,06_2_TDS-KyhlTune-260519_219.s2p,,S21,f_mean,sim,dispersion_mode_1,2.8672804543714,2.86728,-4.543714000604382e-07,-64.28107649937797,63.511046765531134,touchstone_ri,2.8672804543714,1.0,,,
260519_2dsweep_1p5cell,sim,06_2_TDS-KyhlTune-260519_219.s2p,,S22,f_mean,sim,dispersion_mode_1,2.8672804543714,2.86728,-4.543714000604382e-07,-7.70189989065252e-07,-8.56095257298366,touchstone_ri,2.8672804543714,1.0,,,
260519_2dsweep_1p5cell,sim,06_2_TDS-KyhlTune-260519_22.s2p,,S11,f_mean,sim,dispersion_mode_1,2.8672804543714,2.86728,-4.543714000604382e-07,-0.00012961188474325713,-44.03603957944186,touchstone_ri,2.8672804543714,1.0,,,
260519_2dsweep_1p5cell,sim,06_2_TDS-KyhlTune-260519_22.s2p,,S12,f_mean,sim,dispersion_mode_1,2.8672804543714,2.86728,-4.543714000604382e-07,-57.33612326932225,75.59115169945554,touchstone_ri,2.8672804543714,1.0,,,
260519_2dsweep_1p5cell,sim,06_2_TDS-KyhlTune-260519_22.s2p,,S21,f_mean,sim,dispersion_mode_1,2.8672804543714,2.86728,-4.543714000604382e-07,-57.26020570258945,75.68665543046396,touchstone_ri,2.8672804543714,1.0,,,
260519_2dsweep_1p5cell,sim,06_2_TDS-KyhlTune-260519_22.s2p,,S22,f_mean,sim,dispersion_mode_1,2.8672804543714,2.86728,-4.543714000604382e-07,-9.17919366790433e-06,15.279207586067614,touchstone_ri,2.8672804543714,1.0,,,
260519_2dsweep_1p5cell,sim,06_2_TDS-KyhlTune-260519_220.s2p,,S11,f_mean,sim,dispersion_mode_1,2.8672804543714,2.86728,-4.543714000604382e-07,-0.0005674980292146419,-52.89906958112574,touchstone_ri,2.8672804543714,1.0,,,
260519_2dsweep_1p5cell,sim,06_2_TDS-KyhlTune-260519_220.s2p,,S12,f_mean,sim,dispersion_mode_1,2.8672804543714,2.86728,-4.543714000604382e-07,-61.69734242644941,59.44840107213992,touchstone_ri,2.8672804543714,1.0,,,
260519_2dsweep_1p5cell,sim,06_2_TDS-KyhlTune-260519_220.s2p,,S21,f_mean,sim,dispersion_mode_1,2.8672804543714,2.86728,-4.543714000604382e-07,-62.684399790633336,61.465618788933476,touchstone_ri,2.8672804543714,1.0,,,
260519_2dsweep_1p5cell,sim,06_2_TDS-KyhlTune-260519_220.s2p,,S22,f_mean,sim,dispersion_mode_1,2.8672804543714,2.86728,-4.543714000604382e-07,-0.0001765482719554459,-8.74303505117573,touchstone_ri,2.8672804543714,1.0,,,
260519_2dsweep_1p5cell,sim,06_2_TDS-KyhlTune-260519_221.s2p,,S11,f_mean,sim,dispersion_mode_1,2.8672804543714,2.86728,-4.543714000604382e-07,-0.0007417910104465106,-53.963523777745266,touchstone_ri,2.8672804543714,1.0,,,
260519_2dsweep_1p5cell,sim,06_2_TDS-KyhlTune-260519_221.s2p,,S12,f_mean,sim,dispersion_mode_1,2.8672804543714,2.86728,-4.543714000604382e-07,-63.360869415077936,58.508261064426364,touchstone_ri,2.8672804543714,1.0,,,
260519_2dsweep_1p5cell,sim,06_2_TDS-KyhlTune-260519_221.s2p,,S21,f_mean,sim,dispersion_mode_1,2.8672804543714,2.86728,-4.543714000604382e-07,-62.662448759783224,55.830549884606754,touchstone_ri,2.8672804543714,1.0,,,
260519_2dsweep_1p5cell,sim,06_2_TDS-KyhlTune-260519_221.s2p,,S22,f_mean,sim,dispersion_mode_1,2.8672804543714,2.86728,-4.543714000604382e-07,-1.4255966183612631e-06,-8.969556804457415,touchstone_ri,2.8672804543714,1.0,,,
260519_2dsweep_1p5cell,sim,06_2_TDS-KyhlTune-260519_222.s2p,,S11,f_mean,sim,dispersion_mode_1,2.8672804543714,2.86728,-4.543714000604382e-07,3.1795018718375554e-07,-44.69259775662739,touchstone_ri,2.8672804543714,1.0,,,
260519_2dsweep_1p5cell,sim,06_2_TDS-KyhlTune-260519_222.s2p,,S12,f_mean,sim,dispersion_mode_1,2.8672804543714,2.86728,-4.543714000604382e-07,-65.42077640619647,63.89525748364743,touchstone_ri,2.8672804543714,1.0,,,
260519_2dsweep_1p5cell,sim,06_2_TDS-KyhlTune-260519_222.s2p,,S21,f_mean,sim,dispersion_mode_1,2.8672804543714,2.86728,-4.543714000604382e-07,-65.43584394912253,63.789503689802984,touchstone_ri,2.8672804543714,1.0,,,
260519_2dsweep_1p5cell,sim,06_2_TDS-KyhlTune-260519_222.s2p,,S22,f_mean,sim,dispersion_mode_1,2.8672804543714,2.86728,-4.543714000604382e-07,-4.941483290480665e-07,-7.686145119834911,touchstone_ri,2.8672804543714,1.0,,,
260519_2dsweep_1p5cell,sim,06_2_TDS-KyhlTune-260519_223.s2p,,S11,f_mean,sim,dispersion_mode_1,2.8672804543714,2.86728,-4.543714000604382e-07,4.566445435541927e-06,-45.462877892007796,touchstone_ri,2.8672804543714,1.0,,,
260519_2dsweep_1p5cell,sim,06_2_TDS-KyhlTune-260519_223.s2p,,S12,f_mean,sim,dispersion_mode_1,2.8672804543714,2.86728,-4.543714000604382e-07,-64.97826268829141,63.28709615395101,touchstone_ri,2.8672804543714,1.0,,,
260519_2dsweep_1p5cell,sim,06_2_TDS-KyhlTune-260519_223.s2p,,S21,f_mean,sim,dispersion_mode_1,2.8672804543714,2.86728,-4.543714000604382e-07,-64.9826659815157,63.33402506131185,touchstone_ri,2.8672804543714,1.0,,,
260519_2dsweep_1p5cell,sim,06_2_TDS-KyhlTune-260519_223.s2p,,S22,f_mean,sim,dispersion_mode_1,2.8672804543714,2.86728,-4.543714000604382e-07,-2.862483401868453e-05,-7.971050828784255,touchstone_ri,2.8672804543714,1.0,,,
260519_2dsweep_1p5cell,sim,06_2_TDS-KyhlTune-260519_224.s2p,,S11,f_mean,sim,dispersion_mode_1,2.8672804543714,2.86728,-4.543714000604382e-07,4.52384666037109e-06,-46.42986712217214,touchstone_ri,2.8672804543714,1.0,,,
260519_2dsweep_1p5cell,sim,06_2_TDS-KyhlTune-260519_224.s2p,,S12,f_mean,sim,dispersion_mode_1,2.8672804543714,2.86728,-4.543714000604382e-07,-65.00633235275711,62.64524565913254,touchstone_ri,2.8672804543714,1.0,,,
260519_2dsweep_1p5cell,sim,06_2_TDS-KyhlTune-260519_224.s2p,,S21,f_mean,sim,dispersion_mode_1,2.8672804543714,2.86728,-4.543714000604382e-07,-65.00822199876536,62.70304805668564,touchstone_ri,2.8672804543714,1.0,,,
260519_2dsweep_1p5cell,sim,06_2_TDS-KyhlTune-260519_224.s2p,,S22,f_mean,sim,dispersion_mode_1,2.8672804543714,2.86728,-4.543714000604382e-07,-5.993116972231733e-07,-8.198300025953358,touchstone_ri,2.8672804543714,1.0,,,
260519_2dsweep_1p5cell,sim,06_2_TDS-KyhlTune-260519_225.s2p,,S11,f_mean,sim,dispersion_mode_1,2.8672804543714,2.86728,-4.543714000604382e-07,-3.031328667149685e-06,-47.25948409030532,touchstone_ri,2.8672804543714,1.0,,,
260519_2dsweep_1p5cell,sim,06_2_TDS-KyhlTune-260519_225.s2p,,S12,f_mean,sim,dispersion_mode_1,2.8672804543714,2.86728,-4.543714000604382e-07,-64.1887316655429,62.08951970457213,touchstone_ri,2.8672804543714,1.0,,,
260519_2dsweep_1p5cell,sim,06_2_TDS-KyhlTune-260519_225.s2p,,S21,f_mean,sim,dispersion_mode_1,2.8672804543714,2.86728,-4.543714000604382e-07,-64.19063924817523,62.1539871457983,touchstone_ri,2.8672804543714,1.0,,,
260519_2dsweep_1p5cell,sim,06_2_TDS-KyhlTune-260519_225.s2p,,S22,f_mean,sim,dispersion_mode_1,2.8672804543714,2.86728,-4.543714000604382e-07,-7.505853816042691e-07,-8.45642185689985,touchstone_ri,2.8672804543714,1.0,,,
260519_2dsweep_1p5cell,sim,06_2_TDS-KyhlTune-260519_226.s2p,,S11,f_mean,sim,dispersion_mode_1,2.8672804543714,2.86728,-4.543714000604382e-07,-0.0006772449723546313,-48.24740356722991,touchstone_ri,2.8672804543714,1.0,,,
260519_2dsweep_1p5cell,sim,06_2_TDS-KyhlTune-260519_226.s2p,,S12,f_mean,sim,dispersion_mode_1,2.8672804543714,2.86728,-4.543714000604382e-07,-63.921367294069796,61.51340532515317,touchstone_ri,2.8672804543714,1.0,,,
260519_2dsweep_1p5cell,sim,06_2_TDS-KyhlTune-260519_226.s2p,,S21,f_mean,sim,dispersion_mode_1,2.8672804543714,2.86728,-4.543714000604382e-07,-62.43099883465148,67.927009087745,touchstone_ri,2.8672804543714,1.0,,,
260519_2dsweep_1p5cell,sim,06_2_TDS-KyhlTune-260519_226.s2p,,S22,f_mean,sim,dispersion_mode_1,2.8672804543714,2.86728,-4.543714000604382e-07,-4.9089640835172e-07,-8.671255499828867,touchstone_ri,2.8672804543714,1.0,,,
260519_2dsweep_1p5cell,sim,06_2_TDS-KyhlTune-260519_227.s2p,,S11,f_mean,sim,dispersion_mode_1,2.8672804543714,2.86728,-4.543714000604382e-07,-1.678829215446145e-06,-49.08177011651907,touchstone_ri,2.8672804543714,1.0,,,
260519_2dsweep_1p5cell,sim,06_2_TDS-KyhlTune-260519_227.s2p,,S12,f_mean,sim,dispersion_mode_1,2.8672804543714,2.86728,-4.543714000604382e-07,-64.24023984384618,60.99525503079175,touchstone_ri,2.8672804543714,1.0,,,
260519_2dsweep_1p5cell,sim,06_2_TDS-KyhlTune-260519_227.s2p,,S21,f_mean,sim,dispersion_mode_1,2.8672804543714,2.86728,-4.543714000604382e-07,-64.23892568180725,61.002689811283844,touchstone_ri,2.8672804543714,1.0,,,
260519_2dsweep_1p5cell,sim,06_2_TDS-KyhlTune-260519_227.s2p,,S22,f_mean,sim,dispersion_mode_1,2.8672804543714,2.86728,-4.543714000604382e-07,-8.066406255686609e-07,-8.892054500642152,touchstone_ri,2.8672804543714,1.0,,,
260519_2dsweep_1p5cell,sim,06_2_TDS-KyhlTune-260519_228.s2p,,S11,f_mean,sim,dispersion_mode_1,2.8672804543714,2.86728,-4.543714000604382e-07,6.914393535377509e-06,-50.08015049515575,touchstone_ri,2.8672804543714,1.0,,,
260519_2dsweep_1p5cell,sim,06_2_TDS-KyhlTune-260519_228.s2p,,S12,f_mean,sim,dispersion_mode_1,2.8672804543714,2.86728,-4.543714000604382e-07,-65.0570658490838,60.43365364959737,touchstone_ri,2.8672804543714,1.0,,,
260519_2dsweep_1p5cell,sim,06_2_TDS-KyhlTune-260519_228.s2p,,S21,f_mean,sim,dispersion_mode_1,2.8672804543714,2.86728,-4.543714000604382e-07,-65.05754480046184,60.408622489366635,touchstone_ri,2.8672804543714,1.0,,,
260519_2dsweep_1p5cell,sim,06_2_TDS-KyhlTune-260519_228.s2p,,S22,f_mean,sim,dispersion_mode_1,2.8672804543714,2.86728,-4.543714000604382e-07,-6.887506684519225e-07,-9.098468362665784,touchstone_ri,2.8672804543714,1.0,,,
260519_2dsweep_1p5cell,sim,06_2_TDS-KyhlTune-260519_229.s2p,,S11,f_mean,sim,dispersion_mode_1,2.8672804543714,2.86728,-4.543714000604382e-07,8.649473085497432e-06,-51.14788747766813,touchstone_ri,2.8672804543714,1.0,,,
260519_2dsweep_1p5cell,sim,06_2_TDS-KyhlTune-260519_229.s2p,,S12,f_mean,sim,dispersion_mode_1,2.8672804543714,2.86728,-4.543714000604382e-07,-63.15118942779115,59.49002488347274,touchstone_ri,2.8672804543714,1.0,,,
260519_2dsweep_1p5cell,sim,06_2_TDS-KyhlTune-260519_229.s2p,,S21,f_mean,sim,dispersion_mode_1,2.8672804543714,2.86728,-4.543714000604382e-07,-64.54978601781882,56.7382518948862,touchstone_ri,2.8672804543714,1.0,,,
260519_2dsweep_1p5cell,sim,06_2_TDS-KyhlTune-260519_229.s2p,,S22,f_mean,sim,dispersion_mode_1,2.8672804543714,2.86728,-4.543714000604382e-07,-0.0001225057099093651,-9.285300519166118,touchstone_ri,2.8672804543714,1.0,,,
260519_2dsweep_1p5cell,sim,06_2_TDS-KyhlTune-260519_23.s2p,,S11,f_mean,sim,dispersion_mode_1,2.8672804543714,2.86728,-4.543714000604382e-07,2.3343030010195334e-05,-45.00036418147275,touchstone_ri,2.8672804543714,1.0,,,
260519_2dsweep_1p5cell,sim,06_2_TDS-KyhlTune-260519_23.s2p,,S12,f_mean,sim,dispersion_mode_1,2.8672804543714,2.86728,-4.543714000604382e-07,-57.650685688078724,74.29649608836641,touchstone_ri,2.8672804543714,1.0,,,
260519_2dsweep_1p5cell,sim,06_2_TDS-KyhlTune-260519_23.s2p,,S21,f_mean,sim,dispersion_mode_1,2.8672804543714,2.86728,-4.543714000604382e-07,-57.62966141095639,74.21106126943153,touchstone_ri,2.8672804543714,1.0,,,
260519_2dsweep_1p5cell,sim,06_2_TDS-KyhlTune-260519_23.s2p,,S22,f_mean,sim,dispersion_mode_1,2.8672804543714,2.86728,-4.543714000604382e-07,-6.427555185239539e-06,13.580616160817929,touchstone_ri,2.8672804543714,1.0,,,
260519_2dsweep_1p5cell,sim,06_2_TDS-KyhlTune-260519_230.s2p,,S11,f_mean,sim,dispersion_mode_1,2.8672804543714,2.86728,-4.543714000604382e-07,-0.0004794325670056985,-52.21783376634055,touchstone_ri,2.8672804543714,1.0,,,
260519_2dsweep_1p5cell,sim,06_2_TDS-KyhlTune-260519_230.s2p,,S12,f_mean,sim,dispersion_mode_1,2.8672804543714,2.86728,-4.543714000604382e-07,-63.03326895734195,57.8136846337921,touchstone_ri,2.8672804543714,1.0,,,
260519_2dsweep_1p5cell,sim,06_2_TDS-KyhlTune-260519_230.s2p,,S21,f_mean,sim,dispersion_mode_1,2.8672804543714,2.86728,-4.543714000604382e-07,-64.99501025714886,52.81575155390584,touchstone_ri,2.8672804543714,1.0,,,
260519_2dsweep_1p5cell,sim,06_2_TDS-KyhlTune-260519_230.s2p,,S22,f_mean,sim,dispersion_mode_1,2.8672804543714,2.86728,-4.543714000604382e-07,-0.00014496710998483463,-9.444965036808526,touchstone_ri,2.8672804543714,1.0,,,
260519_2dsweep_1p5cell,sim,06_2_TDS-KyhlTune-260519_231.s2p,,S11,f_mean,sim,dispersion_mode_1,2.8672804543714,2.86728,-4.543714000604382e-07,-0.0007508045043227267,-53.33038380000154,touchstone_ri,2.8672804543714,1.0,,,
260519_2dsweep_1p5cell,sim,06_2_TDS-KyhlTune-260519_231.s2p,,S12,f_mean,sim,dispersion_mode_1,2.8672804543714,2.86728,-4.543714000604382e-07,-63.3017466604456,59.02221776039436,touchstone_ri,2.8672804543714,1.0,,,
260519_2dsweep_1p5cell,sim,06_2_TDS-KyhlTune-260519_231.s2p,,S21,f_mean,sim,dispersion_mode_1,2.8672804543714,2.86728,-4.543714000604382e-07,-65.80128868541942,57.851582425388884,touchstone_ri,2.8672804543714,1.0,,,
260519_2dsweep_1p5cell,sim,06_2_TDS-KyhlTune-260519_231.s2p,,S22,f_mean,sim,dispersion_mode_1,2.8672804543714,2.86728,-4.543714000604382e-07,-0.00015503840518883247,-9.634752957356355,touchstone_ri,2.8672804543714,1.0,,,
260519_2dsweep_1p5cell,sim,06_2_TDS-KyhlTune-260519_232.s2p,,S11,f_mean,sim,dispersion_mode_1,2.8672804543714,2.86728,-4.543714000604382e-07,9.583164776630201e-06,-54.44614190855371,touchstone_ri,2.8672804543714,1.0,,,
260519_2dsweep_1p5cell,sim,06_2_TDS-KyhlTune-260519_232.s2p,,S12,f_mean,sim,dispersion_mode_1,2.8672804543714,2.86728,-4.543714000604382e-07,-63.42736504669006,57.85023606655334,touchstone_ri,2.8672804543714,1.0,,,
260519_2dsweep_1p5cell,sim,06_2_TDS-KyhlTune-260519_232.s2p,,S21,f_mean,sim,dispersion_mode_1,2.8672804543714,2.86728,-4.543714000604382e-07,-63.42627395143617,57.875304085566746,touchstone_ri,2.8672804543714,1.0,,,
260519_2dsweep_1p5cell,sim,06_2_TDS-KyhlTune-260519_232.s2p,,S22,f_mean,sim,dispersion_mode_1,2.8672804543714,2.86728,-4.543714000604382e-07,-3.972607602656182e-06,-9.802826792655651,touchstone_ri,2.8672804543714,1.0,,,
260519_2dsweep_1p5cell,sim,06_2_TDS-KyhlTune-260519_233.s2p,,S11,f_mean,sim,dispersion_mode_1,2.8672804543714,2.86728,-4.543714000604382e-07,-1.275609159259482e-05,-44.88957534757423,touchstone_ri,2.8672804543714,1.0,,,
260519_2dsweep_1p5cell,sim,06_2_TDS-KyhlTune-260519_233.s2p,,S12,f_mean,sim,dispersion_mode_1,2.8672804543714,2.86728,-4.543714000604382e-07,-65.52309909887899,63.21127213845419,touchstone_ri,2.8672804543714,1.0,,,
260519_2dsweep_1p5cell,sim,06_2_TDS-KyhlTune-260519_233.s2p,,S21,f_mean,sim,dispersion_mode_1,2.8672804543714,2.86728,-4.543714000604382e-07,-65.51282613268047,63.12310505413693,touchstone_ri,2.8672804543714,1.0,,,
260519_2dsweep_1p5cell,sim,06_2_TDS-KyhlTune-260519_233.s2p,,S22,f_mean,sim,dispersion_mode_1,2.8672804543714,2.86728,-4.543714000604382e-07,-4.861275570719354e-07,-8.86438366927162,touchstone_ri,2.8672804543714,1.0,,,
260519_2dsweep_1p5cell,sim,06_2_TDS-KyhlTune-260519_234.s2p,,S11,f_mean,sim,dispersion_mode_1,2.8672804543714,2.86728,-4.543714000604382e-07,-1.238051424968438e-06,-45.7655458655043,touchstone_ri,2.8672804543714,1.0,,,
260519_2dsweep_1p5cell,sim,06_2_TDS-KyhlTune-260519_234.s2p,,S12,f_mean,sim,dispersion_mode_1,2.8672804543714,2.86728,-4.543714000604382e-07,-65.22327748500678,62.58365620082276,touchstone_ri,2.8672804543714,1.0,,,
260519_2dsweep_1p5cell,sim,06_2_TDS-KyhlTune-260519_234.s2p,,S21,f_mean,sim,dispersion_mode_1,2.8672804543714,2.86728,-4.543714000604382e-07,-65.22316233762473,62.616945057729424,touchstone_ri,2.8672804543714,1.0,,,
260519_2dsweep_1p5cell,sim,06_2_TDS-KyhlTune-260519_234.s2p,,S22,f_mean,sim,dispersion_mode_1,2.8672804543714,2.86728,-4.543714000604382e-07,-1.1878242936035084e-06,-9.061000993749808,touchstone_ri,2.8672804543714,1.0,,,
260519_2dsweep_1p5cell,sim,06_2_TDS-KyhlTune-260519_235.s2p,,S11,f_mean,sim,dispersion_mode_1,2.8672804543714,2.86728,-4.543714000604382e-07,-1.1482571017125822e-05,-46.65575274359661,touchstone_ri,2.8672804543714,1.0,,,
260519_2dsweep_1p5cell,sim,06_2_TDS-KyhlTune-260519_235.s2p,,S12,f_mean,sim,dispersion_mode_1,2.8672804543714,2.86728,-4.543714000604382e-07,-65.87855230051997,60.52741798068134,touchstone_ri,2.8672804543714,1.0,,,
260519_2dsweep_1p5cell,sim,06_2_TDS-KyhlTune-260519_235.s2p,,S21,f_mean,sim,dispersion_mode_1,2.8672804543714,2.86728,-4.543714000604382e-07,-67.77797653535434,50.14361481533172,touchstone_ri,2.8672804543714,1.0,,,
260519_2dsweep_1p5cell,sim,06_2_TDS-KyhlTune-260519_235.s2p,,S22,f_mean,sim,dispersion_mode_1,2.8672804543714,2.86728,-4.543714000604382e-07,-7.368410980298994e-05,-9.297457460178254,touchstone_ri,2.8672804543714,1.0,,,
260519_2dsweep_1p5cell,sim,06_2_TDS-KyhlTune-260519_236.s2p,,S11,f_mean,sim,dispersion_mode_1,2.8672804543714,2.86728,-4.543714000604382e-07,-1.447946029715411e-06,-47.542620435004416,touchstone_ri,2.8672804543714,1.0,,,
260519_2dsweep_1p5cell,sim,06_2_TDS-KyhlTune-260519_236.s2p,,S12,f_mean,sim,dispersion_mode_1,2.8672804543714,2.86728,-4.543714000604382e-07,-65.07234351639619,61.42485420444229,touchstone_ri,2.8672804543714,1.0,,,
260519_2dsweep_1p5cell,sim,06_2_TDS-KyhlTune-260519_236.s2p,,S21,f_mean,sim,dispersion_mode_1,2.8672804543714,2.86728,-4.543714000604382e-07,-65.06896528121877,61.49041387614377,touchstone_ri,2.8672804543714,1.0,,,
260519_2dsweep_1p5cell,sim,06_2_TDS-KyhlTune-260519_236.s2p,,S22,f_mean,sim,dispersion_mode_1,2.8672804543714,2.86728,-4.543714000604382e-07,-6.22905020504953e-07,-9.492074067538743,touchstone_ri,2.8672804543714,1.0,,,
260519_2dsweep_1p5cell,sim,06_2_TDS-KyhlTune-260519_237.s2p,,S11,f_mean,sim,dispersion_mode_1,2.8672804543714,2.86728,-4.543714000604382e-07,-9.726167404943807e-06,-48.4673148352362,touchstone_ri,2.8672804543714,1.0,,,
260519_2dsweep_1p5cell,sim,06_2_TDS-KyhlTune-260519_237.s2p,,S12,f_mean,sim,dispersion_mode_1,2.8672804543714,2.86728,-4.543714000604382e-07,-65.44785070260448,60.89237424701059,touchstone_ri,2.8672804543714,1.0,,,
260519_2dsweep_1p5cell,sim,06_2_TDS-KyhlTune-260519_237.s2p,,S21,f_mean,sim,dispersion_mode_1,2.8672804543714,2.86728,-4.543714000604382e-07,-65.44853538975906,60.906540959552366,touchstone_ri,2.8672804543714,1.0,,,
260519_2dsweep_1p5cell,sim,06_2_TDS-KyhlTune-260519_237.s2p,,S22,f_mean,sim,dispersion_mode_1,2.8672804543714,2.86728,-4.543714000604382e-07,-2.1283103471383543e-06,-9.676634286785985,touchstone_ri,2.8672804543714,1.0,,,
260519_2dsweep_1p5cell,sim,06_2_TDS-KyhlTune-260519_238.s2p,,S11,f_mean,sim,dispersion_mode_1,2.8672804543714,2.86728,-4.543714000604382e-07,3.1944208154449473e-06,-49.45784939834274,touchstone_ri,2.8672804543714,1.0,,,
260519_2dsweep_1p5cell,sim,06_2_TDS-KyhlTune-260519_238.s2p,,S12,f_mean,sim,dispersion_mode_1,2.8672804543714,2.86728,-4.543714000604382e-07,-63.76727986266687,60.278807215704994,touchstone_ri,2.8672804543714,1.0,,,
260519_2dsweep_1p5cell,sim,06_2_TDS-KyhlTune-260519_238.s2p,,S21,f_mean,sim,dispersion_mode_1,2.8672804543714,2.86728,-4.543714000604382e-07,-63.7686038896783,59.827294656850974,touchstone_ri,2.8672804543714,1.0,,,
260519_2dsweep_1p5cell,sim,06_2_TDS-KyhlTune-260519_238.s2p,,S22,f_mean,sim,dispersion_mode_1,2.8672804543714,2.86728,-4.543714000604382e-07,-5.51073282397001e-06,-9.844904242960725,touchstone_ri,2.8672804543714,1.0,,,
260519_2dsweep_1p5cell,sim,06_2_TDS-KyhlTune-260519_239.s2p,,S11,f_mean,sim,dispersion_mode_1,2.8672804543714,2.86728,-4.543714000604382e-07,-3.666364726617904e-05,-50.515397361804055,touchstone_ri,2.8672804543714,1.0,,,
260519_2dsweep_1p5cell,sim,06_2_TDS-KyhlTune-260519_239.s2p,,S12,f_mean,sim,dispersion_mode_1,2.8672804543714,2.86728,-4.543714000604382e-07,-64.5097049605375,58.79880130261352,touchstone_ri,2.8672804543714,1.0,,,
260519_2dsweep_1p5cell,sim,06_2_TDS-KyhlTune-260519_239.s2p,,S21,f_mean,sim,dispersion_mode_1,2.8672804543714,2.86728,-4.543714000604382e-07,-65.55989363779022,59.60564720652136,touchstone_ri,2.8672804543714,1.0,,,
260519_2dsweep_1p5cell,sim,06_2_TDS-KyhlTune-260519_239.s2p,,S22,f_mean,sim,dispersion_mode_1,2.8672804543714,2.86728,-4.543714000604382e-07,-7.419494241263032e-05,-10.026851056476264,touchstone_ri,2.8672804543714,1.0,,,
260519_2dsweep_1p5cell,sim,06_2_TDS-KyhlTune-260519_24.s2p,,S11,f_mean,sim,dispersion_mode_1,2.8672804543714,2.86728,-4.543714000604382e-07,3.0655713258216084e-05,-45.61341118401533,touchstone_ri,2.8672804543714,1.0,,,
260519_2dsweep_1p5cell,sim,06_2_TDS-KyhlTune-260519_24.s2p,,S12,f_mean,sim,dispersion_mode_1,2.8672804543714,2.86728,-4.543714000604382e-07,-57.23690367849862,73.09599677894875,touchstone_ri,2.8672804543714,1.0,,,
260519_2dsweep_1p5cell,sim,06_2_TDS-KyhlTune-260519_24.s2p,,S21,f_mean,sim,dispersion_mode_1,2.8672804543714,2.86728,-4.543714000604382e-07,-57.223621196056186,73.15814120898615,touchstone_ri,2.8672804543714,1.0,,,
260519_2dsweep_1p5cell,sim,06_2_TDS-KyhlTune-260519_24.s2p,,S22,f_mean,sim,dispersion_mode_1,2.8672804543714,2.86728,-4.543714000604382e-07,-1.1705951476835534e-05,12.131457079052616,touchstone_ri,2.8672804543714,1.0,,,
260519_2dsweep_1p5cell,sim,06_2_TDS-KyhlTune-260519_240.s2p,,S11,f_mean,sim,dispersion_mode_1,2.8672804543714,2.86728,-4.543714000604382e-07,3.0827058872001374e-06,-51.497762157514025,touchstone_ri,2.8672804543714,1.0,,,
260519_2dsweep_1p5cell,sim,06_2_TDS-KyhlTune-260519_240.s2p,,S12,f_mean,sim,dispersion_mode_1,2.8672804543714,2.86728,-4.543714000604382e-07,-62.64447260491691,59.173123420513036,touchstone_ri,2.8672804543714,1.0,,,
260519_2dsweep_1p5cell,sim,06_2_TDS-KyhlTune-260519_240.s2p,,S21,f_mean,sim,dispersion_mode_1,2.8672804543714,2.86728,-4.543714000604382e-07,-62.64876891555409,59.16358206853342,touchstone_ri,2.8672804543714,1.0,,,
260519_2dsweep_1p5cell,sim,06_2_TDS-KyhlTune-260519_240.s2p,,S22,f_mean,sim,dispersion_mode_1,2.8672804543714,2.86728,-4.543714000604382e-07,-1.2591649005416163e-06,-10.171434722745508,touchstone_ri,2.8672804543714,1.0,,,
260519_2dsweep_1p5cell,sim,06_2_TDS-KyhlTune-260519_241.s2p,,S11,f_mean,sim,dispersion_mode_1,2.8672804543714,2.86728,-4.543714000604382e-07,1.056398351616219e-05,-52.667841075637824,touchstone_ri,2.8672804543714,1.0,,,
260519_2dsweep_1p5cell,sim,06_2_TDS-KyhlTune-260519_241.s2p,,S12,f_mean,sim,dispersion_mode_1,2.8672804543714,2.86728,-4.543714000604382e-07,-62.11671249431471,59.37292279839426,touchstone_ri,2.8672804543714,1.0,,,
260519_2dsweep_1p5cell,sim,06_2_TDS-KyhlTune-260519_241.s2p,,S21,f_mean,sim,dispersion_mode_1,2.8672804543714,2.86728,-4.543714000604382e-07,-63.270261873592545,57.133890248990156,touchstone_ri,2.8672804543714,1.0,,,
260519_2dsweep_1p5cell,sim,06_2_TDS-KyhlTune-260519_241.s2p,,S22,f_mean,sim,dispersion_mode_1,2.8672804543714,2.86728,-4.543714000604382e-07,-0.0001713176739834759,-10.344297607993807,touchstone_ri,2.8672804543714,1.0,,,
260519_2dsweep_1p5cell,sim,06_2_TDS-KyhlTune-260519_242.s2p,,S11,f_mean,sim,dispersion_mode_1,2.8672804543714,2.86728,-4.543714000604382e-07,-9.076530404144834e-05,-53.68630583822285,touchstone_ri,2.8672804543714,1.0,,,
260519_2dsweep_1p5cell,sim,06_2_TDS-KyhlTune-260519_242.s2p,,S12,f_mean,sim,dispersion_mode_1,2.8672804543714,2.86728,-4.543714000604382e-07,-63.53327389460738,57.89650817352121,touchstone_ri,2.8672804543714,1.0,,,
260519_2dsweep_1p5cell,sim,06_2_TDS-KyhlTune-260519_242.s2p,,S21,f_mean,sim,dispersion_mode_1,2.8672804543714,2.86728,-4.543714000604382e-07,-63.58796643479952,57.95280489432066,touchstone_ri,2.8672804543714,1.0,,,
260519_2dsweep_1p5cell,sim,06_2_TDS-KyhlTune-260519_242.s2p,,S22,f_mean,sim,dispersion_mode_1,2.8672804543714,2.86728,-4.543714000604382e-07,-3.1135658800940258e-06,-10.501335227709038,touchstone_ri,2.8672804543714,1.0,,,
260519_2dsweep_1p5cell,sim,06_2_TDS-KyhlTune-260519_243.s2p,,S11,f_mean,sim,dispersion_mode_1,2.8672804543714,2.86728,-4.543714000604382e-07,-0.0011421240051424193,-54.92791878446408,touchstone_ri,2.8672804543714,1.0,,,
260519_2dsweep_1p5cell,sim,06_2_TDS-KyhlTune-260519_243.s2p,,S12,f_mean,sim,dispersion_mode_1,2.8672804543714,2.86728,-4.543714000604382e-07,-61.76078487850192,58.08513658895738,touchstone_ri,2.8672804543714,1.0,,,
260519_2dsweep_1p5cell,sim,06_2_TDS-KyhlTune-260519_243.s2p,,S21,f_mean,sim,dispersion_mode_1,2.8672804543714,2.86728,-4.543714000604382e-07,-63.14432969145887,55.28831963285976,touchstone_ri,2.8672804543714,1.0,,,
260519_2dsweep_1p5cell,sim,06_2_TDS-KyhlTune-260519_243.s2p,,S22,f_mean,sim,dispersion_mode_1,2.8672804543714,2.86728,-4.543714000604382e-07,-0.00016666704491299678,-10.652205817919494,touchstone_ri,2.8672804543714,1.0,,,
260519_2dsweep_1p5cell,sim,06_2_TDS-KyhlTune-260519_244.s2p,,S11,f_mean,sim,dispersion_mode_1,2.8672804543714,2.86728,-4.543714000604382e-07,2.658968767868064e-06,-45.18040498256998,touchstone_ri,2.8672804543714,1.0,,,
260519_2dsweep_1p5cell,sim,06_2_TDS-KyhlTune-260519_244.s2p,,S12,f_mean,sim,dispersion_mode_1,2.8672804543714,2.86728,-4.543714000604382e-07,-68.92020335895445,62.49240510856003,touchstone_ri,2.8672804543714,1.0,,,
260519_2dsweep_1p5cell,sim,06_2_TDS-KyhlTune-260519_244.s2p,,S21,f_mean,sim,dispersion_mode_1,2.8672804543714,2.86728,-4.543714000604382e-07,-68.91641955154554,62.3290326728896,touchstone_ri,2.8672804543714,1.0,,,
260519_2dsweep_1p5cell,sim,06_2_TDS-KyhlTune-260519_244.s2p,,S22,f_mean,sim,dispersion_mode_1,2.8672804543714,2.86728,-4.543714000604382e-07,-6.049493382413523e-07,-9.953452641448145,touchstone_ri,2.8672804543714,1.0,,,
260519_2dsweep_1p5cell,sim,06_2_TDS-KyhlTune-260519_245.s2p,,S11,f_mean,sim,dispersion_mode_1,2.8672804543714,2.86728,-4.543714000604382e-07,-6.992468489223955e-05,-46.04106262534267,touchstone_ri,2.8672804543714,1.0,,,
260519_2dsweep_1p5cell,sim,06_2_TDS-KyhlTune-260519_245.s2p,,S12,f_mean,sim,dispersion_mode_1,2.8672804543714,2.86728,-4.543714000604382e-07,-64.1790194226908,60.44842327064418,touchstone_ri,2.8672804543714,1.0,,,
260519_2dsweep_1p5cell,sim,06_2_TDS-KyhlTune-260519_245.s2p,,S21,f_mean,sim,dispersion_mode_1,2.8672804543714,2.86728,-4.543714000604382e-07,-65.64566829582665,50.520728099583884,touchstone_ri,2.8672804543714,1.0,,,
260519_2dsweep_1p5cell,sim,06_2_TDS-KyhlTune-260519_245.s2p,,S22,f_mean,sim,dispersion_mode_1,2.8672804543714,2.86728,-4.543714000604382e-07,-9.307899271022082e-05,-10.1383593895421,touchstone_ri,2.8672804543714,1.0,,,
260519_2dsweep_1p5cell,sim,06_2_TDS-KyhlTune-260519_246.s2p,,S11,f_mean,sim,dispersion_mode_1,2.8672804543714,2.86728,-4.543714000604382e-07,1.1056368514992537e-06,-46.959708212452455,touchstone_ri,2.8672804543714,1.0,,,
260519_2dsweep_1p5cell,sim,06_2_TDS-KyhlTune-260519_246.s2p,,S12,f_mean,sim,dispersion_mode_1,2.8672804543714,2.86728,-4.543714000604382e-07,-66.51207947015448,61.46167691631862,touchstone_ri,2.8672804543714,1.0,,,
260519_2dsweep_1p5cell,sim,06_2_TDS-KyhlTune-260519_246.s2p,,S21,f_mean,sim,dispersion_mode_1,2.8672804543714,2.86728,-4.543714000604382e-07,-66.53926875398363,61.37931367720067,touchstone_ri,2.8672804543714,1.0,,,
260519_2dsweep_1p5cell,sim,06_2_TDS-KyhlTune-260519_246.s2p,,S22,f_mean,sim,dispersion_mode_1,2.8672804543714,2.86728,-4.543714000604382e-07,-1.3819876608505084e-05,-10.330306150949207,touchstone_ri,2.8672804543714,1.0,,,
260519_2dsweep_1p5cell,sim,06_2_TDS-KyhlTune-260519_247.s2p,,S11,f_mean,sim,dispersion_mode_1,2.8672804543714,2.86728,-4.543714000604382e-07,-0.0003875801076187403,-47.842744443368595,touchstone_ri,2.8672804543714,1.0,,,
260519_2dsweep_1p5cell,sim,06_2_TDS-KyhlTune-260519_247.s2p,,S12,f_mean,sim,dispersion_mode_1,2.8672804543714,2.86728,-4.543714000604382e-07,-66.20967895381511,60.85504206575394,touchstone_ri,2.8672804543714,1.0,,,
260519_2dsweep_1p5cell,sim,06_2_TDS-KyhlTune-260519_247.s2p,,S21,f_mean,sim,dispersion_mode_1,2.8672804543714,2.86728,-4.543714000604382e-07,-66.2229547763809,60.75921130834643,touchstone_ri,2.8672804543714,1.0,,,
260519_2dsweep_1p5cell,sim,06_2_TDS-KyhlTune-260519_247.s2p,,S22,f_mean,sim,dispersion_mode_1,2.8672804543714,2.86728,-4.543714000604382e-07,-4.823191422532739e-07,-10.486038139857783,touchstone_ri,2.8672804543714,1.0,,,
260519_2dsweep_1p5cell,sim,06_2_TDS-KyhlTune-260519_248.s2p,,S11,f_mean,sim,dispersion_mode_1,2.8672804543714,2.86728,-4.543714000604382e-07,-0.00022083453240180742,-48.82611922738271,touchstone_ri,2.8672804543714,1.0,,,
260519_2dsweep_1p5cell,sim,06_2_TDS-KyhlTune-260519_248.s2p,,S12,f_mean,sim,dispersion_mode_1,2.8672804543714,2.86728,-4.543714000604382e-07,-65.88856875625362,59.82950959684577,touchstone_ri,2.8672804543714,1.0,,,
260519_2dsweep_1p5cell,sim,06_2_TDS-KyhlTune-260519_248.s2p,,S21,f_mean,sim,dispersion_mode_1,2.8672804543714,2.86728,-4.543714000604382e-07,-65.84669142151208,60.171025104937485,touchstone_ri,2.8672804543714,1.0,,,
260519_2dsweep_1p5cell,sim,06_2_TDS-KyhlTune-260519_248.s2p,,S22,f_mean,sim,dispersion_mode_1,2.8672804543714,2.86728,-4.543714000604382e-07,-1.8295957883499256e-06,-10.634083254047464,touchstone_ri,2.8672804543714,1.0,,,
260519_2dsweep_1p5cell,sim,06_2_TDS-KyhlTune-260519_249.s2p,,S11,f_mean,sim,dispersion_mode_1,2.8672804543714,2.86728,-4.543714000604382e-07,-0.000299543779008925,-49.805444648666,touchstone_ri,2.8672804543714,1.0,,,
260519_2dsweep_1p5cell,sim,06_2_TDS-KyhlTune-260519_249.s2p,,S12,f_mean,sim,dispersion_mode_1,2.8672804543714,2.86728,-4.543714000604382e-07,-63.351466609665835,61.04359220870924,touchstone_ri,2.8672804543714,1.0,,,
260519_2dsweep_1p5cell,sim,06_2_TDS-KyhlTune-260519_249.s2p,,S21,f_mean,sim,dispersion_mode_1,2.8672804543714,2.86728,-4.543714000604382e-07,-64.0294565500584,56.25578450425746,touchstone_ri,2.8672804543714,1.0,,,
260519_2dsweep_1p5cell,sim,06_2_TDS-KyhlTune-260519_249.s2p,,S22,f_mean,sim,dispersion_mode_1,2.8672804543714,2.86728,-4.543714000604382e-07,-0.00012583745065956653,-10.76735401086683,touchstone_ri,2.8672804543714,1.0,,,
260519_2dsweep_1p5cell,sim,06_2_TDS-KyhlTune-260519_25.s2p,,S11,f_mean,sim,dispersion_mode_1,2.8672804543714,2.86728,-4.543714000604382e-07,-2.19504365411606e-05,-39.442220466285306,touchstone_ri,2.8672804543714,1.0,,,
260519_2dsweep_1p5cell,sim,06_2_TDS-KyhlTune-260519_25.s2p,,S12,f_mean,sim,dispersion_mode_1,2.8672804543714,2.86728,-4.543714000604382e-07,-55.44145141488973,88.55243614864821,touchstone_ri,2.8672804543714,1.0,,,
260519_2dsweep_1p5cell,sim,06_2_TDS-KyhlTune-260519_25.s2p,,S21,f_mean,sim,dispersion_mode_1,2.8672804543714,2.86728,-4.543714000604382e-07,-55.43046041217602,88.55711634490636,touchstone_ri,2.8672804543714,1.0,,,
260519_2dsweep_1p5cell,sim,06_2_TDS-KyhlTune-260519_25.s2p,,S22,f_mean,sim,dispersion_mode_1,2.8672804543714,2.86728,-4.543714000604382e-07,-2.336335496846948e-05,36.56720595724921,touchstone_ri,2.8672804543714,1.0,,,
260519_2dsweep_1p5cell,sim,06_2_TDS-KyhlTune-260519_250.s2p,,S11,f_mean,sim,dispersion_mode_1,2.8672804543714,2.86728,-4.543714000604382e-07,5.593222319981705e-06,-50.87243475793705,touchstone_ri,2.8672804543714,1.0,,,
260519_2dsweep_1p5cell,sim,06_2_TDS-KyhlTune-260519_250.s2p,,S12,f_mean,sim,dispersion_mode_1,2.8672804543714,2.86728,-4.543714000604382e-07,-65.2185637737925,59.22826237297319,touchstone_ri,2.8672804543714,1.0,,,
260519_2dsweep_1p5cell,sim,06_2_TDS-KyhlTune-260519_250.s2p,,S21,f_mean,sim,dispersion_mode_1,2.8672804543714,2.86728,-4.543714000604382e-07,-65.21884663468077,59.07694387046865,touchstone_ri,2.8672804543714,1.0,,,
260519_2dsweep_1p5cell,sim,06_2_TDS-KyhlTune-260519_250.s2p,,S22,f_mean,sim,dispersion_mode_1,2.8672804543714,2.86728,-4.543714000604382e-07,-1.0747885866574252e-06,-10.926719513239576,touchstone_ri,2.8672804543714,1.0,,,
260519_2dsweep_1p5cell,sim,06_2_TDS-KyhlTune-260519_251.s2p,,S11,f_mean,sim,dispersion_mode_1,2.8672804543714,2.86728,-4.543714000604382e-07,-3.2485041918681223e-06,-51.908944769713656,touchstone_ri,2.8672804543714,1.0,,,
260519_2dsweep_1p5cell,sim,06_2_TDS-KyhlTune-260519_251.s2p,,S12,f_mean,sim,dispersion_mode_1,2.8672804543714,2.86728,-4.543714000604382e-07,-64.57077147875513,58.55512571139036,touchstone_ri,2.8672804543714,1.0,,,
260519_2dsweep_1p5cell,sim,06_2_TDS-KyhlTune-260519_251.s2p,,S21,f_mean,sim,dispersion_mode_1,2.8672804543714,2.86728,-4.543714000604382e-07,-64.48843127110912,58.497905323884076,touchstone_ri,2.8672804543714,1.0,,,
260519_2dsweep_1p5cell,sim,06_2_TDS-KyhlTune-260519_251.s2p,,S22,f_mean,sim,dispersion_mode_1,2.8672804543714,2.86728,-4.543714000604382e-07,-8.227473924146476e-07,-11.07150945308657,touchstone_ri,2.8672804543714,1.0,,,
260519_2dsweep_1p5cell,sim,06_2_TDS-KyhlTune-260519_252.s2p,,S11,f_mean,sim,dispersion_mode_1,2.8672804543714,2.86728,-4.543714000604382e-07,-3.897065033221994e-06,-52.97875606497017,touchstone_ri,2.8672804543714,1.0,,,
260519_2dsweep_1p5cell,sim,06_2_TDS-KyhlTune-260519_252.s2p,,S12,f_mean,sim,dispersion_mode_1,2.8672804543714,2.86728,-4.543714000604382e-07,-65.50660474395511,57.87742068609277,touchstone_ri,2.8672804543714,1.0,,,
260519_2dsweep_1p5cell,sim,06_2_TDS-KyhlTune-260519_252.s2p,,S21,f_mean,sim,dispersion_mode_1,2.8672804543714,2.86728,-4.543714000604382e-07,-65.51503345259215,57.865232046514485,touchstone_ri,2.8672804543714,1.0,,,
260519_2dsweep_1p5cell,sim,06_2_TDS-KyhlTune-260519_252.s2p,,S22,f_mean,sim,dispersion_mode_1,2.8672804543714,2.86728,-4.543714000604382e-07,-6.783344922168581e-07,-11.210396251928346,touchstone_ri,2.8672804543714,1.0,,,
260519_2dsweep_1p5cell,sim,06_2_TDS-KyhlTune-260519_253.s2p,,S11,f_mean,sim,dispersion_mode_1,2.8672804543714,2.86728,-4.543714000604382e-07,-6.012181803695494e-06,-54.18204622915141,touchstone_ri,2.8672804543714,1.0,,,
260519_2dsweep_1p5cell,sim,06_2_TDS-KyhlTune-260519_253.s2p,,S12,f_mean,sim,dispersion_mode_1,2.8672804543714,2.86728,-4.543714000604382e-07,-64.87205640571548,57.20943282789134,touchstone_ri,2.8672804543714,1.0,,,
260519_2dsweep_1p5cell,sim,06_2_TDS-KyhlTune-260519_253.s2p,,S21,f_mean,sim,dispersion_mode_1,2.8672804543714,2.86728,-4.543714000604382e-07,-64.87567149355625,57.24062374476538,touchstone_ri,2.8672804543714,1.0,,,
260519_2dsweep_1p5cell,sim,06_2_TDS-KyhlTune-260519_253.s2p,,S22,f_mean,sim,dispersion_mode_1,2.8672804543714,2.86728,-4.543714000604382e-07,-8.096070504598383e-07,-11.32268579956941,touchstone_ri,2.8672804543714,1.0,,,
260519_2dsweep_1p5cell,sim,06_2_TDS-KyhlTune-260519_254.s2p,,S11,f_mean,sim,dispersion_mode_1,2.8672804543714,2.86728,-4.543714000604382e-07,5.266552494580467e-06,-55.3538155729943,touchstone_ri,2.8672804543714,1.0,,,
260519_2dsweep_1p5cell,sim,06_2_TDS-KyhlTune-260519_254.s2p,,S12,f_mean,sim,dispersion_mode_1,2.8672804543714,2.86728,-4.543714000604382e-07,-65.19868377409927,56.61634709977185,touchstone_ri,2.8672804543714,1.0,,,
260519_2dsweep_1p5cell,sim,06_2_TDS-KyhlTune-260519_254.s2p,,S21,f_mean,sim,dispersion_mode_1,2.8672804543714,2.86728,-4.543714000604382e-07,-65.19735692443706,56.59345043336882,touchstone_ri,2.8672804543714,1.0,,,
260519_2dsweep_1p5cell,sim,06_2_TDS-KyhlTune-260519_254.s2p,,S22,f_mean,sim,dispersion_mode_1,2.8672804543714,2.86728,-4.543714000604382e-07,-1.5519812782138595e-06,-11.452996897968507,touchstone_ri,2.8672804543714,1.0,,,
260519_2dsweep_1p5cell,sim,06_2_TDS-KyhlTune-260519_255.s2p,,S11,f_mean,sim,dispersion_mode_1,2.8672804543714,2.86728,-4.543714000604382e-07,-3.845133134327148e-05,-45.44908787154908,touchstone_ri,2.8672804543714,1.0,,,
260519_2dsweep_1p5cell,sim,06_2_TDS-KyhlTune-260519_255.s2p,,S12,f_mean,sim,dispersion_mode_1,2.8672804543714,2.86728,-4.543714000604382e-07,-67.51973061428498,61.81007640182663,touchstone_ri,2.8672804543714,1.0,,,
260519_2dsweep_1p5cell,sim,06_2_TDS-KyhlTune-260519_255.s2p,,S21,f_mean,sim,dispersion_mode_1,2.8672804543714,2.86728,-4.543714000604382e-07,-67.52291951391564,61.76947088122718,touchstone_ri,2.8672804543714,1.0,,,
260519_2dsweep_1p5cell,sim,06_2_TDS-KyhlTune-260519_255.s2p,,S22,f_mean,sim,dispersion_mode_1,2.8672804543714,2.86728,-4.543714000604382e-07,-3.214070477272069e-07,-10.996735234454091,touchstone_ri,2.8672804543714,1.0,,,
260519_2dsweep_1p5cell,sim,06_2_TDS-KyhlTune-260519_256.s2p,,S11,f_mean,sim,dispersion_mode_1,2.8672804543714,2.86728,-4.543714000604382e-07,-1.1845032187867433e-06,-46.36737794252792,touchstone_ri,2.8672804543714,1.0,,,
260519_2dsweep_1p5cell,sim,06_2_TDS-KyhlTune-260519_256.s2p,,S12,f_mean,sim,dispersion_mode_1,2.8672804543714,2.86728,-4.543714000604382e-07,-66.84965389647716,61.301690197561356,touchstone_ri,2.8672804543714,1.0,,,
260519_2dsweep_1p5cell,sim,06_2_TDS-KyhlTune-260519_256.s2p,,S21,f_mean,sim,dispersion_mode_1,2.8672804543714,2.86728,-4.543714000604382e-07,-66.85950010428515,61.26216076743433,touchstone_ri,2.8672804543714,1.0,,,
260519_2dsweep_1p5cell,sim,06_2_TDS-KyhlTune-260519_256.s2p,,S22,f_mean,sim,dispersion_mode_1,2.8672804543714,2.86728,-4.543714000604382e-07,-4.799174440630374e-07,-11.166314032842509,touchstone_ri,2.8672804543714,1.0,,,
260519_2dsweep_1p5cell,sim,06_2_TDS-KyhlTune-260519_257.s2p,,S11,f_mean,sim,dispersion_mode_1,2.8672804543714,2.86728,-4.543714000604382e-07,1.3324573997646491e-06,-47.219624673136835,touchstone_ri,2.8672804543714,1.0,,,
260519_2dsweep_1p5cell,sim,06_2_TDS-KyhlTune-260519_257.s2p,,S12,f_mean,sim,dispersion_mode_1,2.8672804543714,2.86728,-4.543714000604382e-07,-68.36191780933113,59.00238947596725,touchstone_ri,2.8672804543714,1.0,,,
260519_2dsweep_1p5cell,sim,06_2_TDS-KyhlTune-260519_257.s2p,,S21,f_mean,sim,dispersion_mode_1,2.8672804543714,2.86728,-4.543714000604382e-07,-70.39800394659811,48.47055597850853,touchstone_ri,2.8672804543714,1.0,,,
260519_2dsweep_1p5cell,sim,06_2_TDS-KyhlTune-260519_257.s2p,,S22,f_mean,sim,dispersion_mode_1,2.8672804543714,2.86728,-4.543714000604382e-07,-4.876874956996866e-07,-11.295299339770793,touchstone_ri,2.8672804543714,1.0,,,
260519_2dsweep_1p5cell,sim,06_2_TDS-KyhlTune-260519_258.s2p,,S11,f_mean,sim,dispersion_mode_1,2.8672804543714,2.86728,-4.543714000604382e-07,-0.0003386720284155887,-48.187989496604125,touchstone_ri,2.8672804543714,1.0,,,
260519_2dsweep_1p5cell,sim,06_2_TDS-KyhlTune-260519_258.s2p,,S12,f_mean,sim,dispersion_mode_1,2.8672804543714,2.86728,-4.543714000604382e-07,-65.90200341142958,59.51709661082362,touchstone_ri,2.8672804543714,1.0,,,
260519_2dsweep_1p5cell,sim,06_2_TDS-KyhlTune-260519_258.s2p,,S21,f_mean,sim,dispersion_mode_1,2.8672804543714,2.86728,-4.543714000604382e-07,-67.74286052803716,56.29724642949117,touchstone_ri,2.8672804543714,1.0,,,
260519_2dsweep_1p5cell,sim,06_2_TDS-KyhlTune-260519_258.s2p,,S22,f_mean,sim,dispersion_mode_1,2.8672804543714,2.86728,-4.543714000604382e-07,-7.212930934192439e-05,-11.406608832791218,touchstone_ri,2.8672804543714,1.0,,,
260519_2dsweep_1p5cell,sim,06_2_TDS-KyhlTune-260519_259.s2p,,S11,f_mean,sim,dispersion_mode_1,2.8672804543714,2.86728,-4.543714000604382e-07,2.18711839967863e-06,-49.20695816608168,touchstone_ri,2.8672804543714,1.0,,,
260519_2dsweep_1p5cell,sim,06_2_TDS-KyhlTune-260519_259.s2p,,S12,f_mean,sim,dispersion_mode_1,2.8672804543714,2.86728,-4.543714000604382e-07,-64.87065975096372,59.60881459365786,touchstone_ri,2.8672804543714,1.0,,,
260519_2dsweep_1p5cell,sim,06_2_TDS-KyhlTune-260519_259.s2p,,S21,f_mean,sim,dispersion_mode_1,2.8672804543714,2.86728,-4.543714000604382e-07,-64.87089792995582,59.621566909558084,touchstone_ri,2.8672804543714,1.0,,,
260519_2dsweep_1p5cell,sim,06_2_TDS-KyhlTune-260519_259.s2p,,S22,f_mean,sim,dispersion_mode_1,2.8672804543714,2.86728,-4.543714000604382e-07,-6.932719596046327e-07,-11.549107711503583,touchstone_ri,2.8672804543714,1.0,,,
260519_2dsweep_1p5cell,sim,06_2_TDS-KyhlTune-260519_26.s2p,,S11,f_mean,sim,dispersion_mode_1,2.8672804543714,2.86728,-4.543714000604382e-07,-7.449588918329033e-06,-39.9911164707453,touchstone_ri,2.8672804543714,1.0,,,
260519_2dsweep_1p5cell,sim,06_2_TDS-KyhlTune-260519_26.s2p,,S12,f_mean,sim,dispersion_mode_1,2.8672804543714,2.86728,-4.543714000604382e-07,-55.84902633053098,85.90637413687524,touchstone_ri,2.8672804543714,1.0,,,
260519_2dsweep_1p5cell,sim,06_2_TDS-KyhlTune-260519_26.s2p,,S21,f_mean,sim,dispersion_mode_1,2.8672804543714,2.86728,-4.543714000604382e-07,-55.79580759255283,85.73074479072078,touchstone_ri,2.8672804543714,1.0,,,
260519_2dsweep_1p5cell,sim,06_2_TDS-KyhlTune-260519_26.s2p,,S22,f_mean,sim,dispersion_mode_1,2.8672804543714,2.86728,-4.543714000604382e-07,-1.9152368736516007e-05,31.840754181473354,touchstone_ri,2.8672804543714,1.0,,,
260519_2dsweep_1p5cell,sim,06_2_TDS-KyhlTune-260519_260.s2p,,S11,f_mean,sim,dispersion_mode_1,2.8672804543714,2.86728,-4.543714000604382e-07,-4.504016064931761e-05,-50.22679872001941,touchstone_ri,2.8672804543714,1.0,,,
260519_2dsweep_1p5cell,sim,06_2_TDS-KyhlTune-260519_260.s2p,,S12,f_mean,sim,dispersion_mode_1,2.8672804543714,2.86728,-4.543714000604382e-07,-65.96809644735754,59.62743364741189,touchstone_ri,2.8672804543714,1.0,,,
260519_2dsweep_1p5cell,sim,06_2_TDS-KyhlTune-260519_260.s2p,,S21,f_mean,sim,dispersion_mode_1,2.8672804543714,2.86728,-4.543714000604382e-07,-67.34616421505267,59.0601268838527,touchstone_ri,2.8672804543714,1.0,,,
260519_2dsweep_1p5cell,sim,06_2_TDS-KyhlTune-260519_260.s2p,,S22,f_mean,sim,dispersion_mode_1,2.8672804543714,2.86728,-4.543714000604382e-07,-6.558470923649419e-05,-11.671258726911812,touchstone_ri,2.8672804543714,1.0,,,
260519_2dsweep_1p5cell,sim,06_2_TDS-KyhlTune-260519_261.s2p,,S11,f_mean,sim,dispersion_mode_1,2.8672804543714,2.86728,-4.543714000604382e-07,-0.0004138798403290557,-51.22593955798779,touchstone_ri,2.8672804543714,1.0,,,
260519_2dsweep_1p5cell,sim,06_2_TDS-KyhlTune-260519_261.s2p,,S12,f_mean,sim,dispersion_mode_1,2.8672804543714,2.86728,-4.543714000604382e-07,-65.36262452626289,59.23298593418043,touchstone_ri,2.8672804543714,1.0,,,
260519_2dsweep_1p5cell,sim,06_2_TDS-KyhlTune-260519_261.s2p,,S21,f_mean,sim,dispersion_mode_1,2.8672804543714,2.86728,-4.543714000604382e-07,-66.47287801747771,50.76926213595409,touchstone_ri,2.8672804543714,1.0,,,
260519_2dsweep_1p5cell,sim,06_2_TDS-KyhlTune-260519_261.s2p,,S22,f_mean,sim,dispersion_mode_1,2.8672804543714,2.86728,-4.543714000604382e-07,-9.84627902223031e-05,-11.77743977564091,touchstone_ri,2.8672804543714,1.0,,,
260519_2dsweep_1p5cell,sim,06_2_TDS-KyhlTune-260519_262.s2p,,S11,f_mean,sim,dispersion_mode_1,2.8672804543714,2.86728,-4.543714000604382e-07,-2.9208732254151725e-05,-52.35348964317107,touchstone_ri,2.8672804543714,1.0,,,
260519_2dsweep_1p5cell,sim,06_2_TDS-KyhlTune-260519_262.s2p,,S12,f_mean,sim,dispersion_mode_1,2.8672804543714,2.86728,-4.543714000604382e-07,-66.55912014739799,57.964189224996986,touchstone_ri,2.8672804543714,1.0,,,
260519_2dsweep_1p5cell,sim,06_2_TDS-KyhlTune-260519_262.s2p,,S21,f_mean,sim,dispersion_mode_1,2.8672804543714,2.86728,-4.543714000604382e-07,-68.29869840540971,54.776301808750894,touchstone_ri,2.8672804543714,1.0,,,
260519_2dsweep_1p5cell,sim,06_2_TDS-KyhlTune-260519_262.s2p,,S22,f_mean,sim,dispersion_mode_1,2.8672804543714,2.86728,-4.543714000604382e-07,-1.2186046390872204e-05,-11.904165868280995,touchstone_ri,2.8672804543714,1.0,,,
260519_2dsweep_1p5cell,sim,06_2_TDS-KyhlTune-260519_263.s2p,,S11,f_mean,sim,dispersion_mode_1,2.8672804543714,2.86728,-4.543714000604382e-07,3.355979059622099e-06,-53.42998210851236,touchstone_ri,2.8672804543714,1.0,,,
260519_2dsweep_1p5cell,sim,06_2_TDS-KyhlTune-260519_263.s2p,,S12,f_mean,sim,dispersion_mode_1,2.8672804543714,2.86728,-4.543714000604382e-07,-65.52098388674875,57.87953137769595,touchstone_ri,2.8672804543714,1.0,,,
260519_2dsweep_1p5cell,sim,06_2_TDS-KyhlTune-260519_263.s2p,,S21,f_mean,sim,dispersion_mode_1,2.8672804543714,2.86728,-4.543714000604382e-07,-67.43192216130511,53.229870224850856,touchstone_ri,2.8672804543714,1.0,,,
260519_2dsweep_1p5cell,sim,06_2_TDS-KyhlTune-260519_263.s2p,,S22,f_mean,sim,dispersion_mode_1,2.8672804543714,2.86728,-4.543714000604382e-07,-7.281126029532507e-05,-12.013884405608591,touchstone_ri,2.8672804543714,1.0,,,
260519_2dsweep_1p5cell,sim,06_2_TDS-KyhlTune-260519_264.s2p,,S11,f_mean,sim,dispersion_mode_1,2.8672804543714,2.86728,-4.543714000604382e-07,-4.5133321374504594e-05,-54.60709058702307,touchstone_ri,2.8672804543714,1.0,,,
260519_2dsweep_1p5cell,sim,06_2_TDS-KyhlTune-260519_264.s2p,,S12,f_mean,sim,dispersion_mode_1,2.8672804543714,2.86728,-4.543714000604382e-07,-64.32786093742806,58.45195491236405,touchstone_ri,2.8672804543714,1.0,,,
260519_2dsweep_1p5cell,sim,06_2_TDS-KyhlTune-260519_264.s2p,,S21,f_mean,sim,dispersion_mode_1,2.8672804543714,2.86728,-4.543714000604382e-07,-64.73018239039371,57.7896437488278,touchstone_ri,2.8672804543714,1.0,,,
260519_2dsweep_1p5cell,sim,06_2_TDS-KyhlTune-260519_264.s2p,,S22,f_mean,sim,dispersion_mode_1,2.8672804543714,2.86728,-4.543714000604382e-07,-3.9935397963284576e-05,-12.158956284117435,touchstone_ri,2.8672804543714,1.0,,,
260519_2dsweep_1p5cell,sim,06_2_TDS-KyhlTune-260519_265.s2p,,S11,f_mean,sim,dispersion_mode_1,2.8672804543714,2.86728,-4.543714000604382e-07,-0.0005364606039140722,-55.79977853944062,touchstone_ri,2.8672804543714,1.0,,,
260519_2dsweep_1p5cell,sim,06_2_TDS-KyhlTune-260519_265.s2p,,S12,f_mean,sim,dispersion_mode_1,2.8672804543714,2.86728,-4.543714000604382e-07,-63.700023119717486,56.79987218566938,touchstone_ri,2.8672804543714,1.0,,,
260519_2dsweep_1p5cell,sim,06_2_TDS-KyhlTune-260519_265.s2p,,S21,f_mean,sim,dispersion_mode_1,2.8672804543714,2.86728,-4.543714000604382e-07,-64.26837834032936,54.37092424053421,touchstone_ri,2.8672804543714,1.0,,,
260519_2dsweep_1p5cell,sim,06_2_TDS-KyhlTune-260519_265.s2p,,S22,f_mean,sim,dispersion_mode_1,2.8672804543714,2.86728,-4.543714000604382e-07,-7.742344466999125e-05,-12.243858806109694,touchstone_ri,2.8672804543714,1.0,,,
260519_2dsweep_1p5cell,sim,06_2_TDS-KyhlTune-260519_266.s2p,,S11,f_mean,sim,dispersion_mode_1,2.8672804543714,2.86728,-4.543714000604382e-07,-1.1351506072810718e-05,-45.72698162189873,touchstone_ri,2.8672804543714,1.0,,,
260519_2dsweep_1p5cell,sim,06_2_TDS-KyhlTune-260519_266.s2p,,S12,f_mean,sim,dispersion_mode_1,2.8672804543714,2.86728,-4.543714000604382e-07,-71.67658451442624,61.113544884190624,touchstone_ri,2.8672804543714,1.0,,,
260519_2dsweep_1p5cell,sim,06_2_TDS-KyhlTune-260519_266.s2p,,S21,f_mean,sim,dispersion_mode_1,2.8672804543714,2.86728,-4.543714000604382e-07,-71.67582389751377,61.14225958126303,touchstone_ri,2.8672804543714,1.0,,,
260519_2dsweep_1p5cell,sim,06_2_TDS-KyhlTune-260519_266.s2p,,S22,f_mean,sim,dispersion_mode_1,2.8672804543714,2.86728,-4.543714000604382e-07,-1.2137633008716291e-07,-11.983754085726734,touchstone_ri,2.8672804543714,1.0,,,
260519_2dsweep_1p5cell,sim,06_2_TDS-KyhlTune-260519_267.s2p,,S11,f_mean,sim,dispersion_mode_1,2.8672804543714,2.86728,-4.543714000604382e-07,-4.502688517702807e-05,-46.66429887413567,touchstone_ri,2.8672804543714,1.0,,,
260519_2dsweep_1p5cell,sim,06_2_TDS-KyhlTune-260519_267.s2p,,S12,f_mean,sim,dispersion_mode_1,2.8672804543714,2.86728,-4.543714000604382e-07,-66.48080535806581,60.24951183119689,touchstone_ri,2.8672804543714,1.0,,,
260519_2dsweep_1p5cell,sim,06_2_TDS-KyhlTune-260519_267.s2p,,S21,f_mean,sim,dispersion_mode_1,2.8672804543714,2.86728,-4.543714000604382e-07,-67.62534936276425,55.62585157718062,touchstone_ri,2.8672804543714,1.0,,,
260519_2dsweep_1p5cell,sim,06_2_TDS-KyhlTune-260519_267.s2p,,S22,f_mean,sim,dispersion_mode_1,2.8672804543714,2.86728,-4.543714000604382e-07,-5.519417881198262e-07,-12.116715170532755,touchstone_ri,2.8672804543714,1.0,,,
260519_2dsweep_1p5cell,sim,06_2_TDS-KyhlTune-260519_268.s2p,,S11,f_mean,sim,dispersion_mode_1,2.8672804543714,2.86728,-4.543714000604382e-07,1.0785732629929898e-06,-47.544030980290124,touchstone_ri,2.8672804543714,1.0,,,
260519_2dsweep_1p5cell,sim,06_2_TDS-KyhlTune-260519_268.s2p,,S12,f_mean,sim,dispersion_mode_1,2.8672804543714,2.86728,-4.543714000604382e-07,-66.23600113277678,60.101451819804815,touchstone_ri,2.8672804543714,1.0,,,
260519_2dsweep_1p5cell,sim,06_2_TDS-KyhlTune-260519_268.s2p,,S21,f_mean,sim,dispersion_mode_1,2.8672804543714,2.86728,-4.543714000604382e-07,-66.23463379348821,60.09825134296848,touchstone_ri,2.8672804543714,1.0,,,
260519_2dsweep_1p5cell,sim,06_2_TDS-KyhlTune-260519_268.s2p,,S22,f_mean,sim,dispersion_mode_1,2.8672804543714,2.86728,-4.543714000604382e-07,-3.4292795385950707e-06,-12.217548555599867,touchstone_ri,2.8672804543714,1.0,,,
260519_2dsweep_1p5cell,sim,06_2_TDS-KyhlTune-260519_269.s2p,,S11,f_mean,sim,dispersion_mode_1,2.8672804543714,2.86728,-4.543714000604382e-07,-4.884002251094448e-06,-48.47358799267251,touchstone_ri,2.8672804543714,1.0,,,
260519_2dsweep_1p5cell,sim,06_2_TDS-KyhlTune-260519_269.s2p,,S12,f_mean,sim,dispersion_mode_1,2.8672804543714,2.86728,-4.543714000604382e-07,-67.27886334114993,59.50269219622643,touchstone_ri,2.8672804543714,1.0,,,
260519_2dsweep_1p5cell,sim,06_2_TDS-KyhlTune-260519_269.s2p,,S21,f_mean,sim,dispersion_mode_1,2.8672804543714,2.86728,-4.543714000604382e-07,-67.30250840044577,59.66157106492915,touchstone_ri,2.8672804543714,1.0,,,
260519_2dsweep_1p5cell,sim,06_2_TDS-KyhlTune-260519_269.s2p,,S22,f_mean,sim,dispersion_mode_1,2.8672804543714,2.86728,-4.543714000604382e-07,-3.8941370215705343e-07,-12.335805256209827,touchstone_ri,2.8672804543714,1.0,,,
260519_2dsweep_1p5cell,sim,06_2_TDS-KyhlTune-260519_27.s2p,,S11,f_mean,sim,dispersion_mode_1,2.8672804543714,2.86728,-4.543714000604382e-07,-2.8381094393779263e-05,-40.52968591375354,touchstone_ri,2.8672804543714,1.0,,,
260519_2dsweep_1p5cell,sim,06_2_TDS-KyhlTune-260519_27.s2p,,S12,f_mean,sim,dispersion_mode_1,2.8672804543714,2.86728,-4.543714000604382e-07,-56.2306855096365,83.81256044120393,touchstone_ri,2.8672804543714,1.0,,,
260519_2dsweep_1p5cell,sim,06_2_TDS-KyhlTune-260519_27.s2p,,S21,f_mean,sim,dispersion_mode_1,2.8672804543714,2.86728,-4.543714000604382e-07,-56.17392974078338,83.46790446191466,touchstone_ri,2.8672804543714,1.0,,,
260519_2dsweep_1p5cell,sim,06_2_TDS-KyhlTune-260519_27.s2p,,S22,f_mean,sim,dispersion_mode_1,2.8672804543714,2.86728,-4.543714000604382e-07,-9.824378881572127e-05,27.89167984827688,touchstone_ri,2.8672804543714,1.0,,,
260519_2dsweep_1p5cell,sim,06_2_TDS-KyhlTune-260519_270.s2p,,S11,f_mean,sim,dispersion_mode_1,2.8672804543714,2.86728,-4.543714000604382e-07,1.8187655950568409e-06,-49.493340130018744,touchstone_ri,2.8672804543714,1.0,,,
260519_2dsweep_1p5cell,sim,06_2_TDS-KyhlTune-260519_270.s2p,,S12,f_mean,sim,dispersion_mode_1,2.8672804543714,2.86728,-4.543714000604382e-07,-67.01003292209543,58.70076641288367,touchstone_ri,2.8672804543714,1.0,,,
260519_2dsweep_1p5cell,sim,06_2_TDS-KyhlTune-260519_270.s2p,,S21,f_mean,sim,dispersion_mode_1,2.8672804543714,2.86728,-4.543714000604382e-07,-67.04660954374643,58.78886661227207,touchstone_ri,2.8672804543714,1.0,,,
260519_2dsweep_1p5cell,sim,06_2_TDS-KyhlTune-260519_270.s2p,,S22,f_mean,sim,dispersion_mode_1,2.8672804543714,2.86728,-4.543714000604382e-07,-4.484081099125131e-07,-12.412219231398947,touchstone_ri,2.8672804543714,1.0,,,
260519_2dsweep_1p5cell,sim,06_2_TDS-KyhlTune-260519_271.s2p,,S11,f_mean,sim,dispersion_mode_1,2.8672804543714,2.86728,-4.543714000604382e-07,1.5830861954781481e-06,-50.55871258396386,touchstone_ri,2.8672804543714,1.0,,,
260519_2dsweep_1p5cell,sim,06_2_TDS-KyhlTune-260519_271.s2p,,S12,f_mean,sim,dispersion_mode_1,2.8672804543714,2.86728,-4.543714000604382e-07,-69.8409882474419,58.290079726276716,touchstone_ri,2.8672804543714,1.0,,,
260519_2dsweep_1p5cell,sim,06_2_TDS-KyhlTune-260519_271.s2p,,S21,f_mean,sim,dispersion_mode_1,2.8672804543714,2.86728,-4.543714000604382e-07,-69.84675580797204,58.45270048448702,touchstone_ri,2.8672804543714,1.0,,,
260519_2dsweep_1p5cell,sim,06_2_TDS-KyhlTune-260519_271.s2p,,S22,f_mean,sim,dispersion_mode_1,2.8672804543714,2.86728,-4.543714000604382e-07,-2.376109718239611e-07,-12.546849538465551,touchstone_ri,2.8672804543714,1.0,,,
260519_2dsweep_1p5cell,sim,06_2_TDS-KyhlTune-260519_272.s2p,,S11,f_mean,sim,dispersion_mode_1,2.8672804543714,2.86728,-4.543714000604382e-07,-0.00039070640992829936,-51.607366045466115,touchstone_ri,2.8672804543714,1.0,,,
260519_2dsweep_1p5cell,sim,06_2_TDS-KyhlTune-260519_272.s2p,,S12,f_mean,sim,dispersion_mode_1,2.8672804543714,2.86728,-4.543714000604382e-07,-67.63503742142726,57.84051722681881,touchstone_ri,2.8672804543714,1.0,,,
260519_2dsweep_1p5cell,sim,06_2_TDS-KyhlTune-260519_272.s2p,,S21,f_mean,sim,dispersion_mode_1,2.8672804543714,2.86728,-4.543714000604382e-07,-69.00973938219705,58.1004507786632,touchstone_ri,2.8672804543714,1.0,,,
260519_2dsweep_1p5cell,sim,06_2_TDS-KyhlTune-260519_272.s2p,,S22,f_mean,sim,dispersion_mode_1,2.8672804543714,2.86728,-4.543714000604382e-07,-2.1766172399610797e-05,-12.653168065676361,touchstone_ri,2.8672804543714,1.0,,,
260519_2dsweep_1p5cell,sim,06_2_TDS-KyhlTune-260519_273.s2p,,S11,f_mean,sim,dispersion_mode_1,2.8672804543714,2.86728,-4.543714000604382e-07,-0.0005123917422531454,-52.71015152946819,touchstone_ri,2.8672804543714,1.0,,,
260519_2dsweep_1p5cell,sim,06_2_TDS-KyhlTune-260519_273.s2p,,S12,f_mean,sim,dispersion_mode_1,2.8672804543714,2.86728,-4.543714000604382e-07,-67.19096156702633,57.17453604830625,touchstone_ri,2.8672804543714,1.0,,,
260519_2dsweep_1p5cell,sim,06_2_TDS-KyhlTune-260519_273.s2p,,S21,f_mean,sim,dispersion_mode_1,2.8672804543714,2.86728,-4.543714000604382e-07,-68.50189560919787,57.53845483498176,touchstone_ri,2.8672804543714,1.0,,,
260519_2dsweep_1p5cell,sim,06_2_TDS-KyhlTune-260519_273.s2p,,S22,f_mean,sim,dispersion_mode_1,2.8672804543714,2.86728,-4.543714000604382e-07,-1.4752857963031705e-05,-12.732035304154639,touchstone_ri,2.8672804543714,1.0,,,
260519_2dsweep_1p5cell,sim,06_2_TDS-KyhlTune-260519_274.s2p,,S11,f_mean,sim,dispersion_mode_1,2.8672804543714,2.86728,-4.543714000604382e-07,2.9557871830024313e-06,-53.864434864859604,touchstone_ri,2.8672804543714,1.0,,,
260519_2dsweep_1p5cell,sim,06_2_TDS-KyhlTune-260519_274.s2p,,S12,f_mean,sim,dispersion_mode_1,2.8672804543714,2.86728,-4.543714000604382e-07,-67.01192847533088,56.87642589552939,touchstone_ri,2.8672804543714,1.0,,,
260519_2dsweep_1p5cell,sim,06_2_TDS-KyhlTune-260519_274.s2p,,S21,f_mean,sim,dispersion_mode_1,2.8672804543714,2.86728,-4.543714000604382e-07,-67.02098848478006,56.62006609532493,touchstone_ri,2.8672804543714,1.0,,,
260519_2dsweep_1p5cell,sim,06_2_TDS-KyhlTune-260519_274.s2p,,S22,f_mean,sim,dispersion_mode_1,2.8672804543714,2.86728,-4.543714000604382e-07,-4.885197392799139e-07,-12.824068381124325,touchstone_ri,2.8672804543714,1.0,,,
260519_2dsweep_1p5cell,sim,06_2_TDS-KyhlTune-260519_275.s2p,,S11,f_mean,sim,dispersion_mode_1,2.8672804543714,2.86728,-4.543714000604382e-07,2.9151131718372945e-06,-55.042139524208274,touchstone_ri,2.8672804543714,1.0,,,
260519_2dsweep_1p5cell,sim,06_2_TDS-KyhlTune-260519_275.s2p,,S12,f_mean,sim,dispersion_mode_1,2.8672804543714,2.86728,-4.543714000604382e-07,-65.81348888164287,57.26206910185484,touchstone_ri,2.8672804543714,1.0,,,
260519_2dsweep_1p5cell,sim,06_2_TDS-KyhlTune-260519_275.s2p,,S21,f_mean,sim,dispersion_mode_1,2.8672804543714,2.86728,-4.543714000604382e-07,-67.89915788058526,53.50761331770304,touchstone_ri,2.8672804543714,1.0,,,
260519_2dsweep_1p5cell,sim,06_2_TDS-KyhlTune-260519_275.s2p,,S22,f_mean,sim,dispersion_mode_1,2.8672804543714,2.86728,-4.543714000604382e-07,-5.1075204458915254e-05,-12.911025056091031,touchstone_ri,2.8672804543714,1.0,,,
260519_2dsweep_1p5cell,sim,06_2_TDS-KyhlTune-260519_276.s2p,,S11,f_mean,sim,dispersion_mode_1,2.8672804543714,2.86728,-4.543714000604382e-07,3.444480974754022e-06,-56.294828236792966,touchstone_ri,2.8672804543714,1.0,,,
260519_2dsweep_1p5cell,sim,06_2_TDS-KyhlTune-260519_276.s2p,,S12,f_mean,sim,dispersion_mode_1,2.8672804543714,2.86728,-4.543714000604382e-07,-65.86006919575358,56.52677006357484,touchstone_ri,2.8672804543714,1.0,,,
260519_2dsweep_1p5cell,sim,06_2_TDS-KyhlTune-260519_276.s2p,,S21,f_mean,sim,dispersion_mode_1,2.8672804543714,2.86728,-4.543714000604382e-07,-66.78242031533222,54.851166866247844,touchstone_ri,2.8672804543714,1.0,,,
260519_2dsweep_1p5cell,sim,06_2_TDS-KyhlTune-260519_276.s2p,,S22,f_mean,sim,dispersion_mode_1,2.8672804543714,2.86728,-4.543714000604382e-07,-3.063697977206759e-05,-13.021870431765661,touchstone_ri,2.8672804543714,1.0,,,
260519_2dsweep_1p5cell,sim,06_2_TDS-KyhlTune-260519_277.s2p,,S11,f_mean,sim,dispersion_mode_1,2.8672804543714,2.86728,-4.543714000604382e-07,1.2128367725319844e-06,-45.9729357928145,touchstone_ri,2.8672804543714,1.0,,,
260519_2dsweep_1p5cell,sim,06_2_TDS-KyhlTune-260519_277.s2p,,S12,f_mean,sim,dispersion_mode_1,2.8672804543714,2.86728,-4.543714000604382e-07,-70.86255644095249,60.6105933001055,touchstone_ri,2.8672804543714,1.0,,,
260519_2dsweep_1p5cell,sim,06_2_TDS-KyhlTune-260519_277.s2p,,S21,f_mean,sim,dispersion_mode_1,2.8672804543714,2.86728,-4.543714000604382e-07,-70.75284255394537,60.4302975146985,touchstone_ri,2.8672804543714,1.0,,,
260519_2dsweep_1p5cell,sim,06_2_TDS-KyhlTune-260519_277.s2p,,S22,f_mean,sim,dispersion_mode_1,2.8672804543714,2.86728,-4.543714000604382e-07,-1.5493717237570175e-07,-12.9172848251749,touchstone_ri,2.8672804543714,1.0,,,
260519_2dsweep_1p5cell,sim,06_2_TDS-KyhlTune-260519_278.s2p,,S11,f_mean,sim,dispersion_mode_1,2.8672804543714,2.86728,-4.543714000604382e-07,-6.818666632389433e-06,-46.862070396864624,touchstone_ri,2.8672804543714,1.0,,,
260519_2dsweep_1p5cell,sim,06_2_TDS-KyhlTune-260519_278.s2p,,S12,f_mean,sim,dispersion_mode_1,2.8672804543714,2.86728,-4.543714000604382e-07,-66.50544663974361,59.933683304088056,touchstone_ri,2.8672804543714,1.0,,,
260519_2dsweep_1p5cell,sim,06_2_TDS-KyhlTune-260519_278.s2p,,S21,f_mean,sim,dispersion_mode_1,2.8672804543714,2.86728,-4.543714000604382e-07,-66.4963412206953,60.05055518018355,touchstone_ri,2.8672804543714,1.0,,,
260519_2dsweep_1p5cell,sim,06_2_TDS-KyhlTune-260519_278.s2p,,S22,f_mean,sim,dispersion_mode_1,2.8672804543714,2.86728,-4.543714000604382e-07,-4.367410372428929e-07,-13.038763251754508,touchstone_ri,2.8672804543714,1.0,,,
260519_2dsweep_1p5cell,sim,06_2_TDS-KyhlTune-260519_279.s2p,,S11,f_mean,sim,dispersion_mode_1,2.8672804543714,2.86728,-4.543714000604382e-07,-5.3640899731554475e-06,-47.86951215097067,touchstone_ri,2.8672804543714,1.0,,,
260519_2dsweep_1p5cell,sim,06_2_TDS-KyhlTune-260519_279.s2p,,S12,f_mean,sim,dispersion_mode_1,2.8672804543714,2.86728,-4.543714000604382e-07,-68.8205346495032,59.50364970781774,touchstone_ri,2.8672804543714,1.0,,,
260519_2dsweep_1p5cell,sim,06_2_TDS-KyhlTune-260519_279.s2p,,S21,f_mean,sim,dispersion_mode_1,2.8672804543714,2.86728,-4.543714000604382e-07,-68.82104803128848,59.521750018230456,touchstone_ri,2.8672804543714,1.0,,,
260519_2dsweep_1p5cell,sim,06_2_TDS-KyhlTune-260519_279.s2p,,S22,f_mean,sim,dispersion_mode_1,2.8672804543714,2.86728,-4.543714000604382e-07,-6.088875272804162e-06,-13.102577356433335,touchstone_ri,2.8672804543714,1.0,,,
260519_2dsweep_1p5cell,sim,06_2_TDS-KyhlTune-260519_28.s2p,,S11,f_mean,sim,dispersion_mode_1,2.8672804543714,2.86728,-4.543714000604382e-07,-0.00027606048871688197,-41.37549676061758,touchstone_ri,2.8672804543714,1.0,,,
260519_2dsweep_1p5cell,sim,06_2_TDS-KyhlTune-260519_28.s2p,,S12,f_mean,sim,dispersion_mode_1,2.8672804543714,2.86728,-4.543714000604382e-07,-56.58552441748661,81.50173133596333,touchstone_ri,2.8672804543714,1.0,,,
260519_2dsweep_1p5cell,sim,06_2_TDS-KyhlTune-260519_28.s2p,,S21,f_mean,sim,dispersion_mode_1,2.8672804543714,2.86728,-4.543714000604382e-07,-56.574536597081476,81.45098583398017,touchstone_ri,2.8672804543714,1.0,,,
260519_2dsweep_1p5cell,sim,06_2_TDS-KyhlTune-260519_28.s2p,,S22,f_mean,sim,dispersion_mode_1,2.8672804543714,2.86728,-4.543714000604382e-07,-1.324868064278379e-05,24.374365482477618,touchstone_ri,2.8672804543714,1.0,,,
260519_2dsweep_1p5cell,sim,06_2_TDS-KyhlTune-260519_280.s2p,,S11,f_mean,sim,dispersion_mode_1,2.8672804543714,2.86728,-4.543714000604382e-07,-3.267280822259608e-05,-48.81987644045398,touchstone_ri,2.8672804543714,1.0,,,
260519_2dsweep_1p5cell,sim,06_2_TDS-KyhlTune-260519_280.s2p,,S12,f_mean,sim,dispersion_mode_1,2.8672804543714,2.86728,-4.543714000604382e-07,-67.3209407762395,59.62904345861778,touchstone_ri,2.8672804543714,1.0,,,
260519_2dsweep_1p5cell,sim,06_2_TDS-KyhlTune-260519_280.s2p,,S21,f_mean,sim,dispersion_mode_1,2.8672804543714,2.86728,-4.543714000604382e-07,-68.33903185686466,56.35634538253944,touchstone_ri,2.8672804543714,1.0,,,
260519_2dsweep_1p5cell,sim,06_2_TDS-KyhlTune-260519_280.s2p,,S22,f_mean,sim,dispersion_mode_1,2.8672804543714,2.86728,-4.543714000604382e-07,-4.175141374745207e-05,-13.2003344811868,touchstone_ri,2.8672804543714,1.0,,,
260519_2dsweep_1p5cell,sim,06_2_TDS-KyhlTune-260519_281.s2p,,S11,f_mean,sim,dispersion_mode_1,2.8672804543714,2.86728,-4.543714000604382e-07,-0.00023120845064534783,-49.826693539160246,touchstone_ri,2.8672804543714,1.0,,,
260519_2dsweep_1p5cell,sim,06_2_TDS-KyhlTune-260519_281.s2p,,S12,f_mean,sim,dispersion_mode_1,2.8672804543714,2.86728,-4.543714000604382e-07,-66.1836880626455,58.58033057066458,touchstone_ri,2.8672804543714,1.0,,,
260519_2dsweep_1p5cell,sim,06_2_TDS-KyhlTune-260519_281.s2p,,S21,f_mean,sim,dispersion_mode_1,2.8672804543714,2.86728,-4.543714000604382e-07,-68.56798020348953,55.053586527064404,touchstone_ri,2.8672804543714,1.0,,,
260519_2dsweep_1p5cell,sim,06_2_TDS-KyhlTune-260519_281.s2p,,S22,f_mean,sim,dispersion_mode_1,2.8672804543714,2.86728,-4.543714000604382e-07,-3.7233854757058726e-05,-13.286728613366313,touchstone_ri,2.8672804543714,1.0,,,
260519_2dsweep_1p5cell,sim,06_2_TDS-KyhlTune-260519_282.s2p,,S11,f_mean,sim,dispersion_mode_1,2.8672804543714,2.86728,-4.543714000604382e-07,2.5794131162822496e-06,-50.87923450301701,touchstone_ri,2.8672804543714,1.0,,,
260519_2dsweep_1p5cell,sim,06_2_TDS-KyhlTune-260519_282.s2p,,S12,f_mean,sim,dispersion_mode_1,2.8672804543714,2.86728,-4.543714000604382e-07,-66.39921563230111,58.89294981376192,touchstone_ri,2.8672804543714,1.0,,,
260519_2dsweep_1p5cell,sim,06_2_TDS-KyhlTune-260519_282.s2p,,S21,f_mean,sim,dispersion_mode_1,2.8672804543714,2.86728,-4.543714000604382e-07,-67.8622651419185,55.45380474956098,touchstone_ri,2.8672804543714,1.0,,,
260519_2dsweep_1p5cell,sim,06_2_TDS-KyhlTune-260519_282.s2p,,S22,f_mean,sim,dispersion_mode_1,2.8672804543714,2.86728,-4.543714000604382e-07,-3.2896841085211107e-05,-13.362353641524937,touchstone_ri,2.8672804543714,1.0,,,
260519_2dsweep_1p5cell,sim,06_2_TDS-KyhlTune-260519_283.s2p,,S11,f_mean,sim,dispersion_mode_1,2.8672804543714,2.86728,-4.543714000604382e-07,-0.00106595477586185,-51.968635075344835,touchstone_ri,2.8672804543714,1.0,,,
260519_2dsweep_1p5cell,sim,06_2_TDS-KyhlTune-260519_283.s2p,,S12,f_mean,sim,dispersion_mode_1,2.8672804543714,2.86728,-4.543714000604382e-07,-67.10959227456753,57.33828283261139,touchstone_ri,2.8672804543714,1.0,,,
260519_2dsweep_1p5cell,sim,06_2_TDS-KyhlTune-260519_283.s2p,,S21,f_mean,sim,dispersion_mode_1,2.8672804543714,2.86728,-4.543714000604382e-07,-68.95331882838087,57.75936886547646,touchstone_ri,2.8672804543714,1.0,,,
260519_2dsweep_1p5cell,sim,06_2_TDS-KyhlTune-260519_283.s2p,,S22,f_mean,sim,dispersion_mode_1,2.8672804543714,2.86728,-4.543714000604382e-07,-3.9641425804133694e-05,-13.438955664924206,touchstone_ri,2.8672804543714,1.0,,,
260519_2dsweep_1p5cell,sim,06_2_TDS-KyhlTune-260519_284.s2p,,S11,f_mean,sim,dispersion_mode_1,2.8672804543714,2.86728,-4.543714000604382e-07,-0.000281204882751388,-53.11253261870052,touchstone_ri,2.8672804543714,1.0,,,
260519_2dsweep_1p5cell,sim,06_2_TDS-KyhlTune-260519_284.s2p,,S12,f_mean,sim,dispersion_mode_1,2.8672804543714,2.86728,-4.543714000604382e-07,-67.61286472120713,56.70870076045147,touchstone_ri,2.8672804543714,1.0,,,
260519_2dsweep_1p5cell,sim,06_2_TDS-KyhlTune-260519_284.s2p,,S21,f_mean,sim,dispersion_mode_1,2.8672804543714,2.86728,-4.543714000604382e-07,-67.58466468437946,56.76831061034254,touchstone_ri,2.8672804543714,1.0,,,
260519_2dsweep_1p5cell,sim,06_2_TDS-KyhlTune-260519_284.s2p,,S22,f_mean,sim,dispersion_mode_1,2.8672804543714,2.86728,-4.543714000604382e-07,-4.1808251007791607e-07,-13.511043256218386,touchstone_ri,2.8672804543714,1.0,,,
260519_2dsweep_1p5cell,sim,06_2_TDS-KyhlTune-260519_285.s2p,,S11,f_mean,sim,dispersion_mode_1,2.8672804543714,2.86728,-4.543714000604382e-07,-2.50613468345994e-05,-54.278016403853144,touchstone_ri,2.8672804543714,1.0,,,
260519_2dsweep_1p5cell,sim,06_2_TDS-KyhlTune-260519_285.s2p,,S12,f_mean,sim,dispersion_mode_1,2.8672804543714,2.86728,-4.543714000604382e-07,-64.3886884411388,57.42551797919645,touchstone_ri,2.8672804543714,1.0,,,
260519_2dsweep_1p5cell,sim,06_2_TDS-KyhlTune-260519_285.s2p,,S21,f_mean,sim,dispersion_mode_1,2.8672804543714,2.86728,-4.543714000604382e-07,-65.20133507429696,54.59580461543067,touchstone_ri,2.8672804543714,1.0,,,
260519_2dsweep_1p5cell,sim,06_2_TDS-KyhlTune-260519_285.s2p,,S22,f_mean,sim,dispersion_mode_1,2.8672804543714,2.86728,-4.543714000604382e-07,-6.474084825917687e-05,-13.616130346348198,touchstone_ri,2.8672804543714,1.0,,,
260519_2dsweep_1p5cell,sim,06_2_TDS-KyhlTune-260519_286.s2p,,S11,f_mean,sim,dispersion_mode_1,2.8672804543714,2.86728,-4.543714000604382e-07,1.657557770393797e-06,-55.503283996745346,touchstone_ri,2.8672804543714,1.0,,,
260519_2dsweep_1p5cell,sim,06_2_TDS-KyhlTune-260519_286.s2p,,S12,f_mean,sim,dispersion_mode_1,2.8672804543714,2.86728,-4.543714000604382e-07,-69.0436415852028,55.3667252603323,touchstone_ri,2.8672804543714,1.0,,,
260519_2dsweep_1p5cell,sim,06_2_TDS-KyhlTune-260519_286.s2p,,S21,f_mean,sim,dispersion_mode_1,2.8672804543714,2.86728,-4.543714000604382e-07,-69.05305795260671,55.3964752540363,touchstone_ri,2.8672804543714,1.0,,,
260519_2dsweep_1p5cell,sim,06_2_TDS-KyhlTune-260519_286.s2p,,S22,f_mean,sim,dispersion_mode_1,2.8672804543714,2.86728,-4.543714000604382e-07,-2.6616604507111504e-06,-13.687710950416607,touchstone_ri,2.8672804543714,1.0,,,
260519_2dsweep_1p5cell,sim,06_2_TDS-KyhlTune-260519_287.s2p,,S11,f_mean,sim,dispersion_mode_1,2.8672804543714,2.86728,-4.543714000604382e-07,-4.502579642639251e-06,-56.71875067342743,touchstone_ri,2.8672804543714,1.0,,,
260519_2dsweep_1p5cell,sim,06_2_TDS-KyhlTune-260519_287.s2p,,S12,f_mean,sim,dispersion_mode_1,2.8672804543714,2.86728,-4.543714000604382e-07,-68.88786563077447,54.56303902306411,touchstone_ri,2.8672804543714,1.0,,,
260519_2dsweep_1p5cell,sim,06_2_TDS-KyhlTune-260519_287.s2p,,S21,f_mean,sim,dispersion_mode_1,2.8672804543714,2.86728,-4.543714000604382e-07,-68.8832908398811,54.828529069046716,touchstone_ri,2.8672804543714,1.0,,,
260519_2dsweep_1p5cell,sim,06_2_TDS-KyhlTune-260519_287.s2p,,S22,f_mean,sim,dispersion_mode_1,2.8672804543714,2.86728,-4.543714000604382e-07,-3.452667194396196e-07,-13.739680951990444,touchstone_ri,2.8672804543714,1.0,,,
260519_2dsweep_1p5cell,sim,06_2_TDS-KyhlTune-260519_288.s2p,,S11,f_mean,sim,dispersion_mode_1,2.8672804543714,2.86728,-4.543714000604382e-07,1.6096532387200202e-06,-46.27920636561512,touchstone_ri,2.8672804543714,1.0,,,
260519_2dsweep_1p5cell,sim,06_2_TDS-KyhlTune-260519_288.s2p,,S12,f_mean,sim,dispersion_mode_1,2.8672804543714,2.86728,-4.543714000604382e-07,-69.12149645699573,59.98547381732987,touchstone_ri,2.8672804543714,1.0,,,
260519_2dsweep_1p5cell,sim,06_2_TDS-KyhlTune-260519_288.s2p,,S21,f_mean,sim,dispersion_mode_1,2.8672804543714,2.86728,-4.543714000604382e-07,-69.12139022234432,59.941509978431526,touchstone_ri,2.8672804543714,1.0,,,
260519_2dsweep_1p5cell,sim,06_2_TDS-KyhlTune-260519_288.s2p,,S22,f_mean,sim,dispersion_mode_1,2.8672804543714,2.86728,-4.543714000604382e-07,-2.3127452630529583e-07,-13.819057562771254,touchstone_ri,2.8672804543714,1.0,,,
260519_2dsweep_1p5cell,sim,06_2_TDS-KyhlTune-260519_289.s2p,,S11,f_mean,sim,dispersion_mode_1,2.8672804543714,2.86728,-4.543714000604382e-07,8.939349330704113e-07,-47.274552868305236,touchstone_ri,2.8672804543714,1.0,,,
260519_2dsweep_1p5cell,sim,06_2_TDS-KyhlTune-260519_289.s2p,,S12,f_mean,sim,dispersion_mode_1,2.8672804543714,2.86728,-4.543714000604382e-07,-71.64380104899995,59.41696650135355,touchstone_ri,2.8672804543714,1.0,,,
260519_2dsweep_1p5cell,sim,06_2_TDS-KyhlTune-260519_289.s2p,,S21,f_mean,sim,dispersion_mode_1,2.8672804543714,2.86728,-4.543714000604382e-07,-71.64327441583674,59.40180104238598,touchstone_ri,2.8672804543714,1.0,,,
260519_2dsweep_1p5cell,sim,06_2_TDS-KyhlTune-260519_289.s2p,,S22,f_mean,sim,dispersion_mode_1,2.8672804543714,2.86728,-4.543714000604382e-07,-1.9349786221656732e-05,-13.887850551258726,touchstone_ri,2.8672804543714,1.0,,,
260519_2dsweep_1p5cell,sim,06_2_TDS-KyhlTune-260519_29.s2p,,S11,f_mean,sim,dispersion_mode_1,2.8672804543714,2.86728,-4.543714000604382e-07,-0.00022942317829037528,-42.02939437048847,touchstone_ri,2.8672804543714,1.0,,,
260519_2dsweep_1p5cell,sim,06_2_TDS-KyhlTune-260519_29.s2p,,S12,f_mean,sim,dispersion_mode_1,2.8672804543714,2.86728,-4.543714000604382e-07,-56.98625350412145,79.77802901027617,touchstone_ri,2.8672804543714,1.0,,,
260519_2dsweep_1p5cell,sim,06_2_TDS-KyhlTune-260519_29.s2p,,S21,f_mean,sim,dispersion_mode_1,2.8672804543714,2.86728,-4.543714000604382e-07,-56.92815577998602,79.71161135247016,touchstone_ri,2.8672804543714,1.0,,,
260519_2dsweep_1p5cell,sim,06_2_TDS-KyhlTune-260519_29.s2p,,S22,f_mean,sim,dispersion_mode_1,2.8672804543714,2.86728,-4.543714000604382e-07,-1.5713035304777802e-05,21.56190168632076,touchstone_ri,2.8672804543714,1.0,,,
260519_2dsweep_1p5cell,sim,06_2_TDS-KyhlTune-260519_290.s2p,,S11,f_mean,sim,dispersion_mode_1,2.8672804543714,2.86728,-4.543714000604382e-07,-1.5836348695221334e-05,-48.140219375242445,touchstone_ri,2.8672804543714,1.0,,,
260519_2dsweep_1p5cell,sim,06_2_TDS-KyhlTune-260519_290.s2p,,S12,f_mean,sim,dispersion_mode_1,2.8672804543714,2.86728,-4.543714000604382e-07,-69.8143357159786,57.18468434494526,touchstone_ri,2.8672804543714,1.0,,,
260519_2dsweep_1p5cell,sim,06_2_TDS-KyhlTune-260519_290.s2p,,S21,f_mean,sim,dispersion_mode_1,2.8672804543714,2.86728,-4.543714000604382e-07,-70.9205183735276,58.453102547192046,touchstone_ri,2.8672804543714,1.0,,,
260519_2dsweep_1p5cell,sim,06_2_TDS-KyhlTune-260519_290.s2p,,S22,f_mean,sim,dispersion_mode_1,2.8672804543714,2.86728,-4.543714000604382e-07,-2.1909206717116447e-07,-13.952599132759413,touchstone_ri,2.8672804543714,1.0,,,
260519_2dsweep_1p5cell,sim,06_2_TDS-KyhlTune-260519_291.s2p,,S11,f_mean,sim,dispersion_mode_1,2.8672804543714,2.86728,-4.543714000604382e-07,-0.0004406744132186925,-49.19437543519204,touchstone_ri,2.8672804543714,1.0,,,
260519_2dsweep_1p5cell,sim,06_2_TDS-KyhlTune-260519_291.s2p,,S12,f_mean,sim,dispersion_mode_1,2.8672804543714,2.86728,-4.543714000604382e-07,-71.25201030806033,56.65597325977284,touchstone_ri,2.8672804543714,1.0,,,
260519_2dsweep_1p5cell,sim,06_2_TDS-KyhlTune-260519_291.s2p,,S21,f_mean,sim,dispersion_mode_1,2.8672804543714,2.86728,-4.543714000604382e-07,-73.61249583794891,59.04719332649843,touchstone_ri,2.8672804543714,1.0,,,
260519_2dsweep_1p5cell,sim,06_2_TDS-KyhlTune-260519_291.s2p,,S22,f_mean,sim,dispersion_mode_1,2.8672804543714,2.86728,-4.543714000604382e-07,-1.337164788069817e-07,-14.020424651150075,touchstone_ri,2.8672804543714,1.0,,,
260519_2dsweep_1p5cell,sim,06_2_TDS-KyhlTune-260519_292.s2p,,S11,f_mean,sim,dispersion_mode_1,2.8672804543714,2.86728,-4.543714000604382e-07,-0.0005231789152853148,-50.20429369312392,touchstone_ri,2.8672804543714,1.0,,,
260519_2dsweep_1p5cell,sim,06_2_TDS-KyhlTune-260519_292.s2p,,S12,f_mean,sim,dispersion_mode_1,2.8672804543714,2.86728,-4.543714000604382e-07,-69.59046333565064,56.609218525120426,touchstone_ri,2.8672804543714,1.0,,,
260519_2dsweep_1p5cell,sim,06_2_TDS-KyhlTune-260519_292.s2p,,S21,f_mean,sim,dispersion_mode_1,2.8672804543714,2.86728,-4.543714000604382e-07,-70.81586245400766,63.199233751892436,touchstone_ri,2.8672804543714,1.0,,,
260519_2dsweep_1p5cell,sim,06_2_TDS-KyhlTune-260519_292.s2p,,S22,f_mean,sim,dispersion_mode_1,2.8672804543714,2.86728,-4.543714000604382e-07,-1.49556506601642e-07,-14.076478628139714,touchstone_ri,2.8672804543714,1.0,,,
260519_2dsweep_1p5cell,sim,06_2_TDS-KyhlTune-260519_293.s2p,,S11,f_mean,sim,dispersion_mode_1,2.8672804543714,2.86728,-4.543714000604382e-07,1.3243085696927957e-06,-51.2320524464584,touchstone_ri,2.8672804543714,1.0,,,
260519_2dsweep_1p5cell,sim,06_2_TDS-KyhlTune-260519_293.s2p,,S12,f_mean,sim,dispersion_mode_1,2.8672804543714,2.86728,-4.543714000604382e-07,-69.22110963304183,55.70900258659882,touchstone_ri,2.8672804543714,1.0,,,
260519_2dsweep_1p5cell,sim,06_2_TDS-KyhlTune-260519_293.s2p,,S21,f_mean,sim,dispersion_mode_1,2.8672804543714,2.86728,-4.543714000604382e-07,-69.80896477252232,56.926995390679664,touchstone_ri,2.8672804543714,1.0,,,
260519_2dsweep_1p5cell,sim,06_2_TDS-KyhlTune-260519_293.s2p,,S22,f_mean,sim,dispersion_mode_1,2.8672804543714,2.86728,-4.543714000604382e-07,-2.8645834465971035e-07,-14.173539520774275,touchstone_ri,2.8672804543714,1.0,,,
260519_2dsweep_1p5cell,sim,06_2_TDS-KyhlTune-260519_294.s2p,,S11,f_mean,sim,dispersion_mode_1,2.8672804543714,2.86728,-4.543714000604382e-07,-0.0007358715922832803,-52.36581833166729,touchstone_ri,2.8672804543714,1.0,,,
260519_2dsweep_1p5cell,sim,06_2_TDS-KyhlTune-260519_294.s2p,,S12,f_mean,sim,dispersion_mode_1,2.8672804543714,2.86728,-4.543714000604382e-07,-66.43683714671485,56.91469588862261,touchstone_ri,2.8672804543714,1.0,,,
260519_2dsweep_1p5cell,sim,06_2_TDS-KyhlTune-260519_294.s2p,,S21,f_mean,sim,dispersion_mode_1,2.8672804543714,2.86728,-4.543714000604382e-07,-67.84591579520222,59.49783421984071,touchstone_ri,2.8672804543714,1.0,,,
260519_2dsweep_1p5cell,sim,06_2_TDS-KyhlTune-260519_294.s2p,,S22,f_mean,sim,dispersion_mode_1,2.8672804543714,2.86728,-4.543714000604382e-07,-2.0854305223850115e-05,-14.240376782570323,touchstone_ri,2.8672804543714,1.0,,,
260519_2dsweep_1p5cell,sim,06_2_TDS-KyhlTune-260519_295.s2p,,S11,f_mean,sim,dispersion_mode_1,2.8672804543714,2.86728,-4.543714000604382e-07,1.5525815627319402e-06,-53.45713217759537,touchstone_ri,2.8672804543714,1.0,,,
260519_2dsweep_1p5cell,sim,06_2_TDS-KyhlTune-260519_295.s2p,,S12,f_mean,sim,dispersion_mode_1,2.8672804543714,2.86728,-4.543714000604382e-07,-68.32937216350929,56.386580161349144,touchstone_ri,2.8672804543714,1.0,,,
260519_2dsweep_1p5cell,sim,06_2_TDS-KyhlTune-260519_295.s2p,,S21,f_mean,sim,dispersion_mode_1,2.8672804543714,2.86728,-4.543714000604382e-07,-68.93579339905185,53.19998924371109,touchstone_ri,2.8672804543714,1.0,,,
260519_2dsweep_1p5cell,sim,06_2_TDS-KyhlTune-260519_295.s2p,,S22,f_mean,sim,dispersion_mode_1,2.8672804543714,2.86728,-4.543714000604382e-07,-3.8757677782771476e-07,-14.293088318945054,touchstone_ri,2.8672804543714,1.0,,,
260519_2dsweep_1p5cell,sim,06_2_TDS-KyhlTune-260519_296.s2p,,S11,f_mean,sim,dispersion_mode_1,2.8672804543714,2.86728,-4.543714000604382e-07,-0.00010813815126524569,-54.743233918848325,touchstone_ri,2.8672804543714,1.0,,,
260519_2dsweep_1p5cell,sim,06_2_TDS-KyhlTune-260519_296.s2p,,S12,f_mean,sim,dispersion_mode_1,2.8672804543714,2.86728,-4.543714000604382e-07,-67.09786249568523,56.462567484706646,touchstone_ri,2.8672804543714,1.0,,,
260519_2dsweep_1p5cell,sim,06_2_TDS-KyhlTune-260519_296.s2p,,S21,f_mean,sim,dispersion_mode_1,2.8672804543714,2.86728,-4.543714000604382e-07,-68.66188751824188,48.57495846512647,touchstone_ri,2.8672804543714,1.0,,,
260519_2dsweep_1p5cell,sim,06_2_TDS-KyhlTune-260519_296.s2p,,S22,f_mean,sim,dispersion_mode_1,2.8672804543714,2.86728,-4.543714000604382e-07,-5.429755209157116e-07,-14.378051276756564,touchstone_ri,2.8672804543714,1.0,,,
260519_2dsweep_1p5cell,sim,06_2_TDS-KyhlTune-260519_297.s2p,,S11,f_mean,sim,dispersion_mode_1,2.8672804543714,2.86728,-4.543714000604382e-07,-0.00014035430257244245,-56.014322776580585,touchstone_ri,2.8672804543714,1.0,,,
260519_2dsweep_1p5cell,sim,06_2_TDS-KyhlTune-260519_297.s2p,,S12,f_mean,sim,dispersion_mode_1,2.8672804543714,2.86728,-4.543714000604382e-07,-72.74509618538738,53.550527883258596,touchstone_ri,2.8672804543714,1.0,,,
260519_2dsweep_1p5cell,sim,06_2_TDS-KyhlTune-260519_297.s2p,,S21,f_mean,sim,dispersion_mode_1,2.8672804543714,2.86728,-4.543714000604382e-07,-75.16410848882218,46.05514640793226,touchstone_ri,2.8672804543714,1.0,,,
260519_2dsweep_1p5cell,sim,06_2_TDS-KyhlTune-260519_297.s2p,,S22,f_mean,sim,dispersion_mode_1,2.8672804543714,2.86728,-4.543714000604382e-07,-1.5629715474720023e-07,-14.423691949915973,touchstone_ri,2.8672804543714,1.0,,,
260519_2dsweep_1p5cell,sim,06_2_TDS-KyhlTune-260519_298.s2p,,S11,f_mean,sim,dispersion_mode_1,2.8672804543714,2.86728,-4.543714000604382e-07,-0.0004890033136894945,-57.265080956670104,touchstone_ri,2.8672804543714,1.0,,,
260519_2dsweep_1p5cell,sim,06_2_TDS-KyhlTune-260519_298.s2p,,S12,f_mean,sim,dispersion_mode_1,2.8672804543714,2.86728,-4.543714000604382e-07,-67.36460956313033,54.157549875861626,touchstone_ri,2.8672804543714,1.0,,,
260519_2dsweep_1p5cell,sim,06_2_TDS-KyhlTune-260519_298.s2p,,S21,f_mean,sim,dispersion_mode_1,2.8672804543714,2.86728,-4.543714000604382e-07,-67.89122413336733,56.682025717477956,touchstone_ri,2.8672804543714,1.0,,,
260519_2dsweep_1p5cell,sim,06_2_TDS-KyhlTune-260519_298.s2p,,S22,f_mean,sim,dispersion_mode_1,2.8672804543714,2.86728,-4.543714000604382e-07,-3.9791704956707564e-07,-14.479196630645117,touchstone_ri,2.8672804543714,1.0,,,
260519_2dsweep_1p5cell,sim,06_2_TDS-KyhlTune-260519_299.s2p,,S11,f_mean,sim,dispersion_mode_1,2.8672804543714,2.86728,-4.543714000604382e-07,-2.71741592836419e-06,-46.586803182269605,touchstone_ri,2.8672804543714,1.0,,,
260519_2dsweep_1p5cell,sim,06_2_TDS-KyhlTune-260519_299.s2p,,S12,f_mean,sim,dispersion_mode_1,2.8672804543714,2.86728,-4.543714000604382e-07,-72.04332100055281,59.42995335232725,touchstone_ri,2.8672804543714,1.0,,,
260519_2dsweep_1p5cell,sim,06_2_TDS-KyhlTune-260519_299.s2p,,S21,f_mean,sim,dispersion_mode_1,2.8672804543714,2.86728,-4.543714000604382e-07,-72.03992461914842,59.41183978381137,touchstone_ri,2.8672804543714,1.0,,,
260519_2dsweep_1p5cell,sim,06_2_TDS-KyhlTune-260519_299.s2p,,S22,f_mean,sim,dispersion_mode_1,2.8672804543714,2.86728,-4.543714000604382e-07,-1.1673107975628825e-07,-14.626091760627242,touchstone_ri,2.8672804543714,1.0,,,
260519_2dsweep_1p5cell,sim,06_2_TDS-KyhlTune-260519_3.s2p,,S11,f_mean,sim,dispersion_mode_1,2.8672804543714,2.86728,-4.543714000604382e-07,-1.2040946105611816e-05,-38.88012253567022,touchstone_ri,2.8672804543714,1.0,,,
260519_2dsweep_1p5cell,sim,06_2_TDS-KyhlTune-260519_3.s2p,,S12,f_mean,sim,dispersion_mode_1,2.8672804543714,2.86728,-4.543714000604382e-07,-54.687136301661965,94.23274015455895,touchstone_ri,2.8672804543714,1.0,,,
260519_2dsweep_1p5cell,sim,06_2_TDS-KyhlTune-260519_3.s2p,,S21,f_mean,sim,dispersion_mode_1,2.8672804543714,2.86728,-4.543714000604382e-07,-54.5871545797897,94.15207736084724,touchstone_ri,2.8672804543714,1.0,,,
260519_2dsweep_1p5cell,sim,06_2_TDS-KyhlTune-260519_3.s2p,,S22,f_mean,sim,dispersion_mode_1,2.8672804543714,2.86728,-4.543714000604382e-07,-0.0002882004320241898,47.11047437539894,touchstone_ri,2.8672804543714,1.0,,,
260519_2dsweep_1p5cell,sim,06_2_TDS-KyhlTune-260519_30.s2p,,S11,f_mean,sim,dispersion_mode_1,2.8672804543714,2.86728,-4.543714000604382e-07,-0.00025938074892339566,-42.51894712190909,touchstone_ri,2.8672804543714,1.0,,,
260519_2dsweep_1p5cell,sim,06_2_TDS-KyhlTune-260519_30.s2p,,S12,f_mean,sim,dispersion_mode_1,2.8672804543714,2.86728,-4.543714000604382e-07,-56.96061694239187,78.30354095651902,touchstone_ri,2.8672804543714,1.0,,,
260519_2dsweep_1p5cell,sim,06_2_TDS-KyhlTune-260519_30.s2p,,S21,f_mean,sim,dispersion_mode_1,2.8672804543714,2.86728,-4.543714000604382e-07,-56.904327254732436,78.29496692096325,touchstone_ri,2.8672804543714,1.0,,,
260519_2dsweep_1p5cell,sim,06_2_TDS-KyhlTune-260519_30.s2p,,S22,f_mean,sim,dispersion_mode_1,2.8672804543714,2.86728,-4.543714000604382e-07,-1.5589488838682277e-05,19.11326747803582,touchstone_ri,2.8672804543714,1.0,,,
260519_2dsweep_1p5cell,sim,06_2_TDS-KyhlTune-260519_300.s2p,,S11,f_mean,sim,dispersion_mode_1,2.8672804543714,2.86728,-4.543714000604382e-07,-0.001006598198184121,-47.40823409896757,touchstone_ri,2.8672804543714,1.0,,,
260519_2dsweep_1p5cell,sim,06_2_TDS-KyhlTune-260519_300.s2p,,S12,f_mean,sim,dispersion_mode_1,2.8672804543714,2.86728,-4.543714000604382e-07,-73.12496901516519,58.89493667470953,touchstone_ri,2.8672804543714,1.0,,,
260519_2dsweep_1p5cell,sim,06_2_TDS-KyhlTune-260519_300.s2p,,S21,f_mean,sim,dispersion_mode_1,2.8672804543714,2.86728,-4.543714000604382e-07,-73.12593936510139,58.93889041377655,touchstone_ri,2.8672804543714,1.0,,,
260519_2dsweep_1p5cell,sim,06_2_TDS-KyhlTune-260519_300.s2p,,S22,f_mean,sim,dispersion_mode_1,2.8672804543714,2.86728,-4.543714000604382e-07,-1.977228326855869e-06,-14.697442627695843,touchstone_ri,2.8672804543714,1.0,,,
260519_2dsweep_1p5cell,sim,06_2_TDS-KyhlTune-260519_301.s2p,,S11,f_mean,sim,dispersion_mode_1,2.8672804543714,2.86728,-4.543714000604382e-07,-3.3448970513608466e-05,-48.474874086710656,touchstone_ri,2.8672804543714,1.0,,,
260519_2dsweep_1p5cell,sim,06_2_TDS-KyhlTune-260519_301.s2p,,S12,f_mean,sim,dispersion_mode_1,2.8672804543714,2.86728,-4.543714000604382e-07,-70.17589387494246,58.363549499101744,touchstone_ri,2.8672804543714,1.0,,,
260519_2dsweep_1p5cell,sim,06_2_TDS-KyhlTune-260519_301.s2p,,S21,f_mean,sim,dispersion_mode_1,2.8672804543714,2.86728,-4.543714000604382e-07,-70.17321388144522,58.401486192084754,touchstone_ri,2.8672804543714,1.0,,,
260519_2dsweep_1p5cell,sim,06_2_TDS-KyhlTune-260519_301.s2p,,S22,f_mean,sim,dispersion_mode_1,2.8672804543714,2.86728,-4.543714000604382e-07,-2.124490986013327e-07,-14.774352751412257,touchstone_ri,2.8672804543714,1.0,,,
260519_2dsweep_1p5cell,sim,06_2_TDS-KyhlTune-260519_302.s2p,,S11,f_mean,sim,dispersion_mode_1,2.8672804543714,2.86728,-4.543714000604382e-07,7.489137294771707e-07,-49.52217870670149,touchstone_ri,2.8672804543714,1.0,,,
260519_2dsweep_1p5cell,sim,06_2_TDS-KyhlTune-260519_302.s2p,,S12,f_mean,sim,dispersion_mode_1,2.8672804543714,2.86728,-4.543714000604382e-07,-71.93027314341757,57.81353506083313,touchstone_ri,2.8672804543714,1.0,,,
260519_2dsweep_1p5cell,sim,06_2_TDS-KyhlTune-260519_302.s2p,,S21,f_mean,sim,dispersion_mode_1,2.8672804543714,2.86728,-4.543714000604382e-07,-71.93174937561834,57.8323790162943,touchstone_ri,2.8672804543714,1.0,,,
260519_2dsweep_1p5cell,sim,06_2_TDS-KyhlTune-260519_302.s2p,,S22,f_mean,sim,dispersion_mode_1,2.8672804543714,2.86728,-4.543714000604382e-07,-2.3792685368784457e-07,-14.813039315286408,touchstone_ri,2.8672804543714,1.0,,,
260519_2dsweep_1p5cell,sim,06_2_TDS-KyhlTune-260519_303.s2p,,S11,f_mean,sim,dispersion_mode_1,2.8672804543714,2.86728,-4.543714000604382e-07,6.699438314279325e-07,-50.517529199266875,touchstone_ri,2.8672804543714,1.0,,,
260519_2dsweep_1p5cell,sim,06_2_TDS-KyhlTune-260519_303.s2p,,S12,f_mean,sim,dispersion_mode_1,2.8672804543714,2.86728,-4.543714000604382e-07,-72.34674485315303,57.26106596901592,touchstone_ri,2.8672804543714,1.0,,,
260519_2dsweep_1p5cell,sim,06_2_TDS-KyhlTune-260519_303.s2p,,S21,f_mean,sim,dispersion_mode_1,2.8672804543714,2.86728,-4.543714000604382e-07,-72.34459771270232,57.30144787199453,touchstone_ri,2.8672804543714,1.0,,,
260519_2dsweep_1p5cell,sim,06_2_TDS-KyhlTune-260519_303.s2p,,S22,f_mean,sim,dispersion_mode_1,2.8672804543714,2.86728,-4.543714000604382e-07,-1.3187938481008222e-07,-14.875558637959818,touchstone_ri,2.8672804543714,1.0,,,
260519_2dsweep_1p5cell,sim,06_2_TDS-KyhlTune-260519_304.s2p,,S11,f_mean,sim,dispersion_mode_1,2.8672804543714,2.86728,-4.543714000604382e-07,-0.00010486954928834097,-51.665880412400966,touchstone_ri,2.8672804543714,1.0,,,
260519_2dsweep_1p5cell,sim,06_2_TDS-KyhlTune-260519_304.s2p,,S12,f_mean,sim,dispersion_mode_1,2.8672804543714,2.86728,-4.543714000604382e-07,-67.6331541514754,58.09277467936685,touchstone_ri,2.8672804543714,1.0,,,
260519_2dsweep_1p5cell,sim,06_2_TDS-KyhlTune-260519_304.s2p,,S21,f_mean,sim,dispersion_mode_1,2.8672804543714,2.86728,-4.543714000604382e-07,-68.92794341858118,48.62007068705548,touchstone_ri,2.8672804543714,1.0,,,
260519_2dsweep_1p5cell,sim,06_2_TDS-KyhlTune-260519_304.s2p,,S22,f_mean,sim,dispersion_mode_1,2.8672804543714,2.86728,-4.543714000604382e-07,-4.879644197051545e-07,-14.960906068696298,touchstone_ri,2.8672804543714,1.0,,,
260519_2dsweep_1p5cell,sim,06_2_TDS-KyhlTune-260519_305.s2p,,S11,f_mean,sim,dispersion_mode_1,2.8672804543714,2.86728,-4.543714000604382e-07,2.9342389792341636e-07,-52.76250045943061,touchstone_ri,2.8672804543714,1.0,,,
260519_2dsweep_1p5cell,sim,06_2_TDS-KyhlTune-260519_305.s2p,,S12,f_mean,sim,dispersion_mode_1,2.8672804543714,2.86728,-4.543714000604382e-07,-73.19382909270787,55.83926954525404,touchstone_ri,2.8672804543714,1.0,,,
260519_2dsweep_1p5cell,sim,06_2_TDS-KyhlTune-260519_305.s2p,,S21,f_mean,sim,dispersion_mode_1,2.8672804543714,2.86728,-4.543714000604382e-07,-73.93232198108642,44.89817871445618,touchstone_ri,2.8672804543714,1.0,,,
260519_2dsweep_1p5cell,sim,06_2_TDS-KyhlTune-260519_305.s2p,,S22,f_mean,sim,dispersion_mode_1,2.8672804543714,2.86728,-4.543714000604382e-07,-1.7996394700817128e-07,-15.007468506657032,touchstone_ri,2.8672804543714,1.0,,,
260519_2dsweep_1p5cell,sim,06_2_TDS-KyhlTune-260519_306.s2p,,S11,f_mean,sim,dispersion_mode_1,2.8672804543714,2.86728,-4.543714000604382e-07,1.2541819461304307e-06,-53.9668682204774,touchstone_ri,2.8672804543714,1.0,,,
260519_2dsweep_1p5cell,sim,06_2_TDS-KyhlTune-260519_306.s2p,,S12,f_mean,sim,dispersion_mode_1,2.8672804543714,2.86728,-4.543714000604382e-07,-69.46087004987182,54.818742946235005,touchstone_ri,2.8672804543714,1.0,,,
260519_2dsweep_1p5cell,sim,06_2_TDS-KyhlTune-260519_306.s2p,,S21,f_mean,sim,dispersion_mode_1,2.8672804543714,2.86728,-4.543714000604382e-07,-69.4486179780606,55.48905587249928,touchstone_ri,2.8672804543714,1.0,,,
260519_2dsweep_1p5cell,sim,06_2_TDS-KyhlTune-260519_306.s2p,,S22,f_mean,sim,dispersion_mode_1,2.8672804543714,2.86728,-4.543714000604382e-07,-2.936724873568591e-07,-15.035817611304244,touchstone_ri,2.8672804543714,1.0,,,
260519_2dsweep_1p5cell,sim,06_2_TDS-KyhlTune-260519_307.s2p,,S11,f_mean,sim,dispersion_mode_1,2.8672804543714,2.86728,-4.543714000604382e-07,1.0674320728488062e-06,-55.15049523998125,touchstone_ri,2.8672804543714,1.0,,,
260519_2dsweep_1p5cell,sim,06_2_TDS-KyhlTune-260519_307.s2p,,S12,f_mean,sim,dispersion_mode_1,2.8672804543714,2.86728,-4.543714000604382e-07,-70.28282752952353,55.06928454572475,touchstone_ri,2.8672804543714,1.0,,,
260519_2dsweep_1p5cell,sim,06_2_TDS-KyhlTune-260519_307.s2p,,S21,f_mean,sim,dispersion_mode_1,2.8672804543714,2.86728,-4.543714000604382e-07,-70.23404234660168,54.87065131086772,touchstone_ri,2.8672804543714,1.0,,,
260519_2dsweep_1p5cell,sim,06_2_TDS-KyhlTune-260519_307.s2p,,S22,f_mean,sim,dispersion_mode_1,2.8672804543714,2.86728,-4.543714000604382e-07,-8.467616080686453e-06,-15.086247886693348,touchstone_ri,2.8672804543714,1.0,,,
260519_2dsweep_1p5cell,sim,06_2_TDS-KyhlTune-260519_308.s2p,,S11,f_mean,sim,dispersion_mode_1,2.8672804543714,2.86728,-4.543714000604382e-07,-4.0373009927567775e-05,-56.37171973939352,touchstone_ri,2.8672804543714,1.0,,,
260519_2dsweep_1p5cell,sim,06_2_TDS-KyhlTune-260519_308.s2p,,S12,f_mean,sim,dispersion_mode_1,2.8672804543714,2.86728,-4.543714000604382e-07,-70.18294604820342,54.412732390993654,touchstone_ri,2.8672804543714,1.0,,,
260519_2dsweep_1p5cell,sim,06_2_TDS-KyhlTune-260519_308.s2p,,S21,f_mean,sim,dispersion_mode_1,2.8672804543714,2.86728,-4.543714000604382e-07,-70.21857448000672,54.24391038528301,touchstone_ri,2.8672804543714,1.0,,,
260519_2dsweep_1p5cell,sim,06_2_TDS-KyhlTune-260519_308.s2p,,S22,f_mean,sim,dispersion_mode_1,2.8672804543714,2.86728,-4.543714000604382e-07,-2.4938970177800793e-07,-15.152451375267422,touchstone_ri,2.8672804543714,1.0,,,
260519_2dsweep_1p5cell,sim,06_2_TDS-KyhlTune-260519_309.s2p,,S11,f_mean,sim,dispersion_mode_1,2.8672804543714,2.86728,-4.543714000604382e-07,-7.717921498615661e-07,-57.688102463052545,touchstone_ri,2.8672804543714,1.0,,,
260519_2dsweep_1p5cell,sim,06_2_TDS-KyhlTune-260519_309.s2p,,S12,f_mean,sim,dispersion_mode_1,2.8672804543714,2.86728,-4.543714000604382e-07,-70.42994289357236,53.33382149009125,touchstone_ri,2.8672804543714,1.0,,,
260519_2dsweep_1p5cell,sim,06_2_TDS-KyhlTune-260519_309.s2p,,S21,f_mean,sim,dispersion_mode_1,2.8672804543714,2.86728,-4.543714000604382e-07,-70.43166956172236,53.598620876914524,touchstone_ri,2.8672804543714,1.0,,,
260519_2dsweep_1p5cell,sim,06_2_TDS-KyhlTune-260519_309.s2p,,S22,f_mean,sim,dispersion_mode_1,2.8672804543714,2.86728,-4.543714000604382e-07,-2.7695708639416423e-06,-15.210530988913597,touchstone_ri,2.8672804543714,1.0,,,
260519_2dsweep_1p5cell,sim,06_2_TDS-KyhlTune-260519_31.s2p,,S11,f_mean,sim,dispersion_mode_1,2.8672804543714,2.86728,-4.543714000604382e-07,-1.8594746703500388e-05,-43.11292657159005,touchstone_ri,2.8672804543714,1.0,,,
260519_2dsweep_1p5cell,sim,06_2_TDS-KyhlTune-260519_31.s2p,,S12,f_mean,sim,dispersion_mode_1,2.8672804543714,2.86728,-4.543714000604382e-07,-57.262303499787265,76.93192151791442,touchstone_ri,2.8672804543714,1.0,,,
260519_2dsweep_1p5cell,sim,06_2_TDS-KyhlTune-260519_31.s2p,,S21,f_mean,sim,dispersion_mode_1,2.8672804543714,2.86728,-4.543714000604382e-07,-57.251177903461674,76.94463302127213,touchstone_ri,2.8672804543714,1.0,,,
260519_2dsweep_1p5cell,sim,06_2_TDS-KyhlTune-260519_31.s2p,,S22,f_mean,sim,dispersion_mode_1,2.8672804543714,2.86728,-4.543714000604382e-07,-8.830229182681976e-06,16.99826906922245,touchstone_ri,2.8672804543714,1.0,,,
260519_2dsweep_1p5cell,sim,06_2_TDS-KyhlTune-260519_310.s2p,,S11,f_mean,sim,dispersion_mode_1,2.8672804543714,2.86728,-4.543714000604382e-07,-4.075616007165844e-06,-47.82273257915288,touchstone_ri,2.8672804543714,1.0,,,
260519_2dsweep_1p5cell,sim,06_2_TDS-KyhlTune-260519_310.s2p,,S12,f_mean,sim,dispersion_mode_1,2.8672804543714,2.86728,-4.543714000604382e-07,-74.2536647467641,58.342573241298446,touchstone_ri,2.8672804543714,1.0,,,
260519_2dsweep_1p5cell,sim,06_2_TDS-KyhlTune-260519_310.s2p,,S21,f_mean,sim,dispersion_mode_1,2.8672804543714,2.86728,-4.543714000604382e-07,-74.26004107461387,58.35171856137127,touchstone_ri,2.8672804543714,1.0,,,
260519_2dsweep_1p5cell,sim,06_2_TDS-KyhlTune-260519_310.s2p,,S22,f_mean,sim,dispersion_mode_1,2.8672804543714,2.86728,-4.543714000604382e-07,-7.177442014732314e-08,-15.508801502636743,touchstone_ri,2.8672804543714,1.0,,,
260519_2dsweep_1p5cell,sim,06_2_TDS-KyhlTune-260519_311.s2p,,S11,f_mean,sim,dispersion_mode_1,2.8672804543714,2.86728,-4.543714000604382e-07,2.036754263151283e-07,-48.80969905456906,touchstone_ri,2.8672804543714,1.0,,,
260519_2dsweep_1p5cell,sim,06_2_TDS-KyhlTune-260519_311.s2p,,S12,f_mean,sim,dispersion_mode_1,2.8672804543714,2.86728,-4.543714000604382e-07,-77.2564073510197,57.683840206024314,touchstone_ri,2.8672804543714,1.0,,,
260519_2dsweep_1p5cell,sim,06_2_TDS-KyhlTune-260519_311.s2p,,S21,f_mean,sim,dispersion_mode_1,2.8672804543714,2.86728,-4.543714000604382e-07,-77.2754939746842,57.795266912824346,touchstone_ri,2.8672804543714,1.0,,,
260519_2dsweep_1p5cell,sim,06_2_TDS-KyhlTune-260519_311.s2p,,S22,f_mean,sim,dispersion_mode_1,2.8672804543714,2.86728,-4.543714000604382e-07,-8.42681787725906e-06,-15.562498611285871,touchstone_ri,2.8672804543714,1.0,,,
260519_2dsweep_1p5cell,sim,06_2_TDS-KyhlTune-260519_312.s2p,,S11,f_mean,sim,dispersion_mode_1,2.8672804543714,2.86728,-4.543714000604382e-07,4.251080096169011e-07,-49.85556645697335,touchstone_ri,2.8672804543714,1.0,,,
260519_2dsweep_1p5cell,sim,06_2_TDS-KyhlTune-260519_312.s2p,,S12,f_mean,sim,dispersion_mode_1,2.8672804543714,2.86728,-4.543714000604382e-07,-74.0217356102584,57.325505181261626,touchstone_ri,2.8672804543714,1.0,,,
260519_2dsweep_1p5cell,sim,06_2_TDS-KyhlTune-260519_312.s2p,,S21,f_mean,sim,dispersion_mode_1,2.8672804543714,2.86728,-4.543714000604382e-07,-74.02089400922738,57.27422230910969,touchstone_ri,2.8672804543714,1.0,,,
260519_2dsweep_1p5cell,sim,06_2_TDS-KyhlTune-260519_312.s2p,,S22,f_mean,sim,dispersion_mode_1,2.8672804543714,2.86728,-4.543714000604382e-07,-2.167713511019286e-06,-15.596190567550426,touchstone_ri,2.8672804543714,1.0,,,
260519_2dsweep_1p5cell,sim,06_2_TDS-KyhlTune-260519_313.s2p,,S11,f_mean,sim,dispersion_mode_1,2.8672804543714,2.86728,-4.543714000604382e-07,-0.0006614130633666482,-50.8291833726332,touchstone_ri,2.8672804543714,1.0,,,
260519_2dsweep_1p5cell,sim,06_2_TDS-KyhlTune-260519_313.s2p,,S12,f_mean,sim,dispersion_mode_1,2.8672804543714,2.86728,-4.543714000604382e-07,-69.9632120043636,55.82804026061288,touchstone_ri,2.8672804543714,1.0,,,
260519_2dsweep_1p5cell,sim,06_2_TDS-KyhlTune-260519_313.s2p,,S21,f_mean,sim,dispersion_mode_1,2.8672804543714,2.86728,-4.543714000604382e-07,-71.36470764885306,54.158061321968226,touchstone_ri,2.8672804543714,1.0,,,
260519_2dsweep_1p5cell,sim,06_2_TDS-KyhlTune-260519_313.s2p,,S22,f_mean,sim,dispersion_mode_1,2.8672804543714,2.86728,-4.543714000604382e-07,-2.3841629135662203e-07,-15.627354768084901,touchstone_ri,2.8672804543714,1.0,,,
260519_2dsweep_1p5cell,sim,06_2_TDS-KyhlTune-260519_314.s2p,,S11,f_mean,sim,dispersion_mode_1,2.8672804543714,2.86728,-4.543714000604382e-07,-2.4064555587472327e-06,-51.96711297574239,touchstone_ri,2.8672804543714,1.0,,,
260519_2dsweep_1p5cell,sim,06_2_TDS-KyhlTune-260519_314.s2p,,S12,f_mean,sim,dispersion_mode_1,2.8672804543714,2.86728,-4.543714000604382e-07,-75.11625882562637,56.27799194955241,touchstone_ri,2.8672804543714,1.0,,,
260519_2dsweep_1p5cell,sim,06_2_TDS-KyhlTune-260519_314.s2p,,S21,f_mean,sim,dispersion_mode_1,2.8672804543714,2.86728,-4.543714000604382e-07,-75.11160650486354,56.15109230894163,touchstone_ri,2.8672804543714,1.0,,,
260519_2dsweep_1p5cell,sim,06_2_TDS-KyhlTune-260519_314.s2p,,S22,f_mean,sim,dispersion_mode_1,2.8672804543714,2.86728,-4.543714000604382e-07,-7.003152745718135e-08,-15.675430218196777,touchstone_ri,2.8672804543714,1.0,,,
260519_2dsweep_1p5cell,sim,06_2_TDS-KyhlTune-260519_315.s2p,,S11,f_mean,sim,dispersion_mode_1,2.8672804543714,2.86728,-4.543714000604382e-07,1.4577943146036136e-06,-53.124468231909866,touchstone_ri,2.8672804543714,1.0,,,
260519_2dsweep_1p5cell,sim,06_2_TDS-KyhlTune-260519_315.s2p,,S12,f_mean,sim,dispersion_mode_1,2.8672804543714,2.86728,-4.543714000604382e-07,-67.12872584001344,56.60851585370709,touchstone_ri,2.8672804543714,1.0,,,
260519_2dsweep_1p5cell,sim,06_2_TDS-KyhlTune-260519_315.s2p,,S21,f_mean,sim,dispersion_mode_1,2.8672804543714,2.86728,-4.543714000604382e-07,-68.20719807943134,49.57923810898737,touchstone_ri,2.8672804543714,1.0,,,
260519_2dsweep_1p5cell,sim,06_2_TDS-KyhlTune-260519_315.s2p,,S22,f_mean,sim,dispersion_mode_1,2.8672804543714,2.86728,-4.543714000604382e-07,-3.1448546628547907e-06,-15.715327855165432,touchstone_ri,2.8672804543714,1.0,,,
260519_2dsweep_1p5cell,sim,06_2_TDS-KyhlTune-260519_316.s2p,,S11,f_mean,sim,dispersion_mode_1,2.8672804543714,2.86728,-4.543714000604382e-07,-6.412854126972107e-05,-54.29450481243009,touchstone_ri,2.8672804543714,1.0,,,
260519_2dsweep_1p5cell,sim,06_2_TDS-KyhlTune-260519_316.s2p,,S12,f_mean,sim,dispersion_mode_1,2.8672804543714,2.86728,-4.543714000604382e-07,-72.24887655152347,55.18162945001273,touchstone_ri,2.8672804543714,1.0,,,
260519_2dsweep_1p5cell,sim,06_2_TDS-KyhlTune-260519_316.s2p,,S21,f_mean,sim,dispersion_mode_1,2.8672804543714,2.86728,-4.543714000604382e-07,-72.26775899356126,54.98032019935205,touchstone_ri,2.8672804543714,1.0,,,
260519_2dsweep_1p5cell,sim,06_2_TDS-KyhlTune-260519_316.s2p,,S22,f_mean,sim,dispersion_mode_1,2.8672804543714,2.86728,-4.543714000604382e-07,-1.4800990179072466e-07,-15.740721837988765,touchstone_ri,2.8672804543714,1.0,,,
260519_2dsweep_1p5cell,sim,06_2_TDS-KyhlTune-260519_317.s2p,,S11,f_mean,sim,dispersion_mode_1,2.8672804543714,2.86728,-4.543714000604382e-07,-4.021615052837871e-07,-55.602907346339336,touchstone_ri,2.8672804543714,1.0,,,
260519_2dsweep_1p5cell,sim,06_2_TDS-KyhlTune-260519_317.s2p,,S12,f_mean,sim,dispersion_mode_1,2.8672804543714,2.86728,-4.543714000604382e-07,-74.73155967781511,54.20578819685703,touchstone_ri,2.8672804543714,1.0,,,
260519_2dsweep_1p5cell,sim,06_2_TDS-KyhlTune-260519_317.s2p,,S21,f_mean,sim,dispersion_mode_1,2.8672804543714,2.86728,-4.543714000604382e-07,-74.73949327108164,54.27126982006289,touchstone_ri,2.8672804543714,1.0,,,
260519_2dsweep_1p5cell,sim,06_2_TDS-KyhlTune-260519_317.s2p,,S22,f_mean,sim,dispersion_mode_1,2.8672804543714,2.86728,-4.543714000604382e-07,-8.993640374309499e-08,-15.79326055727962,touchstone_ri,2.8672804543714,1.0,,,
260519_2dsweep_1p5cell,sim,06_2_TDS-KyhlTune-260519_318.s2p,,S11,f_mean,sim,dispersion_mode_1,2.8672804543714,2.86728,-4.543714000604382e-07,2.284985242433621e-07,-56.847580884673235,touchstone_ri,2.8672804543714,1.0,,,
260519_2dsweep_1p5cell,sim,06_2_TDS-KyhlTune-260519_318.s2p,,S12,f_mean,sim,dispersion_mode_1,2.8672804543714,2.86728,-4.543714000604382e-07,-74.13885104214546,52.21177242601475,touchstone_ri,2.8672804543714,1.0,,,
260519_2dsweep_1p5cell,sim,06_2_TDS-KyhlTune-260519_318.s2p,,S21,f_mean,sim,dispersion_mode_1,2.8672804543714,2.86728,-4.543714000604382e-07,-74.30973636571186,44.25286224786665,touchstone_ri,2.8672804543714,1.0,,,
260519_2dsweep_1p5cell,sim,06_2_TDS-KyhlTune-260519_318.s2p,,S22,f_mean,sim,dispersion_mode_1,2.8672804543714,2.86728,-4.543714000604382e-07,-1.5364540460195165e-07,-15.848570020889044,touchstone_ri,2.8672804543714,1.0,,,
260519_2dsweep_1p5cell,sim,06_2_TDS-KyhlTune-260519_319.s2p,,S11,f_mean,sim,dispersion_mode_1,2.8672804543714,2.86728,-4.543714000604382e-07,-0.0005864975380034287,-58.142909017510846,touchstone_ri,2.8672804543714,1.0,,,
260519_2dsweep_1p5cell,sim,06_2_TDS-KyhlTune-260519_319.s2p,,S12,f_mean,sim,dispersion_mode_1,2.8672804543714,2.86728,-4.543714000604382e-07,-68.23541657501198,53.510944993523644,touchstone_ri,2.8672804543714,1.0,,,
260519_2dsweep_1p5cell,sim,06_2_TDS-KyhlTune-260519_319.s2p,,S21,f_mean,sim,dispersion_mode_1,2.8672804543714,2.86728,-4.543714000604382e-07,-69.00565318560797,49.53743922690442,touchstone_ri,2.8672804543714,1.0,,,
260519_2dsweep_1p5cell,sim,06_2_TDS-KyhlTune-260519_319.s2p,,S22,f_mean,sim,dispersion_mode_1,2.8672804543714,2.86728,-4.543714000604382e-07,-4.267627238610058e-07,-15.886298370974096,touchstone_ri,2.8672804543714,1.0,,,
260519_2dsweep_1p5cell,sim,06_2_TDS-KyhlTune-260519_32.s2p,,S11,f_mean,sim,dispersion_mode_1,2.8672804543714,2.86728,-4.543714000604382e-07,1.823814284504996e-05,-43.88836802067556,touchstone_ri,2.8672804543714,1.0,,,
260519_2dsweep_1p5cell,sim,06_2_TDS-KyhlTune-260519_32.s2p,,S12,f_mean,sim,dispersion_mode_1,2.8672804543714,2.86728,-4.543714000604382e-07,-57.473947340614515,75.61167905925842,touchstone_ri,2.8672804543714,1.0,,,
260519_2dsweep_1p5cell,sim,06_2_TDS-KyhlTune-260519_32.s2p,,S21,f_mean,sim,dispersion_mode_1,2.8672804543714,2.86728,-4.543714000604382e-07,-57.39139775892829,75.83652164855748,touchstone_ri,2.8672804543714,1.0,,,
260519_2dsweep_1p5cell,sim,06_2_TDS-KyhlTune-260519_32.s2p,,S22,f_mean,sim,dispersion_mode_1,2.8672804543714,2.86728,-4.543714000604382e-07,-1.2492196188708788e-05,15.116033220675407,touchstone_ri,2.8672804543714,1.0,,,
260519_2dsweep_1p5cell,sim,06_2_TDS-KyhlTune-260519_320.s2p,,S11,f_mean,sim,dispersion_mode_1,2.8672804543714,2.86728,-4.543714000604382e-07,-3.7024817324707836e-05,-50.19519485258825,touchstone_ri,2.8672804543714,1.0,,,
260519_2dsweep_1p5cell,sim,06_2_TDS-KyhlTune-260519_320.s2p,,S12,f_mean,sim,dispersion_mode_1,2.8672804543714,2.86728,-4.543714000604382e-07,-88.54639410604909,57.76977927194011,touchstone_ri,2.8672804543714,1.0,,,
260519_2dsweep_1p5cell,sim,06_2_TDS-KyhlTune-260519_320.s2p,,S21,f_mean,sim,dispersion_mode_1,2.8672804543714,2.86728,-4.543714000604382e-07,-88.70384710098395,56.33551157307476,touchstone_ri,2.8672804543714,1.0,,,
260519_2dsweep_1p5cell,sim,06_2_TDS-KyhlTune-260519_320.s2p,,S22,f_mean,sim,dispersion_mode_1,2.8672804543714,2.86728,-4.543714000604382e-07,-5.144421845531937e-09,-16.343603745668368,touchstone_ri,2.8672804543714,1.0,,,
260519_2dsweep_1p5cell,sim,06_2_TDS-KyhlTune-260519_321.s2p,,S11,f_mean,sim,dispersion_mode_1,2.8672804543714,2.86728,-4.543714000604382e-07,-2.255661392200509e-06,-51.29697352063222,touchstone_ri,2.8672804543714,1.0,,,
260519_2dsweep_1p5cell,sim,06_2_TDS-KyhlTune-260519_321.s2p,,S12,f_mean,sim,dispersion_mode_1,2.8672804543714,2.86728,-4.543714000604382e-07,-76.10947630313103,56.168914911225215,touchstone_ri,2.8672804543714,1.0,,,
260519_2dsweep_1p5cell,sim,06_2_TDS-KyhlTune-260519_321.s2p,,S21,f_mean,sim,dispersion_mode_1,2.8672804543714,2.86728,-4.543714000604382e-07,-76.1119012479929,56.17019037593001,touchstone_ri,2.8672804543714,1.0,,,
260519_2dsweep_1p5cell,sim,06_2_TDS-KyhlTune-260519_321.s2p,,S22,f_mean,sim,dispersion_mode_1,2.8672804543714,2.86728,-4.543714000604382e-07,-5.8469303728965805e-08,-16.368876815182084,touchstone_ri,2.8672804543714,1.0,,,
260519_2dsweep_1p5cell,sim,06_2_TDS-KyhlTune-260519_322.s2p,,S11,f_mean,sim,dispersion_mode_1,2.8672804543714,2.86728,-4.543714000604382e-07,4.6062437740737425e-07,-52.38530034068022,touchstone_ri,2.8672804543714,1.0,,,
260519_2dsweep_1p5cell,sim,06_2_TDS-KyhlTune-260519_322.s2p,,S12,f_mean,sim,dispersion_mode_1,2.8672804543714,2.86728,-4.543714000604382e-07,-72.59966778331321,55.108969922109395,touchstone_ri,2.8672804543714,1.0,,,
260519_2dsweep_1p5cell,sim,06_2_TDS-KyhlTune-260519_322.s2p,,S21,f_mean,sim,dispersion_mode_1,2.8672804543714,2.86728,-4.543714000604382e-07,-73.18866357187098,54.49767667181494,touchstone_ri,2.8672804543714,1.0,,,
260519_2dsweep_1p5cell,sim,06_2_TDS-KyhlTune-260519_322.s2p,,S22,f_mean,sim,dispersion_mode_1,2.8672804543714,2.86728,-4.543714000604382e-07,-1.3122572314159875e-07,-16.391555161532725,touchstone_ri,2.8672804543714,1.0,,,
260519_2dsweep_1p5cell,sim,06_2_TDS-KyhlTune-260519_323.s2p,,S11,f_mean,sim,dispersion_mode_1,2.8672804543714,2.86728,-4.543714000604382e-07,-0.0005632734343991412,-53.54790366452332,touchstone_ri,2.8672804543714,1.0,,,
260519_2dsweep_1p5cell,sim,06_2_TDS-KyhlTune-260519_323.s2p,,S12,f_mean,sim,dispersion_mode_1,2.8672804543714,2.86728,-4.543714000604382e-07,-72.61619237902957,54.16148979347157,touchstone_ri,2.8672804543714,1.0,,,
260519_2dsweep_1p5cell,sim,06_2_TDS-KyhlTune-260519_323.s2p,,S21,f_mean,sim,dispersion_mode_1,2.8672804543714,2.86728,-4.543714000604382e-07,-73.52353121731576,47.7720735014891,touchstone_ri,2.8672804543714,1.0,,,
260519_2dsweep_1p5cell,sim,06_2_TDS-KyhlTune-260519_323.s2p,,S22,f_mean,sim,dispersion_mode_1,2.8672804543714,2.86728,-4.543714000604382e-07,-1.7982888522906346e-07,-16.429347821316888,touchstone_ri,2.8672804543714,1.0,,,
260519_2dsweep_1p5cell,sim,06_2_TDS-KyhlTune-260519_324.s2p,,S11,f_mean,sim,dispersion_mode_1,2.8672804543714,2.86728,-4.543714000604382e-07,-3.974469926264069e-05,-54.74120932621374,touchstone_ri,2.8672804543714,1.0,,,
260519_2dsweep_1p5cell,sim,06_2_TDS-KyhlTune-260519_324.s2p,,S12,f_mean,sim,dispersion_mode_1,2.8672804543714,2.86728,-4.543714000604382e-07,-77.98985271927111,54.86320704147453,touchstone_ri,2.8672804543714,1.0,,,
260519_2dsweep_1p5cell,sim,06_2_TDS-KyhlTune-260519_324.s2p,,S21,f_mean,sim,dispersion_mode_1,2.8672804543714,2.86728,-4.543714000604382e-07,-77.91382976642181,54.45143324488343,touchstone_ri,2.8672804543714,1.0,,,
260519_2dsweep_1p5cell,sim,06_2_TDS-KyhlTune-260519_324.s2p,,S22,f_mean,sim,dispersion_mode_1,2.8672804543714,2.86728,-4.543714000604382e-07,-1.1199710603351545e-06,-16.455397982315915,touchstone_ri,2.8672804543714,1.0,,,
260519_2dsweep_1p5cell,sim,06_2_TDS-KyhlTune-260519_325.s2p,,S11,f_mean,sim,dispersion_mode_1,2.8672804543714,2.86728,-4.543714000604382e-07,2.2691627120696096e-07,-56.05413822534723,touchstone_ri,2.8672804543714,1.0,,,
260519_2dsweep_1p5cell,sim,06_2_TDS-KyhlTune-260519_325.s2p,,S12,f_mean,sim,dispersion_mode_1,2.8672804543714,2.86728,-4.543714000604382e-07,-72.15877982465756,53.695872162047344,touchstone_ri,2.8672804543714,1.0,,,
260519_2dsweep_1p5cell,sim,06_2_TDS-KyhlTune-260519_325.s2p,,S21,f_mean,sim,dispersion_mode_1,2.8672804543714,2.86728,-4.543714000604382e-07,-72.15881523447291,53.7257068506477,touchstone_ri,2.8672804543714,1.0,,,
260519_2dsweep_1p5cell,sim,06_2_TDS-KyhlTune-260519_325.s2p,,S22,f_mean,sim,dispersion_mode_1,2.8672804543714,2.86728,-4.543714000604382e-07,-1.7716907210652025e-06,-16.50720631373554,touchstone_ri,2.8672804543714,1.0,,,
260519_2dsweep_1p5cell,sim,06_2_TDS-KyhlTune-260519_326.s2p,,S11,f_mean,sim,dispersion_mode_1,2.8672804543714,2.86728,-4.543714000604382e-07,-3.713353076453588e-05,-57.31352412762183,touchstone_ri,2.8672804543714,1.0,,,
260519_2dsweep_1p5cell,sim,06_2_TDS-KyhlTune-260519_326.s2p,,S12,f_mean,sim,dispersion_mode_1,2.8672804543714,2.86728,-4.543714000604382e-07,-75.77495350310406,52.00197590779427,touchstone_ri,2.8672804543714,1.0,,,
260519_2dsweep_1p5cell,sim,06_2_TDS-KyhlTune-260519_326.s2p,,S21,f_mean,sim,dispersion_mode_1,2.8672804543714,2.86728,-4.543714000604382e-07,-75.77597132488583,53.34712518842775,touchstone_ri,2.8672804543714,1.0,,,
260519_2dsweep_1p5cell,sim,06_2_TDS-KyhlTune-260519_326.s2p,,S22,f_mean,sim,dispersion_mode_1,2.8672804543714,2.86728,-4.543714000604382e-07,-4.0176172153786396e-06,-16.5331482538168,touchstone_ri,2.8672804543714,1.0,,,
260519_2dsweep_1p5cell,sim,06_2_TDS-KyhlTune-260519_327.s2p,,S11,f_mean,sim,dispersion_mode_1,2.8672804543714,2.86728,-4.543714000604382e-07,-6.229301111701785e-05,-58.71949578963546,touchstone_ri,2.8672804543714,1.0,,,
260519_2dsweep_1p5cell,sim,06_2_TDS-KyhlTune-260519_327.s2p,,S12,f_mean,sim,dispersion_mode_1,2.8672804543714,2.86728,-4.543714000604382e-07,-74.06145235167814,49.377640287405896,touchstone_ri,2.8672804543714,1.0,,,
260519_2dsweep_1p5cell,sim,06_2_TDS-KyhlTune-260519_327.s2p,,S21,f_mean,sim,dispersion_mode_1,2.8672804543714,2.86728,-4.543714000604382e-07,-75.19669857062414,40.74939470472738,touchstone_ri,2.8672804543714,1.0,,,
260519_2dsweep_1p5cell,sim,06_2_TDS-KyhlTune-260519_327.s2p,,S22,f_mean,sim,dispersion_mode_1,2.8672804543714,2.86728,-4.543714000604382e-07,-1.5865270495619892e-07,-16.572569732836378,touchstone_ri,2.8672804543714,1.0,,,
260519_2dsweep_1p5cell,sim,06_2_TDS-KyhlTune-260519_328.s2p,,S11,f_mean,sim,dispersion_mode_1,2.8672804543714,2.86728,-4.543714000604382e-07,5.236335806469909e-07,-51.68437563373599,touchstone_ri,2.8672804543714,1.0,,,
260519_2dsweep_1p5cell,sim,06_2_TDS-KyhlTune-260519_328.s2p,,S12,f_mean,sim,dispersion_mode_1,2.8672804543714,2.86728,-4.543714000604382e-07,-72.27222860573178,55.74848648478452,touchstone_ri,2.8672804543714,1.0,,,
260519_2dsweep_1p5cell,sim,06_2_TDS-KyhlTune-260519_328.s2p,,S21,f_mean,sim,dispersion_mode_1,2.8672804543714,2.86728,-4.543714000604382e-07,-72.28575366579568,55.658697428577376,touchstone_ri,2.8672804543714,1.0,,,
260519_2dsweep_1p5cell,sim,06_2_TDS-KyhlTune-260519_328.s2p,,S22,f_mean,sim,dispersion_mode_1,2.8672804543714,2.86728,-4.543714000604382e-07,-2.6381682718652408e-05,-17.056090832794123,touchstone_ri,2.8672804543714,1.0,,,
260519_2dsweep_1p5cell,sim,06_2_TDS-KyhlTune-260519_329.s2p,,S11,f_mean,sim,dispersion_mode_1,2.8672804543714,2.86728,-4.543714000604382e-07,8.096296682604859e-09,-52.801160927991724,touchstone_ri,2.8672804543714,1.0,,,
260519_2dsweep_1p5cell,sim,06_2_TDS-KyhlTune-260519_329.s2p,,S12,f_mean,sim,dispersion_mode_1,2.8672804543714,2.86728,-4.543714000604382e-07,-94.46092090913794,66.2190045026922,touchstone_ri,2.8672804543714,1.0,,,
260519_2dsweep_1p5cell,sim,06_2_TDS-KyhlTune-260519_329.s2p,,S21,f_mean,sim,dispersion_mode_1,2.8672804543714,2.86728,-4.543714000604382e-07,-94.81056638568722,52.945218562317095,touchstone_ri,2.8672804543714,1.0,,,
260519_2dsweep_1p5cell,sim,06_2_TDS-KyhlTune-260519_329.s2p,,S22,f_mean,sim,dispersion_mode_1,2.8672804543714,2.86728,-4.543714000604382e-07,-1.019256530850886e-05,-17.09717380208705,touchstone_ri,2.8672804543714,1.0,,,
260519_2dsweep_1p5cell,sim,06_2_TDS-KyhlTune-260519_33.s2p,,S11,f_mean,sim,dispersion_mode_1,2.8672804543714,2.86728,-4.543714000604382e-07,2.5437656150339222e-05,-44.739151315587634,touchstone_ri,2.8672804543714,1.0,,,
260519_2dsweep_1p5cell,sim,06_2_TDS-KyhlTune-260519_33.s2p,,S12,f_mean,sim,dispersion_mode_1,2.8672804543714,2.86728,-4.543714000604382e-07,-57.37841333319909,74.22047602236135,touchstone_ri,2.8672804543714,1.0,,,
260519_2dsweep_1p5cell,sim,06_2_TDS-KyhlTune-260519_33.s2p,,S21,f_mean,sim,dispersion_mode_1,2.8672804543714,2.86728,-4.543714000604382e-07,-57.367753798603175,74.32726558353414,touchstone_ri,2.8672804543714,1.0,,,
260519_2dsweep_1p5cell,sim,06_2_TDS-KyhlTune-260519_33.s2p,,S22,f_mean,sim,dispersion_mode_1,2.8672804543714,2.86728,-4.543714000604382e-07,-3.7018523634339453e-06,13.384821972442476,touchstone_ri,2.8672804543714,1.0,,,
260519_2dsweep_1p5cell,sim,06_2_TDS-KyhlTune-260519_330.s2p,,S11,f_mean,sim,dispersion_mode_1,2.8672804543714,2.86728,-4.543714000604382e-07,-8.864588759802057e-06,-53.927170820694734,touchstone_ri,2.8672804543714,1.0,,,
260519_2dsweep_1p5cell,sim,06_2_TDS-KyhlTune-260519_330.s2p,,S12,f_mean,sim,dispersion_mode_1,2.8672804543714,2.86728,-4.543714000604382e-07,-72.85154328388296,54.586964732548005,touchstone_ri,2.8672804543714,1.0,,,
260519_2dsweep_1p5cell,sim,06_2_TDS-KyhlTune-260519_330.s2p,,S21,f_mean,sim,dispersion_mode_1,2.8672804543714,2.86728,-4.543714000604382e-07,-72.91406151367575,54.52030804830101,touchstone_ri,2.8672804543714,1.0,,,
260519_2dsweep_1p5cell,sim,06_2_TDS-KyhlTune-260519_330.s2p,,S22,f_mean,sim,dispersion_mode_1,2.8672804543714,2.86728,-4.543714000604382e-07,-1.2918804035025007e-07,-17.099665930791563,touchstone_ri,2.8672804543714,1.0,,,
260519_2dsweep_1p5cell,sim,06_2_TDS-KyhlTune-260519_331.s2p,,S11,f_mean,sim,dispersion_mode_1,2.8672804543714,2.86728,-4.543714000604382e-07,6.304223659485474e-07,-55.087588997613466,touchstone_ri,2.8672804543714,1.0,,,
260519_2dsweep_1p5cell,sim,06_2_TDS-KyhlTune-260519_331.s2p,,S12,f_mean,sim,dispersion_mode_1,2.8672804543714,2.86728,-4.543714000604382e-07,-71.37807650722996,53.77259165955222,touchstone_ri,2.8672804543714,1.0,,,
260519_2dsweep_1p5cell,sim,06_2_TDS-KyhlTune-260519_331.s2p,,S21,f_mean,sim,dispersion_mode_1,2.8672804543714,2.86728,-4.543714000604382e-07,-71.35712151187629,53.66134927719988,touchstone_ri,2.8672804543714,1.0,,,
260519_2dsweep_1p5cell,sim,06_2_TDS-KyhlTune-260519_331.s2p,,S22,f_mean,sim,dispersion_mode_1,2.8672804543714,2.86728,-4.543714000604382e-07,-5.009296682251691e-07,-17.139573818316997,touchstone_ri,2.8672804543714,1.0,,,
260519_2dsweep_1p5cell,sim,06_2_TDS-KyhlTune-260519_332.s2p,,S11,f_mean,sim,dispersion_mode_1,2.8672804543714,2.86728,-4.543714000604382e-07,-1.008361330021914e-05,-56.421297399254684,touchstone_ri,2.8672804543714,1.0,,,
260519_2dsweep_1p5cell,sim,06_2_TDS-KyhlTune-260519_332.s2p,,S12,f_mean,sim,dispersion_mode_1,2.8672804543714,2.86728,-4.543714000604382e-07,-76.74148801788495,53.25416967624099,touchstone_ri,2.8672804543714,1.0,,,
260519_2dsweep_1p5cell,sim,06_2_TDS-KyhlTune-260519_332.s2p,,S21,f_mean,sim,dispersion_mode_1,2.8672804543714,2.86728,-4.543714000604382e-07,-76.7592959853957,53.14556598443152,touchstone_ri,2.8672804543714,1.0,,,
260519_2dsweep_1p5cell,sim,06_2_TDS-KyhlTune-260519_332.s2p,,S22,f_mean,sim,dispersion_mode_1,2.8672804543714,2.86728,-4.543714000604382e-07,-3.130681037661462e-07,-17.167356173840467,touchstone_ri,2.8672804543714,1.0,,,
260519_2dsweep_1p5cell,sim,06_2_TDS-KyhlTune-260519_333.s2p,,S11,f_mean,sim,dispersion_mode_1,2.8672804543714,2.86728,-4.543714000604382e-07,2.2060162175139608e-07,-57.83496380328969,touchstone_ri,2.8672804543714,1.0,,,
260519_2dsweep_1p5cell,sim,06_2_TDS-KyhlTune-260519_333.s2p,,S12,f_mean,sim,dispersion_mode_1,2.8672804543714,2.86728,-4.543714000604382e-07,-75.98513681711842,52.40174552017183,touchstone_ri,2.8672804543714,1.0,,,
260519_2dsweep_1p5cell,sim,06_2_TDS-KyhlTune-260519_333.s2p,,S21,f_mean,sim,dispersion_mode_1,2.8672804543714,2.86728,-4.543714000604382e-07,-75.99402377798496,52.48657895289117,touchstone_ri,2.8672804543714,1.0,,,
260519_2dsweep_1p5cell,sim,06_2_TDS-KyhlTune-260519_333.s2p,,S22,f_mean,sim,dispersion_mode_1,2.8672804543714,2.86728,-4.543714000604382e-07,-1.900610363231906e-07,-17.197387218068027,touchstone_ri,2.8672804543714,1.0,,,
260519_2dsweep_1p5cell,sim,06_2_TDS-KyhlTune-260519_334.s2p,,S11,f_mean,sim,dispersion_mode_1,2.8672804543714,2.86728,-4.543714000604382e-07,3.6410273012796983e-07,-59.23686494258699,touchstone_ri,2.8672804543714,1.0,,,
260519_2dsweep_1p5cell,sim,06_2_TDS-KyhlTune-260519_334.s2p,,S12,f_mean,sim,dispersion_mode_1,2.8672804543714,2.86728,-4.543714000604382e-07,-73.09898297413035,51.27611217103546,touchstone_ri,2.8672804543714,1.0,,,
260519_2dsweep_1p5cell,sim,06_2_TDS-KyhlTune-260519_334.s2p,,S21,f_mean,sim,dispersion_mode_1,2.8672804543714,2.86728,-4.543714000604382e-07,-72.65944474126903,48.00582205542972,touchstone_ri,2.8672804543714,1.0,,,
260519_2dsweep_1p5cell,sim,06_2_TDS-KyhlTune-260519_334.s2p,,S22,f_mean,sim,dispersion_mode_1,2.8672804543714,2.86728,-4.543714000604382e-07,-1.7304523866698062e-07,-17.21287617734964,touchstone_ri,2.8672804543714,1.0,,,
260519_2dsweep_1p5cell,sim,06_2_TDS-KyhlTune-260519_34.s2p,,S11,f_mean,sim,dispersion_mode_1,2.8672804543714,2.86728,-4.543714000604382e-07,-0.0003622023489142392,-45.06116402501038,touchstone_ri,2.8672804543714,1.0,,,
260519_2dsweep_1p5cell,sim,06_2_TDS-KyhlTune-260519_34.s2p,,S12,f_mean,sim,dispersion_mode_1,2.8672804543714,2.86728,-4.543714000604382e-07,-57.5636387618179,73.42199527318083,touchstone_ri,2.8672804543714,1.0,,,
260519_2dsweep_1p5cell,sim,06_2_TDS-KyhlTune-260519_34.s2p,,S21,f_mean,sim,dispersion_mode_1,2.8672804543714,2.86728,-4.543714000604382e-07,-57.542286080631754,73.85933556141025,touchstone_ri,2.8672804543714,1.0,,,
260519_2dsweep_1p5cell,sim,06_2_TDS-KyhlTune-260519_34.s2p,,S22,f_mean,sim,dispersion_mode_1,2.8672804543714,2.86728,-4.543714000604382e-07,-3.0388700500165754e-06,11.996723635371174,touchstone_ri,2.8672804543714,1.0,,,
260519_2dsweep_1p5cell,sim,06_2_TDS-KyhlTune-260519_35.s2p,,S11,f_mean,sim,dispersion_mode_1,2.8672804543714,2.86728,-4.543714000604382e-07,3.3694105839168775e-05,-46.05369858450096,touchstone_ri,2.8672804543714,1.0,,,
260519_2dsweep_1p5cell,sim,06_2_TDS-KyhlTune-260519_35.s2p,,S12,f_mean,sim,dispersion_mode_1,2.8672804543714,2.86728,-4.543714000604382e-07,-57.575215873440094,72.1641686938075,touchstone_ri,2.8672804543714,1.0,,,
260519_2dsweep_1p5cell,sim,06_2_TDS-KyhlTune-260519_35.s2p,,S21,f_mean,sim,dispersion_mode_1,2.8672804543714,2.86728,-4.543714000604382e-07,-57.563597221561295,72.32635370966773,touchstone_ri,2.8672804543714,1.0,,,
260519_2dsweep_1p5cell,sim,06_2_TDS-KyhlTune-260519_35.s2p,,S22,f_mean,sim,dispersion_mode_1,2.8672804543714,2.86728,-4.543714000604382e-07,-6.0973703354648186e-06,10.619161542579713,touchstone_ri,2.8672804543714,1.0,,,
260519_2dsweep_1p5cell,sim,06_2_TDS-KyhlTune-260519_36.s2p,,S11,f_mean,sim,dispersion_mode_1,2.8672804543714,2.86728,-4.543714000604382e-07,1.2198978761947688e-06,-39.92261353748909,touchstone_ri,2.8672804543714,1.0,,,
260519_2dsweep_1p5cell,sim,06_2_TDS-KyhlTune-260519_36.s2p,,S12,f_mean,sim,dispersion_mode_1,2.8672804543714,2.86728,-4.543714000604382e-07,-55.903050327864506,85.86594188423526,touchstone_ri,2.8672804543714,1.0,,,
260519_2dsweep_1p5cell,sim,06_2_TDS-KyhlTune-260519_36.s2p,,S21,f_mean,sim,dispersion_mode_1,2.8672804543714,2.86728,-4.543714000604382e-07,-55.85787267568885,85.95067323054786,touchstone_ri,2.8672804543714,1.0,,,
260519_2dsweep_1p5cell,sim,06_2_TDS-KyhlTune-260519_36.s2p,,S22,f_mean,sim,dispersion_mode_1,2.8672804543714,2.86728,-4.543714000604382e-07,-6.306825187058664e-06,31.78479195021762,touchstone_ri,2.8672804543714,1.0,,,
260519_2dsweep_1p5cell,sim,06_2_TDS-KyhlTune-260519_37.s2p,,S11,f_mean,sim,dispersion_mode_1,2.8672804543714,2.86728,-4.543714000604382e-07,3.934398365863775e-06,-40.500217117676314,touchstone_ri,2.8672804543714,1.0,,,
260519_2dsweep_1p5cell,sim,06_2_TDS-KyhlTune-260519_37.s2p,,S12,f_mean,sim,dispersion_mode_1,2.8672804543714,2.86728,-4.543714000604382e-07,-56.41663616353931,83.62329221302713,touchstone_ri,2.8672804543714,1.0,,,
260519_2dsweep_1p5cell,sim,06_2_TDS-KyhlTune-260519_37.s2p,,S21,f_mean,sim,dispersion_mode_1,2.8672804543714,2.86728,-4.543714000604382e-07,-56.41063233653262,83.65540124510488,touchstone_ri,2.8672804543714,1.0,,,
260519_2dsweep_1p5cell,sim,06_2_TDS-KyhlTune-260519_37.s2p,,S22,f_mean,sim,dispersion_mode_1,2.8672804543714,2.86728,-4.543714000604382e-07,-1.3551118177980581e-05,27.798490393370834,touchstone_ri,2.8672804543714,1.0,,,
260519_2dsweep_1p5cell,sim,06_2_TDS-KyhlTune-260519_38.s2p,,S11,f_mean,sim,dispersion_mode_1,2.8672804543714,2.86728,-4.543714000604382e-07,-0.00022068936370501162,-41.38543768071846,touchstone_ri,2.8672804543714,1.0,,,
260519_2dsweep_1p5cell,sim,06_2_TDS-KyhlTune-260519_38.s2p,,S12,f_mean,sim,dispersion_mode_1,2.8672804543714,2.86728,-4.543714000604382e-07,-56.06364997670773,81.24051825409883,touchstone_ri,2.8672804543714,1.0,,,
260519_2dsweep_1p5cell,sim,06_2_TDS-KyhlTune-260519_38.s2p,,S21,f_mean,sim,dispersion_mode_1,2.8672804543714,2.86728,-4.543714000604382e-07,-56.07971475420331,81.34785481550806,touchstone_ri,2.8672804543714,1.0,,,
260519_2dsweep_1p5cell,sim,06_2_TDS-KyhlTune-260519_38.s2p,,S22,f_mean,sim,dispersion_mode_1,2.8672804543714,2.86728,-4.543714000604382e-07,-3.4068578110550405e-06,24.199350668290364,touchstone_ri,2.8672804543714,1.0,,,
260519_2dsweep_1p5cell,sim,06_2_TDS-KyhlTune-260519_39.s2p,,S11,f_mean,sim,dispersion_mode_1,2.8672804543714,2.86728,-4.543714000604382e-07,1.0629744966408927e-05,-41.913753103219356,touchstone_ri,2.8672804543714,1.0,,,
260519_2dsweep_1p5cell,sim,06_2_TDS-KyhlTune-260519_39.s2p,,S12,f_mean,sim,dispersion_mode_1,2.8672804543714,2.86728,-4.543714000604382e-07,-56.770414669491316,79.6370069313331,touchstone_ri,2.8672804543714,1.0,,,
260519_2dsweep_1p5cell,sim,06_2_TDS-KyhlTune-260519_39.s2p,,S21,f_mean,sim,dispersion_mode_1,2.8672804543714,2.86728,-4.543714000604382e-07,-56.75523830830197,79.71675510035067,touchstone_ri,2.8672804543714,1.0,,,
260519_2dsweep_1p5cell,sim,06_2_TDS-KyhlTune-260519_39.s2p,,S22,f_mean,sim,dispersion_mode_1,2.8672804543714,2.86728,-4.543714000604382e-07,-3.0084054429285594e-06,21.38673074514771,touchstone_ri,2.8672804543714,1.0,,,
260519_2dsweep_1p5cell,sim,06_2_TDS-KyhlTune-260519_4.s2p,,S11,f_mean,sim,dispersion_mode_1,2.8672804543714,2.86728,-4.543714000604382e-07,-2.6476100355442437e-05,-39.410872633740986,touchstone_ri,2.8672804543714,1.0,,,
260519_2dsweep_1p5cell,sim,06_2_TDS-KyhlTune-260519_4.s2p,,S12,f_mean,sim,dispersion_mode_1,2.8672804543714,2.86728,-4.543714000604382e-07,-55.17381808554508,90.86398936346384,touchstone_ri,2.8672804543714,1.0,,,
260519_2dsweep_1p5cell,sim,06_2_TDS-KyhlTune-260519_4.s2p,,S21,f_mean,sim,dispersion_mode_1,2.8672804543714,2.86728,-4.543714000604382e-07,-55.079341539874136,90.68525047735687,touchstone_ri,2.8672804543714,1.0,,,
260519_2dsweep_1p5cell,sim,06_2_TDS-KyhlTune-260519_4.s2p,,S22,f_mean,sim,dispersion_mode_1,2.8672804543714,2.86728,-4.543714000604382e-07,-0.00024802942459300846,40.72336209931279,touchstone_ri,2.8672804543714,1.0,,,
260519_2dsweep_1p5cell,sim,06_2_TDS-KyhlTune-260519_40.s2p,,S11,f_mean,sim,dispersion_mode_1,2.8672804543714,2.86728,-4.543714000604382e-07,1.301158976470597e-05,-42.295345387534454,touchstone_ri,2.8672804543714,1.0,,,
260519_2dsweep_1p5cell,sim,06_2_TDS-KyhlTune-260519_40.s2p,,S12,f_mean,sim,dispersion_mode_1,2.8672804543714,2.86728,-4.543714000604382e-07,-57.23611423813758,78.36757206184598,touchstone_ri,2.8672804543714,1.0,,,
260519_2dsweep_1p5cell,sim,06_2_TDS-KyhlTune-260519_40.s2p,,S21,f_mean,sim,dispersion_mode_1,2.8672804543714,2.86728,-4.543714000604382e-07,-57.23726434146711,78.33800156286632,touchstone_ri,2.8672804543714,1.0,,,
260519_2dsweep_1p5cell,sim,06_2_TDS-KyhlTune-260519_40.s2p,,S22,f_mean,sim,dispersion_mode_1,2.8672804543714,2.86728,-4.543714000604382e-07,-5.541483604192872e-06,19.00052678785047,touchstone_ri,2.8672804543714,1.0,,,
260519_2dsweep_1p5cell,sim,06_2_TDS-KyhlTune-260519_41.s2p,,S11,f_mean,sim,dispersion_mode_1,2.8672804543714,2.86728,-4.543714000604382e-07,1.7459784494198315e-05,-42.95845991166051,touchstone_ri,2.8672804543714,1.0,,,
260519_2dsweep_1p5cell,sim,06_2_TDS-KyhlTune-260519_41.s2p,,S12,f_mean,sim,dispersion_mode_1,2.8672804543714,2.86728,-4.543714000604382e-07,-57.167988160411426,76.95772493355263,touchstone_ri,2.8672804543714,1.0,,,
260519_2dsweep_1p5cell,sim,06_2_TDS-KyhlTune-260519_41.s2p,,S21,f_mean,sim,dispersion_mode_1,2.8672804543714,2.86728,-4.543714000604382e-07,-57.17285142844695,76.89690339065314,touchstone_ri,2.8672804543714,1.0,,,
260519_2dsweep_1p5cell,sim,06_2_TDS-KyhlTune-260519_41.s2p,,S22,f_mean,sim,dispersion_mode_1,2.8672804543714,2.86728,-4.543714000604382e-07,-1.3694491926849214e-05,16.809420119409822,touchstone_ri,2.8672804543714,1.0,,,
260519_2dsweep_1p5cell,sim,06_2_TDS-KyhlTune-260519_42.s2p,,S11,f_mean,sim,dispersion_mode_1,2.8672804543714,2.86728,-4.543714000604382e-07,-0.0004416270246234221,-43.845894891491376,touchstone_ri,2.8672804543714,1.0,,,
260519_2dsweep_1p5cell,sim,06_2_TDS-KyhlTune-260519_42.s2p,,S12,f_mean,sim,dispersion_mode_1,2.8672804543714,2.86728,-4.543714000604382e-07,-56.912002477920396,72.3185775512838,touchstone_ri,2.8672804543714,1.0,,,
260519_2dsweep_1p5cell,sim,06_2_TDS-KyhlTune-260519_42.s2p,,S21,f_mean,sim,dispersion_mode_1,2.8672804543714,2.86728,-4.543714000604382e-07,-57.02386716906558,75.51838823602826,touchstone_ri,2.8672804543714,1.0,,,
260519_2dsweep_1p5cell,sim,06_2_TDS-KyhlTune-260519_42.s2p,,S22,f_mean,sim,dispersion_mode_1,2.8672804543714,2.86728,-4.543714000604382e-07,-7.1884338800033785e-06,14.829615182187975,touchstone_ri,2.8672804543714,1.0,,,
260519_2dsweep_1p5cell,sim,06_2_TDS-KyhlTune-260519_43.s2p,,S11,f_mean,sim,dispersion_mode_1,2.8672804543714,2.86728,-4.543714000604382e-07,2.751838983783181e-05,-44.36334617292657,touchstone_ri,2.8672804543714,1.0,,,
260519_2dsweep_1p5cell,sim,06_2_TDS-KyhlTune-260519_43.s2p,,S12,f_mean,sim,dispersion_mode_1,2.8672804543714,2.86728,-4.543714000604382e-07,-57.14844470564614,74.28872679635086,touchstone_ri,2.8672804543714,1.0,,,
260519_2dsweep_1p5cell,sim,06_2_TDS-KyhlTune-260519_43.s2p,,S21,f_mean,sim,dispersion_mode_1,2.8672804543714,2.86728,-4.543714000604382e-07,-57.151646826205194,74.40113902073193,touchstone_ri,2.8672804543714,1.0,,,
260519_2dsweep_1p5cell,sim,06_2_TDS-KyhlTune-260519_43.s2p,,S22,f_mean,sim,dispersion_mode_1,2.8672804543714,2.86728,-4.543714000604382e-07,-3.292677461489038e-06,13.159549635696928,touchstone_ri,2.8672804543714,1.0,,,
260519_2dsweep_1p5cell,sim,06_2_TDS-KyhlTune-260519_44.s2p,,S11,f_mean,sim,dispersion_mode_1,2.8672804543714,2.86728,-4.543714000604382e-07,2.9213100924477064e-05,-45.106602093038255,touchstone_ri,2.8672804543714,1.0,,,
260519_2dsweep_1p5cell,sim,06_2_TDS-KyhlTune-260519_44.s2p,,S12,f_mean,sim,dispersion_mode_1,2.8672804543714,2.86728,-4.543714000604382e-07,-57.669899588623,73.12699768128283,touchstone_ri,2.8672804543714,1.0,,,
260519_2dsweep_1p5cell,sim,06_2_TDS-KyhlTune-260519_44.s2p,,S21,f_mean,sim,dispersion_mode_1,2.8672804543714,2.86728,-4.543714000604382e-07,-57.677256550668204,73.27084485209399,touchstone_ri,2.8672804543714,1.0,,,
260519_2dsweep_1p5cell,sim,06_2_TDS-KyhlTune-260519_44.s2p,,S22,f_mean,sim,dispersion_mode_1,2.8672804543714,2.86728,-4.543714000604382e-07,-3.064202015708214e-06,11.650613856816834,touchstone_ri,2.8672804543714,1.0,,,
260519_2dsweep_1p5cell,sim,06_2_TDS-KyhlTune-260519_45.s2p,,S11,f_mean,sim,dispersion_mode_1,2.8672804543714,2.86728,-4.543714000604382e-07,3.7018653648812164e-05,-45.730980808098955,touchstone_ri,2.8672804543714,1.0,,,
260519_2dsweep_1p5cell,sim,06_2_TDS-KyhlTune-260519_45.s2p,,S12,f_mean,sim,dispersion_mode_1,2.8672804543714,2.86728,-4.543714000604382e-07,-57.31657346408936,72.19346151777165,touchstone_ri,2.8672804543714,1.0,,,
260519_2dsweep_1p5cell,sim,06_2_TDS-KyhlTune-260519_45.s2p,,S21,f_mean,sim,dispersion_mode_1,2.8672804543714,2.86728,-4.543714000604382e-07,-57.312397229697694,72.28599461975728,touchstone_ri,2.8672804543714,1.0,,,
260519_2dsweep_1p5cell,sim,06_2_TDS-KyhlTune-260519_45.s2p,,S22,f_mean,sim,dispersion_mode_1,2.8672804543714,2.86728,-4.543714000604382e-07,-3.4254910725004507e-06,10.317947222112544,touchstone_ri,2.8672804543714,1.0,,,
260519_2dsweep_1p5cell,sim,06_2_TDS-KyhlTune-260519_46.s2p,,S11,f_mean,sim,dispersion_mode_1,2.8672804543714,2.86728,-4.543714000604382e-07,3.650008195173398e-05,-46.538144964626476,touchstone_ri,2.8672804543714,1.0,,,
260519_2dsweep_1p5cell,sim,06_2_TDS-KyhlTune-260519_46.s2p,,S12,f_mean,sim,dispersion_mode_1,2.8672804543714,2.86728,-4.543714000604382e-07,-57.95949125311977,71.22925350008445,touchstone_ri,2.8672804543714,1.0,,,
260519_2dsweep_1p5cell,sim,06_2_TDS-KyhlTune-260519_46.s2p,,S21,f_mean,sim,dispersion_mode_1,2.8672804543714,2.86728,-4.543714000604382e-07,-57.95610302505107,71.32565076028844,touchstone_ri,2.8672804543714,1.0,,,
260519_2dsweep_1p5cell,sim,06_2_TDS-KyhlTune-260519_46.s2p,,S22,f_mean,sim,dispersion_mode_1,2.8672804543714,2.86728,-4.543714000604382e-07,-7.4175527964951875e-06,9.121929326572712,touchstone_ri,2.8672804543714,1.0,,,
260519_2dsweep_1p5cell,sim,06_2_TDS-KyhlTune-260519_47.s2p,,S11,f_mean,sim,dispersion_mode_1,2.8672804543714,2.86728,-4.543714000604382e-07,4.077901630836206e-06,-40.28174090041055,touchstone_ri,2.8672804543714,1.0,,,
260519_2dsweep_1p5cell,sim,06_2_TDS-KyhlTune-260519_47.s2p,,S12,f_mean,sim,dispersion_mode_1,2.8672804543714,2.86728,-4.543714000604382e-07,-56.45180247584261,83.59147990960088,touchstone_ri,2.8672804543714,1.0,,,
260519_2dsweep_1p5cell,sim,06_2_TDS-KyhlTune-260519_47.s2p,,S21,f_mean,sim,dispersion_mode_1,2.8672804543714,2.86728,-4.543714000604382e-07,-56.39969061770499,83.69401387062358,touchstone_ri,2.8672804543714,1.0,,,
260519_2dsweep_1p5cell,sim,06_2_TDS-KyhlTune-260519_47.s2p,,S22,f_mean,sim,dispersion_mode_1,2.8672804543714,2.86728,-4.543714000604382e-07,-2.7483751429673206e-06,27.678899792072382,touchstone_ri,2.8672804543714,1.0,,,
260519_2dsweep_1p5cell,sim,06_2_TDS-KyhlTune-260519_48.s2p,,S11,f_mean,sim,dispersion_mode_1,2.8672804543714,2.86728,-4.543714000604382e-07,8.491515640516305e-06,-40.97943490634434,touchstone_ri,2.8672804543714,1.0,,,
260519_2dsweep_1p5cell,sim,06_2_TDS-KyhlTune-260519_48.s2p,,S12,f_mean,sim,dispersion_mode_1,2.8672804543714,2.86728,-4.543714000604382e-07,-56.00678089501176,81.60653997924815,touchstone_ri,2.8672804543714,1.0,,,
260519_2dsweep_1p5cell,sim,06_2_TDS-KyhlTune-260519_48.s2p,,S21,f_mean,sim,dispersion_mode_1,2.8672804543714,2.86728,-4.543714000604382e-07,-56.011050593581345,81.50272845499936,touchstone_ri,2.8672804543714,1.0,,,
260519_2dsweep_1p5cell,sim,06_2_TDS-KyhlTune-260519_48.s2p,,S22,f_mean,sim,dispersion_mode_1,2.8672804543714,2.86728,-4.543714000604382e-07,-3.1735490625230213e-06,24.006852665882416,touchstone_ri,2.8672804543714,1.0,,,
260519_2dsweep_1p5cell,sim,06_2_TDS-KyhlTune-260519_49.s2p,,S11,f_mean,sim,dispersion_mode_1,2.8672804543714,2.86728,-4.543714000604382e-07,-0.0003843130842162409,-41.654877734680674,touchstone_ri,2.8672804543714,1.0,,,
260519_2dsweep_1p5cell,sim,06_2_TDS-KyhlTune-260519_49.s2p,,S12,f_mean,sim,dispersion_mode_1,2.8672804543714,2.86728,-4.543714000604382e-07,-56.46769182450018,79.79189293090558,touchstone_ri,2.8672804543714,1.0,,,
260519_2dsweep_1p5cell,sim,06_2_TDS-KyhlTune-260519_49.s2p,,S21,f_mean,sim,dispersion_mode_1,2.8672804543714,2.86728,-4.543714000604382e-07,-56.44428297072537,79.66749680130168,touchstone_ri,2.8672804543714,1.0,,,
260519_2dsweep_1p5cell,sim,06_2_TDS-KyhlTune-260519_49.s2p,,S22,f_mean,sim,dispersion_mode_1,2.8672804543714,2.86728,-4.543714000604382e-07,-1.0275435775133361e-05,21.112902579614815,touchstone_ri,2.8672804543714,1.0,,,
260519_2dsweep_1p5cell,sim,06_2_TDS-KyhlTune-260519_5.s2p,,S11,f_mean,sim,dispersion_mode_1,2.8672804543714,2.86728,-4.543714000604382e-07,-1.2567556600778234e-05,-39.92616351793587,touchstone_ri,2.8672804543714,1.0,,,
260519_2dsweep_1p5cell,sim,06_2_TDS-KyhlTune-260519_5.s2p,,S12,f_mean,sim,dispersion_mode_1,2.8672804543714,2.86728,-4.543714000604382e-07,-55.59523743692185,87.9554645974589,touchstone_ri,2.8672804543714,1.0,,,
260519_2dsweep_1p5cell,sim,06_2_TDS-KyhlTune-260519_5.s2p,,S21,f_mean,sim,dispersion_mode_1,2.8672804543714,2.86728,-4.543714000604382e-07,-55.494593869273416,87.795554811521,touchstone_ri,2.8672804543714,1.0,,,
260519_2dsweep_1p5cell,sim,06_2_TDS-KyhlTune-260519_5.s2p,,S22,f_mean,sim,dispersion_mode_1,2.8672804543714,2.86728,-4.543714000604382e-07,-0.00028132066718375366,35.490263621446836,touchstone_ri,2.8672804543714,1.0,,,
260519_2dsweep_1p5cell,sim,06_2_TDS-KyhlTune-260519_50.s2p,,S11,f_mean,sim,dispersion_mode_1,2.8672804543714,2.86728,-4.543714000604382e-07,-0.0004935489291870627,-42.29394248756698,touchstone_ri,2.8672804543714,1.0,,,
260519_2dsweep_1p5cell,sim,06_2_TDS-KyhlTune-260519_50.s2p,,S12,f_mean,sim,dispersion_mode_1,2.8672804543714,2.86728,-4.543714000604382e-07,-56.890886443060765,78.49309222519037,touchstone_ri,2.8672804543714,1.0,,,
260519_2dsweep_1p5cell,sim,06_2_TDS-KyhlTune-260519_50.s2p,,S21,f_mean,sim,dispersion_mode_1,2.8672804543714,2.86728,-4.543714000604382e-07,-56.840386628751034,78.2040458672011,touchstone_ri,2.8672804543714,1.0,,,
260519_2dsweep_1p5cell,sim,06_2_TDS-KyhlTune-260519_50.s2p,,S22,f_mean,sim,dispersion_mode_1,2.8672804543714,2.86728,-4.543714000604382e-07,-2.8400165433305655e-06,18.60892502554373,touchstone_ri,2.8672804543714,1.0,,,
260519_2dsweep_1p5cell,sim,06_2_TDS-KyhlTune-260519_51.s2p,,S11,f_mean,sim,dispersion_mode_1,2.8672804543714,2.86728,-4.543714000604382e-07,-0.0003388455690531086,-42.93873492400804,touchstone_ri,2.8672804543714,1.0,,,
260519_2dsweep_1p5cell,sim,06_2_TDS-KyhlTune-260519_51.s2p,,S12,f_mean,sim,dispersion_mode_1,2.8672804543714,2.86728,-4.543714000604382e-07,-56.45181876806475,76.73795793043968,touchstone_ri,2.8672804543714,1.0,,,
260519_2dsweep_1p5cell,sim,06_2_TDS-KyhlTune-260519_51.s2p,,S21,f_mean,sim,dispersion_mode_1,2.8672804543714,2.86728,-4.543714000604382e-07,-56.44207313538368,76.71426762068694,touchstone_ri,2.8672804543714,1.0,,,
260519_2dsweep_1p5cell,sim,06_2_TDS-KyhlTune-260519_51.s2p,,S22,f_mean,sim,dispersion_mode_1,2.8672804543714,2.86728,-4.543714000604382e-07,-1.3859829304913187e-05,16.403169241099395,touchstone_ri,2.8672804543714,1.0,,,
260519_2dsweep_1p5cell,sim,06_2_TDS-KyhlTune-260519_52.s2p,,S11,f_mean,sim,dispersion_mode_1,2.8672804543714,2.86728,-4.543714000604382e-07,2.2840401936289825e-05,-43.53799548455833,touchstone_ri,2.8672804543714,1.0,,,
260519_2dsweep_1p5cell,sim,06_2_TDS-KyhlTune-260519_52.s2p,,S12,f_mean,sim,dispersion_mode_1,2.8672804543714,2.86728,-4.543714000604382e-07,-57.23611898469409,75.48699624142309,touchstone_ri,2.8672804543714,1.0,,,
260519_2dsweep_1p5cell,sim,06_2_TDS-KyhlTune-260519_52.s2p,,S21,f_mean,sim,dispersion_mode_1,2.8672804543714,2.86728,-4.543714000604382e-07,-57.25028594080187,75.4540098486564,touchstone_ri,2.8672804543714,1.0,,,
260519_2dsweep_1p5cell,sim,06_2_TDS-KyhlTune-260519_52.s2p,,S22,f_mean,sim,dispersion_mode_1,2.8672804543714,2.86728,-4.543714000604382e-07,-8.70993213457165e-06,14.502974689214884,touchstone_ri,2.8672804543714,1.0,,,
260519_2dsweep_1p5cell,sim,06_2_TDS-KyhlTune-260519_53.s2p,,S11,f_mean,sim,dispersion_mode_1,2.8672804543714,2.86728,-4.543714000604382e-07,2.577400352023397e-05,-44.29007764793792,touchstone_ri,2.8672804543714,1.0,,,
260519_2dsweep_1p5cell,sim,06_2_TDS-KyhlTune-260519_53.s2p,,S12,f_mean,sim,dispersion_mode_1,2.8672804543714,2.86728,-4.543714000604382e-07,-57.60669020541393,74.26072113394623,touchstone_ri,2.8672804543714,1.0,,,
260519_2dsweep_1p5cell,sim,06_2_TDS-KyhlTune-260519_53.s2p,,S21,f_mean,sim,dispersion_mode_1,2.8672804543714,2.86728,-4.543714000604382e-07,-57.59957012151531,74.28253317963123,touchstone_ri,2.8672804543714,1.0,,,
260519_2dsweep_1p5cell,sim,06_2_TDS-KyhlTune-260519_53.s2p,,S22,f_mean,sim,dispersion_mode_1,2.8672804543714,2.86728,-4.543714000604382e-07,-1.5179589531021901e-05,12.802366148392924,touchstone_ri,2.8672804543714,1.0,,,
260519_2dsweep_1p5cell,sim,06_2_TDS-KyhlTune-260519_54.s2p,,S11,f_mean,sim,dispersion_mode_1,2.8672804543714,2.86728,-4.543714000604382e-07,-7.712734333046487e-05,-44.87304291875549,touchstone_ri,2.8672804543714,1.0,,,
260519_2dsweep_1p5cell,sim,06_2_TDS-KyhlTune-260519_54.s2p,,S12,f_mean,sim,dispersion_mode_1,2.8672804543714,2.86728,-4.543714000604382e-07,-56.87023222478996,73.33296265794947,touchstone_ri,2.8672804543714,1.0,,,
260519_2dsweep_1p5cell,sim,06_2_TDS-KyhlTune-260519_54.s2p,,S21,f_mean,sim,dispersion_mode_1,2.8672804543714,2.86728,-4.543714000604382e-07,-56.8803426087687,73.22566929201206,touchstone_ri,2.8672804543714,1.0,,,
260519_2dsweep_1p5cell,sim,06_2_TDS-KyhlTune-260519_54.s2p,,S22,f_mean,sim,dispersion_mode_1,2.8672804543714,2.86728,-4.543714000604382e-07,-1.0687863067469652e-05,11.330865987707767,touchstone_ri,2.8672804543714,1.0,,,
260519_2dsweep_1p5cell,sim,06_2_TDS-KyhlTune-260519_55.s2p,,S11,f_mean,sim,dispersion_mode_1,2.8672804543714,2.86728,-4.543714000604382e-07,-9.557576026586934e-07,-45.55960934772937,touchstone_ri,2.8672804543714,1.0,,,
260519_2dsweep_1p5cell,sim,06_2_TDS-KyhlTune-260519_55.s2p,,S12,f_mean,sim,dispersion_mode_1,2.8672804543714,2.86728,-4.543714000604382e-07,-57.76632821772469,72.18512317830408,touchstone_ri,2.8672804543714,1.0,,,
260519_2dsweep_1p5cell,sim,06_2_TDS-KyhlTune-260519_55.s2p,,S21,f_mean,sim,dispersion_mode_1,2.8672804543714,2.86728,-4.543714000604382e-07,-57.77043833565817,72.22985950203461,touchstone_ri,2.8672804543714,1.0,,,
260519_2dsweep_1p5cell,sim,06_2_TDS-KyhlTune-260519_55.s2p,,S22,f_mean,sim,dispersion_mode_1,2.8672804543714,2.86728,-4.543714000604382e-07,-1.02758579524117e-05,10.007949063632994,touchstone_ri,2.8672804543714,1.0,,,
260519_2dsweep_1p5cell,sim,06_2_TDS-KyhlTune-260519_56.s2p,,S11,f_mean,sim,dispersion_mode_1,2.8672804543714,2.86728,-4.543714000604382e-07,-9.737351301188527e-05,-46.312860227684794,touchstone_ri,2.8672804543714,1.0,,,
260519_2dsweep_1p5cell,sim,06_2_TDS-KyhlTune-260519_56.s2p,,S12,f_mean,sim,dispersion_mode_1,2.8672804543714,2.86728,-4.543714000604382e-07,-57.53836958654964,71.32261669335801,touchstone_ri,2.8672804543714,1.0,,,
260519_2dsweep_1p5cell,sim,06_2_TDS-KyhlTune-260519_56.s2p,,S21,f_mean,sim,dispersion_mode_1,2.8672804543714,2.86728,-4.543714000604382e-07,-57.539141265627165,71.25829823524823,touchstone_ri,2.8672804543714,1.0,,,
260519_2dsweep_1p5cell,sim,06_2_TDS-KyhlTune-260519_56.s2p,,S22,f_mean,sim,dispersion_mode_1,2.8672804543714,2.86728,-4.543714000604382e-07,-7.819771632198876e-06,8.787628468671963,touchstone_ri,2.8672804543714,1.0,,,
260519_2dsweep_1p5cell,sim,06_2_TDS-KyhlTune-260519_57.s2p,,S11,f_mean,sim,dispersion_mode_1,2.8672804543714,2.86728,-4.543714000604382e-07,-0.0003906850785197123,-47.03527924312133,touchstone_ri,2.8672804543714,1.0,,,
260519_2dsweep_1p5cell,sim,06_2_TDS-KyhlTune-260519_57.s2p,,S12,f_mean,sim,dispersion_mode_1,2.8672804543714,2.86728,-4.543714000604382e-07,-57.46415426498047,70.31063475622413,touchstone_ri,2.8672804543714,1.0,,,
260519_2dsweep_1p5cell,sim,06_2_TDS-KyhlTune-260519_57.s2p,,S21,f_mean,sim,dispersion_mode_1,2.8672804543714,2.86728,-4.543714000604382e-07,-57.450043556274665,70.35235076142311,touchstone_ri,2.8672804543714,1.0,,,
260519_2dsweep_1p5cell,sim,06_2_TDS-KyhlTune-260519_57.s2p,,S22,f_mean,sim,dispersion_mode_1,2.8672804543714,2.86728,-4.543714000604382e-07,-7.997593184915716e-06,7.7082527252043676,touchstone_ri,2.8672804543714,1.0,,,
260519_2dsweep_1p5cell,sim,06_2_TDS-KyhlTune-260519_58.s2p,,S11,f_mean,sim,dispersion_mode_1,2.8672804543714,2.86728,-4.543714000604382e-07,5.993472582720434e-06,-40.70305881875335,touchstone_ri,2.8672804543714,1.0,,,
260519_2dsweep_1p5cell,sim,06_2_TDS-KyhlTune-260519_58.s2p,,S12,f_mean,sim,dispersion_mode_1,2.8672804543714,2.86728,-4.543714000604382e-07,-57.52521130809286,82.16905136340007,touchstone_ri,2.8672804543714,1.0,,,
260519_2dsweep_1p5cell,sim,06_2_TDS-KyhlTune-260519_58.s2p,,S21,f_mean,sim,dispersion_mode_1,2.8672804543714,2.86728,-4.543714000604382e-07,-57.43801273646426,81.56249368874151,touchstone_ri,2.8672804543714,1.0,,,
260519_2dsweep_1p5cell,sim,06_2_TDS-KyhlTune-260519_58.s2p,,S22,f_mean,sim,dispersion_mode_1,2.8672804543714,2.86728,-4.543714000604382e-07,-1.9750268940401054e-06,23.698761982012822,touchstone_ri,2.8672804543714,1.0,,,
260519_2dsweep_1p5cell,sim,06_2_TDS-KyhlTune-260519_59.s2p,,S11,f_mean,sim,dispersion_mode_1,2.8672804543714,2.86728,-4.543714000604382e-07,1.0671843718100414e-05,-41.28783012614263,touchstone_ri,2.8672804543714,1.0,,,
260519_2dsweep_1p5cell,sim,06_2_TDS-KyhlTune-260519_59.s2p,,S12,f_mean,sim,dispersion_mode_1,2.8672804543714,2.86728,-4.543714000604382e-07,-57.060850054808256,79.94521812996977,touchstone_ri,2.8672804543714,1.0,,,
260519_2dsweep_1p5cell,sim,06_2_TDS-KyhlTune-260519_59.s2p,,S21,f_mean,sim,dispersion_mode_1,2.8672804543714,2.86728,-4.543714000604382e-07,-56.97818804125354,79.7301520923431,touchstone_ri,2.8672804543714,1.0,,,
260519_2dsweep_1p5cell,sim,06_2_TDS-KyhlTune-260519_59.s2p,,S22,f_mean,sim,dispersion_mode_1,2.8672804543714,2.86728,-4.543714000604382e-07,-1.665711063246061e-05,20.799545261511945,touchstone_ri,2.8672804543714,1.0,,,
260519_2dsweep_1p5cell,sim,06_2_TDS-KyhlTune-260519_6.s2p,,S11,f_mean,sim,dispersion_mode_1,2.8672804543714,2.86728,-4.543714000604382e-07,-1.4711888755497015e-05,-40.418240505612104,touchstone_ri,2.8672804543714,1.0,,,
260519_2dsweep_1p5cell,sim,06_2_TDS-KyhlTune-260519_6.s2p,,S12,f_mean,sim,dispersion_mode_1,2.8672804543714,2.86728,-4.543714000604382e-07,-56.0418146139905,85.75712101937759,touchstone_ri,2.8672804543714,1.0,,,
260519_2dsweep_1p5cell,sim,06_2_TDS-KyhlTune-260519_6.s2p,,S21,f_mean,sim,dispersion_mode_1,2.8672804543714,2.86728,-4.543714000604382e-07,-55.947719566661355,85.37961385574226,touchstone_ri,2.8672804543714,1.0,,,
260519_2dsweep_1p5cell,sim,06_2_TDS-KyhlTune-260519_6.s2p,,S22,f_mean,sim,dispersion_mode_1,2.8672804543714,2.86728,-4.543714000604382e-07,-0.0003562980598455009,31.117901839207743,touchstone_ri,2.8672804543714,1.0,,,
260519_2dsweep_1p5cell,sim,06_2_TDS-KyhlTune-260519_60.s2p,,S11,f_mean,sim,dispersion_mode_1,2.8672804543714,2.86728,-4.543714000604382e-07,1.573284935274608e-05,-41.98838060390923,touchstone_ri,2.8672804543714,1.0,,,
260519_2dsweep_1p5cell,sim,06_2_TDS-KyhlTune-260519_60.s2p,,S12,f_mean,sim,dispersion_mode_1,2.8672804543714,2.86728,-4.543714000604382e-07,-56.84739575645919,78.29634070843302,touchstone_ri,2.8672804543714,1.0,,,
260519_2dsweep_1p5cell,sim,06_2_TDS-KyhlTune-260519_60.s2p,,S21,f_mean,sim,dispersion_mode_1,2.8672804543714,2.86728,-4.543714000604382e-07,-56.78640251933852,78.0994651196887,touchstone_ri,2.8672804543714,1.0,,,
260519_2dsweep_1p5cell,sim,06_2_TDS-KyhlTune-260519_60.s2p,,S22,f_mean,sim,dispersion_mode_1,2.8672804543714,2.86728,-4.543714000604382e-07,-2.879349495805351e-06,18.22035482526469,touchstone_ri,2.8672804543714,1.0,,,
260519_2dsweep_1p5cell,sim,06_2_TDS-KyhlTune-260519_61.s2p,,S11,f_mean,sim,dispersion_mode_1,2.8672804543714,2.86728,-4.543714000604382e-07,1.5667436716535613e-05,-42.6530602971841,touchstone_ri,2.8672804543714,1.0,,,
260519_2dsweep_1p5cell,sim,06_2_TDS-KyhlTune-260519_61.s2p,,S12,f_mean,sim,dispersion_mode_1,2.8672804543714,2.86728,-4.543714000604382e-07,-58.05754412617304,76.66280564353522,touchstone_ri,2.8672804543714,1.0,,,
260519_2dsweep_1p5cell,sim,06_2_TDS-KyhlTune-260519_61.s2p,,S21,f_mean,sim,dispersion_mode_1,2.8672804543714,2.86728,-4.543714000604382e-07,-58.06565057942919,76.70734671100702,touchstone_ri,2.8672804543714,1.0,,,
260519_2dsweep_1p5cell,sim,06_2_TDS-KyhlTune-260519_61.s2p,,S22,f_mean,sim,dispersion_mode_1,2.8672804543714,2.86728,-4.543714000604382e-07,-2.334608694438139e-06,16.034489726221345,touchstone_ri,2.8672804543714,1.0,,,
260519_2dsweep_1p5cell,sim,06_2_TDS-KyhlTune-260519_62.s2p,,S11,f_mean,sim,dispersion_mode_1,2.8672804543714,2.86728,-4.543714000604382e-07,-0.0002474785630730098,-43.394700503983266,touchstone_ri,2.8672804543714,1.0,,,
260519_2dsweep_1p5cell,sim,06_2_TDS-KyhlTune-260519_62.s2p,,S12,f_mean,sim,dispersion_mode_1,2.8672804543714,2.86728,-4.543714000604382e-07,-57.55939946677624,75.52590636139455,touchstone_ri,2.8672804543714,1.0,,,
260519_2dsweep_1p5cell,sim,06_2_TDS-KyhlTune-260519_62.s2p,,S21,f_mean,sim,dispersion_mode_1,2.8672804543714,2.86728,-4.543714000604382e-07,-57.56717656367512,75.32131859977417,touchstone_ri,2.8672804543714,1.0,,,
260519_2dsweep_1p5cell,sim,06_2_TDS-KyhlTune-260519_62.s2p,,S22,f_mean,sim,dispersion_mode_1,2.8672804543714,2.86728,-4.543714000604382e-07,-7.530775629030472e-06,14.114296310684502,touchstone_ri,2.8672804543714,1.0,,,
260519_2dsweep_1p5cell,sim,06_2_TDS-KyhlTune-260519_63.s2p,,S11,f_mean,sim,dispersion_mode_1,2.8672804543714,2.86728,-4.543714000604382e-07,-0.00019196200349245183,-43.86292926546441,touchstone_ri,2.8672804543714,1.0,,,
260519_2dsweep_1p5cell,sim,06_2_TDS-KyhlTune-260519_63.s2p,,S12,f_mean,sim,dispersion_mode_1,2.8672804543714,2.86728,-4.543714000604382e-07,-57.58462734952922,74.52040098578361,touchstone_ri,2.8672804543714,1.0,,,
260519_2dsweep_1p5cell,sim,06_2_TDS-KyhlTune-260519_63.s2p,,S21,f_mean,sim,dispersion_mode_1,2.8672804543714,2.86728,-4.543714000604382e-07,-57.53111903787976,74.21847960020979,touchstone_ri,2.8672804543714,1.0,,,
260519_2dsweep_1p5cell,sim,06_2_TDS-KyhlTune-260519_63.s2p,,S22,f_mean,sim,dispersion_mode_1,2.8672804543714,2.86728,-4.543714000604382e-07,-1.2902166214934214e-05,12.404405661334357,touchstone_ri,2.8672804543714,1.0,,,
260519_2dsweep_1p5cell,sim,06_2_TDS-KyhlTune-260519_64.s2p,,S11,f_mean,sim,dispersion_mode_1,2.8672804543714,2.86728,-4.543714000604382e-07,2.517831007539901e-05,-44.63603436539783,touchstone_ri,2.8672804543714,1.0,,,
260519_2dsweep_1p5cell,sim,06_2_TDS-KyhlTune-260519_64.s2p,,S12,f_mean,sim,dispersion_mode_1,2.8672804543714,2.86728,-4.543714000604382e-07,-58.64520175896108,74.09873144367273,touchstone_ri,2.8672804543714,1.0,,,
260519_2dsweep_1p5cell,sim,06_2_TDS-KyhlTune-260519_64.s2p,,S21,f_mean,sim,dispersion_mode_1,2.8672804543714,2.86728,-4.543714000604382e-07,-58.51069695488793,73.16769277193706,touchstone_ri,2.8672804543714,1.0,,,
260519_2dsweep_1p5cell,sim,06_2_TDS-KyhlTune-260519_64.s2p,,S22,f_mean,sim,dispersion_mode_1,2.8672804543714,2.86728,-4.543714000604382e-07,-1.5239751184170443e-05,10.925271182423684,touchstone_ri,2.8672804543714,1.0,,,
260519_2dsweep_1p5cell,sim,06_2_TDS-KyhlTune-260519_65.s2p,,S11,f_mean,sim,dispersion_mode_1,2.8672804543714,2.86728,-4.543714000604382e-07,-0.00019354942912895335,-45.41871851180262,touchstone_ri,2.8672804543714,1.0,,,
260519_2dsweep_1p5cell,sim,06_2_TDS-KyhlTune-260519_65.s2p,,S12,f_mean,sim,dispersion_mode_1,2.8672804543714,2.86728,-4.543714000604382e-07,-57.56388821269245,72.54452766925671,touchstone_ri,2.8672804543714,1.0,,,
260519_2dsweep_1p5cell,sim,06_2_TDS-KyhlTune-260519_65.s2p,,S21,f_mean,sim,dispersion_mode_1,2.8672804543714,2.86728,-4.543714000604382e-07,-57.434348431435964,72.06325316130368,touchstone_ri,2.8672804543714,1.0,,,
260519_2dsweep_1p5cell,sim,06_2_TDS-KyhlTune-260519_65.s2p,,S22,f_mean,sim,dispersion_mode_1,2.8672804543714,2.86728,-4.543714000604382e-07,-3.0652050805630166e-06,9.596974140186491,touchstone_ri,2.8672804543714,1.0,,,
260519_2dsweep_1p5cell,sim,06_2_TDS-KyhlTune-260519_66.s2p,,S11,f_mean,sim,dispersion_mode_1,2.8672804543714,2.86728,-4.543714000604382e-07,-9.56957521873849e-05,-46.05957062242188,touchstone_ri,2.8672804543714,1.0,,,
260519_2dsweep_1p5cell,sim,06_2_TDS-KyhlTune-260519_66.s2p,,S12,f_mean,sim,dispersion_mode_1,2.8672804543714,2.86728,-4.543714000604382e-07,-58.46469341042102,71.69363066681122,touchstone_ri,2.8672804543714,1.0,,,
260519_2dsweep_1p5cell,sim,06_2_TDS-KyhlTune-260519_66.s2p,,S21,f_mean,sim,dispersion_mode_1,2.8672804543714,2.86728,-4.543714000604382e-07,-58.33196421517797,71.19383183416659,touchstone_ri,2.8672804543714,1.0,,,
260519_2dsweep_1p5cell,sim,06_2_TDS-KyhlTune-260519_66.s2p,,S22,f_mean,sim,dispersion_mode_1,2.8672804543714,2.86728,-4.543714000604382e-07,-3.0623046141867164e-05,8.40992474662548,touchstone_ri,2.8672804543714,1.0,,,
260519_2dsweep_1p5cell,sim,06_2_TDS-KyhlTune-260519_67.s2p,,S11,f_mean,sim,dispersion_mode_1,2.8672804543714,2.86728,-4.543714000604382e-07,-0.000914362722092555,-46.62772858747567,touchstone_ri,2.8672804543714,1.0,,,
260519_2dsweep_1p5cell,sim,06_2_TDS-KyhlTune-260519_67.s2p,,S12,f_mean,sim,dispersion_mode_1,2.8672804543714,2.86728,-4.543714000604382e-07,-58.21243985178191,70.4151453115828,touchstone_ri,2.8672804543714,1.0,,,
260519_2dsweep_1p5cell,sim,06_2_TDS-KyhlTune-260519_67.s2p,,S21,f_mean,sim,dispersion_mode_1,2.8672804543714,2.86728,-4.543714000604382e-07,-58.24267499389094,70.50735894499007,touchstone_ri,2.8672804543714,1.0,,,
260519_2dsweep_1p5cell,sim,06_2_TDS-KyhlTune-260519_67.s2p,,S22,f_mean,sim,dispersion_mode_1,2.8672804543714,2.86728,-4.543714000604382e-07,-5.8428945221517e-06,7.301471360424957,touchstone_ri,2.8672804543714,1.0,,,
260519_2dsweep_1p5cell,sim,06_2_TDS-KyhlTune-260519_68.s2p,,S11,f_mean,sim,dispersion_mode_1,2.8672804543714,2.86728,-4.543714000604382e-07,4.688713976730642e-05,-47.44079778759837,touchstone_ri,2.8672804543714,1.0,,,
260519_2dsweep_1p5cell,sim,06_2_TDS-KyhlTune-260519_68.s2p,,S12,f_mean,sim,dispersion_mode_1,2.8672804543714,2.86728,-4.543714000604382e-07,-58.15939177000172,70.01323159383013,touchstone_ri,2.8672804543714,1.0,,,
260519_2dsweep_1p5cell,sim,06_2_TDS-KyhlTune-260519_68.s2p,,S21,f_mean,sim,dispersion_mode_1,2.8672804543714,2.86728,-4.543714000604382e-07,-58.071230792075625,69.4612041570828,touchstone_ri,2.8672804543714,1.0,,,
260519_2dsweep_1p5cell,sim,06_2_TDS-KyhlTune-260519_68.s2p,,S22,f_mean,sim,dispersion_mode_1,2.8672804543714,2.86728,-4.543714000604382e-07,-5.0058952994774614e-05,6.303827148769967,touchstone_ri,2.8672804543714,1.0,,,
260519_2dsweep_1p5cell,sim,06_2_TDS-KyhlTune-260519_69.s2p,,S11,f_mean,sim,dispersion_mode_1,2.8672804543714,2.86728,-4.543714000604382e-07,-5.23853950058193e-05,-40.91827936963661,touchstone_ri,2.8672804543714,1.0,,,
260519_2dsweep_1p5cell,sim,06_2_TDS-KyhlTune-260519_69.s2p,,S12,f_mean,sim,dispersion_mode_1,2.8672804543714,2.86728,-4.543714000604382e-07,-57.45759713708459,80.53278169305779,touchstone_ri,2.8672804543714,1.0,,,
260519_2dsweep_1p5cell,sim,06_2_TDS-KyhlTune-260519_69.s2p,,S21,f_mean,sim,dispersion_mode_1,2.8672804543714,2.86728,-4.543714000604382e-07,-57.34710580203028,79.69599066427949,touchstone_ri,2.8672804543714,1.0,,,
260519_2dsweep_1p5cell,sim,06_2_TDS-KyhlTune-260519_69.s2p,,S22,f_mean,sim,dispersion_mode_1,2.8672804543714,2.86728,-4.543714000604382e-07,-2.0256590909822672e-06,20.30930469925266,touchstone_ri,2.8672804543714,1.0,,,
260519_2dsweep_1p5cell,sim,06_2_TDS-KyhlTune-260519_7.s2p,,S11,f_mean,sim,dispersion_mode_1,2.8672804543714,2.86728,-4.543714000604382e-07,-2.5270841579784783e-05,-40.95512873205352,touchstone_ri,2.8672804543714,1.0,,,
260519_2dsweep_1p5cell,sim,06_2_TDS-KyhlTune-260519_7.s2p,,S12,f_mean,sim,dispersion_mode_1,2.8672804543714,2.86728,-4.543714000604382e-07,-56.26074716496069,83.21987312492863,touchstone_ri,2.8672804543714,1.0,,,
260519_2dsweep_1p5cell,sim,06_2_TDS-KyhlTune-260519_7.s2p,,S21,f_mean,sim,dispersion_mode_1,2.8672804543714,2.86728,-4.543714000604382e-07,-56.255911532557626,83.26490491390798,touchstone_ri,2.8672804543714,1.0,,,
260519_2dsweep_1p5cell,sim,06_2_TDS-KyhlTune-260519_7.s2p,,S22,f_mean,sim,dispersion_mode_1,2.8672804543714,2.86728,-4.543714000604382e-07,-7.4572961714273115e-06,27.460994429216946,touchstone_ri,2.8672804543714,1.0,,,
260519_2dsweep_1p5cell,sim,06_2_TDS-KyhlTune-260519_70.s2p,,S11,f_mean,sim,dispersion_mode_1,2.8672804543714,2.86728,-4.543714000604382e-07,2.9599740252820435e-06,-41.66280039499168,touchstone_ri,2.8672804543714,1.0,,,
260519_2dsweep_1p5cell,sim,06_2_TDS-KyhlTune-260519_70.s2p,,S12,f_mean,sim,dispersion_mode_1,2.8672804543714,2.86728,-4.543714000604382e-07,-57.440313020376436,78.4185810895924,touchstone_ri,2.8672804543714,1.0,,,
260519_2dsweep_1p5cell,sim,06_2_TDS-KyhlTune-260519_70.s2p,,S21,f_mean,sim,dispersion_mode_1,2.8672804543714,2.86728,-4.543714000604382e-07,-57.35180866095775,78.03157665210554,touchstone_ri,2.8672804543714,1.0,,,
260519_2dsweep_1p5cell,sim,06_2_TDS-KyhlTune-260519_70.s2p,,S22,f_mean,sim,dispersion_mode_1,2.8672804543714,2.86728,-4.543714000604382e-07,-3.7325383045471805e-05,17.73626512447452,touchstone_ri,2.8672804543714,1.0,,,
260519_2dsweep_1p5cell,sim,06_2_TDS-KyhlTune-260519_71.s2p,,S11,f_mean,sim,dispersion_mode_1,2.8672804543714,2.86728,-4.543714000604382e-07,1.668738608998386e-05,-42.18743813428962,touchstone_ri,2.8672804543714,1.0,,,
260519_2dsweep_1p5cell,sim,06_2_TDS-KyhlTune-260519_71.s2p,,S12,f_mean,sim,dispersion_mode_1,2.8672804543714,2.86728,-4.543714000604382e-07,-57.66577645919662,76.82577377490429,touchstone_ri,2.8672804543714,1.0,,,
260519_2dsweep_1p5cell,sim,06_2_TDS-KyhlTune-260519_71.s2p,,S21,f_mean,sim,dispersion_mode_1,2.8672804543714,2.86728,-4.543714000604382e-07,-57.59795841370866,76.69379405292311,touchstone_ri,2.8672804543714,1.0,,,
260519_2dsweep_1p5cell,sim,06_2_TDS-KyhlTune-260519_71.s2p,,S22,f_mean,sim,dispersion_mode_1,2.8672804543714,2.86728,-4.543714000604382e-07,-2.44327315292971e-06,15.582118586476353,touchstone_ri,2.8672804543714,1.0,,,
260519_2dsweep_1p5cell,sim,06_2_TDS-KyhlTune-260519_72.s2p,,S11,f_mean,sim,dispersion_mode_1,2.8672804543714,2.86728,-4.543714000604382e-07,-0.00014228917741887596,-42.91849552935419,touchstone_ri,2.8672804543714,1.0,,,
260519_2dsweep_1p5cell,sim,06_2_TDS-KyhlTune-260519_72.s2p,,S12,f_mean,sim,dispersion_mode_1,2.8672804543714,2.86728,-4.543714000604382e-07,-57.42762608872188,75.37380883911524,touchstone_ri,2.8672804543714,1.0,,,
260519_2dsweep_1p5cell,sim,06_2_TDS-KyhlTune-260519_72.s2p,,S21,f_mean,sim,dispersion_mode_1,2.8672804543714,2.86728,-4.543714000604382e-07,-57.3879963715568,75.35922093719104,touchstone_ri,2.8672804543714,1.0,,,
260519_2dsweep_1p5cell,sim,06_2_TDS-KyhlTune-260519_72.s2p,,S22,f_mean,sim,dispersion_mode_1,2.8672804543714,2.86728,-4.543714000604382e-07,-3.150061024980599e-05,13.632126752114164,touchstone_ri,2.8672804543714,1.0,,,
260519_2dsweep_1p5cell,sim,06_2_TDS-KyhlTune-260519_73.s2p,,S11,f_mean,sim,dispersion_mode_1,2.8672804543714,2.86728,-4.543714000604382e-07,2.2140884761515962e-05,-43.58465095575754,touchstone_ri,2.8672804543714,1.0,,,
260519_2dsweep_1p5cell,sim,06_2_TDS-KyhlTune-260519_73.s2p,,S12,f_mean,sim,dispersion_mode_1,2.8672804543714,2.86728,-4.543714000604382e-07,-58.702642726680516,74.54408583767685,touchstone_ri,2.8672804543714,1.0,,,
260519_2dsweep_1p5cell,sim,06_2_TDS-KyhlTune-260519_73.s2p,,S21,f_mean,sim,dispersion_mode_1,2.8672804543714,2.86728,-4.543714000604382e-07,-58.65937511800731,74.17437639002581,touchstone_ri,2.8672804543714,1.0,,,
260519_2dsweep_1p5cell,sim,06_2_TDS-KyhlTune-260519_73.s2p,,S22,f_mean,sim,dispersion_mode_1,2.8672804543714,2.86728,-4.543714000604382e-07,-3.1750921274283965e-05,11.925121130197716,touchstone_ri,2.8672804543714,1.0,,,
260519_2dsweep_1p5cell,sim,06_2_TDS-KyhlTune-260519_74.s2p,,S11,f_mean,sim,dispersion_mode_1,2.8672804543714,2.86728,-4.543714000604382e-07,2.780666522138858e-05,-44.28746027972056,touchstone_ri,2.8672804543714,1.0,,,
260519_2dsweep_1p5cell,sim,06_2_TDS-KyhlTune-260519_74.s2p,,S12,f_mean,sim,dispersion_mode_1,2.8672804543714,2.86728,-4.543714000604382e-07,-58.460368784297,73.01042335243717,touchstone_ri,2.8672804543714,1.0,,,
260519_2dsweep_1p5cell,sim,06_2_TDS-KyhlTune-260519_74.s2p,,S21,f_mean,sim,dispersion_mode_1,2.8672804543714,2.86728,-4.543714000604382e-07,-58.46665550654332,73.1224422232874,touchstone_ri,2.8672804543714,1.0,,,
260519_2dsweep_1p5cell,sim,06_2_TDS-KyhlTune-260519_74.s2p,,S22,f_mean,sim,dispersion_mode_1,2.8672804543714,2.86728,-4.543714000604382e-07,-2.4104227914727448e-06,10.500471188842557,touchstone_ri,2.8672804543714,1.0,,,
260519_2dsweep_1p5cell,sim,06_2_TDS-KyhlTune-260519_75.s2p,,S11,f_mean,sim,dispersion_mode_1,2.8672804543714,2.86728,-4.543714000604382e-07,-0.00020806877453905014,-45.005928995073575,touchstone_ri,2.8672804543714,1.0,,,
260519_2dsweep_1p5cell,sim,06_2_TDS-KyhlTune-260519_75.s2p,,S12,f_mean,sim,dispersion_mode_1,2.8672804543714,2.86728,-4.543714000604382e-07,-58.26553656260694,72.59385092590378,touchstone_ri,2.8672804543714,1.0,,,
260519_2dsweep_1p5cell,sim,06_2_TDS-KyhlTune-260519_75.s2p,,S21,f_mean,sim,dispersion_mode_1,2.8672804543714,2.86728,-4.543714000604382e-07,-58.1928736279988,72.08745008718473,touchstone_ri,2.8672804543714,1.0,,,
260519_2dsweep_1p5cell,sim,06_2_TDS-KyhlTune-260519_75.s2p,,S22,f_mean,sim,dispersion_mode_1,2.8672804543714,2.86728,-4.543714000604382e-07,-1.828654210074993e-05,9.128794745306818,touchstone_ri,2.8672804543714,1.0,,,
260519_2dsweep_1p5cell,sim,06_2_TDS-KyhlTune-260519_76.s2p,,S11,f_mean,sim,dispersion_mode_1,2.8672804543714,2.86728,-4.543714000604382e-07,-8.626307557595326e-05,-45.69416604055545,touchstone_ri,2.8672804543714,1.0,,,
260519_2dsweep_1p5cell,sim,06_2_TDS-KyhlTune-260519_76.s2p,,S12,f_mean,sim,dispersion_mode_1,2.8672804543714,2.86728,-4.543714000604382e-07,-57.928282516405865,71.30772528971043,touchstone_ri,2.8672804543714,1.0,,,
260519_2dsweep_1p5cell,sim,06_2_TDS-KyhlTune-260519_76.s2p,,S21,f_mean,sim,dispersion_mode_1,2.8672804543714,2.86728,-4.543714000604382e-07,-57.87290546372313,71.12690216797232,touchstone_ri,2.8672804543714,1.0,,,
260519_2dsweep_1p5cell,sim,06_2_TDS-KyhlTune-260519_76.s2p,,S22,f_mean,sim,dispersion_mode_1,2.8672804543714,2.86728,-4.543714000604382e-07,-2.393546852492963e-05,7.94393993619713,touchstone_ri,2.8672804543714,1.0,,,
260519_2dsweep_1p5cell,sim,06_2_TDS-KyhlTune-260519_77.s2p,,S11,f_mean,sim,dispersion_mode_1,2.8672804543714,2.86728,-4.543714000604382e-07,-0.000771145609336556,-46.423734803051104,touchstone_ri,2.8672804543714,1.0,,,
260519_2dsweep_1p5cell,sim,06_2_TDS-KyhlTune-260519_77.s2p,,S12,f_mean,sim,dispersion_mode_1,2.8672804543714,2.86728,-4.543714000604382e-07,-58.081008970745465,70.11068903612536,touchstone_ri,2.8672804543714,1.0,,,
260519_2dsweep_1p5cell,sim,06_2_TDS-KyhlTune-260519_77.s2p,,S21,f_mean,sim,dispersion_mode_1,2.8672804543714,2.86728,-4.543714000604382e-07,-58.03472386575371,69.26365465523412,touchstone_ri,2.8672804543714,1.0,,,
260519_2dsweep_1p5cell,sim,06_2_TDS-KyhlTune-260519_77.s2p,,S22,f_mean,sim,dispersion_mode_1,2.8672804543714,2.86728,-4.543714000604382e-07,-1.169592593697128e-05,6.846920584968091,touchstone_ri,2.8672804543714,1.0,,,
260519_2dsweep_1p5cell,sim,06_2_TDS-KyhlTune-260519_78.s2p,,S11,f_mean,sim,dispersion_mode_1,2.8672804543714,2.86728,-4.543714000604382e-07,-3.3417108549163735e-06,-47.14361319303149,touchstone_ri,2.8672804543714,1.0,,,
260519_2dsweep_1p5cell,sim,06_2_TDS-KyhlTune-260519_78.s2p,,S12,f_mean,sim,dispersion_mode_1,2.8672804543714,2.86728,-4.543714000604382e-07,-58.81139084582014,69.36451971452134,touchstone_ri,2.8672804543714,1.0,,,
260519_2dsweep_1p5cell,sim,06_2_TDS-KyhlTune-260519_78.s2p,,S21,f_mean,sim,dispersion_mode_1,2.8672804543714,2.86728,-4.543714000604382e-07,-58.740236268896,69.36681336086808,touchstone_ri,2.8672804543714,1.0,,,
260519_2dsweep_1p5cell,sim,06_2_TDS-KyhlTune-260519_78.s2p,,S22,f_mean,sim,dispersion_mode_1,2.8672804543714,2.86728,-4.543714000604382e-07,-1.0569307377325212e-05,5.88319680055248,touchstone_ri,2.8672804543714,1.0,,,
260519_2dsweep_1p5cell,sim,06_2_TDS-KyhlTune-260519_79.s2p,,S11,f_mean,sim,dispersion_mode_1,2.8672804543714,2.86728,-4.543714000604382e-07,-0.00019980389210325097,-48.00380730661552,touchstone_ri,2.8672804543714,1.0,,,
260519_2dsweep_1p5cell,sim,06_2_TDS-KyhlTune-260519_79.s2p,,S12,f_mean,sim,dispersion_mode_1,2.8672804543714,2.86728,-4.543714000604382e-07,-58.047700538453164,68.76766709080776,touchstone_ri,2.8672804543714,1.0,,,
260519_2dsweep_1p5cell,sim,06_2_TDS-KyhlTune-260519_79.s2p,,S21,f_mean,sim,dispersion_mode_1,2.8672804543714,2.86728,-4.543714000604382e-07,-57.9840206746423,68.51327676636984,touchstone_ri,2.8672804543714,1.0,,,
260519_2dsweep_1p5cell,sim,06_2_TDS-KyhlTune-260519_79.s2p,,S22,f_mean,sim,dispersion_mode_1,2.8672804543714,2.86728,-4.543714000604382e-07,-5.422620173952978e-05,4.998908496547725,touchstone_ri,2.8672804543714,1.0,,,
260519_2dsweep_1p5cell,sim,06_2_TDS-KyhlTune-260519_8.s2p,,S11,f_mean,sim,dispersion_mode_1,2.8672804543714,2.86728,-4.543714000604382e-07,-5.646648909651094e-05,-41.964661166016946,touchstone_ri,2.8672804543714,1.0,,,
260519_2dsweep_1p5cell,sim,06_2_TDS-KyhlTune-260519_8.s2p,,S12,f_mean,sim,dispersion_mode_1,2.8672804543714,2.86728,-4.543714000604382e-07,-56.44414088652606,80.97913161116037,touchstone_ri,2.8672804543714,1.0,,,
260519_2dsweep_1p5cell,sim,06_2_TDS-KyhlTune-260519_8.s2p,,S21,f_mean,sim,dispersion_mode_1,2.8672804543714,2.86728,-4.543714000604382e-07,-56.430115492584605,81.02844280747267,touchstone_ri,2.8672804543714,1.0,,,
260519_2dsweep_1p5cell,sim,06_2_TDS-KyhlTune-260519_8.s2p,,S22,f_mean,sim,dispersion_mode_1,2.8672804543714,2.86728,-4.543714000604382e-07,-3.244523192980094e-06,24.076430495032348,touchstone_ri,2.8672804543714,1.0,,,
260519_2dsweep_1p5cell,sim,06_2_TDS-KyhlTune-260519_80.s2p,,S11,f_mean,sim,dispersion_mode_1,2.8672804543714,2.86728,-4.543714000604382e-07,-0.00014955431379624348,-41.28392966407708,touchstone_ri,2.8672804543714,1.0,,,
260519_2dsweep_1p5cell,sim,06_2_TDS-KyhlTune-260519_80.s2p,,S12,f_mean,sim,dispersion_mode_1,2.8672804543714,2.86728,-4.543714000604382e-07,-57.66737753986587,78.08289035495567,touchstone_ri,2.8672804543714,1.0,,,
260519_2dsweep_1p5cell,sim,06_2_TDS-KyhlTune-260519_80.s2p,,S21,f_mean,sim,dispersion_mode_1,2.8672804543714,2.86728,-4.543714000604382e-07,-57.663051332195614,77.93103700209463,touchstone_ri,2.8672804543714,1.0,,,
260519_2dsweep_1p5cell,sim,06_2_TDS-KyhlTune-260519_80.s2p,,S22,f_mean,sim,dispersion_mode_1,2.8672804543714,2.86728,-4.543714000604382e-07,-3.7642416176325555e-05,17.191765123141934,touchstone_ri,2.8672804543714,1.0,,,
260519_2dsweep_1p5cell,sim,06_2_TDS-KyhlTune-260519_81.s2p,,S11,f_mean,sim,dispersion_mode_1,2.8672804543714,2.86728,-4.543714000604382e-07,1.935967386899234e-05,-41.96118230267591,touchstone_ri,2.8672804543714,1.0,,,
260519_2dsweep_1p5cell,sim,06_2_TDS-KyhlTune-260519_81.s2p,,S12,f_mean,sim,dispersion_mode_1,2.8672804543714,2.86728,-4.543714000604382e-07,-57.708522030519525,76.42842672794684,touchstone_ri,2.8672804543714,1.0,,,
260519_2dsweep_1p5cell,sim,06_2_TDS-KyhlTune-260519_81.s2p,,S21,f_mean,sim,dispersion_mode_1,2.8672804543714,2.86728,-4.543714000604382e-07,-57.72239966449911,76.5353380958066,touchstone_ri,2.8672804543714,1.0,,,
260519_2dsweep_1p5cell,sim,06_2_TDS-KyhlTune-260519_81.s2p,,S22,f_mean,sim,dispersion_mode_1,2.8672804543714,2.86728,-4.543714000604382e-07,-2.563307075532305e-06,14.976270568926587,touchstone_ri,2.8672804543714,1.0,,,
260519_2dsweep_1p5cell,sim,06_2_TDS-KyhlTune-260519_82.s2p,,S11,f_mean,sim,dispersion_mode_1,2.8672804543714,2.86728,-4.543714000604382e-07,-1.281439426612047e-05,-42.52432876001076,touchstone_ri,2.8672804543714,1.0,,,
260519_2dsweep_1p5cell,sim,06_2_TDS-KyhlTune-260519_82.s2p,,S12,f_mean,sim,dispersion_mode_1,2.8672804543714,2.86728,-4.543714000604382e-07,-57.26344294117969,75.29554837558265,touchstone_ri,2.8672804543714,1.0,,,
260519_2dsweep_1p5cell,sim,06_2_TDS-KyhlTune-260519_82.s2p,,S21,f_mean,sim,dispersion_mode_1,2.8672804543714,2.86728,-4.543714000604382e-07,-57.261978952745864,75.27706283962377,touchstone_ri,2.8672804543714,1.0,,,
260519_2dsweep_1p5cell,sim,06_2_TDS-KyhlTune-260519_82.s2p,,S22,f_mean,sim,dispersion_mode_1,2.8672804543714,2.86728,-4.543714000604382e-07,-1.1353996407388979e-05,13.085810795333094,touchstone_ri,2.8672804543714,1.0,,,
260519_2dsweep_1p5cell,sim,06_2_TDS-KyhlTune-260519_83.s2p,,S11,f_mean,sim,dispersion_mode_1,2.8672804543714,2.86728,-4.543714000604382e-07,2.9863023266421506e-05,-43.290998605336796,touchstone_ri,2.8672804543714,1.0,,,
260519_2dsweep_1p5cell,sim,06_2_TDS-KyhlTune-260519_83.s2p,,S12,f_mean,sim,dispersion_mode_1,2.8672804543714,2.86728,-4.543714000604382e-07,-57.71557043966478,74.36877084172804,touchstone_ri,2.8672804543714,1.0,,,
260519_2dsweep_1p5cell,sim,06_2_TDS-KyhlTune-260519_83.s2p,,S21,f_mean,sim,dispersion_mode_1,2.8672804543714,2.86728,-4.543714000604382e-07,-57.63201868418207,74.03207335331498,touchstone_ri,2.8672804543714,1.0,,,
260519_2dsweep_1p5cell,sim,06_2_TDS-KyhlTune-260519_83.s2p,,S22,f_mean,sim,dispersion_mode_1,2.8672804543714,2.86728,-4.543714000604382e-07,-1.8817918672917218e-05,11.368661111386013,touchstone_ri,2.8672804543714,1.0,,,
260519_2dsweep_1p5cell,sim,06_2_TDS-KyhlTune-260519_84.s2p,,S11,f_mean,sim,dispersion_mode_1,2.8672804543714,2.86728,-4.543714000604382e-07,3.3380751162849826e-05,-43.958246114602424,touchstone_ri,2.8672804543714,1.0,,,
260519_2dsweep_1p5cell,sim,06_2_TDS-KyhlTune-260519_84.s2p,,S12,f_mean,sim,dispersion_mode_1,2.8672804543714,2.86728,-4.543714000604382e-07,-57.95916069453633,73.00996823521197,touchstone_ri,2.8672804543714,1.0,,,
260519_2dsweep_1p5cell,sim,06_2_TDS-KyhlTune-260519_84.s2p,,S21,f_mean,sim,dispersion_mode_1,2.8672804543714,2.86728,-4.543714000604382e-07,-57.95403471093099,72.99559054537727,touchstone_ri,2.8672804543714,1.0,,,
260519_2dsweep_1p5cell,sim,06_2_TDS-KyhlTune-260519_84.s2p,,S22,f_mean,sim,dispersion_mode_1,2.8672804543714,2.86728,-4.543714000604382e-07,-3.0437984091964866e-05,9.899736072989928,touchstone_ri,2.8672804543714,1.0,,,
260519_2dsweep_1p5cell,sim,06_2_TDS-KyhlTune-260519_85.s2p,,S11,f_mean,sim,dispersion_mode_1,2.8672804543714,2.86728,-4.543714000604382e-07,-1.9825354010149497e-05,-44.666300686668116,touchstone_ri,2.8672804543714,1.0,,,
260519_2dsweep_1p5cell,sim,06_2_TDS-KyhlTune-260519_85.s2p,,S12,f_mean,sim,dispersion_mode_1,2.8672804543714,2.86728,-4.543714000604382e-07,-58.038771718122966,72.13321127832583,touchstone_ri,2.8672804543714,1.0,,,
260519_2dsweep_1p5cell,sim,06_2_TDS-KyhlTune-260519_85.s2p,,S21,f_mean,sim,dispersion_mode_1,2.8672804543714,2.86728,-4.543714000604382e-07,-58.06910705943896,71.99550569115809,touchstone_ri,2.8672804543714,1.0,,,
260519_2dsweep_1p5cell,sim,06_2_TDS-KyhlTune-260519_85.s2p,,S22,f_mean,sim,dispersion_mode_1,2.8672804543714,2.86728,-4.543714000604382e-07,-2.6479552384523507e-06,8.61693769774468,touchstone_ri,2.8672804543714,1.0,,,
260519_2dsweep_1p5cell,sim,06_2_TDS-KyhlTune-260519_86.s2p,,S11,f_mean,sim,dispersion_mode_1,2.8672804543714,2.86728,-4.543714000604382e-07,-0.00016040075211564122,-45.38925186266638,touchstone_ri,2.8672804543714,1.0,,,
260519_2dsweep_1p5cell,sim,06_2_TDS-KyhlTune-260519_86.s2p,,S12,f_mean,sim,dispersion_mode_1,2.8672804543714,2.86728,-4.543714000604382e-07,-58.310373236724516,71.56607033152335,touchstone_ri,2.8672804543714,1.0,,,
260519_2dsweep_1p5cell,sim,06_2_TDS-KyhlTune-260519_86.s2p,,S21,f_mean,sim,dispersion_mode_1,2.8672804543714,2.86728,-4.543714000604382e-07,-58.3135355019687,71.03281140289391,touchstone_ri,2.8672804543714,1.0,,,
260519_2dsweep_1p5cell,sim,06_2_TDS-KyhlTune-260519_86.s2p,,S22,f_mean,sim,dispersion_mode_1,2.8672804543714,2.86728,-4.543714000604382e-07,-3.9622578404537625e-05,7.419235217223607,touchstone_ri,2.8672804543714,1.0,,,
260519_2dsweep_1p5cell,sim,06_2_TDS-KyhlTune-260519_87.s2p,,S11,f_mean,sim,dispersion_mode_1,2.8672804543714,2.86728,-4.543714000604382e-07,1.2272678431011211e-05,-46.13791372212411,touchstone_ri,2.8672804543714,1.0,,,
260519_2dsweep_1p5cell,sim,06_2_TDS-KyhlTune-260519_87.s2p,,S12,f_mean,sim,dispersion_mode_1,2.8672804543714,2.86728,-4.543714000604382e-07,-58.088902882061156,70.5110193545286,touchstone_ri,2.8672804543714,1.0,,,
260519_2dsweep_1p5cell,sim,06_2_TDS-KyhlTune-260519_87.s2p,,S21,f_mean,sim,dispersion_mode_1,2.8672804543714,2.86728,-4.543714000604382e-07,-58.08749103419218,70.10029283669435,touchstone_ri,2.8672804543714,1.0,,,
260519_2dsweep_1p5cell,sim,06_2_TDS-KyhlTune-260519_87.s2p,,S22,f_mean,sim,dispersion_mode_1,2.8672804543714,2.86728,-4.543714000604382e-07,-2.8063624135285947e-05,6.3452823533668905,touchstone_ri,2.8672804543714,1.0,,,
260519_2dsweep_1p5cell,sim,06_2_TDS-KyhlTune-260519_88.s2p,,S11,f_mean,sim,dispersion_mode_1,2.8672804543714,2.86728,-4.543714000604382e-07,4.9423600174629116e-05,-46.90731021889778,touchstone_ri,2.8672804543714,1.0,,,
260519_2dsweep_1p5cell,sim,06_2_TDS-KyhlTune-260519_88.s2p,,S12,f_mean,sim,dispersion_mode_1,2.8672804543714,2.86728,-4.543714000604382e-07,-58.268832025610244,69.61680670448969,touchstone_ri,2.8672804543714,1.0,,,
260519_2dsweep_1p5cell,sim,06_2_TDS-KyhlTune-260519_88.s2p,,S21,f_mean,sim,dispersion_mode_1,2.8672804543714,2.86728,-4.543714000604382e-07,-58.258199470806375,69.24513477195946,touchstone_ri,2.8672804543714,1.0,,,
260519_2dsweep_1p5cell,sim,06_2_TDS-KyhlTune-260519_88.s2p,,S22,f_mean,sim,dispersion_mode_1,2.8672804543714,2.86728,-4.543714000604382e-07,-3.411321090517257e-05,5.391196226647452,touchstone_ri,2.8672804543714,1.0,,,
260519_2dsweep_1p5cell,sim,06_2_TDS-KyhlTune-260519_89.s2p,,S11,f_mean,sim,dispersion_mode_1,2.8672804543714,2.86728,-4.543714000604382e-07,-0.00015162092092768834,-47.58415978300448,touchstone_ri,2.8672804543714,1.0,,,
260519_2dsweep_1p5cell,sim,06_2_TDS-KyhlTune-260519_89.s2p,,S12,f_mean,sim,dispersion_mode_1,2.8672804543714,2.86728,-4.543714000604382e-07,-58.58109949775062,68.56946890601138,touchstone_ri,2.8672804543714,1.0,,,
260519_2dsweep_1p5cell,sim,06_2_TDS-KyhlTune-260519_89.s2p,,S21,f_mean,sim,dispersion_mode_1,2.8672804543714,2.86728,-4.543714000604382e-07,-58.59394086654273,68.48731691935079,touchstone_ri,2.8672804543714,1.0,,,
260519_2dsweep_1p5cell,sim,06_2_TDS-KyhlTune-260519_89.s2p,,S22,f_mean,sim,dispersion_mode_1,2.8672804543714,2.86728,-4.543714000604382e-07,-1.1327246116584493e-05,4.512368793731502,touchstone_ri,2.8672804543714,1.0,,,
260519_2dsweep_1p5cell,sim,06_2_TDS-KyhlTune-260519_9.s2p,,S11,f_mean,sim,dispersion_mode_1,2.8672804543714,2.86728,-4.543714000604382e-07,-0.00010631096740797564,-42.37107810505593,touchstone_ri,2.8672804543714,1.0,,,
260519_2dsweep_1p5cell,sim,06_2_TDS-KyhlTune-260519_9.s2p,,S12,f_mean,sim,dispersion_mode_1,2.8672804543714,2.86728,-4.543714000604382e-07,-56.682591355030276,79.5637932643545,touchstone_ri,2.8672804543714,1.0,,,
260519_2dsweep_1p5cell,sim,06_2_TDS-KyhlTune-260519_9.s2p,,S21,f_mean,sim,dispersion_mode_1,2.8672804543714,2.86728,-4.543714000604382e-07,-56.63100644754859,79.56170284871746,touchstone_ri,2.8672804543714,1.0,,,
260519_2dsweep_1p5cell,sim,06_2_TDS-KyhlTune-260519_9.s2p,,S22,f_mean,sim,dispersion_mode_1,2.8672804543714,2.86728,-4.543714000604382e-07,-3.1550294717594944e-06,21.507420323485547,touchstone_ri,2.8672804543714,1.0,,,
260519_2dsweep_1p5cell,sim,06_2_TDS-KyhlTune-260519_90.s2p,,S11,f_mean,sim,dispersion_mode_1,2.8672804543714,2.86728,-4.543714000604382e-07,-0.0003201307380901546,-48.46804912992371,touchstone_ri,2.8672804543714,1.0,,,
260519_2dsweep_1p5cell,sim,06_2_TDS-KyhlTune-260519_90.s2p,,S12,f_mean,sim,dispersion_mode_1,2.8672804543714,2.86728,-4.543714000604382e-07,-59.41066094451686,67.39486237896028,touchstone_ri,2.8672804543714,1.0,,,
260519_2dsweep_1p5cell,sim,06_2_TDS-KyhlTune-260519_90.s2p,,S21,f_mean,sim,dispersion_mode_1,2.8672804543714,2.86728,-4.543714000604382e-07,-59.42325382141939,67.61800228297706,touchstone_ri,2.8672804543714,1.0,,,
260519_2dsweep_1p5cell,sim,06_2_TDS-KyhlTune-260519_90.s2p,,S22,f_mean,sim,dispersion_mode_1,2.8672804543714,2.86728,-4.543714000604382e-07,-2.7801282729567413e-05,3.7132217605187017,touchstone_ri,2.8672804543714,1.0,,,
260519_2dsweep_1p5cell,sim,06_2_TDS-KyhlTune-260519_91.s2p,,S11,f_mean,sim,dispersion_mode_1,2.8672804543714,2.86728,-4.543714000604382e-07,-0.00041519746153803,-41.523326473381694,touchstone_ri,2.8672804543714,1.0,,,
260519_2dsweep_1p5cell,sim,06_2_TDS-KyhlTune-260519_91.s2p,,S12,f_mean,sim,dispersion_mode_1,2.8672804543714,2.86728,-4.543714000604382e-07,-57.66747393621137,76.46926635208389,touchstone_ri,2.8672804543714,1.0,,,
260519_2dsweep_1p5cell,sim,06_2_TDS-KyhlTune-260519_91.s2p,,S21,f_mean,sim,dispersion_mode_1,2.8672804543714,2.86728,-4.543714000604382e-07,-57.652178389338346,76.39886281994379,touchstone_ri,2.8672804543714,1.0,,,
260519_2dsweep_1p5cell,sim,06_2_TDS-KyhlTune-260519_91.s2p,,S22,f_mean,sim,dispersion_mode_1,2.8672804543714,2.86728,-4.543714000604382e-07,-2.1924376807150845e-05,14.311984240770645,touchstone_ri,2.8672804543714,1.0,,,
260519_2dsweep_1p5cell,sim,06_2_TDS-KyhlTune-260519_92.s2p,,S11,f_mean,sim,dispersion_mode_1,2.8672804543714,2.86728,-4.543714000604382e-07,-4.1699500073690416e-06,-42.214728005651324,touchstone_ri,2.8672804543714,1.0,,,
260519_2dsweep_1p5cell,sim,06_2_TDS-KyhlTune-260519_92.s2p,,S12,f_mean,sim,dispersion_mode_1,2.8672804543714,2.86728,-4.543714000604382e-07,-58.452695688227266,75.22157168783522,touchstone_ri,2.8672804543714,1.0,,,
260519_2dsweep_1p5cell,sim,06_2_TDS-KyhlTune-260519_92.s2p,,S21,f_mean,sim,dispersion_mode_1,2.8672804543714,2.86728,-4.543714000604382e-07,-58.45351948427053,75.12243521427655,touchstone_ri,2.8672804543714,1.0,,,
260519_2dsweep_1p5cell,sim,06_2_TDS-KyhlTune-260519_92.s2p,,S22,f_mean,sim,dispersion_mode_1,2.8672804543714,2.86728,-4.543714000604382e-07,-2.0166573012463863e-06,12.390172254660364,touchstone_ri,2.8672804543714,1.0,,,
260519_2dsweep_1p5cell,sim,06_2_TDS-KyhlTune-260519_93.s2p,,S11,f_mean,sim,dispersion_mode_1,2.8672804543714,2.86728,-4.543714000604382e-07,-7.578756348598519e-05,-42.83955906712315,touchstone_ri,2.8672804543714,1.0,,,
260519_2dsweep_1p5cell,sim,06_2_TDS-KyhlTune-260519_93.s2p,,S12,f_mean,sim,dispersion_mode_1,2.8672804543714,2.86728,-4.543714000604382e-07,-58.80701778077905,73.9865411795199,touchstone_ri,2.8672804543714,1.0,,,
260519_2dsweep_1p5cell,sim,06_2_TDS-KyhlTune-260519_93.s2p,,S21,f_mean,sim,dispersion_mode_1,2.8672804543714,2.86728,-4.543714000604382e-07,-58.829207622647985,73.96235685193676,touchstone_ri,2.8672804543714,1.0,,,
260519_2dsweep_1p5cell,sim,06_2_TDS-KyhlTune-260519_93.s2p,,S22,f_mean,sim,dispersion_mode_1,2.8672804543714,2.86728,-4.543714000604382e-07,-1.987933729665844e-06,10.76148997170179,touchstone_ri,2.8672804543714,1.0,,,
260519_2dsweep_1p5cell,sim,06_2_TDS-KyhlTune-260519_94.s2p,,S11,f_mean,sim,dispersion_mode_1,2.8672804543714,2.86728,-4.543714000604382e-07,-0.00014569380242625748,-43.607260489589756,touchstone_ri,2.8672804543714,1.0,,,
260519_2dsweep_1p5cell,sim,06_2_TDS-KyhlTune-260519_94.s2p,,S12,f_mean,sim,dispersion_mode_1,2.8672804543714,2.86728,-4.543714000604382e-07,-57.589080749525095,72.83273572532012,touchstone_ri,2.8672804543714,1.0,,,
260519_2dsweep_1p5cell,sim,06_2_TDS-KyhlTune-260519_94.s2p,,S21,f_mean,sim,dispersion_mode_1,2.8672804543714,2.86728,-4.543714000604382e-07,-57.564914450485134,72.85194322388666,touchstone_ri,2.8672804543714,1.0,,,
260519_2dsweep_1p5cell,sim,06_2_TDS-KyhlTune-260519_94.s2p,,S22,f_mean,sim,dispersion_mode_1,2.8672804543714,2.86728,-4.543714000604382e-07,-9.462668842937634e-06,9.303390716503596,touchstone_ri,2.8672804543714,1.0,,,
260519_2dsweep_1p5cell,sim,06_2_TDS-KyhlTune-260519_95.s2p,,S11,f_mean,sim,dispersion_mode_1,2.8672804543714,2.86728,-4.543714000604382e-07,1.827901844033908e-05,-44.18461976065187,touchstone_ri,2.8672804543714,1.0,,,
260519_2dsweep_1p5cell,sim,06_2_TDS-KyhlTune-260519_95.s2p,,S12,f_mean,sim,dispersion_mode_1,2.8672804543714,2.86728,-4.543714000604382e-07,-59.311663434208306,71.9336707207402,touchstone_ri,2.8672804543714,1.0,,,
260519_2dsweep_1p5cell,sim,06_2_TDS-KyhlTune-260519_95.s2p,,S21,f_mean,sim,dispersion_mode_1,2.8672804543714,2.86728,-4.543714000604382e-07,-59.32024221127921,72.01846187968701,touchstone_ri,2.8672804543714,1.0,,,
260519_2dsweep_1p5cell,sim,06_2_TDS-KyhlTune-260519_95.s2p,,S22,f_mean,sim,dispersion_mode_1,2.8672804543714,2.86728,-4.543714000604382e-07,-1.922035053134235e-06,7.998896854802764,touchstone_ri,2.8672804543714,1.0,,,
260519_2dsweep_1p5cell,sim,06_2_TDS-KyhlTune-260519_96.s2p,,S11,f_mean,sim,dispersion_mode_1,2.8672804543714,2.86728,-4.543714000604382e-07,-9.603237673188239e-05,-44.97555392621888,touchstone_ri,2.8672804543714,1.0,,,
260519_2dsweep_1p5cell,sim,06_2_TDS-KyhlTune-260519_96.s2p,,S12,f_mean,sim,dispersion_mode_1,2.8672804543714,2.86728,-4.543714000604382e-07,-58.82726227236014,71.05216443088234,touchstone_ri,2.8672804543714,1.0,,,
260519_2dsweep_1p5cell,sim,06_2_TDS-KyhlTune-260519_96.s2p,,S21,f_mean,sim,dispersion_mode_1,2.8672804543714,2.86728,-4.543714000604382e-07,-58.849695940949196,70.91769493339378,touchstone_ri,2.8672804543714,1.0,,,
260519_2dsweep_1p5cell,sim,06_2_TDS-KyhlTune-260519_96.s2p,,S22,f_mean,sim,dispersion_mode_1,2.8672804543714,2.86728,-4.543714000604382e-07,-1.7317266642931788e-05,6.8493997701515825,touchstone_ri,2.8672804543714,1.0,,,
260519_2dsweep_1p5cell,sim,06_2_TDS-KyhlTune-260519_97.s2p,,S11,f_mean,sim,dispersion_mode_1,2.8672804543714,2.86728,-4.543714000604382e-07,-4.5718907934273925e-05,-45.75848259067679,touchstone_ri,2.8672804543714,1.0,,,
260519_2dsweep_1p5cell,sim,06_2_TDS-KyhlTune-260519_97.s2p,,S12,f_mean,sim,dispersion_mode_1,2.8672804543714,2.86728,-4.543714000604382e-07,-58.56140507901766,70.1387576342186,touchstone_ri,2.8672804543714,1.0,,,
260519_2dsweep_1p5cell,sim,06_2_TDS-KyhlTune-260519_97.s2p,,S21,f_mean,sim,dispersion_mode_1,2.8672804543714,2.86728,-4.543714000604382e-07,-58.56233735792308,70.01523233967657,touchstone_ri,2.8672804543714,1.0,,,
260519_2dsweep_1p5cell,sim,06_2_TDS-KyhlTune-260519_97.s2p,,S22,f_mean,sim,dispersion_mode_1,2.8672804543714,2.86728,-4.543714000604382e-07,-2.0589003966876184e-05,5.776826904160439,touchstone_ri,2.8672804543714,1.0,,,
260519_2dsweep_1p5cell,sim,06_2_TDS-KyhlTune-260519_98.s2p,,S11,f_mean,sim,dispersion_mode_1,2.8672804543714,2.86728,-4.543714000604382e-07,-9.962347597676881e-05,-46.5458201711549,touchstone_ri,2.8672804543714,1.0,,,
260519_2dsweep_1p5cell,sim,06_2_TDS-KyhlTune-260519_98.s2p,,S12,f_mean,sim,dispersion_mode_1,2.8672804543714,2.86728,-4.543714000604382e-07,-58.942441798078384,69.07714118450545,touchstone_ri,2.8672804543714,1.0,,,
260519_2dsweep_1p5cell,sim,06_2_TDS-KyhlTune-260519_98.s2p,,S21,f_mean,sim,dispersion_mode_1,2.8672804543714,2.86728,-4.543714000604382e-07,-58.96412637524936,69.14968588354583,touchstone_ri,2.8672804543714,1.0,,,
260519_2dsweep_1p5cell,sim,06_2_TDS-KyhlTune-260519_98.s2p,,S22,f_mean,sim,dispersion_mode_1,2.8672804543714,2.86728,-4.543714000604382e-07,-5.643654510288014e-06,4.819661780898721,touchstone_ri,2.8672804543714,1.0,,,
260519_2dsweep_1p5cell,sim,06_2_TDS-KyhlTune-260519_99.s2p,,S11,f_mean,sim,dispersion_mode_1,2.8672804543714,2.86728,-4.543714000604382e-07,-7.294845850834169e-06,-47.347249820137534,touchstone_ri,2.8672804543714,1.0,,,
260519_2dsweep_1p5cell,sim,06_2_TDS-KyhlTune-260519_99.s2p,,S12,f_mean,sim,dispersion_mode_1,2.8672804543714,2.86728,-4.543714000604382e-07,-57.973345691154485,68.4482350763439,touchstone_ri,2.8672804543714,1.0,,,
260519_2dsweep_1p5cell,sim,06_2_TDS-KyhlTune-260519_99.s2p,,S21,f_mean,sim,dispersion_mode_1,2.8672804543714,2.86728,-4.543714000604382e-07,-57.97373300628146,68.33009359797133,touchstone_ri,2.8672804543714,1.0,,,
260519_2dsweep_1p5cell,sim,06_2_TDS-KyhlTune-260519_99.s2p,,S22,f_mean,sim,dispersion_mode_1,2.8672804543714,2.86728,-4.543714000604382e-07,-6.4263936519466186e-06,3.983561229036793,touchstone_ri,2.8672804543714,1.0,,,
260519_2dsweep_1p5cell,sim,06_2_TDS-KyhlTune-260519_1.s2p,,S11,f_pi2,sim,dispersion_mode_1,2.8774448751896,2.87744,-4.875189600017649e-06,-0.25358737049295466,-113.79220240225763,touchstone_ri,2.8774448751896,1.0,,,
260519_2dsweep_1p5cell,sim,06_2_TDS-KyhlTune-260519_1.s2p,,S12,f_pi2,sim,dispersion_mode_1,2.8774448751896,2.87744,-4.875189600017649e-06,-12.462207908230681,174.6839613611376,touchstone_ri,2.8774448751896,1.0,,,
260519_2dsweep_1p5cell,sim,06_2_TDS-KyhlTune-260519_1.s2p,,S21,f_pi2,sim,dispersion_mode_1,2.8774448751896,2.87744,-4.875189600017649e-06,-12.462538590844103,174.6836116300438,touchstone_ri,2.8774448751896,1.0,,,
260519_2dsweep_1p5cell,sim,06_2_TDS-KyhlTune-260519_1.s2p,,S22,f_pi2,sim,dispersion_mode_1,2.8774448751896,2.87744,-4.875189600017649e-06,-0.2536091747055294,-76.84026104799023,touchstone_ri,2.8774448751896,1.0,,,
260519_2dsweep_1p5cell,sim,06_2_TDS-KyhlTune-260519_10.s2p,,S11,f_pi2,sim,dispersion_mode_1,2.8774448751896,2.87744,-4.875189600017649e-06,-0.00011640994495061801,-72.14310595016156,touchstone_ri,2.8774448751896,1.0,,,
260519_2dsweep_1p5cell,sim,06_2_TDS-KyhlTune-260519_10.s2p,,S12,f_pi2,sim,dispersion_mode_1,2.8774448751896,2.87744,-4.875189600017649e-06,-58.06778960344401,58.841722613467404,touchstone_ri,2.8774448751896,1.0,,,
260519_2dsweep_1p5cell,sim,06_2_TDS-KyhlTune-260519_10.s2p,,S21,f_pi2,sim,dispersion_mode_1,2.8774448751896,2.87744,-4.875189600017649e-06,-58.06768732831863,59.12678872023854,touchstone_ri,2.8774448751896,1.0,,,
260519_2dsweep_1p5cell,sim,06_2_TDS-KyhlTune-260519_10.s2p,,S22,f_pi2,sim,dispersion_mode_1,2.8774448751896,2.87744,-4.875189600017649e-06,-2.532653337161852e-05,10.395969859894572,touchstone_ri,2.8774448751896,1.0,,,
260519_2dsweep_1p5cell,sim,06_2_TDS-KyhlTune-260519_100.s2p,,S11,f_pi2,sim,dispersion_mode_1,2.8774448751896,2.87744,-4.875189600017649e-06,-4.599393504354744e-05,-90.63107445827607,touchstone_ri,2.8774448751896,1.0,,,
260519_2dsweep_1p5cell,sim,06_2_TDS-KyhlTune-260519_100.s2p,,S12,f_pi2,sim,dispersion_mode_1,2.8774448751896,2.87744,-4.875189600017649e-06,-58.92747166589791,43.249326581482336,touchstone_ri,2.8774448751896,1.0,,,
260519_2dsweep_1p5cell,sim,06_2_TDS-KyhlTune-260519_100.s2p,,S21,f_pi2,sim,dispersion_mode_1,2.8774448751896,2.87744,-4.875189600017649e-06,-58.924516906171995,43.34229801955952,touchstone_ri,2.8774448751896,1.0,,,
260519_2dsweep_1p5cell,sim,06_2_TDS-KyhlTune-260519_100.s2p,,S22,f_pi2,sim,dispersion_mode_1,2.8774448751896,2.87744,-4.875189600017649e-06,-4.566767241942939e-06,-2.6997856509150093,touchstone_ri,2.8774448751896,1.0,,,
260519_2dsweep_1p5cell,sim,06_2_TDS-KyhlTune-260519_101.s2p,,S11,f_pi2,sim,dispersion_mode_1,2.8774448751896,2.87744,-4.875189600017649e-06,5.3450463956299484e-05,-94.2356799190605,touchstone_ri,2.8774448751896,1.0,,,
260519_2dsweep_1p5cell,sim,06_2_TDS-KyhlTune-260519_101.s2p,,S12,f_pi2,sim,dispersion_mode_1,2.8774448751896,2.87744,-4.875189600017649e-06,-58.60893132223626,42.2639556088142,touchstone_ri,2.8774448751896,1.0,,,
260519_2dsweep_1p5cell,sim,06_2_TDS-KyhlTune-260519_101.s2p,,S21,f_pi2,sim,dispersion_mode_1,2.8774448751896,2.87744,-4.875189600017649e-06,-58.698466942499046,41.40993712454637,touchstone_ri,2.8774448751896,1.0,,,
260519_2dsweep_1p5cell,sim,06_2_TDS-KyhlTune-260519_101.s2p,,S22,f_pi2,sim,dispersion_mode_1,2.8774448751896,2.87744,-4.875189600017649e-06,-4.810497690315966e-06,-3.201314785164907,touchstone_ri,2.8774448751896,1.0,,,
260519_2dsweep_1p5cell,sim,06_2_TDS-KyhlTune-260519_102.s2p,,S11,f_pi2,sim,dispersion_mode_1,2.8774448751896,2.87744,-4.875189600017649e-06,3.837508929332131e-05,-65.9840640028496,touchstone_ri,2.8774448751896,1.0,,,
260519_2dsweep_1p5cell,sim,06_2_TDS-KyhlTune-260519_102.s2p,,S12,f_pi2,sim,dispersion_mode_1,2.8774448751896,2.87744,-4.875189600017649e-06,-60.370615186919146,58.89120277404506,touchstone_ri,2.8774448751896,1.0,,,
260519_2dsweep_1p5cell,sim,06_2_TDS-KyhlTune-260519_102.s2p,,S21,f_pi2,sim,dispersion_mode_1,2.8774448751896,2.87744,-4.875189600017649e-06,-60.30987652938193,57.79503310539007,touchstone_ri,2.8774448751896,1.0,,,
260519_2dsweep_1p5cell,sim,06_2_TDS-KyhlTune-260519_102.s2p,,S22,f_pi2,sim,dispersion_mode_1,2.8774448751896,2.87744,-4.875189600017649e-06,-2.701895162630602e-06,1.7749071960200147,touchstone_ri,2.8774448751896,1.0,,,
260519_2dsweep_1p5cell,sim,06_2_TDS-KyhlTune-260519_103.s2p,,S11,f_pi2,sim,dispersion_mode_1,2.8774448751896,2.87744,-4.875189600017649e-06,4.21345010926383e-05,-67.97666215195122,touchstone_ri,2.8774448751896,1.0,,,
260519_2dsweep_1p5cell,sim,06_2_TDS-KyhlTune-260519_103.s2p,,S12,f_pi2,sim,dispersion_mode_1,2.8774448751896,2.87744,-4.875189600017649e-06,-59.945798040145455,57.50152713676373,touchstone_ri,2.8774448751896,1.0,,,
260519_2dsweep_1p5cell,sim,06_2_TDS-KyhlTune-260519_103.s2p,,S21,f_pi2,sim,dispersion_mode_1,2.8774448751896,2.87744,-4.875189600017649e-06,-60.12611906083062,56.47225614143425,touchstone_ri,2.8774448751896,1.0,,,
260519_2dsweep_1p5cell,sim,06_2_TDS-KyhlTune-260519_103.s2p,,S22,f_pi2,sim,dispersion_mode_1,2.8774448751896,2.87744,-4.875189600017649e-06,-1.5762461200166324e-05,0.9318359702999169,touchstone_ri,2.8774448751896,1.0,,,
260519_2dsweep_1p5cell,sim,06_2_TDS-KyhlTune-260519_104.s2p,,S11,f_pi2,sim,dispersion_mode_1,2.8774448751896,2.87744,-4.875189600017649e-06,3.438630895575324e-05,-70.4812503515189,touchstone_ri,2.8774448751896,1.0,,,
260519_2dsweep_1p5cell,sim,06_2_TDS-KyhlTune-260519_104.s2p,,S12,f_pi2,sim,dispersion_mode_1,2.8774448751896,2.87744,-4.875189600017649e-06,-60.97492241598011,54.252842492924614,touchstone_ri,2.8774448751896,1.0,,,
260519_2dsweep_1p5cell,sim,06_2_TDS-KyhlTune-260519_104.s2p,,S21,f_pi2,sim,dispersion_mode_1,2.8774448751896,2.87744,-4.875189600017649e-06,-60.951226702109736,54.749174934281776,touchstone_ri,2.8774448751896,1.0,,,
260519_2dsweep_1p5cell,sim,06_2_TDS-KyhlTune-260519_104.s2p,,S22,f_pi2,sim,dispersion_mode_1,2.8774448751896,2.87744,-4.875189600017649e-06,-8.682612185497463e-06,0.10962466696545933,touchstone_ri,2.8774448751896,1.0,,,
260519_2dsweep_1p5cell,sim,06_2_TDS-KyhlTune-260519_105.s2p,,S11,f_pi2,sim,dispersion_mode_1,2.8774448751896,2.87744,-4.875189600017649e-06,4.5728222884235895e-05,-73.06353268419937,touchstone_ri,2.8774448751896,1.0,,,
260519_2dsweep_1p5cell,sim,06_2_TDS-KyhlTune-260519_105.s2p,,S12,f_pi2,sim,dispersion_mode_1,2.8774448751896,2.87744,-4.875189600017649e-06,-59.67316202345871,54.13847433571727,touchstone_ri,2.8774448751896,1.0,,,
260519_2dsweep_1p5cell,sim,06_2_TDS-KyhlTune-260519_105.s2p,,S21,f_pi2,sim,dispersion_mode_1,2.8774448751896,2.87744,-4.875189600017649e-06,-59.75233182172428,53.01283206526904,touchstone_ri,2.8774448751896,1.0,,,
260519_2dsweep_1p5cell,sim,06_2_TDS-KyhlTune-260519_105.s2p,,S22,f_pi2,sim,dispersion_mode_1,2.8774448751896,2.87744,-4.875189600017649e-06,-2.293827453603393e-05,-0.6111224167649125,touchstone_ri,2.8774448751896,1.0,,,
260519_2dsweep_1p5cell,sim,06_2_TDS-KyhlTune-260519_106.s2p,,S11,f_pi2,sim,dispersion_mode_1,2.8774448751896,2.87744,-4.875189600017649e-06,-8.626511225096817e-05,-75.67925098316356,touchstone_ri,2.8774448751896,1.0,,,
260519_2dsweep_1p5cell,sim,06_2_TDS-KyhlTune-260519_106.s2p,,S12,f_pi2,sim,dispersion_mode_1,2.8774448751896,2.87744,-4.875189600017649e-06,-59.80810237726693,52.22420554957881,touchstone_ri,2.8774448751896,1.0,,,
260519_2dsweep_1p5cell,sim,06_2_TDS-KyhlTune-260519_106.s2p,,S21,f_pi2,sim,dispersion_mode_1,2.8774448751896,2.87744,-4.875189600017649e-06,-60.00142581882766,51.55966280393758,touchstone_ri,2.8774448751896,1.0,,,
260519_2dsweep_1p5cell,sim,06_2_TDS-KyhlTune-260519_106.s2p,,S22,f_pi2,sim,dispersion_mode_1,2.8774448751896,2.87744,-4.875189600017649e-06,-1.6186226264179814e-05,-1.254585311410471,touchstone_ri,2.8774448751896,1.0,,,
260519_2dsweep_1p5cell,sim,06_2_TDS-KyhlTune-260519_107.s2p,,S11,f_pi2,sim,dispersion_mode_1,2.8774448751896,2.87744,-4.875189600017649e-06,-3.5656041141847867e-06,-78.74327217450691,touchstone_ri,2.8774448751896,1.0,,,
260519_2dsweep_1p5cell,sim,06_2_TDS-KyhlTune-260519_107.s2p,,S12,f_pi2,sim,dispersion_mode_1,2.8774448751896,2.87744,-4.875189600017649e-06,-59.69719231739745,50.49586160505045,touchstone_ri,2.8774448751896,1.0,,,
260519_2dsweep_1p5cell,sim,06_2_TDS-KyhlTune-260519_107.s2p,,S21,f_pi2,sim,dispersion_mode_1,2.8774448751896,2.87744,-4.875189600017649e-06,-59.70022931349015,49.716513450288694,touchstone_ri,2.8774448751896,1.0,,,
260519_2dsweep_1p5cell,sim,06_2_TDS-KyhlTune-260519_107.s2p,,S22,f_pi2,sim,dispersion_mode_1,2.8774448751896,2.87744,-4.875189600017649e-06,-3.529611321255832e-06,-1.8492359286559834,touchstone_ri,2.8774448751896,1.0,,,
260519_2dsweep_1p5cell,sim,06_2_TDS-KyhlTune-260519_108.s2p,,S11,f_pi2,sim,dispersion_mode_1,2.8774448751896,2.87744,-4.875189600017649e-06,4.71063346156439e-05,-81.93889804486149,touchstone_ri,2.8774448751896,1.0,,,
260519_2dsweep_1p5cell,sim,06_2_TDS-KyhlTune-260519_108.s2p,,S12,f_pi2,sim,dispersion_mode_1,2.8774448751896,2.87744,-4.875189600017649e-06,-59.51650100053118,47.87855552700089,touchstone_ri,2.8774448751896,1.0,,,
260519_2dsweep_1p5cell,sim,06_2_TDS-KyhlTune-260519_108.s2p,,S21,f_pi2,sim,dispersion_mode_1,2.8774448751896,2.87744,-4.875189600017649e-06,-59.188790651572646,47.73927320257022,touchstone_ri,2.8774448751896,1.0,,,
260519_2dsweep_1p5cell,sim,06_2_TDS-KyhlTune-260519_108.s2p,,S22,f_pi2,sim,dispersion_mode_1,2.8774448751896,2.87744,-4.875189600017649e-06,-8.974479085861361e-06,-2.4133480699291088,touchstone_ri,2.8774448751896,1.0,,,
260519_2dsweep_1p5cell,sim,06_2_TDS-KyhlTune-260519_109.s2p,,S11,f_pi2,sim,dispersion_mode_1,2.8774448751896,2.87744,-4.875189600017649e-06,-4.037621407861893e-05,-85.2974812682081,touchstone_ri,2.8774448751896,1.0,,,
260519_2dsweep_1p5cell,sim,06_2_TDS-KyhlTune-260519_109.s2p,,S12,f_pi2,sim,dispersion_mode_1,2.8774448751896,2.87744,-4.875189600017649e-06,-59.2106568678906,46.32038351922151,touchstone_ri,2.8774448751896,1.0,,,
260519_2dsweep_1p5cell,sim,06_2_TDS-KyhlTune-260519_109.s2p,,S21,f_pi2,sim,dispersion_mode_1,2.8774448751896,2.87744,-4.875189600017649e-06,-58.98632534545535,45.89341545092792,touchstone_ri,2.8774448751896,1.0,,,
260519_2dsweep_1p5cell,sim,06_2_TDS-KyhlTune-260519_109.s2p,,S22,f_pi2,sim,dispersion_mode_1,2.8774448751896,2.87744,-4.875189600017649e-06,-2.0478626246022415e-05,-2.959197952698804,touchstone_ri,2.8774448751896,1.0,,,
260519_2dsweep_1p5cell,sim,06_2_TDS-KyhlTune-260519_11.s2p,,S11,f_pi2,sim,dispersion_mode_1,2.8774448751896,2.87744,-4.875189600017649e-06,-5.9839761565147365e-05,-74.42984665419954,touchstone_ri,2.8774448751896,1.0,,,
260519_2dsweep_1p5cell,sim,06_2_TDS-KyhlTune-260519_11.s2p,,S12,f_pi2,sim,dispersion_mode_1,2.8774448751896,2.87744,-4.875189600017649e-06,-58.000448458391894,56.98902517079432,touchstone_ri,2.8774448751896,1.0,,,
260519_2dsweep_1p5cell,sim,06_2_TDS-KyhlTune-260519_11.s2p,,S21,f_pi2,sim,dispersion_mode_1,2.8774448751896,2.87744,-4.875189600017649e-06,-58.00467100013569,57.348048197287234,touchstone_ri,2.8774448751896,1.0,,,
260519_2dsweep_1p5cell,sim,06_2_TDS-KyhlTune-260519_11.s2p,,S22,f_pi2,sim,dispersion_mode_1,2.8774448751896,2.87744,-4.875189600017649e-06,-1.7973238318926058e-05,9.126117109383483,touchstone_ri,2.8774448751896,1.0,,,
260519_2dsweep_1p5cell,sim,06_2_TDS-KyhlTune-260519_110.s2p,,S11,f_pi2,sim,dispersion_mode_1,2.8774448751896,2.87744,-4.875189600017649e-06,5.307109886006895e-05,-88.37816433378815,touchstone_ri,2.8774448751896,1.0,,,
260519_2dsweep_1p5cell,sim,06_2_TDS-KyhlTune-260519_110.s2p,,S12,f_pi2,sim,dispersion_mode_1,2.8774448751896,2.87744,-4.875189600017649e-06,-58.78586890427112,44.08656336032949,touchstone_ri,2.8774448751896,1.0,,,
260519_2dsweep_1p5cell,sim,06_2_TDS-KyhlTune-260519_110.s2p,,S21,f_pi2,sim,dispersion_mode_1,2.8774448751896,2.87744,-4.875189600017649e-06,-58.4326497746314,44.60583808299903,touchstone_ri,2.8774448751896,1.0,,,
260519_2dsweep_1p5cell,sim,06_2_TDS-KyhlTune-260519_110.s2p,,S22,f_pi2,sim,dispersion_mode_1,2.8774448751896,2.87744,-4.875189600017649e-06,-1.1858429952699922e-05,-3.438511223611613,touchstone_ri,2.8774448751896,1.0,,,
260519_2dsweep_1p5cell,sim,06_2_TDS-KyhlTune-260519_111.s2p,,S11,f_pi2,sim,dispersion_mode_1,2.8774448751896,2.87744,-4.875189600017649e-06,5.109105477709675e-05,-92.27654567970568,touchstone_ri,2.8774448751896,1.0,,,
260519_2dsweep_1p5cell,sim,06_2_TDS-KyhlTune-260519_111.s2p,,S12,f_pi2,sim,dispersion_mode_1,2.8774448751896,2.87744,-4.875189600017649e-06,-58.755148440439655,41.54088466022208,touchstone_ri,2.8774448751896,1.0,,,
260519_2dsweep_1p5cell,sim,06_2_TDS-KyhlTune-260519_111.s2p,,S21,f_pi2,sim,dispersion_mode_1,2.8774448751896,2.87744,-4.875189600017649e-06,-58.48352641874342,41.900776641276536,touchstone_ri,2.8774448751896,1.0,,,
260519_2dsweep_1p5cell,sim,06_2_TDS-KyhlTune-260519_111.s2p,,S22,f_pi2,sim,dispersion_mode_1,2.8774448751896,2.87744,-4.875189600017649e-06,-1.8568535483389637e-05,-3.895525154790905,touchstone_ri,2.8774448751896,1.0,,,
260519_2dsweep_1p5cell,sim,06_2_TDS-KyhlTune-260519_112.s2p,,S11,f_pi2,sim,dispersion_mode_1,2.8774448751896,2.87744,-4.875189600017649e-06,-0.0005365801226684132,-96.47944758573861,touchstone_ri,2.8774448751896,1.0,,,
260519_2dsweep_1p5cell,sim,06_2_TDS-KyhlTune-260519_112.s2p,,S12,f_pi2,sim,dispersion_mode_1,2.8774448751896,2.87744,-4.875189600017649e-06,-58.014816142788,40.226656065888555,touchstone_ri,2.8774448751896,1.0,,,
260519_2dsweep_1p5cell,sim,06_2_TDS-KyhlTune-260519_112.s2p,,S21,f_pi2,sim,dispersion_mode_1,2.8774448751896,2.87744,-4.875189600017649e-06,-57.90296383519823,39.403168640806506,touchstone_ri,2.8774448751896,1.0,,,
260519_2dsweep_1p5cell,sim,06_2_TDS-KyhlTune-260519_112.s2p,,S22,f_pi2,sim,dispersion_mode_1,2.8774448751896,2.87744,-4.875189600017649e-06,-2.427619893175335e-05,-4.322350705104003,touchstone_ri,2.8774448751896,1.0,,,
260519_2dsweep_1p5cell,sim,06_2_TDS-KyhlTune-260519_113.s2p,,S11,f_pi2,sim,dispersion_mode_1,2.8774448751896,2.87744,-4.875189600017649e-06,3.520104070708738e-05,-66.68437433125494,touchstone_ri,2.8774448751896,1.0,,,
260519_2dsweep_1p5cell,sim,06_2_TDS-KyhlTune-260519_113.s2p,,S12,f_pi2,sim,dispersion_mode_1,2.8774448751896,2.87744,-4.875189600017649e-06,-60.86028293889571,56.57000673361949,touchstone_ri,2.8774448751896,1.0,,,
260519_2dsweep_1p5cell,sim,06_2_TDS-KyhlTune-260519_113.s2p,,S21,f_pi2,sim,dispersion_mode_1,2.8774448751896,2.87744,-4.875189600017649e-06,-60.86287192067185,56.657998219388425,touchstone_ri,2.8774448751896,1.0,,,
260519_2dsweep_1p5cell,sim,06_2_TDS-KyhlTune-260519_113.s2p,,S22,f_pi2,sim,dispersion_mode_1,2.8774448751896,2.87744,-4.875189600017649e-06,-3.0817549264738074e-06,-0.09128570425923149,touchstone_ri,2.8774448751896,1.0,,,
260519_2dsweep_1p5cell,sim,06_2_TDS-KyhlTune-260519_114.s2p,,S11,f_pi2,sim,dispersion_mode_1,2.8774448751896,2.87744,-4.875189600017649e-06,-9.173474328233363e-06,-68.99364257255021,touchstone_ri,2.8774448751896,1.0,,,
260519_2dsweep_1p5cell,sim,06_2_TDS-KyhlTune-260519_114.s2p,,S12,f_pi2,sim,dispersion_mode_1,2.8774448751896,2.87744,-4.875189600017649e-06,-61.066833837790625,55.06907761585187,touchstone_ri,2.8774448751896,1.0,,,
260519_2dsweep_1p5cell,sim,06_2_TDS-KyhlTune-260519_114.s2p,,S21,f_pi2,sim,dispersion_mode_1,2.8774448751896,2.87744,-4.875189600017649e-06,-61.0693435390952,55.11660241447761,touchstone_ri,2.8774448751896,1.0,,,
260519_2dsweep_1p5cell,sim,06_2_TDS-KyhlTune-260519_114.s2p,,S22,f_pi2,sim,dispersion_mode_1,2.8774448751896,2.87744,-4.875189600017649e-06,-1.034043650619832e-05,-0.8021377670527124,touchstone_ri,2.8774448751896,1.0,,,
260519_2dsweep_1p5cell,sim,06_2_TDS-KyhlTune-260519_115.s2p,,S11,f_pi2,sim,dispersion_mode_1,2.8774448751896,2.87744,-4.875189600017649e-06,3.17745516961949e-05,-71.35657986674636,touchstone_ri,2.8774448751896,1.0,,,
260519_2dsweep_1p5cell,sim,06_2_TDS-KyhlTune-260519_115.s2p,,S12,f_pi2,sim,dispersion_mode_1,2.8774448751896,2.87744,-4.875189600017649e-06,-61.38890980860772,55.448119451540315,touchstone_ri,2.8774448751896,1.0,,,
260519_2dsweep_1p5cell,sim,06_2_TDS-KyhlTune-260519_115.s2p,,S21,f_pi2,sim,dispersion_mode_1,2.8774448751896,2.87744,-4.875189600017649e-06,-61.07750817767211,53.59045773253122,touchstone_ri,2.8774448751896,1.0,,,
260519_2dsweep_1p5cell,sim,06_2_TDS-KyhlTune-260519_115.s2p,,S22,f_pi2,sim,dispersion_mode_1,2.8774448751896,2.87744,-4.875189600017649e-06,-2.2579190087488605e-06,-1.4730060398118028,touchstone_ri,2.8774448751896,1.0,,,
260519_2dsweep_1p5cell,sim,06_2_TDS-KyhlTune-260519_116.s2p,,S11,f_pi2,sim,dispersion_mode_1,2.8774448751896,2.87744,-4.875189600017649e-06,-3.5468766164218325e-05,-74.07069426911923,touchstone_ri,2.8774448751896,1.0,,,
260519_2dsweep_1p5cell,sim,06_2_TDS-KyhlTune-260519_116.s2p,,S12,f_pi2,sim,dispersion_mode_1,2.8774448751896,2.87744,-4.875189600017649e-06,-59.974586974061204,52.3700669134191,touchstone_ri,2.8774448751896,1.0,,,
260519_2dsweep_1p5cell,sim,06_2_TDS-KyhlTune-260519_116.s2p,,S21,f_pi2,sim,dispersion_mode_1,2.8774448751896,2.87744,-4.875189600017649e-06,-59.97675946293518,51.89172329413861,touchstone_ri,2.8774448751896,1.0,,,
260519_2dsweep_1p5cell,sim,06_2_TDS-KyhlTune-260519_116.s2p,,S22,f_pi2,sim,dispersion_mode_1,2.8774448751896,2.87744,-4.875189600017649e-06,-3.582541866754067e-06,-2.1309417314705295,touchstone_ri,2.8774448751896,1.0,,,
260519_2dsweep_1p5cell,sim,06_2_TDS-KyhlTune-260519_117.s2p,,S11,f_pi2,sim,dispersion_mode_1,2.8774448751896,2.87744,-4.875189600017649e-06,-8.710004628079974e-05,-76.83437721597048,touchstone_ri,2.8774448751896,1.0,,,
260519_2dsweep_1p5cell,sim,06_2_TDS-KyhlTune-260519_117.s2p,,S12,f_pi2,sim,dispersion_mode_1,2.8774448751896,2.87744,-4.875189600017649e-06,-59.94932789578064,50.65447869276404,touchstone_ri,2.8774448751896,1.0,,,
260519_2dsweep_1p5cell,sim,06_2_TDS-KyhlTune-260519_117.s2p,,S21,f_pi2,sim,dispersion_mode_1,2.8774448751896,2.87744,-4.875189600017649e-06,-59.90262023871183,50.218103215003836,touchstone_ri,2.8774448751896,1.0,,,
260519_2dsweep_1p5cell,sim,06_2_TDS-KyhlTune-260519_117.s2p,,S22,f_pi2,sim,dispersion_mode_1,2.8774448751896,2.87744,-4.875189600017649e-06,-3.3406708292722855e-06,-2.7248983250162477,touchstone_ri,2.8774448751896,1.0,,,
260519_2dsweep_1p5cell,sim,06_2_TDS-KyhlTune-260519_118.s2p,,S11,f_pi2,sim,dispersion_mode_1,2.8774448751896,2.87744,-4.875189600017649e-06,4.174489665021736e-05,-83.18692626279189,touchstone_ri,2.8774448751896,1.0,,,
260519_2dsweep_1p5cell,sim,06_2_TDS-KyhlTune-260519_118.s2p,,S12,f_pi2,sim,dispersion_mode_1,2.8774448751896,2.87744,-4.875189600017649e-06,-59.53183764024148,45.483135933925695,touchstone_ri,2.8774448751896,1.0,,,
260519_2dsweep_1p5cell,sim,06_2_TDS-KyhlTune-260519_118.s2p,,S21,f_pi2,sim,dispersion_mode_1,2.8774448751896,2.87744,-4.875189600017649e-06,-59.51906335286358,46.57413938121704,touchstone_ri,2.8774448751896,1.0,,,
260519_2dsweep_1p5cell,sim,06_2_TDS-KyhlTune-260519_118.s2p,,S22,f_pi2,sim,dispersion_mode_1,2.8774448751896,2.87744,-4.875189600017649e-06,-1.4816801424629151e-05,-3.732118627792891,touchstone_ri,2.8774448751896,1.0,,,
260519_2dsweep_1p5cell,sim,06_2_TDS-KyhlTune-260519_119.s2p,,S11,f_pi2,sim,dispersion_mode_1,2.8774448751896,2.87744,-4.875189600017649e-06,4.3190690559889414e-05,-86.44559500762198,touchstone_ri,2.8774448751896,1.0,,,
260519_2dsweep_1p5cell,sim,06_2_TDS-KyhlTune-260519_119.s2p,,S12,f_pi2,sim,dispersion_mode_1,2.8774448751896,2.87744,-4.875189600017649e-06,-59.27187869128552,45.59737677965192,touchstone_ri,2.8774448751896,1.0,,,
260519_2dsweep_1p5cell,sim,06_2_TDS-KyhlTune-260519_119.s2p,,S21,f_pi2,sim,dispersion_mode_1,2.8774448751896,2.87744,-4.875189600017649e-06,-59.35920091645515,45.36433690422061,touchstone_ri,2.8774448751896,1.0,,,
260519_2dsweep_1p5cell,sim,06_2_TDS-KyhlTune-260519_119.s2p,,S22,f_pi2,sim,dispersion_mode_1,2.8774448751896,2.87744,-4.875189600017649e-06,-2.019978902936396e-05,-4.212418171129146,touchstone_ri,2.8774448751896,1.0,,,
260519_2dsweep_1p5cell,sim,06_2_TDS-KyhlTune-260519_12.s2p,,S11,f_pi2,sim,dispersion_mode_1,2.8774448751896,2.87744,-4.875189600017649e-06,-0.00016122640511480354,-78.37272756954015,touchstone_ri,2.8774448751896,1.0,,,
260519_2dsweep_1p5cell,sim,06_2_TDS-KyhlTune-260519_12.s2p,,S12,f_pi2,sim,dispersion_mode_1,2.8774448751896,2.87744,-4.875189600017649e-06,-57.14827751269021,54.17276268002726,touchstone_ri,2.8774448751896,1.0,,,
260519_2dsweep_1p5cell,sim,06_2_TDS-KyhlTune-260519_12.s2p,,S21,f_pi2,sim,dispersion_mode_1,2.8774448751896,2.87744,-4.875189600017649e-06,-57.143953000826286,54.71697689354636,touchstone_ri,2.8774448751896,1.0,,,
260519_2dsweep_1p5cell,sim,06_2_TDS-KyhlTune-260519_12.s2p,,S22,f_pi2,sim,dispersion_mode_1,2.8774448751896,2.87744,-4.875189600017649e-06,-6.565688674465062e-06,7.784940712947359,touchstone_ri,2.8774448751896,1.0,,,
260519_2dsweep_1p5cell,sim,06_2_TDS-KyhlTune-260519_120.s2p,,S11,f_pi2,sim,dispersion_mode_1,2.8774448751896,2.87744,-4.875189600017649e-06,-0.0005694012491978594,-90.40478685202957,touchstone_ri,2.8774448751896,1.0,,,
260519_2dsweep_1p5cell,sim,06_2_TDS-KyhlTune-260519_120.s2p,,S12,f_pi2,sim,dispersion_mode_1,2.8774448751896,2.87744,-4.875189600017649e-06,-59.173237241651684,42.84270468832448,touchstone_ri,2.8774448751896,1.0,,,
260519_2dsweep_1p5cell,sim,06_2_TDS-KyhlTune-260519_120.s2p,,S21,f_pi2,sim,dispersion_mode_1,2.8774448751896,2.87744,-4.875189600017649e-06,-59.21501347808245,42.5466850649122,touchstone_ri,2.8774448751896,1.0,,,
260519_2dsweep_1p5cell,sim,06_2_TDS-KyhlTune-260519_120.s2p,,S22,f_pi2,sim,dispersion_mode_1,2.8774448751896,2.87744,-4.875189600017649e-06,-1.1657453878967068e-05,-4.649960746626466,touchstone_ri,2.8774448751896,1.0,,,
260519_2dsweep_1p5cell,sim,06_2_TDS-KyhlTune-260519_121.s2p,,S11,f_pi2,sim,dispersion_mode_1,2.8774448751896,2.87744,-4.875189600017649e-06,-0.00014376455497170005,-94.13335820518441,touchstone_ri,2.8774448751896,1.0,,,
260519_2dsweep_1p5cell,sim,06_2_TDS-KyhlTune-260519_121.s2p,,S12,f_pi2,sim,dispersion_mode_1,2.8774448751896,2.87744,-4.875189600017649e-06,-59.47878426148507,40.41374609745133,touchstone_ri,2.8774448751896,1.0,,,
260519_2dsweep_1p5cell,sim,06_2_TDS-KyhlTune-260519_121.s2p,,S21,f_pi2,sim,dispersion_mode_1,2.8774448751896,2.87744,-4.875189600017649e-06,-59.47913180616854,40.39543753593845,touchstone_ri,2.8774448751896,1.0,,,
260519_2dsweep_1p5cell,sim,06_2_TDS-KyhlTune-260519_121.s2p,,S22,f_pi2,sim,dispersion_mode_1,2.8774448751896,2.87744,-4.875189600017649e-06,-1.0431554446866117e-05,-5.044916968291487,touchstone_ri,2.8774448751896,1.0,,,
260519_2dsweep_1p5cell,sim,06_2_TDS-KyhlTune-260519_122.s2p,,S11,f_pi2,sim,dispersion_mode_1,2.8774448751896,2.87744,-4.875189600017649e-06,-2.422917417868693e-05,-98.3746214835562,touchstone_ri,2.8774448751896,1.0,,,
260519_2dsweep_1p5cell,sim,06_2_TDS-KyhlTune-260519_122.s2p,,S12,f_pi2,sim,dispersion_mode_1,2.8774448751896,2.87744,-4.875189600017649e-06,-58.794748555346985,38.081073617639895,touchstone_ri,2.8774448751896,1.0,,,
260519_2dsweep_1p5cell,sim,06_2_TDS-KyhlTune-260519_122.s2p,,S21,f_pi2,sim,dispersion_mode_1,2.8774448751896,2.87744,-4.875189600017649e-06,-58.79790104867024,38.10980661178811,touchstone_ri,2.8774448751896,1.0,,,
260519_2dsweep_1p5cell,sim,06_2_TDS-KyhlTune-260519_122.s2p,,S22,f_pi2,sim,dispersion_mode_1,2.8774448751896,2.87744,-4.875189600017649e-06,-5.924601335923884e-06,-5.411814541519175,touchstone_ri,2.8774448751896,1.0,,,
260519_2dsweep_1p5cell,sim,06_2_TDS-KyhlTune-260519_123.s2p,,S11,f_pi2,sim,dispersion_mode_1,2.8774448751896,2.87744,-4.875189600017649e-06,3.0389574354732428e-05,-67.42785853739262,touchstone_ri,2.8774448751896,1.0,,,
260519_2dsweep_1p5cell,sim,06_2_TDS-KyhlTune-260519_123.s2p,,S12,f_pi2,sim,dispersion_mode_1,2.8774448751896,2.87744,-4.875189600017649e-06,-61.36490837585498,55.71603268078277,touchstone_ri,2.8774448751896,1.0,,,
260519_2dsweep_1p5cell,sim,06_2_TDS-KyhlTune-260519_123.s2p,,S21,f_pi2,sim,dispersion_mode_1,2.8774448751896,2.87744,-4.875189600017649e-06,-61.357206076633666,55.282091388871144,touchstone_ri,2.8774448751896,1.0,,,
260519_2dsweep_1p5cell,sim,06_2_TDS-KyhlTune-260519_123.s2p,,S22,f_pi2,sim,dispersion_mode_1,2.8774448751896,2.87744,-4.875189600017649e-06,-5.997815965448222e-06,-1.8392856909764408,touchstone_ri,2.8774448751896,1.0,,,
260519_2dsweep_1p5cell,sim,06_2_TDS-KyhlTune-260519_124.s2p,,S11,f_pi2,sim,dispersion_mode_1,2.8774448751896,2.87744,-4.875189600017649e-06,3.2917925062899556e-05,-70.00291254707162,touchstone_ri,2.8774448751896,1.0,,,
260519_2dsweep_1p5cell,sim,06_2_TDS-KyhlTune-260519_124.s2p,,S12,f_pi2,sim,dispersion_mode_1,2.8774448751896,2.87744,-4.875189600017649e-06,-60.85498208070153,54.21994586429417,touchstone_ri,2.8774448751896,1.0,,,
260519_2dsweep_1p5cell,sim,06_2_TDS-KyhlTune-260519_124.s2p,,S21,f_pi2,sim,dispersion_mode_1,2.8774448751896,2.87744,-4.875189600017649e-06,-60.96627937472593,53.90022092290476,touchstone_ri,2.8774448751896,1.0,,,
260519_2dsweep_1p5cell,sim,06_2_TDS-KyhlTune-260519_124.s2p,,S22,f_pi2,sim,dispersion_mode_1,2.8774448751896,2.87744,-4.875189600017649e-06,-1.579777442987495e-05,-2.4647184218046836,touchstone_ri,2.8774448751896,1.0,,,
260519_2dsweep_1p5cell,sim,06_2_TDS-KyhlTune-260519_125.s2p,,S11,f_pi2,sim,dispersion_mode_1,2.8774448751896,2.87744,-4.875189600017649e-06,-5.624573305006888e-06,-80.05746205372192,touchstone_ri,2.8774448751896,1.0,,,
260519_2dsweep_1p5cell,sim,06_2_TDS-KyhlTune-260519_125.s2p,,S12,f_pi2,sim,dispersion_mode_1,2.8774448751896,2.87744,-4.875189600017649e-06,-59.277562549163605,48.304516334893655,touchstone_ri,2.8774448751896,1.0,,,
260519_2dsweep_1p5cell,sim,06_2_TDS-KyhlTune-260519_125.s2p,,S21,f_pi2,sim,dispersion_mode_1,2.8774448751896,2.87744,-4.875189600017649e-06,-59.27908184463127,48.360281650236175,touchstone_ri,2.8774448751896,1.0,,,
260519_2dsweep_1p5cell,sim,06_2_TDS-KyhlTune-260519_125.s2p,,S22,f_pi2,sim,dispersion_mode_1,2.8774448751896,2.87744,-4.875189600017649e-06,-5.541367072858815e-06,-3.258967765286902,touchstone_ri,2.8774448751896,1.0,,,
260519_2dsweep_1p5cell,sim,06_2_TDS-KyhlTune-260519_126.s2p,,S11,f_pi2,sim,dispersion_mode_1,2.8774448751896,2.87744,-4.875189600017649e-06,3.152694946538153e-05,-72.63671855137608,touchstone_ri,2.8774448751896,1.0,,,
260519_2dsweep_1p5cell,sim,06_2_TDS-KyhlTune-260519_126.s2p,,S12,f_pi2,sim,dispersion_mode_1,2.8774448751896,2.87744,-4.875189600017649e-06,-60.98603709234339,52.48047887397548,touchstone_ri,2.8774448751896,1.0,,,
260519_2dsweep_1p5cell,sim,06_2_TDS-KyhlTune-260519_126.s2p,,S21,f_pi2,sim,dispersion_mode_1,2.8774448751896,2.87744,-4.875189600017649e-06,-60.935003306817634,52.10692547501715,touchstone_ri,2.8774448751896,1.0,,,
260519_2dsweep_1p5cell,sim,06_2_TDS-KyhlTune-260519_126.s2p,,S22,f_pi2,sim,dispersion_mode_1,2.8774448751896,2.87744,-4.875189600017649e-06,-2.9915262579990596e-06,-3.0624196008266917,touchstone_ri,2.8774448751896,1.0,,,
260519_2dsweep_1p5cell,sim,06_2_TDS-KyhlTune-260519_127.s2p,,S11,f_pi2,sim,dispersion_mode_1,2.8774448751896,2.87744,-4.875189600017649e-06,4.459824060594809e-05,-74.95741802840799,touchstone_ri,2.8774448751896,1.0,,,
260519_2dsweep_1p5cell,sim,06_2_TDS-KyhlTune-260519_127.s2p,,S12,f_pi2,sim,dispersion_mode_1,2.8774448751896,2.87744,-4.875189600017649e-06,-59.41529895679753,51.28650567008283,touchstone_ri,2.8774448751896,1.0,,,
260519_2dsweep_1p5cell,sim,06_2_TDS-KyhlTune-260519_127.s2p,,S21,f_pi2,sim,dispersion_mode_1,2.8774448751896,2.87744,-4.875189600017649e-06,-59.2362606140629,50.80333797857058,touchstone_ri,2.8774448751896,1.0,,,
260519_2dsweep_1p5cell,sim,06_2_TDS-KyhlTune-260519_127.s2p,,S22,f_pi2,sim,dispersion_mode_1,2.8774448751896,2.87744,-4.875189600017649e-06,-1.4255204597604275e-05,-3.5966637315897887,touchstone_ri,2.8774448751896,1.0,,,
260519_2dsweep_1p5cell,sim,06_2_TDS-KyhlTune-260519_128.s2p,,S11,f_pi2,sim,dispersion_mode_1,2.8774448751896,2.87744,-4.875189600017649e-06,-3.8863945945885865e-06,-78.39685712481861,touchstone_ri,2.8774448751896,1.0,,,
260519_2dsweep_1p5cell,sim,06_2_TDS-KyhlTune-260519_128.s2p,,S12,f_pi2,sim,dispersion_mode_1,2.8774448751896,2.87744,-4.875189600017649e-06,-59.72823878054115,49.31516919402745,touchstone_ri,2.8774448751896,1.0,,,
260519_2dsweep_1p5cell,sim,06_2_TDS-KyhlTune-260519_128.s2p,,S21,f_pi2,sim,dispersion_mode_1,2.8774448751896,2.87744,-4.875189600017649e-06,-59.72738763559442,48.71841265225331,touchstone_ri,2.8774448751896,1.0,,,
260519_2dsweep_1p5cell,sim,06_2_TDS-KyhlTune-260519_128.s2p,,S22,f_pi2,sim,dispersion_mode_1,2.8774448751896,2.87744,-4.875189600017649e-06,-9.02403156212593e-06,-4.095505595077989,touchstone_ri,2.8774448751896,1.0,,,
260519_2dsweep_1p5cell,sim,06_2_TDS-KyhlTune-260519_129.s2p,,S11,f_pi2,sim,dispersion_mode_1,2.8774448751896,2.87744,-4.875189600017649e-06,2.9933738891917086e-05,-81.14189614879814,touchstone_ri,2.8774448751896,1.0,,,
260519_2dsweep_1p5cell,sim,06_2_TDS-KyhlTune-260519_129.s2p,,S12,f_pi2,sim,dispersion_mode_1,2.8774448751896,2.87744,-4.875189600017649e-06,-60.373540077887604,47.113248295805136,touchstone_ri,2.8774448751896,1.0,,,
260519_2dsweep_1p5cell,sim,06_2_TDS-KyhlTune-260519_129.s2p,,S21,f_pi2,sim,dispersion_mode_1,2.8774448751896,2.87744,-4.875189600017649e-06,-60.37290964125119,47.12127275661709,touchstone_ri,2.8774448751896,1.0,,,
260519_2dsweep_1p5cell,sim,06_2_TDS-KyhlTune-260519_129.s2p,,S22,f_pi2,sim,dispersion_mode_1,2.8774448751896,2.87744,-4.875189600017649e-06,-4.9431352662058705e-06,-4.5871039409102385,touchstone_ri,2.8774448751896,1.0,,,
260519_2dsweep_1p5cell,sim,06_2_TDS-KyhlTune-260519_13.s2p,,S11,f_pi2,sim,dispersion_mode_1,2.8774448751896,2.87744,-4.875189600017649e-06,-3.0763229267219565e-05,-80.28647304111092,touchstone_ri,2.8774448751896,1.0,,,
260519_2dsweep_1p5cell,sim,06_2_TDS-KyhlTune-260519_13.s2p,,S12,f_pi2,sim,dispersion_mode_1,2.8774448751896,2.87744,-4.875189600017649e-06,-57.68303790533308,51.23968852216984,touchstone_ri,2.8774448751896,1.0,,,
260519_2dsweep_1p5cell,sim,06_2_TDS-KyhlTune-260519_13.s2p,,S21,f_pi2,sim,dispersion_mode_1,2.8774448751896,2.87744,-4.875189600017649e-06,-57.67333969192774,53.22609163773095,touchstone_ri,2.8774448751896,1.0,,,
260519_2dsweep_1p5cell,sim,06_2_TDS-KyhlTune-260519_13.s2p,,S22,f_pi2,sim,dispersion_mode_1,2.8774448751896,2.87744,-4.875189600017649e-06,-2.9605441646862123e-05,6.839998259649331,touchstone_ri,2.8774448751896,1.0,,,
260519_2dsweep_1p5cell,sim,06_2_TDS-KyhlTune-260519_130.s2p,,S11,f_pi2,sim,dispersion_mode_1,2.8774448751896,2.87744,-4.875189600017649e-06,-0.00015637358413575305,-84.52682810057902,touchstone_ri,2.8774448751896,1.0,,,
260519_2dsweep_1p5cell,sim,06_2_TDS-KyhlTune-260519_130.s2p,,S12,f_pi2,sim,dispersion_mode_1,2.8774448751896,2.87744,-4.875189600017649e-06,-59.47969887322013,45.792663049651416,touchstone_ri,2.8774448751896,1.0,,,
260519_2dsweep_1p5cell,sim,06_2_TDS-KyhlTune-260519_130.s2p,,S21,f_pi2,sim,dispersion_mode_1,2.8774448751896,2.87744,-4.875189600017649e-06,-59.64500051797113,45.64177737408713,touchstone_ri,2.8774448751896,1.0,,,
260519_2dsweep_1p5cell,sim,06_2_TDS-KyhlTune-260519_130.s2p,,S22,f_pi2,sim,dispersion_mode_1,2.8774448751896,2.87744,-4.875189600017649e-06,-1.2453292758775234e-05,-4.994486547487469,touchstone_ri,2.8774448751896,1.0,,,
260519_2dsweep_1p5cell,sim,06_2_TDS-KyhlTune-260519_131.s2p,,S11,f_pi2,sim,dispersion_mode_1,2.8774448751896,2.87744,-4.875189600017649e-06,-0.0008422907152870451,-88.14994911410321,touchstone_ri,2.8774448751896,1.0,,,
260519_2dsweep_1p5cell,sim,06_2_TDS-KyhlTune-260519_131.s2p,,S12,f_pi2,sim,dispersion_mode_1,2.8774448751896,2.87744,-4.875189600017649e-06,-60.26418079145931,43.24253598247694,touchstone_ri,2.8774448751896,1.0,,,
260519_2dsweep_1p5cell,sim,06_2_TDS-KyhlTune-260519_131.s2p,,S21,f_pi2,sim,dispersion_mode_1,2.8774448751896,2.87744,-4.875189600017649e-06,-60.741132238665756,43.80664747076485,touchstone_ri,2.8774448751896,1.0,,,
260519_2dsweep_1p5cell,sim,06_2_TDS-KyhlTune-260519_131.s2p,,S22,f_pi2,sim,dispersion_mode_1,2.8774448751896,2.87744,-4.875189600017649e-06,-4.427592730758834e-06,-5.42535565211123,touchstone_ri,2.8774448751896,1.0,,,
260519_2dsweep_1p5cell,sim,06_2_TDS-KyhlTune-260519_132.s2p,,S11,f_pi2,sim,dispersion_mode_1,2.8774448751896,2.87744,-4.875189600017649e-06,-0.0014739823385126667,-91.93331873266281,touchstone_ri,2.8774448751896,1.0,,,
260519_2dsweep_1p5cell,sim,06_2_TDS-KyhlTune-260519_132.s2p,,S12,f_pi2,sim,dispersion_mode_1,2.8774448751896,2.87744,-4.875189600017649e-06,-60.30042963335569,41.56800313168174,touchstone_ri,2.8774448751896,1.0,,,
260519_2dsweep_1p5cell,sim,06_2_TDS-KyhlTune-260519_132.s2p,,S21,f_pi2,sim,dispersion_mode_1,2.8774448751896,2.87744,-4.875189600017649e-06,-60.31414463387072,40.26543857590691,touchstone_ri,2.8774448751896,1.0,,,
260519_2dsweep_1p5cell,sim,06_2_TDS-KyhlTune-260519_132.s2p,,S22,f_pi2,sim,dispersion_mode_1,2.8774448751896,2.87744,-4.875189600017649e-06,-1.898521439135765e-05,-5.8194809593650865,touchstone_ri,2.8774448751896,1.0,,,
260519_2dsweep_1p5cell,sim,06_2_TDS-KyhlTune-260519_133.s2p,,S11,f_pi2,sim,dispersion_mode_1,2.8774448751896,2.87744,-4.875189600017649e-06,-0.0004515920721198858,-96.23627232242181,touchstone_ri,2.8774448751896,1.0,,,
260519_2dsweep_1p5cell,sim,06_2_TDS-KyhlTune-260519_133.s2p,,S12,f_pi2,sim,dispersion_mode_1,2.8774448751896,2.87744,-4.875189600017649e-06,-59.088864602417175,38.922788343180855,touchstone_ri,2.8774448751896,1.0,,,
260519_2dsweep_1p5cell,sim,06_2_TDS-KyhlTune-260519_133.s2p,,S21,f_pi2,sim,dispersion_mode_1,2.8774448751896,2.87744,-4.875189600017649e-06,-59.26370828595071,39.24866254472484,touchstone_ri,2.8774448751896,1.0,,,
260519_2dsweep_1p5cell,sim,06_2_TDS-KyhlTune-260519_133.s2p,,S22,f_pi2,sim,dispersion_mode_1,2.8774448751896,2.87744,-4.875189600017649e-06,-5.393062997677002e-06,-6.17482829307535,touchstone_ri,2.8774448751896,1.0,,,
260519_2dsweep_1p5cell,sim,06_2_TDS-KyhlTune-260519_134.s2p,,S11,f_pi2,sim,dispersion_mode_1,2.8774448751896,2.87744,-4.875189600017649e-06,-0.0022177188644111226,-100.46116984908026,touchstone_ri,2.8774448751896,1.0,,,
260519_2dsweep_1p5cell,sim,06_2_TDS-KyhlTune-260519_134.s2p,,S12,f_pi2,sim,dispersion_mode_1,2.8774448751896,2.87744,-4.875189600017649e-06,-57.82199326565166,36.9408509125518,touchstone_ri,2.8774448751896,1.0,,,
260519_2dsweep_1p5cell,sim,06_2_TDS-KyhlTune-260519_134.s2p,,S21,f_pi2,sim,dispersion_mode_1,2.8774448751896,2.87744,-4.875189600017649e-06,-58.345570201994555,35.01247489198975,touchstone_ri,2.8774448751896,1.0,,,
260519_2dsweep_1p5cell,sim,06_2_TDS-KyhlTune-260519_134.s2p,,S22,f_pi2,sim,dispersion_mode_1,2.8774448751896,2.87744,-4.875189600017649e-06,-1.7855935167259044e-05,-6.526167353667588,touchstone_ri,2.8774448751896,1.0,,,
260519_2dsweep_1p5cell,sim,06_2_TDS-KyhlTune-260519_135.s2p,,S11,f_pi2,sim,dispersion_mode_1,2.8774448751896,2.87744,-4.875189600017649e-06,2.3582959769647267e-05,-68.23092139859774,touchstone_ri,2.8774448751896,1.0,,,
260519_2dsweep_1p5cell,sim,06_2_TDS-KyhlTune-260519_135.s2p,,S12,f_pi2,sim,dispersion_mode_1,2.8774448751896,2.87744,-4.875189600017649e-06,-62.08542206493952,54.79230648896207,touchstone_ri,2.8774448751896,1.0,,,
260519_2dsweep_1p5cell,sim,06_2_TDS-KyhlTune-260519_135.s2p,,S21,f_pi2,sim,dispersion_mode_1,2.8774448751896,2.87744,-4.875189600017649e-06,-62.15069236432805,53.88657686389398,touchstone_ri,2.8774448751896,1.0,,,
260519_2dsweep_1p5cell,sim,06_2_TDS-KyhlTune-260519_135.s2p,,S22,f_pi2,sim,dispersion_mode_1,2.8774448751896,2.87744,-4.875189600017649e-06,-1.7445681687529453e-05,-3.481176648373346,touchstone_ri,2.8774448751896,1.0,,,
260519_2dsweep_1p5cell,sim,06_2_TDS-KyhlTune-260519_136.s2p,,S11,f_pi2,sim,dispersion_mode_1,2.8774448751896,2.87744,-4.875189600017649e-06,-8.93503454410666e-05,-70.8285731766603,touchstone_ri,2.8774448751896,1.0,,,
260519_2dsweep_1p5cell,sim,06_2_TDS-KyhlTune-260519_136.s2p,,S12,f_pi2,sim,dispersion_mode_1,2.8774448751896,2.87744,-4.875189600017649e-06,-60.54154937524718,50.88333899294293,touchstone_ri,2.8774448751896,1.0,,,
260519_2dsweep_1p5cell,sim,06_2_TDS-KyhlTune-260519_136.s2p,,S21,f_pi2,sim,dispersion_mode_1,2.8774448751896,2.87744,-4.875189600017649e-06,-60.473462604132095,52.796325908899355,touchstone_ri,2.8774448751896,1.0,,,
260519_2dsweep_1p5cell,sim,06_2_TDS-KyhlTune-260519_136.s2p,,S22,f_pi2,sim,dispersion_mode_1,2.8774448751896,2.87744,-4.875189600017649e-06,-1.4373216012875853e-05,-4.017724983649607,touchstone_ri,2.8774448751896,1.0,,,
260519_2dsweep_1p5cell,sim,06_2_TDS-KyhlTune-260519_137.s2p,,S11,f_pi2,sim,dispersion_mode_1,2.8774448751896,2.87744,-4.875189600017649e-06,2.3015944669005248e-05,-73.29417993570547,touchstone_ri,2.8774448751896,1.0,,,
260519_2dsweep_1p5cell,sim,06_2_TDS-KyhlTune-260519_137.s2p,,S12,f_pi2,sim,dispersion_mode_1,2.8774448751896,2.87744,-4.875189600017649e-06,-60.537577906726334,51.69486754976099,touchstone_ri,2.8774448751896,1.0,,,
260519_2dsweep_1p5cell,sim,06_2_TDS-KyhlTune-260519_137.s2p,,S21,f_pi2,sim,dispersion_mode_1,2.8774448751896,2.87744,-4.875189600017649e-06,-59.7782707147673,49.51446182618585,touchstone_ri,2.8774448751896,1.0,,,
260519_2dsweep_1p5cell,sim,06_2_TDS-KyhlTune-260519_137.s2p,,S22,f_pi2,sim,dispersion_mode_1,2.8774448751896,2.87744,-4.875189600017649e-06,-3.2141784896923375e-06,-4.519754044851935,touchstone_ri,2.8774448751896,1.0,,,
260519_2dsweep_1p5cell,sim,06_2_TDS-KyhlTune-260519_138.s2p,,S11,f_pi2,sim,dispersion_mode_1,2.8774448751896,2.87744,-4.875189600017649e-06,-9.710080360180127e-05,-76.31926401406673,touchstone_ri,2.8774448751896,1.0,,,
260519_2dsweep_1p5cell,sim,06_2_TDS-KyhlTune-260519_138.s2p,,S12,f_pi2,sim,dispersion_mode_1,2.8774448751896,2.87744,-4.875189600017649e-06,-61.21915004307149,49.56567290539982,touchstone_ri,2.8774448751896,1.0,,,
260519_2dsweep_1p5cell,sim,06_2_TDS-KyhlTune-260519_138.s2p,,S21,f_pi2,sim,dispersion_mode_1,2.8774448751896,2.87744,-4.875189600017649e-06,-60.53048848070486,50.79594607249535,touchstone_ri,2.8774448751896,1.0,,,
260519_2dsweep_1p5cell,sim,06_2_TDS-KyhlTune-260519_138.s2p,,S22,f_pi2,sim,dispersion_mode_1,2.8774448751896,2.87744,-4.875189600017649e-06,-6.878807212749539e-05,-5.004072086100799,touchstone_ri,2.8774448751896,1.0,,,
260519_2dsweep_1p5cell,sim,06_2_TDS-KyhlTune-260519_139.s2p,,S11,f_pi2,sim,dispersion_mode_1,2.8774448751896,2.87744,-4.875189600017649e-06,-1.0130458728697574e-06,-79.22773126391607,touchstone_ri,2.8774448751896,1.0,,,
260519_2dsweep_1p5cell,sim,06_2_TDS-KyhlTune-260519_139.s2p,,S12,f_pi2,sim,dispersion_mode_1,2.8774448751896,2.87744,-4.875189600017649e-06,-61.147787668307465,47.516217090410024,touchstone_ri,2.8774448751896,1.0,,,
260519_2dsweep_1p5cell,sim,06_2_TDS-KyhlTune-260519_139.s2p,,S21,f_pi2,sim,dispersion_mode_1,2.8774448751896,2.87744,-4.875189600017649e-06,-60.92834279125636,47.863033472420625,touchstone_ri,2.8774448751896,1.0,,,
260519_2dsweep_1p5cell,sim,06_2_TDS-KyhlTune-260519_139.s2p,,S22,f_pi2,sim,dispersion_mode_1,2.8774448751896,2.87744,-4.875189600017649e-06,-7.769713379346172e-06,-5.440575027531722,touchstone_ri,2.8774448751896,1.0,,,
260519_2dsweep_1p5cell,sim,06_2_TDS-KyhlTune-260519_14.s2p,,S11,f_pi2,sim,dispersion_mode_1,2.8774448751896,2.87744,-4.875189600017649e-06,-4.4846385949755916e-05,-59.5459614716146,touchstone_ri,2.8774448751896,1.0,,,
260519_2dsweep_1p5cell,sim,06_2_TDS-KyhlTune-260519_14.s2p,,S12,f_pi2,sim,dispersion_mode_1,2.8774448751896,2.87744,-4.875189600017649e-06,-58.251342697498735,71.05971926812128,touchstone_ri,2.8774448751896,1.0,,,
260519_2dsweep_1p5cell,sim,06_2_TDS-KyhlTune-260519_14.s2p,,S21,f_pi2,sim,dispersion_mode_1,2.8774448751896,2.87744,-4.875189600017649e-06,-58.27559364180325,71.11198714228286,touchstone_ri,2.8774448751896,1.0,,,
260519_2dsweep_1p5cell,sim,06_2_TDS-KyhlTune-260519_14.s2p,,S22,f_pi2,sim,dispersion_mode_1,2.8774448751896,2.87744,-4.875189600017649e-06,-4.13393248849643e-06,21.776914240340698,touchstone_ri,2.8774448751896,1.0,,,
260519_2dsweep_1p5cell,sim,06_2_TDS-KyhlTune-260519_140.s2p,,S11,f_pi2,sim,dispersion_mode_1,2.8774448751896,2.87744,-4.875189600017649e-06,8.150319471589849e-07,-82.84058716461689,touchstone_ri,2.8774448751896,1.0,,,
260519_2dsweep_1p5cell,sim,06_2_TDS-KyhlTune-260519_140.s2p,,S12,f_pi2,sim,dispersion_mode_1,2.8774448751896,2.87744,-4.875189600017649e-06,-61.17657435852926,45.40435879664158,touchstone_ri,2.8774448751896,1.0,,,
260519_2dsweep_1p5cell,sim,06_2_TDS-KyhlTune-260519_140.s2p,,S21,f_pi2,sim,dispersion_mode_1,2.8774448751896,2.87744,-4.875189600017649e-06,-61.17384958147355,45.65633411203134,touchstone_ri,2.8774448751896,1.0,,,
260519_2dsweep_1p5cell,sim,06_2_TDS-KyhlTune-260519_140.s2p,,S22,f_pi2,sim,dispersion_mode_1,2.8774448751896,2.87744,-4.875189600017649e-06,-2.6934750508447642e-06,-5.872563809514608,touchstone_ri,2.8774448751896,1.0,,,
260519_2dsweep_1p5cell,sim,06_2_TDS-KyhlTune-260519_141.s2p,,S11,f_pi2,sim,dispersion_mode_1,2.8774448751896,2.87744,-4.875189600017649e-06,2.988464800404515e-05,-86.13616329216305,touchstone_ri,2.8774448751896,1.0,,,
260519_2dsweep_1p5cell,sim,06_2_TDS-KyhlTune-260519_141.s2p,,S12,f_pi2,sim,dispersion_mode_1,2.8774448751896,2.87744,-4.875189600017649e-06,-60.08836458471443,43.65985867624553,touchstone_ri,2.8774448751896,1.0,,,
260519_2dsweep_1p5cell,sim,06_2_TDS-KyhlTune-260519_141.s2p,,S21,f_pi2,sim,dispersion_mode_1,2.8774448751896,2.87744,-4.875189600017649e-06,-60.189755906500764,44.400263829823906,touchstone_ri,2.8774448751896,1.0,,,
260519_2dsweep_1p5cell,sim,06_2_TDS-KyhlTune-260519_141.s2p,,S22,f_pi2,sim,dispersion_mode_1,2.8774448751896,2.87744,-4.875189600017649e-06,-1.5429227534988095e-05,-6.250034959697397,touchstone_ri,2.8774448751896,1.0,,,
260519_2dsweep_1p5cell,sim,06_2_TDS-KyhlTune-260519_142.s2p,,S11,f_pi2,sim,dispersion_mode_1,2.8774448751896,2.87744,-4.875189600017649e-06,2.431811286187234e-05,-89.52492966223046,touchstone_ri,2.8774448751896,1.0,,,
260519_2dsweep_1p5cell,sim,06_2_TDS-KyhlTune-260519_142.s2p,,S12,f_pi2,sim,dispersion_mode_1,2.8774448751896,2.87744,-4.875189600017649e-06,-60.673472302772865,42.545446696180306,touchstone_ri,2.8774448751896,1.0,,,
260519_2dsweep_1p5cell,sim,06_2_TDS-KyhlTune-260519_142.s2p,,S21,f_pi2,sim,dispersion_mode_1,2.8774448751896,2.87744,-4.875189600017649e-06,-61.28612040423224,43.44566750454746,touchstone_ri,2.8774448751896,1.0,,,
260519_2dsweep_1p5cell,sim,06_2_TDS-KyhlTune-260519_142.s2p,,S22,f_pi2,sim,dispersion_mode_1,2.8774448751896,2.87744,-4.875189600017649e-06,-1.992492616274142e-05,-6.588289347874286,touchstone_ri,2.8774448751896,1.0,,,
260519_2dsweep_1p5cell,sim,06_2_TDS-KyhlTune-260519_143.s2p,,S11,f_pi2,sim,dispersion_mode_1,2.8774448751896,2.87744,-4.875189600017649e-06,-0.0003966795061694463,-93.76880846629098,touchstone_ri,2.8774448751896,1.0,,,
260519_2dsweep_1p5cell,sim,06_2_TDS-KyhlTune-260519_143.s2p,,S12,f_pi2,sim,dispersion_mode_1,2.8774448751896,2.87744,-4.875189600017649e-06,-59.379122078778366,40.28858373734327,touchstone_ri,2.8774448751896,1.0,,,
260519_2dsweep_1p5cell,sim,06_2_TDS-KyhlTune-260519_143.s2p,,S21,f_pi2,sim,dispersion_mode_1,2.8774448751896,2.87744,-4.875189600017649e-06,-59.70189930108553,40.55753109455201,touchstone_ri,2.8774448751896,1.0,,,
260519_2dsweep_1p5cell,sim,06_2_TDS-KyhlTune-260519_143.s2p,,S22,f_pi2,sim,dispersion_mode_1,2.8774448751896,2.87744,-4.875189600017649e-06,-8.903494981786547e-06,-6.955435279700662,touchstone_ri,2.8774448751896,1.0,,,
260519_2dsweep_1p5cell,sim,06_2_TDS-KyhlTune-260519_144.s2p,,S11,f_pi2,sim,dispersion_mode_1,2.8774448751896,2.87744,-4.875189600017649e-06,-0.001829850336367532,-98.09254504566474,touchstone_ri,2.8774448751896,1.0,,,
260519_2dsweep_1p5cell,sim,06_2_TDS-KyhlTune-260519_144.s2p,,S12,f_pi2,sim,dispersion_mode_1,2.8774448751896,2.87744,-4.875189600017649e-06,-58.99355731256749,36.93836164061359,touchstone_ri,2.8774448751896,1.0,,,
260519_2dsweep_1p5cell,sim,06_2_TDS-KyhlTune-260519_144.s2p,,S21,f_pi2,sim,dispersion_mode_1,2.8774448751896,2.87744,-4.875189600017649e-06,-59.111965931672316,34.08498646495248,touchstone_ri,2.8774448751896,1.0,,,
260519_2dsweep_1p5cell,sim,06_2_TDS-KyhlTune-260519_144.s2p,,S22,f_pi2,sim,dispersion_mode_1,2.8774448751896,2.87744,-4.875189600017649e-06,-1.77069334787709e-05,-7.273386523463362,touchstone_ri,2.8774448751896,1.0,,,
260519_2dsweep_1p5cell,sim,06_2_TDS-KyhlTune-260519_145.s2p,,S11,f_pi2,sim,dispersion_mode_1,2.8774448751896,2.87744,-4.875189600017649e-06,3.163549942901033e-05,-102.96952046300268,touchstone_ri,2.8774448751896,1.0,,,
260519_2dsweep_1p5cell,sim,06_2_TDS-KyhlTune-260519_145.s2p,,S12,f_pi2,sim,dispersion_mode_1,2.8774448751896,2.87744,-4.875189600017649e-06,-58.7616579815453,33.52187584926194,touchstone_ri,2.8774448751896,1.0,,,
260519_2dsweep_1p5cell,sim,06_2_TDS-KyhlTune-260519_145.s2p,,S21,f_pi2,sim,dispersion_mode_1,2.8774448751896,2.87744,-4.875189600017649e-06,-59.270948228296646,31.83033002595129,touchstone_ri,2.8774448751896,1.0,,,
260519_2dsweep_1p5cell,sim,06_2_TDS-KyhlTune-260519_145.s2p,,S22,f_pi2,sim,dispersion_mode_1,2.8774448751896,2.87744,-4.875189600017649e-06,-6.508474340282281e-06,-7.584846409741778,touchstone_ri,2.8774448751896,1.0,,,
260519_2dsweep_1p5cell,sim,06_2_TDS-KyhlTune-260519_146.s2p,,S11,f_pi2,sim,dispersion_mode_1,2.8774448751896,2.87744,-4.875189600017649e-06,1.6934612377184915e-05,-69.11404909291682,touchstone_ri,2.8774448751896,1.0,,,
260519_2dsweep_1p5cell,sim,06_2_TDS-KyhlTune-260519_146.s2p,,S12,f_pi2,sim,dispersion_mode_1,2.8774448751896,2.87744,-4.875189600017649e-06,-62.895289665358646,51.95269856984389,touchstone_ri,2.8774448751896,1.0,,,
260519_2dsweep_1p5cell,sim,06_2_TDS-KyhlTune-260519_146.s2p,,S21,f_pi2,sim,dispersion_mode_1,2.8774448751896,2.87744,-4.875189600017649e-06,-63.10277601064344,52.95958174229887,touchstone_ri,2.8774448751896,1.0,,,
260519_2dsweep_1p5cell,sim,06_2_TDS-KyhlTune-260519_146.s2p,,S22,f_pi2,sim,dispersion_mode_1,2.8774448751896,2.87744,-4.875189600017649e-06,-6.104290236889715e-05,-5.075158556271597,touchstone_ri,2.8774448751896,1.0,,,
260519_2dsweep_1p5cell,sim,06_2_TDS-KyhlTune-260519_147.s2p,,S11,f_pi2,sim,dispersion_mode_1,2.8774448751896,2.87744,-4.875189600017649e-06,-4.485979106373077e-05,-71.76273047754626,touchstone_ri,2.8774448751896,1.0,,,
260519_2dsweep_1p5cell,sim,06_2_TDS-KyhlTune-260519_147.s2p,,S12,f_pi2,sim,dispersion_mode_1,2.8774448751896,2.87744,-4.875189600017649e-06,-61.956822411789794,51.18146213156409,touchstone_ri,2.8774448751896,1.0,,,
260519_2dsweep_1p5cell,sim,06_2_TDS-KyhlTune-260519_147.s2p,,S21,f_pi2,sim,dispersion_mode_1,2.8774448751896,2.87744,-4.875189600017649e-06,-61.86213129862267,51.88356711368847,touchstone_ri,2.8774448751896,1.0,,,
260519_2dsweep_1p5cell,sim,06_2_TDS-KyhlTune-260519_147.s2p,,S22,f_pi2,sim,dispersion_mode_1,2.8774448751896,2.87744,-4.875189600017649e-06,-2.0373808566669226e-06,-5.529718013640469,touchstone_ri,2.8774448751896,1.0,,,
260519_2dsweep_1p5cell,sim,06_2_TDS-KyhlTune-260519_148.s2p,,S11,f_pi2,sim,dispersion_mode_1,2.8774448751896,2.87744,-4.875189600017649e-06,-0.00019751816159289506,-74.42368346389556,touchstone_ri,2.8774448751896,1.0,,,
260519_2dsweep_1p5cell,sim,06_2_TDS-KyhlTune-260519_148.s2p,,S12,f_pi2,sim,dispersion_mode_1,2.8774448751896,2.87744,-4.875189600017649e-06,-60.724088854633465,49.88713438402605,touchstone_ri,2.8774448751896,1.0,,,
260519_2dsweep_1p5cell,sim,06_2_TDS-KyhlTune-260519_148.s2p,,S21,f_pi2,sim,dispersion_mode_1,2.8774448751896,2.87744,-4.875189600017649e-06,-60.80899719055165,50.044922182810296,touchstone_ri,2.8774448751896,1.0,,,
260519_2dsweep_1p5cell,sim,06_2_TDS-KyhlTune-260519_148.s2p,,S22,f_pi2,sim,dispersion_mode_1,2.8774448751896,2.87744,-4.875189600017649e-06,-2.145990077897839e-05,-5.998807269169845,touchstone_ri,2.8774448751896,1.0,,,
260519_2dsweep_1p5cell,sim,06_2_TDS-KyhlTune-260519_149.s2p,,S11,f_pi2,sim,dispersion_mode_1,2.8774448751896,2.87744,-4.875189600017649e-06,-0.00032432087187854084,-77.46783717034661,touchstone_ri,2.8774448751896,1.0,,,
260519_2dsweep_1p5cell,sim,06_2_TDS-KyhlTune-260519_149.s2p,,S12,f_pi2,sim,dispersion_mode_1,2.8774448751896,2.87744,-4.875189600017649e-06,-61.3099291775167,48.528120730199475,touchstone_ri,2.8774448751896,1.0,,,
260519_2dsweep_1p5cell,sim,06_2_TDS-KyhlTune-260519_149.s2p,,S21,f_pi2,sim,dispersion_mode_1,2.8774448751896,2.87744,-4.875189600017649e-06,-61.168819136699014,48.285879704070304,touchstone_ri,2.8774448751896,1.0,,,
260519_2dsweep_1p5cell,sim,06_2_TDS-KyhlTune-260519_149.s2p,,S22,f_pi2,sim,dispersion_mode_1,2.8774448751896,2.87744,-4.875189600017649e-06,-1.845018714381726e-05,-6.372806578994613,touchstone_ri,2.8774448751896,1.0,,,
260519_2dsweep_1p5cell,sim,06_2_TDS-KyhlTune-260519_15.s2p,,S11,f_pi2,sim,dispersion_mode_1,2.8774448751896,2.87744,-4.875189600017649e-06,-3.361172705395605e-05,-61.211396236068104,touchstone_ri,2.8774448751896,1.0,,,
260519_2dsweep_1p5cell,sim,06_2_TDS-KyhlTune-260519_15.s2p,,S12,f_pi2,sim,dispersion_mode_1,2.8774448751896,2.87744,-4.875189600017649e-06,-58.32023631675804,69.30044136261799,touchstone_ri,2.8774448751896,1.0,,,
260519_2dsweep_1p5cell,sim,06_2_TDS-KyhlTune-260519_15.s2p,,S21,f_pi2,sim,dispersion_mode_1,2.8774448751896,2.87744,-4.875189600017649e-06,-58.33875518894972,68.9484303111042,touchstone_ri,2.8774448751896,1.0,,,
260519_2dsweep_1p5cell,sim,06_2_TDS-KyhlTune-260519_15.s2p,,S22,f_pi2,sim,dispersion_mode_1,2.8774448751896,2.87744,-4.875189600017649e-06,-3.094986961358124e-05,19.143831237936265,touchstone_ri,2.8774448751896,1.0,,,
260519_2dsweep_1p5cell,sim,06_2_TDS-KyhlTune-260519_150.s2p,,S11,f_pi2,sim,dispersion_mode_1,2.8774448751896,2.87744,-4.875189600017649e-06,3.493157990211501e-05,-80.49091359080573,touchstone_ri,2.8774448751896,1.0,,,
260519_2dsweep_1p5cell,sim,06_2_TDS-KyhlTune-260519_150.s2p,,S12,f_pi2,sim,dispersion_mode_1,2.8774448751896,2.87744,-4.875189600017649e-06,-59.557391356902734,47.064596375975135,touchstone_ri,2.8774448751896,1.0,,,
260519_2dsweep_1p5cell,sim,06_2_TDS-KyhlTune-260519_150.s2p,,S21,f_pi2,sim,dispersion_mode_1,2.8774448751896,2.87744,-4.875189600017649e-06,-59.04797556328553,47.17670610114092,touchstone_ri,2.8774448751896,1.0,,,
260519_2dsweep_1p5cell,sim,06_2_TDS-KyhlTune-260519_150.s2p,,S22,f_pi2,sim,dispersion_mode_1,2.8774448751896,2.87744,-4.875189600017649e-06,-1.2868752929359137e-05,-6.765961264707928,touchstone_ri,2.8774448751896,1.0,,,
260519_2dsweep_1p5cell,sim,06_2_TDS-KyhlTune-260519_151.s2p,,S11,f_pi2,sim,dispersion_mode_1,2.8774448751896,2.87744,-4.875189600017649e-06,2.4551143662833138e-05,-83.89149832596898,touchstone_ri,2.8774448751896,1.0,,,
260519_2dsweep_1p5cell,sim,06_2_TDS-KyhlTune-260519_151.s2p,,S12,f_pi2,sim,dispersion_mode_1,2.8774448751896,2.87744,-4.875189600017649e-06,-60.6074780713862,44.47319978572662,touchstone_ri,2.8774448751896,1.0,,,
260519_2dsweep_1p5cell,sim,06_2_TDS-KyhlTune-260519_151.s2p,,S21,f_pi2,sim,dispersion_mode_1,2.8774448751896,2.87744,-4.875189600017649e-06,-60.6041715373713,44.49288939961356,touchstone_ri,2.8774448751896,1.0,,,
260519_2dsweep_1p5cell,sim,06_2_TDS-KyhlTune-260519_151.s2p,,S22,f_pi2,sim,dispersion_mode_1,2.8774448751896,2.87744,-4.875189600017649e-06,-3.010766117384635e-06,-7.103270039911903,touchstone_ri,2.8774448751896,1.0,,,
260519_2dsweep_1p5cell,sim,06_2_TDS-KyhlTune-260519_152.s2p,,S11,f_pi2,sim,dispersion_mode_1,2.8774448751896,2.87744,-4.875189600017649e-06,2.5114825916668302e-05,-87.69398126328598,touchstone_ri,2.8774448751896,1.0,,,
260519_2dsweep_1p5cell,sim,06_2_TDS-KyhlTune-260519_152.s2p,,S12,f_pi2,sim,dispersion_mode_1,2.8774448751896,2.87744,-4.875189600017649e-06,-60.51016987347265,42.76785276882542,touchstone_ri,2.8774448751896,1.0,,,
260519_2dsweep_1p5cell,sim,06_2_TDS-KyhlTune-260519_152.s2p,,S21,f_pi2,sim,dispersion_mode_1,2.8774448751896,2.87744,-4.875189600017649e-06,-60.111576655111335,41.42038798311549,touchstone_ri,2.8774448751896,1.0,,,
260519_2dsweep_1p5cell,sim,06_2_TDS-KyhlTune-260519_152.s2p,,S22,f_pi2,sim,dispersion_mode_1,2.8774448751896,2.87744,-4.875189600017649e-06,-2.7900723743632283e-05,-7.458731253760772,touchstone_ri,2.8774448751896,1.0,,,
260519_2dsweep_1p5cell,sim,06_2_TDS-KyhlTune-260519_153.s2p,,S11,f_pi2,sim,dispersion_mode_1,2.8774448751896,2.87744,-4.875189600017649e-06,-0.0004771423281588862,-91.46580318357688,touchstone_ri,2.8774448751896,1.0,,,
260519_2dsweep_1p5cell,sim,06_2_TDS-KyhlTune-260519_153.s2p,,S12,f_pi2,sim,dispersion_mode_1,2.8774448751896,2.87744,-4.875189600017649e-06,-60.729655212961646,41.13010237217816,touchstone_ri,2.8774448751896,1.0,,,
260519_2dsweep_1p5cell,sim,06_2_TDS-KyhlTune-260519_153.s2p,,S21,f_pi2,sim,dispersion_mode_1,2.8774448751896,2.87744,-4.875189600017649e-06,-60.95268750034444,39.91868006995185,touchstone_ri,2.8774448751896,1.0,,,
260519_2dsweep_1p5cell,sim,06_2_TDS-KyhlTune-260519_153.s2p,,S22,f_pi2,sim,dispersion_mode_1,2.8774448751896,2.87744,-4.875189600017649e-06,-1.0033737733119411e-05,-7.759975715293579,touchstone_ri,2.8774448751896,1.0,,,
260519_2dsweep_1p5cell,sim,06_2_TDS-KyhlTune-260519_154.s2p,,S11,f_pi2,sim,dispersion_mode_1,2.8774448751896,2.87744,-4.875189600017649e-06,2.725300795633901e-05,-95.80228408339963,touchstone_ri,2.8774448751896,1.0,,,
260519_2dsweep_1p5cell,sim,06_2_TDS-KyhlTune-260519_154.s2p,,S12,f_pi2,sim,dispersion_mode_1,2.8774448751896,2.87744,-4.875189600017649e-06,-59.8272709630092,38.78835572816685,touchstone_ri,2.8774448751896,1.0,,,
260519_2dsweep_1p5cell,sim,06_2_TDS-KyhlTune-260519_154.s2p,,S21,f_pi2,sim,dispersion_mode_1,2.8774448751896,2.87744,-4.875189600017649e-06,-59.73002693241882,38.1697516436104,touchstone_ri,2.8774448751896,1.0,,,
260519_2dsweep_1p5cell,sim,06_2_TDS-KyhlTune-260519_154.s2p,,S22,f_pi2,sim,dispersion_mode_1,2.8774448751896,2.87744,-4.875189600017649e-06,-2.5073246467369946e-05,-8.057588201410468,touchstone_ri,2.8774448751896,1.0,,,
260519_2dsweep_1p5cell,sim,06_2_TDS-KyhlTune-260519_155.s2p,,S11,f_pi2,sim,dispersion_mode_1,2.8774448751896,2.87744,-4.875189600017649e-06,-0.0006659465314090348,-100.1924422920903,touchstone_ri,2.8774448751896,1.0,,,
260519_2dsweep_1p5cell,sim,06_2_TDS-KyhlTune-260519_155.s2p,,S12,f_pi2,sim,dispersion_mode_1,2.8774448751896,2.87744,-4.875189600017649e-06,-60.2460588060399,36.59897044892125,touchstone_ri,2.8774448751896,1.0,,,
260519_2dsweep_1p5cell,sim,06_2_TDS-KyhlTune-260519_155.s2p,,S21,f_pi2,sim,dispersion_mode_1,2.8774448751896,2.87744,-4.875189600017649e-06,-59.512552380769286,32.514460376008564,touchstone_ri,2.8774448751896,1.0,,,
260519_2dsweep_1p5cell,sim,06_2_TDS-KyhlTune-260519_155.s2p,,S22,f_pi2,sim,dispersion_mode_1,2.8774448751896,2.87744,-4.875189600017649e-06,-1.746930402599045e-05,-8.340235955153048,touchstone_ri,2.8774448751896,1.0,,,
260519_2dsweep_1p5cell,sim,06_2_TDS-KyhlTune-260519_156.s2p,,S11,f_pi2,sim,dispersion_mode_1,2.8774448751896,2.87744,-4.875189600017649e-06,-0.0007478152052155858,-104.71190466563475,touchstone_ri,2.8774448751896,1.0,,,
260519_2dsweep_1p5cell,sim,06_2_TDS-KyhlTune-260519_156.s2p,,S12,f_pi2,sim,dispersion_mode_1,2.8774448751896,2.87744,-4.875189600017649e-06,-59.37954245258836,33.442346532581766,touchstone_ri,2.8774448751896,1.0,,,
260519_2dsweep_1p5cell,sim,06_2_TDS-KyhlTune-260519_156.s2p,,S21,f_pi2,sim,dispersion_mode_1,2.8774448751896,2.87744,-4.875189600017649e-06,-58.766620750086076,30.756674404602343,touchstone_ri,2.8774448751896,1.0,,,
260519_2dsweep_1p5cell,sim,06_2_TDS-KyhlTune-260519_156.s2p,,S22,f_pi2,sim,dispersion_mode_1,2.8774448751896,2.87744,-4.875189600017649e-06,-7.015678731586491e-06,-8.592402616831016,touchstone_ri,2.8774448751896,1.0,,,
260519_2dsweep_1p5cell,sim,06_2_TDS-KyhlTune-260519_157.s2p,,S11,f_pi2,sim,dispersion_mode_1,2.8774448751896,2.87744,-4.875189600017649e-06,-0.000254411782491056,-69.97460965660859,touchstone_ri,2.8774448751896,1.0,,,
260519_2dsweep_1p5cell,sim,06_2_TDS-KyhlTune-260519_157.s2p,,S12,f_pi2,sim,dispersion_mode_1,2.8774448751896,2.87744,-4.875189600017649e-06,-63.31455407479622,51.566151243368864,touchstone_ri,2.8774448751896,1.0,,,
260519_2dsweep_1p5cell,sim,06_2_TDS-KyhlTune-260519_157.s2p,,S21,f_pi2,sim,dispersion_mode_1,2.8774448751896,2.87744,-4.875189600017649e-06,-63.334214065615654,51.74221148090968,touchstone_ri,2.8774448751896,1.0,,,
260519_2dsweep_1p5cell,sim,06_2_TDS-KyhlTune-260519_157.s2p,,S22,f_pi2,sim,dispersion_mode_1,2.8774448751896,2.87744,-4.875189600017649e-06,-9.920138584057167e-06,-6.612133818225804,touchstone_ri,2.8774448751896,1.0,,,
260519_2dsweep_1p5cell,sim,06_2_TDS-KyhlTune-260519_158.s2p,,S11,f_pi2,sim,dispersion_mode_1,2.8774448751896,2.87744,-4.875189600017649e-06,-0.0001798548138087223,-72.69752218588721,touchstone_ri,2.8774448751896,1.0,,,
260519_2dsweep_1p5cell,sim,06_2_TDS-KyhlTune-260519_158.s2p,,S12,f_pi2,sim,dispersion_mode_1,2.8774448751896,2.87744,-4.875189600017649e-06,-63.063779346789104,50.00354212104733,touchstone_ri,2.8774448751896,1.0,,,
260519_2dsweep_1p5cell,sim,06_2_TDS-KyhlTune-260519_158.s2p,,S21,f_pi2,sim,dispersion_mode_1,2.8774448751896,2.87744,-4.875189600017649e-06,-63.08638040745187,50.68989001246724,touchstone_ri,2.8774448751896,1.0,,,
260519_2dsweep_1p5cell,sim,06_2_TDS-KyhlTune-260519_158.s2p,,S22,f_pi2,sim,dispersion_mode_1,2.8774448751896,2.87744,-4.875189600017649e-06,-8.317252444220427e-06,-6.948565238440826,touchstone_ri,2.8774448751896,1.0,,,
260519_2dsweep_1p5cell,sim,06_2_TDS-KyhlTune-260519_159.s2p,,S11,f_pi2,sim,dispersion_mode_1,2.8774448751896,2.87744,-4.875189600017649e-06,1.2894079450046928e-05,-75.59580358675457,touchstone_ri,2.8774448751896,1.0,,,
260519_2dsweep_1p5cell,sim,06_2_TDS-KyhlTune-260519_159.s2p,,S12,f_pi2,sim,dispersion_mode_1,2.8774448751896,2.87744,-4.875189600017649e-06,-62.859703361717685,48.20212566023426,touchstone_ri,2.8774448751896,1.0,,,
260519_2dsweep_1p5cell,sim,06_2_TDS-KyhlTune-260519_159.s2p,,S21,f_pi2,sim,dispersion_mode_1,2.8774448751896,2.87744,-4.875189600017649e-06,-63.53011360844019,47.16640986539581,touchstone_ri,2.8774448751896,1.0,,,
260519_2dsweep_1p5cell,sim,06_2_TDS-KyhlTune-260519_159.s2p,,S22,f_pi2,sim,dispersion_mode_1,2.8774448751896,2.87744,-4.875189600017649e-06,-1.4391284657142621e-05,-7.337444938637675,touchstone_ri,2.8774448751896,1.0,,,
260519_2dsweep_1p5cell,sim,06_2_TDS-KyhlTune-260519_16.s2p,,S11,f_pi2,sim,dispersion_mode_1,2.8774448751896,2.87744,-4.875189600017649e-06,1.3557846608493756e-05,-63.521779807756914,touchstone_ri,2.8774448751896,1.0,,,
260519_2dsweep_1p5cell,sim,06_2_TDS-KyhlTune-260519_16.s2p,,S12,f_pi2,sim,dispersion_mode_1,2.8774448751896,2.87744,-4.875189600017649e-06,-58.441481658237784,66.36520323826736,touchstone_ri,2.8774448751896,1.0,,,
260519_2dsweep_1p5cell,sim,06_2_TDS-KyhlTune-260519_16.s2p,,S21,f_pi2,sim,dispersion_mode_1,2.8774448751896,2.87744,-4.875189600017649e-06,-58.32815862343912,66.49275670943555,touchstone_ri,2.8774448751896,1.0,,,
260519_2dsweep_1p5cell,sim,06_2_TDS-KyhlTune-260519_16.s2p,,S22,f_pi2,sim,dispersion_mode_1,2.8774448751896,2.87744,-4.875189600017649e-06,-4.315398529434236e-06,16.728032612677445,touchstone_ri,2.8774448751896,1.0,,,
260519_2dsweep_1p5cell,sim,06_2_TDS-KyhlTune-260519_160.s2p,,S11,f_pi2,sim,dispersion_mode_1,2.8774448751896,2.87744,-4.875189600017649e-06,1.2560116868937864e-05,-78.62713358339279,touchstone_ri,2.8774448751896,1.0,,,
260519_2dsweep_1p5cell,sim,06_2_TDS-KyhlTune-260519_160.s2p,,S12,f_pi2,sim,dispersion_mode_1,2.8774448751896,2.87744,-4.875189600017649e-06,-62.86285792207955,47.07533683637855,touchstone_ri,2.8774448751896,1.0,,,
260519_2dsweep_1p5cell,sim,06_2_TDS-KyhlTune-260519_160.s2p,,S21,f_pi2,sim,dispersion_mode_1,2.8774448751896,2.87744,-4.875189600017649e-06,-64.07359413303178,50.164736055983084,touchstone_ri,2.8774448751896,1.0,,,
260519_2dsweep_1p5cell,sim,06_2_TDS-KyhlTune-260519_160.s2p,,S22,f_pi2,sim,dispersion_mode_1,2.8774448751896,2.87744,-4.875189600017649e-06,-1.7652829363599185e-06,-7.689567192293622,touchstone_ri,2.8774448751896,1.0,,,
260519_2dsweep_1p5cell,sim,06_2_TDS-KyhlTune-260519_161.s2p,,S11,f_pi2,sim,dispersion_mode_1,2.8774448751896,2.87744,-4.875189600017649e-06,1.189265405101349e-05,-82.12632752693106,touchstone_ri,2.8774448751896,1.0,,,
260519_2dsweep_1p5cell,sim,06_2_TDS-KyhlTune-260519_161.s2p,,S12,f_pi2,sim,dispersion_mode_1,2.8774448751896,2.87744,-4.875189600017649e-06,-63.364225269908616,45.08107649947004,touchstone_ri,2.8774448751896,1.0,,,
260519_2dsweep_1p5cell,sim,06_2_TDS-KyhlTune-260519_161.s2p,,S21,f_pi2,sim,dispersion_mode_1,2.8774448751896,2.87744,-4.875189600017649e-06,-63.365524651118655,44.92418906971582,touchstone_ri,2.8774448751896,1.0,,,
260519_2dsweep_1p5cell,sim,06_2_TDS-KyhlTune-260519_161.s2p,,S22,f_pi2,sim,dispersion_mode_1,2.8774448751896,2.87744,-4.875189600017649e-06,-1.5783453893381593e-06,-7.989853666952181,touchstone_ri,2.8774448751896,1.0,,,
260519_2dsweep_1p5cell,sim,06_2_TDS-KyhlTune-260519_162.s2p,,S11,f_pi2,sim,dispersion_mode_1,2.8774448751896,2.87744,-4.875189600017649e-06,-7.747404569234781e-06,-85.66901990098572,touchstone_ri,2.8774448751896,1.0,,,
260519_2dsweep_1p5cell,sim,06_2_TDS-KyhlTune-260519_162.s2p,,S12,f_pi2,sim,dispersion_mode_1,2.8774448751896,2.87744,-4.875189600017649e-06,-60.98924033137179,43.01856020954283,touchstone_ri,2.8774448751896,1.0,,,
260519_2dsweep_1p5cell,sim,06_2_TDS-KyhlTune-260519_162.s2p,,S21,f_pi2,sim,dispersion_mode_1,2.8774448751896,2.87744,-4.875189600017649e-06,-60.191224273490874,43.14840602812888,touchstone_ri,2.8774448751896,1.0,,,
260519_2dsweep_1p5cell,sim,06_2_TDS-KyhlTune-260519_162.s2p,,S22,f_pi2,sim,dispersion_mode_1,2.8774448751896,2.87744,-4.875189600017649e-06,-4.6302611532349775e-05,-8.336743595251056,touchstone_ri,2.8774448751896,1.0,,,
260519_2dsweep_1p5cell,sim,06_2_TDS-KyhlTune-260519_163.s2p,,S11,f_pi2,sim,dispersion_mode_1,2.8774448751896,2.87744,-4.875189600017649e-06,-0.00018847273316106137,-89.30601589021597,touchstone_ri,2.8774448751896,1.0,,,
260519_2dsweep_1p5cell,sim,06_2_TDS-KyhlTune-260519_163.s2p,,S12,f_pi2,sim,dispersion_mode_1,2.8774448751896,2.87744,-4.875189600017649e-06,-61.20153470618807,41.16606385311707,touchstone_ri,2.8774448751896,1.0,,,
260519_2dsweep_1p5cell,sim,06_2_TDS-KyhlTune-260519_163.s2p,,S21,f_pi2,sim,dispersion_mode_1,2.8774448751896,2.87744,-4.875189600017649e-06,-61.07304020457579,40.95479564893275,touchstone_ri,2.8774448751896,1.0,,,
260519_2dsweep_1p5cell,sim,06_2_TDS-KyhlTune-260519_163.s2p,,S22,f_pi2,sim,dispersion_mode_1,2.8774448751896,2.87744,-4.875189600017649e-06,-9.648712724488345e-06,-8.599429720975225,touchstone_ri,2.8774448751896,1.0,,,
260519_2dsweep_1p5cell,sim,06_2_TDS-KyhlTune-260519_164.s2p,,S11,f_pi2,sim,dispersion_mode_1,2.8774448751896,2.87744,-4.875189600017649e-06,1.857496257152171e-05,-93.4177921607915,touchstone_ri,2.8774448751896,1.0,,,
260519_2dsweep_1p5cell,sim,06_2_TDS-KyhlTune-260519_164.s2p,,S12,f_pi2,sim,dispersion_mode_1,2.8774448751896,2.87744,-4.875189600017649e-06,-61.04182576582122,40.48895476229878,touchstone_ri,2.8774448751896,1.0,,,
260519_2dsweep_1p5cell,sim,06_2_TDS-KyhlTune-260519_164.s2p,,S21,f_pi2,sim,dispersion_mode_1,2.8774448751896,2.87744,-4.875189600017649e-06,-60.280213262319464,33.00337028670149,touchstone_ri,2.8774448751896,1.0,,,
260519_2dsweep_1p5cell,sim,06_2_TDS-KyhlTune-260519_164.s2p,,S22,f_pi2,sim,dispersion_mode_1,2.8774448751896,2.87744,-4.875189600017649e-06,-2.817760713717186e-05,-8.883838386754734,touchstone_ri,2.8774448751896,1.0,,,
260519_2dsweep_1p5cell,sim,06_2_TDS-KyhlTune-260519_165.s2p,,S11,f_pi2,sim,dispersion_mode_1,2.8774448751896,2.87744,-4.875189600017649e-06,2.454852750381305e-05,-97.77749776321919,touchstone_ri,2.8774448751896,1.0,,,
260519_2dsweep_1p5cell,sim,06_2_TDS-KyhlTune-260519_165.s2p,,S12,f_pi2,sim,dispersion_mode_1,2.8774448751896,2.87744,-4.875189600017649e-06,-59.79210461672488,37.3879871972031,touchstone_ri,2.8774448751896,1.0,,,
260519_2dsweep_1p5cell,sim,06_2_TDS-KyhlTune-260519_165.s2p,,S21,f_pi2,sim,dispersion_mode_1,2.8774448751896,2.87744,-4.875189600017649e-06,-59.53085607324602,35.605182951099344,touchstone_ri,2.8774448751896,1.0,,,
260519_2dsweep_1p5cell,sim,06_2_TDS-KyhlTune-260519_165.s2p,,S22,f_pi2,sim,dispersion_mode_1,2.8774448751896,2.87744,-4.875189600017649e-06,-2.225374066682432e-05,-9.136833772181248,touchstone_ri,2.8774448751896,1.0,,,
260519_2dsweep_1p5cell,sim,06_2_TDS-KyhlTune-260519_166.s2p,,S11,f_pi2,sim,dispersion_mode_1,2.8774448751896,2.87744,-4.875189600017649e-06,2.5182892093002765e-05,-102.82480348632957,touchstone_ri,2.8774448751896,1.0,,,
260519_2dsweep_1p5cell,sim,06_2_TDS-KyhlTune-260519_166.s2p,,S12,f_pi2,sim,dispersion_mode_1,2.8774448751896,2.87744,-4.875189600017649e-06,-59.631819445618476,34.226984653795895,touchstone_ri,2.8774448751896,1.0,,,
260519_2dsweep_1p5cell,sim,06_2_TDS-KyhlTune-260519_166.s2p,,S21,f_pi2,sim,dispersion_mode_1,2.8774448751896,2.87744,-4.875189600017649e-06,-59.05704960513455,32.49708384311696,touchstone_ri,2.8774448751896,1.0,,,
260519_2dsweep_1p5cell,sim,06_2_TDS-KyhlTune-260519_166.s2p,,S22,f_pi2,sim,dispersion_mode_1,2.8774448751896,2.87744,-4.875189600017649e-06,-1.7719767131668916e-05,-9.400699462066349,touchstone_ri,2.8774448751896,1.0,,,
260519_2dsweep_1p5cell,sim,06_2_TDS-KyhlTune-260519_167.s2p,,S11,f_pi2,sim,dispersion_mode_1,2.8774448751896,2.87744,-4.875189600017649e-06,1.565351013459639e-05,-107.55243381030172,touchstone_ri,2.8774448751896,1.0,,,
260519_2dsweep_1p5cell,sim,06_2_TDS-KyhlTune-260519_167.s2p,,S12,f_pi2,sim,dispersion_mode_1,2.8774448751896,2.87744,-4.875189600017649e-06,-61.80188485251068,33.42432245252304,touchstone_ri,2.8774448751896,1.0,,,
260519_2dsweep_1p5cell,sim,06_2_TDS-KyhlTune-260519_167.s2p,,S21,f_pi2,sim,dispersion_mode_1,2.8774448751896,2.87744,-4.875189600017649e-06,-61.40181898424462,32.22852621268767,touchstone_ri,2.8774448751896,1.0,,,
260519_2dsweep_1p5cell,sim,06_2_TDS-KyhlTune-260519_167.s2p,,S22,f_pi2,sim,dispersion_mode_1,2.8774448751896,2.87744,-4.875189600017649e-06,-3.074551972693034e-05,-9.635656602794803,touchstone_ri,2.8774448751896,1.0,,,
260519_2dsweep_1p5cell,sim,06_2_TDS-KyhlTune-260519_168.s2p,,S11,f_pi2,sim,dispersion_mode_1,2.8774448751896,2.87744,-4.875189600017649e-06,-6.761017944789012e-06,-70.90581020728366,touchstone_ri,2.8774448751896,1.0,,,
260519_2dsweep_1p5cell,sim,06_2_TDS-KyhlTune-260519_168.s2p,,S12,f_pi2,sim,dispersion_mode_1,2.8774448751896,2.87744,-4.875189600017649e-06,-63.18577356163018,50.56022062856291,touchstone_ri,2.8774448751896,1.0,,,
260519_2dsweep_1p5cell,sim,06_2_TDS-KyhlTune-260519_168.s2p,,S21,f_pi2,sim,dispersion_mode_1,2.8774448751896,2.87744,-4.875189600017649e-06,-63.18781286062367,50.553973453327536,touchstone_ri,2.8774448751896,1.0,,,
260519_2dsweep_1p5cell,sim,06_2_TDS-KyhlTune-260519_168.s2p,,S22,f_pi2,sim,dispersion_mode_1,2.8774448751896,2.87744,-4.875189600017649e-06,-2.65180286282299e-06,-7.995146972746927,touchstone_ri,2.8774448751896,1.0,,,
260519_2dsweep_1p5cell,sim,06_2_TDS-KyhlTune-260519_169.s2p,,S11,f_pi2,sim,dispersion_mode_1,2.8774448751896,2.87744,-4.875189600017649e-06,-0.00011299032851774099,-73.90322326432221,touchstone_ri,2.8774448751896,1.0,,,
260519_2dsweep_1p5cell,sim,06_2_TDS-KyhlTune-260519_169.s2p,,S12,f_pi2,sim,dispersion_mode_1,2.8774448751896,2.87744,-4.875189600017649e-06,-63.05913339499745,48.4867803204836,touchstone_ri,2.8774448751896,1.0,,,
260519_2dsweep_1p5cell,sim,06_2_TDS-KyhlTune-260519_169.s2p,,S21,f_pi2,sim,dispersion_mode_1,2.8774448751896,2.87744,-4.875189600017649e-06,-63.05183984673352,48.94530117235057,touchstone_ri,2.8774448751896,1.0,,,
260519_2dsweep_1p5cell,sim,06_2_TDS-KyhlTune-260519_169.s2p,,S22,f_pi2,sim,dispersion_mode_1,2.8774448751896,2.87744,-4.875189600017649e-06,-3.8026385317742046e-05,-8.290671435741704,touchstone_ri,2.8774448751896,1.0,,,
260519_2dsweep_1p5cell,sim,06_2_TDS-KyhlTune-260519_17.s2p,,S11,f_pi2,sim,dispersion_mode_1,2.8774448751896,2.87744,-4.875189600017649e-06,1.8370618536656466e-05,-65.83626103716149,touchstone_ri,2.8774448751896,1.0,,,
260519_2dsweep_1p5cell,sim,06_2_TDS-KyhlTune-260519_17.s2p,,S12,f_pi2,sim,dispersion_mode_1,2.8774448751896,2.87744,-4.875189600017649e-06,-58.013042892470935,65.52846923226774,touchstone_ri,2.8774448751896,1.0,,,
260519_2dsweep_1p5cell,sim,06_2_TDS-KyhlTune-260519_17.s2p,,S21,f_pi2,sim,dispersion_mode_1,2.8774448751896,2.87744,-4.875189600017649e-06,-57.942730207477794,64.36176368247808,touchstone_ri,2.8774448751896,1.0,,,
260519_2dsweep_1p5cell,sim,06_2_TDS-KyhlTune-260519_17.s2p,,S22,f_pi2,sim,dispersion_mode_1,2.8774448751896,2.87744,-4.875189600017649e-06,-4.6040851087431624e-06,14.604526376805918,touchstone_ri,2.8774448751896,1.0,,,
260519_2dsweep_1p5cell,sim,06_2_TDS-KyhlTune-260519_170.s2p,,S11,f_pi2,sim,dispersion_mode_1,2.8774448751896,2.87744,-4.875189600017649e-06,1.9045659422227514e-05,-76.72180943913166,touchstone_ri,2.8774448751896,1.0,,,
260519_2dsweep_1p5cell,sim,06_2_TDS-KyhlTune-260519_170.s2p,,S12,f_pi2,sim,dispersion_mode_1,2.8774448751896,2.87744,-4.875189600017649e-06,-61.00609298698065,47.377050397601124,touchstone_ri,2.8774448751896,1.0,,,
260519_2dsweep_1p5cell,sim,06_2_TDS-KyhlTune-260519_170.s2p,,S21,f_pi2,sim,dispersion_mode_1,2.8774448751896,2.87744,-4.875189600017649e-06,-61.01237960679315,47.30038847224506,touchstone_ri,2.8774448751896,1.0,,,
260519_2dsweep_1p5cell,sim,06_2_TDS-KyhlTune-260519_170.s2p,,S22,f_pi2,sim,dispersion_mode_1,2.8774448751896,2.87744,-4.875189600017649e-06,-5.850508537760407e-06,-8.644817186559969,touchstone_ri,2.8774448751896,1.0,,,
260519_2dsweep_1p5cell,sim,06_2_TDS-KyhlTune-260519_171.s2p,,S11,f_pi2,sim,dispersion_mode_1,2.8774448751896,2.87744,-4.875189600017649e-06,1.0934550320717518e-05,-79.9481277201267,touchstone_ri,2.8774448751896,1.0,,,
260519_2dsweep_1p5cell,sim,06_2_TDS-KyhlTune-260519_171.s2p,,S12,f_pi2,sim,dispersion_mode_1,2.8774448751896,2.87744,-4.875189600017649e-06,-63.07796697170426,45.57169956436509,touchstone_ri,2.8774448751896,1.0,,,
260519_2dsweep_1p5cell,sim,06_2_TDS-KyhlTune-260519_171.s2p,,S21,f_pi2,sim,dispersion_mode_1,2.8774448751896,2.87744,-4.875189600017649e-06,-63.07874171132327,42.936632892496746,touchstone_ri,2.8774448751896,1.0,,,
260519_2dsweep_1p5cell,sim,06_2_TDS-KyhlTune-260519_171.s2p,,S22,f_pi2,sim,dispersion_mode_1,2.8774448751896,2.87744,-4.875189600017649e-06,-1.798877388740399e-05,-8.91675780167851,touchstone_ri,2.8774448751896,1.0,,,
260519_2dsweep_1p5cell,sim,06_2_TDS-KyhlTune-260519_172.s2p,,S11,f_pi2,sim,dispersion_mode_1,2.8774448751896,2.87744,-4.875189600017649e-06,7.196703496891602e-06,-83.50829170332796,touchstone_ri,2.8774448751896,1.0,,,
260519_2dsweep_1p5cell,sim,06_2_TDS-KyhlTune-260519_172.s2p,,S12,f_pi2,sim,dispersion_mode_1,2.8774448751896,2.87744,-4.875189600017649e-06,-60.722504929547654,43.52269528619049,touchstone_ri,2.8774448751896,1.0,,,
260519_2dsweep_1p5cell,sim,06_2_TDS-KyhlTune-260519_172.s2p,,S21,f_pi2,sim,dispersion_mode_1,2.8774448751896,2.87744,-4.875189600017649e-06,-60.72783859968601,43.630092212494816,touchstone_ri,2.8774448751896,1.0,,,
260519_2dsweep_1p5cell,sim,06_2_TDS-KyhlTune-260519_172.s2p,,S22,f_pi2,sim,dispersion_mode_1,2.8774448751896,2.87744,-4.875189600017649e-06,-4.862715860769881e-06,-9.200272150502578,touchstone_ri,2.8774448751896,1.0,,,
260519_2dsweep_1p5cell,sim,06_2_TDS-KyhlTune-260519_173.s2p,,S11,f_pi2,sim,dispersion_mode_1,2.8774448751896,2.87744,-4.875189600017649e-06,-6.830913645196602e-06,-90.96820059491725,touchstone_ri,2.8774448751896,1.0,,,
260519_2dsweep_1p5cell,sim,06_2_TDS-KyhlTune-260519_173.s2p,,S12,f_pi2,sim,dispersion_mode_1,2.8774448751896,2.87744,-4.875189600017649e-06,-60.279526811370985,39.92531146476447,touchstone_ri,2.8774448751896,1.0,,,
260519_2dsweep_1p5cell,sim,06_2_TDS-KyhlTune-260519_173.s2p,,S21,f_pi2,sim,dispersion_mode_1,2.8774448751896,2.87744,-4.875189600017649e-06,-60.28110365572416,39.626530917948806,touchstone_ri,2.8774448751896,1.0,,,
260519_2dsweep_1p5cell,sim,06_2_TDS-KyhlTune-260519_173.s2p,,S22,f_pi2,sim,dispersion_mode_1,2.8774448751896,2.87744,-4.875189600017649e-06,-3.321848140270495e-06,-9.727068825295309,touchstone_ri,2.8774448751896,1.0,,,
260519_2dsweep_1p5cell,sim,06_2_TDS-KyhlTune-260519_174.s2p,,S11,f_pi2,sim,dispersion_mode_1,2.8774448751896,2.87744,-4.875189600017649e-06,1.6117096321796918e-05,-95.66015757143464,touchstone_ri,2.8774448751896,1.0,,,
260519_2dsweep_1p5cell,sim,06_2_TDS-KyhlTune-260519_174.s2p,,S12,f_pi2,sim,dispersion_mode_1,2.8774448751896,2.87744,-4.875189600017649e-06,-61.10025580100935,37.20230485742904,touchstone_ri,2.8774448751896,1.0,,,
260519_2dsweep_1p5cell,sim,06_2_TDS-KyhlTune-260519_174.s2p,,S21,f_pi2,sim,dispersion_mode_1,2.8774448751896,2.87744,-4.875189600017649e-06,-61.09904120351207,37.21412541421843,touchstone_ri,2.8774448751896,1.0,,,
260519_2dsweep_1p5cell,sim,06_2_TDS-KyhlTune-260519_174.s2p,,S22,f_pi2,sim,dispersion_mode_1,2.8774448751896,2.87744,-4.875189600017649e-06,-3.9876819553056745e-06,-9.952000123892619,touchstone_ri,2.8774448751896,1.0,,,
260519_2dsweep_1p5cell,sim,06_2_TDS-KyhlTune-260519_175.s2p,,S11,f_pi2,sim,dispersion_mode_1,2.8774448751896,2.87744,-4.875189600017649e-06,-0.0002299819450859838,-99.88716591386492,touchstone_ri,2.8774448751896,1.0,,,
260519_2dsweep_1p5cell,sim,06_2_TDS-KyhlTune-260519_175.s2p,,S12,f_pi2,sim,dispersion_mode_1,2.8774448751896,2.87744,-4.875189600017649e-06,-60.518495585383164,35.90934948022921,touchstone_ri,2.8774448751896,1.0,,,
260519_2dsweep_1p5cell,sim,06_2_TDS-KyhlTune-260519_175.s2p,,S21,f_pi2,sim,dispersion_mode_1,2.8774448751896,2.87744,-4.875189600017649e-06,-60.117585883788905,34.973660008881836,touchstone_ri,2.8774448751896,1.0,,,
260519_2dsweep_1p5cell,sim,06_2_TDS-KyhlTune-260519_175.s2p,,S22,f_pi2,sim,dispersion_mode_1,2.8774448751896,2.87744,-4.875189600017649e-06,-2.6511708855570315e-05,-10.203729526036893,touchstone_ri,2.8774448751896,1.0,,,
260519_2dsweep_1p5cell,sim,06_2_TDS-KyhlTune-260519_176.s2p,,S11,f_pi2,sim,dispersion_mode_1,2.8774448751896,2.87744,-4.875189600017649e-06,-2.5850300501445394e-05,-104.62748882735617,touchstone_ri,2.8774448751896,1.0,,,
260519_2dsweep_1p5cell,sim,06_2_TDS-KyhlTune-260519_176.s2p,,S12,f_pi2,sim,dispersion_mode_1,2.8774448751896,2.87744,-4.875189600017649e-06,-61.602757743666814,35.267663076208535,touchstone_ri,2.8774448751896,1.0,,,
260519_2dsweep_1p5cell,sim,06_2_TDS-KyhlTune-260519_176.s2p,,S21,f_pi2,sim,dispersion_mode_1,2.8774448751896,2.87744,-4.875189600017649e-06,-61.62552431170659,32.28823270679936,touchstone_ri,2.8774448751896,1.0,,,
260519_2dsweep_1p5cell,sim,06_2_TDS-KyhlTune-260519_176.s2p,,S22,f_pi2,sim,dispersion_mode_1,2.8774448751896,2.87744,-4.875189600017649e-06,-1.435860075348207e-05,-10.422594208637719,touchstone_ri,2.8774448751896,1.0,,,
260519_2dsweep_1p5cell,sim,06_2_TDS-KyhlTune-260519_177.s2p,,S11,f_pi2,sim,dispersion_mode_1,2.8774448751896,2.87744,-4.875189600017649e-06,2.6859718540570642e-05,-109.48533777609951,touchstone_ri,2.8774448751896,1.0,,,
260519_2dsweep_1p5cell,sim,06_2_TDS-KyhlTune-260519_177.s2p,,S12,f_pi2,sim,dispersion_mode_1,2.8774448751896,2.87744,-4.875189600017649e-06,-59.738567877591244,31.293835040668434,touchstone_ri,2.8774448751896,1.0,,,
260519_2dsweep_1p5cell,sim,06_2_TDS-KyhlTune-260519_177.s2p,,S21,f_pi2,sim,dispersion_mode_1,2.8774448751896,2.87744,-4.875189600017649e-06,-58.565262637220215,35.94676437791421,touchstone_ri,2.8774448751896,1.0,,,
260519_2dsweep_1p5cell,sim,06_2_TDS-KyhlTune-260519_177.s2p,,S22,f_pi2,sim,dispersion_mode_1,2.8774448751896,2.87744,-4.875189600017649e-06,-3.0478410084139615e-05,-10.600831626456838,touchstone_ri,2.8774448751896,1.0,,,
260519_2dsweep_1p5cell,sim,06_2_TDS-KyhlTune-260519_178.s2p,,S11,f_pi2,sim,dispersion_mode_1,2.8774448751896,2.87744,-4.875189600017649e-06,-2.682696346571286e-05,-72.00537204111988,touchstone_ri,2.8774448751896,1.0,,,
260519_2dsweep_1p5cell,sim,06_2_TDS-KyhlTune-260519_178.s2p,,S12,f_pi2,sim,dispersion_mode_1,2.8774448751896,2.87744,-4.875189600017649e-06,-62.188215136405695,49.41216158893851,touchstone_ri,2.8774448751896,1.0,,,
260519_2dsweep_1p5cell,sim,06_2_TDS-KyhlTune-260519_178.s2p,,S21,f_pi2,sim,dispersion_mode_1,2.8774448751896,2.87744,-4.875189600017649e-06,-62.18877516286882,49.34179984304377,touchstone_ri,2.8774448751896,1.0,,,
260519_2dsweep_1p5cell,sim,06_2_TDS-KyhlTune-260519_178.s2p,,S22,f_pi2,sim,dispersion_mode_1,2.8774448751896,2.87744,-4.875189600017649e-06,-1.927920297714859e-06,-9.362141060362257,touchstone_ri,2.8774448751896,1.0,,,
260519_2dsweep_1p5cell,sim,06_2_TDS-KyhlTune-260519_179.s2p,,S11,f_pi2,sim,dispersion_mode_1,2.8774448751896,2.87744,-4.875189600017649e-06,8.208369179371655e-06,-74.96499664410312,touchstone_ri,2.8774448751896,1.0,,,
260519_2dsweep_1p5cell,sim,06_2_TDS-KyhlTune-260519_179.s2p,,S12,f_pi2,sim,dispersion_mode_1,2.8774448751896,2.87744,-4.875189600017649e-06,-64.1741613762899,47.6341645560906,touchstone_ri,2.8774448751896,1.0,,,
260519_2dsweep_1p5cell,sim,06_2_TDS-KyhlTune-260519_179.s2p,,S21,f_pi2,sim,dispersion_mode_1,2.8774448751896,2.87744,-4.875189600017649e-06,-64.17548641454204,47.710616047952456,touchstone_ri,2.8774448751896,1.0,,,
260519_2dsweep_1p5cell,sim,06_2_TDS-KyhlTune-260519_179.s2p,,S22,f_pi2,sim,dispersion_mode_1,2.8774448751896,2.87744,-4.875189600017649e-06,-1.2582062875407159e-06,-9.642337110703817,touchstone_ri,2.8774448751896,1.0,,,
260519_2dsweep_1p5cell,sim,06_2_TDS-KyhlTune-260519_18.s2p,,S11,f_pi2,sim,dispersion_mode_1,2.8774448751896,2.87744,-4.875189600017649e-06,2.211209413052718e-05,-67.68727936202895,touchstone_ri,2.8774448751896,1.0,,,
260519_2dsweep_1p5cell,sim,06_2_TDS-KyhlTune-260519_18.s2p,,S12,f_pi2,sim,dispersion_mode_1,2.8774448751896,2.87744,-4.875189600017649e-06,-58.18356983717841,63.82337256137892,touchstone_ri,2.8774448751896,1.0,,,
260519_2dsweep_1p5cell,sim,06_2_TDS-KyhlTune-260519_18.s2p,,S21,f_pi2,sim,dispersion_mode_1,2.8774448751896,2.87744,-4.875189600017649e-06,-58.044420024869474,62.53072301341851,touchstone_ri,2.8774448751896,1.0,,,
260519_2dsweep_1p5cell,sim,06_2_TDS-KyhlTune-260519_18.s2p,,S22,f_pi2,sim,dispersion_mode_1,2.8774448751896,2.87744,-4.875189600017649e-06,-4.5467440651428336e-06,12.836328671266687,touchstone_ri,2.8774448751896,1.0,,,
260519_2dsweep_1p5cell,sim,06_2_TDS-KyhlTune-260519_180.s2p,,S11,f_pi2,sim,dispersion_mode_1,2.8774448751896,2.87744,-4.875189600017649e-06,-0.00023627889753508104,-78.01623342525801,touchstone_ri,2.8774448751896,1.0,,,
260519_2dsweep_1p5cell,sim,06_2_TDS-KyhlTune-260519_180.s2p,,S12,f_pi2,sim,dispersion_mode_1,2.8774448751896,2.87744,-4.875189600017649e-06,-63.03010299673772,46.67610995897188,touchstone_ri,2.8774448751896,1.0,,,
260519_2dsweep_1p5cell,sim,06_2_TDS-KyhlTune-260519_180.s2p,,S21,f_pi2,sim,dispersion_mode_1,2.8774448751896,2.87744,-4.875189600017649e-06,-62.63153990523567,47.36150950815415,touchstone_ri,2.8774448751896,1.0,,,
260519_2dsweep_1p5cell,sim,06_2_TDS-KyhlTune-260519_180.s2p,,S22,f_pi2,sim,dispersion_mode_1,2.8774448751896,2.87744,-4.875189600017649e-06,-1.9234876081594398e-05,-9.897925162732191,touchstone_ri,2.8774448751896,1.0,,,
260519_2dsweep_1p5cell,sim,06_2_TDS-KyhlTune-260519_181.s2p,,S11,f_pi2,sim,dispersion_mode_1,2.8774448751896,2.87744,-4.875189600017649e-06,9.32701607168136e-06,-81.33893708899313,touchstone_ri,2.8774448751896,1.0,,,
260519_2dsweep_1p5cell,sim,06_2_TDS-KyhlTune-260519_181.s2p,,S12,f_pi2,sim,dispersion_mode_1,2.8774448751896,2.87744,-4.875189600017649e-06,-63.26304110159528,44.84024264165426,touchstone_ri,2.8774448751896,1.0,,,
260519_2dsweep_1p5cell,sim,06_2_TDS-KyhlTune-260519_181.s2p,,S21,f_pi2,sim,dispersion_mode_1,2.8774448751896,2.87744,-4.875189600017649e-06,-62.81504159053597,40.08816699078035,touchstone_ri,2.8774448751896,1.0,,,
260519_2dsweep_1p5cell,sim,06_2_TDS-KyhlTune-260519_181.s2p,,S22,f_pi2,sim,dispersion_mode_1,2.8774448751896,2.87744,-4.875189600017649e-06,-2.414539600925747e-05,-10.15327756361698,touchstone_ri,2.8774448751896,1.0,,,
260519_2dsweep_1p5cell,sim,06_2_TDS-KyhlTune-260519_182.s2p,,S11,f_pi2,sim,dispersion_mode_1,2.8774448751896,2.87744,-4.875189600017649e-06,-7.870015152100809e-06,-84.72196367867006,touchstone_ri,2.8774448751896,1.0,,,
260519_2dsweep_1p5cell,sim,06_2_TDS-KyhlTune-260519_182.s2p,,S12,f_pi2,sim,dispersion_mode_1,2.8774448751896,2.87744,-4.875189600017649e-06,-62.55207005109505,42.430074017176445,touchstone_ri,2.8774448751896,1.0,,,
260519_2dsweep_1p5cell,sim,06_2_TDS-KyhlTune-260519_182.s2p,,S21,f_pi2,sim,dispersion_mode_1,2.8774448751896,2.87744,-4.875189600017649e-06,-62.55493550748462,42.48248866062683,touchstone_ri,2.8774448751896,1.0,,,
260519_2dsweep_1p5cell,sim,06_2_TDS-KyhlTune-260519_182.s2p,,S22,f_pi2,sim,dispersion_mode_1,2.8774448751896,2.87744,-4.875189600017649e-06,-5.140742284147485e-05,-10.371215782335335,touchstone_ri,2.8774448751896,1.0,,,
260519_2dsweep_1p5cell,sim,06_2_TDS-KyhlTune-260519_183.s2p,,S11,f_pi2,sim,dispersion_mode_1,2.8774448751896,2.87744,-4.875189600017649e-06,-0.0006186500056538325,-88.54349162308219,touchstone_ri,2.8774448751896,1.0,,,
260519_2dsweep_1p5cell,sim,06_2_TDS-KyhlTune-260519_183.s2p,,S12,f_pi2,sim,dispersion_mode_1,2.8774448751896,2.87744,-4.875189600017649e-06,-62.13286457710092,41.626367446805574,touchstone_ri,2.8774448751896,1.0,,,
260519_2dsweep_1p5cell,sim,06_2_TDS-KyhlTune-260519_183.s2p,,S21,f_pi2,sim,dispersion_mode_1,2.8774448751896,2.87744,-4.875189600017649e-06,-61.53118841277336,40.14523905907239,touchstone_ri,2.8774448751896,1.0,,,
260519_2dsweep_1p5cell,sim,06_2_TDS-KyhlTune-260519_183.s2p,,S22,f_pi2,sim,dispersion_mode_1,2.8774448751896,2.87744,-4.875189600017649e-06,-6.337756014990956e-06,-10.607160527839355,touchstone_ri,2.8774448751896,1.0,,,
260519_2dsweep_1p5cell,sim,06_2_TDS-KyhlTune-260519_184.s2p,,S11,f_pi2,sim,dispersion_mode_1,2.8774448751896,2.87744,-4.875189600017649e-06,2.1580470042047125e-05,-92.8807445627354,touchstone_ri,2.8774448751896,1.0,,,
260519_2dsweep_1p5cell,sim,06_2_TDS-KyhlTune-260519_184.s2p,,S12,f_pi2,sim,dispersion_mode_1,2.8774448751896,2.87744,-4.875189600017649e-06,-59.52498941421325,39.4263406867565,touchstone_ri,2.8774448751896,1.0,,,
260519_2dsweep_1p5cell,sim,06_2_TDS-KyhlTune-260519_184.s2p,,S21,f_pi2,sim,dispersion_mode_1,2.8774448751896,2.87744,-4.875189600017649e-06,-58.788967029857524,34.36029919159212,touchstone_ri,2.8774448751896,1.0,,,
260519_2dsweep_1p5cell,sim,06_2_TDS-KyhlTune-260519_184.s2p,,S22,f_pi2,sim,dispersion_mode_1,2.8774448751896,2.87744,-4.875189600017649e-06,-2.4792624253340686e-05,-10.798419942389161,touchstone_ri,2.8774448751896,1.0,,,
260519_2dsweep_1p5cell,sim,06_2_TDS-KyhlTune-260519_185.s2p,,S11,f_pi2,sim,dispersion_mode_1,2.8774448751896,2.87744,-4.875189600017649e-06,-0.000690378051309846,-97.6056569934841,touchstone_ri,2.8774448751896,1.0,,,
260519_2dsweep_1p5cell,sim,06_2_TDS-KyhlTune-260519_185.s2p,,S12,f_pi2,sim,dispersion_mode_1,2.8774448751896,2.87744,-4.875189600017649e-06,-60.8804937493126,35.04119437236168,touchstone_ri,2.8774448751896,1.0,,,
260519_2dsweep_1p5cell,sim,06_2_TDS-KyhlTune-260519_185.s2p,,S21,f_pi2,sim,dispersion_mode_1,2.8774448751896,2.87744,-4.875189600017649e-06,-60.42235104015173,35.00715287829762,touchstone_ri,2.8774448751896,1.0,,,
260519_2dsweep_1p5cell,sim,06_2_TDS-KyhlTune-260519_185.s2p,,S22,f_pi2,sim,dispersion_mode_1,2.8774448751896,2.87744,-4.875189600017649e-06,-6.788197133507813e-06,-11.039087802845462,touchstone_ri,2.8774448751896,1.0,,,
260519_2dsweep_1p5cell,sim,06_2_TDS-KyhlTune-260519_186.s2p,,S11,f_pi2,sim,dispersion_mode_1,2.8774448751896,2.87744,-4.875189600017649e-06,-4.147250528674498e-05,-102.1620776989028,touchstone_ri,2.8774448751896,1.0,,,
260519_2dsweep_1p5cell,sim,06_2_TDS-KyhlTune-260519_186.s2p,,S12,f_pi2,sim,dispersion_mode_1,2.8774448751896,2.87744,-4.875189600017649e-06,-60.16681957386257,33.19055163982965,touchstone_ri,2.8774448751896,1.0,,,
260519_2dsweep_1p5cell,sim,06_2_TDS-KyhlTune-260519_186.s2p,,S21,f_pi2,sim,dispersion_mode_1,2.8774448751896,2.87744,-4.875189600017649e-06,-60.17374199208494,33.30711174203163,touchstone_ri,2.8774448751896,1.0,,,
260519_2dsweep_1p5cell,sim,06_2_TDS-KyhlTune-260519_186.s2p,,S22,f_pi2,sim,dispersion_mode_1,2.8774448751896,2.87744,-4.875189600017649e-06,-4.423284671788933e-06,-11.242676852889636,touchstone_ri,2.8774448751896,1.0,,,
260519_2dsweep_1p5cell,sim,06_2_TDS-KyhlTune-260519_187.s2p,,S11,f_pi2,sim,dispersion_mode_1,2.8774448751896,2.87744,-4.875189600017649e-06,1.6721664409346765e-05,-107.45726620244203,touchstone_ri,2.8774448751896,1.0,,,
260519_2dsweep_1p5cell,sim,06_2_TDS-KyhlTune-260519_187.s2p,,S12,f_pi2,sim,dispersion_mode_1,2.8774448751896,2.87744,-4.875189600017649e-06,-60.202465785533235,30.56694761301361,touchstone_ri,2.8774448751896,1.0,,,
260519_2dsweep_1p5cell,sim,06_2_TDS-KyhlTune-260519_187.s2p,,S21,f_pi2,sim,dispersion_mode_1,2.8774448751896,2.87744,-4.875189600017649e-06,-60.20594796478625,30.549701723266807,touchstone_ri,2.8774448751896,1.0,,,
260519_2dsweep_1p5cell,sim,06_2_TDS-KyhlTune-260519_187.s2p,,S22,f_pi2,sim,dispersion_mode_1,2.8774448751896,2.87744,-4.875189600017649e-06,-3.5656730723059e-06,-11.412010560297865,touchstone_ri,2.8774448751896,1.0,,,
260519_2dsweep_1p5cell,sim,06_2_TDS-KyhlTune-260519_188.s2p,,S11,f_pi2,sim,dispersion_mode_1,2.8774448751896,2.87744,-4.875189600017649e-06,-0.002403352924750954,-112.68293747782238,touchstone_ri,2.8774448751896,1.0,,,
260519_2dsweep_1p5cell,sim,06_2_TDS-KyhlTune-260519_188.s2p,,S12,f_pi2,sim,dispersion_mode_1,2.8774448751896,2.87744,-4.875189600017649e-06,-60.24693470058699,30.072889904890634,touchstone_ri,2.8774448751896,1.0,,,
260519_2dsweep_1p5cell,sim,06_2_TDS-KyhlTune-260519_188.s2p,,S21,f_pi2,sim,dispersion_mode_1,2.8774448751896,2.87744,-4.875189600017649e-06,-59.54253421923501,31.741109463369806,touchstone_ri,2.8774448751896,1.0,,,
260519_2dsweep_1p5cell,sim,06_2_TDS-KyhlTune-260519_188.s2p,,S22,f_pi2,sim,dispersion_mode_1,2.8774448751896,2.87744,-4.875189600017649e-06,-3.0228138065905885e-05,-11.608015182394706,touchstone_ri,2.8774448751896,1.0,,,
260519_2dsweep_1p5cell,sim,06_2_TDS-KyhlTune-260519_189.s2p,,S11,f_pi2,sim,dispersion_mode_1,2.8774448751896,2.87744,-4.875189600017649e-06,5.386889339054183e-06,-73.07162962182372,touchstone_ri,2.8774448751896,1.0,,,
260519_2dsweep_1p5cell,sim,06_2_TDS-KyhlTune-260519_189.s2p,,S12,f_pi2,sim,dispersion_mode_1,2.8774448751896,2.87744,-4.875189600017649e-06,-65.29746631421725,49.09891206297213,touchstone_ri,2.8774448751896,1.0,,,
260519_2dsweep_1p5cell,sim,06_2_TDS-KyhlTune-260519_189.s2p,,S21,f_pi2,sim,dispersion_mode_1,2.8774448751896,2.87744,-4.875189600017649e-06,-66.21592436754631,50.003895166598795,touchstone_ri,2.8774448751896,1.0,,,
260519_2dsweep_1p5cell,sim,06_2_TDS-KyhlTune-260519_189.s2p,,S22,f_pi2,sim,dispersion_mode_1,2.8774448751896,2.87744,-4.875189600017649e-06,-1.697674105588491e-05,-10.657317329789874,touchstone_ri,2.8774448751896,1.0,,,
260519_2dsweep_1p5cell,sim,06_2_TDS-KyhlTune-260519_19.s2p,,S11,f_pi2,sim,dispersion_mode_1,2.8774448751896,2.87744,-4.875189600017649e-06,-0.00011169200625508739,-68.74344786342348,touchstone_ri,2.8774448751896,1.0,,,
260519_2dsweep_1p5cell,sim,06_2_TDS-KyhlTune-260519_19.s2p,,S12,f_pi2,sim,dispersion_mode_1,2.8774448751896,2.87744,-4.875189600017649e-06,-58.28417277536402,60.90966282018534,touchstone_ri,2.8774448751896,1.0,,,
260519_2dsweep_1p5cell,sim,06_2_TDS-KyhlTune-260519_19.s2p,,S21,f_pi2,sim,dispersion_mode_1,2.8774448751896,2.87744,-4.875189600017649e-06,-58.32179403265898,61.33907889315532,touchstone_ri,2.8774448751896,1.0,,,
260519_2dsweep_1p5cell,sim,06_2_TDS-KyhlTune-260519_19.s2p,,S22,f_pi2,sim,dispersion_mode_1,2.8774448751896,2.87744,-4.875189600017649e-06,-1.7062602120125986e-05,11.467681459135736,touchstone_ri,2.8774448751896,1.0,,,
260519_2dsweep_1p5cell,sim,06_2_TDS-KyhlTune-260519_190.s2p,,S11,f_pi2,sim,dispersion_mode_1,2.8774448751896,2.87744,-4.875189600017649e-06,-0.00014268883192444651,-76.11529216088368,touchstone_ri,2.8774448751896,1.0,,,
260519_2dsweep_1p5cell,sim,06_2_TDS-KyhlTune-260519_190.s2p,,S12,f_pi2,sim,dispersion_mode_1,2.8774448751896,2.87744,-4.875189600017649e-06,-63.7694796050009,45.741717553791645,touchstone_ri,2.8774448751896,1.0,,,
260519_2dsweep_1p5cell,sim,06_2_TDS-KyhlTune-260519_190.s2p,,S21,f_pi2,sim,dispersion_mode_1,2.8774448751896,2.87744,-4.875189600017649e-06,-63.37605314114939,44.95178494218139,touchstone_ri,2.8774448751896,1.0,,,
260519_2dsweep_1p5cell,sim,06_2_TDS-KyhlTune-260519_190.s2p,,S22,f_pi2,sim,dispersion_mode_1,2.8774448751896,2.87744,-4.875189600017649e-06,-1.2615713721384806e-05,-10.903601915992008,touchstone_ri,2.8774448751896,1.0,,,
260519_2dsweep_1p5cell,sim,06_2_TDS-KyhlTune-260519_191.s2p,,S11,f_pi2,sim,dispersion_mode_1,2.8774448751896,2.87744,-4.875189600017649e-06,-2.428253052181662e-06,-79.3805865591847,touchstone_ri,2.8774448751896,1.0,,,
260519_2dsweep_1p5cell,sim,06_2_TDS-KyhlTune-260519_191.s2p,,S12,f_pi2,sim,dispersion_mode_1,2.8774448751896,2.87744,-4.875189600017649e-06,-61.53266130588126,44.75344829739964,touchstone_ri,2.8774448751896,1.0,,,
260519_2dsweep_1p5cell,sim,06_2_TDS-KyhlTune-260519_191.s2p,,S21,f_pi2,sim,dispersion_mode_1,2.8774448751896,2.87744,-4.875189600017649e-06,-61.531107180518994,44.74618434621835,touchstone_ri,2.8774448751896,1.0,,,
260519_2dsweep_1p5cell,sim,06_2_TDS-KyhlTune-260519_191.s2p,,S22,f_pi2,sim,dispersion_mode_1,2.8774448751896,2.87744,-4.875189600017649e-06,-8.421896858315039e-06,-11.116922135553047,touchstone_ri,2.8774448751896,1.0,,,
260519_2dsweep_1p5cell,sim,06_2_TDS-KyhlTune-260519_192.s2p,,S11,f_pi2,sim,dispersion_mode_1,2.8774448751896,2.87744,-4.875189600017649e-06,9.580800778670204e-06,-82.62850492629671,touchstone_ri,2.8774448751896,1.0,,,
260519_2dsweep_1p5cell,sim,06_2_TDS-KyhlTune-260519_192.s2p,,S12,f_pi2,sim,dispersion_mode_1,2.8774448751896,2.87744,-4.875189600017649e-06,-63.870663616899364,44.5336417271905,touchstone_ri,2.8774448751896,1.0,,,
260519_2dsweep_1p5cell,sim,06_2_TDS-KyhlTune-260519_192.s2p,,S21,f_pi2,sim,dispersion_mode_1,2.8774448751896,2.87744,-4.875189600017649e-06,-62.02486050791662,44.38478441365558,touchstone_ri,2.8774448751896,1.0,,,
260519_2dsweep_1p5cell,sim,06_2_TDS-KyhlTune-260519_192.s2p,,S22,f_pi2,sim,dispersion_mode_1,2.8774448751896,2.87744,-4.875189600017649e-06,-1.8361789661322425e-05,-11.312019648158161,touchstone_ri,2.8774448751896,1.0,,,
260519_2dsweep_1p5cell,sim,06_2_TDS-KyhlTune-260519_193.s2p,,S11,f_pi2,sim,dispersion_mode_1,2.8774448751896,2.87744,-4.875189600017649e-06,9.271319269244905e-06,-86.52568511078618,touchstone_ri,2.8774448751896,1.0,,,
260519_2dsweep_1p5cell,sim,06_2_TDS-KyhlTune-260519_193.s2p,,S12,f_pi2,sim,dispersion_mode_1,2.8774448751896,2.87744,-4.875189600017649e-06,-62.69490328370236,40.77524942583894,touchstone_ri,2.8774448751896,1.0,,,
260519_2dsweep_1p5cell,sim,06_2_TDS-KyhlTune-260519_193.s2p,,S21,f_pi2,sim,dispersion_mode_1,2.8774448751896,2.87744,-4.875189600017649e-06,-62.688662249242256,40.96326697785784,touchstone_ri,2.8774448751896,1.0,,,
260519_2dsweep_1p5cell,sim,06_2_TDS-KyhlTune-260519_193.s2p,,S22,f_pi2,sim,dispersion_mode_1,2.8774448751896,2.87744,-4.875189600017649e-06,-2.463945353129977e-06,-11.517229535604887,touchstone_ri,2.8774448751896,1.0,,,
260519_2dsweep_1p5cell,sim,06_2_TDS-KyhlTune-260519_194.s2p,,S11,f_pi2,sim,dispersion_mode_1,2.8774448751896,2.87744,-4.875189600017649e-06,1.0898160694182063e-05,-90.35826805888597,touchstone_ri,2.8774448751896,1.0,,,
260519_2dsweep_1p5cell,sim,06_2_TDS-KyhlTune-260519_194.s2p,,S12,f_pi2,sim,dispersion_mode_1,2.8774448751896,2.87744,-4.875189600017649e-06,-62.117981092761106,39.38327076567134,touchstone_ri,2.8774448751896,1.0,,,
260519_2dsweep_1p5cell,sim,06_2_TDS-KyhlTune-260519_194.s2p,,S21,f_pi2,sim,dispersion_mode_1,2.8774448751896,2.87744,-4.875189600017649e-06,-62.24716941459077,41.291406002157025,touchstone_ri,2.8774448751896,1.0,,,
260519_2dsweep_1p5cell,sim,06_2_TDS-KyhlTune-260519_194.s2p,,S22,f_pi2,sim,dispersion_mode_1,2.8774448751896,2.87744,-4.875189600017649e-06,-4.132666777235794e-06,-11.716120106174987,touchstone_ri,2.8774448751896,1.0,,,
260519_2dsweep_1p5cell,sim,06_2_TDS-KyhlTune-260519_195.s2p,,S11,f_pi2,sim,dispersion_mode_1,2.8774448751896,2.87744,-4.875189600017649e-06,-0.000927990991710819,-94.71144936894457,touchstone_ri,2.8774448751896,1.0,,,
260519_2dsweep_1p5cell,sim,06_2_TDS-KyhlTune-260519_195.s2p,,S12,f_pi2,sim,dispersion_mode_1,2.8774448751896,2.87744,-4.875189600017649e-06,-63.80419901416595,39.209068083342636,touchstone_ri,2.8774448751896,1.0,,,
260519_2dsweep_1p5cell,sim,06_2_TDS-KyhlTune-260519_195.s2p,,S21,f_pi2,sim,dispersion_mode_1,2.8774448751896,2.87744,-4.875189600017649e-06,-63.183883213986704,37.3634893857318,touchstone_ri,2.8774448751896,1.0,,,
260519_2dsweep_1p5cell,sim,06_2_TDS-KyhlTune-260519_195.s2p,,S22,f_pi2,sim,dispersion_mode_1,2.8774448751896,2.87744,-4.875189600017649e-06,-1.3504686602188307e-05,-11.881863727690932,touchstone_ri,2.8774448751896,1.0,,,
260519_2dsweep_1p5cell,sim,06_2_TDS-KyhlTune-260519_196.s2p,,S11,f_pi2,sim,dispersion_mode_1,2.8774448751896,2.87744,-4.875189600017649e-06,-1.710073534926838e-05,-99.36405318385405,touchstone_ri,2.8774448751896,1.0,,,
260519_2dsweep_1p5cell,sim,06_2_TDS-KyhlTune-260519_196.s2p,,S12,f_pi2,sim,dispersion_mode_1,2.8774448751896,2.87744,-4.875189600017649e-06,-59.25608687094585,34.35891603981922,touchstone_ri,2.8774448751896,1.0,,,
260519_2dsweep_1p5cell,sim,06_2_TDS-KyhlTune-260519_196.s2p,,S21,f_pi2,sim,dispersion_mode_1,2.8774448751896,2.87744,-4.875189600017649e-06,-59.25059117411257,34.33434806059422,touchstone_ri,2.8774448751896,1.0,,,
260519_2dsweep_1p5cell,sim,06_2_TDS-KyhlTune-260519_196.s2p,,S22,f_pi2,sim,dispersion_mode_1,2.8774448751896,2.87744,-4.875189600017649e-06,-7.14305236344264e-06,-12.067344774044951,touchstone_ri,2.8774448751896,1.0,,,
260519_2dsweep_1p5cell,sim,06_2_TDS-KyhlTune-260519_197.s2p,,S11,f_pi2,sim,dispersion_mode_1,2.8774448751896,2.87744,-4.875189600017649e-06,1.103710910368634e-05,-104.354502664792,touchstone_ri,2.8774448751896,1.0,,,
260519_2dsweep_1p5cell,sim,06_2_TDS-KyhlTune-260519_197.s2p,,S12,f_pi2,sim,dispersion_mode_1,2.8774448751896,2.87744,-4.875189600017649e-06,-61.72038474759057,32.786536739597615,touchstone_ri,2.8774448751896,1.0,,,
260519_2dsweep_1p5cell,sim,06_2_TDS-KyhlTune-260519_197.s2p,,S21,f_pi2,sim,dispersion_mode_1,2.8774448751896,2.87744,-4.875189600017649e-06,-61.58375338995316,31.122945943905066,touchstone_ri,2.8774448751896,1.0,,,
260519_2dsweep_1p5cell,sim,06_2_TDS-KyhlTune-260519_197.s2p,,S22,f_pi2,sim,dispersion_mode_1,2.8774448751896,2.87744,-4.875189600017649e-06,-2.634718114691287e-05,-12.214399740666247,touchstone_ri,2.8774448751896,1.0,,,
260519_2dsweep_1p5cell,sim,06_2_TDS-KyhlTune-260519_198.s2p,,S11,f_pi2,sim,dispersion_mode_1,2.8774448751896,2.87744,-4.875189600017649e-06,-0.00017840081865379024,-109.7266912817643,touchstone_ri,2.8774448751896,1.0,,,
260519_2dsweep_1p5cell,sim,06_2_TDS-KyhlTune-260519_198.s2p,,S12,f_pi2,sim,dispersion_mode_1,2.8774448751896,2.87744,-4.875189600017649e-06,-60.71797573410479,30.025033654869898,touchstone_ri,2.8774448751896,1.0,,,
260519_2dsweep_1p5cell,sim,06_2_TDS-KyhlTune-260519_198.s2p,,S21,f_pi2,sim,dispersion_mode_1,2.8774448751896,2.87744,-4.875189600017649e-06,-60.479523355319614,30.469532874022107,touchstone_ri,2.8774448751896,1.0,,,
260519_2dsweep_1p5cell,sim,06_2_TDS-KyhlTune-260519_198.s2p,,S22,f_pi2,sim,dispersion_mode_1,2.8774448751896,2.87744,-4.875189600017649e-06,-2.341262114779346e-05,-12.382002525712245,touchstone_ri,2.8774448751896,1.0,,,
260519_2dsweep_1p5cell,sim,06_2_TDS-KyhlTune-260519_199.s2p,,S11,f_pi2,sim,dispersion_mode_1,2.8774448751896,2.87744,-4.875189600017649e-06,-0.003101040332598338,-115.16115477613157,touchstone_ri,2.8774448751896,1.0,,,
260519_2dsweep_1p5cell,sim,06_2_TDS-KyhlTune-260519_199.s2p,,S12,f_pi2,sim,dispersion_mode_1,2.8774448751896,2.87744,-4.875189600017649e-06,-59.119539040224495,27.365825329621867,touchstone_ri,2.8774448751896,1.0,,,
260519_2dsweep_1p5cell,sim,06_2_TDS-KyhlTune-260519_199.s2p,,S21,f_pi2,sim,dispersion_mode_1,2.8774448751896,2.87744,-4.875189600017649e-06,-58.370060214024804,26.58109914142392,touchstone_ri,2.8774448751896,1.0,,,
260519_2dsweep_1p5cell,sim,06_2_TDS-KyhlTune-260519_199.s2p,,S22,f_pi2,sim,dispersion_mode_1,2.8774448751896,2.87744,-4.875189600017649e-06,-3.473678736152346e-05,-12.572741486917359,touchstone_ri,2.8774448751896,1.0,,,
260519_2dsweep_1p5cell,sim,06_2_TDS-KyhlTune-260519_1_1.s2p,,S11,f_pi2,sim,dispersion_mode_1,2.8774448751896,2.87744,-4.875189600017649e-06,-0.25358737049295466,-113.79220240225763,touchstone_ri,2.8774448751896,1.0,,,
260519_2dsweep_1p5cell,sim,06_2_TDS-KyhlTune-260519_1_1.s2p,,S12,f_pi2,sim,dispersion_mode_1,2.8774448751896,2.87744,-4.875189600017649e-06,-12.462207908230681,174.6839613611376,touchstone_ri,2.8774448751896,1.0,,,
260519_2dsweep_1p5cell,sim,06_2_TDS-KyhlTune-260519_1_1.s2p,,S21,f_pi2,sim,dispersion_mode_1,2.8774448751896,2.87744,-4.875189600017649e-06,-12.462538590844103,174.6836116300438,touchstone_ri,2.8774448751896,1.0,,,
260519_2dsweep_1p5cell,sim,06_2_TDS-KyhlTune-260519_1_1.s2p,,S22,f_pi2,sim,dispersion_mode_1,2.8774448751896,2.87744,-4.875189600017649e-06,-0.2536091747055294,-76.84026104799023,touchstone_ri,2.8774448751896,1.0,,,
260519_2dsweep_1p5cell,sim,06_2_TDS-KyhlTune-260519_2.s2p,,S11,f_pi2,sim,dispersion_mode_1,2.8774448751896,2.87744,-4.875189600017649e-06,1.0918463648094899e-05,-87.24524511492429,touchstone_ri,2.8774448751896,1.0,,,
260519_2dsweep_1p5cell,sim,06_2_TDS-KyhlTune-260519_2.s2p,,S12,f_pi2,sim,dispersion_mode_1,2.8774448751896,2.87744,-4.875189600017649e-06,-63.0139418441272,41.59353647463993,touchstone_ri,2.8774448751896,1.0,,,
260519_2dsweep_1p5cell,sim,06_2_TDS-KyhlTune-260519_2.s2p,,S21,f_pi2,sim,dispersion_mode_1,2.8774448751896,2.87744,-4.875189600017649e-06,-63.015137820256484,41.62890969700655,touchstone_ri,2.8774448751896,1.0,,,
260519_2dsweep_1p5cell,sim,06_2_TDS-KyhlTune-260519_2.s2p,,S22,f_pi2,sim,dispersion_mode_1,2.8774448751896,2.87744,-4.875189600017649e-06,-5.954906777293024e-05,-9.479613413810654,touchstone_ri,2.8774448751896,1.0,,,
260519_2dsweep_1p5cell,sim,06_2_TDS-KyhlTune-260519_20.s2p,,S11,f_pi2,sim,dispersion_mode_1,2.8774448751896,2.87744,-4.875189600017649e-06,-8.36670238359963e-05,-71.76422474844863,touchstone_ri,2.8774448751896,1.0,,,
260519_2dsweep_1p5cell,sim,06_2_TDS-KyhlTune-260519_20.s2p,,S12,f_pi2,sim,dispersion_mode_1,2.8774448751896,2.87744,-4.875189600017649e-06,-58.387474873488244,58.26280193016859,touchstone_ri,2.8774448751896,1.0,,,
260519_2dsweep_1p5cell,sim,06_2_TDS-KyhlTune-260519_20.s2p,,S21,f_pi2,sim,dispersion_mode_1,2.8774448751896,2.87744,-4.875189600017649e-06,-58.371867668502986,59.076182600113505,touchstone_ri,2.8774448751896,1.0,,,
260519_2dsweep_1p5cell,sim,06_2_TDS-KyhlTune-260519_20.s2p,,S22,f_pi2,sim,dispersion_mode_1,2.8774448751896,2.87744,-4.875189600017649e-06,-2.3155055883279728e-05,9.93316536386788,touchstone_ri,2.8774448751896,1.0,,,
260519_2dsweep_1p5cell,sim,06_2_TDS-KyhlTune-260519_200.s2p,,S11,f_pi2,sim,dispersion_mode_1,2.8774448751896,2.87744,-4.875189600017649e-06,3.230247245507373e-06,-74.2563948089415,touchstone_ri,2.8774448751896,1.0,,,
260519_2dsweep_1p5cell,sim,06_2_TDS-KyhlTune-260519_200.s2p,,S12,f_pi2,sim,dispersion_mode_1,2.8774448751896,2.87744,-4.875189600017649e-06,-67.05364078535985,46.438763646353415,touchstone_ri,2.8774448751896,1.0,,,
260519_2dsweep_1p5cell,sim,06_2_TDS-KyhlTune-260519_200.s2p,,S21,f_pi2,sim,dispersion_mode_1,2.8774448751896,2.87744,-4.875189600017649e-06,-67.05025228243545,46.944922948036144,touchstone_ri,2.8774448751896,1.0,,,
260519_2dsweep_1p5cell,sim,06_2_TDS-KyhlTune-260519_200.s2p,,S22,f_pi2,sim,dispersion_mode_1,2.8774448751896,2.87744,-4.875189600017649e-06,-8.006152431061179e-05,-11.881081061836946,touchstone_ri,2.8774448751896,1.0,,,
260519_2dsweep_1p5cell,sim,06_2_TDS-KyhlTune-260519_201.s2p,,S11,f_pi2,sim,dispersion_mode_1,2.8774448751896,2.87744,-4.875189600017649e-06,5.725324666662586e-06,-77.29080348880296,touchstone_ri,2.8774448751896,1.0,,,
260519_2dsweep_1p5cell,sim,06_2_TDS-KyhlTune-260519_201.s2p,,S12,f_pi2,sim,dispersion_mode_1,2.8774448751896,2.87744,-4.875189600017649e-06,-64.53545848894822,45.26577450890017,touchstone_ri,2.8774448751896,1.0,,,
260519_2dsweep_1p5cell,sim,06_2_TDS-KyhlTune-260519_201.s2p,,S21,f_pi2,sim,dispersion_mode_1,2.8774448751896,2.87744,-4.875189600017649e-06,-64.52565949410182,45.53959874659428,touchstone_ri,2.8774448751896,1.0,,,
260519_2dsweep_1p5cell,sim,06_2_TDS-KyhlTune-260519_201.s2p,,S22,f_pi2,sim,dispersion_mode_1,2.8774448751896,2.87744,-4.875189600017649e-06,-1.1712789508539242e-06,-12.09072007455346,touchstone_ri,2.8774448751896,1.0,,,
260519_2dsweep_1p5cell,sim,06_2_TDS-KyhlTune-260519_202.s2p,,S11,f_pi2,sim,dispersion_mode_1,2.8774448751896,2.87744,-4.875189600017649e-06,-6.80262432776033e-05,-80.70790634713715,touchstone_ri,2.8774448751896,1.0,,,
260519_2dsweep_1p5cell,sim,06_2_TDS-KyhlTune-260519_202.s2p,,S12,f_pi2,sim,dispersion_mode_1,2.8774448751896,2.87744,-4.875189600017649e-06,-64.54644055004879,45.283909410907164,touchstone_ri,2.8774448751896,1.0,,,
260519_2dsweep_1p5cell,sim,06_2_TDS-KyhlTune-260519_202.s2p,,S21,f_pi2,sim,dispersion_mode_1,2.8774448751896,2.87744,-4.875189600017649e-06,-64.36830513685643,42.442251390683765,touchstone_ri,2.8774448751896,1.0,,,
260519_2dsweep_1p5cell,sim,06_2_TDS-KyhlTune-260519_202.s2p,,S22,f_pi2,sim,dispersion_mode_1,2.8774448751896,2.87744,-4.875189600017649e-06,-1.9888339011680683e-05,-12.262861679411449,touchstone_ri,2.8774448751896,1.0,,,
260519_2dsweep_1p5cell,sim,06_2_TDS-KyhlTune-260519_203.s2p,,S11,f_pi2,sim,dispersion_mode_1,2.8774448751896,2.87744,-4.875189600017649e-06,5.629663928601138e-06,-84.03210603166431,touchstone_ri,2.8774448751896,1.0,,,
260519_2dsweep_1p5cell,sim,06_2_TDS-KyhlTune-260519_203.s2p,,S12,f_pi2,sim,dispersion_mode_1,2.8774448751896,2.87744,-4.875189600017649e-06,-64.41567740094254,41.796801260544655,touchstone_ri,2.8774448751896,1.0,,,
260519_2dsweep_1p5cell,sim,06_2_TDS-KyhlTune-260519_203.s2p,,S21,f_pi2,sim,dispersion_mode_1,2.8774448751896,2.87744,-4.875189600017649e-06,-64.41311294470808,41.759391628108546,touchstone_ri,2.8774448751896,1.0,,,
260519_2dsweep_1p5cell,sim,06_2_TDS-KyhlTune-260519_203.s2p,,S22,f_pi2,sim,dispersion_mode_1,2.8774448751896,2.87744,-4.875189600017649e-06,-1.249073331723663e-06,-12.435821456264543,touchstone_ri,2.8774448751896,1.0,,,
260519_2dsweep_1p5cell,sim,06_2_TDS-KyhlTune-260519_204.s2p,,S11,f_pi2,sim,dispersion_mode_1,2.8774448751896,2.87744,-4.875189600017649e-06,5.465921185006015e-06,-87.92487600792083,touchstone_ri,2.8774448751896,1.0,,,
260519_2dsweep_1p5cell,sim,06_2_TDS-KyhlTune-260519_204.s2p,,S12,f_pi2,sim,dispersion_mode_1,2.8774448751896,2.87744,-4.875189600017649e-06,-64.30713903639524,38.262070450994436,touchstone_ri,2.8774448751896,1.0,,,
260519_2dsweep_1p5cell,sim,06_2_TDS-KyhlTune-260519_204.s2p,,S21,f_pi2,sim,dispersion_mode_1,2.8774448751896,2.87744,-4.875189600017649e-06,-64.30607069346712,39.884499636784646,touchstone_ri,2.8774448751896,1.0,,,
260519_2dsweep_1p5cell,sim,06_2_TDS-KyhlTune-260519_204.s2p,,S22,f_pi2,sim,dispersion_mode_1,2.8774448751896,2.87744,-4.875189600017649e-06,-1.341002297085509e-06,-12.577795909292313,touchstone_ri,2.8774448751896,1.0,,,
260519_2dsweep_1p5cell,sim,06_2_TDS-KyhlTune-260519_205.s2p,,S11,f_pi2,sim,dispersion_mode_1,2.8774448751896,2.87744,-4.875189600017649e-06,1.2044381594194582e-05,-92.16804093322118,touchstone_ri,2.8774448751896,1.0,,,
260519_2dsweep_1p5cell,sim,06_2_TDS-KyhlTune-260519_205.s2p,,S12,f_pi2,sim,dispersion_mode_1,2.8774448751896,2.87744,-4.875189600017649e-06,-62.12559046176787,38.82114365800988,touchstone_ri,2.8774448751896,1.0,,,
260519_2dsweep_1p5cell,sim,06_2_TDS-KyhlTune-260519_205.s2p,,S21,f_pi2,sim,dispersion_mode_1,2.8774448751896,2.87744,-4.875189600017649e-06,-60.5008641109789,39.57309924932155,touchstone_ri,2.8774448751896,1.0,,,
260519_2dsweep_1p5cell,sim,06_2_TDS-KyhlTune-260519_205.s2p,,S22,f_pi2,sim,dispersion_mode_1,2.8774448751896,2.87744,-4.875189600017649e-06,-2.7026339020862295e-05,-12.733034268295222,touchstone_ri,2.8774448751896,1.0,,,
260519_2dsweep_1p5cell,sim,06_2_TDS-KyhlTune-260519_206.s2p,,S11,f_pi2,sim,dispersion_mode_1,2.8774448751896,2.87744,-4.875189600017649e-06,-0.0006755045847181737,-96.56892007136332,touchstone_ri,2.8774448751896,1.0,,,
260519_2dsweep_1p5cell,sim,06_2_TDS-KyhlTune-260519_206.s2p,,S12,f_pi2,sim,dispersion_mode_1,2.8774448751896,2.87744,-4.875189600017649e-06,-64.31103546943841,36.254539693416866,touchstone_ri,2.8774448751896,1.0,,,
260519_2dsweep_1p5cell,sim,06_2_TDS-KyhlTune-260519_206.s2p,,S21,f_pi2,sim,dispersion_mode_1,2.8774448751896,2.87744,-4.875189600017649e-06,-62.986240870660595,40.75336349817707,touchstone_ri,2.8774448751896,1.0,,,
260519_2dsweep_1p5cell,sim,06_2_TDS-KyhlTune-260519_206.s2p,,S22,f_pi2,sim,dispersion_mode_1,2.8774448751896,2.87744,-4.875189600017649e-06,-1.7279712908260398e-05,-12.899624524573925,touchstone_ri,2.8774448751896,1.0,,,
260519_2dsweep_1p5cell,sim,06_2_TDS-KyhlTune-260519_207.s2p,,S11,f_pi2,sim,dispersion_mode_1,2.8774448751896,2.87744,-4.875189600017649e-06,-0.0009437663649158182,-101.40037598072277,touchstone_ri,2.8774448751896,1.0,,,
260519_2dsweep_1p5cell,sim,06_2_TDS-KyhlTune-260519_207.s2p,,S12,f_pi2,sim,dispersion_mode_1,2.8774448751896,2.87744,-4.875189600017649e-06,-61.57985362328737,34.74423958002204,touchstone_ri,2.8774448751896,1.0,,,
260519_2dsweep_1p5cell,sim,06_2_TDS-KyhlTune-260519_207.s2p,,S21,f_pi2,sim,dispersion_mode_1,2.8774448751896,2.87744,-4.875189600017649e-06,-61.60309415879074,34.70767056583618,touchstone_ri,2.8774448751896,1.0,,,
260519_2dsweep_1p5cell,sim,06_2_TDS-KyhlTune-260519_207.s2p,,S22,f_pi2,sim,dispersion_mode_1,2.8774448751896,2.87744,-4.875189600017649e-06,-1.4309415593472738e-05,-13.034508245970068,touchstone_ri,2.8774448751896,1.0,,,
260519_2dsweep_1p5cell,sim,06_2_TDS-KyhlTune-260519_208.s2p,,S11,f_pi2,sim,dispersion_mode_1,2.8774448751896,2.87744,-4.875189600017649e-06,-2.1621408100416597e-05,-106.58084477402382,touchstone_ri,2.8774448751896,1.0,,,
260519_2dsweep_1p5cell,sim,06_2_TDS-KyhlTune-260519_208.s2p,,S12,f_pi2,sim,dispersion_mode_1,2.8774448751896,2.87744,-4.875189600017649e-06,-61.99426300288251,30.07774156721788,touchstone_ri,2.8774448751896,1.0,,,
260519_2dsweep_1p5cell,sim,06_2_TDS-KyhlTune-260519_208.s2p,,S21,f_pi2,sim,dispersion_mode_1,2.8774448751896,2.87744,-4.875189600017649e-06,-61.98200811339461,30.11305914421951,touchstone_ri,2.8774448751896,1.0,,,
260519_2dsweep_1p5cell,sim,06_2_TDS-KyhlTune-260519_208.s2p,,S22,f_pi2,sim,dispersion_mode_1,2.8774448751896,2.87744,-4.875189600017649e-06,-0.00015547219514112947,-13.220084226670355,touchstone_ri,2.8774448751896,1.0,,,
260519_2dsweep_1p5cell,sim,06_2_TDS-KyhlTune-260519_209.s2p,,S11,f_pi2,sim,dispersion_mode_1,2.8774448751896,2.87744,-4.875189600017649e-06,-0.0027699123503717705,-112.55826169242803,touchstone_ri,2.8774448751896,1.0,,,
260519_2dsweep_1p5cell,sim,06_2_TDS-KyhlTune-260519_209.s2p,,S12,f_pi2,sim,dispersion_mode_1,2.8774448751896,2.87744,-4.875189600017649e-06,-61.069586509175686,28.31256648334978,touchstone_ri,2.8774448751896,1.0,,,
260519_2dsweep_1p5cell,sim,06_2_TDS-KyhlTune-260519_209.s2p,,S21,f_pi2,sim,dispersion_mode_1,2.8774448751896,2.87744,-4.875189600017649e-06,-60.719890933716904,29.97682853144088,touchstone_ri,2.8774448751896,1.0,,,
260519_2dsweep_1p5cell,sim,06_2_TDS-KyhlTune-260519_209.s2p,,S22,f_pi2,sim,dispersion_mode_1,2.8774448751896,2.87744,-4.875189600017649e-06,-3.190342362303049e-05,-13.343378974506852,touchstone_ri,2.8774448751896,1.0,,,
260519_2dsweep_1p5cell,sim,06_2_TDS-KyhlTune-260519_21.s2p,,S11,f_pi2,sim,dispersion_mode_1,2.8774448751896,2.87744,-4.875189600017649e-06,-0.00015033187786723766,-74.72662579106786,touchstone_ri,2.8774448751896,1.0,,,
260519_2dsweep_1p5cell,sim,06_2_TDS-KyhlTune-260519_21.s2p,,S12,f_pi2,sim,dispersion_mode_1,2.8774448751896,2.87744,-4.875189600017649e-06,-58.495661034278974,56.54688151488605,touchstone_ri,2.8774448751896,1.0,,,
260519_2dsweep_1p5cell,sim,06_2_TDS-KyhlTune-260519_21.s2p,,S21,f_pi2,sim,dispersion_mode_1,2.8774448751896,2.87744,-4.875189600017649e-06,-58.44824025504688,56.945382026189776,touchstone_ri,2.8774448751896,1.0,,,
260519_2dsweep_1p5cell,sim,06_2_TDS-KyhlTune-260519_21.s2p,,S22,f_pi2,sim,dispersion_mode_1,2.8774448751896,2.87744,-4.875189600017649e-06,-2.17341843672137e-05,8.576708195755014,touchstone_ri,2.8774448751896,1.0,,,
260519_2dsweep_1p5cell,sim,06_2_TDS-KyhlTune-260519_210.s2p,,S11,f_pi2,sim,dispersion_mode_1,2.8774448751896,2.87744,-4.875189600017649e-06,-0.005624863164434876,-118.35321782642575,touchstone_ri,2.8774448751896,1.0,,,
260519_2dsweep_1p5cell,sim,06_2_TDS-KyhlTune-260519_210.s2p,,S12,f_pi2,sim,dispersion_mode_1,2.8774448751896,2.87744,-4.875189600017649e-06,-63.21513642985398,26.367812998294184,touchstone_ri,2.8774448751896,1.0,,,
260519_2dsweep_1p5cell,sim,06_2_TDS-KyhlTune-260519_210.s2p,,S21,f_pi2,sim,dispersion_mode_1,2.8774448751896,2.87744,-4.875189600017649e-06,-63.10197766658705,27.17744304856096,touchstone_ri,2.8774448751896,1.0,,,
260519_2dsweep_1p5cell,sim,06_2_TDS-KyhlTune-260519_210.s2p,,S22,f_pi2,sim,dispersion_mode_1,2.8774448751896,2.87744,-4.875189600017649e-06,-2.194298726430964e-05,-13.453756200536816,touchstone_ri,2.8774448751896,1.0,,,
260519_2dsweep_1p5cell,sim,06_2_TDS-KyhlTune-260519_211.s2p,,S11,f_pi2,sim,dispersion_mode_1,2.8774448751896,2.87744,-4.875189600017649e-06,3.03931795728969e-06,-75.30052762473612,touchstone_ri,2.8774448751896,1.0,,,
260519_2dsweep_1p5cell,sim,06_2_TDS-KyhlTune-260519_211.s2p,,S12,f_pi2,sim,dispersion_mode_1,2.8774448751896,2.87744,-4.875189600017649e-06,-67.42932393127595,48.21845009854878,touchstone_ri,2.8774448751896,1.0,,,
260519_2dsweep_1p5cell,sim,06_2_TDS-KyhlTune-260519_211.s2p,,S21,f_pi2,sim,dispersion_mode_1,2.8774448751896,2.87744,-4.875189600017649e-06,-67.42789445557935,49.58741170769475,touchstone_ri,2.8774448751896,1.0,,,
260519_2dsweep_1p5cell,sim,06_2_TDS-KyhlTune-260519_211.s2p,,S22,f_pi2,sim,dispersion_mode_1,2.8774448751896,2.87744,-4.875189600017649e-06,-3.357410960734501e-06,-13.039917551760064,touchstone_ri,2.8774448751896,1.0,,,
260519_2dsweep_1p5cell,sim,06_2_TDS-KyhlTune-260519_212.s2p,,S11,f_pi2,sim,dispersion_mode_1,2.8774448751896,2.87744,-4.875189600017649e-06,-0.00015911342997714054,-78.51872286571228,touchstone_ri,2.8774448751896,1.0,,,
260519_2dsweep_1p5cell,sim,06_2_TDS-KyhlTune-260519_212.s2p,,S12,f_pi2,sim,dispersion_mode_1,2.8774448751896,2.87744,-4.875189600017649e-06,-64.92804733856397,45.834714639840975,touchstone_ri,2.8774448751896,1.0,,,
260519_2dsweep_1p5cell,sim,06_2_TDS-KyhlTune-260519_212.s2p,,S21,f_pi2,sim,dispersion_mode_1,2.8774448751896,2.87744,-4.875189600017649e-06,-63.475168546469746,44.78873882373589,touchstone_ri,2.8774448751896,1.0,,,
260519_2dsweep_1p5cell,sim,06_2_TDS-KyhlTune-260519_212.s2p,,S22,f_pi2,sim,dispersion_mode_1,2.8774448751896,2.87744,-4.875189600017649e-06,-2.302573376041997e-05,-13.204100774260809,touchstone_ri,2.8774448751896,1.0,,,
260519_2dsweep_1p5cell,sim,06_2_TDS-KyhlTune-260519_213.s2p,,S11,f_pi2,sim,dispersion_mode_1,2.8774448751896,2.87744,-4.875189600017649e-06,-0.0005394108337257969,-82.06894495292575,touchstone_ri,2.8774448751896,1.0,,,
260519_2dsweep_1p5cell,sim,06_2_TDS-KyhlTune-260519_213.s2p,,S12,f_pi2,sim,dispersion_mode_1,2.8774448751896,2.87744,-4.875189600017649e-06,-64.67731574935802,43.600584157578595,touchstone_ri,2.8774448751896,1.0,,,
260519_2dsweep_1p5cell,sim,06_2_TDS-KyhlTune-260519_213.s2p,,S21,f_pi2,sim,dispersion_mode_1,2.8774448751896,2.87744,-4.875189600017649e-06,-64.45745607948312,41.70756641671798,touchstone_ri,2.8774448751896,1.0,,,
260519_2dsweep_1p5cell,sim,06_2_TDS-KyhlTune-260519_213.s2p,,S22,f_pi2,sim,dispersion_mode_1,2.8774448751896,2.87744,-4.875189600017649e-06,-2.850399144556323e-05,-13.342746583622292,touchstone_ri,2.8774448751896,1.0,,,
260519_2dsweep_1p5cell,sim,06_2_TDS-KyhlTune-260519_214.s2p,,S11,f_pi2,sim,dispersion_mode_1,2.8774448751896,2.87744,-4.875189600017649e-06,-0.00026745589989759545,-85.60781190379718,touchstone_ri,2.8774448751896,1.0,,,
260519_2dsweep_1p5cell,sim,06_2_TDS-KyhlTune-260519_214.s2p,,S12,f_pi2,sim,dispersion_mode_1,2.8774448751896,2.87744,-4.875189600017649e-06,-63.739903427775545,41.57431815961987,touchstone_ri,2.8774448751896,1.0,,,
260519_2dsweep_1p5cell,sim,06_2_TDS-KyhlTune-260519_214.s2p,,S21,f_pi2,sim,dispersion_mode_1,2.8774448751896,2.87744,-4.875189600017649e-06,-63.605297599769386,39.782377821958235,touchstone_ri,2.8774448751896,1.0,,,
260519_2dsweep_1p5cell,sim,06_2_TDS-KyhlTune-260519_214.s2p,,S22,f_pi2,sim,dispersion_mode_1,2.8774448751896,2.87744,-4.875189600017649e-06,-1.1180850557421434e-05,-13.52707063669935,touchstone_ri,2.8774448751896,1.0,,,
260519_2dsweep_1p5cell,sim,06_2_TDS-KyhlTune-260519_215.s2p,,S11,f_pi2,sim,dispersion_mode_1,2.8774448751896,2.87744,-4.875189600017649e-06,-0.0007527902206920025,-89.56579623243574,touchstone_ri,2.8774448751896,1.0,,,
260519_2dsweep_1p5cell,sim,06_2_TDS-KyhlTune-260519_215.s2p,,S12,f_pi2,sim,dispersion_mode_1,2.8774448751896,2.87744,-4.875189600017649e-06,-65.32181921113518,41.532529500926735,touchstone_ri,2.8774448751896,1.0,,,
260519_2dsweep_1p5cell,sim,06_2_TDS-KyhlTune-260519_215.s2p,,S21,f_pi2,sim,dispersion_mode_1,2.8774448751896,2.87744,-4.875189600017649e-06,-65.65084630627338,55.6193514926659,touchstone_ri,2.8774448751896,1.0,,,
260519_2dsweep_1p5cell,sim,06_2_TDS-KyhlTune-260519_215.s2p,,S22,f_pi2,sim,dispersion_mode_1,2.8774448751896,2.87744,-4.875189600017649e-06,-2.460560786371732e-05,-13.62739651197884,touchstone_ri,2.8774448751896,1.0,,,
260519_2dsweep_1p5cell,sim,06_2_TDS-KyhlTune-260519_216.s2p,,S11,f_pi2,sim,dispersion_mode_1,2.8774448751896,2.87744,-4.875189600017649e-06,-0.0007813614923521061,-94.10280618326543,touchstone_ri,2.8774448751896,1.0,,,
260519_2dsweep_1p5cell,sim,06_2_TDS-KyhlTune-260519_216.s2p,,S12,f_pi2,sim,dispersion_mode_1,2.8774448751896,2.87744,-4.875189600017649e-06,-63.7873288587026,38.195151908381206,touchstone_ri,2.8774448751896,1.0,,,
260519_2dsweep_1p5cell,sim,06_2_TDS-KyhlTune-260519_216.s2p,,S21,f_pi2,sim,dispersion_mode_1,2.8774448751896,2.87744,-4.875189600017649e-06,-63.6536305727694,37.01237390190347,touchstone_ri,2.8774448751896,1.0,,,
260519_2dsweep_1p5cell,sim,06_2_TDS-KyhlTune-260519_216.s2p,,S22,f_pi2,sim,dispersion_mode_1,2.8774448751896,2.87744,-4.875189600017649e-06,-1.47727838181935e-05,-13.767143812470653,touchstone_ri,2.8774448751896,1.0,,,
260519_2dsweep_1p5cell,sim,06_2_TDS-KyhlTune-260519_217.s2p,,S11,f_pi2,sim,dispersion_mode_1,2.8774448751896,2.87744,-4.875189600017649e-06,4.898455070173696e-06,-98.63659966571444,touchstone_ri,2.8774448751896,1.0,,,
260519_2dsweep_1p5cell,sim,06_2_TDS-KyhlTune-260519_217.s2p,,S12,f_pi2,sim,dispersion_mode_1,2.8774448751896,2.87744,-4.875189600017649e-06,-63.357293302254234,35.5699008832035,touchstone_ri,2.8774448751896,1.0,,,
260519_2dsweep_1p5cell,sim,06_2_TDS-KyhlTune-260519_217.s2p,,S21,f_pi2,sim,dispersion_mode_1,2.8774448751896,2.87744,-4.875189600017649e-06,-64.25821963632367,28.70821462304629,touchstone_ri,2.8774448751896,1.0,,,
260519_2dsweep_1p5cell,sim,06_2_TDS-KyhlTune-260519_217.s2p,,S22,f_pi2,sim,dispersion_mode_1,2.8774448751896,2.87744,-4.875189600017649e-06,-1.4815990357307667e-05,-13.886525098682627,touchstone_ri,2.8774448751896,1.0,,,
260519_2dsweep_1p5cell,sim,06_2_TDS-KyhlTune-260519_218.s2p,,S11,f_pi2,sim,dispersion_mode_1,2.8774448751896,2.87744,-4.875189600017649e-06,5.139321351449148e-06,-103.8017496324035,touchstone_ri,2.8774448751896,1.0,,,
260519_2dsweep_1p5cell,sim,06_2_TDS-KyhlTune-260519_218.s2p,,S12,f_pi2,sim,dispersion_mode_1,2.8774448751896,2.87744,-4.875189600017649e-06,-64.20886606801956,33.04821611494658,touchstone_ri,2.8774448751896,1.0,,,
260519_2dsweep_1p5cell,sim,06_2_TDS-KyhlTune-260519_218.s2p,,S21,f_pi2,sim,dispersion_mode_1,2.8774448751896,2.87744,-4.875189600017649e-06,-64.2385969796448,31.075046874643917,touchstone_ri,2.8774448751896,1.0,,,
260519_2dsweep_1p5cell,sim,06_2_TDS-KyhlTune-260519_218.s2p,,S22,f_pi2,sim,dispersion_mode_1,2.8774448751896,2.87744,-4.875189600017649e-06,-3.084493081101307e-05,-14.030910367156258,touchstone_ri,2.8774448751896,1.0,,,
260519_2dsweep_1p5cell,sim,06_2_TDS-KyhlTune-260519_219.s2p,,S11,f_pi2,sim,dispersion_mode_1,2.8774448751896,2.87744,-4.875189600017649e-06,-0.0033058583519183344,-108.99366909307804,touchstone_ri,2.8774448751896,1.0,,,
260519_2dsweep_1p5cell,sim,06_2_TDS-KyhlTune-260519_219.s2p,,S12,f_pi2,sim,dispersion_mode_1,2.8774448751896,2.87744,-4.875189600017649e-06,-62.577297934776,30.711895170313486,touchstone_ri,2.8774448751896,1.0,,,
260519_2dsweep_1p5cell,sim,06_2_TDS-KyhlTune-260519_219.s2p,,S21,f_pi2,sim,dispersion_mode_1,2.8774448751896,2.87744,-4.875189600017649e-06,-63.187244002983995,32.78245452890069,touchstone_ri,2.8774448751896,1.0,,,
260519_2dsweep_1p5cell,sim,06_2_TDS-KyhlTune-260519_219.s2p,,S22,f_pi2,sim,dispersion_mode_1,2.8774448751896,2.87744,-4.875189600017649e-06,-2.800484262713112e-05,-14.162377146635855,touchstone_ri,2.8774448751896,1.0,,,
260519_2dsweep_1p5cell,sim,06_2_TDS-KyhlTune-260519_22.s2p,,S11,f_pi2,sim,dispersion_mode_1,2.8774448751896,2.87744,-4.875189600017649e-06,4.503493739601991e-05,-76.56468954800451,touchstone_ri,2.8774448751896,1.0,,,
260519_2dsweep_1p5cell,sim,06_2_TDS-KyhlTune-260519_22.s2p,,S12,f_pi2,sim,dispersion_mode_1,2.8774448751896,2.87744,-4.875189600017649e-06,-57.696429609708126,54.69843115243542,touchstone_ri,2.8774448751896,1.0,,,
260519_2dsweep_1p5cell,sim,06_2_TDS-KyhlTune-260519_22.s2p,,S21,f_pi2,sim,dispersion_mode_1,2.8774448751896,2.87744,-4.875189600017649e-06,-57.97834074796697,55.461679999198665,touchstone_ri,2.8774448751896,1.0,,,
260519_2dsweep_1p5cell,sim,06_2_TDS-KyhlTune-260519_22.s2p,,S22,f_pi2,sim,dispersion_mode_1,2.8774448751896,2.87744,-4.875189600017649e-06,-7.459157916929812e-05,7.518167555045688,touchstone_ri,2.8774448751896,1.0,,,
260519_2dsweep_1p5cell,sim,06_2_TDS-KyhlTune-260519_220.s2p,,S11,f_pi2,sim,dispersion_mode_1,2.8774448751896,2.87744,-4.875189600017649e-06,-0.003534917048420056,-115.10155339917326,touchstone_ri,2.8774448751896,1.0,,,
260519_2dsweep_1p5cell,sim,06_2_TDS-KyhlTune-260519_220.s2p,,S12,f_pi2,sim,dispersion_mode_1,2.8774448751896,2.87744,-4.875189600017649e-06,-62.30499790459351,24.592676493389007,touchstone_ri,2.8774448751896,1.0,,,
260519_2dsweep_1p5cell,sim,06_2_TDS-KyhlTune-260519_220.s2p,,S21,f_pi2,sim,dispersion_mode_1,2.8774448751896,2.87744,-4.875189600017649e-06,-64.48514740175284,26.309816385960595,touchstone_ri,2.8774448751896,1.0,,,
260519_2dsweep_1p5cell,sim,06_2_TDS-KyhlTune-260519_220.s2p,,S22,f_pi2,sim,dispersion_mode_1,2.8774448751896,2.87744,-4.875189600017649e-06,-2.2582027266686835e-05,-14.257552634179104,touchstone_ri,2.8774448751896,1.0,,,
260519_2dsweep_1p5cell,sim,06_2_TDS-KyhlTune-260519_221.s2p,,S11,f_pi2,sim,dispersion_mode_1,2.8774448751896,2.87744,-4.875189600017649e-06,-8.17750751449379e-05,-121.22978486030439,touchstone_ri,2.8774448751896,1.0,,,
260519_2dsweep_1p5cell,sim,06_2_TDS-KyhlTune-260519_221.s2p,,S12,f_pi2,sim,dispersion_mode_1,2.8774448751896,2.87744,-4.875189600017649e-06,-62.97307319043779,24.191433095075034,touchstone_ri,2.8774448751896,1.0,,,
260519_2dsweep_1p5cell,sim,06_2_TDS-KyhlTune-260519_221.s2p,,S21,f_pi2,sim,dispersion_mode_1,2.8774448751896,2.87744,-4.875189600017649e-06,-61.99931756279763,18.89117212731228,touchstone_ri,2.8774448751896,1.0,,,
260519_2dsweep_1p5cell,sim,06_2_TDS-KyhlTune-260519_221.s2p,,S22,f_pi2,sim,dispersion_mode_1,2.8774448751896,2.87744,-4.875189600017649e-06,-2.8617634337667247e-05,-14.41010446502555,touchstone_ri,2.8774448751896,1.0,,,
260519_2dsweep_1p5cell,sim,06_2_TDS-KyhlTune-260519_222.s2p,,S11,f_pi2,sim,dispersion_mode_1,2.8774448751896,2.87744,-4.875189600017649e-06,-2.0108718307700624e-06,-76.65437378484577,touchstone_ri,2.8774448751896,1.0,,,
260519_2dsweep_1p5cell,sim,06_2_TDS-KyhlTune-260519_222.s2p,,S12,f_pi2,sim,dispersion_mode_1,2.8774448751896,2.87744,-4.875189600017649e-06,-67.405910454798,44.74937443041563,touchstone_ri,2.8774448751896,1.0,,,
260519_2dsweep_1p5cell,sim,06_2_TDS-KyhlTune-260519_222.s2p,,S21,f_pi2,sim,dispersion_mode_1,2.8774448751896,2.87744,-4.875189600017649e-06,-67.38898726969659,44.588636914675654,touchstone_ri,2.8774448751896,1.0,,,
260519_2dsweep_1p5cell,sim,06_2_TDS-KyhlTune-260519_222.s2p,,S22,f_pi2,sim,dispersion_mode_1,2.8774448751896,2.87744,-4.875189600017649e-06,-1.6746672651594674e-05,-14.150158736661483,touchstone_ri,2.8774448751896,1.0,,,
260519_2dsweep_1p5cell,sim,06_2_TDS-KyhlTune-260519_223.s2p,,S11,f_pi2,sim,dispersion_mode_1,2.8774448751896,2.87744,-4.875189600017649e-06,-1.6496737613698378e-05,-79.79769795756945,touchstone_ri,2.8774448751896,1.0,,,
260519_2dsweep_1p5cell,sim,06_2_TDS-KyhlTune-260519_223.s2p,,S12,f_pi2,sim,dispersion_mode_1,2.8774448751896,2.87744,-4.875189600017649e-06,-66.12286197507072,43.01238535536976,touchstone_ri,2.8774448751896,1.0,,,
260519_2dsweep_1p5cell,sim,06_2_TDS-KyhlTune-260519_223.s2p,,S21,f_pi2,sim,dispersion_mode_1,2.8774448751896,2.87744,-4.875189600017649e-06,-66.13140826332588,42.86022434279285,touchstone_ri,2.8774448751896,1.0,,,
260519_2dsweep_1p5cell,sim,06_2_TDS-KyhlTune-260519_223.s2p,,S22,f_pi2,sim,dispersion_mode_1,2.8774448751896,2.87744,-4.875189600017649e-06,-8.29324142042112e-07,-14.288608005572156,touchstone_ri,2.8774448751896,1.0,,,
260519_2dsweep_1p5cell,sim,06_2_TDS-KyhlTune-260519_224.s2p,,S11,f_pi2,sim,dispersion_mode_1,2.8774448751896,2.87744,-4.875189600017649e-06,-2.2852217329741152e-05,-83.64574369787009,touchstone_ri,2.8774448751896,1.0,,,
260519_2dsweep_1p5cell,sim,06_2_TDS-KyhlTune-260519_224.s2p,,S12,f_pi2,sim,dispersion_mode_1,2.8774448751896,2.87744,-4.875189600017649e-06,-66.07705545174386,40.912562784872634,touchstone_ri,2.8774448751896,1.0,,,
260519_2dsweep_1p5cell,sim,06_2_TDS-KyhlTune-260519_224.s2p,,S21,f_pi2,sim,dispersion_mode_1,2.8774448751896,2.87744,-4.875189600017649e-06,-66.07391968404185,40.97610296662491,touchstone_ri,2.8774448751896,1.0,,,
260519_2dsweep_1p5cell,sim,06_2_TDS-KyhlTune-260519_224.s2p,,S22,f_pi2,sim,dispersion_mode_1,2.8774448751896,2.87744,-4.875189600017649e-06,-9.40406764255332e-06,-14.387489639164466,touchstone_ri,2.8774448751896,1.0,,,
260519_2dsweep_1p5cell,sim,06_2_TDS-KyhlTune-260519_225.s2p,,S11,f_pi2,sim,dispersion_mode_1,2.8774448751896,2.87744,-4.875189600017649e-06,2.6448819671843366e-06,-87.30535933022645,touchstone_ri,2.8774448751896,1.0,,,
260519_2dsweep_1p5cell,sim,06_2_TDS-KyhlTune-260519_225.s2p,,S12,f_pi2,sim,dispersion_mode_1,2.8774448751896,2.87744,-4.875189600017649e-06,-64.64080274590208,39.103587952417435,touchstone_ri,2.8774448751896,1.0,,,
260519_2dsweep_1p5cell,sim,06_2_TDS-KyhlTune-260519_225.s2p,,S21,f_pi2,sim,dispersion_mode_1,2.8774448751896,2.87744,-4.875189600017649e-06,-64.63588841722182,39.08028002698768,touchstone_ri,2.8774448751896,1.0,,,
260519_2dsweep_1p5cell,sim,06_2_TDS-KyhlTune-260519_225.s2p,,S22,f_pi2,sim,dispersion_mode_1,2.8774448751896,2.87744,-4.875189600017649e-06,-1.3025372452637931e-05,-14.531381450579824,touchstone_ri,2.8774448751896,1.0,,,
260519_2dsweep_1p5cell,sim,06_2_TDS-KyhlTune-260519_226.s2p,,S11,f_pi2,sim,dispersion_mode_1,2.8774448751896,2.87744,-4.875189600017649e-06,2.910089220286705e-06,-91.62505995282567,touchstone_ri,2.8774448751896,1.0,,,
260519_2dsweep_1p5cell,sim,06_2_TDS-KyhlTune-260519_226.s2p,,S12,f_pi2,sim,dispersion_mode_1,2.8774448751896,2.87744,-4.875189600017649e-06,-64.51805365929536,38.08230491135188,touchstone_ri,2.8774448751896,1.0,,,
260519_2dsweep_1p5cell,sim,06_2_TDS-KyhlTune-260519_226.s2p,,S21,f_pi2,sim,dispersion_mode_1,2.8774448751896,2.87744,-4.875189600017649e-06,-66.2486888478565,30.934442908937903,touchstone_ri,2.8774448751896,1.0,,,
260519_2dsweep_1p5cell,sim,06_2_TDS-KyhlTune-260519_226.s2p,,S22,f_pi2,sim,dispersion_mode_1,2.8774448751896,2.87744,-4.875189600017649e-06,-2.9005644619935522e-05,-14.64106930175438,touchstone_ri,2.8774448751896,1.0,,,
260519_2dsweep_1p5cell,sim,06_2_TDS-KyhlTune-260519_227.s2p,,S11,f_pi2,sim,dispersion_mode_1,2.8774448751896,2.87744,-4.875189600017649e-06,2.046506393756304e-06,-95.78396798708103,touchstone_ri,2.8774448751896,1.0,,,
260519_2dsweep_1p5cell,sim,06_2_TDS-KyhlTune-260519_227.s2p,,S12,f_pi2,sim,dispersion_mode_1,2.8774448751896,2.87744,-4.875189600017649e-06,-64.61366788060636,34.67397803631178,touchstone_ri,2.8774448751896,1.0,,,
260519_2dsweep_1p5cell,sim,06_2_TDS-KyhlTune-260519_227.s2p,,S21,f_pi2,sim,dispersion_mode_1,2.8774448751896,2.87744,-4.875189600017649e-06,-64.61769283650771,34.75916690783375,touchstone_ri,2.8774448751896,1.0,,,
260519_2dsweep_1p5cell,sim,06_2_TDS-KyhlTune-260519_227.s2p,,S22,f_pi2,sim,dispersion_mode_1,2.8774448751896,2.87744,-4.875189600017649e-06,-1.7970466870768613e-05,-14.759826182118609,touchstone_ri,2.8774448751896,1.0,,,
260519_2dsweep_1p5cell,sim,06_2_TDS-KyhlTune-260519_228.s2p,,S11,f_pi2,sim,dispersion_mode_1,2.8774448751896,2.87744,-4.875189600017649e-06,-2.0368874501927584e-05,-100.7292653905126,touchstone_ri,2.8774448751896,1.0,,,
260519_2dsweep_1p5cell,sim,06_2_TDS-KyhlTune-260519_228.s2p,,S12,f_pi2,sim,dispersion_mode_1,2.8774448751896,2.87744,-4.875189600017649e-06,-65.76953538431216,32.30389468369851,touchstone_ri,2.8774448751896,1.0,,,
260519_2dsweep_1p5cell,sim,06_2_TDS-KyhlTune-260519_228.s2p,,S21,f_pi2,sim,dispersion_mode_1,2.8774448751896,2.87744,-4.875189600017649e-06,-65.76715051065659,32.18216761388632,touchstone_ri,2.8774448751896,1.0,,,
260519_2dsweep_1p5cell,sim,06_2_TDS-KyhlTune-260519_228.s2p,,S22,f_pi2,sim,dispersion_mode_1,2.8774448751896,2.87744,-4.875189600017649e-06,-6.7452500444024915e-06,-14.875847016486562,touchstone_ri,2.8774448751896,1.0,,,
260519_2dsweep_1p5cell,sim,06_2_TDS-KyhlTune-260519_229.s2p,,S11,f_pi2,sim,dispersion_mode_1,2.8774448751896,2.87744,-4.875189600017649e-06,-0.001021991330875502,-106.09032640384731,touchstone_ri,2.8774448751896,1.0,,,
260519_2dsweep_1p5cell,sim,06_2_TDS-KyhlTune-260519_229.s2p,,S12,f_pi2,sim,dispersion_mode_1,2.8774448751896,2.87744,-4.875189600017649e-06,-64.64809462959903,31.53024941809534,touchstone_ri,2.8774448751896,1.0,,,
260519_2dsweep_1p5cell,sim,06_2_TDS-KyhlTune-260519_229.s2p,,S21,f_pi2,sim,dispersion_mode_1,2.8774448751896,2.87744,-4.875189600017649e-06,-65.11313492103494,25.27055297812509,touchstone_ri,2.8774448751896,1.0,,,
260519_2dsweep_1p5cell,sim,06_2_TDS-KyhlTune-260519_229.s2p,,S22,f_pi2,sim,dispersion_mode_1,2.8774448751896,2.87744,-4.875189600017649e-06,-1.8283744289652745e-05,-14.977987360294785,touchstone_ri,2.8774448751896,1.0,,,
260519_2dsweep_1p5cell,sim,06_2_TDS-KyhlTune-260519_23.s2p,,S11,f_pi2,sim,dispersion_mode_1,2.8774448751896,2.87744,-4.875189600017649e-06,4.738212760027405e-05,-80.18491018852929,touchstone_ri,2.8774448751896,1.0,,,
260519_2dsweep_1p5cell,sim,06_2_TDS-KyhlTune-260519_23.s2p,,S12,f_pi2,sim,dispersion_mode_1,2.8774448751896,2.87744,-4.875189600017649e-06,-57.734381849438506,55.66721141840181,touchstone_ri,2.8774448751896,1.0,,,
260519_2dsweep_1p5cell,sim,06_2_TDS-KyhlTune-260519_23.s2p,,S21,f_pi2,sim,dispersion_mode_1,2.8774448751896,2.87744,-4.875189600017649e-06,-58.09683234745964,53.06455377874094,touchstone_ri,2.8774448751896,1.0,,,
260519_2dsweep_1p5cell,sim,06_2_TDS-KyhlTune-260519_23.s2p,,S22,f_pi2,sim,dispersion_mode_1,2.8774448751896,2.87744,-4.875189600017649e-06,-2.675709701743874e-05,6.399129128058283,touchstone_ri,2.8774448751896,1.0,,,
260519_2dsweep_1p5cell,sim,06_2_TDS-KyhlTune-260519_230.s2p,,S11,f_pi2,sim,dispersion_mode_1,2.8774448751896,2.87744,-4.875189600017649e-06,-0.0017451826435717333,-111.77613073004234,touchstone_ri,2.8774448751896,1.0,,,
260519_2dsweep_1p5cell,sim,06_2_TDS-KyhlTune-260519_230.s2p,,S12,f_pi2,sim,dispersion_mode_1,2.8774448751896,2.87744,-4.875189600017649e-06,-64.70469461328653,27.648367370343234,touchstone_ri,2.8774448751896,1.0,,,
260519_2dsweep_1p5cell,sim,06_2_TDS-KyhlTune-260519_230.s2p,,S21,f_pi2,sim,dispersion_mode_1,2.8774448751896,2.87744,-4.875189600017649e-06,-64.07174368900417,30.912564715785877,touchstone_ri,2.8774448751896,1.0,,,
260519_2dsweep_1p5cell,sim,06_2_TDS-KyhlTune-260519_230.s2p,,S22,f_pi2,sim,dispersion_mode_1,2.8774448751896,2.87744,-4.875189600017649e-06,-1.977103109929155e-05,-15.053231860692302,touchstone_ri,2.8774448751896,1.0,,,
260519_2dsweep_1p5cell,sim,06_2_TDS-KyhlTune-260519_231.s2p,,S11,f_pi2,sim,dispersion_mode_1,2.8774448751896,2.87744,-4.875189600017649e-06,-0.0025242535924374504,-117.94490785776972,touchstone_ri,2.8774448751896,1.0,,,
260519_2dsweep_1p5cell,sim,06_2_TDS-KyhlTune-260519_231.s2p,,S12,f_pi2,sim,dispersion_mode_1,2.8774448751896,2.87744,-4.875189600017649e-06,-64.98010340994065,25.072101180294382,touchstone_ri,2.8774448751896,1.0,,,
260519_2dsweep_1p5cell,sim,06_2_TDS-KyhlTune-260519_231.s2p,,S21,f_pi2,sim,dispersion_mode_1,2.8774448751896,2.87744,-4.875189600017649e-06,-65.31076257675018,30.459170421252225,touchstone_ri,2.8774448751896,1.0,,,
260519_2dsweep_1p5cell,sim,06_2_TDS-KyhlTune-260519_231.s2p,,S22,f_pi2,sim,dispersion_mode_1,2.8774448751896,2.87744,-4.875189600017649e-06,-8.475332261476127e-06,-15.168898499356924,touchstone_ri,2.8774448751896,1.0,,,
260519_2dsweep_1p5cell,sim,06_2_TDS-KyhlTune-260519_232.s2p,,S11,f_pi2,sim,dispersion_mode_1,2.8774448751896,2.87744,-4.875189600017649e-06,-0.0003175904316443641,-124.32842016256366,touchstone_ri,2.8774448751896,1.0,,,
260519_2dsweep_1p5cell,sim,06_2_TDS-KyhlTune-260519_232.s2p,,S12,f_pi2,sim,dispersion_mode_1,2.8774448751896,2.87744,-4.875189600017649e-06,-62.803462589536096,20.251428016825624,touchstone_ri,2.8774448751896,1.0,,,
260519_2dsweep_1p5cell,sim,06_2_TDS-KyhlTune-260519_232.s2p,,S21,f_pi2,sim,dispersion_mode_1,2.8774448751896,2.87744,-4.875189600017649e-06,-62.804041829826936,20.217369241229985,touchstone_ri,2.8774448751896,1.0,,,
260519_2dsweep_1p5cell,sim,06_2_TDS-KyhlTune-260519_232.s2p,,S22,f_pi2,sim,dispersion_mode_1,2.8774448751896,2.87744,-4.875189600017649e-06,-2.0103113239793307e-06,-15.261098910735774,touchstone_ri,2.8774448751896,1.0,,,
260519_2dsweep_1p5cell,sim,06_2_TDS-KyhlTune-260519_233.s2p,,S11,f_pi2,sim,dispersion_mode_1,2.8774448751896,2.87744,-4.875189600017649e-06,2.1047727695792303e-06,-77.76534694119005,touchstone_ri,2.8774448751896,1.0,,,
260519_2dsweep_1p5cell,sim,06_2_TDS-KyhlTune-260519_233.s2p,,S12,f_pi2,sim,dispersion_mode_1,2.8774448751896,2.87744,-4.875189600017649e-06,-66.98800909932233,41.4082183980498,touchstone_ri,2.8774448751896,1.0,,,
260519_2dsweep_1p5cell,sim,06_2_TDS-KyhlTune-260519_233.s2p,,S21,f_pi2,sim,dispersion_mode_1,2.8774448751896,2.87744,-4.875189600017649e-06,-66.91683640096316,43.879466250579185,touchstone_ri,2.8774448751896,1.0,,,
260519_2dsweep_1p5cell,sim,06_2_TDS-KyhlTune-260519_233.s2p,,S22,f_pi2,sim,dispersion_mode_1,2.8774448751896,2.87744,-4.875189600017649e-06,-4.716275214438392e-06,-15.228418057754832,touchstone_ri,2.8774448751896,1.0,,,
260519_2dsweep_1p5cell,sim,06_2_TDS-KyhlTune-260519_234.s2p,,S11,f_pi2,sim,dispersion_mode_1,2.8774448751896,2.87744,-4.875189600017649e-06,-9.953369342254414e-07,-81.28697461963765,touchstone_ri,2.8774448751896,1.0,,,
260519_2dsweep_1p5cell,sim,06_2_TDS-KyhlTune-260519_234.s2p,,S12,f_pi2,sim,dispersion_mode_1,2.8774448751896,2.87744,-4.875189600017649e-06,-66.33664836975045,41.43795079004743,touchstone_ri,2.8774448751896,1.0,,,
260519_2dsweep_1p5cell,sim,06_2_TDS-KyhlTune-260519_234.s2p,,S21,f_pi2,sim,dispersion_mode_1,2.8774448751896,2.87744,-4.875189600017649e-06,-66.33820808311454,41.696108352223895,touchstone_ri,2.8774448751896,1.0,,,
260519_2dsweep_1p5cell,sim,06_2_TDS-KyhlTune-260519_234.s2p,,S22,f_pi2,sim,dispersion_mode_1,2.8774448751896,2.87744,-4.875189600017649e-06,-7.965665443923481e-07,-15.309709826245522,touchstone_ri,2.8774448751896,1.0,,,
260519_2dsweep_1p5cell,sim,06_2_TDS-KyhlTune-260519_235.s2p,,S11,f_pi2,sim,dispersion_mode_1,2.8774448751896,2.87744,-4.875189600017649e-06,7.10392327789179e-07,-84.99238947977985,touchstone_ri,2.8774448751896,1.0,,,
260519_2dsweep_1p5cell,sim,06_2_TDS-KyhlTune-260519_235.s2p,,S12,f_pi2,sim,dispersion_mode_1,2.8774448751896,2.87744,-4.875189600017649e-06,-69.26247834121378,43.605411461628535,touchstone_ri,2.8774448751896,1.0,,,
260519_2dsweep_1p5cell,sim,06_2_TDS-KyhlTune-260519_235.s2p,,S21,f_pi2,sim,dispersion_mode_1,2.8774448751896,2.87744,-4.875189600017649e-06,-70.81155785728163,26.687705659839548,touchstone_ri,2.8774448751896,1.0,,,
260519_2dsweep_1p5cell,sim,06_2_TDS-KyhlTune-260519_235.s2p,,S22,f_pi2,sim,dispersion_mode_1,2.8774448751896,2.87744,-4.875189600017649e-06,-2.7824680330025822e-05,-15.440185371312351,touchstone_ri,2.8774448751896,1.0,,,
260519_2dsweep_1p5cell,sim,06_2_TDS-KyhlTune-260519_236.s2p,,S11,f_pi2,sim,dispersion_mode_1,2.8774448751896,2.87744,-4.875189600017649e-06,-6.498215881988381e-07,-88.93813710073721,touchstone_ri,2.8774448751896,1.0,,,
260519_2dsweep_1p5cell,sim,06_2_TDS-KyhlTune-260519_236.s2p,,S12,f_pi2,sim,dispersion_mode_1,2.8774448751896,2.87744,-4.875189600017649e-06,-65.57322461407853,37.64327354004331,touchstone_ri,2.8774448751896,1.0,,,
260519_2dsweep_1p5cell,sim,06_2_TDS-KyhlTune-260519_236.s2p,,S21,f_pi2,sim,dispersion_mode_1,2.8774448751896,2.87744,-4.875189600017649e-06,-65.58370820089081,37.7943263747225,touchstone_ri,2.8774448751896,1.0,,,
260519_2dsweep_1p5cell,sim,06_2_TDS-KyhlTune-260519_236.s2p,,S22,f_pi2,sim,dispersion_mode_1,2.8774448751896,2.87744,-4.875189600017649e-06,-1.0317188708249813e-05,-15.527472721861052,touchstone_ri,2.8774448751896,1.0,,,
260519_2dsweep_1p5cell,sim,06_2_TDS-KyhlTune-260519_237.s2p,,S11,f_pi2,sim,dispersion_mode_1,2.8774448751896,2.87744,-4.875189600017649e-06,2.4523639158317797e-06,-93.27402751667398,touchstone_ri,2.8774448751896,1.0,,,
260519_2dsweep_1p5cell,sim,06_2_TDS-KyhlTune-260519_237.s2p,,S12,f_pi2,sim,dispersion_mode_1,2.8774448751896,2.87744,-4.875189600017649e-06,-66.35341934975108,35.599777832833,touchstone_ri,2.8774448751896,1.0,,,
260519_2dsweep_1p5cell,sim,06_2_TDS-KyhlTune-260519_237.s2p,,S21,f_pi2,sim,dispersion_mode_1,2.8774448751896,2.87744,-4.875189600017649e-06,-66.35152909471715,35.57332447849312,touchstone_ri,2.8774448751896,1.0,,,
260519_2dsweep_1p5cell,sim,06_2_TDS-KyhlTune-260519_237.s2p,,S22,f_pi2,sim,dispersion_mode_1,2.8774448751896,2.87744,-4.875189600017649e-06,-8.311061132946056e-07,-15.62401452645937,touchstone_ri,2.8774448751896,1.0,,,
260519_2dsweep_1p5cell,sim,06_2_TDS-KyhlTune-260519_238.s2p,,S11,f_pi2,sim,dispersion_mode_1,2.8774448751896,2.87744,-4.875189600017649e-06,-2.6020691691838234e-05,-97.92920241073784,touchstone_ri,2.8774448751896,1.0,,,
260519_2dsweep_1p5cell,sim,06_2_TDS-KyhlTune-260519_238.s2p,,S12,f_pi2,sim,dispersion_mode_1,2.8774448751896,2.87744,-4.875189600017649e-06,-63.55485449544738,33.23525862755579,touchstone_ri,2.8774448751896,1.0,,,
260519_2dsweep_1p5cell,sim,06_2_TDS-KyhlTune-260519_238.s2p,,S21,f_pi2,sim,dispersion_mode_1,2.8774448751896,2.87744,-4.875189600017649e-06,-64.83131917985443,33.26033398112103,touchstone_ri,2.8774448751896,1.0,,,
260519_2dsweep_1p5cell,sim,06_2_TDS-KyhlTune-260519_238.s2p,,S22,f_pi2,sim,dispersion_mode_1,2.8774448751896,2.87744,-4.875189600017649e-06,-6.020573949325265e-06,-15.705933893290018,touchstone_ri,2.8774448751896,1.0,,,
260519_2dsweep_1p5cell,sim,06_2_TDS-KyhlTune-260519_239.s2p,,S11,f_pi2,sim,dispersion_mode_1,2.8774448751896,2.87744,-4.875189600017649e-06,-0.002151082157956993,-103.22514821142325,touchstone_ri,2.8774448751896,1.0,,,
260519_2dsweep_1p5cell,sim,06_2_TDS-KyhlTune-260519_239.s2p,,S12,f_pi2,sim,dispersion_mode_1,2.8774448751896,2.87744,-4.875189600017649e-06,-66.5663637852238,33.316864372072494,touchstone_ri,2.8774448751896,1.0,,,
260519_2dsweep_1p5cell,sim,06_2_TDS-KyhlTune-260519_239.s2p,,S21,f_pi2,sim,dispersion_mode_1,2.8774448751896,2.87744,-4.875189600017649e-06,-66.39774471670157,36.06508239183623,touchstone_ri,2.8774448751896,1.0,,,
260519_2dsweep_1p5cell,sim,06_2_TDS-KyhlTune-260519_239.s2p,,S22,f_pi2,sim,dispersion_mode_1,2.8774448751896,2.87744,-4.875189600017649e-06,-2.4360791766644334e-05,-15.80774320877847,touchstone_ri,2.8774448751896,1.0,,,
260519_2dsweep_1p5cell,sim,06_2_TDS-KyhlTune-260519_24.s2p,,S11,f_pi2,sim,dispersion_mode_1,2.8774448751896,2.87744,-4.875189600017649e-06,5.879173586031308e-05,-82.86675857139606,touchstone_ri,2.8774448751896,1.0,,,
260519_2dsweep_1p5cell,sim,06_2_TDS-KyhlTune-260519_24.s2p,,S12,f_pi2,sim,dispersion_mode_1,2.8774448751896,2.87744,-4.875189600017649e-06,-57.57683185863668,51.88745269678588,touchstone_ri,2.8774448751896,1.0,,,
260519_2dsweep_1p5cell,sim,06_2_TDS-KyhlTune-260519_24.s2p,,S21,f_pi2,sim,dispersion_mode_1,2.8774448751896,2.87744,-4.875189600017649e-06,-57.34789527644335,51.37454097156745,touchstone_ri,2.8774448751896,1.0,,,
260519_2dsweep_1p5cell,sim,06_2_TDS-KyhlTune-260519_24.s2p,,S22,f_pi2,sim,dispersion_mode_1,2.8774448751896,2.87744,-4.875189600017649e-06,-6.070517020458904e-06,5.451964343284559,touchstone_ri,2.8774448751896,1.0,,,
260519_2dsweep_1p5cell,sim,06_2_TDS-KyhlTune-260519_240.s2p,,S11,f_pi2,sim,dispersion_mode_1,2.8774448751896,2.87744,-4.875189600017649e-06,-2.2605998813608808e-05,-108.5315223341339,touchstone_ri,2.8774448751896,1.0,,,
260519_2dsweep_1p5cell,sim,06_2_TDS-KyhlTune-260519_240.s2p,,S12,f_pi2,sim,dispersion_mode_1,2.8774448751896,2.87744,-4.875189600017649e-06,-61.55228001149224,27.779502607114296,touchstone_ri,2.8774448751896,1.0,,,
260519_2dsweep_1p5cell,sim,06_2_TDS-KyhlTune-260519_240.s2p,,S21,f_pi2,sim,dispersion_mode_1,2.8774448751896,2.87744,-4.875189600017649e-06,-61.54589735170575,27.797919974913864,touchstone_ri,2.8774448751896,1.0,,,
260519_2dsweep_1p5cell,sim,06_2_TDS-KyhlTune-260519_240.s2p,,S22,f_pi2,sim,dispersion_mode_1,2.8774448751896,2.87744,-4.875189600017649e-06,-2.4820502791222163e-05,-15.875006006791486,touchstone_ri,2.8774448751896,1.0,,,
260519_2dsweep_1p5cell,sim,06_2_TDS-KyhlTune-260519_241.s2p,,S11,f_pi2,sim,dispersion_mode_1,2.8774448751896,2.87744,-4.875189600017649e-06,4.836058367775451e-06,-114.718257960529,touchstone_ri,2.8774448751896,1.0,,,
260519_2dsweep_1p5cell,sim,06_2_TDS-KyhlTune-260519_241.s2p,,S12,f_pi2,sim,dispersion_mode_1,2.8774448751896,2.87744,-4.875189600017649e-06,-62.963965058547934,25.7639146418312,touchstone_ri,2.8774448751896,1.0,,,
260519_2dsweep_1p5cell,sim,06_2_TDS-KyhlTune-260519_241.s2p,,S21,f_pi2,sim,dispersion_mode_1,2.8774448751896,2.87744,-4.875189600017649e-06,-62.65766643019048,21.234232848514864,touchstone_ri,2.8774448751896,1.0,,,
260519_2dsweep_1p5cell,sim,06_2_TDS-KyhlTune-260519_241.s2p,,S22,f_pi2,sim,dispersion_mode_1,2.8774448751896,2.87744,-4.875189600017649e-06,-1.3097541291621025e-05,-15.975464916994163,touchstone_ri,2.8774448751896,1.0,,,
260519_2dsweep_1p5cell,sim,06_2_TDS-KyhlTune-260519_242.s2p,,S11,f_pi2,sim,dispersion_mode_1,2.8774448751896,2.87744,-4.875189600017649e-06,5.309723954768606e-06,-120.82889162627288,touchstone_ri,2.8774448751896,1.0,,,
260519_2dsweep_1p5cell,sim,06_2_TDS-KyhlTune-260519_242.s2p,,S12,f_pi2,sim,dispersion_mode_1,2.8774448751896,2.87744,-4.875189600017649e-06,-62.757216780923464,21.554071474638604,touchstone_ri,2.8774448751896,1.0,,,
260519_2dsweep_1p5cell,sim,06_2_TDS-KyhlTune-260519_242.s2p,,S21,f_pi2,sim,dispersion_mode_1,2.8774448751896,2.87744,-4.875189600017649e-06,-62.75509004358986,21.57121844277803,touchstone_ri,2.8774448751896,1.0,,,
260519_2dsweep_1p5cell,sim,06_2_TDS-KyhlTune-260519_242.s2p,,S22,f_pi2,sim,dispersion_mode_1,2.8774448751896,2.87744,-4.875189600017649e-06,-2.022812096695999e-06,-16.06881481977408,touchstone_ri,2.8774448751896,1.0,,,
260519_2dsweep_1p5cell,sim,06_2_TDS-KyhlTune-260519_243.s2p,,S11,f_pi2,sim,dispersion_mode_1,2.8774448751896,2.87744,-4.875189600017649e-06,-0.0002961877347359932,-127.90782770093473,touchstone_ri,2.8774448751896,1.0,,,
260519_2dsweep_1p5cell,sim,06_2_TDS-KyhlTune-260519_243.s2p,,S12,f_pi2,sim,dispersion_mode_1,2.8774448751896,2.87744,-4.875189600017649e-06,-62.18809760903109,19.088355719121928,touchstone_ri,2.8774448751896,1.0,,,
260519_2dsweep_1p5cell,sim,06_2_TDS-KyhlTune-260519_243.s2p,,S21,f_pi2,sim,dispersion_mode_1,2.8774448751896,2.87744,-4.875189600017649e-06,-62.24428238490839,19.627878244265794,touchstone_ri,2.8774448751896,1.0,,,
260519_2dsweep_1p5cell,sim,06_2_TDS-KyhlTune-260519_243.s2p,,S22,f_pi2,sim,dispersion_mode_1,2.8774448751896,2.87744,-4.875189600017649e-06,-6.0369662932952354e-06,-16.159462815284474,touchstone_ri,2.8774448751896,1.0,,,
260519_2dsweep_1p5cell,sim,06_2_TDS-KyhlTune-260519_244.s2p,,S11,f_pi2,sim,dispersion_mode_1,2.8774448751896,2.87744,-4.875189600017649e-06,-0.00021465173667382996,-79.16381471737874,touchstone_ri,2.8774448751896,1.0,,,
260519_2dsweep_1p5cell,sim,06_2_TDS-KyhlTune-260519_244.s2p,,S12,f_pi2,sim,dispersion_mode_1,2.8774448751896,2.87744,-4.875189600017649e-06,-72.68305766614947,42.91137675475816,touchstone_ri,2.8774448751896,1.0,,,
260519_2dsweep_1p5cell,sim,06_2_TDS-KyhlTune-260519_244.s2p,,S21,f_pi2,sim,dispersion_mode_1,2.8774448751896,2.87744,-4.875189600017649e-06,-72.71933591572491,42.5486911649457,touchstone_ri,2.8774448751896,1.0,,,
260519_2dsweep_1p5cell,sim,06_2_TDS-KyhlTune-260519_244.s2p,,S22,f_pi2,sim,dispersion_mode_1,2.8774448751896,2.87744,-4.875189600017649e-06,-8.930671119410717e-07,-16.24712372744852,touchstone_ri,2.8774448751896,1.0,,,
260519_2dsweep_1p5cell,sim,06_2_TDS-KyhlTune-260519_245.s2p,,S11,f_pi2,sim,dispersion_mode_1,2.8774448751896,2.87744,-4.875189600017649e-06,1.4618273493289272e-06,-82.76343266682781,touchstone_ri,2.8774448751896,1.0,,,
260519_2dsweep_1p5cell,sim,06_2_TDS-KyhlTune-260519_245.s2p,,S12,f_pi2,sim,dispersion_mode_1,2.8774448751896,2.87744,-4.875189600017649e-06,-66.32017911690089,42.713541638896324,touchstone_ri,2.8774448751896,1.0,,,
260519_2dsweep_1p5cell,sim,06_2_TDS-KyhlTune-260519_245.s2p,,S21,f_pi2,sim,dispersion_mode_1,2.8774448751896,2.87744,-4.875189600017649e-06,-68.39272762616822,33.58517343516105,touchstone_ri,2.8774448751896,1.0,,,
260519_2dsweep_1p5cell,sim,06_2_TDS-KyhlTune-260519_245.s2p,,S22,f_pi2,sim,dispersion_mode_1,2.8774448751896,2.87744,-4.875189600017649e-06,-2.5025536171474527e-05,-16.330914066304672,touchstone_ri,2.8774448751896,1.0,,,
260519_2dsweep_1p5cell,sim,06_2_TDS-KyhlTune-260519_246.s2p,,S11,f_pi2,sim,dispersion_mode_1,2.8774448751896,2.87744,-4.875189600017649e-06,-5.580393405343143e-06,-86.59040895522725,touchstone_ri,2.8774448751896,1.0,,,
260519_2dsweep_1p5cell,sim,06_2_TDS-KyhlTune-260519_246.s2p,,S12,f_pi2,sim,dispersion_mode_1,2.8774448751896,2.87744,-4.875189600017649e-06,-68.08612935423825,37.7746001154448,touchstone_ri,2.8774448751896,1.0,,,
260519_2dsweep_1p5cell,sim,06_2_TDS-KyhlTune-260519_246.s2p,,S21,f_pi2,sim,dispersion_mode_1,2.8774448751896,2.87744,-4.875189600017649e-06,-68.01502775134162,38.35221130482662,touchstone_ri,2.8774448751896,1.0,,,
260519_2dsweep_1p5cell,sim,06_2_TDS-KyhlTune-260519_246.s2p,,S22,f_pi2,sim,dispersion_mode_1,2.8774448751896,2.87744,-4.875189600017649e-06,-5.58582592998328e-07,-16.4441613823231,touchstone_ri,2.8774448751896,1.0,,,
260519_2dsweep_1p5cell,sim,06_2_TDS-KyhlTune-260519_247.s2p,,S11,f_pi2,sim,dispersion_mode_1,2.8774448751896,2.87744,-4.875189600017649e-06,1.5889390816062754e-06,-90.61444200156986,touchstone_ri,2.8774448751896,1.0,,,
260519_2dsweep_1p5cell,sim,06_2_TDS-KyhlTune-260519_247.s2p,,S12,f_pi2,sim,dispersion_mode_1,2.8774448751896,2.87744,-4.875189600017649e-06,-67.78082189463672,36.47365041497065,touchstone_ri,2.8774448751896,1.0,,,
260519_2dsweep_1p5cell,sim,06_2_TDS-KyhlTune-260519_247.s2p,,S21,f_pi2,sim,dispersion_mode_1,2.8774448751896,2.87744,-4.875189600017649e-06,-67.76633133801806,36.45011198826693,touchstone_ri,2.8774448751896,1.0,,,
260519_2dsweep_1p5cell,sim,06_2_TDS-KyhlTune-260519_247.s2p,,S22,f_pi2,sim,dispersion_mode_1,2.8774448751896,2.87744,-4.875189600017649e-06,-3.7219007014580566e-06,-16.504368614877677,touchstone_ri,2.8774448751896,1.0,,,
260519_2dsweep_1p5cell,sim,06_2_TDS-KyhlTune-260519_248.s2p,,S11,f_pi2,sim,dispersion_mode_1,2.8774448751896,2.87744,-4.875189600017649e-06,2.159234006207781e-06,-95.21428038859075,touchstone_ri,2.8774448751896,1.0,,,
260519_2dsweep_1p5cell,sim,06_2_TDS-KyhlTune-260519_248.s2p,,S12,f_pi2,sim,dispersion_mode_1,2.8774448751896,2.87744,-4.875189600017649e-06,-66.41214513039843,34.1265711727744,touchstone_ri,2.8774448751896,1.0,,,
260519_2dsweep_1p5cell,sim,06_2_TDS-KyhlTune-260519_248.s2p,,S21,f_pi2,sim,dispersion_mode_1,2.8774448751896,2.87744,-4.875189600017649e-06,-66.39193063452771,34.14073983055874,touchstone_ri,2.8774448751896,1.0,,,
260519_2dsweep_1p5cell,sim,06_2_TDS-KyhlTune-260519_248.s2p,,S22,f_pi2,sim,dispersion_mode_1,2.8774448751896,2.87744,-4.875189600017649e-06,-8.281224462193399e-07,-16.567920651556378,touchstone_ri,2.8774448751896,1.0,,,
260519_2dsweep_1p5cell,sim,06_2_TDS-KyhlTune-260519_249.s2p,,S11,f_pi2,sim,dispersion_mode_1,2.8774448751896,2.87744,-4.875189600017649e-06,-0.0011756549457886674,-100.1994893132004,touchstone_ri,2.8774448751896,1.0,,,
260519_2dsweep_1p5cell,sim,06_2_TDS-KyhlTune-260519_249.s2p,,S12,f_pi2,sim,dispersion_mode_1,2.8774448751896,2.87744,-4.875189600017649e-06,-63.90551171496851,32.67820614324611,touchstone_ri,2.8774448751896,1.0,,,
260519_2dsweep_1p5cell,sim,06_2_TDS-KyhlTune-260519_249.s2p,,S21,f_pi2,sim,dispersion_mode_1,2.8774448751896,2.87744,-4.875189600017649e-06,-65.60289446958319,31.907931818681593,touchstone_ri,2.8774448751896,1.0,,,
260519_2dsweep_1p5cell,sim,06_2_TDS-KyhlTune-260519_249.s2p,,S22,f_pi2,sim,dispersion_mode_1,2.8774448751896,2.87744,-4.875189600017649e-06,-8.068896841684233e-06,-16.622546040817365,touchstone_ri,2.8774448751896,1.0,,,
260519_2dsweep_1p5cell,sim,06_2_TDS-KyhlTune-260519_25.s2p,,S11,f_pi2,sim,dispersion_mode_1,2.8774448751896,2.87744,-4.875189600017649e-06,-8.078597263310918e-05,-60.067177900644154,touchstone_ri,2.8774448751896,1.0,,,
260519_2dsweep_1p5cell,sim,06_2_TDS-KyhlTune-260519_25.s2p,,S12,f_pi2,sim,dispersion_mode_1,2.8774448751896,2.87744,-4.875189600017649e-06,-58.52684936432408,69.4532468690292,touchstone_ri,2.8774448751896,1.0,,,
260519_2dsweep_1p5cell,sim,06_2_TDS-KyhlTune-260519_25.s2p,,S21,f_pi2,sim,dispersion_mode_1,2.8774448751896,2.87744,-4.875189600017649e-06,-58.548229450283245,69.32649674735097,touchstone_ri,2.8774448751896,1.0,,,
260519_2dsweep_1p5cell,sim,06_2_TDS-KyhlTune-260519_25.s2p,,S22,f_pi2,sim,dispersion_mode_1,2.8774448751896,2.87744,-4.875189600017649e-06,-2.880434292796523e-05,18.712044829962892,touchstone_ri,2.8774448751896,1.0,,,
260519_2dsweep_1p5cell,sim,06_2_TDS-KyhlTune-260519_250.s2p,,S11,f_pi2,sim,dispersion_mode_1,2.8774448751896,2.87744,-4.875189600017649e-06,-0.00029806229349367585,-105.63370222035651,touchstone_ri,2.8774448751896,1.0,,,
260519_2dsweep_1p5cell,sim,06_2_TDS-KyhlTune-260519_250.s2p,,S12,f_pi2,sim,dispersion_mode_1,2.8774448751896,2.87744,-4.875189600017649e-06,-65.4719473250008,28.81937102829021,touchstone_ri,2.8774448751896,1.0,,,
260519_2dsweep_1p5cell,sim,06_2_TDS-KyhlTune-260519_250.s2p,,S21,f_pi2,sim,dispersion_mode_1,2.8774448751896,2.87744,-4.875189600017649e-06,-65.47042793007446,28.82253508623978,touchstone_ri,2.8774448751896,1.0,,,
260519_2dsweep_1p5cell,sim,06_2_TDS-KyhlTune-260519_250.s2p,,S22,f_pi2,sim,dispersion_mode_1,2.8774448751896,2.87744,-4.875189600017649e-06,-1.7985517644033647e-06,-16.71362993984051,touchstone_ri,2.8774448751896,1.0,,,
260519_2dsweep_1p5cell,sim,06_2_TDS-KyhlTune-260519_251.s2p,,S11,f_pi2,sim,dispersion_mode_1,2.8774448751896,2.87744,-4.875189600017649e-06,-1.5888679204196079e-06,-111.15826283430057,touchstone_ri,2.8774448751896,1.0,,,
260519_2dsweep_1p5cell,sim,06_2_TDS-KyhlTune-260519_251.s2p,,S12,f_pi2,sim,dispersion_mode_1,2.8774448751896,2.87744,-4.875189600017649e-06,-64.3838501574308,26.00448735531123,touchstone_ri,2.8774448751896,1.0,,,
260519_2dsweep_1p5cell,sim,06_2_TDS-KyhlTune-260519_251.s2p,,S21,f_pi2,sim,dispersion_mode_1,2.8774448751896,2.87744,-4.875189600017649e-06,-64.38503594707606,26.046153952035965,touchstone_ri,2.8774448751896,1.0,,,
260519_2dsweep_1p5cell,sim,06_2_TDS-KyhlTune-260519_251.s2p,,S22,f_pi2,sim,dispersion_mode_1,2.8774448751896,2.87744,-4.875189600017649e-06,-4.0747217559924e-06,-16.792796958967287,touchstone_ri,2.8774448751896,1.0,,,
260519_2dsweep_1p5cell,sim,06_2_TDS-KyhlTune-260519_252.s2p,,S11,f_pi2,sim,dispersion_mode_1,2.8774448751896,2.87744,-4.875189600017649e-06,2.1484092787875107e-06,-117.40024100152218,touchstone_ri,2.8774448751896,1.0,,,
260519_2dsweep_1p5cell,sim,06_2_TDS-KyhlTune-260519_252.s2p,,S12,f_pi2,sim,dispersion_mode_1,2.8774448751896,2.87744,-4.875189600017649e-06,-66.24492151014353,22.85799114561014,touchstone_ri,2.8774448751896,1.0,,,
260519_2dsweep_1p5cell,sim,06_2_TDS-KyhlTune-260519_252.s2p,,S21,f_pi2,sim,dispersion_mode_1,2.8774448751896,2.87744,-4.875189600017649e-06,-66.23919764619207,22.860595950498578,touchstone_ri,2.8774448751896,1.0,,,
260519_2dsweep_1p5cell,sim,06_2_TDS-KyhlTune-260519_252.s2p,,S22,f_pi2,sim,dispersion_mode_1,2.8774448751896,2.87744,-4.875189600017649e-06,-2.4776489180266498e-06,-16.87714275401263,touchstone_ri,2.8774448751896,1.0,,,
260519_2dsweep_1p5cell,sim,06_2_TDS-KyhlTune-260519_253.s2p,,S11,f_pi2,sim,dispersion_mode_1,2.8774448751896,2.87744,-4.875189600017649e-06,2.874749498315616e-06,-124.29208704638444,touchstone_ri,2.8774448751896,1.0,,,
260519_2dsweep_1p5cell,sim,06_2_TDS-KyhlTune-260519_253.s2p,,S12,f_pi2,sim,dispersion_mode_1,2.8774448751896,2.87744,-4.875189600017649e-06,-64.98742476999374,19.531938561220255,touchstone_ri,2.8774448751896,1.0,,,
260519_2dsweep_1p5cell,sim,06_2_TDS-KyhlTune-260519_253.s2p,,S21,f_pi2,sim,dispersion_mode_1,2.8774448751896,2.87744,-4.875189600017649e-06,-64.98742961795618,19.414578502592875,touchstone_ri,2.8774448751896,1.0,,,
260519_2dsweep_1p5cell,sim,06_2_TDS-KyhlTune-260519_253.s2p,,S22,f_pi2,sim,dispersion_mode_1,2.8774448751896,2.87744,-4.875189600017649e-06,-6.0936531237784855e-05,-16.92646610464342,touchstone_ri,2.8774448751896,1.0,,,
260519_2dsweep_1p5cell,sim,06_2_TDS-KyhlTune-260519_254.s2p,,S11,f_pi2,sim,dispersion_mode_1,2.8774448751896,2.87744,-4.875189600017649e-06,-0.000381640377505061,-131.3181206829311,touchstone_ri,2.8774448751896,1.0,,,
260519_2dsweep_1p5cell,sim,06_2_TDS-KyhlTune-260519_254.s2p,,S12,f_pi2,sim,dispersion_mode_1,2.8774448751896,2.87744,-4.875189600017649e-06,-65.36616289491069,15.620699950492636,touchstone_ri,2.8774448751896,1.0,,,
260519_2dsweep_1p5cell,sim,06_2_TDS-KyhlTune-260519_254.s2p,,S21,f_pi2,sim,dispersion_mode_1,2.8774448751896,2.87744,-4.875189600017649e-06,-65.36700364191412,15.852597385694112,touchstone_ri,2.8774448751896,1.0,,,
260519_2dsweep_1p5cell,sim,06_2_TDS-KyhlTune-260519_254.s2p,,S22,f_pi2,sim,dispersion_mode_1,2.8774448751896,2.87744,-4.875189600017649e-06,-1.126715130668094e-06,-17.003159110148403,touchstone_ri,2.8774448751896,1.0,,,
260519_2dsweep_1p5cell,sim,06_2_TDS-KyhlTune-260519_255.s2p,,S11,f_pi2,sim,dispersion_mode_1,2.8774448751896,2.87744,-4.875189600017649e-06,8.459090018694606e-07,-80.57405068090459,touchstone_ri,2.8774448751896,1.0,,,
260519_2dsweep_1p5cell,sim,06_2_TDS-KyhlTune-260519_255.s2p,,S12,f_pi2,sim,dispersion_mode_1,2.8774448751896,2.87744,-4.875189600017649e-06,-70.09244922499387,41.106153127455215,touchstone_ri,2.8774448751896,1.0,,,
260519_2dsweep_1p5cell,sim,06_2_TDS-KyhlTune-260519_255.s2p,,S21,f_pi2,sim,dispersion_mode_1,2.8774448751896,2.87744,-4.875189600017649e-06,-70.08446534475918,41.093236109029235,touchstone_ri,2.8774448751896,1.0,,,
260519_2dsweep_1p5cell,sim,06_2_TDS-KyhlTune-260519_255.s2p,,S22,f_pi2,sim,dispersion_mode_1,2.8774448751896,2.87744,-4.875189600017649e-06,-3.284159015215559e-07,-17.231926407247546,touchstone_ri,2.8774448751896,1.0,,,
260519_2dsweep_1p5cell,sim,06_2_TDS-KyhlTune-260519_256.s2p,,S11,f_pi2,sim,dispersion_mode_1,2.8774448751896,2.87744,-4.875189600017649e-06,8.859214480221705e-08,-84.40360030393977,touchstone_ri,2.8774448751896,1.0,,,
260519_2dsweep_1p5cell,sim,06_2_TDS-KyhlTune-260519_256.s2p,,S12,f_pi2,sim,dispersion_mode_1,2.8774448751896,2.87744,-4.875189600017649e-06,-68.16127770078259,39.05559264099027,touchstone_ri,2.8774448751896,1.0,,,
260519_2dsweep_1p5cell,sim,06_2_TDS-KyhlTune-260519_256.s2p,,S21,f_pi2,sim,dispersion_mode_1,2.8774448751896,2.87744,-4.875189600017649e-06,-68.20648986035799,38.395702914096326,touchstone_ri,2.8774448751896,1.0,,,
260519_2dsweep_1p5cell,sim,06_2_TDS-KyhlTune-260519_256.s2p,,S22,f_pi2,sim,dispersion_mode_1,2.8774448751896,2.87744,-4.875189600017649e-06,-1.4746993855859217e-06,-17.319043821300596,touchstone_ri,2.8774448751896,1.0,,,
260519_2dsweep_1p5cell,sim,06_2_TDS-KyhlTune-260519_257.s2p,,S11,f_pi2,sim,dispersion_mode_1,2.8774448751896,2.87744,-4.875189600017649e-06,4.9672065998150124e-08,-88.27754411468703,touchstone_ri,2.8774448751896,1.0,,,
260519_2dsweep_1p5cell,sim,06_2_TDS-KyhlTune-260519_257.s2p,,S12,f_pi2,sim,dispersion_mode_1,2.8774448751896,2.87744,-4.875189600017649e-06,-73.6865698546726,42.901205978034,touchstone_ri,2.8774448751896,1.0,,,
260519_2dsweep_1p5cell,sim,06_2_TDS-KyhlTune-260519_257.s2p,,S21,f_pi2,sim,dispersion_mode_1,2.8774448751896,2.87744,-4.875189600017649e-06,-81.72293873390011,15.985312744901332,touchstone_ri,2.8774448751896,1.0,,,
260519_2dsweep_1p5cell,sim,06_2_TDS-KyhlTune-260519_257.s2p,,S22,f_pi2,sim,dispersion_mode_1,2.8774448751896,2.87744,-4.875189600017649e-06,-9.888944905974321e-06,-17.368010358537433,touchstone_ri,2.8774448751896,1.0,,,
260519_2dsweep_1p5cell,sim,06_2_TDS-KyhlTune-260519_258.s2p,,S11,f_pi2,sim,dispersion_mode_1,2.8774448751896,2.87744,-4.875189600017649e-06,1.39006483238126e-06,-92.65131773301536,touchstone_ri,2.8774448751896,1.0,,,
260519_2dsweep_1p5cell,sim,06_2_TDS-KyhlTune-260519_258.s2p,,S12,f_pi2,sim,dispersion_mode_1,2.8774448751896,2.87744,-4.875189600017649e-06,-68.41524511043788,39.433960391192386,touchstone_ri,2.8774448751896,1.0,,,
260519_2dsweep_1p5cell,sim,06_2_TDS-KyhlTune-260519_258.s2p,,S21,f_pi2,sim,dispersion_mode_1,2.8774448751896,2.87744,-4.875189600017649e-06,-68.67380037296776,34.65443446509154,touchstone_ri,2.8774448751896,1.0,,,
260519_2dsweep_1p5cell,sim,06_2_TDS-KyhlTune-260519_258.s2p,,S22,f_pi2,sim,dispersion_mode_1,2.8774448751896,2.87744,-4.875189600017649e-06,-4.592755737921513e-07,-17.40327872971265,touchstone_ri,2.8774448751896,1.0,,,
260519_2dsweep_1p5cell,sim,06_2_TDS-KyhlTune-260519_259.s2p,,S11,f_pi2,sim,dispersion_mode_1,2.8774448751896,2.87744,-4.875189600017649e-06,-1.47658561376824e-05,-97.58253270307237,touchstone_ri,2.8774448751896,1.0,,,
260519_2dsweep_1p5cell,sim,06_2_TDS-KyhlTune-260519_259.s2p,,S12,f_pi2,sim,dispersion_mode_1,2.8774448751896,2.87744,-4.875189600017649e-06,-64.96922189925135,32.490687241327066,touchstone_ri,2.8774448751896,1.0,,,
260519_2dsweep_1p5cell,sim,06_2_TDS-KyhlTune-260519_259.s2p,,S21,f_pi2,sim,dispersion_mode_1,2.8774448751896,2.87744,-4.875189600017649e-06,-64.96864871896003,32.47022711783993,touchstone_ri,2.8774448751896,1.0,,,
260519_2dsweep_1p5cell,sim,06_2_TDS-KyhlTune-260519_259.s2p,,S22,f_pi2,sim,dispersion_mode_1,2.8774448751896,2.87744,-4.875189600017649e-06,-3.0517862402385205e-06,-17.477412237252295,touchstone_ri,2.8774448751896,1.0,,,
260519_2dsweep_1p5cell,sim,06_2_TDS-KyhlTune-260519_26.s2p,,S11,f_pi2,sim,dispersion_mode_1,2.8774448751896,2.87744,-4.875189600017649e-06,-0.00011687670456320344,-61.80134851951279,touchstone_ri,2.8774448751896,1.0,,,
260519_2dsweep_1p5cell,sim,06_2_TDS-KyhlTune-260519_26.s2p,,S12,f_pi2,sim,dispersion_mode_1,2.8774448751896,2.87744,-4.875189600017649e-06,-58.569614042080346,67.34472798425867,touchstone_ri,2.8774448751896,1.0,,,
260519_2dsweep_1p5cell,sim,06_2_TDS-KyhlTune-260519_26.s2p,,S21,f_pi2,sim,dispersion_mode_1,2.8774448751896,2.87744,-4.875189600017649e-06,-58.58065076483239,67.34160685218619,touchstone_ri,2.8774448751896,1.0,,,
260519_2dsweep_1p5cell,sim,06_2_TDS-KyhlTune-260519_26.s2p,,S22,f_pi2,sim,dispersion_mode_1,2.8774448751896,2.87744,-4.875189600017649e-06,-2.2170794219188523e-05,16.408578137643232,touchstone_ri,2.8774448751896,1.0,,,
260519_2dsweep_1p5cell,sim,06_2_TDS-KyhlTune-260519_260.s2p,,S11,f_pi2,sim,dispersion_mode_1,2.8774448751896,2.87744,-4.875189600017649e-06,-0.002989629162690557,-102.7259993991015,touchstone_ri,2.8774448751896,1.0,,,
260519_2dsweep_1p5cell,sim,06_2_TDS-KyhlTune-260519_260.s2p,,S12,f_pi2,sim,dispersion_mode_1,2.8774448751896,2.87744,-4.875189600017649e-06,-68.62854320172518,32.47416677801804,touchstone_ri,2.8774448751896,1.0,,,
260519_2dsweep_1p5cell,sim,06_2_TDS-KyhlTune-260519_260.s2p,,S21,f_pi2,sim,dispersion_mode_1,2.8774448751896,2.87744,-4.875189600017649e-06,-69.65517615402624,33.646786379842915,touchstone_ri,2.8774448751896,1.0,,,
260519_2dsweep_1p5cell,sim,06_2_TDS-KyhlTune-260519_260.s2p,,S22,f_pi2,sim,dispersion_mode_1,2.8774448751896,2.87744,-4.875189600017649e-06,-3.9858584830456615e-07,-17.53748350503688,touchstone_ri,2.8774448751896,1.0,,,
260519_2dsweep_1p5cell,sim,06_2_TDS-KyhlTune-260519_261.s2p,,S11,f_pi2,sim,dispersion_mode_1,2.8774448751896,2.87744,-4.875189600017649e-06,-0.0014920661801918025,-108.17476555258169,touchstone_ri,2.8774448751896,1.0,,,
260519_2dsweep_1p5cell,sim,06_2_TDS-KyhlTune-260519_261.s2p,,S12,f_pi2,sim,dispersion_mode_1,2.8774448751896,2.87744,-4.875189600017649e-06,-67.59783579155767,27.943760659923267,touchstone_ri,2.8774448751896,1.0,,,
260519_2dsweep_1p5cell,sim,06_2_TDS-KyhlTune-260519_261.s2p,,S21,f_pi2,sim,dispersion_mode_1,2.8774448751896,2.87744,-4.875189600017649e-06,-68.56338603555821,25.35702963890563,touchstone_ri,2.8774448751896,1.0,,,
260519_2dsweep_1p5cell,sim,06_2_TDS-KyhlTune-260519_261.s2p,,S22,f_pi2,sim,dispersion_mode_1,2.8774448751896,2.87744,-4.875189600017649e-06,-5.895319329073978e-07,-17.582871042665435,touchstone_ri,2.8774448751896,1.0,,,
260519_2dsweep_1p5cell,sim,06_2_TDS-KyhlTune-260519_262.s2p,,S11,f_pi2,sim,dispersion_mode_1,2.8774448751896,2.87744,-4.875189600017649e-06,-0.0013979800205309015,-114.2318243735025,touchstone_ri,2.8774448751896,1.0,,,
260519_2dsweep_1p5cell,sim,06_2_TDS-KyhlTune-260519_262.s2p,,S12,f_pi2,sim,dispersion_mode_1,2.8774448751896,2.87744,-4.875189600017649e-06,-69.55661080501488,26.034317927734843,touchstone_ri,2.8774448751896,1.0,,,
260519_2dsweep_1p5cell,sim,06_2_TDS-KyhlTune-260519_262.s2p,,S21,f_pi2,sim,dispersion_mode_1,2.8774448751896,2.87744,-4.875189600017649e-06,-70.52303657139109,25.448877549082354,touchstone_ri,2.8774448751896,1.0,,,
260519_2dsweep_1p5cell,sim,06_2_TDS-KyhlTune-260519_262.s2p,,S22,f_pi2,sim,dispersion_mode_1,2.8774448751896,2.87744,-4.875189600017649e-06,-4.517737661303024e-06,-17.651912407739758,touchstone_ri,2.8774448751896,1.0,,,
260519_2dsweep_1p5cell,sim,06_2_TDS-KyhlTune-260519_263.s2p,,S11,f_pi2,sim,dispersion_mode_1,2.8774448751896,2.87744,-4.875189600017649e-06,1.153210656391466e-06,-120.6202191124892,touchstone_ri,2.8774448751896,1.0,,,
260519_2dsweep_1p5cell,sim,06_2_TDS-KyhlTune-260519_263.s2p,,S12,f_pi2,sim,dispersion_mode_1,2.8774448751896,2.87744,-4.875189600017649e-06,-67.72481024293774,22.702301230958966,touchstone_ri,2.8774448751896,1.0,,,
260519_2dsweep_1p5cell,sim,06_2_TDS-KyhlTune-260519_263.s2p,,S21,f_pi2,sim,dispersion_mode_1,2.8774448751896,2.87744,-4.875189600017649e-06,-67.66830093847153,15.218668676012147,touchstone_ri,2.8774448751896,1.0,,,
260519_2dsweep_1p5cell,sim,06_2_TDS-KyhlTune-260519_263.s2p,,S22,f_pi2,sim,dispersion_mode_1,2.8774448751896,2.87744,-4.875189600017649e-06,-6.727106554998008e-07,-17.707205657214164,touchstone_ri,2.8774448751896,1.0,,,
260519_2dsweep_1p5cell,sim,06_2_TDS-KyhlTune-260519_264.s2p,,S11,f_pi2,sim,dispersion_mode_1,2.8774448751896,2.87744,-4.875189600017649e-06,-0.0004161697091246628,-127.46857659100633,touchstone_ri,2.8774448751896,1.0,,,
260519_2dsweep_1p5cell,sim,06_2_TDS-KyhlTune-260519_264.s2p,,S12,f_pi2,sim,dispersion_mode_1,2.8774448751896,2.87744,-4.875189600017649e-06,-64.5618559105426,13.997758313714279,touchstone_ri,2.8774448751896,1.0,,,
260519_2dsweep_1p5cell,sim,06_2_TDS-KyhlTune-260519_264.s2p,,S21,f_pi2,sim,dispersion_mode_1,2.8774448751896,2.87744,-4.875189600017649e-06,-64.37071488020693,21.67250366482101,touchstone_ri,2.8774448751896,1.0,,,
260519_2dsweep_1p5cell,sim,06_2_TDS-KyhlTune-260519_264.s2p,,S22,f_pi2,sim,dispersion_mode_1,2.8774448751896,2.87744,-4.875189600017649e-06,-1.3589985279540264e-06,-17.811675813228977,touchstone_ri,2.8774448751896,1.0,,,
260519_2dsweep_1p5cell,sim,06_2_TDS-KyhlTune-260519_265.s2p,,S11,f_pi2,sim,dispersion_mode_1,2.8774448751896,2.87744,-4.875189600017649e-06,-0.0005146888341255876,-135.03051680679118,touchstone_ri,2.8774448751896,1.0,,,
260519_2dsweep_1p5cell,sim,06_2_TDS-KyhlTune-260519_265.s2p,,S12,f_pi2,sim,dispersion_mode_1,2.8774448751896,2.87744,-4.875189600017649e-06,-64.19229566533802,12.738940592947486,touchstone_ri,2.8774448751896,1.0,,,
260519_2dsweep_1p5cell,sim,06_2_TDS-KyhlTune-260519_265.s2p,,S21,f_pi2,sim,dispersion_mode_1,2.8774448751896,2.87744,-4.875189600017649e-06,-64.16278067959635,10.917602534505777,touchstone_ri,2.8774448751896,1.0,,,
260519_2dsweep_1p5cell,sim,06_2_TDS-KyhlTune-260519_265.s2p,,S22,f_pi2,sim,dispersion_mode_1,2.8774448751896,2.87744,-4.875189600017649e-06,-1.5224983059428753e-06,-17.84252448043522,touchstone_ri,2.8774448751896,1.0,,,
260519_2dsweep_1p5cell,sim,06_2_TDS-KyhlTune-260519_266.s2p,,S11,f_pi2,sim,dispersion_mode_1,2.8774448751896,2.87744,-4.875189600017649e-06,4.5740404577204965e-08,-82.07171333485893,touchstone_ri,2.8774448751896,1.0,,,
260519_2dsweep_1p5cell,sim,06_2_TDS-KyhlTune-260519_266.s2p,,S12,f_pi2,sim,dispersion_mode_1,2.8774448751896,2.87744,-4.875189600017649e-06,-82.1349502820249,39.94226739914381,touchstone_ri,2.8774448751896,1.0,,,
260519_2dsweep_1p5cell,sim,06_2_TDS-KyhlTune-260519_266.s2p,,S21,f_pi2,sim,dispersion_mode_1,2.8774448751896,2.87744,-4.875189600017649e-06,-82.13553495070349,39.85123856045117,touchstone_ri,2.8774448751896,1.0,,,
260519_2dsweep_1p5cell,sim,06_2_TDS-KyhlTune-260519_266.s2p,,S22,f_pi2,sim,dispersion_mode_1,2.8774448751896,2.87744,-4.875189600017649e-06,-7.375460704272233e-07,-18.176319237591017,touchstone_ri,2.8774448751896,1.0,,,
260519_2dsweep_1p5cell,sim,06_2_TDS-KyhlTune-260519_267.s2p,,S11,f_pi2,sim,dispersion_mode_1,2.8774448751896,2.87744,-4.875189600017649e-06,5.022581951383294e-07,-86.1154484716014,touchstone_ri,2.8774448751896,1.0,,,
260519_2dsweep_1p5cell,sim,06_2_TDS-KyhlTune-260519_267.s2p,,S12,f_pi2,sim,dispersion_mode_1,2.8774448751896,2.87744,-4.875189600017649e-06,-69.26946830356498,38.254554080018224,touchstone_ri,2.8774448751896,1.0,,,
260519_2dsweep_1p5cell,sim,06_2_TDS-KyhlTune-260519_267.s2p,,S21,f_pi2,sim,dispersion_mode_1,2.8774448751896,2.87744,-4.875189600017649e-06,-70.04153277527722,29.128258073254276,touchstone_ri,2.8774448751896,1.0,,,
260519_2dsweep_1p5cell,sim,06_2_TDS-KyhlTune-260519_267.s2p,,S22,f_pi2,sim,dispersion_mode_1,2.8774448751896,2.87744,-4.875189600017649e-06,-2.9273438299180918e-05,-18.238737653688965,touchstone_ri,2.8774448751896,1.0,,,
260519_2dsweep_1p5cell,sim,06_2_TDS-KyhlTune-260519_268.s2p,,S11,f_pi2,sim,dispersion_mode_1,2.8774448751896,2.87744,-4.875189600017649e-06,-6.436283320566839e-06,-90.18402569592948,touchstone_ri,2.8774448751896,1.0,,,
260519_2dsweep_1p5cell,sim,06_2_TDS-KyhlTune-260519_268.s2p,,S12,f_pi2,sim,dispersion_mode_1,2.8774448751896,2.87744,-4.875189600017649e-06,-67.49311119007501,36.020733125696204,touchstone_ri,2.8774448751896,1.0,,,
260519_2dsweep_1p5cell,sim,06_2_TDS-KyhlTune-260519_268.s2p,,S21,f_pi2,sim,dispersion_mode_1,2.8774448751896,2.87744,-4.875189600017649e-06,-67.47909447601873,35.808216277637825,touchstone_ri,2.8774448751896,1.0,,,
260519_2dsweep_1p5cell,sim,06_2_TDS-KyhlTune-260519_268.s2p,,S22,f_pi2,sim,dispersion_mode_1,2.8774448751896,2.87744,-4.875189600017649e-06,-6.294150510518378e-07,-18.273740222596107,touchstone_ri,2.8774448751896,1.0,,,
260519_2dsweep_1p5cell,sim,06_2_TDS-KyhlTune-260519_269.s2p,,S11,f_pi2,sim,dispersion_mode_1,2.8774448751896,2.87744,-4.875189600017649e-06,9.429875582755398e-07,-94.59751934391484,touchstone_ri,2.8774448751896,1.0,,,
260519_2dsweep_1p5cell,sim,06_2_TDS-KyhlTune-260519_269.s2p,,S12,f_pi2,sim,dispersion_mode_1,2.8774448751896,2.87744,-4.875189600017649e-06,-68.97045812836164,33.5809048652503,touchstone_ri,2.8774448751896,1.0,,,
260519_2dsweep_1p5cell,sim,06_2_TDS-KyhlTune-260519_269.s2p,,S21,f_pi2,sim,dispersion_mode_1,2.8774448751896,2.87744,-4.875189600017649e-06,-68.9992992512515,33.36667162234705,touchstone_ri,2.8774448751896,1.0,,,
260519_2dsweep_1p5cell,sim,06_2_TDS-KyhlTune-260519_269.s2p,,S22,f_pi2,sim,dispersion_mode_1,2.8774448751896,2.87744,-4.875189600017649e-06,-5.5476346258313965e-06,-18.331308811725997,touchstone_ri,2.8774448751896,1.0,,,
260519_2dsweep_1p5cell,sim,06_2_TDS-KyhlTune-260519_27.s2p,,S11,f_pi2,sim,dispersion_mode_1,2.8774448751896,2.87744,-4.875189600017649e-06,-0.00011067424083204812,-63.589540107735566,touchstone_ri,2.8774448751896,1.0,,,
260519_2dsweep_1p5cell,sim,06_2_TDS-KyhlTune-260519_27.s2p,,S12,f_pi2,sim,dispersion_mode_1,2.8774448751896,2.87744,-4.875189600017649e-06,-58.57706835065434,65.1598411006646,touchstone_ri,2.8774448751896,1.0,,,
260519_2dsweep_1p5cell,sim,06_2_TDS-KyhlTune-260519_27.s2p,,S21,f_pi2,sim,dispersion_mode_1,2.8774448751896,2.87744,-4.875189600017649e-06,-58.59704654761212,65.41727779116468,touchstone_ri,2.8774448751896,1.0,,,
260519_2dsweep_1p5cell,sim,06_2_TDS-KyhlTune-260519_27.s2p,,S22,f_pi2,sim,dispersion_mode_1,2.8774448751896,2.87744,-4.875189600017649e-06,-2.4296002916465113e-05,14.380451187788104,touchstone_ri,2.8774448751896,1.0,,,
260519_2dsweep_1p5cell,sim,06_2_TDS-KyhlTune-260519_270.s2p,,S11,f_pi2,sim,dispersion_mode_1,2.8774448751896,2.87744,-4.875189600017649e-06,-1.6394379682316473e-05,-99.66920900412352,touchstone_ri,2.8774448751896,1.0,,,
260519_2dsweep_1p5cell,sim,06_2_TDS-KyhlTune-260519_270.s2p,,S12,f_pi2,sim,dispersion_mode_1,2.8774448751896,2.87744,-4.875189600017649e-06,-68.67976939113423,30.9989736180075,touchstone_ri,2.8774448751896,1.0,,,
260519_2dsweep_1p5cell,sim,06_2_TDS-KyhlTune-260519_270.s2p,,S21,f_pi2,sim,dispersion_mode_1,2.8774448751896,2.87744,-4.875189600017649e-06,-70.59666945675487,31.69227202838501,touchstone_ri,2.8774448751896,1.0,,,
260519_2dsweep_1p5cell,sim,06_2_TDS-KyhlTune-260519_270.s2p,,S22,f_pi2,sim,dispersion_mode_1,2.8774448751896,2.87744,-4.875189600017649e-06,-2.6863893208612365e-06,-18.346252081708435,touchstone_ri,2.8774448751896,1.0,,,
260519_2dsweep_1p5cell,sim,06_2_TDS-KyhlTune-260519_271.s2p,,S11,f_pi2,sim,dispersion_mode_1,2.8774448751896,2.87744,-4.875189600017649e-06,-1.9382292681411793e-05,-105.15912164802812,touchstone_ri,2.8774448751896,1.0,,,
260519_2dsweep_1p5cell,sim,06_2_TDS-KyhlTune-260519_271.s2p,,S12,f_pi2,sim,dispersion_mode_1,2.8774448751896,2.87744,-4.875189600017649e-06,-75.07186693800122,29.119111905020365,touchstone_ri,2.8774448751896,1.0,,,
260519_2dsweep_1p5cell,sim,06_2_TDS-KyhlTune-260519_271.s2p,,S21,f_pi2,sim,dispersion_mode_1,2.8774448751896,2.87744,-4.875189600017649e-06,-74.9844962406647,28.196707687439293,touchstone_ri,2.8774448751896,1.0,,,
260519_2dsweep_1p5cell,sim,06_2_TDS-KyhlTune-260519_271.s2p,,S22,f_pi2,sim,dispersion_mode_1,2.8774448751896,2.87744,-4.875189600017649e-06,-1.022442296234091e-06,-18.43089190544344,touchstone_ri,2.8774448751896,1.0,,,
260519_2dsweep_1p5cell,sim,06_2_TDS-KyhlTune-260519_272.s2p,,S11,f_pi2,sim,dispersion_mode_1,2.8774448751896,2.87744,-4.875189600017649e-06,-0.0012790031055254464,-110.90759991005156,touchstone_ri,2.8774448751896,1.0,,,
260519_2dsweep_1p5cell,sim,06_2_TDS-KyhlTune-260519_272.s2p,,S12,f_pi2,sim,dispersion_mode_1,2.8774448751896,2.87744,-4.875189600017649e-06,-71.00508834275101,26.617872622230465,touchstone_ri,2.8774448751896,1.0,,,
260519_2dsweep_1p5cell,sim,06_2_TDS-KyhlTune-260519_272.s2p,,S21,f_pi2,sim,dispersion_mode_1,2.8774448751896,2.87744,-4.875189600017649e-06,-72.34529089643962,22.564449355821477,touchstone_ri,2.8774448751896,1.0,,,
260519_2dsweep_1p5cell,sim,06_2_TDS-KyhlTune-260519_272.s2p,,S22,f_pi2,sim,dispersion_mode_1,2.8774448751896,2.87744,-4.875189600017649e-06,-2.617355585341434e-07,-18.489909359340807,touchstone_ri,2.8774448751896,1.0,,,
260519_2dsweep_1p5cell,sim,06_2_TDS-KyhlTune-260519_273.s2p,,S11,f_pi2,sim,dispersion_mode_1,2.8774448751896,2.87744,-4.875189600017649e-06,-0.0013834388374765031,-117.00549380876696,touchstone_ri,2.8774448751896,1.0,,,
260519_2dsweep_1p5cell,sim,06_2_TDS-KyhlTune-260519_273.s2p,,S12,f_pi2,sim,dispersion_mode_1,2.8774448751896,2.87744,-4.875189600017649e-06,-70.46552858290914,23.991191784604496,touchstone_ri,2.8774448751896,1.0,,,
260519_2dsweep_1p5cell,sim,06_2_TDS-KyhlTune-260519_273.s2p,,S21,f_pi2,sim,dispersion_mode_1,2.8774448751896,2.87744,-4.875189600017649e-06,-69.6585491331413,28.18809320839853,touchstone_ri,2.8774448751896,1.0,,,
260519_2dsweep_1p5cell,sim,06_2_TDS-KyhlTune-260519_273.s2p,,S22,f_pi2,sim,dispersion_mode_1,2.8774448751896,2.87744,-4.875189600017649e-06,-3.383326183711371e-07,-18.513303099125807,touchstone_ri,2.8774448751896,1.0,,,
260519_2dsweep_1p5cell,sim,06_2_TDS-KyhlTune-260519_274.s2p,,S11,f_pi2,sim,dispersion_mode_1,2.8774448751896,2.87744,-4.875189600017649e-06,-0.00013550619754693337,-123.97982066353195,touchstone_ri,2.8774448751896,1.0,,,
260519_2dsweep_1p5cell,sim,06_2_TDS-KyhlTune-260519_274.s2p,,S12,f_pi2,sim,dispersion_mode_1,2.8774448751896,2.87744,-4.875189600017649e-06,-67.73502099350792,18.796312266800843,touchstone_ri,2.8774448751896,1.0,,,
260519_2dsweep_1p5cell,sim,06_2_TDS-KyhlTune-260519_274.s2p,,S21,f_pi2,sim,dispersion_mode_1,2.8774448751896,2.87744,-4.875189600017649e-06,-68.19455085443192,18.691455400883264,touchstone_ri,2.8774448751896,1.0,,,
260519_2dsweep_1p5cell,sim,06_2_TDS-KyhlTune-260519_274.s2p,,S22,f_pi2,sim,dispersion_mode_1,2.8774448751896,2.87744,-4.875189600017649e-06,-3.1217746701819974e-05,-18.559991087138318,touchstone_ri,2.8774448751896,1.0,,,
260519_2dsweep_1p5cell,sim,06_2_TDS-KyhlTune-260519_275.s2p,,S11,f_pi2,sim,dispersion_mode_1,2.8774448751896,2.87744,-4.875189600017649e-06,9.20824547852178e-07,-131.1790433747304,touchstone_ri,2.8774448751896,1.0,,,
260519_2dsweep_1p5cell,sim,06_2_TDS-KyhlTune-260519_275.s2p,,S12,f_pi2,sim,dispersion_mode_1,2.8774448751896,2.87744,-4.875189600017649e-06,-68.39746007899217,15.419536788803205,touchstone_ri,2.8774448751896,1.0,,,
260519_2dsweep_1p5cell,sim,06_2_TDS-KyhlTune-260519_275.s2p,,S21,f_pi2,sim,dispersion_mode_1,2.8774448751896,2.87744,-4.875189600017649e-06,-67.71218121552349,10.865842994632981,touchstone_ri,2.8774448751896,1.0,,,
260519_2dsweep_1p5cell,sim,06_2_TDS-KyhlTune-260519_275.s2p,,S22,f_pi2,sim,dispersion_mode_1,2.8774448751896,2.87744,-4.875189600017649e-06,-6.222084491171638e-07,-18.604515838153,touchstone_ri,2.8774448751896,1.0,,,
260519_2dsweep_1p5cell,sim,06_2_TDS-KyhlTune-260519_276.s2p,,S11,f_pi2,sim,dispersion_mode_1,2.8774448751896,2.87744,-4.875189600017649e-06,-0.0007195646815867195,-138.73160560210994,touchstone_ri,2.8774448751896,1.0,,,
260519_2dsweep_1p5cell,sim,06_2_TDS-KyhlTune-260519_276.s2p,,S12,f_pi2,sim,dispersion_mode_1,2.8774448751896,2.87744,-4.875189600017649e-06,-68.20882467980736,11.33082455836085,touchstone_ri,2.8774448751896,1.0,,,
260519_2dsweep_1p5cell,sim,06_2_TDS-KyhlTune-260519_276.s2p,,S21,f_pi2,sim,dispersion_mode_1,2.8774448751896,2.87744,-4.875189600017649e-06,-67.01343389107254,13.411763105621871,touchstone_ri,2.8774448751896,1.0,,,
260519_2dsweep_1p5cell,sim,06_2_TDS-KyhlTune-260519_276.s2p,,S22,f_pi2,sim,dispersion_mode_1,2.8774448751896,2.87744,-4.875189600017649e-06,-6.597624492839833e-07,-18.68020896666734,touchstone_ri,2.8774448751896,1.0,,,
260519_2dsweep_1p5cell,sim,06_2_TDS-KyhlTune-260519_277.s2p,,S11,f_pi2,sim,dispersion_mode_1,2.8774448751896,2.87744,-4.875189600017649e-06,-7.887044792116406e-05,-83.66169972982578,touchstone_ri,2.8774448751896,1.0,,,
260519_2dsweep_1p5cell,sim,06_2_TDS-KyhlTune-260519_277.s2p,,S12,f_pi2,sim,dispersion_mode_1,2.8774448751896,2.87744,-4.875189600017649e-06,-75.60109047693692,39.20164243715821,touchstone_ri,2.8774448751896,1.0,,,
260519_2dsweep_1p5cell,sim,06_2_TDS-KyhlTune-260519_277.s2p,,S21,f_pi2,sim,dispersion_mode_1,2.8774448751896,2.87744,-4.875189600017649e-06,-75.30944990385991,38.547216129027376,touchstone_ri,2.8774448751896,1.0,,,
260519_2dsweep_1p5cell,sim,06_2_TDS-KyhlTune-260519_277.s2p,,S22,f_pi2,sim,dispersion_mode_1,2.8774448751896,2.87744,-4.875189600017649e-06,-3.7884983566570036e-07,-19.07994250209401,touchstone_ri,2.8774448751896,1.0,,,
260519_2dsweep_1p5cell,sim,06_2_TDS-KyhlTune-260519_278.s2p,,S11,f_pi2,sim,dispersion_mode_1,2.8774448751896,2.87744,-4.875189600017649e-06,1.1707998443078371e-06,-87.64219107719707,touchstone_ri,2.8774448751896,1.0,,,
260519_2dsweep_1p5cell,sim,06_2_TDS-KyhlTune-260519_278.s2p,,S12,f_pi2,sim,dispersion_mode_1,2.8774448751896,2.87744,-4.875189600017649e-06,-67.72460847571713,36.89886078331495,touchstone_ri,2.8774448751896,1.0,,,
260519_2dsweep_1p5cell,sim,06_2_TDS-KyhlTune-260519_278.s2p,,S21,f_pi2,sim,dispersion_mode_1,2.8774448751896,2.87744,-4.875189600017649e-06,-67.66221857923028,36.59729140789379,touchstone_ri,2.8774448751896,1.0,,,
260519_2dsweep_1p5cell,sim,06_2_TDS-KyhlTune-260519_278.s2p,,S22,f_pi2,sim,dispersion_mode_1,2.8774448751896,2.87744,-4.875189600017649e-06,-8.72390352647281e-06,-19.147369641151016,touchstone_ri,2.8774448751896,1.0,,,
260519_2dsweep_1p5cell,sim,06_2_TDS-KyhlTune-260519_279.s2p,,S11,f_pi2,sim,dispersion_mode_1,2.8774448751896,2.87744,-4.875189600017649e-06,4.094544259049379e-07,-92.24840481342825,touchstone_ri,2.8774448751896,1.0,,,
260519_2dsweep_1p5cell,sim,06_2_TDS-KyhlTune-260519_279.s2p,,S12,f_pi2,sim,dispersion_mode_1,2.8774448751896,2.87744,-4.875189600017649e-06,-72.17037961551539,34.106935354074594,touchstone_ri,2.8774448751896,1.0,,,
260519_2dsweep_1p5cell,sim,06_2_TDS-KyhlTune-260519_279.s2p,,S21,f_pi2,sim,dispersion_mode_1,2.8774448751896,2.87744,-4.875189600017649e-06,-72.18734810975195,34.299999374189944,touchstone_ri,2.8774448751896,1.0,,,
260519_2dsweep_1p5cell,sim,06_2_TDS-KyhlTune-260519_279.s2p,,S22,f_pi2,sim,dispersion_mode_1,2.8774448751896,2.87744,-4.875189600017649e-06,-2.192153795847338e-07,-19.15516682044554,touchstone_ri,2.8774448751896,1.0,,,
260519_2dsweep_1p5cell,sim,06_2_TDS-KyhlTune-260519_28.s2p,,S11,f_pi2,sim,dispersion_mode_1,2.8774448751896,2.87744,-4.875189600017649e-06,2.1632968598834262e-05,-66.09822900552331,touchstone_ri,2.8774448751896,1.0,,,
260519_2dsweep_1p5cell,sim,06_2_TDS-KyhlTune-260519_28.s2p,,S12,f_pi2,sim,dispersion_mode_1,2.8774448751896,2.87744,-4.875189600017649e-06,-58.54905368551886,62.933196882880694,touchstone_ri,2.8774448751896,1.0,,,
260519_2dsweep_1p5cell,sim,06_2_TDS-KyhlTune-260519_28.s2p,,S21,f_pi2,sim,dispersion_mode_1,2.8774448751896,2.87744,-4.875189600017649e-06,-58.60027197277568,63.17073953472616,touchstone_ri,2.8774448751896,1.0,,,
260519_2dsweep_1p5cell,sim,06_2_TDS-KyhlTune-260519_28.s2p,,S22,f_pi2,sim,dispersion_mode_1,2.8774448751896,2.87744,-4.875189600017649e-06,-4.393192875220658e-05,12.467485923347667,touchstone_ri,2.8774448751896,1.0,,,
260519_2dsweep_1p5cell,sim,06_2_TDS-KyhlTune-260519_280.s2p,,S11,f_pi2,sim,dispersion_mode_1,2.8774448751896,2.87744,-4.875189600017649e-06,-0.001284757602341402,-96.90970660797512,touchstone_ri,2.8774448751896,1.0,,,
260519_2dsweep_1p5cell,sim,06_2_TDS-KyhlTune-260519_280.s2p,,S12,f_pi2,sim,dispersion_mode_1,2.8774448751896,2.87744,-4.875189600017649e-06,-70.2552906471993,33.60744909459098,touchstone_ri,2.8774448751896,1.0,,,
260519_2dsweep_1p5cell,sim,06_2_TDS-KyhlTune-260519_280.s2p,,S21,f_pi2,sim,dispersion_mode_1,2.8774448751896,2.87744,-4.875189600017649e-06,-71.08143756640372,27.522345814188355,touchstone_ri,2.8774448751896,1.0,,,
260519_2dsweep_1p5cell,sim,06_2_TDS-KyhlTune-260519_280.s2p,,S22,f_pi2,sim,dispersion_mode_1,2.8774448751896,2.87744,-4.875189600017649e-06,-3.2408935842655487e-07,-19.201439021373993,touchstone_ri,2.8774448751896,1.0,,,
260519_2dsweep_1p5cell,sim,06_2_TDS-KyhlTune-260519_281.s2p,,S11,f_pi2,sim,dispersion_mode_1,2.8774448751896,2.87744,-4.875189600017649e-06,-0.001904275617983797,-101.98053247485649,touchstone_ri,2.8774448751896,1.0,,,
260519_2dsweep_1p5cell,sim,06_2_TDS-KyhlTune-260519_281.s2p,,S12,f_pi2,sim,dispersion_mode_1,2.8774448751896,2.87744,-4.875189600017649e-06,-68.26964683376234,29.38653288955803,touchstone_ri,2.8774448751896,1.0,,,
260519_2dsweep_1p5cell,sim,06_2_TDS-KyhlTune-260519_281.s2p,,S21,f_pi2,sim,dispersion_mode_1,2.8774448751896,2.87744,-4.875189600017649e-06,-68.60358613746862,44.357677486290875,touchstone_ri,2.8774448751896,1.0,,,
260519_2dsweep_1p5cell,sim,06_2_TDS-KyhlTune-260519_281.s2p,,S22,f_pi2,sim,dispersion_mode_1,2.8774448751896,2.87744,-4.875189600017649e-06,-3.819444677530926e-07,-19.24202749907042,touchstone_ri,2.8774448751896,1.0,,,
260519_2dsweep_1p5cell,sim,06_2_TDS-KyhlTune-260519_282.s2p,,S11,f_pi2,sim,dispersion_mode_1,2.8774448751896,2.87744,-4.875189600017649e-06,-0.0006598577066291963,-107.57300919873018,touchstone_ri,2.8774448751896,1.0,,,
260519_2dsweep_1p5cell,sim,06_2_TDS-KyhlTune-260519_282.s2p,,S12,f_pi2,sim,dispersion_mode_1,2.8774448751896,2.87744,-4.875189600017649e-06,-68.45778105749469,26.783880303537746,touchstone_ri,2.8774448751896,1.0,,,
260519_2dsweep_1p5cell,sim,06_2_TDS-KyhlTune-260519_282.s2p,,S21,f_pi2,sim,dispersion_mode_1,2.8774448751896,2.87744,-4.875189600017649e-06,-68.2653375570269,28.509880711607412,touchstone_ri,2.8774448751896,1.0,,,
260519_2dsweep_1p5cell,sim,06_2_TDS-KyhlTune-260519_282.s2p,,S22,f_pi2,sim,dispersion_mode_1,2.8774448751896,2.87744,-4.875189600017649e-06,-5.240695943317256e-07,-19.26890901712871,touchstone_ri,2.8774448751896,1.0,,,
260519_2dsweep_1p5cell,sim,06_2_TDS-KyhlTune-260519_283.s2p,,S11,f_pi2,sim,dispersion_mode_1,2.8774448751896,2.87744,-4.875189600017649e-06,-0.0010514760320937614,-113.7101816007577,touchstone_ri,2.8774448751896,1.0,,,
260519_2dsweep_1p5cell,sim,06_2_TDS-KyhlTune-260519_283.s2p,,S12,f_pi2,sim,dispersion_mode_1,2.8774448751896,2.87744,-4.875189600017649e-06,-70.02088362045049,25.575271092055306,touchstone_ri,2.8774448751896,1.0,,,
260519_2dsweep_1p5cell,sim,06_2_TDS-KyhlTune-260519_283.s2p,,S21,f_pi2,sim,dispersion_mode_1,2.8774448751896,2.87744,-4.875189600017649e-06,-69.9310894279937,16.017337360223294,touchstone_ri,2.8774448751896,1.0,,,
260519_2dsweep_1p5cell,sim,06_2_TDS-KyhlTune-260519_283.s2p,,S22,f_pi2,sim,dispersion_mode_1,2.8774448751896,2.87744,-4.875189600017649e-06,-4.0278601149468413e-07,-19.300837074191872,touchstone_ri,2.8774448751896,1.0,,,
260519_2dsweep_1p5cell,sim,06_2_TDS-KyhlTune-260519_284.s2p,,S11,f_pi2,sim,dispersion_mode_1,2.8774448751896,2.87744,-4.875189600017649e-06,-1.1074130898268877e-06,-120.37165051535517,touchstone_ri,2.8774448751896,1.0,,,
260519_2dsweep_1p5cell,sim,06_2_TDS-KyhlTune-260519_284.s2p,,S12,f_pi2,sim,dispersion_mode_1,2.8774448751896,2.87744,-4.875189600017649e-06,-69.49538873460008,20.07206325934312,touchstone_ri,2.8774448751896,1.0,,,
260519_2dsweep_1p5cell,sim,06_2_TDS-KyhlTune-260519_284.s2p,,S21,f_pi2,sim,dispersion_mode_1,2.8774448751896,2.87744,-4.875189600017649e-06,-69.85042739208754,20.154105884150816,touchstone_ri,2.8774448751896,1.0,,,
260519_2dsweep_1p5cell,sim,06_2_TDS-KyhlTune-260519_284.s2p,,S22,f_pi2,sim,dispersion_mode_1,2.8774448751896,2.87744,-4.875189600017649e-06,-4.112029137066205e-07,-19.334116912218143,touchstone_ri,2.8774448751896,1.0,,,
260519_2dsweep_1p5cell,sim,06_2_TDS-KyhlTune-260519_285.s2p,,S11,f_pi2,sim,dispersion_mode_1,2.8774448751896,2.87744,-4.875189600017649e-06,-0.0005336816685488268,-127.43057740280868,touchstone_ri,2.8774448751896,1.0,,,
260519_2dsweep_1p5cell,sim,06_2_TDS-KyhlTune-260519_285.s2p,,S12,f_pi2,sim,dispersion_mode_1,2.8774448751896,2.87744,-4.875189600017649e-06,-64.54722735454177,17.344233850512126,touchstone_ri,2.8774448751896,1.0,,,
260519_2dsweep_1p5cell,sim,06_2_TDS-KyhlTune-260519_285.s2p,,S21,f_pi2,sim,dispersion_mode_1,2.8774448751896,2.87744,-4.875189600017649e-06,-63.795378169052896,17.67912391605194,touchstone_ri,2.8774448751896,1.0,,,
260519_2dsweep_1p5cell,sim,06_2_TDS-KyhlTune-260519_285.s2p,,S22,f_pi2,sim,dispersion_mode_1,2.8774448751896,2.87744,-4.875189600017649e-06,-1.4437490357648031e-06,-19.406816873584862,touchstone_ri,2.8774448751896,1.0,,,
260519_2dsweep_1p5cell,sim,06_2_TDS-KyhlTune-260519_286.s2p,,S11,f_pi2,sim,dispersion_mode_1,2.8774448751896,2.87744,-4.875189600017649e-06,-0.00011053799729066044,-134.99086266791943,touchstone_ri,2.8774448751896,1.0,,,
260519_2dsweep_1p5cell,sim,06_2_TDS-KyhlTune-260519_286.s2p,,S12,f_pi2,sim,dispersion_mode_1,2.8774448751896,2.87744,-4.875189600017649e-06,-74.04868483186875,12.974541828632223,touchstone_ri,2.8774448751896,1.0,,,
260519_2dsweep_1p5cell,sim,06_2_TDS-KyhlTune-260519_286.s2p,,S21,f_pi2,sim,dispersion_mode_1,2.8774448751896,2.87744,-4.875189600017649e-06,-74.06144013371166,12.759225058974941,touchstone_ri,2.8774448751896,1.0,,,
260519_2dsweep_1p5cell,sim,06_2_TDS-KyhlTune-260519_286.s2p,,S22,f_pi2,sim,dispersion_mode_1,2.8774448751896,2.87744,-4.875189600017649e-06,-1.528836755723881e-07,-19.43173813255134,touchstone_ri,2.8774448751896,1.0,,,
260519_2dsweep_1p5cell,sim,06_2_TDS-KyhlTune-260519_287.s2p,,S11,f_pi2,sim,dispersion_mode_1,2.8774448751896,2.87744,-4.875189600017649e-06,-0.00010775865040794427,-142.58101967730676,touchstone_ri,2.8774448751896,1.0,,,
260519_2dsweep_1p5cell,sim,06_2_TDS-KyhlTune-260519_287.s2p,,S12,f_pi2,sim,dispersion_mode_1,2.8774448751896,2.87744,-4.875189600017649e-06,-73.31533250908646,9.001637516527211,touchstone_ri,2.8774448751896,1.0,,,
260519_2dsweep_1p5cell,sim,06_2_TDS-KyhlTune-260519_287.s2p,,S21,f_pi2,sim,dispersion_mode_1,2.8774448751896,2.87744,-4.875189600017649e-06,-73.32302257353754,9.044732967451749,touchstone_ri,2.8774448751896,1.0,,,
260519_2dsweep_1p5cell,sim,06_2_TDS-KyhlTune-260519_287.s2p,,S22,f_pi2,sim,dispersion_mode_1,2.8774448751896,2.87744,-4.875189600017649e-06,-1.7992896506426987e-07,-19.471076945048225,touchstone_ri,2.8774448751896,1.0,,,
260519_2dsweep_1p5cell,sim,06_2_TDS-KyhlTune-260519_288.s2p,,S11,f_pi2,sim,dispersion_mode_1,2.8774448751896,2.87744,-4.875189600017649e-06,-0.00014788795005942252,-85.45907620126938,touchstone_ri,2.8774448751896,1.0,,,
260519_2dsweep_1p5cell,sim,06_2_TDS-KyhlTune-260519_288.s2p,,S12,f_pi2,sim,dispersion_mode_1,2.8774448751896,2.87744,-4.875189600017649e-06,-72.5414763629811,37.678338127508724,touchstone_ri,2.8774448751896,1.0,,,
260519_2dsweep_1p5cell,sim,06_2_TDS-KyhlTune-260519_288.s2p,,S21,f_pi2,sim,dispersion_mode_1,2.8774448751896,2.87744,-4.875189600017649e-06,-72.54092465200748,37.22380408107464,touchstone_ri,2.8774448751896,1.0,,,
260519_2dsweep_1p5cell,sim,06_2_TDS-KyhlTune-260519_288.s2p,,S22,f_pi2,sim,dispersion_mode_1,2.8774448751896,2.87744,-4.875189600017649e-06,-2.0620844966590954e-05,-19.96566906982615,touchstone_ri,2.8774448751896,1.0,,,
260519_2dsweep_1p5cell,sim,06_2_TDS-KyhlTune-260519_289.s2p,,S11,f_pi2,sim,dispersion_mode_1,2.8774448751896,2.87744,-4.875189600017649e-06,-8.240066864949743e-05,-89.81522006684907,touchstone_ri,2.8774448751896,1.0,,,
260519_2dsweep_1p5cell,sim,06_2_TDS-KyhlTune-260519_289.s2p,,S12,f_pi2,sim,dispersion_mode_1,2.8774448751896,2.87744,-4.875189600017649e-06,-81.5279913105559,34.976069398811035,touchstone_ri,2.8774448751896,1.0,,,
260519_2dsweep_1p5cell,sim,06_2_TDS-KyhlTune-260519_289.s2p,,S21,f_pi2,sim,dispersion_mode_1,2.8774448751896,2.87744,-4.875189600017649e-06,-81.51609658770859,35.158966687189086,touchstone_ri,2.8774448751896,1.0,,,
260519_2dsweep_1p5cell,sim,06_2_TDS-KyhlTune-260519_289.s2p,,S22,f_pi2,sim,dispersion_mode_1,2.8774448751896,2.87744,-4.875189600017649e-06,-2.2428775693998717e-08,-19.983633808335764,touchstone_ri,2.8774448751896,1.0,,,
260519_2dsweep_1p5cell,sim,06_2_TDS-KyhlTune-260519_29.s2p,,S11,f_pi2,sim,dispersion_mode_1,2.8774448751896,2.87744,-4.875189600017649e-06,2.51280707367496e-05,-68.3064627872362,touchstone_ri,2.8774448751896,1.0,,,
260519_2dsweep_1p5cell,sim,06_2_TDS-KyhlTune-260519_29.s2p,,S12,f_pi2,sim,dispersion_mode_1,2.8774448751896,2.87744,-4.875189600017649e-06,-58.63941734677514,61.7087849815041,touchstone_ri,2.8774448751896,1.0,,,
260519_2dsweep_1p5cell,sim,06_2_TDS-KyhlTune-260519_29.s2p,,S21,f_pi2,sim,dispersion_mode_1,2.8774448751896,2.87744,-4.875189600017649e-06,-58.70156514349738,61.16269109963842,touchstone_ri,2.8774448751896,1.0,,,
260519_2dsweep_1p5cell,sim,06_2_TDS-KyhlTune-260519_29.s2p,,S22,f_pi2,sim,dispersion_mode_1,2.8774448751896,2.87744,-4.875189600017649e-06,-9.677778276530644e-05,10.895125373793,touchstone_ri,2.8774448751896,1.0,,,
260519_2dsweep_1p5cell,sim,06_2_TDS-KyhlTune-260519_290.s2p,,S11,f_pi2,sim,dispersion_mode_1,2.8774448751896,2.87744,-4.875189600017649e-06,-0.0019768091494197166,-94.20796353260168,touchstone_ri,2.8774448751896,1.0,,,
260519_2dsweep_1p5cell,sim,06_2_TDS-KyhlTune-260519_290.s2p,,S12,f_pi2,sim,dispersion_mode_1,2.8774448751896,2.87744,-4.875189600017649e-06,-76.57983106713147,35.70956758764329,touchstone_ri,2.8774448751896,1.0,,,
260519_2dsweep_1p5cell,sim,06_2_TDS-KyhlTune-260519_290.s2p,,S21,f_pi2,sim,dispersion_mode_1,2.8774448751896,2.87744,-4.875189600017649e-06,-77.52680899078702,23.455072382698013,touchstone_ri,2.8774448751896,1.0,,,
260519_2dsweep_1p5cell,sim,06_2_TDS-KyhlTune-260519_290.s2p,,S22,f_pi2,sim,dispersion_mode_1,2.8774448751896,2.87744,-4.875189600017649e-06,-7.264717303008016e-06,-20.00580044698154,touchstone_ri,2.8774448751896,1.0,,,
260519_2dsweep_1p5cell,sim,06_2_TDS-KyhlTune-260519_291.s2p,,S11,f_pi2,sim,dispersion_mode_1,2.8774448751896,2.87744,-4.875189600017649e-06,-0.00040634904368177605,-99.32640487449746,touchstone_ri,2.8774448751896,1.0,,,
260519_2dsweep_1p5cell,sim,06_2_TDS-KyhlTune-260519_291.s2p,,S12,f_pi2,sim,dispersion_mode_1,2.8774448751896,2.87744,-4.875189600017649e-06,-84.573504835021,40.859732833111806,touchstone_ri,2.8774448751896,1.0,,,
260519_2dsweep_1p5cell,sim,06_2_TDS-KyhlTune-260519_291.s2p,,S21,f_pi2,sim,dispersion_mode_1,2.8774448751896,2.87744,-4.875189600017649e-06,-84.53244796353124,83.90810136306156,touchstone_ri,2.8774448751896,1.0,,,
260519_2dsweep_1p5cell,sim,06_2_TDS-KyhlTune-260519_291.s2p,,S22,f_pi2,sim,dispersion_mode_1,2.8774448751896,2.87744,-4.875189600017649e-06,5.527976341778698e-09,-20.0328272348861,touchstone_ri,2.8774448751896,1.0,,,
260519_2dsweep_1p5cell,sim,06_2_TDS-KyhlTune-260519_292.s2p,,S11,f_pi2,sim,dispersion_mode_1,2.8774448751896,2.87744,-4.875189600017649e-06,1.783542512610654e-07,-104.7651526491485,touchstone_ri,2.8774448751896,1.0,,,
260519_2dsweep_1p5cell,sim,06_2_TDS-KyhlTune-260519_292.s2p,,S12,f_pi2,sim,dispersion_mode_1,2.8774448751896,2.87744,-4.875189600017649e-06,-75.85952809758578,33.27011981070891,touchstone_ri,2.8774448751896,1.0,,,
260519_2dsweep_1p5cell,sim,06_2_TDS-KyhlTune-260519_292.s2p,,S21,f_pi2,sim,dispersion_mode_1,2.8774448751896,2.87744,-4.875189600017649e-06,-78.5023837896219,31.646233556866626,touchstone_ri,2.8774448751896,1.0,,,
260519_2dsweep_1p5cell,sim,06_2_TDS-KyhlTune-260519_292.s2p,,S22,f_pi2,sim,dispersion_mode_1,2.8774448751896,2.87744,-4.875189600017649e-06,-6.351379331736481e-08,-20.04612648881267,touchstone_ri,2.8774448751896,1.0,,,
260519_2dsweep_1p5cell,sim,06_2_TDS-KyhlTune-260519_293.s2p,,S11,f_pi2,sim,dispersion_mode_1,2.8774448751896,2.87744,-4.875189600017649e-06,-0.0011356097946774613,-110.44367090701316,touchstone_ri,2.8774448751896,1.0,,,
260519_2dsweep_1p5cell,sim,06_2_TDS-KyhlTune-260519_293.s2p,,S12,f_pi2,sim,dispersion_mode_1,2.8774448751896,2.87744,-4.875189600017649e-06,-74.03184047318467,25.370617009247063,touchstone_ri,2.8774448751896,1.0,,,
260519_2dsweep_1p5cell,sim,06_2_TDS-KyhlTune-260519_293.s2p,,S21,f_pi2,sim,dispersion_mode_1,2.8774448751896,2.87744,-4.875189600017649e-06,-74.60210128088616,8.261361855286127,touchstone_ri,2.8774448751896,1.0,,,
260519_2dsweep_1p5cell,sim,06_2_TDS-KyhlTune-260519_293.s2p,,S22,f_pi2,sim,dispersion_mode_1,2.8774448751896,2.87744,-4.875189600017649e-06,-1.6564545145723648e-07,-20.11481142233559,touchstone_ri,2.8774448751896,1.0,,,
260519_2dsweep_1p5cell,sim,06_2_TDS-KyhlTune-260519_294.s2p,,S11,f_pi2,sim,dispersion_mode_1,2.8774448751896,2.87744,-4.875189600017649e-06,8.340281916175977e-07,-116.88205344868946,touchstone_ri,2.8774448751896,1.0,,,
260519_2dsweep_1p5cell,sim,06_2_TDS-KyhlTune-260519_294.s2p,,S12,f_pi2,sim,dispersion_mode_1,2.8774448751896,2.87744,-4.875189600017649e-06,-68.70018612802262,22.90816747347624,touchstone_ri,2.8774448751896,1.0,,,
260519_2dsweep_1p5cell,sim,06_2_TDS-KyhlTune-260519_294.s2p,,S21,f_pi2,sim,dispersion_mode_1,2.8774448751896,2.87744,-4.875189600017649e-06,-69.31806718583121,22.26582219216226,touchstone_ri,2.8774448751896,1.0,,,
260519_2dsweep_1p5cell,sim,06_2_TDS-KyhlTune-260519_294.s2p,,S22,f_pi2,sim,dispersion_mode_1,2.8774448751896,2.87744,-4.875189600017649e-06,-4.6175040753995874e-07,-20.144936095683146,touchstone_ri,2.8774448751896,1.0,,,
260519_2dsweep_1p5cell,sim,06_2_TDS-KyhlTune-260519_295.s2p,,S11,f_pi2,sim,dispersion_mode_1,2.8774448751896,2.87744,-4.875189600017649e-06,1.7685715025774794e-07,-123.57357075879455,touchstone_ri,2.8774448751896,1.0,,,
260519_2dsweep_1p5cell,sim,06_2_TDS-KyhlTune-260519_295.s2p,,S12,f_pi2,sim,dispersion_mode_1,2.8774448751896,2.87744,-4.875189600017649e-06,-72.777833403564,19.93911351799206,touchstone_ri,2.8774448751896,1.0,,,
260519_2dsweep_1p5cell,sim,06_2_TDS-KyhlTune-260519_295.s2p,,S21,f_pi2,sim,dispersion_mode_1,2.8774448751896,2.87744,-4.875189600017649e-06,-73.60045447418712,9.751069399995117,touchstone_ri,2.8774448751896,1.0,,,
260519_2dsweep_1p5cell,sim,06_2_TDS-KyhlTune-260519_295.s2p,,S22,f_pi2,sim,dispersion_mode_1,2.8774448751896,2.87744,-4.875189600017649e-06,-1.9862920756048854e-07,-20.1608008266274,touchstone_ri,2.8774448751896,1.0,,,
260519_2dsweep_1p5cell,sim,06_2_TDS-KyhlTune-260519_296.s2p,,S11,f_pi2,sim,dispersion_mode_1,2.8774448751896,2.87744,-4.875189600017649e-06,4.799549298827584e-07,-131.17277163178497,touchstone_ri,2.8774448751896,1.0,,,
260519_2dsweep_1p5cell,sim,06_2_TDS-KyhlTune-260519_296.s2p,,S12,f_pi2,sim,dispersion_mode_1,2.8774448751896,2.87744,-4.875189600017649e-06,-69.54560356361739,12.404085680567542,touchstone_ri,2.8774448751896,1.0,,,
260519_2dsweep_1p5cell,sim,06_2_TDS-KyhlTune-260519_296.s2p,,S21,f_pi2,sim,dispersion_mode_1,2.8774448751896,2.87744,-4.875189600017649e-06,-70.33641350593831,12.89051878767174,touchstone_ri,2.8774448751896,1.0,,,
260519_2dsweep_1p5cell,sim,06_2_TDS-KyhlTune-260519_296.s2p,,S22,f_pi2,sim,dispersion_mode_1,2.8774448751896,2.87744,-4.875189600017649e-06,-4.002238906946922e-07,-20.219538403497697,touchstone_ri,2.8774448751896,1.0,,,
260519_2dsweep_1p5cell,sim,06_2_TDS-KyhlTune-260519_297.s2p,,S11,f_pi2,sim,dispersion_mode_1,2.8774448751896,2.87744,-4.875189600017649e-06,-0.0016194488677664601,-139.09344009774236,touchstone_ri,2.8774448751896,1.0,,,
260519_2dsweep_1p5cell,sim,06_2_TDS-KyhlTune-260519_297.s2p,,S12,f_pi2,sim,dispersion_mode_1,2.8774448751896,2.87744,-4.875189600017649e-06,-83.53782362863838,-177.58101919348096,touchstone_ri,2.8774448751896,1.0,,,
260519_2dsweep_1p5cell,sim,06_2_TDS-KyhlTune-260519_297.s2p,,S21,f_pi2,sim,dispersion_mode_1,2.8774448751896,2.87744,-4.875189600017649e-06,-90.13312189926508,103.28900485917276,touchstone_ri,2.8774448751896,1.0,,,
260519_2dsweep_1p5cell,sim,06_2_TDS-KyhlTune-260519_297.s2p,,S22,f_pi2,sim,dispersion_mode_1,2.8774448751896,2.87744,-4.875189600017649e-06,9.530139766634017e-10,-20.231488806283295,touchstone_ri,2.8774448751896,1.0,,,
260519_2dsweep_1p5cell,sim,06_2_TDS-KyhlTune-260519_298.s2p,,S11,f_pi2,sim,dispersion_mode_1,2.8774448751896,2.87744,-4.875189600017649e-06,-0.0013865138323248397,-147.47364864848836,touchstone_ri,2.8774448751896,1.0,,,
260519_2dsweep_1p5cell,sim,06_2_TDS-KyhlTune-260519_298.s2p,,S12,f_pi2,sim,dispersion_mode_1,2.8774448751896,2.87744,-4.875189600017649e-06,-70.62444778966568,4.286871519115803,touchstone_ri,2.8774448751896,1.0,,,
260519_2dsweep_1p5cell,sim,06_2_TDS-KyhlTune-260519_298.s2p,,S21,f_pi2,sim,dispersion_mode_1,2.8774448751896,2.87744,-4.875189600017649e-06,-70.07328813749504,17.5190265931244,touchstone_ri,2.8774448751896,1.0,,,
260519_2dsweep_1p5cell,sim,06_2_TDS-KyhlTune-260519_298.s2p,,S22,f_pi2,sim,dispersion_mode_1,2.8774448751896,2.87744,-4.875189600017649e-06,-3.3392844594282655e-07,-20.25606858258455,touchstone_ri,2.8774448751896,1.0,,,
260519_2dsweep_1p5cell,sim,06_2_TDS-KyhlTune-260519_299.s2p,,S11,f_pi2,sim,dispersion_mode_1,2.8774448751896,2.87744,-4.875189600017649e-06,5.987435351708858e-08,-87.2245055018132,touchstone_ri,2.8774448751896,1.0,,,
260519_2dsweep_1p5cell,sim,06_2_TDS-KyhlTune-260519_299.s2p,,S12,f_pi2,sim,dispersion_mode_1,2.8774448751896,2.87744,-4.875189600017649e-06,-79.72378030285329,35.73088991489645,touchstone_ri,2.8774448751896,1.0,,,
260519_2dsweep_1p5cell,sim,06_2_TDS-KyhlTune-260519_299.s2p,,S21,f_pi2,sim,dispersion_mode_1,2.8774448751896,2.87744,-4.875189600017649e-06,-79.74158728538174,35.904878106624025,touchstone_ri,2.8774448751896,1.0,,,
260519_2dsweep_1p5cell,sim,06_2_TDS-KyhlTune-260519_299.s2p,,S22,f_pi2,sim,dispersion_mode_1,2.8774448751896,2.87744,-4.875189600017649e-06,-2.134324356067286e-05,-20.765417567576055,touchstone_ri,2.8774448751896,1.0,,,
260519_2dsweep_1p5cell,sim,06_2_TDS-KyhlTune-260519_3.s2p,,S11,f_pi2,sim,dispersion_mode_1,2.8774448751896,2.87744,-4.875189600017649e-06,-8.989445608271464e-05,-58.9160875424616,touchstone_ri,2.8774448751896,1.0,,,
260519_2dsweep_1p5cell,sim,06_2_TDS-KyhlTune-260519_3.s2p,,S12,f_pi2,sim,dispersion_mode_1,2.8774448751896,2.87744,-4.875189600017649e-06,-57.98828615853388,72.90407045894617,touchstone_ri,2.8774448751896,1.0,,,
260519_2dsweep_1p5cell,sim,06_2_TDS-KyhlTune-260519_3.s2p,,S21,f_pi2,sim,dispersion_mode_1,2.8774448751896,2.87744,-4.875189600017649e-06,-58.016297955237974,72.93774963227759,touchstone_ri,2.8774448751896,1.0,,,
260519_2dsweep_1p5cell,sim,06_2_TDS-KyhlTune-260519_3.s2p,,S22,f_pi2,sim,dispersion_mode_1,2.8774448751896,2.87744,-4.875189600017649e-06,-1.988265064501324e-05,25.033902202693934,touchstone_ri,2.8774448751896,1.0,,,
260519_2dsweep_1p5cell,sim,06_2_TDS-KyhlTune-260519_30.s2p,,S11,f_pi2,sim,dispersion_mode_1,2.8774448751896,2.87744,-4.875189600017649e-06,-0.00011195292998132467,-70.23709906896991,touchstone_ri,2.8774448751896,1.0,,,
260519_2dsweep_1p5cell,sim,06_2_TDS-KyhlTune-260519_30.s2p,,S12,f_pi2,sim,dispersion_mode_1,2.8774448751896,2.87744,-4.875189600017649e-06,-58.251792215000044,59.41756664353852,touchstone_ri,2.8774448751896,1.0,,,
260519_2dsweep_1p5cell,sim,06_2_TDS-KyhlTune-260519_30.s2p,,S21,f_pi2,sim,dispersion_mode_1,2.8774448751896,2.87744,-4.875189600017649e-06,-58.35968383348822,59.61829719832363,touchstone_ri,2.8774448751896,1.0,,,
260519_2dsweep_1p5cell,sim,06_2_TDS-KyhlTune-260519_30.s2p,,S22,f_pi2,sim,dispersion_mode_1,2.8774448751896,2.87744,-4.875189600017649e-06,-2.168663047792795e-05,9.475092425904412,touchstone_ri,2.8774448751896,1.0,,,
260519_2dsweep_1p5cell,sim,06_2_TDS-KyhlTune-260519_300.s2p,,S11,f_pi2,sim,dispersion_mode_1,2.8774448751896,2.87744,-4.875189600017649e-06,1.0285568825850623e-08,-91.5984237316736,touchstone_ri,2.8774448751896,1.0,,,
260519_2dsweep_1p5cell,sim,06_2_TDS-KyhlTune-260519_300.s2p,,S12,f_pi2,sim,dispersion_mode_1,2.8774448751896,2.87744,-4.875189600017649e-06,-86.95399693241713,34.113139950571934,touchstone_ri,2.8774448751896,1.0,,,
260519_2dsweep_1p5cell,sim,06_2_TDS-KyhlTune-260519_300.s2p,,S21,f_pi2,sim,dispersion_mode_1,2.8774448751896,2.87744,-4.875189600017649e-06,-88.13722515584632,33.8681508400458,touchstone_ri,2.8774448751896,1.0,,,
260519_2dsweep_1p5cell,sim,06_2_TDS-KyhlTune-260519_300.s2p,,S22,f_pi2,sim,dispersion_mode_1,2.8774448751896,2.87744,-4.875189600017649e-06,-4.19664513077747e-09,-20.789765704656514,touchstone_ri,2.8774448751896,1.0,,,
260519_2dsweep_1p5cell,sim,06_2_TDS-KyhlTune-260519_301.s2p,,S11,f_pi2,sim,dispersion_mode_1,2.8774448751896,2.87744,-4.875189600017649e-06,1.5842563380256746e-07,-96.49831932328166,touchstone_ri,2.8774448751896,1.0,,,
260519_2dsweep_1p5cell,sim,06_2_TDS-KyhlTune-260519_301.s2p,,S12,f_pi2,sim,dispersion_mode_1,2.8774448751896,2.87744,-4.875189600017649e-06,-74.19615048527218,31.931250540763585,touchstone_ri,2.8774448751896,1.0,,,
260519_2dsweep_1p5cell,sim,06_2_TDS-KyhlTune-260519_301.s2p,,S21,f_pi2,sim,dispersion_mode_1,2.8774448751896,2.87744,-4.875189600017649e-06,-76.2041954941026,30.15513256946319,touchstone_ri,2.8774448751896,1.0,,,
260519_2dsweep_1p5cell,sim,06_2_TDS-KyhlTune-260519_301.s2p,,S22,f_pi2,sim,dispersion_mode_1,2.8774448751896,2.87744,-4.875189600017649e-06,-9.959021921926487e-07,-20.84280679835833,touchstone_ri,2.8774448751896,1.0,,,
260519_2dsweep_1p5cell,sim,06_2_TDS-KyhlTune-260519_302.s2p,,S11,f_pi2,sim,dispersion_mode_1,2.8774448751896,2.87744,-4.875189600017649e-06,-4.610291335565963e-06,-101.70470871202407,touchstone_ri,2.8774448751896,1.0,,,
260519_2dsweep_1p5cell,sim,06_2_TDS-KyhlTune-260519_302.s2p,,S12,f_pi2,sim,dispersion_mode_1,2.8774448751896,2.87744,-4.875189600017649e-06,-83.78550785656641,28.884181957701486,touchstone_ri,2.8774448751896,1.0,,,
260519_2dsweep_1p5cell,sim,06_2_TDS-KyhlTune-260519_302.s2p,,S21,f_pi2,sim,dispersion_mode_1,2.8774448751896,2.87744,-4.875189600017649e-06,-83.75451475003354,28.772558094062592,touchstone_ri,2.8774448751896,1.0,,,
260519_2dsweep_1p5cell,sim,06_2_TDS-KyhlTune-260519_302.s2p,,S22,f_pi2,sim,dispersion_mode_1,2.8774448751896,2.87744,-4.875189600017649e-06,-7.315486232856597e-07,-20.84784737184809,touchstone_ri,2.8774448751896,1.0,,,
260519_2dsweep_1p5cell,sim,06_2_TDS-KyhlTune-260519_303.s2p,,S11,f_pi2,sim,dispersion_mode_1,2.8774448751896,2.87744,-4.875189600017649e-06,-0.00013792013968529814,-107.30920023063726,touchstone_ri,2.8774448751896,1.0,,,
260519_2dsweep_1p5cell,sim,06_2_TDS-KyhlTune-260519_303.s2p,,S12,f_pi2,sim,dispersion_mode_1,2.8774448751896,2.87744,-4.875189600017649e-06,-90.96973008382531,25.951527451181974,touchstone_ri,2.8774448751896,1.0,,,
260519_2dsweep_1p5cell,sim,06_2_TDS-KyhlTune-260519_303.s2p,,S21,f_pi2,sim,dispersion_mode_1,2.8774448751896,2.87744,-4.875189600017649e-06,-91.21134176951323,26.441039459892195,touchstone_ri,2.8774448751896,1.0,,,
260519_2dsweep_1p5cell,sim,06_2_TDS-KyhlTune-260519_303.s2p,,S22,f_pi2,sim,dispersion_mode_1,2.8774448751896,2.87744,-4.875189600017649e-06,-1.3439912026943667e-05,-20.878993433419534,touchstone_ri,2.8774448751896,1.0,,,
260519_2dsweep_1p5cell,sim,06_2_TDS-KyhlTune-260519_304.s2p,,S11,f_pi2,sim,dispersion_mode_1,2.8774448751896,2.87744,-4.875189600017649e-06,-0.0009865982760915064,-113.58916253575728,touchstone_ri,2.8774448751896,1.0,,,
260519_2dsweep_1p5cell,sim,06_2_TDS-KyhlTune-260519_304.s2p,,S12,f_pi2,sim,dispersion_mode_1,2.8774448751896,2.87744,-4.875189600017649e-06,-70.17991006994107,21.84484389277464,touchstone_ri,2.8774448751896,1.0,,,
260519_2dsweep_1p5cell,sim,06_2_TDS-KyhlTune-260519_304.s2p,,S21,f_pi2,sim,dispersion_mode_1,2.8774448751896,2.87744,-4.875189600017649e-06,-68.39686575265118,26.602074375547584,touchstone_ri,2.8774448751896,1.0,,,
260519_2dsweep_1p5cell,sim,06_2_TDS-KyhlTune-260519_304.s2p,,S22,f_pi2,sim,dispersion_mode_1,2.8774448751896,2.87744,-4.875189600017649e-06,-2.6314953815452828e-05,-20.941445705039516,touchstone_ri,2.8774448751896,1.0,,,
260519_2dsweep_1p5cell,sim,06_2_TDS-KyhlTune-260519_305.s2p,,S11,f_pi2,sim,dispersion_mode_1,2.8774448751896,2.87744,-4.875189600017649e-06,-0.0007927671734521998,-120.25539202272985,touchstone_ri,2.8774448751896,1.0,,,
260519_2dsweep_1p5cell,sim,06_2_TDS-KyhlTune-260519_305.s2p,,S12,f_pi2,sim,dispersion_mode_1,2.8774448751896,2.87744,-4.875189600017649e-06,-87.03436385751056,-157.8341769081357,touchstone_ri,2.8774448751896,1.0,,,
260519_2dsweep_1p5cell,sim,06_2_TDS-KyhlTune-260519_305.s2p,,S21,f_pi2,sim,dispersion_mode_1,2.8774448751896,2.87744,-4.875189600017649e-06,-99.07336838119272,85.84294312179786,touchstone_ri,2.8774448751896,1.0,,,
260519_2dsweep_1p5cell,sim,06_2_TDS-KyhlTune-260519_305.s2p,,S22,f_pi2,sim,dispersion_mode_1,2.8774448751896,2.87744,-4.875189600017649e-06,-3.7180156574476784e-09,-20.958623061267737,touchstone_ri,2.8774448751896,1.0,,,
260519_2dsweep_1p5cell,sim,06_2_TDS-KyhlTune-260519_306.s2p,,S11,f_pi2,sim,dispersion_mode_1,2.8774448751896,2.87744,-4.875189600017649e-06,-0.00023288177301952707,-127.55299888164193,touchstone_ri,2.8774448751896,1.0,,,
260519_2dsweep_1p5cell,sim,06_2_TDS-KyhlTune-260519_306.s2p,,S12,f_pi2,sim,dispersion_mode_1,2.8774448751896,2.87744,-4.875189600017649e-06,-73.88897300999764,15.622597790051444,touchstone_ri,2.8774448751896,1.0,,,
260519_2dsweep_1p5cell,sim,06_2_TDS-KyhlTune-260519_306.s2p,,S21,f_pi2,sim,dispersion_mode_1,2.8774448751896,2.87744,-4.875189600017649e-06,-73.94798874722301,17.617632969090536,touchstone_ri,2.8774448751896,1.0,,,
260519_2dsweep_1p5cell,sim,06_2_TDS-KyhlTune-260519_306.s2p,,S22,f_pi2,sim,dispersion_mode_1,2.8774448751896,2.87744,-4.875189600017649e-06,-0.00024173983211661935,-20.954547846875258,touchstone_ri,2.8774448751896,1.0,,,
260519_2dsweep_1p5cell,sim,06_2_TDS-KyhlTune-260519_307.s2p,,S11,f_pi2,sim,dispersion_mode_1,2.8774448751896,2.87744,-4.875189600017649e-06,-0.0005411044061797198,-135.11790020311298,touchstone_ri,2.8774448751896,1.0,,,
260519_2dsweep_1p5cell,sim,06_2_TDS-KyhlTune-260519_307.s2p,,S12,f_pi2,sim,dispersion_mode_1,2.8774448751896,2.87744,-4.875189600017649e-06,-76.96064883819899,16.918213101368384,touchstone_ri,2.8774448751896,1.0,,,
260519_2dsweep_1p5cell,sim,06_2_TDS-KyhlTune-260519_307.s2p,,S21,f_pi2,sim,dispersion_mode_1,2.8774448751896,2.87744,-4.875189600017649e-06,-77.031335603008,11.524200345263642,touchstone_ri,2.8774448751896,1.0,,,
260519_2dsweep_1p5cell,sim,06_2_TDS-KyhlTune-260519_307.s2p,,S22,f_pi2,sim,dispersion_mode_1,2.8774448751896,2.87744,-4.875189600017649e-06,-7.159817676509889e-08,-20.985198915877497,touchstone_ri,2.8774448751896,1.0,,,
260519_2dsweep_1p5cell,sim,06_2_TDS-KyhlTune-260519_308.s2p,,S11,f_pi2,sim,dispersion_mode_1,2.8774448751896,2.87744,-4.875189600017649e-06,7.715567053461231e-08,-143.10971876155088,touchstone_ri,2.8774448751896,1.0,,,
260519_2dsweep_1p5cell,sim,06_2_TDS-KyhlTune-260519_308.s2p,,S12,f_pi2,sim,dispersion_mode_1,2.8774448751896,2.87744,-4.875189600017649e-06,-78.28216111741283,7.452656255148073,touchstone_ri,2.8774448751896,1.0,,,
260519_2dsweep_1p5cell,sim,06_2_TDS-KyhlTune-260519_308.s2p,,S21,f_pi2,sim,dispersion_mode_1,2.8774448751896,2.87744,-4.875189600017649e-06,-78.13990810700764,7.8178635870921855,touchstone_ri,2.8774448751896,1.0,,,
260519_2dsweep_1p5cell,sim,06_2_TDS-KyhlTune-260519_308.s2p,,S22,f_pi2,sim,dispersion_mode_1,2.8774448751896,2.87744,-4.875189600017649e-06,-2.6874269206913798e-05,-21.027039592613004,touchstone_ri,2.8774448751896,1.0,,,
260519_2dsweep_1p5cell,sim,06_2_TDS-KyhlTune-260519_309.s2p,,S11,f_pi2,sim,dispersion_mode_1,2.8774448751896,2.87744,-4.875189600017649e-06,3.614123829523778e-08,-151.53651037931877,touchstone_ri,2.8774448751896,1.0,,,
260519_2dsweep_1p5cell,sim,06_2_TDS-KyhlTune-260519_309.s2p,,S12,f_pi2,sim,dispersion_mode_1,2.8774448751896,2.87744,-4.875189600017649e-06,-81.76663658302618,4.210850011304106,touchstone_ri,2.8774448751896,1.0,,,
260519_2dsweep_1p5cell,sim,06_2_TDS-KyhlTune-260519_309.s2p,,S21,f_pi2,sim,dispersion_mode_1,2.8774448751896,2.87744,-4.875189600017649e-06,-81.7363375554267,3.7070195355412836,touchstone_ri,2.8774448751896,1.0,,,
260519_2dsweep_1p5cell,sim,06_2_TDS-KyhlTune-260519_309.s2p,,S22,f_pi2,sim,dispersion_mode_1,2.8774448751896,2.87744,-4.875189600017649e-06,-2.8661978232743434e-08,-21.06082647568657,touchstone_ri,2.8774448751896,1.0,,,
260519_2dsweep_1p5cell,sim,06_2_TDS-KyhlTune-260519_31.s2p,,S11,f_pi2,sim,dispersion_mode_1,2.8774448751896,2.87744,-4.875189600017649e-06,-0.0001822184065473491,-72.47813100442077,touchstone_ri,2.8774448751896,1.0,,,
260519_2dsweep_1p5cell,sim,06_2_TDS-KyhlTune-260519_31.s2p,,S12,f_pi2,sim,dispersion_mode_1,2.8774448751896,2.87744,-4.875189600017649e-06,-58.29731547504643,57.370087169076065,touchstone_ri,2.8774448751896,1.0,,,
260519_2dsweep_1p5cell,sim,06_2_TDS-KyhlTune-260519_31.s2p,,S21,f_pi2,sim,dispersion_mode_1,2.8774448751896,2.87744,-4.875189600017649e-06,-58.32548002359462,57.715785651039795,touchstone_ri,2.8774448751896,1.0,,,
260519_2dsweep_1p5cell,sim,06_2_TDS-KyhlTune-260519_31.s2p,,S22,f_pi2,sim,dispersion_mode_1,2.8774448751896,2.87744,-4.875189600017649e-06,-4.444074634638856e-05,8.212721246973398,touchstone_ri,2.8774448751896,1.0,,,
260519_2dsweep_1p5cell,sim,06_2_TDS-KyhlTune-260519_310.s2p,,S11,f_pi2,sim,dispersion_mode_1,2.8774448751896,2.87744,-4.875189600017649e-06,-1.3837491619837967e-09,-93.88199160161841,touchstone_ri,2.8774448751896,1.0,,,
260519_2dsweep_1p5cell,sim,06_2_TDS-KyhlTune-260519_310.s2p,,S12,f_pi2,sim,dispersion_mode_1,2.8774448751896,2.87744,-4.875189600017649e-06,-102.90394960294435,-145.9306908678235,touchstone_ri,2.8774448751896,1.0,,,
260519_2dsweep_1p5cell,sim,06_2_TDS-KyhlTune-260519_310.s2p,,S21,f_pi2,sim,dispersion_mode_1,2.8774448751896,2.87744,-4.875189600017649e-06,-105.7796958860234,-114.81989559442086,touchstone_ri,2.8774448751896,1.0,,,
260519_2dsweep_1p5cell,sim,06_2_TDS-KyhlTune-260519_310.s2p,,S22,f_pi2,sim,dispersion_mode_1,2.8774448751896,2.87744,-4.875189600017649e-06,1.758894725876725e-10,-21.61772010879118,touchstone_ri,2.8774448751896,1.0,,,
260519_2dsweep_1p5cell,sim,06_2_TDS-KyhlTune-260519_311.s2p,,S11,f_pi2,sim,dispersion_mode_1,2.8774448751896,2.87744,-4.875189600017649e-06,-8.961115661469966e-05,-98.80047977795194,touchstone_ri,2.8774448751896,1.0,,,
260519_2dsweep_1p5cell,sim,06_2_TDS-KyhlTune-260519_311.s2p,,S12,f_pi2,sim,dispersion_mode_1,2.8774448751896,2.87744,-4.875189600017649e-06,-78.27443499704,-150.42329401290726,touchstone_ri,2.8774448751896,1.0,,,
260519_2dsweep_1p5cell,sim,06_2_TDS-KyhlTune-260519_311.s2p,,S21,f_pi2,sim,dispersion_mode_1,2.8774448751896,2.87744,-4.875189600017649e-06,-78.32010127920663,-150.3531758768411,touchstone_ri,2.8774448751896,1.0,,,
260519_2dsweep_1p5cell,sim,06_2_TDS-KyhlTune-260519_311.s2p,,S22,f_pi2,sim,dispersion_mode_1,2.8774448751896,2.87744,-4.875189600017649e-06,-5.1014484376647896e-08,-21.651024517151214,touchstone_ri,2.8774448751896,1.0,,,
260519_2dsweep_1p5cell,sim,06_2_TDS-KyhlTune-260519_312.s2p,,S11,f_pi2,sim,dispersion_mode_1,2.8774448751896,2.87744,-4.875189600017649e-06,-3.7529893035135745e-06,-104.26103257203212,touchstone_ri,2.8774448751896,1.0,,,
260519_2dsweep_1p5cell,sim,06_2_TDS-KyhlTune-260519_312.s2p,,S12,f_pi2,sim,dispersion_mode_1,2.8774448751896,2.87744,-4.875189600017649e-06,-88.78083276858288,-152.77477619425568,touchstone_ri,2.8774448751896,1.0,,,
260519_2dsweep_1p5cell,sim,06_2_TDS-KyhlTune-260519_312.s2p,,S21,f_pi2,sim,dispersion_mode_1,2.8774448751896,2.87744,-4.875189600017649e-06,-88.77013114822871,-152.7102318275365,touchstone_ri,2.8774448751896,1.0,,,
260519_2dsweep_1p5cell,sim,06_2_TDS-KyhlTune-260519_312.s2p,,S22,f_pi2,sim,dispersion_mode_1,2.8774448751896,2.87744,-4.875189600017649e-06,-7.258748390558276e-09,-21.660876770814845,touchstone_ri,2.8774448751896,1.0,,,
260519_2dsweep_1p5cell,sim,06_2_TDS-KyhlTune-260519_313.s2p,,S11,f_pi2,sim,dispersion_mode_1,2.8774448751896,2.87744,-4.875189600017649e-06,-0.0006926900333134183,-109.94717737885179,touchstone_ri,2.8774448751896,1.0,,,
260519_2dsweep_1p5cell,sim,06_2_TDS-KyhlTune-260519_313.s2p,,S12,f_pi2,sim,dispersion_mode_1,2.8774448751896,2.87744,-4.875189600017649e-06,-75.99312784029172,23.4461684547324,touchstone_ri,2.8774448751896,1.0,,,
260519_2dsweep_1p5cell,sim,06_2_TDS-KyhlTune-260519_313.s2p,,S21,f_pi2,sim,dispersion_mode_1,2.8774448751896,2.87744,-4.875189600017649e-06,-77.88502944052834,43.31664421963109,touchstone_ri,2.8774448751896,1.0,,,
260519_2dsweep_1p5cell,sim,06_2_TDS-KyhlTune-260519_313.s2p,,S22,f_pi2,sim,dispersion_mode_1,2.8774448751896,2.87744,-4.875189600017649e-06,-5.29531914708687e-08,-21.66464179128085,touchstone_ri,2.8774448751896,1.0,,,
260519_2dsweep_1p5cell,sim,06_2_TDS-KyhlTune-260519_314.s2p,,S11,f_pi2,sim,dispersion_mode_1,2.8774448751896,2.87744,-4.875189600017649e-06,2.513657436761654e-08,-116.59897634697357,touchstone_ri,2.8774448751896,1.0,,,
260519_2dsweep_1p5cell,sim,06_2_TDS-KyhlTune-260519_314.s2p,,S12,f_pi2,sim,dispersion_mode_1,2.8774448751896,2.87744,-4.875189600017649e-06,-82.32312464521483,-158.73356986205863,touchstone_ri,2.8774448751896,1.0,,,
260519_2dsweep_1p5cell,sim,06_2_TDS-KyhlTune-260519_314.s2p,,S21,f_pi2,sim,dispersion_mode_1,2.8774448751896,2.87744,-4.875189600017649e-06,-82.27277211975505,-159.1980737126783,touchstone_ri,2.8774448751896,1.0,,,
260519_2dsweep_1p5cell,sim,06_2_TDS-KyhlTune-260519_314.s2p,,S22,f_pi2,sim,dispersion_mode_1,2.8774448751896,2.87744,-4.875189600017649e-06,-1.2704177146049414e-06,-21.692747768565876,touchstone_ri,2.8774448751896,1.0,,,
260519_2dsweep_1p5cell,sim,06_2_TDS-KyhlTune-260519_315.s2p,,S11,f_pi2,sim,dispersion_mode_1,2.8774448751896,2.87744,-4.875189600017649e-06,9.176443447104786e-07,-123.58672883328839,touchstone_ri,2.8774448751896,1.0,,,
260519_2dsweep_1p5cell,sim,06_2_TDS-KyhlTune-260519_315.s2p,,S12,f_pi2,sim,dispersion_mode_1,2.8774448751896,2.87744,-4.875189600017649e-06,-68.59311524885788,19.317235658506142,touchstone_ri,2.8774448751896,1.0,,,
260519_2dsweep_1p5cell,sim,06_2_TDS-KyhlTune-260519_315.s2p,,S21,f_pi2,sim,dispersion_mode_1,2.8774448751896,2.87744,-4.875189600017649e-06,-68.73308212741136,21.58865883621092,touchstone_ri,2.8774448751896,1.0,,,
260519_2dsweep_1p5cell,sim,06_2_TDS-KyhlTune-260519_315.s2p,,S22,f_pi2,sim,dispersion_mode_1,2.8774448751896,2.87744,-4.875189600017649e-06,-4.865220171728698e-07,-21.70904404478626,touchstone_ri,2.8774448751896,1.0,,,
260519_2dsweep_1p5cell,sim,06_2_TDS-KyhlTune-260519_316.s2p,,S11,f_pi2,sim,dispersion_mode_1,2.8774448751896,2.87744,-4.875189600017649e-06,1.053109238450568e-08,-131.02924937980382,touchstone_ri,2.8774448751896,1.0,,,
260519_2dsweep_1p5cell,sim,06_2_TDS-KyhlTune-260519_316.s2p,,S12,f_pi2,sim,dispersion_mode_1,2.8774448751896,2.87744,-4.875189600017649e-06,-88.11669670651413,11.543287724629055,touchstone_ri,2.8774448751896,1.0,,,
260519_2dsweep_1p5cell,sim,06_2_TDS-KyhlTune-260519_316.s2p,,S21,f_pi2,sim,dispersion_mode_1,2.8774448751896,2.87744,-4.875189600017649e-06,-87.98118154242141,13.667877090798854,touchstone_ri,2.8774448751896,1.0,,,
260519_2dsweep_1p5cell,sim,06_2_TDS-KyhlTune-260519_316.s2p,,S22,f_pi2,sim,dispersion_mode_1,2.8774448751896,2.87744,-4.875189600017649e-06,-3.858360102394777e-06,-21.712882459813702,touchstone_ri,2.8774448751896,1.0,,,
260519_2dsweep_1p5cell,sim,06_2_TDS-KyhlTune-260519_317.s2p,,S11,f_pi2,sim,dispersion_mode_1,2.8774448751896,2.87744,-4.875189600017649e-06,9.158929189507243e-08,-139.21595705751105,touchstone_ri,2.8774448751896,1.0,,,
260519_2dsweep_1p5cell,sim,06_2_TDS-KyhlTune-260519_317.s2p,,S12,f_pi2,sim,dispersion_mode_1,2.8774448751896,2.87744,-4.875189600017649e-06,-76.7732994212014,-171.1651650081589,touchstone_ri,2.8774448751896,1.0,,,
260519_2dsweep_1p5cell,sim,06_2_TDS-KyhlTune-260519_317.s2p,,S21,f_pi2,sim,dispersion_mode_1,2.8774448751896,2.87744,-4.875189600017649e-06,-76.82937151827628,-170.97492160876237,touchstone_ri,2.8774448751896,1.0,,,
260519_2dsweep_1p5cell,sim,06_2_TDS-KyhlTune-260519_317.s2p,,S22,f_pi2,sim,dispersion_mode_1,2.8774448751896,2.87744,-4.875189600017649e-06,-1.3938921731941662e-06,-21.749502243043057,touchstone_ri,2.8774448751896,1.0,,,
260519_2dsweep_1p5cell,sim,06_2_TDS-KyhlTune-260519_318.s2p,,S11,f_pi2,sim,dispersion_mode_1,2.8774448751896,2.87744,-4.875189600017649e-06,9.913250619481309e-08,-147.45626943419302,touchstone_ri,2.8774448751896,1.0,,,
260519_2dsweep_1p5cell,sim,06_2_TDS-KyhlTune-260519_318.s2p,,S12,f_pi2,sim,dispersion_mode_1,2.8774448751896,2.87744,-4.875189600017649e-06,-78.4922230921753,-177.8353161386176,touchstone_ri,2.8774448751896,1.0,,,
260519_2dsweep_1p5cell,sim,06_2_TDS-KyhlTune-260519_318.s2p,,S21,f_pi2,sim,dispersion_mode_1,2.8774448751896,2.87744,-4.875189600017649e-06,-75.25657509202922,-171.18329796592778,touchstone_ri,2.8774448751896,1.0,,,
260519_2dsweep_1p5cell,sim,06_2_TDS-KyhlTune-260519_318.s2p,,S22,f_pi2,sim,dispersion_mode_1,2.8774448751896,2.87744,-4.875189600017649e-06,-8.103574889300783e-08,-21.787059742405592,touchstone_ri,2.8774448751896,1.0,,,
260519_2dsweep_1p5cell,sim,06_2_TDS-KyhlTune-260519_319.s2p,,S11,f_pi2,sim,dispersion_mode_1,2.8774448751896,2.87744,-4.875189600017649e-06,-1.159814966322937e-09,-156.39603812371092,touchstone_ri,2.8774448751896,1.0,,,
260519_2dsweep_1p5cell,sim,06_2_TDS-KyhlTune-260519_319.s2p,,S12,f_pi2,sim,dispersion_mode_1,2.8774448751896,2.87744,-4.875189600017649e-06,-72.56050778556664,4.370567171200704,touchstone_ri,2.8774448751896,1.0,,,
260519_2dsweep_1p5cell,sim,06_2_TDS-KyhlTune-260519_319.s2p,,S21,f_pi2,sim,dispersion_mode_1,2.8774448751896,2.87744,-4.875189600017649e-06,-76.05590642472903,-17.157715033587127,touchstone_ri,2.8774448751896,1.0,,,
260519_2dsweep_1p5cell,sim,06_2_TDS-KyhlTune-260519_319.s2p,,S22,f_pi2,sim,dispersion_mode_1,2.8774448751896,2.87744,-4.875189600017649e-06,-1.5163486762400072e-07,-21.805253920888727,touchstone_ri,2.8774448751896,1.0,,,
260519_2dsweep_1p5cell,sim,06_2_TDS-KyhlTune-260519_32.s2p,,S11,f_pi2,sim,dispersion_mode_1,2.8774448751896,2.87744,-4.875189600017649e-06,4.009888385044251e-05,-75.32103644068673,touchstone_ri,2.8774448751896,1.0,,,
260519_2dsweep_1p5cell,sim,06_2_TDS-KyhlTune-260519_32.s2p,,S12,f_pi2,sim,dispersion_mode_1,2.8774448751896,2.87744,-4.875189600017649e-06,-58.13256630433182,55.96971922767543,touchstone_ri,2.8774448751896,1.0,,,
260519_2dsweep_1p5cell,sim,06_2_TDS-KyhlTune-260519_32.s2p,,S21,f_pi2,sim,dispersion_mode_1,2.8774448751896,2.87744,-4.875189600017649e-06,-58.70350392672276,57.08846639924696,touchstone_ri,2.8774448751896,1.0,,,
260519_2dsweep_1p5cell,sim,06_2_TDS-KyhlTune-260519_32.s2p,,S22,f_pi2,sim,dispersion_mode_1,2.8774448751896,2.87744,-4.875189600017649e-06,-3.0514432899389915e-05,7.058838543250373,touchstone_ri,2.8774448751896,1.0,,,
260519_2dsweep_1p5cell,sim,06_2_TDS-KyhlTune-260519_320.s2p,,S11,f_pi2,sim,dispersion_mode_1,2.8774448751896,2.87744,-4.875189600017649e-06,4.433662474412164e-07,-107.18116794743857,touchstone_ri,2.8774448751896,1.0,,,
260519_2dsweep_1p5cell,sim,06_2_TDS-KyhlTune-260519_320.s2p,,S12,f_pi2,sim,dispersion_mode_1,2.8774448751896,2.87744,-4.875189600017649e-06,-69.81294186830111,-154.88300194357907,touchstone_ri,2.8774448751896,1.0,,,
260519_2dsweep_1p5cell,sim,06_2_TDS-KyhlTune-260519_320.s2p,,S21,f_pi2,sim,dispersion_mode_1,2.8774448751896,2.87744,-4.875189600017649e-06,-69.87439054269149,-155.00846922315384,touchstone_ri,2.8774448751896,1.0,,,
260519_2dsweep_1p5cell,sim,06_2_TDS-KyhlTune-260519_320.s2p,,S22,f_pi2,sim,dispersion_mode_1,2.8774448751896,2.87744,-4.875189600017649e-06,-3.9119638692165367e-07,-22.4448077443638,touchstone_ri,2.8774448751896,1.0,,,
260519_2dsweep_1p5cell,sim,06_2_TDS-KyhlTune-260519_321.s2p,,S11,f_pi2,sim,dispersion_mode_1,2.8774448751896,2.87744,-4.875189600017649e-06,-1.4695463628216967e-05,-113.49457196170329,touchstone_ri,2.8774448751896,1.0,,,
260519_2dsweep_1p5cell,sim,06_2_TDS-KyhlTune-260519_321.s2p,,S12,f_pi2,sim,dispersion_mode_1,2.8774448751896,2.87744,-4.875189600017649e-06,-77.69320669898062,-157.89075425921712,touchstone_ri,2.8774448751896,1.0,,,
260519_2dsweep_1p5cell,sim,06_2_TDS-KyhlTune-260519_321.s2p,,S21,f_pi2,sim,dispersion_mode_1,2.8774448751896,2.87744,-4.875189600017649e-06,-77.69879003518626,-157.98813837568736,touchstone_ri,2.8774448751896,1.0,,,
260519_2dsweep_1p5cell,sim,06_2_TDS-KyhlTune-260519_321.s2p,,S22,f_pi2,sim,dispersion_mode_1,2.8774448751896,2.87744,-4.875189600017649e-06,-2.4472775335051717e-06,-22.45133162987975,touchstone_ri,2.8774448751896,1.0,,,
260519_2dsweep_1p5cell,sim,06_2_TDS-KyhlTune-260519_322.s2p,,S11,f_pi2,sim,dispersion_mode_1,2.8774448751896,2.87744,-4.875189600017649e-06,2.048161333504801e-08,-120.12724704916637,touchstone_ri,2.8774448751896,1.0,,,
260519_2dsweep_1p5cell,sim,06_2_TDS-KyhlTune-260519_322.s2p,,S12,f_pi2,sim,dispersion_mode_1,2.8774448751896,2.87744,-4.875189600017649e-06,-93.99624076867374,-179.2901432448596,touchstone_ri,2.8774448751896,1.0,,,
260519_2dsweep_1p5cell,sim,06_2_TDS-KyhlTune-260519_322.s2p,,S21,f_pi2,sim,dispersion_mode_1,2.8774448751896,2.87744,-4.875189600017649e-06,-85.55570859529844,-92.30061538176568,touchstone_ri,2.8774448751896,1.0,,,
260519_2dsweep_1p5cell,sim,06_2_TDS-KyhlTune-260519_322.s2p,,S22,f_pi2,sim,dispersion_mode_1,2.8774448751896,2.87744,-4.875189600017649e-06,-5.527463323084346e-09,-22.455318731105116,touchstone_ri,2.8774448751896,1.0,,,
260519_2dsweep_1p5cell,sim,06_2_TDS-KyhlTune-260519_323.s2p,,S11,f_pi2,sim,dispersion_mode_1,2.8774448751896,2.87744,-4.875189600017649e-06,-4.117864398359693e-09,-127.29997839337783,touchstone_ri,2.8774448751896,1.0,,,
260519_2dsweep_1p5cell,sim,06_2_TDS-KyhlTune-260519_323.s2p,,S12,f_pi2,sim,dispersion_mode_1,2.8774448751896,2.87744,-4.875189600017649e-06,-96.3329759417335,152.53679417552652,touchstone_ri,2.8774448751896,1.0,,,
260519_2dsweep_1p5cell,sim,06_2_TDS-KyhlTune-260519_323.s2p,,S21,f_pi2,sim,dispersion_mode_1,2.8774448751896,2.87744,-4.875189600017649e-06,-87.17029575485586,-163.01232389449734,touchstone_ri,2.8774448751896,1.0,,,
260519_2dsweep_1p5cell,sim,06_2_TDS-KyhlTune-260519_323.s2p,,S22,f_pi2,sim,dispersion_mode_1,2.8774448751896,2.87744,-4.875189600017649e-06,-1.0562857337702313e-10,-22.478355057675877,touchstone_ri,2.8774448751896,1.0,,,
260519_2dsweep_1p5cell,sim,06_2_TDS-KyhlTune-260519_324.s2p,,S11,f_pi2,sim,dispersion_mode_1,2.8774448751896,2.87744,-4.875189600017649e-06,2.0127131363798882e-07,-134.86117614220998,touchstone_ri,2.8774448751896,1.0,,,
260519_2dsweep_1p5cell,sim,06_2_TDS-KyhlTune-260519_324.s2p,,S12,f_pi2,sim,dispersion_mode_1,2.8774448751896,2.87744,-4.875189600017649e-06,-73.48611992504429,-168.35188553276856,touchstone_ri,2.8774448751896,1.0,,,
260519_2dsweep_1p5cell,sim,06_2_TDS-KyhlTune-260519_324.s2p,,S21,f_pi2,sim,dispersion_mode_1,2.8774448751896,2.87744,-4.875189600017649e-06,-73.52411069097714,-168.55169917633313,touchstone_ri,2.8774448751896,1.0,,,
260519_2dsweep_1p5cell,sim,06_2_TDS-KyhlTune-260519_324.s2p,,S22,f_pi2,sim,dispersion_mode_1,2.8774448751896,2.87744,-4.875189600017649e-06,-1.6995575519846022e-07,-22.48849989664106,touchstone_ri,2.8774448751896,1.0,,,
260519_2dsweep_1p5cell,sim,06_2_TDS-KyhlTune-260519_325.s2p,,S11,f_pi2,sim,dispersion_mode_1,2.8774448751896,2.87744,-4.875189600017649e-06,-6.226517426625517e-06,-143.7643529978077,touchstone_ri,2.8774448751896,1.0,,,
260519_2dsweep_1p5cell,sim,06_2_TDS-KyhlTune-260519_325.s2p,,S12,f_pi2,sim,dispersion_mode_1,2.8774448751896,2.87744,-4.875189600017649e-06,-109.4457871186839,-87.25069344384409,touchstone_ri,2.8774448751896,1.0,,,
260519_2dsweep_1p5cell,sim,06_2_TDS-KyhlTune-260519_325.s2p,,S21,f_pi2,sim,dispersion_mode_1,2.8774448751896,2.87744,-4.875189600017649e-06,-130.61630791587,138.3906818595642,touchstone_ri,2.8774448751896,1.0,,,
260519_2dsweep_1p5cell,sim,06_2_TDS-KyhlTune-260519_325.s2p,,S22,f_pi2,sim,dispersion_mode_1,2.8774448751896,2.87744,-4.875189600017649e-06,-3.28499983765683e-09,-22.530716390117426,touchstone_ri,2.8774448751896,1.0,,,
260519_2dsweep_1p5cell,sim,06_2_TDS-KyhlTune-260519_326.s2p,,S11,f_pi2,sim,dispersion_mode_1,2.8774448751896,2.87744,-4.875189600017649e-06,2.2450476600208667e-07,-152.1965397388556,touchstone_ri,2.8774448751896,1.0,,,
260519_2dsweep_1p5cell,sim,06_2_TDS-KyhlTune-260519_326.s2p,,S12,f_pi2,sim,dispersion_mode_1,2.8774448751896,2.87744,-4.875189600017649e-06,-72.62456188355812,-177.82946204159975,touchstone_ri,2.8774448751896,1.0,,,
260519_2dsweep_1p5cell,sim,06_2_TDS-KyhlTune-260519_326.s2p,,S21,f_pi2,sim,dispersion_mode_1,2.8774448751896,2.87744,-4.875189600017649e-06,-72.59159419330115,-177.41372206989553,touchstone_ri,2.8774448751896,1.0,,,
260519_2dsweep_1p5cell,sim,06_2_TDS-KyhlTune-260519_326.s2p,,S22,f_pi2,sim,dispersion_mode_1,2.8774448751896,2.87744,-4.875189600017649e-06,-2.1759164977736063e-07,-22.54297706327348,touchstone_ri,2.8774448751896,1.0,,,
260519_2dsweep_1p5cell,sim,06_2_TDS-KyhlTune-260519_327.s2p,,S11,f_pi2,sim,dispersion_mode_1,2.8774448751896,2.87744,-4.875189600017649e-06,5.8613117346805766e-08,-161.79843695553853,touchstone_ri,2.8774448751896,1.0,,,
260519_2dsweep_1p5cell,sim,06_2_TDS-KyhlTune-260519_327.s2p,,S12,f_pi2,sim,dispersion_mode_1,2.8774448751896,2.87744,-4.875189600017649e-06,-75.93796838970711,171.87435370980927,touchstone_ri,2.8774448751896,1.0,,,
260519_2dsweep_1p5cell,sim,06_2_TDS-KyhlTune-260519_327.s2p,,S21,f_pi2,sim,dispersion_mode_1,2.8774448751896,2.87744,-4.875189600017649e-06,-73.84910416347574,176.31828547809545,touchstone_ri,2.8774448751896,1.0,,,
260519_2dsweep_1p5cell,sim,06_2_TDS-KyhlTune-260519_327.s2p,,S22,f_pi2,sim,dispersion_mode_1,2.8774448751896,2.87744,-4.875189600017649e-06,-1.301060714331643e-07,-22.572541413529464,touchstone_ri,2.8774448751896,1.0,,,
260519_2dsweep_1p5cell,sim,06_2_TDS-KyhlTune-260519_328.s2p,,S11,f_pi2,sim,dispersion_mode_1,2.8774448751896,2.87744,-4.875189600017649e-06,-0.00012439173092089462,-116.81470600962955,touchstone_ri,2.8774448751896,1.0,,,
260519_2dsweep_1p5cell,sim,06_2_TDS-KyhlTune-260519_328.s2p,,S12,f_pi2,sim,dispersion_mode_1,2.8774448751896,2.87744,-4.875189600017649e-06,-88.47256193974366,18.71931384384249,touchstone_ri,2.8774448751896,1.0,,,
260519_2dsweep_1p5cell,sim,06_2_TDS-KyhlTune-260519_328.s2p,,S21,f_pi2,sim,dispersion_mode_1,2.8774448751896,2.87744,-4.875189600017649e-06,-88.43890366945922,19.946640469779478,touchstone_ri,2.8774448751896,1.0,,,
260519_2dsweep_1p5cell,sim,06_2_TDS-KyhlTune-260519_328.s2p,,S22,f_pi2,sim,dispersion_mode_1,2.8774448751896,2.87744,-4.875189600017649e-06,-2.6677232185024187e-09,-23.18395305954411,touchstone_ri,2.8774448751896,1.0,,,
260519_2dsweep_1p5cell,sim,06_2_TDS-KyhlTune-260519_329.s2p,,S11,f_pi2,sim,dispersion_mode_1,2.8774448751896,2.87744,-4.875189600017649e-06,-0.0002621832922610525,-123.79490602589652,touchstone_ri,2.8774448751896,1.0,,,
260519_2dsweep_1p5cell,sim,06_2_TDS-KyhlTune-260519_329.s2p,,S12,f_pi2,sim,dispersion_mode_1,2.8774448751896,2.87744,-4.875189600017649e-06,-67.73212414854592,-163.33501730930118,touchstone_ri,2.8774448751896,1.0,,,
260519_2dsweep_1p5cell,sim,06_2_TDS-KyhlTune-260519_329.s2p,,S21,f_pi2,sim,dispersion_mode_1,2.8774448751896,2.87744,-4.875189600017649e-06,-67.77743461854936,-163.45404761013228,touchstone_ri,2.8774448751896,1.0,,,
260519_2dsweep_1p5cell,sim,06_2_TDS-KyhlTune-260519_329.s2p,,S22,f_pi2,sim,dispersion_mode_1,2.8774448751896,2.87744,-4.875189600017649e-06,-6.454268785587197e-07,-23.207396797959962,touchstone_ri,2.8774448751896,1.0,,,
260519_2dsweep_1p5cell,sim,06_2_TDS-KyhlTune-260519_33.s2p,,S11,f_pi2,sim,dispersion_mode_1,2.8774448751896,2.87744,-4.875189600017649e-06,-0.00039264882976204667,-78.5132386244447,touchstone_ri,2.8774448751896,1.0,,,
260519_2dsweep_1p5cell,sim,06_2_TDS-KyhlTune-260519_33.s2p,,S12,f_pi2,sim,dispersion_mode_1,2.8774448751896,2.87744,-4.875189600017649e-06,-58.09951022559014,54.21298186281062,touchstone_ri,2.8774448751896,1.0,,,
260519_2dsweep_1p5cell,sim,06_2_TDS-KyhlTune-260519_33.s2p,,S21,f_pi2,sim,dispersion_mode_1,2.8774448751896,2.87744,-4.875189600017649e-06,-57.98298862822922,53.73925047676376,touchstone_ri,2.8774448751896,1.0,,,
260519_2dsweep_1p5cell,sim,06_2_TDS-KyhlTune-260519_33.s2p,,S22,f_pi2,sim,dispersion_mode_1,2.8774448751896,2.87744,-4.875189600017649e-06,-5.198766615167545e-06,5.939911788709225,touchstone_ri,2.8774448751896,1.0,,,
260519_2dsweep_1p5cell,sim,06_2_TDS-KyhlTune-260519_330.s2p,,S11,f_pi2,sim,dispersion_mode_1,2.8774448751896,2.87744,-4.875189600017649e-06,-5.570582259843677e-10,-131.36478134583027,touchstone_ri,2.8774448751896,1.0,,,
260519_2dsweep_1p5cell,sim,06_2_TDS-KyhlTune-260519_330.s2p,,S12,f_pi2,sim,dispersion_mode_1,2.8774448751896,2.87744,-4.875189600017649e-06,-90.99174068293291,-179.56754668319329,touchstone_ri,2.8774448751896,1.0,,,
260519_2dsweep_1p5cell,sim,06_2_TDS-KyhlTune-260519_330.s2p,,S21,f_pi2,sim,dispersion_mode_1,2.8774448751896,2.87744,-4.875189600017649e-06,-89.71440795512338,-169.26200519293394,touchstone_ri,2.8774448751896,1.0,,,
260519_2dsweep_1p5cell,sim,06_2_TDS-KyhlTune-260519_330.s2p,,S22,f_pi2,sim,dispersion_mode_1,2.8774448751896,2.87744,-4.875189600017649e-06,-5.3844010905535726e-05,-23.21193878177579,touchstone_ri,2.8774448751896,1.0,,,
260519_2dsweep_1p5cell,sim,06_2_TDS-KyhlTune-260519_331.s2p,,S11,f_pi2,sim,dispersion_mode_1,2.8774448751896,2.87744,-4.875189600017649e-06,4.321665160548235e-08,-139.1666505755705,touchstone_ri,2.8774448751896,1.0,,,
260519_2dsweep_1p5cell,sim,06_2_TDS-KyhlTune-260519_331.s2p,,S12,f_pi2,sim,dispersion_mode_1,2.8774448751896,2.87744,-4.875189600017649e-06,-78.53998654305573,6.542955317300344,touchstone_ri,2.8774448751896,1.0,,,
260519_2dsweep_1p5cell,sim,06_2_TDS-KyhlTune-260519_331.s2p,,S21,f_pi2,sim,dispersion_mode_1,2.8774448751896,2.87744,-4.875189600017649e-06,-78.36307542692694,8.936944958551749,touchstone_ri,2.8774448751896,1.0,,,
260519_2dsweep_1p5cell,sim,06_2_TDS-KyhlTune-260519_331.s2p,,S22,f_pi2,sim,dispersion_mode_1,2.8774448751896,2.87744,-4.875189600017649e-06,-5.1507330932507616e-08,-23.232333469038185,touchstone_ri,2.8774448751896,1.0,,,
260519_2dsweep_1p5cell,sim,06_2_TDS-KyhlTune-260519_332.s2p,,S11,f_pi2,sim,dispersion_mode_1,2.8774448751896,2.87744,-4.875189600017649e-06,1.9807581599956537e-07,-148.1751522643296,touchstone_ri,2.8774448751896,1.0,,,
260519_2dsweep_1p5cell,sim,06_2_TDS-KyhlTune-260519_332.s2p,,S12,f_pi2,sim,dispersion_mode_1,2.8774448751896,2.87744,-4.875189600017649e-06,-72.93243568966862,-175.65319507565786,touchstone_ri,2.8774448751896,1.0,,,
260519_2dsweep_1p5cell,sim,06_2_TDS-KyhlTune-260519_332.s2p,,S21,f_pi2,sim,dispersion_mode_1,2.8774448751896,2.87744,-4.875189600017649e-06,-72.97832019897965,-175.81453362508353,touchstone_ri,2.8774448751896,1.0,,,
260519_2dsweep_1p5cell,sim,06_2_TDS-KyhlTune-260519_332.s2p,,S22,f_pi2,sim,dispersion_mode_1,2.8774448751896,2.87744,-4.875189600017649e-06,-1.9525397263289594e-07,-23.261548285173753,touchstone_ri,2.8774448751896,1.0,,,
260519_2dsweep_1p5cell,sim,06_2_TDS-KyhlTune-260519_333.s2p,,S11,f_pi2,sim,dispersion_mode_1,2.8774448751896,2.87744,-4.875189600017649e-06,1.7750929405159594e-07,-157.4272414513504,touchstone_ri,2.8774448751896,1.0,,,
260519_2dsweep_1p5cell,sim,06_2_TDS-KyhlTune-260519_333.s2p,,S12,f_pi2,sim,dispersion_mode_1,2.8774448751896,2.87744,-4.875189600017649e-06,-73.25470463360384,179.57647850391615,touchstone_ri,2.8774448751896,1.0,,,
260519_2dsweep_1p5cell,sim,06_2_TDS-KyhlTune-260519_333.s2p,,S21,f_pi2,sim,dispersion_mode_1,2.8774448751896,2.87744,-4.875189600017649e-06,-73.26090913352617,179.63871785531677,touchstone_ri,2.8774448751896,1.0,,,
260519_2dsweep_1p5cell,sim,06_2_TDS-KyhlTune-260519_333.s2p,,S22,f_pi2,sim,dispersion_mode_1,2.8774448751896,2.87744,-4.875189600017649e-06,-2.3946774198139315e-07,-23.282868716589146,touchstone_ri,2.8774448751896,1.0,,,
260519_2dsweep_1p5cell,sim,06_2_TDS-KyhlTune-260519_334.s2p,,S11,f_pi2,sim,dispersion_mode_1,2.8774448751896,2.87744,-4.875189600017649e-06,-0.0005087961165343966,-166.97426093541577,touchstone_ri,2.8774448751896,1.0,,,
260519_2dsweep_1p5cell,sim,06_2_TDS-KyhlTune-260519_334.s2p,,S12,f_pi2,sim,dispersion_mode_1,2.8774448751896,2.87744,-4.875189600017649e-06,-80.69320271272284,174.89893062520116,touchstone_ri,2.8774448751896,1.0,,,
260519_2dsweep_1p5cell,sim,06_2_TDS-KyhlTune-260519_334.s2p,,S21,f_pi2,sim,dispersion_mode_1,2.8774448751896,2.87744,-4.875189600017649e-06,-85.54711764473652,90.0652262582937,touchstone_ri,2.8774448751896,1.0,,,
260519_2dsweep_1p5cell,sim,06_2_TDS-KyhlTune-260519_334.s2p,,S22,f_pi2,sim,dispersion_mode_1,2.8774448751896,2.87744,-4.875189600017649e-06,-4.183062578404515e-09,-23.28715473819284,touchstone_ri,2.8774448751896,1.0,,,
260519_2dsweep_1p5cell,sim,06_2_TDS-KyhlTune-260519_34.s2p,,S11,f_pi2,sim,dispersion_mode_1,2.8774448751896,2.87744,-4.875189600017649e-06,5.773232829867924e-05,-80.31894032988782,touchstone_ri,2.8774448751896,1.0,,,
260519_2dsweep_1p5cell,sim,06_2_TDS-KyhlTune-260519_34.s2p,,S12,f_pi2,sim,dispersion_mode_1,2.8774448751896,2.87744,-4.875189600017649e-06,-57.775995101953114,49.904300453746636,touchstone_ri,2.8774448751896,1.0,,,
260519_2dsweep_1p5cell,sim,06_2_TDS-KyhlTune-260519_34.s2p,,S21,f_pi2,sim,dispersion_mode_1,2.8774448751896,2.87744,-4.875189600017649e-06,-57.8450958773421,52.35256605086417,touchstone_ri,2.8774448751896,1.0,,,
260519_2dsweep_1p5cell,sim,06_2_TDS-KyhlTune-260519_34.s2p,,S22,f_pi2,sim,dispersion_mode_1,2.8774448751896,2.87744,-4.875189600017649e-06,-6.922230473393513e-05,5.063982056506959,touchstone_ri,2.8774448751896,1.0,,,
260519_2dsweep_1p5cell,sim,06_2_TDS-KyhlTune-260519_35.s2p,,S11,f_pi2,sim,dispersion_mode_1,2.8774448751896,2.87744,-4.875189600017649e-06,6.268534782390408e-05,-84.19412194057622,touchstone_ri,2.8774448751896,1.0,,,
260519_2dsweep_1p5cell,sim,06_2_TDS-KyhlTune-260519_35.s2p,,S12,f_pi2,sim,dispersion_mode_1,2.8774448751896,2.87744,-4.875189600017649e-06,-57.65153332509592,50.663063473904295,touchstone_ri,2.8774448751896,1.0,,,
260519_2dsweep_1p5cell,sim,06_2_TDS-KyhlTune-260519_35.s2p,,S21,f_pi2,sim,dispersion_mode_1,2.8774448751896,2.87744,-4.875189600017649e-06,-57.63853484376216,49.964035138372594,touchstone_ri,2.8774448751896,1.0,,,
260519_2dsweep_1p5cell,sim,06_2_TDS-KyhlTune-260519_35.s2p,,S22,f_pi2,sim,dispersion_mode_1,2.8774448751896,2.87744,-4.875189600017649e-06,-1.2813971569909802e-05,4.142563315711924,touchstone_ri,2.8774448751896,1.0,,,
260519_2dsweep_1p5cell,sim,06_2_TDS-KyhlTune-260519_36.s2p,,S11,f_pi2,sim,dispersion_mode_1,2.8774448751896,2.87744,-4.875189600017649e-06,-0.00010501372719295068,-61.06085235671707,touchstone_ri,2.8774448751896,1.0,,,
260519_2dsweep_1p5cell,sim,06_2_TDS-KyhlTune-260519_36.s2p,,S12,f_pi2,sim,dispersion_mode_1,2.8774448751896,2.87744,-4.875189600017649e-06,-58.849215882839296,67.46050957282506,touchstone_ri,2.8774448751896,1.0,,,
260519_2dsweep_1p5cell,sim,06_2_TDS-KyhlTune-260519_36.s2p,,S21,f_pi2,sim,dispersion_mode_1,2.8774448751896,2.87744,-4.875189600017649e-06,-58.82871922279865,67.2890526400005,touchstone_ri,2.8774448751896,1.0,,,
260519_2dsweep_1p5cell,sim,06_2_TDS-KyhlTune-260519_36.s2p,,S22,f_pi2,sim,dispersion_mode_1,2.8774448751896,2.87744,-4.875189600017649e-06,-1.455921010714797e-05,15.717347462070174,touchstone_ri,2.8774448751896,1.0,,,
260519_2dsweep_1p5cell,sim,06_2_TDS-KyhlTune-260519_37.s2p,,S11,f_pi2,sim,dispersion_mode_1,2.8774448751896,2.87744,-4.875189600017649e-06,1.6969772762253892e-05,-62.90794120337204,touchstone_ri,2.8774448751896,1.0,,,
260519_2dsweep_1p5cell,sim,06_2_TDS-KyhlTune-260519_37.s2p,,S12,f_pi2,sim,dispersion_mode_1,2.8774448751896,2.87744,-4.875189600017649e-06,-58.99337541034078,65.14919135293948,touchstone_ri,2.8774448751896,1.0,,,
260519_2dsweep_1p5cell,sim,06_2_TDS-KyhlTune-260519_37.s2p,,S21,f_pi2,sim,dispersion_mode_1,2.8774448751896,2.87744,-4.875189600017649e-06,-58.96547758796811,65.42284631126408,touchstone_ri,2.8774448751896,1.0,,,
260519_2dsweep_1p5cell,sim,06_2_TDS-KyhlTune-260519_37.s2p,,S22,f_pi2,sim,dispersion_mode_1,2.8774448751896,2.87744,-4.875189600017649e-06,-2.5453173337565572e-05,13.72122374158159,touchstone_ri,2.8774448751896,1.0,,,
260519_2dsweep_1p5cell,sim,06_2_TDS-KyhlTune-260519_38.s2p,,S11,f_pi2,sim,dispersion_mode_1,2.8774448751896,2.87744,-4.875189600017649e-06,2.3926085878616163e-05,-65.52944171038058,touchstone_ri,2.8774448751896,1.0,,,
260519_2dsweep_1p5cell,sim,06_2_TDS-KyhlTune-260519_38.s2p,,S12,f_pi2,sim,dispersion_mode_1,2.8774448751896,2.87744,-4.875189600017649e-06,-58.41645837132169,64.21108069691036,touchstone_ri,2.8774448751896,1.0,,,
260519_2dsweep_1p5cell,sim,06_2_TDS-KyhlTune-260519_38.s2p,,S21,f_pi2,sim,dispersion_mode_1,2.8774448751896,2.87744,-4.875189600017649e-06,-58.23433924040469,63.15013576959863,touchstone_ri,2.8774448751896,1.0,,,
260519_2dsweep_1p5cell,sim,06_2_TDS-KyhlTune-260519_38.s2p,,S22,f_pi2,sim,dispersion_mode_1,2.8774448751896,2.87744,-4.875189600017649e-06,-3.1842327361791176e-05,11.819330708338395,touchstone_ri,2.8774448751896,1.0,,,
260519_2dsweep_1p5cell,sim,06_2_TDS-KyhlTune-260519_39.s2p,,S11,f_pi2,sim,dispersion_mode_1,2.8774448751896,2.87744,-4.875189600017649e-06,2.5913305116731293e-05,-67.43578517026084,touchstone_ri,2.8774448751896,1.0,,,
260519_2dsweep_1p5cell,sim,06_2_TDS-KyhlTune-260519_39.s2p,,S12,f_pi2,sim,dispersion_mode_1,2.8774448751896,2.87744,-4.875189600017649e-06,-58.74399225616463,63.02305557186213,touchstone_ri,2.8774448751896,1.0,,,
260519_2dsweep_1p5cell,sim,06_2_TDS-KyhlTune-260519_39.s2p,,S21,f_pi2,sim,dispersion_mode_1,2.8774448751896,2.87744,-4.875189600017649e-06,-58.695096955498904,61.43783545742656,touchstone_ri,2.8774448751896,1.0,,,
260519_2dsweep_1p5cell,sim,06_2_TDS-KyhlTune-260519_39.s2p,,S22,f_pi2,sim,dispersion_mode_1,2.8774448751896,2.87744,-4.875189600017649e-06,-3.883721805527144e-06,10.291990669916444,touchstone_ri,2.8774448751896,1.0,,,
260519_2dsweep_1p5cell,sim,06_2_TDS-KyhlTune-260519_4.s2p,,S11,f_pi2,sim,dispersion_mode_1,2.8774448751896,2.87744,-4.875189600017649e-06,-3.9413579959530904e-05,-60.594371088675025,touchstone_ri,2.8774448751896,1.0,,,
260519_2dsweep_1p5cell,sim,06_2_TDS-KyhlTune-260519_4.s2p,,S12,f_pi2,sim,dispersion_mode_1,2.8774448751896,2.87744,-4.875189600017649e-06,-58.04095131156786,70.66218371525034,touchstone_ri,2.8774448751896,1.0,,,
260519_2dsweep_1p5cell,sim,06_2_TDS-KyhlTune-260519_4.s2p,,S21,f_pi2,sim,dispersion_mode_1,2.8774448751896,2.87744,-4.875189600017649e-06,-58.102251882240324,70.70444551825247,touchstone_ri,2.8774448751896,1.0,,,
260519_2dsweep_1p5cell,sim,06_2_TDS-KyhlTune-260519_4.s2p,,S22,f_pi2,sim,dispersion_mode_1,2.8774448751896,2.87744,-4.875189600017649e-06,-3.552875815263645e-05,22.03614992001086,touchstone_ri,2.8774448751896,1.0,,,
260519_2dsweep_1p5cell,sim,06_2_TDS-KyhlTune-260519_40.s2p,,S11,f_pi2,sim,dispersion_mode_1,2.8774448751896,2.87744,-4.875189600017649e-06,3.129239418012307e-05,-69.01737039624571,touchstone_ri,2.8774448751896,1.0,,,
260519_2dsweep_1p5cell,sim,06_2_TDS-KyhlTune-260519_40.s2p,,S12,f_pi2,sim,dispersion_mode_1,2.8774448751896,2.87744,-4.875189600017649e-06,-58.49775387618501,60.21922799795053,touchstone_ri,2.8774448751896,1.0,,,
260519_2dsweep_1p5cell,sim,06_2_TDS-KyhlTune-260519_40.s2p,,S21,f_pi2,sim,dispersion_mode_1,2.8774448751896,2.87744,-4.875189600017649e-06,-58.856979155587645,59.93538042495929,touchstone_ri,2.8774448751896,1.0,,,
260519_2dsweep_1p5cell,sim,06_2_TDS-KyhlTune-260519_40.s2p,,S22,f_pi2,sim,dispersion_mode_1,2.8774448751896,2.87744,-4.875189600017649e-06,-0.00010770159325316508,8.972652160250536,touchstone_ri,2.8774448751896,1.0,,,
260519_2dsweep_1p5cell,sim,06_2_TDS-KyhlTune-260519_41.s2p,,S11,f_pi2,sim,dispersion_mode_1,2.8774448751896,2.87744,-4.875189600017649e-06,3.7801923516450826e-05,-71.38336064887172,touchstone_ri,2.8774448751896,1.0,,,
260519_2dsweep_1p5cell,sim,06_2_TDS-KyhlTune-260519_41.s2p,,S12,f_pi2,sim,dispersion_mode_1,2.8774448751896,2.87744,-4.875189600017649e-06,-58.348643232339356,59.2724069490037,touchstone_ri,2.8774448751896,1.0,,,
260519_2dsweep_1p5cell,sim,06_2_TDS-KyhlTune-260519_41.s2p,,S21,f_pi2,sim,dispersion_mode_1,2.8774448751896,2.87744,-4.875189600017649e-06,-58.43543849139897,58.21925660793241,touchstone_ri,2.8774448751896,1.0,,,
260519_2dsweep_1p5cell,sim,06_2_TDS-KyhlTune-260519_41.s2p,,S22,f_pi2,sim,dispersion_mode_1,2.8774448751896,2.87744,-4.875189600017649e-06,-9.292835624425714e-06,7.696636206568517,touchstone_ri,2.8774448751896,1.0,,,
260519_2dsweep_1p5cell,sim,06_2_TDS-KyhlTune-260519_42.s2p,,S11,f_pi2,sim,dispersion_mode_1,2.8774448751896,2.87744,-4.875189600017649e-06,4.9238923909921054e-05,-74.45452859704982,touchstone_ri,2.8774448751896,1.0,,,
260519_2dsweep_1p5cell,sim,06_2_TDS-KyhlTune-260519_42.s2p,,S12,f_pi2,sim,dispersion_mode_1,2.8774448751896,2.87744,-4.875189600017649e-06,-57.91401350460805,53.738246098033784,touchstone_ri,2.8774448751896,1.0,,,
260519_2dsweep_1p5cell,sim,06_2_TDS-KyhlTune-260519_42.s2p,,S21,f_pi2,sim,dispersion_mode_1,2.8774448751896,2.87744,-4.875189600017649e-06,-58.01814474796898,56.04957192570619,touchstone_ri,2.8774448751896,1.0,,,
260519_2dsweep_1p5cell,sim,06_2_TDS-KyhlTune-260519_42.s2p,,S22,f_pi2,sim,dispersion_mode_1,2.8774448751896,2.87744,-4.875189600017649e-06,-1.272628698343345e-05,6.478739142487374,touchstone_ri,2.8774448751896,1.0,,,
260519_2dsweep_1p5cell,sim,06_2_TDS-KyhlTune-260519_43.s2p,,S11,f_pi2,sim,dispersion_mode_1,2.8774448751896,2.87744,-4.875189600017649e-06,-6.680069502060835e-05,-76.73204878118304,touchstone_ri,2.8774448751896,1.0,,,
260519_2dsweep_1p5cell,sim,06_2_TDS-KyhlTune-260519_43.s2p,,S12,f_pi2,sim,dispersion_mode_1,2.8774448751896,2.87744,-4.875189600017649e-06,-57.813415847177005,54.39098664267811,touchstone_ri,2.8774448751896,1.0,,,
260519_2dsweep_1p5cell,sim,06_2_TDS-KyhlTune-260519_43.s2p,,S21,f_pi2,sim,dispersion_mode_1,2.8774448751896,2.87744,-4.875189600017649e-06,-57.810512887541236,54.35020789775824,touchstone_ri,2.8774448751896,1.0,,,
260519_2dsweep_1p5cell,sim,06_2_TDS-KyhlTune-260519_43.s2p,,S22,f_pi2,sim,dispersion_mode_1,2.8774448751896,2.87744,-4.875189600017649e-06,-1.2242071013085666e-05,5.448587880138938,touchstone_ri,2.8774448751896,1.0,,,
260519_2dsweep_1p5cell,sim,06_2_TDS-KyhlTune-260519_44.s2p,,S11,f_pi2,sim,dispersion_mode_1,2.8774448751896,2.87744,-4.875189600017649e-06,5.591172930813432e-05,-79.63765711612554,touchstone_ri,2.8774448751896,1.0,,,
260519_2dsweep_1p5cell,sim,06_2_TDS-KyhlTune-260519_44.s2p,,S12,f_pi2,sim,dispersion_mode_1,2.8774448751896,2.87744,-4.875189600017649e-06,-58.090055336288245,49.76932485473064,touchstone_ri,2.8774448751896,1.0,,,
260519_2dsweep_1p5cell,sim,06_2_TDS-KyhlTune-260519_44.s2p,,S21,f_pi2,sim,dispersion_mode_1,2.8774448751896,2.87744,-4.875189600017649e-06,-58.199373568270964,52.404411468154294,touchstone_ri,2.8774448751896,1.0,,,
260519_2dsweep_1p5cell,sim,06_2_TDS-KyhlTune-260519_44.s2p,,S22,f_pi2,sim,dispersion_mode_1,2.8774448751896,2.87744,-4.875189600017649e-06,-3.580207126634991e-05,4.482909753498027,touchstone_ri,2.8774448751896,1.0,,,
260519_2dsweep_1p5cell,sim,06_2_TDS-KyhlTune-260519_45.s2p,,S11,f_pi2,sim,dispersion_mode_1,2.8774448751896,2.87744,-4.875189600017649e-06,-0.0005237686477389237,-82.33360660754529,touchstone_ri,2.8774448751896,1.0,,,
260519_2dsweep_1p5cell,sim,06_2_TDS-KyhlTune-260519_45.s2p,,S12,f_pi2,sim,dispersion_mode_1,2.8774448751896,2.87744,-4.875189600017649e-06,-57.487910156183105,49.759746299302115,touchstone_ri,2.8774448751896,1.0,,,
260519_2dsweep_1p5cell,sim,06_2_TDS-KyhlTune-260519_45.s2p,,S21,f_pi2,sim,dispersion_mode_1,2.8774448751896,2.87744,-4.875189600017649e-06,-57.52720461586904,50.65761889030423,touchstone_ri,2.8774448751896,1.0,,,
260519_2dsweep_1p5cell,sim,06_2_TDS-KyhlTune-260519_45.s2p,,S22,f_pi2,sim,dispersion_mode_1,2.8774448751896,2.87744,-4.875189600017649e-06,-1.6230143470850623e-05,3.6207311241034774,touchstone_ri,2.8774448751896,1.0,,,
260519_2dsweep_1p5cell,sim,06_2_TDS-KyhlTune-260519_46.s2p,,S11,f_pi2,sim,dispersion_mode_1,2.8774448751896,2.87744,-4.875189600017649e-06,6.5633024278769e-05,-85.81739455655187,touchstone_ri,2.8774448751896,1.0,,,
260519_2dsweep_1p5cell,sim,06_2_TDS-KyhlTune-260519_46.s2p,,S12,f_pi2,sim,dispersion_mode_1,2.8774448751896,2.87744,-4.875189600017649e-06,-57.72720368872215,47.6487345816783,touchstone_ri,2.8774448751896,1.0,,,
260519_2dsweep_1p5cell,sim,06_2_TDS-KyhlTune-260519_46.s2p,,S21,f_pi2,sim,dispersion_mode_1,2.8774448751896,2.87744,-4.875189600017649e-06,-57.9572340445325,48.528054834786175,touchstone_ri,2.8774448751896,1.0,,,
260519_2dsweep_1p5cell,sim,06_2_TDS-KyhlTune-260519_46.s2p,,S22,f_pi2,sim,dispersion_mode_1,2.8774448751896,2.87744,-4.875189600017649e-06,-3.680698582043579e-05,2.830689664022492,touchstone_ri,2.8774448751896,1.0,,,
260519_2dsweep_1p5cell,sim,06_2_TDS-KyhlTune-260519_47.s2p,,S11,f_pi2,sim,dispersion_mode_1,2.8774448751896,2.87744,-4.875189600017649e-06,1.7677554948997627e-05,-61.87969097403555,touchstone_ri,2.8774448751896,1.0,,,
260519_2dsweep_1p5cell,sim,06_2_TDS-KyhlTune-260519_47.s2p,,S12,f_pi2,sim,dispersion_mode_1,2.8774448751896,2.87744,-4.875189600017649e-06,-59.04514292391802,65.84748346661762,touchstone_ri,2.8774448751896,1.0,,,
260519_2dsweep_1p5cell,sim,06_2_TDS-KyhlTune-260519_47.s2p,,S21,f_pi2,sim,dispersion_mode_1,2.8774448751896,2.87744,-4.875189600017649e-06,-59.156817038601055,65.46988378550095,touchstone_ri,2.8774448751896,1.0,,,
260519_2dsweep_1p5cell,sim,06_2_TDS-KyhlTune-260519_47.s2p,,S22,f_pi2,sim,dispersion_mode_1,2.8774448751896,2.87744,-4.875189600017649e-06,-3.654479542918336e-05,13.057880582194215,touchstone_ri,2.8774448751896,1.0,,,
260519_2dsweep_1p5cell,sim,06_2_TDS-KyhlTune-260519_48.s2p,,S11,f_pi2,sim,dispersion_mode_1,2.8774448751896,2.87744,-4.875189600017649e-06,2.536619736230569e-05,-64.05171636041466,touchstone_ri,2.8774448751896,1.0,,,
260519_2dsweep_1p5cell,sim,06_2_TDS-KyhlTune-260519_48.s2p,,S12,f_pi2,sim,dispersion_mode_1,2.8774448751896,2.87744,-4.875189600017649e-06,-58.44204308109742,64.75892621931925,touchstone_ri,2.8774448751896,1.0,,,
260519_2dsweep_1p5cell,sim,06_2_TDS-KyhlTune-260519_48.s2p,,S21,f_pi2,sim,dispersion_mode_1,2.8774448751896,2.87744,-4.875189600017649e-06,-58.3560361715816,63.579573443275805,touchstone_ri,2.8774448751896,1.0,,,
260519_2dsweep_1p5cell,sim,06_2_TDS-KyhlTune-260519_48.s2p,,S22,f_pi2,sim,dispersion_mode_1,2.8774448751896,2.87744,-4.875189600017649e-06,-4.056723932213444e-06,11.161585179050213,touchstone_ri,2.8774448751896,1.0,,,
260519_2dsweep_1p5cell,sim,06_2_TDS-KyhlTune-260519_49.s2p,,S11,f_pi2,sim,dispersion_mode_1,2.8774448751896,2.87744,-4.875189600017649e-06,-0.00025071426283958844,-66.21723927863809,touchstone_ri,2.8774448751896,1.0,,,
260519_2dsweep_1p5cell,sim,06_2_TDS-KyhlTune-260519_49.s2p,,S12,f_pi2,sim,dispersion_mode_1,2.8774448751896,2.87744,-4.875189600017649e-06,-58.63431469739833,62.85394290659586,touchstone_ri,2.8774448751896,1.0,,,
260519_2dsweep_1p5cell,sim,06_2_TDS-KyhlTune-260519_49.s2p,,S21,f_pi2,sim,dispersion_mode_1,2.8774448751896,2.87744,-4.875189600017649e-06,-58.50880950934109,61.72306793984333,touchstone_ri,2.8774448751896,1.0,,,
260519_2dsweep_1p5cell,sim,06_2_TDS-KyhlTune-260519_49.s2p,,S22,f_pi2,sim,dispersion_mode_1,2.8774448751896,2.87744,-4.875189600017649e-06,-7.64247330837964e-06,9.623290604910324,touchstone_ri,2.8774448751896,1.0,,,
260519_2dsweep_1p5cell,sim,06_2_TDS-KyhlTune-260519_5.s2p,,S11,f_pi2,sim,dispersion_mode_1,2.8774448751896,2.87744,-4.875189600017649e-06,-4.943753951342943e-05,-62.28160247366781,touchstone_ri,2.8774448751896,1.0,,,
260519_2dsweep_1p5cell,sim,06_2_TDS-KyhlTune-260519_5.s2p,,S12,f_pi2,sim,dispersion_mode_1,2.8774448751896,2.87744,-4.875189600017649e-06,-58.09099504009059,68.69414298409806,touchstone_ri,2.8774448751896,1.0,,,
260519_2dsweep_1p5cell,sim,06_2_TDS-KyhlTune-260519_5.s2p,,S21,f_pi2,sim,dispersion_mode_1,2.8774448751896,2.87744,-4.875189600017649e-06,-58.14641158468391,68.60581638697155,touchstone_ri,2.8774448751896,1.0,,,
260519_2dsweep_1p5cell,sim,06_2_TDS-KyhlTune-260519_5.s2p,,S22,f_pi2,sim,dispersion_mode_1,2.8774448751896,2.87744,-4.875189600017649e-06,-4.420513230847917e-06,19.435581728718425,touchstone_ri,2.8774448751896,1.0,,,
260519_2dsweep_1p5cell,sim,06_2_TDS-KyhlTune-260519_50.s2p,,S11,f_pi2,sim,dispersion_mode_1,2.8774448751896,2.87744,-4.875189600017649e-06,3.3352143439618434e-05,-68.37672962802604,touchstone_ri,2.8774448751896,1.0,,,
260519_2dsweep_1p5cell,sim,06_2_TDS-KyhlTune-260519_50.s2p,,S12,f_pi2,sim,dispersion_mode_1,2.8774448751896,2.87744,-4.875189600017649e-06,-58.75299362748762,60.81636186160146,touchstone_ri,2.8774448751896,1.0,,,
260519_2dsweep_1p5cell,sim,06_2_TDS-KyhlTune-260519_50.s2p,,S21,f_pi2,sim,dispersion_mode_1,2.8774448751896,2.87744,-4.875189600017649e-06,-58.63505733097433,59.95034922286607,touchstone_ri,2.8774448751896,1.0,,,
260519_2dsweep_1p5cell,sim,06_2_TDS-KyhlTune-260519_50.s2p,,S22,f_pi2,sim,dispersion_mode_1,2.8774448751896,2.87744,-4.875189600017649e-06,-1.964478910149547e-05,8.254471117256724,touchstone_ri,2.8774448751896,1.0,,,
260519_2dsweep_1p5cell,sim,06_2_TDS-KyhlTune-260519_51.s2p,,S11,f_pi2,sim,dispersion_mode_1,2.8774448751896,2.87744,-4.875189600017649e-06,2.9336126403174147e-05,-70.66303601795471,touchstone_ri,2.8774448751896,1.0,,,
260519_2dsweep_1p5cell,sim,06_2_TDS-KyhlTune-260519_51.s2p,,S12,f_pi2,sim,dispersion_mode_1,2.8774448751896,2.87744,-4.875189600017649e-06,-57.733757951296276,57.93385577265356,touchstone_ri,2.8774448751896,1.0,,,
260519_2dsweep_1p5cell,sim,06_2_TDS-KyhlTune-260519_51.s2p,,S21,f_pi2,sim,dispersion_mode_1,2.8774448751896,2.87744,-4.875189600017649e-06,-57.785042129496055,58.14833770314816,touchstone_ri,2.8774448751896,1.0,,,
260519_2dsweep_1p5cell,sim,06_2_TDS-KyhlTune-260519_51.s2p,,S22,f_pi2,sim,dispersion_mode_1,2.8774448751896,2.87744,-4.875189600017649e-06,-3.1101984337378845e-05,6.980095424433034,touchstone_ri,2.8774448751896,1.0,,,
260519_2dsweep_1p5cell,sim,06_2_TDS-KyhlTune-260519_52.s2p,,S11,f_pi2,sim,dispersion_mode_1,2.8774448751896,2.87744,-4.875189600017649e-06,4.559037218750157e-05,-72.9426612345792,touchstone_ri,2.8774448751896,1.0,,,
260519_2dsweep_1p5cell,sim,06_2_TDS-KyhlTune-260519_52.s2p,,S12,f_pi2,sim,dispersion_mode_1,2.8774448751896,2.87744,-4.875189600017649e-06,-58.45741419075185,56.44198815002406,touchstone_ri,2.8774448751896,1.0,,,
260519_2dsweep_1p5cell,sim,06_2_TDS-KyhlTune-260519_52.s2p,,S21,f_pi2,sim,dispersion_mode_1,2.8774448751896,2.87744,-4.875189600017649e-06,-58.416225891671246,56.467884204151666,touchstone_ri,2.8774448751896,1.0,,,
260519_2dsweep_1p5cell,sim,06_2_TDS-KyhlTune-260519_52.s2p,,S22,f_pi2,sim,dispersion_mode_1,2.8774448751896,2.87744,-4.875189600017649e-06,-4.630332220467269e-06,5.866385689295182,touchstone_ri,2.8774448751896,1.0,,,
260519_2dsweep_1p5cell,sim,06_2_TDS-KyhlTune-260519_53.s2p,,S11,f_pi2,sim,dispersion_mode_1,2.8774448751896,2.87744,-4.875189600017649e-06,-0.0005039736509194116,-75.7309527052466,touchstone_ri,2.8774448751896,1.0,,,
260519_2dsweep_1p5cell,sim,06_2_TDS-KyhlTune-260519_53.s2p,,S12,f_pi2,sim,dispersion_mode_1,2.8774448751896,2.87744,-4.875189600017649e-06,-58.49324712577878,53.509789705542424,touchstone_ri,2.8774448751896,1.0,,,
260519_2dsweep_1p5cell,sim,06_2_TDS-KyhlTune-260519_53.s2p,,S21,f_pi2,sim,dispersion_mode_1,2.8774448751896,2.87744,-4.875189600017649e-06,-58.537081921034954,54.62197929629427,touchstone_ri,2.8774448751896,1.0,,,
260519_2dsweep_1p5cell,sim,06_2_TDS-KyhlTune-260519_53.s2p,,S22,f_pi2,sim,dispersion_mode_1,2.8774448751896,2.87744,-4.875189600017649e-06,-2.423345952400442e-05,4.834081804650909,touchstone_ri,2.8774448751896,1.0,,,
260519_2dsweep_1p5cell,sim,06_2_TDS-KyhlTune-260519_54.s2p,,S11,f_pi2,sim,dispersion_mode_1,2.8774448751896,2.87744,-4.875189600017649e-06,6.87603404775543e-05,-78.1640595168362,touchstone_ri,2.8774448751896,1.0,,,
260519_2dsweep_1p5cell,sim,06_2_TDS-KyhlTune-260519_54.s2p,,S12,f_pi2,sim,dispersion_mode_1,2.8774448751896,2.87744,-4.875189600017649e-06,-57.363842746981575,51.235910110197345,touchstone_ri,2.8774448751896,1.0,,,
260519_2dsweep_1p5cell,sim,06_2_TDS-KyhlTune-260519_54.s2p,,S21,f_pi2,sim,dispersion_mode_1,2.8774448751896,2.87744,-4.875189600017649e-06,-57.39680930515,52.916850118935685,touchstone_ri,2.8774448751896,1.0,,,
260519_2dsweep_1p5cell,sim,06_2_TDS-KyhlTune-260519_54.s2p,,S22,f_pi2,sim,dispersion_mode_1,2.8774448751896,2.87744,-4.875189600017649e-06,-2.155257548841065e-05,3.9262771881558822,touchstone_ri,2.8774448751896,1.0,,,
260519_2dsweep_1p5cell,sim,06_2_TDS-KyhlTune-260519_55.s2p,,S11,f_pi2,sim,dispersion_mode_1,2.8774448751896,2.87744,-4.875189600017649e-06,5.9192505959413043e-05,-80.99387182218577,touchstone_ri,2.8774448751896,1.0,,,
260519_2dsweep_1p5cell,sim,06_2_TDS-KyhlTune-260519_55.s2p,,S12,f_pi2,sim,dispersion_mode_1,2.8774448751896,2.87744,-4.875189600017649e-06,-58.31863147413745,49.079487914821165,touchstone_ri,2.8774448751896,1.0,,,
260519_2dsweep_1p5cell,sim,06_2_TDS-KyhlTune-260519_55.s2p,,S21,f_pi2,sim,dispersion_mode_1,2.8774448751896,2.87744,-4.875189600017649e-06,-58.196057655592085,50.99923298563964,touchstone_ri,2.8774448751896,1.0,,,
260519_2dsweep_1p5cell,sim,06_2_TDS-KyhlTune-260519_55.s2p,,S22,f_pi2,sim,dispersion_mode_1,2.8774448751896,2.87744,-4.875189600017649e-06,-1.4501462182105981e-05,3.090569177545387,touchstone_ri,2.8774448751896,1.0,,,
260519_2dsweep_1p5cell,sim,06_2_TDS-KyhlTune-260519_56.s2p,,S11,f_pi2,sim,dispersion_mode_1,2.8774448751896,2.87744,-4.875189600017649e-06,7.056014902539583e-05,-84.15346150978009,touchstone_ri,2.8774448751896,1.0,,,
260519_2dsweep_1p5cell,sim,06_2_TDS-KyhlTune-260519_56.s2p,,S12,f_pi2,sim,dispersion_mode_1,2.8774448751896,2.87744,-4.875189600017649e-06,-57.618455074473324,48.80568736780709,touchstone_ri,2.8774448751896,1.0,,,
260519_2dsweep_1p5cell,sim,06_2_TDS-KyhlTune-260519_56.s2p,,S21,f_pi2,sim,dispersion_mode_1,2.8774448751896,2.87744,-4.875189600017649e-06,-57.63552563551247,49.051204648972536,touchstone_ri,2.8774448751896,1.0,,,
260519_2dsweep_1p5cell,sim,06_2_TDS-KyhlTune-260519_56.s2p,,S22,f_pi2,sim,dispersion_mode_1,2.8774448751896,2.87744,-4.875189600017649e-06,-1.5231496992348531e-05,2.288625925984353,touchstone_ri,2.8774448751896,1.0,,,
260519_2dsweep_1p5cell,sim,06_2_TDS-KyhlTune-260519_57.s2p,,S11,f_pi2,sim,dispersion_mode_1,2.8774448751896,2.87744,-4.875189600017649e-06,7.91065294645647e-05,-87.36954207006707,touchstone_ri,2.8774448751896,1.0,,,
260519_2dsweep_1p5cell,sim,06_2_TDS-KyhlTune-260519_57.s2p,,S12,f_pi2,sim,dispersion_mode_1,2.8774448751896,2.87744,-4.875189600017649e-06,-57.23947959022756,46.46095555055889,touchstone_ri,2.8774448751896,1.0,,,
260519_2dsweep_1p5cell,sim,06_2_TDS-KyhlTune-260519_57.s2p,,S21,f_pi2,sim,dispersion_mode_1,2.8774448751896,2.87744,-4.875189600017649e-06,-57.25599995223117,47.03970472050566,touchstone_ri,2.8774448751896,1.0,,,
260519_2dsweep_1p5cell,sim,06_2_TDS-KyhlTune-260519_57.s2p,,S22,f_pi2,sim,dispersion_mode_1,2.8774448751896,2.87744,-4.875189600017649e-06,-9.751115154392537e-06,1.579416849276877,touchstone_ri,2.8774448751896,1.0,,,
260519_2dsweep_1p5cell,sim,06_2_TDS-KyhlTune-260519_58.s2p,,S11,f_pi2,sim,dispersion_mode_1,2.8774448751896,2.87744,-4.875189600017649e-06,-0.00022149594713374767,-62.890386036608625,touchstone_ri,2.8774448751896,1.0,,,
260519_2dsweep_1p5cell,sim,06_2_TDS-KyhlTune-260519_58.s2p,,S12,f_pi2,sim,dispersion_mode_1,2.8774448751896,2.87744,-4.875189600017649e-06,-60.14209852862825,63.988558848643564,touchstone_ri,2.8774448751896,1.0,,,
260519_2dsweep_1p5cell,sim,06_2_TDS-KyhlTune-260519_58.s2p,,S21,f_pi2,sim,dispersion_mode_1,2.8774448751896,2.87744,-4.875189600017649e-06,-60.27421916382052,63.71153275262875,touchstone_ri,2.8774448751896,1.0,,,
260519_2dsweep_1p5cell,sim,06_2_TDS-KyhlTune-260519_58.s2p,,S22,f_pi2,sim,dispersion_mode_1,2.8774448751896,2.87744,-4.875189600017649e-06,-4.673453813234008e-05,10.37487464405133,touchstone_ri,2.8774448751896,1.0,,,
260519_2dsweep_1p5cell,sim,06_2_TDS-KyhlTune-260519_59.s2p,,S11,f_pi2,sim,dispersion_mode_1,2.8774448751896,2.87744,-4.875189600017649e-06,2.8765471130246035e-05,-64.78411857056047,touchstone_ri,2.8774448751896,1.0,,,
260519_2dsweep_1p5cell,sim,06_2_TDS-KyhlTune-260519_59.s2p,,S12,f_pi2,sim,dispersion_mode_1,2.8774448751896,2.87744,-4.875189600017649e-06,-59.02024640879559,61.34473919128887,touchstone_ri,2.8774448751896,1.0,,,
260519_2dsweep_1p5cell,sim,06_2_TDS-KyhlTune-260519_59.s2p,,S21,f_pi2,sim,dispersion_mode_1,2.8774448751896,2.87744,-4.875189600017649e-06,-59.2679079191733,62.10896693969965,touchstone_ri,2.8774448751896,1.0,,,
260519_2dsweep_1p5cell,sim,06_2_TDS-KyhlTune-260519_59.s2p,,S22,f_pi2,sim,dispersion_mode_1,2.8774448751896,2.87744,-4.875189600017649e-06,-4.594202923639995e-05,8.896246219673436,touchstone_ri,2.8774448751896,1.0,,,
260519_2dsweep_1p5cell,sim,06_2_TDS-KyhlTune-260519_6.s2p,,S11,f_pi2,sim,dispersion_mode_1,2.8774448751896,2.87744,-4.875189600017649e-06,-5.435651263183012e-05,-63.98500858750179,touchstone_ri,2.8774448751896,1.0,,,
260519_2dsweep_1p5cell,sim,06_2_TDS-KyhlTune-260519_6.s2p,,S12,f_pi2,sim,dispersion_mode_1,2.8774448751896,2.87744,-4.875189600017649e-06,-58.19431590459426,66.41084174771207,touchstone_ri,2.8774448751896,1.0,,,
260519_2dsweep_1p5cell,sim,06_2_TDS-KyhlTune-260519_6.s2p,,S21,f_pi2,sim,dispersion_mode_1,2.8774448751896,2.87744,-4.875189600017649e-06,-58.260032261626556,66.58521681356915,touchstone_ri,2.8774448751896,1.0,,,
260519_2dsweep_1p5cell,sim,06_2_TDS-KyhlTune-260519_6.s2p,,S22,f_pi2,sim,dispersion_mode_1,2.8774448751896,2.87744,-4.875189600017649e-06,-4.4667916382283665e-06,17.158267901669255,touchstone_ri,2.8774448751896,1.0,,,
260519_2dsweep_1p5cell,sim,06_2_TDS-KyhlTune-260519_60.s2p,,S11,f_pi2,sim,dispersion_mode_1,2.8774448751896,2.87744,-4.875189600017649e-06,3.656946106738537e-05,-67.05830771478807,touchstone_ri,2.8774448751896,1.0,,,
260519_2dsweep_1p5cell,sim,06_2_TDS-KyhlTune-260519_60.s2p,,S12,f_pi2,sim,dispersion_mode_1,2.8774448751896,2.87744,-4.875189600017649e-06,-58.65324683909296,60.27363284132604,touchstone_ri,2.8774448751896,1.0,,,
260519_2dsweep_1p5cell,sim,06_2_TDS-KyhlTune-260519_60.s2p,,S21,f_pi2,sim,dispersion_mode_1,2.8774448751896,2.87744,-4.875189600017649e-06,-58.699707645697856,60.45403701982776,touchstone_ri,2.8774448751896,1.0,,,
260519_2dsweep_1p5cell,sim,06_2_TDS-KyhlTune-260519_60.s2p,,S22,f_pi2,sim,dispersion_mode_1,2.8774448751896,2.87744,-4.875189600017649e-06,-4.108808161666278e-06,7.518477513317861,touchstone_ri,2.8774448751896,1.0,,,
260519_2dsweep_1p5cell,sim,06_2_TDS-KyhlTune-260519_61.s2p,,S11,f_pi2,sim,dispersion_mode_1,2.8774448751896,2.87744,-4.875189600017649e-06,3.138569652590314e-05,-69.34413525079259,touchstone_ri,2.8774448751896,1.0,,,
260519_2dsweep_1p5cell,sim,06_2_TDS-KyhlTune-260519_61.s2p,,S12,f_pi2,sim,dispersion_mode_1,2.8774448751896,2.87744,-4.875189600017649e-06,-59.88681741833834,58.2457640413884,touchstone_ri,2.8774448751896,1.0,,,
260519_2dsweep_1p5cell,sim,06_2_TDS-KyhlTune-260519_61.s2p,,S21,f_pi2,sim,dispersion_mode_1,2.8774448751896,2.87744,-4.875189600017649e-06,-59.888112476947825,58.56831276583645,touchstone_ri,2.8774448751896,1.0,,,
260519_2dsweep_1p5cell,sim,06_2_TDS-KyhlTune-260519_61.s2p,,S22,f_pi2,sim,dispersion_mode_1,2.8774448751896,2.87744,-4.875189600017649e-06,-3.2259428860567404e-06,6.306506751286481,touchstone_ri,2.8774448751896,1.0,,,
260519_2dsweep_1p5cell,sim,06_2_TDS-KyhlTune-260519_62.s2p,,S11,f_pi2,sim,dispersion_mode_1,2.8774448751896,2.87744,-4.875189600017649e-06,-0.00017766061654279753,-71.89854713735377,touchstone_ri,2.8774448751896,1.0,,,
260519_2dsweep_1p5cell,sim,06_2_TDS-KyhlTune-260519_62.s2p,,S12,f_pi2,sim,dispersion_mode_1,2.8774448751896,2.87744,-4.875189600017649e-06,-59.116583149003155,55.791968780376266,touchstone_ri,2.8774448751896,1.0,,,
260519_2dsweep_1p5cell,sim,06_2_TDS-KyhlTune-260519_62.s2p,,S21,f_pi2,sim,dispersion_mode_1,2.8774448751896,2.87744,-4.875189600017649e-06,-58.92132663826726,56.66935122676806,touchstone_ri,2.8774448751896,1.0,,,
260519_2dsweep_1p5cell,sim,06_2_TDS-KyhlTune-260519_62.s2p,,S22,f_pi2,sim,dispersion_mode_1,2.8774448751896,2.87744,-4.875189600017649e-06,-4.1239086140874194e-06,5.1975837586590785,touchstone_ri,2.8774448751896,1.0,,,
260519_2dsweep_1p5cell,sim,06_2_TDS-KyhlTune-260519_63.s2p,,S11,f_pi2,sim,dispersion_mode_1,2.8774448751896,2.87744,-4.875189600017649e-06,5.0477387208372636e-05,-73.92316569591442,touchstone_ri,2.8774448751896,1.0,,,
260519_2dsweep_1p5cell,sim,06_2_TDS-KyhlTune-260519_63.s2p,,S12,f_pi2,sim,dispersion_mode_1,2.8774448751896,2.87744,-4.875189600017649e-06,-58.518192529462524,56.28205366341358,touchstone_ri,2.8774448751896,1.0,,,
260519_2dsweep_1p5cell,sim,06_2_TDS-KyhlTune-260519_63.s2p,,S21,f_pi2,sim,dispersion_mode_1,2.8774448751896,2.87744,-4.875189600017649e-06,-58.60390782184923,54.959583788501796,touchstone_ri,2.8774448751896,1.0,,,
260519_2dsweep_1p5cell,sim,06_2_TDS-KyhlTune-260519_63.s2p,,S22,f_pi2,sim,dispersion_mode_1,2.8774448751896,2.87744,-4.875189600017649e-06,-1.4779380091583101e-05,4.1867667485109745,touchstone_ri,2.8774448751896,1.0,,,
260519_2dsweep_1p5cell,sim,06_2_TDS-KyhlTune-260519_64.s2p,,S11,f_pi2,sim,dispersion_mode_1,2.8774448751896,2.87744,-4.875189600017649e-06,4.3770285540433755e-05,-76.74921394489446,touchstone_ri,2.8774448751896,1.0,,,
260519_2dsweep_1p5cell,sim,06_2_TDS-KyhlTune-260519_64.s2p,,S12,f_pi2,sim,dispersion_mode_1,2.8774448751896,2.87744,-4.875189600017649e-06,-59.59859354741165,50.2746262932742,touchstone_ri,2.8774448751896,1.0,,,
260519_2dsweep_1p5cell,sim,06_2_TDS-KyhlTune-260519_64.s2p,,S21,f_pi2,sim,dispersion_mode_1,2.8774448751896,2.87744,-4.875189600017649e-06,-59.48792590056789,53.270030237088314,touchstone_ri,2.8774448751896,1.0,,,
260519_2dsweep_1p5cell,sim,06_2_TDS-KyhlTune-260519_64.s2p,,S22,f_pi2,sim,dispersion_mode_1,2.8774448751896,2.87744,-4.875189600017649e-06,-1.6270629680979255e-05,3.286991643918164,touchstone_ri,2.8774448751896,1.0,,,
260519_2dsweep_1p5cell,sim,06_2_TDS-KyhlTune-260519_65.s2p,,S11,f_pi2,sim,dispersion_mode_1,2.8774448751896,2.87744,-4.875189600017649e-06,6.56315712854806e-05,-79.7928243695631,touchstone_ri,2.8774448751896,1.0,,,
260519_2dsweep_1p5cell,sim,06_2_TDS-KyhlTune-260519_65.s2p,,S12,f_pi2,sim,dispersion_mode_1,2.8774448751896,2.87744,-4.875189600017649e-06,-57.84060473300635,53.17320051565403,touchstone_ri,2.8774448751896,1.0,,,
260519_2dsweep_1p5cell,sim,06_2_TDS-KyhlTune-260519_65.s2p,,S21,f_pi2,sim,dispersion_mode_1,2.8774448751896,2.87744,-4.875189600017649e-06,-57.89126165019758,51.279774944462325,touchstone_ri,2.8774448751896,1.0,,,
260519_2dsweep_1p5cell,sim,06_2_TDS-KyhlTune-260519_65.s2p,,S22,f_pi2,sim,dispersion_mode_1,2.8774448751896,2.87744,-4.875189600017649e-06,-5.270418273025308e-06,2.4623149030131986,touchstone_ri,2.8774448751896,1.0,,,
260519_2dsweep_1p5cell,sim,06_2_TDS-KyhlTune-260519_66.s2p,,S11,f_pi2,sim,dispersion_mode_1,2.8774448751896,2.87744,-4.875189600017649e-06,-0.0003017971693739456,-82.63160390084349,touchstone_ri,2.8774448751896,1.0,,,
260519_2dsweep_1p5cell,sim,06_2_TDS-KyhlTune-260519_66.s2p,,S12,f_pi2,sim,dispersion_mode_1,2.8774448751896,2.87744,-4.875189600017649e-06,-58.84589208592249,47.198277701582604,touchstone_ri,2.8774448751896,1.0,,,
260519_2dsweep_1p5cell,sim,06_2_TDS-KyhlTune-260519_66.s2p,,S21,f_pi2,sim,dispersion_mode_1,2.8774448751896,2.87744,-4.875189600017649e-06,-58.71171839462927,49.404816944270785,touchstone_ri,2.8774448751896,1.0,,,
260519_2dsweep_1p5cell,sim,06_2_TDS-KyhlTune-260519_66.s2p,,S22,f_pi2,sim,dispersion_mode_1,2.8774448751896,2.87744,-4.875189600017649e-06,-8.346655083034533e-06,1.7133350420658413,touchstone_ri,2.8774448751896,1.0,,,
260519_2dsweep_1p5cell,sim,06_2_TDS-KyhlTune-260519_67.s2p,,S11,f_pi2,sim,dispersion_mode_1,2.8774448751896,2.87744,-4.875189600017649e-06,6.176549477519845e-05,-85.28108976010732,touchstone_ri,2.8774448751896,1.0,,,
260519_2dsweep_1p5cell,sim,06_2_TDS-KyhlTune-260519_67.s2p,,S12,f_pi2,sim,dispersion_mode_1,2.8774448751896,2.87744,-4.875189600017649e-06,-58.467220567294746,48.16638582031899,touchstone_ri,2.8774448751896,1.0,,,
260519_2dsweep_1p5cell,sim,06_2_TDS-KyhlTune-260519_67.s2p,,S21,f_pi2,sim,dispersion_mode_1,2.8774448751896,2.87744,-4.875189600017649e-06,-58.285248615477876,47.83511575695689,touchstone_ri,2.8774448751896,1.0,,,
260519_2dsweep_1p5cell,sim,06_2_TDS-KyhlTune-260519_67.s2p,,S22,f_pi2,sim,dispersion_mode_1,2.8774448751896,2.87744,-4.875189600017649e-06,-5.021091999443887e-06,0.9812865190678579,touchstone_ri,2.8774448751896,1.0,,,
260519_2dsweep_1p5cell,sim,06_2_TDS-KyhlTune-260519_68.s2p,,S11,f_pi2,sim,dispersion_mode_1,2.8774448751896,2.87744,-4.875189600017649e-06,-0.0008752507280279821,-88.74365113255719,touchstone_ri,2.8774448751896,1.0,,,
260519_2dsweep_1p5cell,sim,06_2_TDS-KyhlTune-260519_68.s2p,,S12,f_pi2,sim,dispersion_mode_1,2.8774448751896,2.87744,-4.875189600017649e-06,-57.74300004381064,45.913509958103,touchstone_ri,2.8774448751896,1.0,,,
260519_2dsweep_1p5cell,sim,06_2_TDS-KyhlTune-260519_68.s2p,,S21,f_pi2,sim,dispersion_mode_1,2.8774448751896,2.87744,-4.875189600017649e-06,-57.84433621009741,45.67211161279124,touchstone_ri,2.8774448751896,1.0,,,
260519_2dsweep_1p5cell,sim,06_2_TDS-KyhlTune-260519_68.s2p,,S22,f_pi2,sim,dispersion_mode_1,2.8774448751896,2.87744,-4.875189600017649e-06,-1.0019091806699655e-05,0.31651514652847457,touchstone_ri,2.8774448751896,1.0,,,
260519_2dsweep_1p5cell,sim,06_2_TDS-KyhlTune-260519_69.s2p,,S11,f_pi2,sim,dispersion_mode_1,2.8774448751896,2.87744,-4.875189600017649e-06,2.7286733527596956e-05,-63.44755485538106,touchstone_ri,2.8774448751896,1.0,,,
260519_2dsweep_1p5cell,sim,06_2_TDS-KyhlTune-260519_69.s2p,,S12,f_pi2,sim,dispersion_mode_1,2.8774448751896,2.87744,-4.875189600017649e-06,-59.67104497199266,61.27297835993252,touchstone_ri,2.8774448751896,1.0,,,
260519_2dsweep_1p5cell,sim,06_2_TDS-KyhlTune-260519_69.s2p,,S21,f_pi2,sim,dispersion_mode_1,2.8774448751896,2.87744,-4.875189600017649e-06,-59.88167402255273,62.358569124635984,touchstone_ri,2.8774448751896,1.0,,,
260519_2dsweep_1p5cell,sim,06_2_TDS-KyhlTune-260519_69.s2p,,S22,f_pi2,sim,dispersion_mode_1,2.8774448751896,2.87744,-4.875189600017649e-06,-6.319236912836416e-05,8.076711781552145,touchstone_ri,2.8774448751896,1.0,,,
260519_2dsweep_1p5cell,sim,06_2_TDS-KyhlTune-260519_7.s2p,,S11,f_pi2,sim,dispersion_mode_1,2.8774448751896,2.87744,-4.875189600017649e-06,-2.034194659239744e-05,-65.86800100250376,touchstone_ri,2.8774448751896,1.0,,,
260519_2dsweep_1p5cell,sim,06_2_TDS-KyhlTune-260519_7.s2p,,S12,f_pi2,sim,dispersion_mode_1,2.8774448751896,2.87744,-4.875189600017649e-06,-58.231058087485216,64.21036491319755,touchstone_ri,2.8774448751896,1.0,,,
260519_2dsweep_1p5cell,sim,06_2_TDS-KyhlTune-260519_7.s2p,,S21,f_pi2,sim,dispersion_mode_1,2.8774448751896,2.87744,-4.875189600017649e-06,-58.22773372185295,64.65121395153847,touchstone_ri,2.8774448751896,1.0,,,
260519_2dsweep_1p5cell,sim,06_2_TDS-KyhlTune-260519_7.s2p,,S22,f_pi2,sim,dispersion_mode_1,2.8774448751896,2.87744,-4.875189600017649e-06,-3.789522600456023e-05,15.167358194577261,touchstone_ri,2.8774448751896,1.0,,,
260519_2dsweep_1p5cell,sim,06_2_TDS-KyhlTune-260519_70.s2p,,S11,f_pi2,sim,dispersion_mode_1,2.8774448751896,2.87744,-4.875189600017649e-06,3.4080293060289095e-05,-65.77841448958078,touchstone_ri,2.8774448751896,1.0,,,
260519_2dsweep_1p5cell,sim,06_2_TDS-KyhlTune-260519_70.s2p,,S12,f_pi2,sim,dispersion_mode_1,2.8774448751896,2.87744,-4.875189600017649e-06,-59.142171202184386,60.70008585768723,touchstone_ri,2.8774448751896,1.0,,,
260519_2dsweep_1p5cell,sim,06_2_TDS-KyhlTune-260519_70.s2p,,S21,f_pi2,sim,dispersion_mode_1,2.8774448751896,2.87744,-4.875189600017649e-06,-59.50967084574544,60.627846424713525,touchstone_ri,2.8774448751896,1.0,,,
260519_2dsweep_1p5cell,sim,06_2_TDS-KyhlTune-260519_70.s2p,,S22,f_pi2,sim,dispersion_mode_1,2.8774448751896,2.87744,-4.875189600017649e-06,-4.59544465322131e-05,6.724811870849629,touchstone_ri,2.8774448751896,1.0,,,
260519_2dsweep_1p5cell,sim,06_2_TDS-KyhlTune-260519_71.s2p,,S11,f_pi2,sim,dispersion_mode_1,2.8774448751896,2.87744,-4.875189600017649e-06,-0.0016823315368793331,-67.5963300556752,touchstone_ri,2.8774448751896,1.0,,,
260519_2dsweep_1p5cell,sim,06_2_TDS-KyhlTune-260519_71.s2p,,S12,f_pi2,sim,dispersion_mode_1,2.8774448751896,2.87744,-4.875189600017649e-06,-59.46554544572923,58.93228071129512,touchstone_ri,2.8774448751896,1.0,,,
260519_2dsweep_1p5cell,sim,06_2_TDS-KyhlTune-260519_71.s2p,,S21,f_pi2,sim,dispersion_mode_1,2.8774448751896,2.87744,-4.875189600017649e-06,-59.48050369615742,58.98220789885199,touchstone_ri,2.8774448751896,1.0,,,
260519_2dsweep_1p5cell,sim,06_2_TDS-KyhlTune-260519_71.s2p,,S22,f_pi2,sim,dispersion_mode_1,2.8774448751896,2.87744,-4.875189600017649e-06,-1.1735511432286927e-05,5.573283552936242,touchstone_ri,2.8774448751896,1.0,,,
260519_2dsweep_1p5cell,sim,06_2_TDS-KyhlTune-260519_72.s2p,,S11,f_pi2,sim,dispersion_mode_1,2.8774448751896,2.87744,-4.875189600017649e-06,-0.00030342810147366845,-70.09490629171175,touchstone_ri,2.8774448751896,1.0,,,
260519_2dsweep_1p5cell,sim,06_2_TDS-KyhlTune-260519_72.s2p,,S12,f_pi2,sim,dispersion_mode_1,2.8774448751896,2.87744,-4.875189600017649e-06,-58.93709198076999,56.87945127998623,touchstone_ri,2.8774448751896,1.0,,,
260519_2dsweep_1p5cell,sim,06_2_TDS-KyhlTune-260519_72.s2p,,S21,f_pi2,sim,dispersion_mode_1,2.8774448751896,2.87744,-4.875189600017649e-06,-58.85322896805606,57.39529564622471,touchstone_ri,2.8774448751896,1.0,,,
260519_2dsweep_1p5cell,sim,06_2_TDS-KyhlTune-260519_72.s2p,,S22,f_pi2,sim,dispersion_mode_1,2.8774448751896,2.87744,-4.875189600017649e-06,-2.343841611208998e-05,4.454017072049008,touchstone_ri,2.8774448751896,1.0,,,
260519_2dsweep_1p5cell,sim,06_2_TDS-KyhlTune-260519_73.s2p,,S11,f_pi2,sim,dispersion_mode_1,2.8774448751896,2.87744,-4.875189600017649e-06,3.750677339878939e-05,-72.5428104294156,touchstone_ri,2.8774448751896,1.0,,,
260519_2dsweep_1p5cell,sim,06_2_TDS-KyhlTune-260519_73.s2p,,S12,f_pi2,sim,dispersion_mode_1,2.8774448751896,2.87744,-4.875189600017649e-06,-60.128426979119105,54.01926827917941,touchstone_ri,2.8774448751896,1.0,,,
260519_2dsweep_1p5cell,sim,06_2_TDS-KyhlTune-260519_73.s2p,,S21,f_pi2,sim,dispersion_mode_1,2.8774448751896,2.87744,-4.875189600017649e-06,-60.13463354030368,55.477200038743966,touchstone_ri,2.8774448751896,1.0,,,
260519_2dsweep_1p5cell,sim,06_2_TDS-KyhlTune-260519_73.s2p,,S22,f_pi2,sim,dispersion_mode_1,2.8774448751896,2.87744,-4.875189600017649e-06,-1.3231640871400732e-05,3.4711281889596886,touchstone_ri,2.8774448751896,1.0,,,
260519_2dsweep_1p5cell,sim,06_2_TDS-KyhlTune-260519_74.s2p,,S11,f_pi2,sim,dispersion_mode_1,2.8774448751896,2.87744,-4.875189600017649e-06,4.445341877863226e-05,-75.13933556940657,touchstone_ri,2.8774448751896,1.0,,,
260519_2dsweep_1p5cell,sim,06_2_TDS-KyhlTune-260519_74.s2p,,S12,f_pi2,sim,dispersion_mode_1,2.8774448751896,2.87744,-4.875189600017649e-06,-59.52208051945007,53.51422805981425,touchstone_ri,2.8774448751896,1.0,,,
260519_2dsweep_1p5cell,sim,06_2_TDS-KyhlTune-260519_74.s2p,,S21,f_pi2,sim,dispersion_mode_1,2.8774448751896,2.87744,-4.875189600017649e-06,-59.60782172078511,53.72381808017,touchstone_ri,2.8774448751896,1.0,,,
260519_2dsweep_1p5cell,sim,06_2_TDS-KyhlTune-260519_74.s2p,,S22,f_pi2,sim,dispersion_mode_1,2.8774448751896,2.87744,-4.875189600017649e-06,-9.710404946666458e-06,2.634254570822248,touchstone_ri,2.8774448751896,1.0,,,
260519_2dsweep_1p5cell,sim,06_2_TDS-KyhlTune-260519_75.s2p,,S11,f_pi2,sim,dispersion_mode_1,2.8774448751896,2.87744,-4.875189600017649e-06,5.1714989779175815e-05,-77.95920248677831,touchstone_ri,2.8774448751896,1.0,,,
260519_2dsweep_1p5cell,sim,06_2_TDS-KyhlTune-260519_75.s2p,,S12,f_pi2,sim,dispersion_mode_1,2.8774448751896,2.87744,-4.875189600017649e-06,-59.20731759818566,50.23615924017056,touchstone_ri,2.8774448751896,1.0,,,
260519_2dsweep_1p5cell,sim,06_2_TDS-KyhlTune-260519_75.s2p,,S21,f_pi2,sim,dispersion_mode_1,2.8774448751896,2.87744,-4.875189600017649e-06,-58.94793454175594,51.93214616191598,touchstone_ri,2.8774448751896,1.0,,,
260519_2dsweep_1p5cell,sim,06_2_TDS-KyhlTune-260519_75.s2p,,S22,f_pi2,sim,dispersion_mode_1,2.8774448751896,2.87744,-4.875189600017649e-06,-4.325688865233833e-06,1.7859611233097494,touchstone_ri,2.8774448751896,1.0,,,
260519_2dsweep_1p5cell,sim,06_2_TDS-KyhlTune-260519_76.s2p,,S11,f_pi2,sim,dispersion_mode_1,2.8774448751896,2.87744,-4.875189600017649e-06,6.445355099095404e-05,-80.74873522260495,touchstone_ri,2.8774448751896,1.0,,,
260519_2dsweep_1p5cell,sim,06_2_TDS-KyhlTune-260519_76.s2p,,S12,f_pi2,sim,dispersion_mode_1,2.8774448751896,2.87744,-4.875189600017649e-06,-58.072701083792886,51.74398361146764,touchstone_ri,2.8774448751896,1.0,,,
260519_2dsweep_1p5cell,sim,06_2_TDS-KyhlTune-260519_76.s2p,,S21,f_pi2,sim,dispersion_mode_1,2.8774448751896,2.87744,-4.875189600017649e-06,-58.27207536718259,50.15336602111508,touchstone_ri,2.8774448751896,1.0,,,
260519_2dsweep_1p5cell,sim,06_2_TDS-KyhlTune-260519_76.s2p,,S22,f_pi2,sim,dispersion_mode_1,2.8774448751896,2.87744,-4.875189600017649e-06,-9.756974519770932e-06,1.0546117747651857,touchstone_ri,2.8774448751896,1.0,,,
260519_2dsweep_1p5cell,sim,06_2_TDS-KyhlTune-260519_77.s2p,,S11,f_pi2,sim,dispersion_mode_1,2.8774448751896,2.87744,-4.875189600017649e-06,6.648942797573911e-05,-83.81277513685784,touchstone_ri,2.8774448751896,1.0,,,
260519_2dsweep_1p5cell,sim,06_2_TDS-KyhlTune-260519_77.s2p,,S12,f_pi2,sim,dispersion_mode_1,2.8774448751896,2.87744,-4.875189600017649e-06,-57.97575143996981,48.1481848897317,touchstone_ri,2.8774448751896,1.0,,,
260519_2dsweep_1p5cell,sim,06_2_TDS-KyhlTune-260519_77.s2p,,S21,f_pi2,sim,dispersion_mode_1,2.8774448751896,2.87744,-4.875189600017649e-06,-58.213214687720736,48.30898693637375,touchstone_ri,2.8774448751896,1.0,,,
260519_2dsweep_1p5cell,sim,06_2_TDS-KyhlTune-260519_77.s2p,,S22,f_pi2,sim,dispersion_mode_1,2.8774448751896,2.87744,-4.875189600017649e-06,-2.089933147098713e-05,0.3452038811918733,touchstone_ri,2.8774448751896,1.0,,,
260519_2dsweep_1p5cell,sim,06_2_TDS-KyhlTune-260519_78.s2p,,S11,f_pi2,sim,dispersion_mode_1,2.8774448751896,2.87744,-4.875189600017649e-06,-7.1048593125188485e-06,-87.07577611646347,touchstone_ri,2.8774448751896,1.0,,,
260519_2dsweep_1p5cell,sim,06_2_TDS-KyhlTune-260519_78.s2p,,S12,f_pi2,sim,dispersion_mode_1,2.8774448751896,2.87744,-4.875189600017649e-06,-58.888636405728015,46.2137129899907,touchstone_ri,2.8774448751896,1.0,,,
260519_2dsweep_1p5cell,sim,06_2_TDS-KyhlTune-260519_78.s2p,,S21,f_pi2,sim,dispersion_mode_1,2.8774448751896,2.87744,-4.875189600017649e-06,-58.8862701323934,46.37539394493812,touchstone_ri,2.8774448751896,1.0,,,
260519_2dsweep_1p5cell,sim,06_2_TDS-KyhlTune-260519_78.s2p,,S22,f_pi2,sim,dispersion_mode_1,2.8774448751896,2.87744,-4.875189600017649e-06,-4.537113979370042e-06,-0.2725337196882508,touchstone_ri,2.8774448751896,1.0,,,
260519_2dsweep_1p5cell,sim,06_2_TDS-KyhlTune-260519_79.s2p,,S11,f_pi2,sim,dispersion_mode_1,2.8774448751896,2.87744,-4.875189600017649e-06,-4.8525705056072486e-05,-90.81533147078906,touchstone_ri,2.8774448751896,1.0,,,
260519_2dsweep_1p5cell,sim,06_2_TDS-KyhlTune-260519_79.s2p,,S12,f_pi2,sim,dispersion_mode_1,2.8774448751896,2.87744,-4.875189600017649e-06,-57.46958013317058,43.36588066629613,touchstone_ri,2.8774448751896,1.0,,,
260519_2dsweep_1p5cell,sim,06_2_TDS-KyhlTune-260519_79.s2p,,S21,f_pi2,sim,dispersion_mode_1,2.8774448751896,2.87744,-4.875189600017649e-06,-57.61170349041653,44.15913214027209,touchstone_ri,2.8774448751896,1.0,,,
260519_2dsweep_1p5cell,sim,06_2_TDS-KyhlTune-260519_79.s2p,,S22,f_pi2,sim,dispersion_mode_1,2.8774448751896,2.87744,-4.875189600017649e-06,-9.26512642424967e-06,-0.8606144779750928,touchstone_ri,2.8774448751896,1.0,,,
260519_2dsweep_1p5cell,sim,06_2_TDS-KyhlTune-260519_8.s2p,,S11,f_pi2,sim,dispersion_mode_1,2.8774448751896,2.87744,-4.875189600017649e-06,-0.00016947992079834566,-68.89331868001348,touchstone_ri,2.8774448751896,1.0,,,
260519_2dsweep_1p5cell,sim,06_2_TDS-KyhlTune-260519_8.s2p,,S12,f_pi2,sim,dispersion_mode_1,2.8774448751896,2.87744,-4.875189600017649e-06,-58.27732813636226,62.40525621659232,touchstone_ri,2.8774448751896,1.0,,,
260519_2dsweep_1p5cell,sim,06_2_TDS-KyhlTune-260519_8.s2p,,S21,f_pi2,sim,dispersion_mode_1,2.8774448751896,2.87744,-4.875189600017649e-06,-58.06600431694841,62.16419546245103,touchstone_ri,2.8774448751896,1.0,,,
260519_2dsweep_1p5cell,sim,06_2_TDS-KyhlTune-260519_8.s2p,,S22,f_pi2,sim,dispersion_mode_1,2.8774448751896,2.87744,-4.875189600017649e-06,-4.7094359390019475e-06,13.213719351192022,touchstone_ri,2.8774448751896,1.0,,,
260519_2dsweep_1p5cell,sim,06_2_TDS-KyhlTune-260519_80.s2p,,S11,f_pi2,sim,dispersion_mode_1,2.8774448751896,2.87744,-4.875189600017649e-06,-4.38450811196406e-05,-64.375933061172,touchstone_ri,2.8774448751896,1.0,,,
260519_2dsweep_1p5cell,sim,06_2_TDS-KyhlTune-260519_80.s2p,,S12,f_pi2,sim,dispersion_mode_1,2.8774448751896,2.87744,-4.875189600017649e-06,-59.9721430468962,59.10456453291645,touchstone_ri,2.8774448751896,1.0,,,
260519_2dsweep_1p5cell,sim,06_2_TDS-KyhlTune-260519_80.s2p,,S21,f_pi2,sim,dispersion_mode_1,2.8774448751896,2.87744,-4.875189600017649e-06,-60.00553795794492,60.76440626575825,touchstone_ri,2.8774448751896,1.0,,,
260519_2dsweep_1p5cell,sim,06_2_TDS-KyhlTune-260519_80.s2p,,S22,f_pi2,sim,dispersion_mode_1,2.8774448751896,2.87744,-4.875189600017649e-06,-2.7551484381800076e-05,5.865343445417919,touchstone_ri,2.8774448751896,1.0,,,
260519_2dsweep_1p5cell,sim,06_2_TDS-KyhlTune-260519_81.s2p,,S11,f_pi2,sim,dispersion_mode_1,2.8774448751896,2.87744,-4.875189600017649e-06,3.719607182923652e-05,-66.56529681052999,touchstone_ri,2.8774448751896,1.0,,,
260519_2dsweep_1p5cell,sim,06_2_TDS-KyhlTune-260519_81.s2p,,S12,f_pi2,sim,dispersion_mode_1,2.8774448751896,2.87744,-4.875189600017649e-06,-59.70133602059622,60.18628130038368,touchstone_ri,2.8774448751896,1.0,,,
260519_2dsweep_1p5cell,sim,06_2_TDS-KyhlTune-260519_81.s2p,,S21,f_pi2,sim,dispersion_mode_1,2.8774448751896,2.87744,-4.875189600017649e-06,-59.72826875371291,58.95929520785259,touchstone_ri,2.8774448751896,1.0,,,
260519_2dsweep_1p5cell,sim,06_2_TDS-KyhlTune-260519_81.s2p,,S22,f_pi2,sim,dispersion_mode_1,2.8774448751896,2.87744,-4.875189600017649e-06,-3.3726337252640307e-06,4.692953829613011,touchstone_ri,2.8774448751896,1.0,,,
260519_2dsweep_1p5cell,sim,06_2_TDS-KyhlTune-260519_82.s2p,,S11,f_pi2,sim,dispersion_mode_1,2.8774448751896,2.87744,-4.875189600017649e-06,3.440612860904033e-05,-68.61206215007232,touchstone_ri,2.8774448751896,1.0,,,
260519_2dsweep_1p5cell,sim,06_2_TDS-KyhlTune-260519_82.s2p,,S12,f_pi2,sim,dispersion_mode_1,2.8774448751896,2.87744,-4.875189600017649e-06,-58.88590197824386,57.568002113078265,touchstone_ri,2.8774448751896,1.0,,,
260519_2dsweep_1p5cell,sim,06_2_TDS-KyhlTune-260519_82.s2p,,S21,f_pi2,sim,dispersion_mode_1,2.8774448751896,2.87744,-4.875189600017649e-06,-58.877466493116984,57.59779943910315,touchstone_ri,2.8774448751896,1.0,,,
260519_2dsweep_1p5cell,sim,06_2_TDS-KyhlTune-260519_82.s2p,,S22,f_pi2,sim,dispersion_mode_1,2.8774448751896,2.87744,-4.875189600017649e-06,-0.00018753382123150162,3.6629874900286428,touchstone_ri,2.8774448751896,1.0,,,
260519_2dsweep_1p5cell,sim,06_2_TDS-KyhlTune-260519_83.s2p,,S11,f_pi2,sim,dispersion_mode_1,2.8774448751896,2.87744,-4.875189600017649e-06,-4.7766461948702275e-05,-71.1902380982081,touchstone_ri,2.8774448751896,1.0,,,
260519_2dsweep_1p5cell,sim,06_2_TDS-KyhlTune-260519_83.s2p,,S12,f_pi2,sim,dispersion_mode_1,2.8774448751896,2.87744,-4.875189600017649e-06,-58.866860870043716,55.134111860001354,touchstone_ri,2.8774448751896,1.0,,,
260519_2dsweep_1p5cell,sim,06_2_TDS-KyhlTune-260519_83.s2p,,S21,f_pi2,sim,dispersion_mode_1,2.8774448751896,2.87744,-4.875189600017649e-06,-58.959539798673276,55.64908176336095,touchstone_ri,2.8774448751896,1.0,,,
260519_2dsweep_1p5cell,sim,06_2_TDS-KyhlTune-260519_83.s2p,,S22,f_pi2,sim,dispersion_mode_1,2.8774448751896,2.87744,-4.875189600017649e-06,-8.151476409965867e-06,2.6829624404622425,touchstone_ri,2.8774448751896,1.0,,,
260519_2dsweep_1p5cell,sim,06_2_TDS-KyhlTune-260519_84.s2p,,S11,f_pi2,sim,dispersion_mode_1,2.8774448751896,2.87744,-4.875189600017649e-06,-2.1938589162955387e-05,-73.64973357435377,touchstone_ri,2.8774448751896,1.0,,,
260519_2dsweep_1p5cell,sim,06_2_TDS-KyhlTune-260519_84.s2p,,S12,f_pi2,sim,dispersion_mode_1,2.8774448751896,2.87744,-4.875189600017649e-06,-58.58324183018867,53.644598826658836,touchstone_ri,2.8774448751896,1.0,,,
260519_2dsweep_1p5cell,sim,06_2_TDS-KyhlTune-260519_84.s2p,,S21,f_pi2,sim,dispersion_mode_1,2.8774448751896,2.87744,-4.875189600017649e-06,-59.02241601117523,54.01858898432522,touchstone_ri,2.8774448751896,1.0,,,
260519_2dsweep_1p5cell,sim,06_2_TDS-KyhlTune-260519_84.s2p,,S22,f_pi2,sim,dispersion_mode_1,2.8774448751896,2.87744,-4.875189600017649e-06,-3.575591147257516e-05,1.8342871944329862,touchstone_ri,2.8774448751896,1.0,,,
260519_2dsweep_1p5cell,sim,06_2_TDS-KyhlTune-260519_85.s2p,,S11,f_pi2,sim,dispersion_mode_1,2.8774448751896,2.87744,-4.875189600017649e-06,-2.3264252138075175e-05,-76.34859903883988,touchstone_ri,2.8774448751896,1.0,,,
260519_2dsweep_1p5cell,sim,06_2_TDS-KyhlTune-260519_85.s2p,,S12,f_pi2,sim,dispersion_mode_1,2.8774448751896,2.87744,-4.875189600017649e-06,-59.109647853029216,52.083164444047895,touchstone_ri,2.8774448751896,1.0,,,
260519_2dsweep_1p5cell,sim,06_2_TDS-KyhlTune-260519_85.s2p,,S21,f_pi2,sim,dispersion_mode_1,2.8774448751896,2.87744,-4.875189600017649e-06,-58.901896165530225,52.29638767336529,touchstone_ri,2.8774448751896,1.0,,,
260519_2dsweep_1p5cell,sim,06_2_TDS-KyhlTune-260519_85.s2p,,S22,f_pi2,sim,dispersion_mode_1,2.8774448751896,2.87744,-4.875189600017649e-06,-7.767216930025303e-06,1.080380840844806,touchstone_ri,2.8774448751896,1.0,,,
260519_2dsweep_1p5cell,sim,06_2_TDS-KyhlTune-260519_86.s2p,,S11,f_pi2,sim,dispersion_mode_1,2.8774448751896,2.87744,-4.875189600017649e-06,5.511350517273736e-05,-79.18051555611544,touchstone_ri,2.8774448751896,1.0,,,
260519_2dsweep_1p5cell,sim,06_2_TDS-KyhlTune-260519_86.s2p,,S12,f_pi2,sim,dispersion_mode_1,2.8774448751896,2.87744,-4.875189600017649e-06,-58.955608291704344,49.52033179710279,touchstone_ri,2.8774448751896,1.0,,,
260519_2dsweep_1p5cell,sim,06_2_TDS-KyhlTune-260519_86.s2p,,S21,f_pi2,sim,dispersion_mode_1,2.8774448751896,2.87744,-4.875189600017649e-06,-58.86893270823492,50.360254321011595,touchstone_ri,2.8774448751896,1.0,,,
260519_2dsweep_1p5cell,sim,06_2_TDS-KyhlTune-260519_86.s2p,,S22,f_pi2,sim,dispersion_mode_1,2.8774448751896,2.87744,-4.875189600017649e-06,-7.770931277809577e-06,0.33837904786474593,touchstone_ri,2.8774448751896,1.0,,,
260519_2dsweep_1p5cell,sim,06_2_TDS-KyhlTune-260519_87.s2p,,S11,f_pi2,sim,dispersion_mode_1,2.8774448751896,2.87744,-4.875189600017649e-06,6.355012934508206e-05,-82.2453637946459,touchstone_ri,2.8774448751896,1.0,,,
260519_2dsweep_1p5cell,sim,06_2_TDS-KyhlTune-260519_87.s2p,,S12,f_pi2,sim,dispersion_mode_1,2.8774448751896,2.87744,-4.875189600017649e-06,-58.320692716059874,48.56432881480669,touchstone_ri,2.8774448751896,1.0,,,
260519_2dsweep_1p5cell,sim,06_2_TDS-KyhlTune-260519_87.s2p,,S21,f_pi2,sim,dispersion_mode_1,2.8774448751896,2.87744,-4.875189600017649e-06,-58.259542628234186,48.36477051632911,touchstone_ri,2.8774448751896,1.0,,,
260519_2dsweep_1p5cell,sim,06_2_TDS-KyhlTune-260519_87.s2p,,S22,f_pi2,sim,dispersion_mode_1,2.8774448751896,2.87744,-4.875189600017649e-06,-1.1052049459306275e-05,-0.3302012361446251,touchstone_ri,2.8774448751896,1.0,,,
260519_2dsweep_1p5cell,sim,06_2_TDS-KyhlTune-260519_88.s2p,,S11,f_pi2,sim,dispersion_mode_1,2.8774448751896,2.87744,-4.875189600017649e-06,-1.011352207031884e-07,-85.50582752199864,touchstone_ri,2.8774448751896,1.0,,,
260519_2dsweep_1p5cell,sim,06_2_TDS-KyhlTune-260519_88.s2p,,S12,f_pi2,sim,dispersion_mode_1,2.8774448751896,2.87744,-4.875189600017649e-06,-58.2835699868201,45.760328272804166,touchstone_ri,2.8774448751896,1.0,,,
260519_2dsweep_1p5cell,sim,06_2_TDS-KyhlTune-260519_88.s2p,,S21,f_pi2,sim,dispersion_mode_1,2.8774448751896,2.87744,-4.875189600017649e-06,-58.241690580343715,46.59104478464316,touchstone_ri,2.8774448751896,1.0,,,
260519_2dsweep_1p5cell,sim,06_2_TDS-KyhlTune-260519_88.s2p,,S22,f_pi2,sim,dispersion_mode_1,2.8774448751896,2.87744,-4.875189600017649e-06,-3.2712357578771885e-05,-0.9396101791513278,touchstone_ri,2.8774448751896,1.0,,,
260519_2dsweep_1p5cell,sim,06_2_TDS-KyhlTune-260519_89.s2p,,S11,f_pi2,sim,dispersion_mode_1,2.8774448751896,2.87744,-4.875189600017649e-06,-7.025681589987194e-05,-88.67287938901462,touchstone_ri,2.8774448751896,1.0,,,
260519_2dsweep_1p5cell,sim,06_2_TDS-KyhlTune-260519_89.s2p,,S12,f_pi2,sim,dispersion_mode_1,2.8774448751896,2.87744,-4.875189600017649e-06,-58.47711004523434,44.82766731201736,touchstone_ri,2.8774448751896,1.0,,,
260519_2dsweep_1p5cell,sim,06_2_TDS-KyhlTune-260519_89.s2p,,S21,f_pi2,sim,dispersion_mode_1,2.8774448751896,2.87744,-4.875189600017649e-06,-58.428379847458835,44.867166975792216,touchstone_ri,2.8774448751896,1.0,,,
260519_2dsweep_1p5cell,sim,06_2_TDS-KyhlTune-260519_89.s2p,,S22,f_pi2,sim,dispersion_mode_1,2.8774448751896,2.87744,-4.875189600017649e-06,-5.058764572153024e-06,-1.5104582748480213,touchstone_ri,2.8774448751896,1.0,,,
260519_2dsweep_1p5cell,sim,06_2_TDS-KyhlTune-260519_9.s2p,,S11,f_pi2,sim,dispersion_mode_1,2.8774448751896,2.87744,-4.875189600017649e-06,-0.000390455302635544,-70.6451866390618,touchstone_ri,2.8774448751896,1.0,,,
260519_2dsweep_1p5cell,sim,06_2_TDS-KyhlTune-260519_9.s2p,,S12,f_pi2,sim,dispersion_mode_1,2.8774448751896,2.87744,-4.875189600017649e-06,-57.950805725493105,60.35110707037104,touchstone_ri,2.8774448751896,1.0,,,
260519_2dsweep_1p5cell,sim,06_2_TDS-KyhlTune-260519_9.s2p,,S21,f_pi2,sim,dispersion_mode_1,2.8774448751896,2.87744,-4.875189600017649e-06,-57.94503972411175,60.4170977972476,touchstone_ri,2.8774448751896,1.0,,,
260519_2dsweep_1p5cell,sim,06_2_TDS-KyhlTune-260519_9.s2p,,S22,f_pi2,sim,dispersion_mode_1,2.8774448751896,2.87744,-4.875189600017649e-06,-1.716679067572423e-05,11.709226288128676,touchstone_ri,2.8774448751896,1.0,,,
260519_2dsweep_1p5cell,sim,06_2_TDS-KyhlTune-260519_90.s2p,,S11,f_pi2,sim,dispersion_mode_1,2.8774448751896,2.87744,-4.875189600017649e-06,-9.16038136573928e-05,-92.58793682776673,touchstone_ri,2.8774448751896,1.0,,,
260519_2dsweep_1p5cell,sim,06_2_TDS-KyhlTune-260519_90.s2p,,S12,f_pi2,sim,dispersion_mode_1,2.8774448751896,2.87744,-4.875189600017649e-06,-59.170131200942365,42.42269256624207,touchstone_ri,2.8774448751896,1.0,,,
260519_2dsweep_1p5cell,sim,06_2_TDS-KyhlTune-260519_90.s2p,,S21,f_pi2,sim,dispersion_mode_1,2.8774448751896,2.87744,-4.875189600017649e-06,-59.24554414492066,42.75926633680076,touchstone_ri,2.8774448751896,1.0,,,
260519_2dsweep_1p5cell,sim,06_2_TDS-KyhlTune-260519_90.s2p,,S22,f_pi2,sim,dispersion_mode_1,2.8774448751896,2.87744,-4.875189600017649e-06,-2.011894910531896e-05,-2.038064745050588,touchstone_ri,2.8774448751896,1.0,,,
260519_2dsweep_1p5cell,sim,06_2_TDS-KyhlTune-260519_91.s2p,,S11,f_pi2,sim,dispersion_mode_1,2.8774448751896,2.87744,-4.875189600017649e-06,3.9614993931047753e-05,-65.07168135595818,touchstone_ri,2.8774448751896,1.0,,,
260519_2dsweep_1p5cell,sim,06_2_TDS-KyhlTune-260519_91.s2p,,S12,f_pi2,sim,dispersion_mode_1,2.8774448751896,2.87744,-4.875189600017649e-06,-59.73583670111915,59.982301783965916,touchstone_ri,2.8774448751896,1.0,,,
260519_2dsweep_1p5cell,sim,06_2_TDS-KyhlTune-260519_91.s2p,,S21,f_pi2,sim,dispersion_mode_1,2.8774448751896,2.87744,-4.875189600017649e-06,-59.75832875751558,59.385613640562674,touchstone_ri,2.8774448751896,1.0,,,
260519_2dsweep_1p5cell,sim,06_2_TDS-KyhlTune-260519_91.s2p,,S22,f_pi2,sim,dispersion_mode_1,2.8774448751896,2.87744,-4.875189600017649e-06,-3.0880317921138963e-06,3.789155051564543,touchstone_ri,2.8774448751896,1.0,,,
260519_2dsweep_1p5cell,sim,06_2_TDS-KyhlTune-260519_92.s2p,,S11,f_pi2,sim,dispersion_mode_1,2.8774448751896,2.87744,-4.875189600017649e-06,-1.0874826673841412e-05,-67.26717054015589,touchstone_ri,2.8774448751896,1.0,,,
260519_2dsweep_1p5cell,sim,06_2_TDS-KyhlTune-260519_92.s2p,,S12,f_pi2,sim,dispersion_mode_1,2.8774448751896,2.87744,-4.875189600017649e-06,-60.44099975976476,57.80225806881839,touchstone_ri,2.8774448751896,1.0,,,
260519_2dsweep_1p5cell,sim,06_2_TDS-KyhlTune-260519_92.s2p,,S21,f_pi2,sim,dispersion_mode_1,2.8774448751896,2.87744,-4.875189600017649e-06,-60.43793705359594,57.765098989440396,touchstone_ri,2.8774448751896,1.0,,,
260519_2dsweep_1p5cell,sim,06_2_TDS-KyhlTune-260519_92.s2p,,S22,f_pi2,sim,dispersion_mode_1,2.8774448751896,2.87744,-4.875189600017649e-06,-1.341571032771132e-05,2.7597236481934577,touchstone_ri,2.8774448751896,1.0,,,
260519_2dsweep_1p5cell,sim,06_2_TDS-KyhlTune-260519_93.s2p,,S11,f_pi2,sim,dispersion_mode_1,2.8774448751896,2.87744,-4.875189600017649e-06,-1.196700991048715e-05,-69.4974050879933,touchstone_ri,2.8774448751896,1.0,,,
260519_2dsweep_1p5cell,sim,06_2_TDS-KyhlTune-260519_93.s2p,,S12,f_pi2,sim,dispersion_mode_1,2.8774448751896,2.87744,-4.875189600017649e-06,-60.671581296262744,57.34927361576524,touchstone_ri,2.8774448751896,1.0,,,
260519_2dsweep_1p5cell,sim,06_2_TDS-KyhlTune-260519_93.s2p,,S21,f_pi2,sim,dispersion_mode_1,2.8774448751896,2.87744,-4.875189600017649e-06,-60.542693845600944,56.139173939604056,touchstone_ri,2.8774448751896,1.0,,,
260519_2dsweep_1p5cell,sim,06_2_TDS-KyhlTune-260519_93.s2p,,S22,f_pi2,sim,dispersion_mode_1,2.8774448751896,2.87744,-4.875189600017649e-06,-2.6183322632861013e-06,1.8660938904079793,touchstone_ri,2.8774448751896,1.0,,,
260519_2dsweep_1p5cell,sim,06_2_TDS-KyhlTune-260519_94.s2p,,S11,f_pi2,sim,dispersion_mode_1,2.8774448751896,2.87744,-4.875189600017649e-06,-9.619537070391304e-05,-72.14171075174403,touchstone_ri,2.8774448751896,1.0,,,
260519_2dsweep_1p5cell,sim,06_2_TDS-KyhlTune-260519_94.s2p,,S12,f_pi2,sim,dispersion_mode_1,2.8774448751896,2.87744,-4.875189600017649e-06,-58.557817067413744,56.541536380020005,touchstone_ri,2.8774448751896,1.0,,,
260519_2dsweep_1p5cell,sim,06_2_TDS-KyhlTune-260519_94.s2p,,S21,f_pi2,sim,dispersion_mode_1,2.8774448751896,2.87744,-4.875189600017649e-06,-58.666550399537,54.35993956712254,touchstone_ri,2.8774448751896,1.0,,,
260519_2dsweep_1p5cell,sim,06_2_TDS-KyhlTune-260519_94.s2p,,S22,f_pi2,sim,dispersion_mode_1,2.8774448751896,2.87744,-4.875189600017649e-06,-6.740280238153792e-06,1.0343611662058687,touchstone_ri,2.8774448751896,1.0,,,
260519_2dsweep_1p5cell,sim,06_2_TDS-KyhlTune-260519_95.s2p,,S11,f_pi2,sim,dispersion_mode_1,2.8774448751896,2.87744,-4.875189600017649e-06,-1.2314496940449224e-05,-74.4255772768347,touchstone_ri,2.8774448751896,1.0,,,
260519_2dsweep_1p5cell,sim,06_2_TDS-KyhlTune-260519_95.s2p,,S12,f_pi2,sim,dispersion_mode_1,2.8774448751896,2.87744,-4.875189600017649e-06,-60.55049315026584,53.14469065978631,touchstone_ri,2.8774448751896,1.0,,,
260519_2dsweep_1p5cell,sim,06_2_TDS-KyhlTune-260519_95.s2p,,S21,f_pi2,sim,dispersion_mode_1,2.8774448751896,2.87744,-4.875189600017649e-06,-60.449690018269244,53.36676296975527,touchstone_ri,2.8774448751896,1.0,,,
260519_2dsweep_1p5cell,sim,06_2_TDS-KyhlTune-260519_95.s2p,,S22,f_pi2,sim,dispersion_mode_1,2.8774448751896,2.87744,-4.875189600017649e-06,-0.00019477377607514504,0.26981824083241246,touchstone_ri,2.8774448751896,1.0,,,
260519_2dsweep_1p5cell,sim,06_2_TDS-KyhlTune-260519_96.s2p,,S11,f_pi2,sim,dispersion_mode_1,2.8774448751896,2.87744,-4.875189600017649e-06,4.56781690342128e-05,-77.38381880481519,touchstone_ri,2.8774448751896,1.0,,,
260519_2dsweep_1p5cell,sim,06_2_TDS-KyhlTune-260519_96.s2p,,S12,f_pi2,sim,dispersion_mode_1,2.8774448751896,2.87744,-4.875189600017649e-06,-59.75976893607491,50.194541889764764,touchstone_ri,2.8774448751896,1.0,,,
260519_2dsweep_1p5cell,sim,06_2_TDS-KyhlTune-260519_96.s2p,,S21,f_pi2,sim,dispersion_mode_1,2.8774448751896,2.87744,-4.875189600017649e-06,-59.680180660316935,51.11016259645187,touchstone_ri,2.8774448751896,1.0,,,
260519_2dsweep_1p5cell,sim,06_2_TDS-KyhlTune-260519_96.s2p,,S22,f_pi2,sim,dispersion_mode_1,2.8774448751896,2.87744,-4.875189600017649e-06,-4.372326387838368e-06,-0.4058445339086846,touchstone_ri,2.8774448751896,1.0,,,
260519_2dsweep_1p5cell,sim,06_2_TDS-KyhlTune-260519_97.s2p,,S11,f_pi2,sim,dispersion_mode_1,2.8774448751896,2.87744,-4.875189600017649e-06,-0.0002517544908658309,-80.45725362302603,touchstone_ri,2.8774448751896,1.0,,,
260519_2dsweep_1p5cell,sim,06_2_TDS-KyhlTune-260519_97.s2p,,S12,f_pi2,sim,dispersion_mode_1,2.8774448751896,2.87744,-4.875189600017649e-06,-58.748504837718436,49.65498676451378,touchstone_ri,2.8774448751896,1.0,,,
260519_2dsweep_1p5cell,sim,06_2_TDS-KyhlTune-260519_97.s2p,,S21,f_pi2,sim,dispersion_mode_1,2.8774448751896,2.87744,-4.875189600017649e-06,-58.954941775101034,49.043011692158935,touchstone_ri,2.8774448751896,1.0,,,
260519_2dsweep_1p5cell,sim,06_2_TDS-KyhlTune-260519_97.s2p,,S22,f_pi2,sim,dispersion_mode_1,2.8774448751896,2.87744,-4.875189600017649e-06,-1.2386391968744815e-05,-1.0735900602833572,touchstone_ri,2.8774448751896,1.0,,,
260519_2dsweep_1p5cell,sim,06_2_TDS-KyhlTune-260519_98.s2p,,S11,f_pi2,sim,dispersion_mode_1,2.8774448751896,2.87744,-4.875189600017649e-06,-0.00028383791247773264,-83.67268464981855,touchstone_ri,2.8774448751896,1.0,,,
260519_2dsweep_1p5cell,sim,06_2_TDS-KyhlTune-260519_98.s2p,,S12,f_pi2,sim,dispersion_mode_1,2.8774448751896,2.87744,-4.875189600017649e-06,-59.30508254760069,47.34156187890729,touchstone_ri,2.8774448751896,1.0,,,
260519_2dsweep_1p5cell,sim,06_2_TDS-KyhlTune-260519_98.s2p,,S21,f_pi2,sim,dispersion_mode_1,2.8774448751896,2.87744,-4.875189600017649e-06,-59.22381856785119,47.1184863212737,touchstone_ri,2.8774448751896,1.0,,,
260519_2dsweep_1p5cell,sim,06_2_TDS-KyhlTune-260519_98.s2p,,S22,f_pi2,sim,dispersion_mode_1,2.8774448751896,2.87744,-4.875189600017649e-06,-4.112559950810706e-06,-1.675358740876319,touchstone_ri,2.8774448751896,1.0,,,
260519_2dsweep_1p5cell,sim,06_2_TDS-KyhlTune-260519_99.s2p,,S11,f_pi2,sim,dispersion_mode_1,2.8774448751896,2.87744,-4.875189600017649e-06,-7.508218466422348e-06,-87.13400061875065,touchstone_ri,2.8774448751896,1.0,,,
260519_2dsweep_1p5cell,sim,06_2_TDS-KyhlTune-260519_99.s2p,,S12,f_pi2,sim,dispersion_mode_1,2.8774448751896,2.87744,-4.875189600017649e-06,-57.78131615250289,45.36675295165691,touchstone_ri,2.8774448751896,1.0,,,
260519_2dsweep_1p5cell,sim,06_2_TDS-KyhlTune-260519_99.s2p,,S21,f_pi2,sim,dispersion_mode_1,2.8774448751896,2.87744,-4.875189600017649e-06,-57.78119600168494,45.32550489720645,touchstone_ri,2.8774448751896,1.0,,,
260519_2dsweep_1p5cell,sim,06_2_TDS-KyhlTune-260519_99.s2p,,S22,f_pi2,sim,dispersion_mode_1,2.8774448751896,2.87744,-4.875189600017649e-06,-7.529042754214684e-06,-2.197307634258855,touchstone_ri,2.8774448751896,1.0,,,
